"HITId","HITTypeId","Title","Description","Keywords","Reward","CreationTime","MaxAssignments","RequesterAnnotation","AssignmentDurationInSeconds","AutoApprovalDelayInSeconds","Expiration","NumberOfSimilarHITs","LifetimeInSeconds","AssignmentId","WorkerId","AssignmentStatus","AcceptTime","SubmitTime","AutoApprovalTime","ApprovalTime","RejectionTime","RequesterFeedback","WorkTimeInSeconds","LifetimeApprovalRate","Last30DaysApprovalRate","Last7DaysApprovalRate","Input.q1_name","Input.q1_natural_url","Input.q1_tactile_url","Input.q1_answer","Input.q2_name","Input.q2_natural_url","Input.q2_tactile_url","Input.q2_answer","Input.q3_name","Input.q3_natural_url","Input.q3_tactile_url","Input.q3_answer","Input.q4_name","Input.q4_natural_url","Input.q4_tactile_url","Input.q4_answer","Input.q5_name","Input.q5_natural_url","Input.q5_tactile_url","Input.q5_answer","Input.q6_name","Input.q6_natural_url","Input.q6_tactile_url","Input.q6_answer","Input.q7_name","Input.q7_natural_url","Input.q7_tactile_url","Input.q7_answer","Input.q8_name","Input.q8_natural_url","Input.q8_tactile_url","Input.q8_answer","Input.q9_name","Input.q9_natural_url","Input.q9_tactile_url","Input.q9_answer","Input.q10_name","Input.q10_natural_url","Input.q10_tactile_url","Input.q10_answer","Answer.taskAnswers","Approve","Reject"
"3MQY1YVHTVYAEBHH63LAWLYXE9EB29","3BHRGUFAI0A6J7Y48A1RI398KZYCSF","Categorize images based on object's view.","Review 10 animal’s line-arts and judge if it has same or different views. Identify view for each tactile. (10 pairs)","tactile, image review, accessibility, animals","$0.05","Tue Mar 03 20:32:21 PST 2026","7","BatchId:5376447;OriginalHitTemplateId:928390873;","3600","2592000","Mon Mar 23 21:32:21 PDT 2026","","","3N1FSUEFMYEFI6SHEF058AFOT5RD4S","A1MYCZT6OX9G20","Submitted","Tue Mar 03 20:37:41 PST 2026","Tue Mar 03 20:41:35 PST 2026","Thu Apr 02 21:41:35 PDT 2026","","","","234","100% (9/9)","0% (0/0)","0% (0/0)","Penguin","https://f1qv-main-data.s3.us-east-1.amazonaws.com/amt/main_task_F1QV/Penguin/Natural/10.jpg","https://f1qv-main-data.s3.us-east-1.amazonaws.com/amt/main_task_F1QV/Penguin/Tactile/10.jpeg","","Bird","https://f1qv-main-data.s3.us-east-1.amazonaws.com/amt/main_task_F1QV/Bird/Natural/11_Bird.png","https://f1qv-main-data.s3.us-east-1.amazonaws.com/amt/main_task_F1QV/Bird/Tactile/11.jpg","","Rabbit","https://f1qv-main-data.s3.us-east-1.amazonaws.com/amt/main_task_F1QV/Rabbit/Natural/6.png","https://f1qv-main-data.s3.us-east-1.amazonaws.com/amt/main_task_F1QV/Rabbit/Tactile/6.jpg","","Duck","https://f1qv-main-data.s3.us-east-1.amazonaws.com/amt/main_task_F1QV/Duck/Natural/8_Duck_Edited.jpg","https://f1qv-main-data.s3.us-east-1.amazonaws.com/amt/main_task_F1QV/Duck/Tactile/8.jpg","","Teddy Bear","https://f1qv-main-data.s3.us-east-1.amazonaws.com/amt/main_task_F1QV/Teddy Bear/Natural/2.jpg","https://f1qv-main-data.s3.us-east-1.amazonaws.com/amt/main_task_F1QV/Teddy Bear/Tactile/2.jpeg","","Crab","https://f1qv-main-data.s3.us-east-1.amazonaws.com/amt/main_task_F1QV/Crab/Natural/Crab_9.jpg","https://f1qv-main-data.s3.us-east-1.amazonaws.com/amt/main_task_F1QV/Crab/Tactile/9.jpeg","","Rabbit","https://f1qv-main-data.s3.us-east-1.amazonaws.com/amt/main_task_F1QV/Rabbit/Natural/3.png","https://f1qv-main-data.s3.us-east-1.amazonaws.com/amt/main_task_F1QV/Rabbit/Tactile/3.jpg","","Crab","https://f1qv-main-data.s3.us-east-1.amazonaws.com/amt/main_task_F1QV/Crab/Natural/Crab_4.jpg","https://f1qv-main-data.s3.us-east-1.amazonaws.com/amt/main_task_F1QV/Crab/Tactile/4.jpeg","","Elephant","https://f1qv-main-data.s3.us-east-1.amazonaws.com/amt/main_task_F1QV/Elephant/Natural/7_Elephant.jpeg","https://f1qv-main-data.s3.us-east-1.amazonaws.com/amt/main_task_F1QV/Elephant/Tactile/7.jpg","","Fox","https://f1qv-main-data.s3.us-east-1.amazonaws.com/amt/main_task_F1QV/Fox/Natural/Fox_13.jpg","https://f1qv-main-data.s3.us-east-1.amazonaws.com/amt/main_task_F1QV/Fox/Tactile/13.jpg","","[{""question1"":{""angle_match"":false,""view_frontal"":true,""view_perspective"":false,""view_side"":false,""view_top"":false},""question10"":{""angle_match"":true,""view_frontal"":false,""view_perspective"":false,""view_side"":true,""view_top"":false},""question2"":{""angle_match"":true,""view_frontal"":false,""view_perspective"":false,""view_side"":true,""view_top"":false},""question3"":{""angle_match"":true,""view_frontal"":false,""view_perspective"":false,""view_side"":true,""view_top"":false},""question4"":{""angle_match"":true,""view_frontal"":false,""view_perspective"":false,""view_side"":true,""view_top"":false},""question5"":{""angle_match"":true,""view_frontal"":true,""view_perspective"":false,""view_side"":false,""view_top"":false},""question6"":{""angle_match"":true,""view_frontal"":false,""view_perspective"":false,""view_side"":false,""view_top"":true},""question7"":{""angle_match"":true,""view_frontal"":false,""view_perspective"":false,""view_side"":true,""view_top"":false},""question8"":{""angle_match"":true,""view_frontal"":false,""view_perspective"":false,""view_side"":false,""view_top"":true},""question9"":{""angle_match"":false,""view_frontal"":false,""view_perspective"":true,""view_side"":false,""view_top"":false}}]"
"3MQY1YVHTVYAEBHH63LAWLYXE9EB29","3BHRGUFAI0A6J7Y48A1RI398KZYCSF","Categorize images based on object's view.","Review 10 animal’s line-arts and judge if it has same or different views. Identify view for each tactile. (10 pairs)","tactile, image review, accessibility, animals","$0.05","Tue Mar 03 20:32:21 PST 2026","7","BatchId:5376447;OriginalHitTemplateId:928390873;","3600","2592000","Mon Mar 23 21:32:21 PDT 2026","","","3NLZY2D54I355N37PT56UQOYY7ILQ7","A1E8TZHMLQMG4L","Submitted","Tue Mar 03 20:45:00 PST 2026","Tue Mar 03 20:49:37 PST 2026","Thu Apr 02 21:49:37 PDT 2026","","","","277","100% (22/22)","0% (0/0)","0% (0/0)","Penguin","https://f1qv-main-data.s3.us-east-1.amazonaws.com/amt/main_task_F1QV/Penguin/Natural/10.jpg","https://f1qv-main-data.s3.us-east-1.amazonaws.com/amt/main_task_F1QV/Penguin/Tactile/10.jpeg","","Bird","https://f1qv-main-data.s3.us-east-1.amazonaws.com/amt/main_task_F1QV/Bird/Natural/11_Bird.png","https://f1qv-main-data.s3.us-east-1.amazonaws.com/amt/main_task_F1QV/Bird/Tactile/11.jpg","","Rabbit","https://f1qv-main-data.s3.us-east-1.amazonaws.com/amt/main_task_F1QV/Rabbit/Natural/6.png","https://f1qv-main-data.s3.us-east-1.amazonaws.com/amt/main_task_F1QV/Rabbit/Tactile/6.jpg","","Duck","https://f1qv-main-data.s3.us-east-1.amazonaws.com/amt/main_task_F1QV/Duck/Natural/8_Duck_Edited.jpg","https://f1qv-main-data.s3.us-east-1.amazonaws.com/amt/main_task_F1QV/Duck/Tactile/8.jpg","","Teddy Bear","https://f1qv-main-data.s3.us-east-1.amazonaws.com/amt/main_task_F1QV/Teddy Bear/Natural/2.jpg","https://f1qv-main-data.s3.us-east-1.amazonaws.com/amt/main_task_F1QV/Teddy Bear/Tactile/2.jpeg","","Crab","https://f1qv-main-data.s3.us-east-1.amazonaws.com/amt/main_task_F1QV/Crab/Natural/Crab_9.jpg","https://f1qv-main-data.s3.us-east-1.amazonaws.com/amt/main_task_F1QV/Crab/Tactile/9.jpeg","","Rabbit","https://f1qv-main-data.s3.us-east-1.amazonaws.com/amt/main_task_F1QV/Rabbit/Natural/3.png","https://f1qv-main-data.s3.us-east-1.amazonaws.com/amt/main_task_F1QV/Rabbit/Tactile/3.jpg","","Crab","https://f1qv-main-data.s3.us-east-1.amazonaws.com/amt/main_task_F1QV/Crab/Natural/Crab_4.jpg","https://f1qv-main-data.s3.us-east-1.amazonaws.com/amt/main_task_F1QV/Crab/Tactile/4.jpeg","","Elephant","https://f1qv-main-data.s3.us-east-1.amazonaws.com/amt/main_task_F1QV/Elephant/Natural/7_Elephant.jpeg","https://f1qv-main-data.s3.us-east-1.amazonaws.com/amt/main_task_F1QV/Elephant/Tactile/7.jpg","","Fox","https://f1qv-main-data.s3.us-east-1.amazonaws.com/amt/main_task_F1QV/Fox/Natural/Fox_13.jpg","https://f1qv-main-data.s3.us-east-1.amazonaws.com/amt/main_task_F1QV/Fox/Tactile/13.jpg","","[{""question1"":{""angle_match"":true,""view_frontal"":false,""view_perspective"":false,""view_side"":true,""view_top"":false},""question10"":{""angle_match"":true,""view_frontal"":false,""view_perspective"":false,""view_side"":true,""view_top"":false},""question2"":{""angle_match"":true,""view_frontal"":false,""view_perspective"":false,""view_side"":true,""view_top"":false},""question3"":{""angle_match"":true,""view_frontal"":false,""view_perspective"":false,""view_side"":true,""view_top"":false},""question4"":{""angle_match"":true,""view_frontal"":false,""view_perspective"":false,""view_side"":true,""view_top"":false},""question5"":{""angle_match"":true,""view_frontal"":false,""view_perspective"":false,""view_side"":true,""view_top"":false},""question6"":{""angle_match"":true,""view_frontal"":false,""view_perspective"":false,""view_side"":false,""view_top"":false},""question7"":{""angle_match"":true,""view_frontal"":false,""view_perspective"":false,""view_side"":false,""view_top"":false},""question8"":{""angle_match"":true,""view_frontal"":false,""view_perspective"":false,""view_side"":true,""view_top"":false},""question9"":{""angle_match"":true,""view_frontal"":false,""view_perspective"":false,""view_side"":true,""view_top"":false}}]"
"3MQY1YVHTVYAEBHH63LAWLYXE9EB29","3BHRGUFAI0A6J7Y48A1RI398KZYCSF","Categorize images based on object's view.","Review 10 animal’s line-arts and judge if it has same or different views. Identify view for each tactile. (10 pairs)","tactile, image review, accessibility, animals","$0.05","Tue Mar 03 20:32:21 PST 2026","7","BatchId:5376447;OriginalHitTemplateId:928390873;","3600","2592000","Mon Mar 23 21:32:21 PDT 2026","","","3LS2AMNW684DB8642LLYM7SSTCLQOR","A3CWVU18V57686","Submitted","Tue Mar 03 20:42:37 PST 2026","Tue Mar 03 21:04:06 PST 2026","Thu Apr 02 22:04:06 PDT 2026","","","","1289","0% (0/0)","0% (0/0)","0% (0/0)","Penguin","https://f1qv-main-data.s3.us-east-1.amazonaws.com/amt/main_task_F1QV/Penguin/Natural/10.jpg","https://f1qv-main-data.s3.us-east-1.amazonaws.com/amt/main_task_F1QV/Penguin/Tactile/10.jpeg","","Bird","https://f1qv-main-data.s3.us-east-1.amazonaws.com/amt/main_task_F1QV/Bird/Natural/11_Bird.png","https://f1qv-main-data.s3.us-east-1.amazonaws.com/amt/main_task_F1QV/Bird/Tactile/11.jpg","","Rabbit","https://f1qv-main-data.s3.us-east-1.amazonaws.com/amt/main_task_F1QV/Rabbit/Natural/6.png","https://f1qv-main-data.s3.us-east-1.amazonaws.com/amt/main_task_F1QV/Rabbit/Tactile/6.jpg","","Duck","https://f1qv-main-data.s3.us-east-1.amazonaws.com/amt/main_task_F1QV/Duck/Natural/8_Duck_Edited.jpg","https://f1qv-main-data.s3.us-east-1.amazonaws.com/amt/main_task_F1QV/Duck/Tactile/8.jpg","","Teddy Bear","https://f1qv-main-data.s3.us-east-1.amazonaws.com/amt/main_task_F1QV/Teddy Bear/Natural/2.jpg","https://f1qv-main-data.s3.us-east-1.amazonaws.com/amt/main_task_F1QV/Teddy Bear/Tactile/2.jpeg","","Crab","https://f1qv-main-data.s3.us-east-1.amazonaws.com/amt/main_task_F1QV/Crab/Natural/Crab_9.jpg","https://f1qv-main-data.s3.us-east-1.amazonaws.com/amt/main_task_F1QV/Crab/Tactile/9.jpeg","","Rabbit","https://f1qv-main-data.s3.us-east-1.amazonaws.com/amt/main_task_F1QV/Rabbit/Natural/3.png","https://f1qv-main-data.s3.us-east-1.amazonaws.com/amt/main_task_F1QV/Rabbit/Tactile/3.jpg","","Crab","https://f1qv-main-data.s3.us-east-1.amazonaws.com/amt/main_task_F1QV/Crab/Natural/Crab_4.jpg","https://f1qv-main-data.s3.us-east-1.amazonaws.com/amt/main_task_F1QV/Crab/Tactile/4.jpeg","","Elephant","https://f1qv-main-data.s3.us-east-1.amazonaws.com/amt/main_task_F1QV/Elephant/Natural/7_Elephant.jpeg","https://f1qv-main-data.s3.us-east-1.amazonaws.com/amt/main_task_F1QV/Elephant/Tactile/7.jpg","","Fox","https://f1qv-main-data.s3.us-east-1.amazonaws.com/amt/main_task_F1QV/Fox/Natural/Fox_13.jpg","https://f1qv-main-data.s3.us-east-1.amazonaws.com/amt/main_task_F1QV/Fox/Tactile/13.jpg","","[{""question1"":{""angle_match"":true,""view_frontal"":false,""view_perspective"":false,""view_side"":true,""view_top"":false},""question10"":{""angle_match"":true,""view_frontal"":false,""view_perspective"":false,""view_side"":true,""view_top"":false},""question2"":{""angle_match"":true,""view_frontal"":false,""view_perspective"":false,""view_side"":true,""view_top"":false},""question3"":{""angle_match"":true,""view_frontal"":false,""view_perspective"":false,""view_side"":true,""view_top"":false},""question4"":{""angle_match"":true,""view_frontal"":false,""view_perspective"":false,""view_side"":true,""view_top"":false},""question5"":{""angle_match"":true,""view_frontal"":false,""view_perspective"":false,""view_side"":true,""view_top"":false},""question6"":{""angle_match"":false,""view_frontal"":false,""view_perspective"":false,""view_side"":false,""view_top"":true},""question7"":{""angle_match"":true,""view_frontal"":false,""view_perspective"":false,""view_side"":true,""view_top"":false},""question8"":{""angle_match"":false,""view_frontal"":false,""view_perspective"":false,""view_side"":false,""view_top"":true},""question9"":{""angle_match"":true,""view_frontal"":false,""view_perspective"":false,""view_side"":true,""view_top"":false}}]"
"3MQY1YVHTVYAEBHH63LAWLYXE9EB29","3BHRGUFAI0A6J7Y48A1RI398KZYCSF","Categorize images based on object's view.","Review 10 animal’s line-arts and judge if it has same or different views. Identify view for each tactile. (10 pairs)","tactile, image review, accessibility, animals","$0.05","Tue Mar 03 20:32:21 PST 2026","7","BatchId:5376447;OriginalHitTemplateId:928390873;","3600","2592000","Mon Mar 23 21:32:21 PDT 2026","","","3J2UYBXQREQZY9V1LR5PQ1FJV8V06G","A10XLF9Z0J3HN0","Submitted","Tue Mar 03 21:02:26 PST 2026","Tue Mar 03 21:04:31 PST 2026","Thu Apr 02 22:04:31 PDT 2026","","","","125","0% (0/0)","0% (0/0)","0% (0/0)","Penguin","https://f1qv-main-data.s3.us-east-1.amazonaws.com/amt/main_task_F1QV/Penguin/Natural/10.jpg","https://f1qv-main-data.s3.us-east-1.amazonaws.com/amt/main_task_F1QV/Penguin/Tactile/10.jpeg","","Bird","https://f1qv-main-data.s3.us-east-1.amazonaws.com/amt/main_task_F1QV/Bird/Natural/11_Bird.png","https://f1qv-main-data.s3.us-east-1.amazonaws.com/amt/main_task_F1QV/Bird/Tactile/11.jpg","","Rabbit","https://f1qv-main-data.s3.us-east-1.amazonaws.com/amt/main_task_F1QV/Rabbit/Natural/6.png","https://f1qv-main-data.s3.us-east-1.amazonaws.com/amt/main_task_F1QV/Rabbit/Tactile/6.jpg","","Duck","https://f1qv-main-data.s3.us-east-1.amazonaws.com/amt/main_task_F1QV/Duck/Natural/8_Duck_Edited.jpg","https://f1qv-main-data.s3.us-east-1.amazonaws.com/amt/main_task_F1QV/Duck/Tactile/8.jpg","","Teddy Bear","https://f1qv-main-data.s3.us-east-1.amazonaws.com/amt/main_task_F1QV/Teddy Bear/Natural/2.jpg","https://f1qv-main-data.s3.us-east-1.amazonaws.com/amt/main_task_F1QV/Teddy Bear/Tactile/2.jpeg","","Crab","https://f1qv-main-data.s3.us-east-1.amazonaws.com/amt/main_task_F1QV/Crab/Natural/Crab_9.jpg","https://f1qv-main-data.s3.us-east-1.amazonaws.com/amt/main_task_F1QV/Crab/Tactile/9.jpeg","","Rabbit","https://f1qv-main-data.s3.us-east-1.amazonaws.com/amt/main_task_F1QV/Rabbit/Natural/3.png","https://f1qv-main-data.s3.us-east-1.amazonaws.com/amt/main_task_F1QV/Rabbit/Tactile/3.jpg","","Crab","https://f1qv-main-data.s3.us-east-1.amazonaws.com/amt/main_task_F1QV/Crab/Natural/Crab_4.jpg","https://f1qv-main-data.s3.us-east-1.amazonaws.com/amt/main_task_F1QV/Crab/Tactile/4.jpeg","","Elephant","https://f1qv-main-data.s3.us-east-1.amazonaws.com/amt/main_task_F1QV/Elephant/Natural/7_Elephant.jpeg","https://f1qv-main-data.s3.us-east-1.amazonaws.com/amt/main_task_F1QV/Elephant/Tactile/7.jpg","","Fox","https://f1qv-main-data.s3.us-east-1.amazonaws.com/amt/main_task_F1QV/Fox/Natural/Fox_13.jpg","https://f1qv-main-data.s3.us-east-1.amazonaws.com/amt/main_task_F1QV/Fox/Tactile/13.jpg","","[{""question1"":{""angle_match"":true,""view_frontal"":false,""view_perspective"":false,""view_side"":true,""view_top"":false},""question10"":{""angle_match"":true,""view_frontal"":false,""view_perspective"":false,""view_side"":true,""view_top"":false},""question2"":{""angle_match"":true,""view_frontal"":false,""view_perspective"":false,""view_side"":true,""view_top"":false},""question3"":{""angle_match"":true,""view_frontal"":false,""view_perspective"":false,""view_side"":true,""view_top"":false},""question4"":{""angle_match"":true,""view_frontal"":false,""view_perspective"":false,""view_side"":true,""view_top"":false},""question5"":{""angle_match"":true,""view_frontal"":true,""view_perspective"":false,""view_side"":false,""view_top"":false},""question6"":{""angle_match"":true,""view_frontal"":true,""view_perspective"":false,""view_side"":false,""view_top"":false},""question7"":{""angle_match"":true,""view_frontal"":false,""view_perspective"":false,""view_side"":true,""view_top"":false},""question8"":{""angle_match"":true,""view_frontal"":true,""view_perspective"":false,""view_side"":false,""view_top"":false},""question9"":{""angle_match"":true,""view_frontal"":false,""view_perspective"":false,""view_side"":true,""view_top"":false}}]"
"3MQY1YVHTVYAEBHH63LAWLYXE9EB29","3BHRGUFAI0A6J7Y48A1RI398KZYCSF","Categorize images based on object's view.","Review 10 animal’s line-arts and judge if it has same or different views. Identify view for each tactile. (10 pairs)","tactile, image review, accessibility, animals","$0.05","Tue Mar 03 20:32:21 PST 2026","7","BatchId:5376447;OriginalHitTemplateId:928390873;","3600","2592000","Mon Mar 23 21:32:21 PDT 2026","","","3MX2NQ3YD28BCV1YJKKR79OU9K4X5R","AWGGLWWAXQGN0","Submitted","Tue Mar 03 20:43:58 PST 2026","Tue Mar 03 21:07:56 PST 2026","Thu Apr 02 22:07:56 PDT 2026","","","","1438","100% (2/2)","100% (2/2)","0% (0/0)","Penguin","https://f1qv-main-data.s3.us-east-1.amazonaws.com/amt/main_task_F1QV/Penguin/Natural/10.jpg","https://f1qv-main-data.s3.us-east-1.amazonaws.com/amt/main_task_F1QV/Penguin/Tactile/10.jpeg","","Bird","https://f1qv-main-data.s3.us-east-1.amazonaws.com/amt/main_task_F1QV/Bird/Natural/11_Bird.png","https://f1qv-main-data.s3.us-east-1.amazonaws.com/amt/main_task_F1QV/Bird/Tactile/11.jpg","","Rabbit","https://f1qv-main-data.s3.us-east-1.amazonaws.com/amt/main_task_F1QV/Rabbit/Natural/6.png","https://f1qv-main-data.s3.us-east-1.amazonaws.com/amt/main_task_F1QV/Rabbit/Tactile/6.jpg","","Duck","https://f1qv-main-data.s3.us-east-1.amazonaws.com/amt/main_task_F1QV/Duck/Natural/8_Duck_Edited.jpg","https://f1qv-main-data.s3.us-east-1.amazonaws.com/amt/main_task_F1QV/Duck/Tactile/8.jpg","","Teddy Bear","https://f1qv-main-data.s3.us-east-1.amazonaws.com/amt/main_task_F1QV/Teddy Bear/Natural/2.jpg","https://f1qv-main-data.s3.us-east-1.amazonaws.com/amt/main_task_F1QV/Teddy Bear/Tactile/2.jpeg","","Crab","https://f1qv-main-data.s3.us-east-1.amazonaws.com/amt/main_task_F1QV/Crab/Natural/Crab_9.jpg","https://f1qv-main-data.s3.us-east-1.amazonaws.com/amt/main_task_F1QV/Crab/Tactile/9.jpeg","","Rabbit","https://f1qv-main-data.s3.us-east-1.amazonaws.com/amt/main_task_F1QV/Rabbit/Natural/3.png","https://f1qv-main-data.s3.us-east-1.amazonaws.com/amt/main_task_F1QV/Rabbit/Tactile/3.jpg","","Crab","https://f1qv-main-data.s3.us-east-1.amazonaws.com/amt/main_task_F1QV/Crab/Natural/Crab_4.jpg","https://f1qv-main-data.s3.us-east-1.amazonaws.com/amt/main_task_F1QV/Crab/Tactile/4.jpeg","","Elephant","https://f1qv-main-data.s3.us-east-1.amazonaws.com/amt/main_task_F1QV/Elephant/Natural/7_Elephant.jpeg","https://f1qv-main-data.s3.us-east-1.amazonaws.com/amt/main_task_F1QV/Elephant/Tactile/7.jpg","","Fox","https://f1qv-main-data.s3.us-east-1.amazonaws.com/amt/main_task_F1QV/Fox/Natural/Fox_13.jpg","https://f1qv-main-data.s3.us-east-1.amazonaws.com/amt/main_task_F1QV/Fox/Tactile/13.jpg","","[{""question1"":{""angle_match"":true,""view_frontal"":false,""view_perspective"":false,""view_side"":true,""view_top"":false},""question10"":{""angle_match"":true,""view_frontal"":true,""view_perspective"":false,""view_side"":false,""view_top"":false},""question2"":{""angle_match"":true,""view_frontal"":false,""view_perspective"":false,""view_side"":true,""view_top"":false},""question3"":{""angle_match"":true,""view_frontal"":false,""view_perspective"":false,""view_side"":true,""view_top"":false},""question4"":{""angle_match"":true,""view_frontal"":false,""view_perspective"":false,""view_side"":true,""view_top"":false},""question5"":{""angle_match"":true,""view_frontal"":false,""view_perspective"":false,""view_side"":false,""view_top"":true},""question6"":{""angle_match"":true,""view_frontal"":false,""view_perspective"":false,""view_side"":true,""view_top"":false},""question7"":{""angle_match"":true,""view_frontal"":false,""view_perspective"":false,""view_side"":true,""view_top"":false},""question8"":{""angle_match"":true,""view_frontal"":true,""view_perspective"":false,""view_side"":false,""view_top"":false},""question9"":{""angle_match"":true,""view_frontal"":false,""view_perspective"":false,""view_side"":true,""view_top"":false}}]"
"3MQY1YVHTVYAEBHH63LAWLYXE9EB29","3BHRGUFAI0A6J7Y48A1RI398KZYCSF","Categorize images based on object's view.","Review 10 animal’s line-arts and judge if it has same or different views. Identify view for each tactile. (10 pairs)","tactile, image review, accessibility, animals","$0.05","Tue Mar 03 20:32:21 PST 2026","7","BatchId:5376447;OriginalHitTemplateId:928390873;","3600","2592000","Mon Mar 23 21:32:21 PDT 2026","","","3ZWFC4W1VNLJHW8BGXR843TJXXWRF7","A2V3XARMPINRM8","Submitted","Tue Mar 03 20:42:34 PST 2026","Tue Mar 03 21:08:58 PST 2026","Thu Apr 02 22:08:58 PDT 2026","","","","1584","100% (1/1)","100% (1/1)","100% (1/1)","Penguin","https://f1qv-main-data.s3.us-east-1.amazonaws.com/amt/main_task_F1QV/Penguin/Natural/10.jpg","https://f1qv-main-data.s3.us-east-1.amazonaws.com/amt/main_task_F1QV/Penguin/Tactile/10.jpeg","","Bird","https://f1qv-main-data.s3.us-east-1.amazonaws.com/amt/main_task_F1QV/Bird/Natural/11_Bird.png","https://f1qv-main-data.s3.us-east-1.amazonaws.com/amt/main_task_F1QV/Bird/Tactile/11.jpg","","Rabbit","https://f1qv-main-data.s3.us-east-1.amazonaws.com/amt/main_task_F1QV/Rabbit/Natural/6.png","https://f1qv-main-data.s3.us-east-1.amazonaws.com/amt/main_task_F1QV/Rabbit/Tactile/6.jpg","","Duck","https://f1qv-main-data.s3.us-east-1.amazonaws.com/amt/main_task_F1QV/Duck/Natural/8_Duck_Edited.jpg","https://f1qv-main-data.s3.us-east-1.amazonaws.com/amt/main_task_F1QV/Duck/Tactile/8.jpg","","Teddy Bear","https://f1qv-main-data.s3.us-east-1.amazonaws.com/amt/main_task_F1QV/Teddy Bear/Natural/2.jpg","https://f1qv-main-data.s3.us-east-1.amazonaws.com/amt/main_task_F1QV/Teddy Bear/Tactile/2.jpeg","","Crab","https://f1qv-main-data.s3.us-east-1.amazonaws.com/amt/main_task_F1QV/Crab/Natural/Crab_9.jpg","https://f1qv-main-data.s3.us-east-1.amazonaws.com/amt/main_task_F1QV/Crab/Tactile/9.jpeg","","Rabbit","https://f1qv-main-data.s3.us-east-1.amazonaws.com/amt/main_task_F1QV/Rabbit/Natural/3.png","https://f1qv-main-data.s3.us-east-1.amazonaws.com/amt/main_task_F1QV/Rabbit/Tactile/3.jpg","","Crab","https://f1qv-main-data.s3.us-east-1.amazonaws.com/amt/main_task_F1QV/Crab/Natural/Crab_4.jpg","https://f1qv-main-data.s3.us-east-1.amazonaws.com/amt/main_task_F1QV/Crab/Tactile/4.jpeg","","Elephant","https://f1qv-main-data.s3.us-east-1.amazonaws.com/amt/main_task_F1QV/Elephant/Natural/7_Elephant.jpeg","https://f1qv-main-data.s3.us-east-1.amazonaws.com/amt/main_task_F1QV/Elephant/Tactile/7.jpg","","Fox","https://f1qv-main-data.s3.us-east-1.amazonaws.com/amt/main_task_F1QV/Fox/Natural/Fox_13.jpg","https://f1qv-main-data.s3.us-east-1.amazonaws.com/amt/main_task_F1QV/Fox/Tactile/13.jpg","","[{""question1"":{""angle_match"":true,""view_frontal"":false,""view_perspective"":false,""view_side"":true,""view_top"":false},""question10"":{""angle_match"":true,""view_frontal"":false,""view_perspective"":false,""view_side"":true,""view_top"":false},""question2"":{""angle_match"":true,""view_frontal"":false,""view_perspective"":false,""view_side"":true,""view_top"":false},""question3"":{""angle_match"":true,""view_frontal"":false,""view_perspective"":false,""view_side"":true,""view_top"":false},""question4"":{""angle_match"":true,""view_frontal"":false,""view_perspective"":false,""view_side"":true,""view_top"":false},""question5"":{""angle_match"":true,""view_frontal"":true,""view_perspective"":false,""view_side"":false,""view_top"":false},""question6"":{""angle_match"":true,""view_frontal"":true,""view_perspective"":false,""view_side"":false,""view_top"":false},""question7"":{""angle_match"":true,""view_frontal"":false,""view_perspective"":false,""view_side"":true,""view_top"":false},""question8"":{""angle_match"":true,""view_frontal"":false,""view_perspective"":false,""view_side"":false,""view_top"":true},""question9"":{""angle_match"":true,""view_frontal"":false,""view_perspective"":false,""view_side"":true,""view_top"":false}}]"
"3MQY1YVHTVYAEBHH63LAWLYXE9EB29","3BHRGUFAI0A6J7Y48A1RI398KZYCSF","Categorize images based on object's view.","Review 10 animal’s line-arts and judge if it has same or different views. Identify view for each tactile. (10 pairs)","tactile, image review, accessibility, animals","$0.05","Tue Mar 03 20:32:21 PST 2026","7","BatchId:5376447;OriginalHitTemplateId:928390873;","3600","2592000","Mon Mar 23 21:32:21 PDT 2026","","","3GD6L00D4LB1U11B4QG6T2VFQZBM18","ALJH5865ISWT1","Submitted","Tue Mar 03 20:39:05 PST 2026","Tue Mar 03 21:35:17 PST 2026","Thu Apr 02 22:35:17 PDT 2026","","","","3372","100% (2/2)","100% (2/2)","0% (0/0)","Penguin","https://f1qv-main-data.s3.us-east-1.amazonaws.com/amt/main_task_F1QV/Penguin/Natural/10.jpg","https://f1qv-main-data.s3.us-east-1.amazonaws.com/amt/main_task_F1QV/Penguin/Tactile/10.jpeg","","Bird","https://f1qv-main-data.s3.us-east-1.amazonaws.com/amt/main_task_F1QV/Bird/Natural/11_Bird.png","https://f1qv-main-data.s3.us-east-1.amazonaws.com/amt/main_task_F1QV/Bird/Tactile/11.jpg","","Rabbit","https://f1qv-main-data.s3.us-east-1.amazonaws.com/amt/main_task_F1QV/Rabbit/Natural/6.png","https://f1qv-main-data.s3.us-east-1.amazonaws.com/amt/main_task_F1QV/Rabbit/Tactile/6.jpg","","Duck","https://f1qv-main-data.s3.us-east-1.amazonaws.com/amt/main_task_F1QV/Duck/Natural/8_Duck_Edited.jpg","https://f1qv-main-data.s3.us-east-1.amazonaws.com/amt/main_task_F1QV/Duck/Tactile/8.jpg","","Teddy Bear","https://f1qv-main-data.s3.us-east-1.amazonaws.com/amt/main_task_F1QV/Teddy Bear/Natural/2.jpg","https://f1qv-main-data.s3.us-east-1.amazonaws.com/amt/main_task_F1QV/Teddy Bear/Tactile/2.jpeg","","Crab","https://f1qv-main-data.s3.us-east-1.amazonaws.com/amt/main_task_F1QV/Crab/Natural/Crab_9.jpg","https://f1qv-main-data.s3.us-east-1.amazonaws.com/amt/main_task_F1QV/Crab/Tactile/9.jpeg","","Rabbit","https://f1qv-main-data.s3.us-east-1.amazonaws.com/amt/main_task_F1QV/Rabbit/Natural/3.png","https://f1qv-main-data.s3.us-east-1.amazonaws.com/amt/main_task_F1QV/Rabbit/Tactile/3.jpg","","Crab","https://f1qv-main-data.s3.us-east-1.amazonaws.com/amt/main_task_F1QV/Crab/Natural/Crab_4.jpg","https://f1qv-main-data.s3.us-east-1.amazonaws.com/amt/main_task_F1QV/Crab/Tactile/4.jpeg","","Elephant","https://f1qv-main-data.s3.us-east-1.amazonaws.com/amt/main_task_F1QV/Elephant/Natural/7_Elephant.jpeg","https://f1qv-main-data.s3.us-east-1.amazonaws.com/amt/main_task_F1QV/Elephant/Tactile/7.jpg","","Fox","https://f1qv-main-data.s3.us-east-1.amazonaws.com/amt/main_task_F1QV/Fox/Natural/Fox_13.jpg","https://f1qv-main-data.s3.us-east-1.amazonaws.com/amt/main_task_F1QV/Fox/Tactile/13.jpg","","[{""question1"":{""angle_match"":true,""view_frontal"":true,""view_perspective"":false,""view_side"":false,""view_top"":false},""question10"":{""angle_match"":true,""view_frontal"":false,""view_perspective"":false,""view_side"":true,""view_top"":false},""question2"":{""angle_match"":true,""view_frontal"":false,""view_perspective"":false,""view_side"":true,""view_top"":false},""question3"":{""angle_match"":true,""view_frontal"":false,""view_perspective"":false,""view_side"":true,""view_top"":false},""question4"":{""angle_match"":true,""view_frontal"":false,""view_perspective"":false,""view_side"":true,""view_top"":false},""question5"":{""angle_match"":true,""view_frontal"":true,""view_perspective"":false,""view_side"":false,""view_top"":false},""question6"":{""angle_match"":true,""view_frontal"":true,""view_perspective"":false,""view_side"":false,""view_top"":false},""question7"":{""angle_match"":true,""view_frontal"":false,""view_perspective"":false,""view_side"":true,""view_top"":false},""question8"":{""angle_match"":true,""view_frontal"":false,""view_perspective"":false,""view_side"":false,""view_top"":true},""question9"":{""angle_match"":true,""view_frontal"":false,""view_perspective"":false,""view_side"":true,""view_top"":false}}]"
"39O0SQZVKFL4GJVC8COVSRK97B37RY","3BHRGUFAI0A6J7Y48A1RI398KZYCSF","Categorize images based on object's view.","Review 10 animal’s line-arts and judge if it has same or different views. Identify view for each tactile. (10 pairs)","tactile, image review, accessibility, animals","$0.05","Tue Mar 03 20:32:21 PST 2026","7","BatchId:5376447;OriginalHitTemplateId:928390873;","3600","2592000","Mon Mar 23 21:32:21 PDT 2026","","","3X4JMASXDFN54LCWHIMX1H1B9810BU","A3OLY20VMA8SPJ","Submitted","Tue Mar 03 20:38:55 PST 2026","Tue Mar 03 20:44:01 PST 2026","Thu Apr 02 21:44:01 PDT 2026","","","","306","100% (15/15)","100% (15/15)","0% (0/0)","Bat","https://f1qv-main-data.s3.us-east-1.amazonaws.com/amt/main_task_F1QV/Bat/Natural/2.jpg","https://f1qv-main-data.s3.us-east-1.amazonaws.com/amt/main_task_F1QV/Bat/Tactile/2.jpeg","","Giraffe","https://f1qv-main-data.s3.us-east-1.amazonaws.com/amt/main_task_F1QV/Giraffe/Natural/10_Giraffe(2).jpg","https://f1qv-main-data.s3.us-east-1.amazonaws.com/amt/main_task_F1QV/Giraffe/Tactile/10.jpeg","","Teddy Bear","https://f1qv-main-data.s3.us-east-1.amazonaws.com/amt/main_task_F1QV/Teddy Bear/Natural/9.jpg","https://f1qv-main-data.s3.us-east-1.amazonaws.com/amt/main_task_F1QV/Teddy Bear/Tactile/9.jpeg","","Dinosaur","https://f1qv-main-data.s3.us-east-1.amazonaws.com/amt/main_task_F1QV/Dinosaur/Natural/13_Dinosaur.jpg","https://f1qv-main-data.s3.us-east-1.amazonaws.com/amt/main_task_F1QV/Dinosaur/Tactile/13.jpg","","Elephant","https://f1qv-main-data.s3.us-east-1.amazonaws.com/amt/main_task_F1QV/Elephant/Natural/2_Elephant.jpeg","https://f1qv-main-data.s3.us-east-1.amazonaws.com/amt/main_task_F1QV/Elephant/Tactile/2.jpg","","Duck","https://f1qv-main-data.s3.us-east-1.amazonaws.com/amt/main_task_F1QV/Duck/Natural/4_Duck.jpg","https://f1qv-main-data.s3.us-east-1.amazonaws.com/amt/main_task_F1QV/Duck/Tactile/4.jpg","","Bird","https://f1qv-main-data.s3.us-east-1.amazonaws.com/amt/main_task_F1QV/Bird/Natural/10_Bird.jpg","https://f1qv-main-data.s3.us-east-1.amazonaws.com/amt/main_task_F1QV/Bird/Tactile/10.png","","Bat","https://f1qv-main-data.s3.us-east-1.amazonaws.com/amt/main_task_F1QV/Bat/Natural/9.jpg","https://f1qv-main-data.s3.us-east-1.amazonaws.com/amt/main_task_F1QV/Bat/Tactile/9.jpeg","","Horse","https://f1qv-main-data.s3.us-east-1.amazonaws.com/amt/main_task_F1QV/Horse/Natural/2_Horse.jpeg","https://f1qv-main-data.s3.us-east-1.amazonaws.com/amt/main_task_F1QV/Horse/Tactile/2.jpg","","Dinosaur","https://f1qv-main-data.s3.us-east-1.amazonaws.com/amt/main_task_F1QV/Dinosaur/Natural/9_Dinosaur.jpeg","https://f1qv-main-data.s3.us-east-1.amazonaws.com/amt/main_task_F1QV/Dinosaur/Tactile/9.jpg","","[{""question1"":{""angle_match"":false,""view_frontal"":false,""view_perspective"":false,""view_side"":true,""view_top"":false},""question10"":{""angle_match"":true,""view_frontal"":false,""view_perspective"":false,""view_side"":true,""view_top"":false},""question2"":{""angle_match"":true,""view_frontal"":false,""view_perspective"":false,""view_side"":false,""view_top"":false},""question3"":{""angle_match"":false,""view_frontal"":true,""view_perspective"":false,""view_side"":false,""view_top"":false},""question4"":{""angle_match"":false,""view_frontal"":false,""view_perspective"":false,""view_side"":true,""view_top"":false},""question5"":{""angle_match"":true,""view_frontal"":false,""view_perspective"":false,""view_side"":false,""view_top"":true},""question6"":{""angle_match"":true,""view_frontal"":false,""view_perspective"":false,""view_side"":true,""view_top"":false},""question7"":{""angle_match"":true,""view_frontal"":false,""view_perspective"":false,""view_side"":true,""view_top"":false},""question8"":{""angle_match"":true,""view_frontal"":false,""view_perspective"":false,""view_side"":true,""view_top"":false},""question9"":{""angle_match"":true,""view_frontal"":false,""view_perspective"":true,""view_side"":false,""view_top"":false}}]"
"39O0SQZVKFL4GJVC8COVSRK97B37RY","3BHRGUFAI0A6J7Y48A1RI398KZYCSF","Categorize images based on object's view.","Review 10 animal’s line-arts and judge if it has same or different views. Identify view for each tactile. (10 pairs)","tactile, image review, accessibility, animals","$0.05","Tue Mar 03 20:32:21 PST 2026","7","BatchId:5376447;OriginalHitTemplateId:928390873;","3600","2592000","Mon Mar 23 21:32:21 PDT 2026","","","3UNH76FODLJYK7CEGFNF7P6PXLOMYC","AANFSTZSFMWNW","Submitted","Tue Mar 03 20:44:38 PST 2026","Tue Mar 03 20:53:47 PST 2026","Thu Apr 02 21:53:47 PDT 2026","","","","549","98% (96/98)","90% (19/21)","100% (18/18)","Bat","https://f1qv-main-data.s3.us-east-1.amazonaws.com/amt/main_task_F1QV/Bat/Natural/2.jpg","https://f1qv-main-data.s3.us-east-1.amazonaws.com/amt/main_task_F1QV/Bat/Tactile/2.jpeg","","Giraffe","https://f1qv-main-data.s3.us-east-1.amazonaws.com/amt/main_task_F1QV/Giraffe/Natural/10_Giraffe(2).jpg","https://f1qv-main-data.s3.us-east-1.amazonaws.com/amt/main_task_F1QV/Giraffe/Tactile/10.jpeg","","Teddy Bear","https://f1qv-main-data.s3.us-east-1.amazonaws.com/amt/main_task_F1QV/Teddy Bear/Natural/9.jpg","https://f1qv-main-data.s3.us-east-1.amazonaws.com/amt/main_task_F1QV/Teddy Bear/Tactile/9.jpeg","","Dinosaur","https://f1qv-main-data.s3.us-east-1.amazonaws.com/amt/main_task_F1QV/Dinosaur/Natural/13_Dinosaur.jpg","https://f1qv-main-data.s3.us-east-1.amazonaws.com/amt/main_task_F1QV/Dinosaur/Tactile/13.jpg","","Elephant","https://f1qv-main-data.s3.us-east-1.amazonaws.com/amt/main_task_F1QV/Elephant/Natural/2_Elephant.jpeg","https://f1qv-main-data.s3.us-east-1.amazonaws.com/amt/main_task_F1QV/Elephant/Tactile/2.jpg","","Duck","https://f1qv-main-data.s3.us-east-1.amazonaws.com/amt/main_task_F1QV/Duck/Natural/4_Duck.jpg","https://f1qv-main-data.s3.us-east-1.amazonaws.com/amt/main_task_F1QV/Duck/Tactile/4.jpg","","Bird","https://f1qv-main-data.s3.us-east-1.amazonaws.com/amt/main_task_F1QV/Bird/Natural/10_Bird.jpg","https://f1qv-main-data.s3.us-east-1.amazonaws.com/amt/main_task_F1QV/Bird/Tactile/10.png","","Bat","https://f1qv-main-data.s3.us-east-1.amazonaws.com/amt/main_task_F1QV/Bat/Natural/9.jpg","https://f1qv-main-data.s3.us-east-1.amazonaws.com/amt/main_task_F1QV/Bat/Tactile/9.jpeg","","Horse","https://f1qv-main-data.s3.us-east-1.amazonaws.com/amt/main_task_F1QV/Horse/Natural/2_Horse.jpeg","https://f1qv-main-data.s3.us-east-1.amazonaws.com/amt/main_task_F1QV/Horse/Tactile/2.jpg","","Dinosaur","https://f1qv-main-data.s3.us-east-1.amazonaws.com/amt/main_task_F1QV/Dinosaur/Natural/9_Dinosaur.jpeg","https://f1qv-main-data.s3.us-east-1.amazonaws.com/amt/main_task_F1QV/Dinosaur/Tactile/9.jpg","","[{""question1"":{""angle_match"":true,""view_frontal"":true,""view_perspective"":false,""view_side"":false,""view_top"":false},""question10"":{""angle_match"":true,""view_frontal"":false,""view_perspective"":false,""view_side"":false,""view_top"":true},""question2"":{""angle_match"":false,""view_frontal"":false,""view_perspective"":false,""view_side"":false,""view_top"":true},""question3"":{""angle_match"":true,""view_frontal"":false,""view_perspective"":false,""view_side"":false,""view_top"":true},""question4"":{""angle_match"":true,""view_frontal"":false,""view_perspective"":false,""view_side"":true,""view_top"":false},""question5"":{""angle_match"":true,""view_frontal"":false,""view_perspective"":false,""view_side"":false,""view_top"":true},""question6"":{""angle_match"":true,""view_frontal"":false,""view_perspective"":false,""view_side"":true,""view_top"":false},""question7"":{""angle_match"":true,""view_frontal"":false,""view_perspective"":false,""view_side"":true,""view_top"":false},""question8"":{""angle_match"":true,""view_frontal"":false,""view_perspective"":false,""view_side"":true,""view_top"":false},""question9"":{""angle_match"":true,""view_frontal"":false,""view_perspective"":false,""view_side"":true,""view_top"":false}}]"
"39O0SQZVKFL4GJVC8COVSRK97B37RY","3BHRGUFAI0A6J7Y48A1RI398KZYCSF","Categorize images based on object's view.","Review 10 animal’s line-arts and judge if it has same or different views. Identify view for each tactile. (10 pairs)","tactile, image review, accessibility, animals","$0.05","Tue Mar 03 20:32:21 PST 2026","7","BatchId:5376447;OriginalHitTemplateId:928390873;","3600","2592000","Mon Mar 23 21:32:21 PDT 2026","","","34FNN24DDFN0C0R8OG6TQNV3BQW5Y3","A33I0A28TLIR6J","Submitted","Tue Mar 03 20:40:53 PST 2026","Tue Mar 03 20:55:15 PST 2026","Thu Apr 02 21:55:15 PDT 2026","","","","862","100% (1/1)","0% (0/0)","0% (0/0)","Bat","https://f1qv-main-data.s3.us-east-1.amazonaws.com/amt/main_task_F1QV/Bat/Natural/2.jpg","https://f1qv-main-data.s3.us-east-1.amazonaws.com/amt/main_task_F1QV/Bat/Tactile/2.jpeg","","Giraffe","https://f1qv-main-data.s3.us-east-1.amazonaws.com/amt/main_task_F1QV/Giraffe/Natural/10_Giraffe(2).jpg","https://f1qv-main-data.s3.us-east-1.amazonaws.com/amt/main_task_F1QV/Giraffe/Tactile/10.jpeg","","Teddy Bear","https://f1qv-main-data.s3.us-east-1.amazonaws.com/amt/main_task_F1QV/Teddy Bear/Natural/9.jpg","https://f1qv-main-data.s3.us-east-1.amazonaws.com/amt/main_task_F1QV/Teddy Bear/Tactile/9.jpeg","","Dinosaur","https://f1qv-main-data.s3.us-east-1.amazonaws.com/amt/main_task_F1QV/Dinosaur/Natural/13_Dinosaur.jpg","https://f1qv-main-data.s3.us-east-1.amazonaws.com/amt/main_task_F1QV/Dinosaur/Tactile/13.jpg","","Elephant","https://f1qv-main-data.s3.us-east-1.amazonaws.com/amt/main_task_F1QV/Elephant/Natural/2_Elephant.jpeg","https://f1qv-main-data.s3.us-east-1.amazonaws.com/amt/main_task_F1QV/Elephant/Tactile/2.jpg","","Duck","https://f1qv-main-data.s3.us-east-1.amazonaws.com/amt/main_task_F1QV/Duck/Natural/4_Duck.jpg","https://f1qv-main-data.s3.us-east-1.amazonaws.com/amt/main_task_F1QV/Duck/Tactile/4.jpg","","Bird","https://f1qv-main-data.s3.us-east-1.amazonaws.com/amt/main_task_F1QV/Bird/Natural/10_Bird.jpg","https://f1qv-main-data.s3.us-east-1.amazonaws.com/amt/main_task_F1QV/Bird/Tactile/10.png","","Bat","https://f1qv-main-data.s3.us-east-1.amazonaws.com/amt/main_task_F1QV/Bat/Natural/9.jpg","https://f1qv-main-data.s3.us-east-1.amazonaws.com/amt/main_task_F1QV/Bat/Tactile/9.jpeg","","Horse","https://f1qv-main-data.s3.us-east-1.amazonaws.com/amt/main_task_F1QV/Horse/Natural/2_Horse.jpeg","https://f1qv-main-data.s3.us-east-1.amazonaws.com/amt/main_task_F1QV/Horse/Tactile/2.jpg","","Dinosaur","https://f1qv-main-data.s3.us-east-1.amazonaws.com/amt/main_task_F1QV/Dinosaur/Natural/9_Dinosaur.jpeg","https://f1qv-main-data.s3.us-east-1.amazonaws.com/amt/main_task_F1QV/Dinosaur/Tactile/9.jpg","","[{""question1"":{""angle_match"":true,""view_frontal"":true,""view_perspective"":false,""view_side"":false,""view_top"":false},""question10"":{""angle_match"":true,""view_frontal"":false,""view_perspective"":false,""view_side"":true,""view_top"":false},""question2"":{""angle_match"":false,""view_frontal"":false,""view_perspective"":false,""view_side"":true,""view_top"":false},""question3"":{""angle_match"":true,""view_frontal"":true,""view_perspective"":false,""view_side"":false,""view_top"":false},""question4"":{""angle_match"":true,""view_frontal"":false,""view_perspective"":false,""view_side"":true,""view_top"":false},""question5"":{""angle_match"":true,""view_frontal"":true,""view_perspective"":false,""view_side"":false,""view_top"":false},""question6"":{""angle_match"":true,""view_frontal"":false,""view_perspective"":false,""view_side"":true,""view_top"":false},""question7"":{""angle_match"":true,""view_frontal"":false,""view_perspective"":false,""view_side"":true,""view_top"":false},""question8"":{""angle_match"":true,""view_frontal"":false,""view_perspective"":false,""view_side"":true,""view_top"":false},""question9"":{""angle_match"":true,""view_frontal"":false,""view_perspective"":false,""view_side"":true,""view_top"":false}}]"
"39O0SQZVKFL4GJVC8COVSRK97B37RY","3BHRGUFAI0A6J7Y48A1RI398KZYCSF","Categorize images based on object's view.","Review 10 animal’s line-arts and judge if it has same or different views. Identify view for each tactile. (10 pairs)","tactile, image review, accessibility, animals","$0.05","Tue Mar 03 20:32:21 PST 2026","7","BatchId:5376447;OriginalHitTemplateId:928390873;","3600","2592000","Mon Mar 23 21:32:21 PDT 2026","","","3I02618YBTKNO1PMYUIIL8U762ZUPT","A3HYU8WSD2QPTK","Submitted","Tue Mar 03 21:00:21 PST 2026","Tue Mar 03 21:17:37 PST 2026","Thu Apr 02 22:17:37 PDT 2026","","","","1036","100% (15/15)","100% (15/15)","0% (0/0)","Bat","https://f1qv-main-data.s3.us-east-1.amazonaws.com/amt/main_task_F1QV/Bat/Natural/2.jpg","https://f1qv-main-data.s3.us-east-1.amazonaws.com/amt/main_task_F1QV/Bat/Tactile/2.jpeg","","Giraffe","https://f1qv-main-data.s3.us-east-1.amazonaws.com/amt/main_task_F1QV/Giraffe/Natural/10_Giraffe(2).jpg","https://f1qv-main-data.s3.us-east-1.amazonaws.com/amt/main_task_F1QV/Giraffe/Tactile/10.jpeg","","Teddy Bear","https://f1qv-main-data.s3.us-east-1.amazonaws.com/amt/main_task_F1QV/Teddy Bear/Natural/9.jpg","https://f1qv-main-data.s3.us-east-1.amazonaws.com/amt/main_task_F1QV/Teddy Bear/Tactile/9.jpeg","","Dinosaur","https://f1qv-main-data.s3.us-east-1.amazonaws.com/amt/main_task_F1QV/Dinosaur/Natural/13_Dinosaur.jpg","https://f1qv-main-data.s3.us-east-1.amazonaws.com/amt/main_task_F1QV/Dinosaur/Tactile/13.jpg","","Elephant","https://f1qv-main-data.s3.us-east-1.amazonaws.com/amt/main_task_F1QV/Elephant/Natural/2_Elephant.jpeg","https://f1qv-main-data.s3.us-east-1.amazonaws.com/amt/main_task_F1QV/Elephant/Tactile/2.jpg","","Duck","https://f1qv-main-data.s3.us-east-1.amazonaws.com/amt/main_task_F1QV/Duck/Natural/4_Duck.jpg","https://f1qv-main-data.s3.us-east-1.amazonaws.com/amt/main_task_F1QV/Duck/Tactile/4.jpg","","Bird","https://f1qv-main-data.s3.us-east-1.amazonaws.com/amt/main_task_F1QV/Bird/Natural/10_Bird.jpg","https://f1qv-main-data.s3.us-east-1.amazonaws.com/amt/main_task_F1QV/Bird/Tactile/10.png","","Bat","https://f1qv-main-data.s3.us-east-1.amazonaws.com/amt/main_task_F1QV/Bat/Natural/9.jpg","https://f1qv-main-data.s3.us-east-1.amazonaws.com/amt/main_task_F1QV/Bat/Tactile/9.jpeg","","Horse","https://f1qv-main-data.s3.us-east-1.amazonaws.com/amt/main_task_F1QV/Horse/Natural/2_Horse.jpeg","https://f1qv-main-data.s3.us-east-1.amazonaws.com/amt/main_task_F1QV/Horse/Tactile/2.jpg","","Dinosaur","https://f1qv-main-data.s3.us-east-1.amazonaws.com/amt/main_task_F1QV/Dinosaur/Natural/9_Dinosaur.jpeg","https://f1qv-main-data.s3.us-east-1.amazonaws.com/amt/main_task_F1QV/Dinosaur/Tactile/9.jpg","","[{""question1"":{""angle_match"":true,""view_frontal"":false,""view_perspective"":false,""view_side"":true,""view_top"":false},""question10"":{""angle_match"":true,""view_frontal"":false,""view_perspective"":false,""view_side"":false,""view_top"":true},""question2"":{""angle_match"":true,""view_frontal"":false,""view_perspective"":true,""view_side"":false,""view_top"":false},""question3"":{""angle_match"":true,""view_frontal"":true,""view_perspective"":false,""view_side"":false,""view_top"":false},""question4"":{""angle_match"":true,""view_frontal"":false,""view_perspective"":false,""view_side"":true,""view_top"":false},""question5"":{""angle_match"":true,""view_frontal"":true,""view_perspective"":false,""view_side"":false,""view_top"":false},""question6"":{""angle_match"":true,""view_frontal"":true,""view_perspective"":false,""view_side"":false,""view_top"":false},""question7"":{""angle_match"":true,""view_frontal"":false,""view_perspective"":false,""view_side"":true,""view_top"":false},""question8"":{""angle_match"":true,""view_frontal"":false,""view_perspective"":false,""view_side"":true,""view_top"":false},""question9"":{""angle_match"":true,""view_frontal"":false,""view_perspective"":false,""view_side"":true,""view_top"":false}}]"
"39O0SQZVKFL4GJVC8COVSRK97B37RY","3BHRGUFAI0A6J7Y48A1RI398KZYCSF","Categorize images based on object's view.","Review 10 animal’s line-arts and judge if it has same or different views. Identify view for each tactile. (10 pairs)","tactile, image review, accessibility, animals","$0.05","Tue Mar 03 20:32:21 PST 2026","7","BatchId:5376447;OriginalHitTemplateId:928390873;","3600","2592000","Mon Mar 23 21:32:21 PDT 2026","","","3IUZPWIU2HLZ5EHBG2SB7FT5X8TKW6","A2V3XARMPINRM8","Submitted","Tue Mar 03 20:43:58 PST 2026","Tue Mar 03 21:21:14 PST 2026","Thu Apr 02 22:21:14 PDT 2026","","","","2236","100% (1/1)","100% (1/1)","100% (1/1)","Bat","https://f1qv-main-data.s3.us-east-1.amazonaws.com/amt/main_task_F1QV/Bat/Natural/2.jpg","https://f1qv-main-data.s3.us-east-1.amazonaws.com/amt/main_task_F1QV/Bat/Tactile/2.jpeg","","Giraffe","https://f1qv-main-data.s3.us-east-1.amazonaws.com/amt/main_task_F1QV/Giraffe/Natural/10_Giraffe(2).jpg","https://f1qv-main-data.s3.us-east-1.amazonaws.com/amt/main_task_F1QV/Giraffe/Tactile/10.jpeg","","Teddy Bear","https://f1qv-main-data.s3.us-east-1.amazonaws.com/amt/main_task_F1QV/Teddy Bear/Natural/9.jpg","https://f1qv-main-data.s3.us-east-1.amazonaws.com/amt/main_task_F1QV/Teddy Bear/Tactile/9.jpeg","","Dinosaur","https://f1qv-main-data.s3.us-east-1.amazonaws.com/amt/main_task_F1QV/Dinosaur/Natural/13_Dinosaur.jpg","https://f1qv-main-data.s3.us-east-1.amazonaws.com/amt/main_task_F1QV/Dinosaur/Tactile/13.jpg","","Elephant","https://f1qv-main-data.s3.us-east-1.amazonaws.com/amt/main_task_F1QV/Elephant/Natural/2_Elephant.jpeg","https://f1qv-main-data.s3.us-east-1.amazonaws.com/amt/main_task_F1QV/Elephant/Tactile/2.jpg","","Duck","https://f1qv-main-data.s3.us-east-1.amazonaws.com/amt/main_task_F1QV/Duck/Natural/4_Duck.jpg","https://f1qv-main-data.s3.us-east-1.amazonaws.com/amt/main_task_F1QV/Duck/Tactile/4.jpg","","Bird","https://f1qv-main-data.s3.us-east-1.amazonaws.com/amt/main_task_F1QV/Bird/Natural/10_Bird.jpg","https://f1qv-main-data.s3.us-east-1.amazonaws.com/amt/main_task_F1QV/Bird/Tactile/10.png","","Bat","https://f1qv-main-data.s3.us-east-1.amazonaws.com/amt/main_task_F1QV/Bat/Natural/9.jpg","https://f1qv-main-data.s3.us-east-1.amazonaws.com/amt/main_task_F1QV/Bat/Tactile/9.jpeg","","Horse","https://f1qv-main-data.s3.us-east-1.amazonaws.com/amt/main_task_F1QV/Horse/Natural/2_Horse.jpeg","https://f1qv-main-data.s3.us-east-1.amazonaws.com/amt/main_task_F1QV/Horse/Tactile/2.jpg","","Dinosaur","https://f1qv-main-data.s3.us-east-1.amazonaws.com/amt/main_task_F1QV/Dinosaur/Natural/9_Dinosaur.jpeg","https://f1qv-main-data.s3.us-east-1.amazonaws.com/amt/main_task_F1QV/Dinosaur/Tactile/9.jpg","","[{""question1"":{""angle_match"":true,""view_frontal"":false,""view_perspective"":false,""view_side"":true,""view_top"":false},""question10"":{""angle_match"":true,""view_frontal"":false,""view_perspective"":false,""view_side"":false,""view_top"":true},""question2"":{""angle_match"":false,""view_frontal"":false,""view_perspective"":true,""view_side"":false,""view_top"":false},""question3"":{""angle_match"":true,""view_frontal"":true,""view_perspective"":false,""view_side"":false,""view_top"":false},""question4"":{""angle_match"":true,""view_frontal"":false,""view_perspective"":false,""view_side"":true,""view_top"":false},""question5"":{""angle_match"":true,""view_frontal"":true,""view_perspective"":false,""view_side"":false,""view_top"":false},""question6"":{""angle_match"":true,""view_frontal"":false,""view_perspective"":false,""view_side"":true,""view_top"":false},""question7"":{""angle_match"":true,""view_frontal"":false,""view_perspective"":false,""view_side"":true,""view_top"":false},""question8"":{""angle_match"":true,""view_frontal"":false,""view_perspective"":false,""view_side"":true,""view_top"":false},""question9"":{""angle_match"":true,""view_frontal"":false,""view_perspective"":false,""view_side"":true,""view_top"":false}}]"
"39O0SQZVKFL4GJVC8COVSRK97B37RY","3BHRGUFAI0A6J7Y48A1RI398KZYCSF","Categorize images based on object's view.","Review 10 animal’s line-arts and judge if it has same or different views. Identify view for each tactile. (10 pairs)","tactile, image review, accessibility, animals","$0.05","Tue Mar 03 20:32:21 PST 2026","7","BatchId:5376447;OriginalHitTemplateId:928390873;","3600","2592000","Mon Mar 23 21:32:21 PDT 2026","","","3ZAK8W07JXSK0KL2H93S67TZYT90UC","A22YCS3UW15WOO","Submitted","Tue Mar 03 20:39:52 PST 2026","Tue Mar 03 21:28:24 PST 2026","Thu Apr 02 22:28:24 PDT 2026","","","","2912","100% (60/60)","100% (12/12)","0% (0/0)","Bat","https://f1qv-main-data.s3.us-east-1.amazonaws.com/amt/main_task_F1QV/Bat/Natural/2.jpg","https://f1qv-main-data.s3.us-east-1.amazonaws.com/amt/main_task_F1QV/Bat/Tactile/2.jpeg","","Giraffe","https://f1qv-main-data.s3.us-east-1.amazonaws.com/amt/main_task_F1QV/Giraffe/Natural/10_Giraffe(2).jpg","https://f1qv-main-data.s3.us-east-1.amazonaws.com/amt/main_task_F1QV/Giraffe/Tactile/10.jpeg","","Teddy Bear","https://f1qv-main-data.s3.us-east-1.amazonaws.com/amt/main_task_F1QV/Teddy Bear/Natural/9.jpg","https://f1qv-main-data.s3.us-east-1.amazonaws.com/amt/main_task_F1QV/Teddy Bear/Tactile/9.jpeg","","Dinosaur","https://f1qv-main-data.s3.us-east-1.amazonaws.com/amt/main_task_F1QV/Dinosaur/Natural/13_Dinosaur.jpg","https://f1qv-main-data.s3.us-east-1.amazonaws.com/amt/main_task_F1QV/Dinosaur/Tactile/13.jpg","","Elephant","https://f1qv-main-data.s3.us-east-1.amazonaws.com/amt/main_task_F1QV/Elephant/Natural/2_Elephant.jpeg","https://f1qv-main-data.s3.us-east-1.amazonaws.com/amt/main_task_F1QV/Elephant/Tactile/2.jpg","","Duck","https://f1qv-main-data.s3.us-east-1.amazonaws.com/amt/main_task_F1QV/Duck/Natural/4_Duck.jpg","https://f1qv-main-data.s3.us-east-1.amazonaws.com/amt/main_task_F1QV/Duck/Tactile/4.jpg","","Bird","https://f1qv-main-data.s3.us-east-1.amazonaws.com/amt/main_task_F1QV/Bird/Natural/10_Bird.jpg","https://f1qv-main-data.s3.us-east-1.amazonaws.com/amt/main_task_F1QV/Bird/Tactile/10.png","","Bat","https://f1qv-main-data.s3.us-east-1.amazonaws.com/amt/main_task_F1QV/Bat/Natural/9.jpg","https://f1qv-main-data.s3.us-east-1.amazonaws.com/amt/main_task_F1QV/Bat/Tactile/9.jpeg","","Horse","https://f1qv-main-data.s3.us-east-1.amazonaws.com/amt/main_task_F1QV/Horse/Natural/2_Horse.jpeg","https://f1qv-main-data.s3.us-east-1.amazonaws.com/amt/main_task_F1QV/Horse/Tactile/2.jpg","","Dinosaur","https://f1qv-main-data.s3.us-east-1.amazonaws.com/amt/main_task_F1QV/Dinosaur/Natural/9_Dinosaur.jpeg","https://f1qv-main-data.s3.us-east-1.amazonaws.com/amt/main_task_F1QV/Dinosaur/Tactile/9.jpg","","[{""question1"":{""angle_match"":true,""view_frontal"":false,""view_perspective"":true,""view_side"":false,""view_top"":false},""question10"":{""angle_match"":true,""view_frontal"":false,""view_perspective"":false,""view_side"":true,""view_top"":false},""question2"":{""angle_match"":false,""view_frontal"":false,""view_perspective"":false,""view_side"":true,""view_top"":false},""question3"":{""angle_match"":false,""view_frontal"":true,""view_perspective"":false,""view_side"":false,""view_top"":false},""question4"":{""angle_match"":true,""view_frontal"":false,""view_perspective"":false,""view_side"":true,""view_top"":false},""question5"":{""angle_match"":true,""view_frontal"":true,""view_perspective"":false,""view_side"":false,""view_top"":false},""question6"":{""angle_match"":true,""view_frontal"":false,""view_perspective"":false,""view_side"":true,""view_top"":false},""question7"":{""angle_match"":true,""view_frontal"":false,""view_perspective"":false,""view_side"":true,""view_top"":false},""question8"":{""angle_match"":true,""view_frontal"":false,""view_perspective"":false,""view_side"":false,""view_top"":false},""question9"":{""angle_match"":true,""view_frontal"":false,""view_perspective"":false,""view_side"":true,""view_top"":false}}]"
"39O0SQZVKFL4GJVC8COVSRK97B37RY","3BHRGUFAI0A6J7Y48A1RI398KZYCSF","Categorize images based on object's view.","Review 10 animal’s line-arts and judge if it has same or different views. Identify view for each tactile. (10 pairs)","tactile, image review, accessibility, animals","$0.05","Tue Mar 03 20:32:21 PST 2026","7","BatchId:5376447;OriginalHitTemplateId:928390873;","3600","2592000","Mon Mar 23 21:32:21 PDT 2026","","","3PB5A5BD1OKFDDKRI3ZKH72VX1V7GI","A10XLF9Z0J3HN0","Submitted","Tue Mar 03 22:44:30 PST 2026","Tue Mar 03 22:59:59 PST 2026","Thu Apr 02 23:59:59 PDT 2026","","","","929","0% (0/0)","0% (0/0)","0% (0/0)","Bat","https://f1qv-main-data.s3.us-east-1.amazonaws.com/amt/main_task_F1QV/Bat/Natural/2.jpg","https://f1qv-main-data.s3.us-east-1.amazonaws.com/amt/main_task_F1QV/Bat/Tactile/2.jpeg","","Giraffe","https://f1qv-main-data.s3.us-east-1.amazonaws.com/amt/main_task_F1QV/Giraffe/Natural/10_Giraffe(2).jpg","https://f1qv-main-data.s3.us-east-1.amazonaws.com/amt/main_task_F1QV/Giraffe/Tactile/10.jpeg","","Teddy Bear","https://f1qv-main-data.s3.us-east-1.amazonaws.com/amt/main_task_F1QV/Teddy Bear/Natural/9.jpg","https://f1qv-main-data.s3.us-east-1.amazonaws.com/amt/main_task_F1QV/Teddy Bear/Tactile/9.jpeg","","Dinosaur","https://f1qv-main-data.s3.us-east-1.amazonaws.com/amt/main_task_F1QV/Dinosaur/Natural/13_Dinosaur.jpg","https://f1qv-main-data.s3.us-east-1.amazonaws.com/amt/main_task_F1QV/Dinosaur/Tactile/13.jpg","","Elephant","https://f1qv-main-data.s3.us-east-1.amazonaws.com/amt/main_task_F1QV/Elephant/Natural/2_Elephant.jpeg","https://f1qv-main-data.s3.us-east-1.amazonaws.com/amt/main_task_F1QV/Elephant/Tactile/2.jpg","","Duck","https://f1qv-main-data.s3.us-east-1.amazonaws.com/amt/main_task_F1QV/Duck/Natural/4_Duck.jpg","https://f1qv-main-data.s3.us-east-1.amazonaws.com/amt/main_task_F1QV/Duck/Tactile/4.jpg","","Bird","https://f1qv-main-data.s3.us-east-1.amazonaws.com/amt/main_task_F1QV/Bird/Natural/10_Bird.jpg","https://f1qv-main-data.s3.us-east-1.amazonaws.com/amt/main_task_F1QV/Bird/Tactile/10.png","","Bat","https://f1qv-main-data.s3.us-east-1.amazonaws.com/amt/main_task_F1QV/Bat/Natural/9.jpg","https://f1qv-main-data.s3.us-east-1.amazonaws.com/amt/main_task_F1QV/Bat/Tactile/9.jpeg","","Horse","https://f1qv-main-data.s3.us-east-1.amazonaws.com/amt/main_task_F1QV/Horse/Natural/2_Horse.jpeg","https://f1qv-main-data.s3.us-east-1.amazonaws.com/amt/main_task_F1QV/Horse/Tactile/2.jpg","","Dinosaur","https://f1qv-main-data.s3.us-east-1.amazonaws.com/amt/main_task_F1QV/Dinosaur/Natural/9_Dinosaur.jpeg","https://f1qv-main-data.s3.us-east-1.amazonaws.com/amt/main_task_F1QV/Dinosaur/Tactile/9.jpg","","[{""question1"":{""angle_match"":true,""view_frontal"":true,""view_perspective"":false,""view_side"":false,""view_top"":false},""question10"":{""angle_match"":true,""view_frontal"":false,""view_perspective"":false,""view_side"":true,""view_top"":false},""question2"":{""angle_match"":true,""view_frontal"":false,""view_perspective"":false,""view_side"":true,""view_top"":false},""question3"":{""angle_match"":true,""view_frontal"":false,""view_perspective"":false,""view_side"":true,""view_top"":false},""question4"":{""angle_match"":true,""view_frontal"":false,""view_perspective"":false,""view_side"":true,""view_top"":false},""question5"":{""angle_match"":true,""view_frontal"":false,""view_perspective"":false,""view_side"":true,""view_top"":false},""question6"":{""angle_match"":true,""view_frontal"":false,""view_perspective"":false,""view_side"":true,""view_top"":false},""question7"":{""angle_match"":true,""view_frontal"":false,""view_perspective"":false,""view_side"":true,""view_top"":false},""question8"":{""angle_match"":true,""view_frontal"":true,""view_perspective"":false,""view_side"":false,""view_top"":false},""question9"":{""angle_match"":true,""view_frontal"":false,""view_perspective"":false,""view_side"":true,""view_top"":false}}]"
"3TLFH2L6Z12AAXBY6PCVWF4JKGE2TQ","3BHRGUFAI0A6J7Y48A1RI398KZYCSF","Categorize images based on object's view.","Review 10 animal’s line-arts and judge if it has same or different views. Identify view for each tactile. (10 pairs)","tactile, image review, accessibility, animals","$0.05","Tue Mar 03 20:32:21 PST 2026","7","BatchId:5376447;OriginalHitTemplateId:928390873;","3600","2592000","Mon Mar 23 21:32:21 PDT 2026","","","3NGMS9VZUEWME632P2RENEF0U9MFF1","AB91OPDEOAWGJ","Submitted","Tue Mar 03 20:43:57 PST 2026","Tue Mar 03 20:47:40 PST 2026","Thu Apr 02 21:47:40 PDT 2026","","","","223","100% (17/17)","100% (4/4)","0% (0/0)","Jellyfish","https://f1qv-main-data.s3.us-east-1.amazonaws.com/amt/main_task_F1QV/Jellyfish/Natural/4.jpg","https://f1qv-main-data.s3.us-east-1.amazonaws.com/amt/main_task_F1QV/Jellyfish/Tactile/4.jpg","","Bat","https://f1qv-main-data.s3.us-east-1.amazonaws.com/amt/main_task_F1QV/Bat/Natural/7.jpg","https://f1qv-main-data.s3.us-east-1.amazonaws.com/amt/main_task_F1QV/Bat/Tactile/7.jpeg","","Dinosaur","https://f1qv-main-data.s3.us-east-1.amazonaws.com/amt/main_task_F1QV/Dinosaur/Natural/10_Dinosaur.jpg","https://f1qv-main-data.s3.us-east-1.amazonaws.com/amt/main_task_F1QV/Dinosaur/Tactile/10.jpg","","Dinosaur","https://f1qv-main-data.s3.us-east-1.amazonaws.com/amt/main_task_F1QV/Dinosaur/Natural/3_Dinosaur.jpeg","https://f1qv-main-data.s3.us-east-1.amazonaws.com/amt/main_task_F1QV/Dinosaur/Tactile/3.jpg","","Teddy Bear","https://f1qv-main-data.s3.us-east-1.amazonaws.com/amt/main_task_F1QV/Teddy Bear/Natural/13.jpg","https://f1qv-main-data.s3.us-east-1.amazonaws.com/amt/main_task_F1QV/Teddy Bear/Tactile/13.jpeg","","Rabbit","https://f1qv-main-data.s3.us-east-1.amazonaws.com/amt/main_task_F1QV/Rabbit/Natural/7.png","https://f1qv-main-data.s3.us-east-1.amazonaws.com/amt/main_task_F1QV/Rabbit/Tactile/7.jpg","","Dog","https://f1qv-main-data.s3.us-east-1.amazonaws.com/amt/main_task_F1QV/Dog/Natural/6_Dog(2).jpg","https://f1qv-main-data.s3.us-east-1.amazonaws.com/amt/main_task_F1QV/Dog/Tactile/6.png","","Fox","https://f1qv-main-data.s3.us-east-1.amazonaws.com/amt/main_task_F1QV/Fox/Natural/Fox_9.jpg","https://f1qv-main-data.s3.us-east-1.amazonaws.com/amt/main_task_F1QV/Fox/Tactile/9.jpg","","Cat","https://f1qv-main-data.s3.us-east-1.amazonaws.com/amt/main_task_F1QV/Cat/Natural/cat_4.jpeg","https://f1qv-main-data.s3.us-east-1.amazonaws.com/amt/main_task_F1QV/Cat/Tactile/4.png","","Bird","https://f1qv-main-data.s3.us-east-1.amazonaws.com/amt/main_task_F1QV/Bird/Natural/1_Bird(2).jpg","https://f1qv-main-data.s3.us-east-1.amazonaws.com/amt/main_task_F1QV/Bird/Tactile/1.jpg","","[{""question1"":{""angle_match"":true,""view_frontal"":false,""view_perspective"":false,""view_side"":true,""view_top"":false},""question10"":{""angle_match"":true,""view_frontal"":false,""view_perspective"":false,""view_side"":true,""view_top"":false},""question2"":{""angle_match"":true,""view_frontal"":true,""view_perspective"":false,""view_side"":false,""view_top"":false},""question3"":{""angle_match"":true,""view_frontal"":false,""view_perspective"":false,""view_side"":true,""view_top"":false},""question4"":{""angle_match"":true,""view_frontal"":true,""view_perspective"":false,""view_side"":false,""view_top"":false},""question5"":{""angle_match"":true,""view_frontal"":true,""view_perspective"":false,""view_side"":false,""view_top"":false},""question6"":{""angle_match"":true,""view_frontal"":false,""view_perspective"":false,""view_side"":true,""view_top"":false},""question7"":{""angle_match"":true,""view_frontal"":false,""view_perspective"":false,""view_side"":true,""view_top"":false},""question8"":{""angle_match"":true,""view_frontal"":false,""view_perspective"":false,""view_side"":true,""view_top"":false},""question9"":{""angle_match"":true,""view_frontal"":false,""view_perspective"":false,""view_side"":true,""view_top"":false}}]"
"3TLFH2L6Z12AAXBY6PCVWF4JKGE2TQ","3BHRGUFAI0A6J7Y48A1RI398KZYCSF","Categorize images based on object's view.","Review 10 animal’s line-arts and judge if it has same or different views. Identify view for each tactile. (10 pairs)","tactile, image review, accessibility, animals","$0.05","Tue Mar 03 20:32:21 PST 2026","7","BatchId:5376447;OriginalHitTemplateId:928390873;","3600","2592000","Mon Mar 23 21:32:21 PDT 2026","","","3AQF3RZ561WQVDARO9OAT82N1AJF6Y","AANFSTZSFMWNW","Submitted","Tue Mar 03 20:44:25 PST 2026","Tue Mar 03 20:51:41 PST 2026","Thu Apr 02 21:51:41 PDT 2026","","","","436","98% (96/98)","90% (19/21)","100% (18/18)","Jellyfish","https://f1qv-main-data.s3.us-east-1.amazonaws.com/amt/main_task_F1QV/Jellyfish/Natural/4.jpg","https://f1qv-main-data.s3.us-east-1.amazonaws.com/amt/main_task_F1QV/Jellyfish/Tactile/4.jpg","","Bat","https://f1qv-main-data.s3.us-east-1.amazonaws.com/amt/main_task_F1QV/Bat/Natural/7.jpg","https://f1qv-main-data.s3.us-east-1.amazonaws.com/amt/main_task_F1QV/Bat/Tactile/7.jpeg","","Dinosaur","https://f1qv-main-data.s3.us-east-1.amazonaws.com/amt/main_task_F1QV/Dinosaur/Natural/10_Dinosaur.jpg","https://f1qv-main-data.s3.us-east-1.amazonaws.com/amt/main_task_F1QV/Dinosaur/Tactile/10.jpg","","Dinosaur","https://f1qv-main-data.s3.us-east-1.amazonaws.com/amt/main_task_F1QV/Dinosaur/Natural/3_Dinosaur.jpeg","https://f1qv-main-data.s3.us-east-1.amazonaws.com/amt/main_task_F1QV/Dinosaur/Tactile/3.jpg","","Teddy Bear","https://f1qv-main-data.s3.us-east-1.amazonaws.com/amt/main_task_F1QV/Teddy Bear/Natural/13.jpg","https://f1qv-main-data.s3.us-east-1.amazonaws.com/amt/main_task_F1QV/Teddy Bear/Tactile/13.jpeg","","Rabbit","https://f1qv-main-data.s3.us-east-1.amazonaws.com/amt/main_task_F1QV/Rabbit/Natural/7.png","https://f1qv-main-data.s3.us-east-1.amazonaws.com/amt/main_task_F1QV/Rabbit/Tactile/7.jpg","","Dog","https://f1qv-main-data.s3.us-east-1.amazonaws.com/amt/main_task_F1QV/Dog/Natural/6_Dog(2).jpg","https://f1qv-main-data.s3.us-east-1.amazonaws.com/amt/main_task_F1QV/Dog/Tactile/6.png","","Fox","https://f1qv-main-data.s3.us-east-1.amazonaws.com/amt/main_task_F1QV/Fox/Natural/Fox_9.jpg","https://f1qv-main-data.s3.us-east-1.amazonaws.com/amt/main_task_F1QV/Fox/Tactile/9.jpg","","Cat","https://f1qv-main-data.s3.us-east-1.amazonaws.com/amt/main_task_F1QV/Cat/Natural/cat_4.jpeg","https://f1qv-main-data.s3.us-east-1.amazonaws.com/amt/main_task_F1QV/Cat/Tactile/4.png","","Bird","https://f1qv-main-data.s3.us-east-1.amazonaws.com/amt/main_task_F1QV/Bird/Natural/1_Bird(2).jpg","https://f1qv-main-data.s3.us-east-1.amazonaws.com/amt/main_task_F1QV/Bird/Tactile/1.jpg","","[{""question1"":{""angle_match"":true,""view_frontal"":false,""view_perspective"":false,""view_side"":true,""view_top"":false},""question10"":{""angle_match"":true,""view_frontal"":false,""view_perspective"":false,""view_side"":true,""view_top"":false},""question2"":{""angle_match"":true,""view_frontal"":false,""view_perspective"":false,""view_side"":true,""view_top"":false},""question3"":{""angle_match"":true,""view_frontal"":false,""view_perspective"":false,""view_side"":true,""view_top"":false},""question4"":{""angle_match"":true,""view_frontal"":false,""view_perspective"":false,""view_side"":false,""view_top"":true},""question5"":{""angle_match"":true,""view_frontal"":false,""view_perspective"":false,""view_side"":true,""view_top"":false},""question6"":{""angle_match"":true,""view_frontal"":false,""view_perspective"":false,""view_side"":true,""view_top"":false},""question7"":{""angle_match"":true,""view_frontal"":false,""view_perspective"":false,""view_side"":true,""view_top"":false},""question8"":{""angle_match"":true,""view_frontal"":true,""view_perspective"":false,""view_side"":false,""view_top"":false},""question9"":{""angle_match"":true,""view_frontal"":false,""view_perspective"":false,""view_side"":true,""view_top"":false}}]"
"3TLFH2L6Z12AAXBY6PCVWF4JKGE2TQ","3BHRGUFAI0A6J7Y48A1RI398KZYCSF","Categorize images based on object's view.","Review 10 animal’s line-arts and judge if it has same or different views. Identify view for each tactile. (10 pairs)","tactile, image review, accessibility, animals","$0.05","Tue Mar 03 20:32:21 PST 2026","7","BatchId:5376447;OriginalHitTemplateId:928390873;","3600","2592000","Mon Mar 23 21:32:21 PDT 2026","","","3OE22WJIHB28ODQ1Y7X7LDKHBX6QUZ","A3OLY20VMA8SPJ","Submitted","Tue Mar 03 20:39:16 PST 2026","Tue Mar 03 20:52:12 PST 2026","Thu Apr 02 21:52:12 PDT 2026","","","","776","100% (15/15)","100% (15/15)","0% (0/0)","Jellyfish","https://f1qv-main-data.s3.us-east-1.amazonaws.com/amt/main_task_F1QV/Jellyfish/Natural/4.jpg","https://f1qv-main-data.s3.us-east-1.amazonaws.com/amt/main_task_F1QV/Jellyfish/Tactile/4.jpg","","Bat","https://f1qv-main-data.s3.us-east-1.amazonaws.com/amt/main_task_F1QV/Bat/Natural/7.jpg","https://f1qv-main-data.s3.us-east-1.amazonaws.com/amt/main_task_F1QV/Bat/Tactile/7.jpeg","","Dinosaur","https://f1qv-main-data.s3.us-east-1.amazonaws.com/amt/main_task_F1QV/Dinosaur/Natural/10_Dinosaur.jpg","https://f1qv-main-data.s3.us-east-1.amazonaws.com/amt/main_task_F1QV/Dinosaur/Tactile/10.jpg","","Dinosaur","https://f1qv-main-data.s3.us-east-1.amazonaws.com/amt/main_task_F1QV/Dinosaur/Natural/3_Dinosaur.jpeg","https://f1qv-main-data.s3.us-east-1.amazonaws.com/amt/main_task_F1QV/Dinosaur/Tactile/3.jpg","","Teddy Bear","https://f1qv-main-data.s3.us-east-1.amazonaws.com/amt/main_task_F1QV/Teddy Bear/Natural/13.jpg","https://f1qv-main-data.s3.us-east-1.amazonaws.com/amt/main_task_F1QV/Teddy Bear/Tactile/13.jpeg","","Rabbit","https://f1qv-main-data.s3.us-east-1.amazonaws.com/amt/main_task_F1QV/Rabbit/Natural/7.png","https://f1qv-main-data.s3.us-east-1.amazonaws.com/amt/main_task_F1QV/Rabbit/Tactile/7.jpg","","Dog","https://f1qv-main-data.s3.us-east-1.amazonaws.com/amt/main_task_F1QV/Dog/Natural/6_Dog(2).jpg","https://f1qv-main-data.s3.us-east-1.amazonaws.com/amt/main_task_F1QV/Dog/Tactile/6.png","","Fox","https://f1qv-main-data.s3.us-east-1.amazonaws.com/amt/main_task_F1QV/Fox/Natural/Fox_9.jpg","https://f1qv-main-data.s3.us-east-1.amazonaws.com/amt/main_task_F1QV/Fox/Tactile/9.jpg","","Cat","https://f1qv-main-data.s3.us-east-1.amazonaws.com/amt/main_task_F1QV/Cat/Natural/cat_4.jpeg","https://f1qv-main-data.s3.us-east-1.amazonaws.com/amt/main_task_F1QV/Cat/Tactile/4.png","","Bird","https://f1qv-main-data.s3.us-east-1.amazonaws.com/amt/main_task_F1QV/Bird/Natural/1_Bird(2).jpg","https://f1qv-main-data.s3.us-east-1.amazonaws.com/amt/main_task_F1QV/Bird/Tactile/1.jpg","","[{""question1"":{""angle_match"":true,""view_frontal"":true,""view_perspective"":false,""view_side"":false,""view_top"":false},""question10"":{""angle_match"":true,""view_frontal"":false,""view_perspective"":false,""view_side"":true,""view_top"":false},""question2"":{""angle_match"":true,""view_frontal"":true,""view_perspective"":false,""view_side"":false,""view_top"":false},""question3"":{""angle_match"":true,""view_frontal"":false,""view_perspective"":false,""view_side"":true,""view_top"":false},""question4"":{""angle_match"":true,""view_frontal"":false,""view_perspective"":false,""view_side"":false,""view_top"":true},""question5"":{""angle_match"":true,""view_frontal"":false,""view_perspective"":false,""view_side"":false,""view_top"":true},""question6"":{""angle_match"":true,""view_frontal"":false,""view_perspective"":false,""view_side"":true,""view_top"":false},""question7"":{""angle_match"":true,""view_frontal"":false,""view_perspective"":false,""view_side"":true,""view_top"":false},""question8"":{""angle_match"":true,""view_frontal"":false,""view_perspective"":false,""view_side"":true,""view_top"":false},""question9"":{""angle_match"":true,""view_frontal"":false,""view_perspective"":false,""view_side"":true,""view_top"":false}}]"
"3TLFH2L6Z12AAXBY6PCVWF4JKGE2TQ","3BHRGUFAI0A6J7Y48A1RI398KZYCSF","Categorize images based on object's view.","Review 10 animal’s line-arts and judge if it has same or different views. Identify view for each tactile. (10 pairs)","tactile, image review, accessibility, animals","$0.05","Tue Mar 03 20:32:21 PST 2026","7","BatchId:5376447;OriginalHitTemplateId:928390873;","3600","2592000","Mon Mar 23 21:32:21 PDT 2026","","","3F6KKYWMO4F14E2NWKF17JLOKMPDNQ","A1MYCZT6OX9G20","Submitted","Tue Mar 03 20:39:38 PST 2026","Tue Mar 03 21:08:38 PST 2026","Thu Apr 02 22:08:38 PDT 2026","","","","1740","100% (9/9)","0% (0/0)","0% (0/0)","Jellyfish","https://f1qv-main-data.s3.us-east-1.amazonaws.com/amt/main_task_F1QV/Jellyfish/Natural/4.jpg","https://f1qv-main-data.s3.us-east-1.amazonaws.com/amt/main_task_F1QV/Jellyfish/Tactile/4.jpg","","Bat","https://f1qv-main-data.s3.us-east-1.amazonaws.com/amt/main_task_F1QV/Bat/Natural/7.jpg","https://f1qv-main-data.s3.us-east-1.amazonaws.com/amt/main_task_F1QV/Bat/Tactile/7.jpeg","","Dinosaur","https://f1qv-main-data.s3.us-east-1.amazonaws.com/amt/main_task_F1QV/Dinosaur/Natural/10_Dinosaur.jpg","https://f1qv-main-data.s3.us-east-1.amazonaws.com/amt/main_task_F1QV/Dinosaur/Tactile/10.jpg","","Dinosaur","https://f1qv-main-data.s3.us-east-1.amazonaws.com/amt/main_task_F1QV/Dinosaur/Natural/3_Dinosaur.jpeg","https://f1qv-main-data.s3.us-east-1.amazonaws.com/amt/main_task_F1QV/Dinosaur/Tactile/3.jpg","","Teddy Bear","https://f1qv-main-data.s3.us-east-1.amazonaws.com/amt/main_task_F1QV/Teddy Bear/Natural/13.jpg","https://f1qv-main-data.s3.us-east-1.amazonaws.com/amt/main_task_F1QV/Teddy Bear/Tactile/13.jpeg","","Rabbit","https://f1qv-main-data.s3.us-east-1.amazonaws.com/amt/main_task_F1QV/Rabbit/Natural/7.png","https://f1qv-main-data.s3.us-east-1.amazonaws.com/amt/main_task_F1QV/Rabbit/Tactile/7.jpg","","Dog","https://f1qv-main-data.s3.us-east-1.amazonaws.com/amt/main_task_F1QV/Dog/Natural/6_Dog(2).jpg","https://f1qv-main-data.s3.us-east-1.amazonaws.com/amt/main_task_F1QV/Dog/Tactile/6.png","","Fox","https://f1qv-main-data.s3.us-east-1.amazonaws.com/amt/main_task_F1QV/Fox/Natural/Fox_9.jpg","https://f1qv-main-data.s3.us-east-1.amazonaws.com/amt/main_task_F1QV/Fox/Tactile/9.jpg","","Cat","https://f1qv-main-data.s3.us-east-1.amazonaws.com/amt/main_task_F1QV/Cat/Natural/cat_4.jpeg","https://f1qv-main-data.s3.us-east-1.amazonaws.com/amt/main_task_F1QV/Cat/Tactile/4.png","","Bird","https://f1qv-main-data.s3.us-east-1.amazonaws.com/amt/main_task_F1QV/Bird/Natural/1_Bird(2).jpg","https://f1qv-main-data.s3.us-east-1.amazonaws.com/amt/main_task_F1QV/Bird/Tactile/1.jpg","","[{""question1"":{""angle_match"":true,""view_frontal"":true,""view_perspective"":false,""view_side"":false,""view_top"":false},""question10"":{""angle_match"":true,""view_frontal"":false,""view_perspective"":false,""view_side"":true,""view_top"":false},""question2"":{""angle_match"":true,""view_frontal"":true,""view_perspective"":false,""view_side"":false,""view_top"":false},""question3"":{""angle_match"":true,""view_frontal"":false,""view_perspective"":false,""view_side"":true,""view_top"":false},""question4"":{""angle_match"":true,""view_frontal"":true,""view_perspective"":false,""view_side"":false,""view_top"":false},""question5"":{""angle_match"":true,""view_frontal"":true,""view_perspective"":false,""view_side"":false,""view_top"":false},""question6"":{""angle_match"":true,""view_frontal"":false,""view_perspective"":false,""view_side"":true,""view_top"":false},""question7"":{""angle_match"":true,""view_frontal"":false,""view_perspective"":false,""view_side"":true,""view_top"":false},""question8"":{""angle_match"":true,""view_frontal"":false,""view_perspective"":false,""view_side"":true,""view_top"":false},""question9"":{""angle_match"":true,""view_frontal"":false,""view_perspective"":false,""view_side"":true,""view_top"":false}}]"
"3TLFH2L6Z12AAXBY6PCVWF4JKGE2TQ","3BHRGUFAI0A6J7Y48A1RI398KZYCSF","Categorize images based on object's view.","Review 10 animal’s line-arts and judge if it has same or different views. Identify view for each tactile. (10 pairs)","tactile, image review, accessibility, animals","$0.05","Tue Mar 03 20:32:21 PST 2026","7","BatchId:5376447;OriginalHitTemplateId:928390873;","3600","2592000","Mon Mar 23 21:32:21 PDT 2026","","","3ZPBJO59LIF9UIGCTMKO2ZOSYBJDHM","A2V3XARMPINRM8","Submitted","Tue Mar 03 20:43:16 PST 2026","Tue Mar 03 21:11:52 PST 2026","Thu Apr 02 22:11:52 PDT 2026","","","","1716","100% (1/1)","100% (1/1)","100% (1/1)","Jellyfish","https://f1qv-main-data.s3.us-east-1.amazonaws.com/amt/main_task_F1QV/Jellyfish/Natural/4.jpg","https://f1qv-main-data.s3.us-east-1.amazonaws.com/amt/main_task_F1QV/Jellyfish/Tactile/4.jpg","","Bat","https://f1qv-main-data.s3.us-east-1.amazonaws.com/amt/main_task_F1QV/Bat/Natural/7.jpg","https://f1qv-main-data.s3.us-east-1.amazonaws.com/amt/main_task_F1QV/Bat/Tactile/7.jpeg","","Dinosaur","https://f1qv-main-data.s3.us-east-1.amazonaws.com/amt/main_task_F1QV/Dinosaur/Natural/10_Dinosaur.jpg","https://f1qv-main-data.s3.us-east-1.amazonaws.com/amt/main_task_F1QV/Dinosaur/Tactile/10.jpg","","Dinosaur","https://f1qv-main-data.s3.us-east-1.amazonaws.com/amt/main_task_F1QV/Dinosaur/Natural/3_Dinosaur.jpeg","https://f1qv-main-data.s3.us-east-1.amazonaws.com/amt/main_task_F1QV/Dinosaur/Tactile/3.jpg","","Teddy Bear","https://f1qv-main-data.s3.us-east-1.amazonaws.com/amt/main_task_F1QV/Teddy Bear/Natural/13.jpg","https://f1qv-main-data.s3.us-east-1.amazonaws.com/amt/main_task_F1QV/Teddy Bear/Tactile/13.jpeg","","Rabbit","https://f1qv-main-data.s3.us-east-1.amazonaws.com/amt/main_task_F1QV/Rabbit/Natural/7.png","https://f1qv-main-data.s3.us-east-1.amazonaws.com/amt/main_task_F1QV/Rabbit/Tactile/7.jpg","","Dog","https://f1qv-main-data.s3.us-east-1.amazonaws.com/amt/main_task_F1QV/Dog/Natural/6_Dog(2).jpg","https://f1qv-main-data.s3.us-east-1.amazonaws.com/amt/main_task_F1QV/Dog/Tactile/6.png","","Fox","https://f1qv-main-data.s3.us-east-1.amazonaws.com/amt/main_task_F1QV/Fox/Natural/Fox_9.jpg","https://f1qv-main-data.s3.us-east-1.amazonaws.com/amt/main_task_F1QV/Fox/Tactile/9.jpg","","Cat","https://f1qv-main-data.s3.us-east-1.amazonaws.com/amt/main_task_F1QV/Cat/Natural/cat_4.jpeg","https://f1qv-main-data.s3.us-east-1.amazonaws.com/amt/main_task_F1QV/Cat/Tactile/4.png","","Bird","https://f1qv-main-data.s3.us-east-1.amazonaws.com/amt/main_task_F1QV/Bird/Natural/1_Bird(2).jpg","https://f1qv-main-data.s3.us-east-1.amazonaws.com/amt/main_task_F1QV/Bird/Tactile/1.jpg","","[{""question1"":{""angle_match"":true,""view_frontal"":false,""view_perspective"":false,""view_side"":false,""view_top"":false},""question10"":{""angle_match"":true,""view_frontal"":false,""view_perspective"":false,""view_side"":true,""view_top"":false},""question2"":{""angle_match"":true,""view_frontal"":true,""view_perspective"":false,""view_side"":false,""view_top"":false},""question3"":{""angle_match"":true,""view_frontal"":false,""view_perspective"":false,""view_side"":true,""view_top"":false},""question4"":{""angle_match"":true,""view_frontal"":true,""view_perspective"":false,""view_side"":false,""view_top"":false},""question5"":{""angle_match"":true,""view_frontal"":true,""view_perspective"":false,""view_side"":false,""view_top"":false},""question6"":{""angle_match"":true,""view_frontal"":false,""view_perspective"":false,""view_side"":true,""view_top"":false},""question7"":{""angle_match"":true,""view_frontal"":false,""view_perspective"":false,""view_side"":true,""view_top"":false},""question8"":{""angle_match"":true,""view_frontal"":false,""view_perspective"":false,""view_side"":false,""view_top"":true},""question9"":{""angle_match"":true,""view_frontal"":true,""view_perspective"":false,""view_side"":false,""view_top"":false}}]"
"3TLFH2L6Z12AAXBY6PCVWF4JKGE2TQ","3BHRGUFAI0A6J7Y48A1RI398KZYCSF","Categorize images based on object's view.","Review 10 animal’s line-arts and judge if it has same or different views. Identify view for each tactile. (10 pairs)","tactile, image review, accessibility, animals","$0.05","Tue Mar 03 20:32:21 PST 2026","7","BatchId:5376447;OriginalHitTemplateId:928390873;","3600","2592000","Mon Mar 23 21:32:21 PDT 2026","","","3Y4W8Q93MSYECJBWYB1SH0F16Q5DVN","A1XY37GWORQFE","Submitted","Tue Mar 03 21:00:21 PST 2026","Tue Mar 03 21:19:41 PST 2026","Thu Apr 02 22:19:41 PDT 2026","","","","1160","0% (0/0)","0% (0/0)","0% (0/0)","Jellyfish","https://f1qv-main-data.s3.us-east-1.amazonaws.com/amt/main_task_F1QV/Jellyfish/Natural/4.jpg","https://f1qv-main-data.s3.us-east-1.amazonaws.com/amt/main_task_F1QV/Jellyfish/Tactile/4.jpg","","Bat","https://f1qv-main-data.s3.us-east-1.amazonaws.com/amt/main_task_F1QV/Bat/Natural/7.jpg","https://f1qv-main-data.s3.us-east-1.amazonaws.com/amt/main_task_F1QV/Bat/Tactile/7.jpeg","","Dinosaur","https://f1qv-main-data.s3.us-east-1.amazonaws.com/amt/main_task_F1QV/Dinosaur/Natural/10_Dinosaur.jpg","https://f1qv-main-data.s3.us-east-1.amazonaws.com/amt/main_task_F1QV/Dinosaur/Tactile/10.jpg","","Dinosaur","https://f1qv-main-data.s3.us-east-1.amazonaws.com/amt/main_task_F1QV/Dinosaur/Natural/3_Dinosaur.jpeg","https://f1qv-main-data.s3.us-east-1.amazonaws.com/amt/main_task_F1QV/Dinosaur/Tactile/3.jpg","","Teddy Bear","https://f1qv-main-data.s3.us-east-1.amazonaws.com/amt/main_task_F1QV/Teddy Bear/Natural/13.jpg","https://f1qv-main-data.s3.us-east-1.amazonaws.com/amt/main_task_F1QV/Teddy Bear/Tactile/13.jpeg","","Rabbit","https://f1qv-main-data.s3.us-east-1.amazonaws.com/amt/main_task_F1QV/Rabbit/Natural/7.png","https://f1qv-main-data.s3.us-east-1.amazonaws.com/amt/main_task_F1QV/Rabbit/Tactile/7.jpg","","Dog","https://f1qv-main-data.s3.us-east-1.amazonaws.com/amt/main_task_F1QV/Dog/Natural/6_Dog(2).jpg","https://f1qv-main-data.s3.us-east-1.amazonaws.com/amt/main_task_F1QV/Dog/Tactile/6.png","","Fox","https://f1qv-main-data.s3.us-east-1.amazonaws.com/amt/main_task_F1QV/Fox/Natural/Fox_9.jpg","https://f1qv-main-data.s3.us-east-1.amazonaws.com/amt/main_task_F1QV/Fox/Tactile/9.jpg","","Cat","https://f1qv-main-data.s3.us-east-1.amazonaws.com/amt/main_task_F1QV/Cat/Natural/cat_4.jpeg","https://f1qv-main-data.s3.us-east-1.amazonaws.com/amt/main_task_F1QV/Cat/Tactile/4.png","","Bird","https://f1qv-main-data.s3.us-east-1.amazonaws.com/amt/main_task_F1QV/Bird/Natural/1_Bird(2).jpg","https://f1qv-main-data.s3.us-east-1.amazonaws.com/amt/main_task_F1QV/Bird/Tactile/1.jpg","","[{""question1"":{""angle_match"":true,""view_frontal"":true,""view_perspective"":false,""view_side"":false,""view_top"":false},""question10"":{""angle_match"":true,""view_frontal"":false,""view_perspective"":false,""view_side"":true,""view_top"":false},""question2"":{""angle_match"":true,""view_frontal"":true,""view_perspective"":false,""view_side"":false,""view_top"":false},""question3"":{""angle_match"":true,""view_frontal"":false,""view_perspective"":false,""view_side"":true,""view_top"":false},""question4"":{""angle_match"":true,""view_frontal"":true,""view_perspective"":false,""view_side"":false,""view_top"":false},""question5"":{""angle_match"":true,""view_frontal"":true,""view_perspective"":false,""view_side"":false,""view_top"":false},""question6"":{""angle_match"":true,""view_frontal"":false,""view_perspective"":false,""view_side"":true,""view_top"":false},""question7"":{""angle_match"":true,""view_frontal"":false,""view_perspective"":false,""view_side"":true,""view_top"":false},""question8"":{""angle_match"":true,""view_frontal"":false,""view_perspective"":false,""view_side"":true,""view_top"":false},""question9"":{""angle_match"":true,""view_frontal"":false,""view_perspective"":false,""view_side"":true,""view_top"":false}}]"
"3TLFH2L6Z12AAXBY6PCVWF4JKGE2TQ","3BHRGUFAI0A6J7Y48A1RI398KZYCSF","Categorize images based on object's view.","Review 10 animal’s line-arts and judge if it has same or different views. Identify view for each tactile. (10 pairs)","tactile, image review, accessibility, animals","$0.05","Tue Mar 03 20:32:21 PST 2026","7","BatchId:5376447;OriginalHitTemplateId:928390873;","3600","2592000","Mon Mar 23 21:32:21 PDT 2026","","","32VNZTT0B0I9JGBMWGVPDZWS86KR4E","ALJH5865ISWT1","Submitted","Tue Mar 03 20:39:04 PST 2026","Tue Mar 03 21:34:37 PST 2026","Thu Apr 02 22:34:37 PDT 2026","","","","3333","100% (2/2)","100% (2/2)","0% (0/0)","Jellyfish","https://f1qv-main-data.s3.us-east-1.amazonaws.com/amt/main_task_F1QV/Jellyfish/Natural/4.jpg","https://f1qv-main-data.s3.us-east-1.amazonaws.com/amt/main_task_F1QV/Jellyfish/Tactile/4.jpg","","Bat","https://f1qv-main-data.s3.us-east-1.amazonaws.com/amt/main_task_F1QV/Bat/Natural/7.jpg","https://f1qv-main-data.s3.us-east-1.amazonaws.com/amt/main_task_F1QV/Bat/Tactile/7.jpeg","","Dinosaur","https://f1qv-main-data.s3.us-east-1.amazonaws.com/amt/main_task_F1QV/Dinosaur/Natural/10_Dinosaur.jpg","https://f1qv-main-data.s3.us-east-1.amazonaws.com/amt/main_task_F1QV/Dinosaur/Tactile/10.jpg","","Dinosaur","https://f1qv-main-data.s3.us-east-1.amazonaws.com/amt/main_task_F1QV/Dinosaur/Natural/3_Dinosaur.jpeg","https://f1qv-main-data.s3.us-east-1.amazonaws.com/amt/main_task_F1QV/Dinosaur/Tactile/3.jpg","","Teddy Bear","https://f1qv-main-data.s3.us-east-1.amazonaws.com/amt/main_task_F1QV/Teddy Bear/Natural/13.jpg","https://f1qv-main-data.s3.us-east-1.amazonaws.com/amt/main_task_F1QV/Teddy Bear/Tactile/13.jpeg","","Rabbit","https://f1qv-main-data.s3.us-east-1.amazonaws.com/amt/main_task_F1QV/Rabbit/Natural/7.png","https://f1qv-main-data.s3.us-east-1.amazonaws.com/amt/main_task_F1QV/Rabbit/Tactile/7.jpg","","Dog","https://f1qv-main-data.s3.us-east-1.amazonaws.com/amt/main_task_F1QV/Dog/Natural/6_Dog(2).jpg","https://f1qv-main-data.s3.us-east-1.amazonaws.com/amt/main_task_F1QV/Dog/Tactile/6.png","","Fox","https://f1qv-main-data.s3.us-east-1.amazonaws.com/amt/main_task_F1QV/Fox/Natural/Fox_9.jpg","https://f1qv-main-data.s3.us-east-1.amazonaws.com/amt/main_task_F1QV/Fox/Tactile/9.jpg","","Cat","https://f1qv-main-data.s3.us-east-1.amazonaws.com/amt/main_task_F1QV/Cat/Natural/cat_4.jpeg","https://f1qv-main-data.s3.us-east-1.amazonaws.com/amt/main_task_F1QV/Cat/Tactile/4.png","","Bird","https://f1qv-main-data.s3.us-east-1.amazonaws.com/amt/main_task_F1QV/Bird/Natural/1_Bird(2).jpg","https://f1qv-main-data.s3.us-east-1.amazonaws.com/amt/main_task_F1QV/Bird/Tactile/1.jpg","","[{""question1"":{""angle_match"":true,""view_frontal"":false,""view_perspective"":false,""view_side"":true,""view_top"":false},""question10"":{""angle_match"":true,""view_frontal"":false,""view_perspective"":false,""view_side"":true,""view_top"":false},""question2"":{""angle_match"":true,""view_frontal"":true,""view_perspective"":false,""view_side"":false,""view_top"":false},""question3"":{""angle_match"":true,""view_frontal"":false,""view_perspective"":false,""view_side"":true,""view_top"":false},""question4"":{""angle_match"":true,""view_frontal"":true,""view_perspective"":false,""view_side"":false,""view_top"":false},""question5"":{""angle_match"":true,""view_frontal"":true,""view_perspective"":false,""view_side"":false,""view_top"":false},""question6"":{""angle_match"":true,""view_frontal"":false,""view_perspective"":false,""view_side"":true,""view_top"":false},""question7"":{""angle_match"":true,""view_frontal"":false,""view_perspective"":false,""view_side"":true,""view_top"":false},""question8"":{""angle_match"":true,""view_frontal"":false,""view_perspective"":false,""view_side"":true,""view_top"":false},""question9"":{""angle_match"":true,""view_frontal"":false,""view_perspective"":false,""view_side"":true,""view_top"":false}}]"
"3Y3N5A7N58NWYNELQDIEJ5AW5NDMYQ","3BHRGUFAI0A6J7Y48A1RI398KZYCSF","Categorize images based on object's view.","Review 10 animal’s line-arts and judge if it has same or different views. Identify view for each tactile. (10 pairs)","tactile, image review, accessibility, animals","$0.05","Tue Mar 03 20:32:22 PST 2026","7","BatchId:5376447;OriginalHitTemplateId:928390873;","3600","2592000","Mon Mar 23 21:32:22 PDT 2026","","","3WMOAN2SS4BNYV29N5FVD5RVKTQNVW","A1MYCZT6OX9G20","Submitted","Tue Mar 03 20:37:42 PST 2026","Tue Mar 03 20:43:30 PST 2026","Thu Apr 02 21:43:30 PDT 2026","","","","348","100% (9/9)","0% (0/0)","0% (0/0)","Fish","https://f1qv-main-data.s3.us-east-1.amazonaws.com/amt/main_task_F1QV/Fish/Natural/14_fish.png","https://f1qv-main-data.s3.us-east-1.amazonaws.com/amt/main_task_F1QV/Fish/Tactile/14.jpg","","Cat","https://f1qv-main-data.s3.us-east-1.amazonaws.com/amt/main_task_F1QV/Cat/Natural/cat_19.jpg","https://f1qv-main-data.s3.us-east-1.amazonaws.com/amt/main_task_F1QV/Cat/Tactile/19.jpg","","Giraffe","https://f1qv-main-data.s3.us-east-1.amazonaws.com/amt/main_task_F1QV/Giraffe/Natural/12_Giraffe_Edited.jpg","https://f1qv-main-data.s3.us-east-1.amazonaws.com/amt/main_task_F1QV/Giraffe/Tactile/12.jpg","","Elephant","https://f1qv-main-data.s3.us-east-1.amazonaws.com/amt/main_task_F1QV/Elephant/Natural/11_Elephant.jpeg","https://f1qv-main-data.s3.us-east-1.amazonaws.com/amt/main_task_F1QV/Elephant/Tactile/11.jpg","","Beluga Whale","https://f1qv-main-data.s3.us-east-1.amazonaws.com/amt/main_task_F1QV/Beluga Whale/Natural/Beluga_3.jpg","https://f1qv-main-data.s3.us-east-1.amazonaws.com/amt/main_task_F1QV/Beluga Whale/Tactile/3.jpg","","Bat","https://f1qv-main-data.s3.us-east-1.amazonaws.com/amt/main_task_F1QV/Bat/Natural/9_4.jpg","https://f1qv-main-data.s3.us-east-1.amazonaws.com/amt/main_task_F1QV/Bat/Tactile/9.jpeg","","Penguin","https://f1qv-main-data.s3.us-east-1.amazonaws.com/amt/main_task_F1QV/Penguin/Natural/1.jpg","https://f1qv-main-data.s3.us-east-1.amazonaws.com/amt/main_task_F1QV/Penguin/Tactile/1.jpeg","","Bird","https://f1qv-main-data.s3.us-east-1.amazonaws.com/amt/main_task_F1QV/Bird/Natural/6_Bird.jpg","https://f1qv-main-data.s3.us-east-1.amazonaws.com/amt/main_task_F1QV/Bird/Tactile/6.jpg","","Duck","https://f1qv-main-data.s3.us-east-1.amazonaws.com/amt/main_task_F1QV/Duck/Natural/9_Duck.jpg","https://f1qv-main-data.s3.us-east-1.amazonaws.com/amt/main_task_F1QV/Duck/Tactile/9.jpg","","Elephant","https://f1qv-main-data.s3.us-east-1.amazonaws.com/amt/main_task_F1QV/Elephant/Natural/3_Elephant.png","https://f1qv-main-data.s3.us-east-1.amazonaws.com/amt/main_task_F1QV/Elephant/Tactile/3.jpg","","[{""question1"":{""angle_match"":true,""view_frontal"":false,""view_perspective"":true,""view_side"":false,""view_top"":false},""question10"":{""angle_match"":true,""view_frontal"":false,""view_perspective"":false,""view_side"":true,""view_top"":false},""question2"":{""angle_match"":true,""view_frontal"":false,""view_perspective"":true,""view_side"":false,""view_top"":false},""question3"":{""angle_match"":true,""view_frontal"":false,""view_perspective"":false,""view_side"":true,""view_top"":false},""question4"":{""angle_match"":true,""view_frontal"":false,""view_perspective"":false,""view_side"":true,""view_top"":false},""question5"":{""angle_match"":false,""view_frontal"":false,""view_perspective"":true,""view_side"":false,""view_top"":false},""question6"":{""angle_match"":true,""view_frontal"":false,""view_perspective"":false,""view_side"":true,""view_top"":false},""question7"":{""angle_match"":true,""view_frontal"":true,""view_perspective"":false,""view_side"":false,""view_top"":false},""question8"":{""angle_match"":true,""view_frontal"":false,""view_perspective"":false,""view_side"":true,""view_top"":false},""question9"":{""angle_match"":true,""view_frontal"":false,""view_perspective"":false,""view_side"":true,""view_top"":false}}]"
"3Y3N5A7N58NWYNELQDIEJ5AW5NDMYQ","3BHRGUFAI0A6J7Y48A1RI398KZYCSF","Categorize images based on object's view.","Review 10 animal’s line-arts and judge if it has same or different views. Identify view for each tactile. (10 pairs)","tactile, image review, accessibility, animals","$0.05","Tue Mar 03 20:32:22 PST 2026","7","BatchId:5376447;OriginalHitTemplateId:928390873;","3600","2592000","Mon Mar 23 21:32:22 PDT 2026","","","39PAAFCOEFELT87TK117M4XN9CHVTC","AANFSTZSFMWNW","Submitted","Tue Mar 03 20:43:32 PST 2026","Tue Mar 03 20:48:19 PST 2026","Thu Apr 02 21:48:19 PDT 2026","","","","287","98% (96/98)","90% (19/21)","100% (18/18)","Fish","https://f1qv-main-data.s3.us-east-1.amazonaws.com/amt/main_task_F1QV/Fish/Natural/14_fish.png","https://f1qv-main-data.s3.us-east-1.amazonaws.com/amt/main_task_F1QV/Fish/Tactile/14.jpg","","Cat","https://f1qv-main-data.s3.us-east-1.amazonaws.com/amt/main_task_F1QV/Cat/Natural/cat_19.jpg","https://f1qv-main-data.s3.us-east-1.amazonaws.com/amt/main_task_F1QV/Cat/Tactile/19.jpg","","Giraffe","https://f1qv-main-data.s3.us-east-1.amazonaws.com/amt/main_task_F1QV/Giraffe/Natural/12_Giraffe_Edited.jpg","https://f1qv-main-data.s3.us-east-1.amazonaws.com/amt/main_task_F1QV/Giraffe/Tactile/12.jpg","","Elephant","https://f1qv-main-data.s3.us-east-1.amazonaws.com/amt/main_task_F1QV/Elephant/Natural/11_Elephant.jpeg","https://f1qv-main-data.s3.us-east-1.amazonaws.com/amt/main_task_F1QV/Elephant/Tactile/11.jpg","","Beluga Whale","https://f1qv-main-data.s3.us-east-1.amazonaws.com/amt/main_task_F1QV/Beluga Whale/Natural/Beluga_3.jpg","https://f1qv-main-data.s3.us-east-1.amazonaws.com/amt/main_task_F1QV/Beluga Whale/Tactile/3.jpg","","Bat","https://f1qv-main-data.s3.us-east-1.amazonaws.com/amt/main_task_F1QV/Bat/Natural/9_4.jpg","https://f1qv-main-data.s3.us-east-1.amazonaws.com/amt/main_task_F1QV/Bat/Tactile/9.jpeg","","Penguin","https://f1qv-main-data.s3.us-east-1.amazonaws.com/amt/main_task_F1QV/Penguin/Natural/1.jpg","https://f1qv-main-data.s3.us-east-1.amazonaws.com/amt/main_task_F1QV/Penguin/Tactile/1.jpeg","","Bird","https://f1qv-main-data.s3.us-east-1.amazonaws.com/amt/main_task_F1QV/Bird/Natural/6_Bird.jpg","https://f1qv-main-data.s3.us-east-1.amazonaws.com/amt/main_task_F1QV/Bird/Tactile/6.jpg","","Duck","https://f1qv-main-data.s3.us-east-1.amazonaws.com/amt/main_task_F1QV/Duck/Natural/9_Duck.jpg","https://f1qv-main-data.s3.us-east-1.amazonaws.com/amt/main_task_F1QV/Duck/Tactile/9.jpg","","Elephant","https://f1qv-main-data.s3.us-east-1.amazonaws.com/amt/main_task_F1QV/Elephant/Natural/3_Elephant.png","https://f1qv-main-data.s3.us-east-1.amazonaws.com/amt/main_task_F1QV/Elephant/Tactile/3.jpg","","[{""question1"":{""angle_match"":true,""view_frontal"":false,""view_perspective"":false,""view_side"":true,""view_top"":false},""question10"":{""angle_match"":true,""view_frontal"":false,""view_perspective"":false,""view_side"":true,""view_top"":false},""question2"":{""angle_match"":true,""view_frontal"":false,""view_perspective"":false,""view_side"":false,""view_top"":true},""question3"":{""angle_match"":true,""view_frontal"":true,""view_perspective"":false,""view_side"":false,""view_top"":false},""question4"":{""angle_match"":true,""view_frontal"":false,""view_perspective"":false,""view_side"":true,""view_top"":false},""question5"":{""angle_match"":true,""view_frontal"":false,""view_perspective"":false,""view_side"":true,""view_top"":false},""question6"":{""angle_match"":true,""view_frontal"":false,""view_perspective"":false,""view_side"":false,""view_top"":true},""question7"":{""angle_match"":true,""view_frontal"":false,""view_perspective"":false,""view_side"":true,""view_top"":false},""question8"":{""angle_match"":true,""view_frontal"":true,""view_perspective"":false,""view_side"":false,""view_top"":false},""question9"":{""angle_match"":true,""view_frontal"":false,""view_perspective"":false,""view_side"":false,""view_top"":true}}]"
"3Y3N5A7N58NWYNELQDIEJ5AW5NDMYQ","3BHRGUFAI0A6J7Y48A1RI398KZYCSF","Categorize images based on object's view.","Review 10 animal’s line-arts and judge if it has same or different views. Identify view for each tactile. (10 pairs)","tactile, image review, accessibility, animals","$0.05","Tue Mar 03 20:32:22 PST 2026","7","BatchId:5376447;OriginalHitTemplateId:928390873;","3600","2592000","Mon Mar 23 21:32:22 PDT 2026","","","31Z0PCVWVDTJII6X23YRGQHKNT87TS","A3OLY20VMA8SPJ","Submitted","Tue Mar 03 20:39:27 PST 2026","Tue Mar 03 20:54:40 PST 2026","Thu Apr 02 21:54:40 PDT 2026","","","","913","100% (15/15)","100% (15/15)","0% (0/0)","Fish","https://f1qv-main-data.s3.us-east-1.amazonaws.com/amt/main_task_F1QV/Fish/Natural/14_fish.png","https://f1qv-main-data.s3.us-east-1.amazonaws.com/amt/main_task_F1QV/Fish/Tactile/14.jpg","","Cat","https://f1qv-main-data.s3.us-east-1.amazonaws.com/amt/main_task_F1QV/Cat/Natural/cat_19.jpg","https://f1qv-main-data.s3.us-east-1.amazonaws.com/amt/main_task_F1QV/Cat/Tactile/19.jpg","","Giraffe","https://f1qv-main-data.s3.us-east-1.amazonaws.com/amt/main_task_F1QV/Giraffe/Natural/12_Giraffe_Edited.jpg","https://f1qv-main-data.s3.us-east-1.amazonaws.com/amt/main_task_F1QV/Giraffe/Tactile/12.jpg","","Elephant","https://f1qv-main-data.s3.us-east-1.amazonaws.com/amt/main_task_F1QV/Elephant/Natural/11_Elephant.jpeg","https://f1qv-main-data.s3.us-east-1.amazonaws.com/amt/main_task_F1QV/Elephant/Tactile/11.jpg","","Beluga Whale","https://f1qv-main-data.s3.us-east-1.amazonaws.com/amt/main_task_F1QV/Beluga Whale/Natural/Beluga_3.jpg","https://f1qv-main-data.s3.us-east-1.amazonaws.com/amt/main_task_F1QV/Beluga Whale/Tactile/3.jpg","","Bat","https://f1qv-main-data.s3.us-east-1.amazonaws.com/amt/main_task_F1QV/Bat/Natural/9_4.jpg","https://f1qv-main-data.s3.us-east-1.amazonaws.com/amt/main_task_F1QV/Bat/Tactile/9.jpeg","","Penguin","https://f1qv-main-data.s3.us-east-1.amazonaws.com/amt/main_task_F1QV/Penguin/Natural/1.jpg","https://f1qv-main-data.s3.us-east-1.amazonaws.com/amt/main_task_F1QV/Penguin/Tactile/1.jpeg","","Bird","https://f1qv-main-data.s3.us-east-1.amazonaws.com/amt/main_task_F1QV/Bird/Natural/6_Bird.jpg","https://f1qv-main-data.s3.us-east-1.amazonaws.com/amt/main_task_F1QV/Bird/Tactile/6.jpg","","Duck","https://f1qv-main-data.s3.us-east-1.amazonaws.com/amt/main_task_F1QV/Duck/Natural/9_Duck.jpg","https://f1qv-main-data.s3.us-east-1.amazonaws.com/amt/main_task_F1QV/Duck/Tactile/9.jpg","","Elephant","https://f1qv-main-data.s3.us-east-1.amazonaws.com/amt/main_task_F1QV/Elephant/Natural/3_Elephant.png","https://f1qv-main-data.s3.us-east-1.amazonaws.com/amt/main_task_F1QV/Elephant/Tactile/3.jpg","","[{""question1"":{""angle_match"":true,""view_frontal"":false,""view_perspective"":false,""view_side"":true,""view_top"":false},""question10"":{""angle_match"":true,""view_frontal"":false,""view_perspective"":false,""view_side"":true,""view_top"":false},""question2"":{""angle_match"":true,""view_frontal"":false,""view_perspective"":false,""view_side"":false,""view_top"":true},""question3"":{""angle_match"":true,""view_frontal"":false,""view_perspective"":false,""view_side"":true,""view_top"":false},""question4"":{""angle_match"":true,""view_frontal"":false,""view_perspective"":false,""view_side"":true,""view_top"":false},""question5"":{""angle_match"":true,""view_frontal"":false,""view_perspective"":false,""view_side"":true,""view_top"":false},""question6"":{""angle_match"":true,""view_frontal"":true,""view_perspective"":false,""view_side"":false,""view_top"":false},""question7"":{""angle_match"":true,""view_frontal"":false,""view_perspective"":false,""view_side"":false,""view_top"":true},""question8"":{""angle_match"":true,""view_frontal"":false,""view_perspective"":false,""view_side"":true,""view_top"":false},""question9"":{""angle_match"":true,""view_frontal"":false,""view_perspective"":false,""view_side"":true,""view_top"":false}}]"
"3Y3N5A7N58NWYNELQDIEJ5AW5NDMYQ","3BHRGUFAI0A6J7Y48A1RI398KZYCSF","Categorize images based on object's view.","Review 10 animal’s line-arts and judge if it has same or different views. Identify view for each tactile. (10 pairs)","tactile, image review, accessibility, animals","$0.05","Tue Mar 03 20:32:22 PST 2026","7","BatchId:5376447;OriginalHitTemplateId:928390873;","3600","2592000","Mon Mar 23 21:32:22 PDT 2026","","","3ZPPDN2SMOAL7ICTR57GV08PFABE9P","A3CWVU18V57686","Submitted","Tue Mar 03 20:42:38 PST 2026","Tue Mar 03 21:04:53 PST 2026","Thu Apr 02 22:04:53 PDT 2026","","","","1335","0% (0/0)","0% (0/0)","0% (0/0)","Fish","https://f1qv-main-data.s3.us-east-1.amazonaws.com/amt/main_task_F1QV/Fish/Natural/14_fish.png","https://f1qv-main-data.s3.us-east-1.amazonaws.com/amt/main_task_F1QV/Fish/Tactile/14.jpg","","Cat","https://f1qv-main-data.s3.us-east-1.amazonaws.com/amt/main_task_F1QV/Cat/Natural/cat_19.jpg","https://f1qv-main-data.s3.us-east-1.amazonaws.com/amt/main_task_F1QV/Cat/Tactile/19.jpg","","Giraffe","https://f1qv-main-data.s3.us-east-1.amazonaws.com/amt/main_task_F1QV/Giraffe/Natural/12_Giraffe_Edited.jpg","https://f1qv-main-data.s3.us-east-1.amazonaws.com/amt/main_task_F1QV/Giraffe/Tactile/12.jpg","","Elephant","https://f1qv-main-data.s3.us-east-1.amazonaws.com/amt/main_task_F1QV/Elephant/Natural/11_Elephant.jpeg","https://f1qv-main-data.s3.us-east-1.amazonaws.com/amt/main_task_F1QV/Elephant/Tactile/11.jpg","","Beluga Whale","https://f1qv-main-data.s3.us-east-1.amazonaws.com/amt/main_task_F1QV/Beluga Whale/Natural/Beluga_3.jpg","https://f1qv-main-data.s3.us-east-1.amazonaws.com/amt/main_task_F1QV/Beluga Whale/Tactile/3.jpg","","Bat","https://f1qv-main-data.s3.us-east-1.amazonaws.com/amt/main_task_F1QV/Bat/Natural/9_4.jpg","https://f1qv-main-data.s3.us-east-1.amazonaws.com/amt/main_task_F1QV/Bat/Tactile/9.jpeg","","Penguin","https://f1qv-main-data.s3.us-east-1.amazonaws.com/amt/main_task_F1QV/Penguin/Natural/1.jpg","https://f1qv-main-data.s3.us-east-1.amazonaws.com/amt/main_task_F1QV/Penguin/Tactile/1.jpeg","","Bird","https://f1qv-main-data.s3.us-east-1.amazonaws.com/amt/main_task_F1QV/Bird/Natural/6_Bird.jpg","https://f1qv-main-data.s3.us-east-1.amazonaws.com/amt/main_task_F1QV/Bird/Tactile/6.jpg","","Duck","https://f1qv-main-data.s3.us-east-1.amazonaws.com/amt/main_task_F1QV/Duck/Natural/9_Duck.jpg","https://f1qv-main-data.s3.us-east-1.amazonaws.com/amt/main_task_F1QV/Duck/Tactile/9.jpg","","Elephant","https://f1qv-main-data.s3.us-east-1.amazonaws.com/amt/main_task_F1QV/Elephant/Natural/3_Elephant.png","https://f1qv-main-data.s3.us-east-1.amazonaws.com/amt/main_task_F1QV/Elephant/Tactile/3.jpg","","[{""question1"":{""angle_match"":true,""view_frontal"":false,""view_perspective"":false,""view_side"":true,""view_top"":false},""question10"":{""angle_match"":true,""view_frontal"":false,""view_perspective"":false,""view_side"":true,""view_top"":false},""question2"":{""angle_match"":true,""view_frontal"":false,""view_perspective"":false,""view_side"":true,""view_top"":false},""question3"":{""angle_match"":true,""view_frontal"":false,""view_perspective"":false,""view_side"":true,""view_top"":false},""question4"":{""angle_match"":true,""view_frontal"":false,""view_perspective"":false,""view_side"":true,""view_top"":false},""question5"":{""angle_match"":true,""view_frontal"":false,""view_perspective"":false,""view_side"":true,""view_top"":false},""question6"":{""angle_match"":true,""view_frontal"":false,""view_perspective"":false,""view_side"":true,""view_top"":false},""question7"":{""angle_match"":false,""view_frontal"":true,""view_perspective"":false,""view_side"":false,""view_top"":false},""question8"":{""angle_match"":true,""view_frontal"":false,""view_perspective"":false,""view_side"":true,""view_top"":false},""question9"":{""angle_match"":true,""view_frontal"":false,""view_perspective"":false,""view_side"":true,""view_top"":false}}]"
"3Y3N5A7N58NWYNELQDIEJ5AW5NDMYQ","3BHRGUFAI0A6J7Y48A1RI398KZYCSF","Categorize images based on object's view.","Review 10 animal’s line-arts and judge if it has same or different views. Identify view for each tactile. (10 pairs)","tactile, image review, accessibility, animals","$0.05","Tue Mar 03 20:32:22 PST 2026","7","BatchId:5376447;OriginalHitTemplateId:928390873;","3600","2592000","Mon Mar 23 21:32:22 PDT 2026","","","3VBEN272NDD1WB4J66XVCYYRKEEGSI","A33I0A28TLIR6J","Submitted","Tue Mar 03 20:41:17 PST 2026","Tue Mar 03 21:13:16 PST 2026","Thu Apr 02 22:13:16 PDT 2026","","","","1919","100% (1/1)","0% (0/0)","0% (0/0)","Fish","https://f1qv-main-data.s3.us-east-1.amazonaws.com/amt/main_task_F1QV/Fish/Natural/14_fish.png","https://f1qv-main-data.s3.us-east-1.amazonaws.com/amt/main_task_F1QV/Fish/Tactile/14.jpg","","Cat","https://f1qv-main-data.s3.us-east-1.amazonaws.com/amt/main_task_F1QV/Cat/Natural/cat_19.jpg","https://f1qv-main-data.s3.us-east-1.amazonaws.com/amt/main_task_F1QV/Cat/Tactile/19.jpg","","Giraffe","https://f1qv-main-data.s3.us-east-1.amazonaws.com/amt/main_task_F1QV/Giraffe/Natural/12_Giraffe_Edited.jpg","https://f1qv-main-data.s3.us-east-1.amazonaws.com/amt/main_task_F1QV/Giraffe/Tactile/12.jpg","","Elephant","https://f1qv-main-data.s3.us-east-1.amazonaws.com/amt/main_task_F1QV/Elephant/Natural/11_Elephant.jpeg","https://f1qv-main-data.s3.us-east-1.amazonaws.com/amt/main_task_F1QV/Elephant/Tactile/11.jpg","","Beluga Whale","https://f1qv-main-data.s3.us-east-1.amazonaws.com/amt/main_task_F1QV/Beluga Whale/Natural/Beluga_3.jpg","https://f1qv-main-data.s3.us-east-1.amazonaws.com/amt/main_task_F1QV/Beluga Whale/Tactile/3.jpg","","Bat","https://f1qv-main-data.s3.us-east-1.amazonaws.com/amt/main_task_F1QV/Bat/Natural/9_4.jpg","https://f1qv-main-data.s3.us-east-1.amazonaws.com/amt/main_task_F1QV/Bat/Tactile/9.jpeg","","Penguin","https://f1qv-main-data.s3.us-east-1.amazonaws.com/amt/main_task_F1QV/Penguin/Natural/1.jpg","https://f1qv-main-data.s3.us-east-1.amazonaws.com/amt/main_task_F1QV/Penguin/Tactile/1.jpeg","","Bird","https://f1qv-main-data.s3.us-east-1.amazonaws.com/amt/main_task_F1QV/Bird/Natural/6_Bird.jpg","https://f1qv-main-data.s3.us-east-1.amazonaws.com/amt/main_task_F1QV/Bird/Tactile/6.jpg","","Duck","https://f1qv-main-data.s3.us-east-1.amazonaws.com/amt/main_task_F1QV/Duck/Natural/9_Duck.jpg","https://f1qv-main-data.s3.us-east-1.amazonaws.com/amt/main_task_F1QV/Duck/Tactile/9.jpg","","Elephant","https://f1qv-main-data.s3.us-east-1.amazonaws.com/amt/main_task_F1QV/Elephant/Natural/3_Elephant.png","https://f1qv-main-data.s3.us-east-1.amazonaws.com/amt/main_task_F1QV/Elephant/Tactile/3.jpg","","[{""question1"":{""angle_match"":true,""view_frontal"":false,""view_perspective"":false,""view_side"":true,""view_top"":false},""question10"":{""angle_match"":true,""view_frontal"":false,""view_perspective"":false,""view_side"":true,""view_top"":false},""question2"":{""angle_match"":true,""view_frontal"":true,""view_perspective"":false,""view_side"":false,""view_top"":false},""question3"":{""angle_match"":true,""view_frontal"":false,""view_perspective"":false,""view_side"":true,""view_top"":false},""question4"":{""angle_match"":true,""view_frontal"":false,""view_perspective"":false,""view_side"":true,""view_top"":false},""question5"":{""angle_match"":true,""view_frontal"":false,""view_perspective"":false,""view_side"":true,""view_top"":false},""question6"":{""angle_match"":true,""view_frontal"":false,""view_perspective"":false,""view_side"":false,""view_top"":false},""question7"":{""angle_match"":true,""view_frontal"":true,""view_perspective"":false,""view_side"":false,""view_top"":false},""question8"":{""angle_match"":true,""view_frontal"":false,""view_perspective"":true,""view_side"":false,""view_top"":false},""question9"":{""angle_match"":true,""view_frontal"":false,""view_perspective"":false,""view_side"":true,""view_top"":false}}]"
"3Y3N5A7N58NWYNELQDIEJ5AW5NDMYQ","3BHRGUFAI0A6J7Y48A1RI398KZYCSF","Categorize images based on object's view.","Review 10 animal’s line-arts and judge if it has same or different views. Identify view for each tactile. (10 pairs)","tactile, image review, accessibility, animals","$0.05","Tue Mar 03 20:32:22 PST 2026","7","BatchId:5376447;OriginalHitTemplateId:928390873;","3600","2592000","Mon Mar 23 21:32:22 PDT 2026","","","3OCHAWUVHHYEUEM1Q7OX9Y7C69UXK5","ALJH5865ISWT1","Submitted","Tue Mar 03 20:38:55 PST 2026","Tue Mar 03 21:30:32 PST 2026","Thu Apr 02 22:30:32 PDT 2026","","","","3097","100% (2/2)","100% (2/2)","0% (0/0)","Fish","https://f1qv-main-data.s3.us-east-1.amazonaws.com/amt/main_task_F1QV/Fish/Natural/14_fish.png","https://f1qv-main-data.s3.us-east-1.amazonaws.com/amt/main_task_F1QV/Fish/Tactile/14.jpg","","Cat","https://f1qv-main-data.s3.us-east-1.amazonaws.com/amt/main_task_F1QV/Cat/Natural/cat_19.jpg","https://f1qv-main-data.s3.us-east-1.amazonaws.com/amt/main_task_F1QV/Cat/Tactile/19.jpg","","Giraffe","https://f1qv-main-data.s3.us-east-1.amazonaws.com/amt/main_task_F1QV/Giraffe/Natural/12_Giraffe_Edited.jpg","https://f1qv-main-data.s3.us-east-1.amazonaws.com/amt/main_task_F1QV/Giraffe/Tactile/12.jpg","","Elephant","https://f1qv-main-data.s3.us-east-1.amazonaws.com/amt/main_task_F1QV/Elephant/Natural/11_Elephant.jpeg","https://f1qv-main-data.s3.us-east-1.amazonaws.com/amt/main_task_F1QV/Elephant/Tactile/11.jpg","","Beluga Whale","https://f1qv-main-data.s3.us-east-1.amazonaws.com/amt/main_task_F1QV/Beluga Whale/Natural/Beluga_3.jpg","https://f1qv-main-data.s3.us-east-1.amazonaws.com/amt/main_task_F1QV/Beluga Whale/Tactile/3.jpg","","Bat","https://f1qv-main-data.s3.us-east-1.amazonaws.com/amt/main_task_F1QV/Bat/Natural/9_4.jpg","https://f1qv-main-data.s3.us-east-1.amazonaws.com/amt/main_task_F1QV/Bat/Tactile/9.jpeg","","Penguin","https://f1qv-main-data.s3.us-east-1.amazonaws.com/amt/main_task_F1QV/Penguin/Natural/1.jpg","https://f1qv-main-data.s3.us-east-1.amazonaws.com/amt/main_task_F1QV/Penguin/Tactile/1.jpeg","","Bird","https://f1qv-main-data.s3.us-east-1.amazonaws.com/amt/main_task_F1QV/Bird/Natural/6_Bird.jpg","https://f1qv-main-data.s3.us-east-1.amazonaws.com/amt/main_task_F1QV/Bird/Tactile/6.jpg","","Duck","https://f1qv-main-data.s3.us-east-1.amazonaws.com/amt/main_task_F1QV/Duck/Natural/9_Duck.jpg","https://f1qv-main-data.s3.us-east-1.amazonaws.com/amt/main_task_F1QV/Duck/Tactile/9.jpg","","Elephant","https://f1qv-main-data.s3.us-east-1.amazonaws.com/amt/main_task_F1QV/Elephant/Natural/3_Elephant.png","https://f1qv-main-data.s3.us-east-1.amazonaws.com/amt/main_task_F1QV/Elephant/Tactile/3.jpg","","[{""question1"":{""angle_match"":true,""view_frontal"":false,""view_perspective"":false,""view_side"":true,""view_top"":false},""question10"":{""angle_match"":true,""view_frontal"":false,""view_perspective"":false,""view_side"":true,""view_top"":false},""question2"":{""angle_match"":true,""view_frontal"":true,""view_perspective"":false,""view_side"":false,""view_top"":false},""question3"":{""angle_match"":true,""view_frontal"":false,""view_perspective"":false,""view_side"":true,""view_top"":false},""question4"":{""angle_match"":true,""view_frontal"":false,""view_perspective"":false,""view_side"":true,""view_top"":false},""question5"":{""angle_match"":true,""view_frontal"":false,""view_perspective"":false,""view_side"":true,""view_top"":false},""question6"":{""angle_match"":true,""view_frontal"":false,""view_perspective"":false,""view_side"":true,""view_top"":false},""question7"":{""angle_match"":true,""view_frontal"":true,""view_perspective"":false,""view_side"":false,""view_top"":false},""question8"":{""angle_match"":true,""view_frontal"":false,""view_perspective"":false,""view_side"":true,""view_top"":false},""question9"":{""angle_match"":true,""view_frontal"":false,""view_perspective"":false,""view_side"":true,""view_top"":false}}]"
"3Y3N5A7N58NWYNELQDIEJ5AW5NDMYQ","3BHRGUFAI0A6J7Y48A1RI398KZYCSF","Categorize images based on object's view.","Review 10 animal’s line-arts and judge if it has same or different views. Identify view for each tactile. (10 pairs)","tactile, image review, accessibility, animals","$0.05","Tue Mar 03 20:32:22 PST 2026","7","BatchId:5376447;OriginalHitTemplateId:928390873;","3600","2592000","Mon Mar 23 21:32:22 PDT 2026","","","3634BBTX1H86OX5SQAXZQBSSA0BFIN","A22YCS3UW15WOO","Submitted","Tue Mar 03 20:39:59 PST 2026","Tue Mar 03 21:34:21 PST 2026","Thu Apr 02 22:34:21 PDT 2026","","","","3262","100% (60/60)","100% (12/12)","0% (0/0)","Fish","https://f1qv-main-data.s3.us-east-1.amazonaws.com/amt/main_task_F1QV/Fish/Natural/14_fish.png","https://f1qv-main-data.s3.us-east-1.amazonaws.com/amt/main_task_F1QV/Fish/Tactile/14.jpg","","Cat","https://f1qv-main-data.s3.us-east-1.amazonaws.com/amt/main_task_F1QV/Cat/Natural/cat_19.jpg","https://f1qv-main-data.s3.us-east-1.amazonaws.com/amt/main_task_F1QV/Cat/Tactile/19.jpg","","Giraffe","https://f1qv-main-data.s3.us-east-1.amazonaws.com/amt/main_task_F1QV/Giraffe/Natural/12_Giraffe_Edited.jpg","https://f1qv-main-data.s3.us-east-1.amazonaws.com/amt/main_task_F1QV/Giraffe/Tactile/12.jpg","","Elephant","https://f1qv-main-data.s3.us-east-1.amazonaws.com/amt/main_task_F1QV/Elephant/Natural/11_Elephant.jpeg","https://f1qv-main-data.s3.us-east-1.amazonaws.com/amt/main_task_F1QV/Elephant/Tactile/11.jpg","","Beluga Whale","https://f1qv-main-data.s3.us-east-1.amazonaws.com/amt/main_task_F1QV/Beluga Whale/Natural/Beluga_3.jpg","https://f1qv-main-data.s3.us-east-1.amazonaws.com/amt/main_task_F1QV/Beluga Whale/Tactile/3.jpg","","Bat","https://f1qv-main-data.s3.us-east-1.amazonaws.com/amt/main_task_F1QV/Bat/Natural/9_4.jpg","https://f1qv-main-data.s3.us-east-1.amazonaws.com/amt/main_task_F1QV/Bat/Tactile/9.jpeg","","Penguin","https://f1qv-main-data.s3.us-east-1.amazonaws.com/amt/main_task_F1QV/Penguin/Natural/1.jpg","https://f1qv-main-data.s3.us-east-1.amazonaws.com/amt/main_task_F1QV/Penguin/Tactile/1.jpeg","","Bird","https://f1qv-main-data.s3.us-east-1.amazonaws.com/amt/main_task_F1QV/Bird/Natural/6_Bird.jpg","https://f1qv-main-data.s3.us-east-1.amazonaws.com/amt/main_task_F1QV/Bird/Tactile/6.jpg","","Duck","https://f1qv-main-data.s3.us-east-1.amazonaws.com/amt/main_task_F1QV/Duck/Natural/9_Duck.jpg","https://f1qv-main-data.s3.us-east-1.amazonaws.com/amt/main_task_F1QV/Duck/Tactile/9.jpg","","Elephant","https://f1qv-main-data.s3.us-east-1.amazonaws.com/amt/main_task_F1QV/Elephant/Natural/3_Elephant.png","https://f1qv-main-data.s3.us-east-1.amazonaws.com/amt/main_task_F1QV/Elephant/Tactile/3.jpg","","[{""question1"":{""angle_match"":true,""view_frontal"":false,""view_perspective"":true,""view_side"":false,""view_top"":false},""question10"":{""angle_match"":true,""view_frontal"":false,""view_perspective"":false,""view_side"":true,""view_top"":false},""question2"":{""angle_match"":true,""view_frontal"":true,""view_perspective"":false,""view_side"":false,""view_top"":false},""question3"":{""angle_match"":true,""view_frontal"":false,""view_perspective"":true,""view_side"":false,""view_top"":false},""question4"":{""angle_match"":true,""view_frontal"":false,""view_perspective"":true,""view_side"":false,""view_top"":false},""question5"":{""angle_match"":true,""view_frontal"":false,""view_perspective"":false,""view_side"":true,""view_top"":false},""question6"":{""angle_match"":true,""view_frontal"":false,""view_perspective"":false,""view_side"":true,""view_top"":false},""question7"":{""angle_match"":true,""view_frontal"":true,""view_perspective"":false,""view_side"":false,""view_top"":false},""question8"":{""angle_match"":true,""view_frontal"":false,""view_perspective"":true,""view_side"":false,""view_top"":false},""question9"":{""angle_match"":true,""view_frontal"":false,""view_perspective"":false,""view_side"":false,""view_top"":true}}]"
"3GONHBMNINCW3DOQMZKXXCJYBHHMZH","3BHRGUFAI0A6J7Y48A1RI398KZYCSF","Categorize images based on object's view.","Review 10 animal’s line-arts and judge if it has same or different views. Identify view for each tactile. (10 pairs)","tactile, image review, accessibility, animals","$0.05","Tue Mar 03 20:32:22 PST 2026","7","BatchId:5376447;OriginalHitTemplateId:928390873;","3600","2592000","Mon Mar 23 21:32:22 PDT 2026","","","3PB5A5BD1OKFDDKRI3ZKH72VXZXG7P","A1MYCZT6OX9G20","Submitted","Tue Mar 03 20:37:45 PST 2026","Tue Mar 03 20:50:59 PST 2026","Thu Apr 02 21:50:59 PDT 2026","","","","794","100% (9/9)","0% (0/0)","0% (0/0)","Dog","https://f1qv-main-data.s3.us-east-1.amazonaws.com/amt/main_task_F1QV/Dog/Natural/2_Dog.jpg","https://f1qv-main-data.s3.us-east-1.amazonaws.com/amt/main_task_F1QV/Dog/Tactile/2.jpg","","Jellyfish","https://f1qv-main-data.s3.us-east-1.amazonaws.com/amt/main_task_F1QV/Jellyfish/Natural/2.jpg","https://f1qv-main-data.s3.us-east-1.amazonaws.com/amt/main_task_F1QV/Jellyfish/Tactile/2.jpg","","Horse","https://f1qv-main-data.s3.us-east-1.amazonaws.com/amt/main_task_F1QV/Horse/Natural/5_Horse.jpeg","https://f1qv-main-data.s3.us-east-1.amazonaws.com/amt/main_task_F1QV/Horse/Tactile/5.jpg","","Fish","https://f1qv-main-data.s3.us-east-1.amazonaws.com/amt/main_task_F1QV/Fish/Natural/12_fish2.png","https://f1qv-main-data.s3.us-east-1.amazonaws.com/amt/main_task_F1QV/Fish/Tactile/12.jpg","","Horse","https://f1qv-main-data.s3.us-east-1.amazonaws.com/amt/main_task_F1QV/Horse/Natural/11_Horse.jpeg","https://f1qv-main-data.s3.us-east-1.amazonaws.com/amt/main_task_F1QV/Horse/Tactile/11.jpg","","Bird","https://f1qv-main-data.s3.us-east-1.amazonaws.com/amt/main_task_F1QV/Bird/Natural/17_Bird.jpg","https://f1qv-main-data.s3.us-east-1.amazonaws.com/amt/main_task_F1QV/Bird/Tactile/17.jpg","","Horse","https://f1qv-main-data.s3.us-east-1.amazonaws.com/amt/main_task_F1QV/Horse/Natural/22_Horse.jpeg","https://f1qv-main-data.s3.us-east-1.amazonaws.com/amt/main_task_F1QV/Horse/Tactile/22.jpg","","Bird","https://f1qv-main-data.s3.us-east-1.amazonaws.com/amt/main_task_F1QV/Bird/Natural/18_Bird.jpg","https://f1qv-main-data.s3.us-east-1.amazonaws.com/amt/main_task_F1QV/Bird/Tactile/18.jpg","","Cat","https://f1qv-main-data.s3.us-east-1.amazonaws.com/amt/main_task_F1QV/Cat/Natural/cat_2(2).jpg","https://f1qv-main-data.s3.us-east-1.amazonaws.com/amt/main_task_F1QV/Cat/Tactile/2.jpg","","Giraffe","https://f1qv-main-data.s3.us-east-1.amazonaws.com/amt/main_task_F1QV/Giraffe/Natural/8_Giraffe.jpg","https://f1qv-main-data.s3.us-east-1.amazonaws.com/amt/main_task_F1QV/Giraffe/Tactile/8.jpeg","","[{""question1"":{""angle_match"":true,""view_frontal"":false,""view_perspective"":false,""view_side"":true,""view_top"":false},""question10"":{""angle_match"":true,""view_frontal"":false,""view_perspective"":false,""view_side"":true,""view_top"":false},""question2"":{""angle_match"":true,""view_frontal"":true,""view_perspective"":false,""view_side"":false,""view_top"":false},""question3"":{""angle_match"":true,""view_frontal"":false,""view_perspective"":false,""view_side"":true,""view_top"":false},""question4"":{""angle_match"":true,""view_frontal"":false,""view_perspective"":false,""view_side"":true,""view_top"":false},""question5"":{""angle_match"":true,""view_frontal"":false,""view_perspective"":false,""view_side"":true,""view_top"":false},""question6"":{""angle_match"":true,""view_frontal"":false,""view_perspective"":false,""view_side"":true,""view_top"":false},""question7"":{""angle_match"":true,""view_frontal"":false,""view_perspective"":false,""view_side"":true,""view_top"":false},""question8"":{""angle_match"":true,""view_frontal"":false,""view_perspective"":false,""view_side"":true,""view_top"":false},""question9"":{""angle_match"":true,""view_frontal"":false,""view_perspective"":false,""view_side"":true,""view_top"":false}}]"
"3GONHBMNINCW3DOQMZKXXCJYBHHMZH","3BHRGUFAI0A6J7Y48A1RI398KZYCSF","Categorize images based on object's view.","Review 10 animal’s line-arts and judge if it has same or different views. Identify view for each tactile. (10 pairs)","tactile, image review, accessibility, animals","$0.05","Tue Mar 03 20:32:22 PST 2026","7","BatchId:5376447;OriginalHitTemplateId:928390873;","3600","2592000","Mon Mar 23 21:32:22 PDT 2026","","","31LVTDXBM0O5HOI728U6ZGY3UTIRLC","A3CWVU18V57686","Submitted","Tue Mar 03 20:42:35 PST 2026","Tue Mar 03 21:02:47 PST 2026","Thu Apr 02 22:02:47 PDT 2026","","","","1212","0% (0/0)","0% (0/0)","0% (0/0)","Dog","https://f1qv-main-data.s3.us-east-1.amazonaws.com/amt/main_task_F1QV/Dog/Natural/2_Dog.jpg","https://f1qv-main-data.s3.us-east-1.amazonaws.com/amt/main_task_F1QV/Dog/Tactile/2.jpg","","Jellyfish","https://f1qv-main-data.s3.us-east-1.amazonaws.com/amt/main_task_F1QV/Jellyfish/Natural/2.jpg","https://f1qv-main-data.s3.us-east-1.amazonaws.com/amt/main_task_F1QV/Jellyfish/Tactile/2.jpg","","Horse","https://f1qv-main-data.s3.us-east-1.amazonaws.com/amt/main_task_F1QV/Horse/Natural/5_Horse.jpeg","https://f1qv-main-data.s3.us-east-1.amazonaws.com/amt/main_task_F1QV/Horse/Tactile/5.jpg","","Fish","https://f1qv-main-data.s3.us-east-1.amazonaws.com/amt/main_task_F1QV/Fish/Natural/12_fish2.png","https://f1qv-main-data.s3.us-east-1.amazonaws.com/amt/main_task_F1QV/Fish/Tactile/12.jpg","","Horse","https://f1qv-main-data.s3.us-east-1.amazonaws.com/amt/main_task_F1QV/Horse/Natural/11_Horse.jpeg","https://f1qv-main-data.s3.us-east-1.amazonaws.com/amt/main_task_F1QV/Horse/Tactile/11.jpg","","Bird","https://f1qv-main-data.s3.us-east-1.amazonaws.com/amt/main_task_F1QV/Bird/Natural/17_Bird.jpg","https://f1qv-main-data.s3.us-east-1.amazonaws.com/amt/main_task_F1QV/Bird/Tactile/17.jpg","","Horse","https://f1qv-main-data.s3.us-east-1.amazonaws.com/amt/main_task_F1QV/Horse/Natural/22_Horse.jpeg","https://f1qv-main-data.s3.us-east-1.amazonaws.com/amt/main_task_F1QV/Horse/Tactile/22.jpg","","Bird","https://f1qv-main-data.s3.us-east-1.amazonaws.com/amt/main_task_F1QV/Bird/Natural/18_Bird.jpg","https://f1qv-main-data.s3.us-east-1.amazonaws.com/amt/main_task_F1QV/Bird/Tactile/18.jpg","","Cat","https://f1qv-main-data.s3.us-east-1.amazonaws.com/amt/main_task_F1QV/Cat/Natural/cat_2(2).jpg","https://f1qv-main-data.s3.us-east-1.amazonaws.com/amt/main_task_F1QV/Cat/Tactile/2.jpg","","Giraffe","https://f1qv-main-data.s3.us-east-1.amazonaws.com/amt/main_task_F1QV/Giraffe/Natural/8_Giraffe.jpg","https://f1qv-main-data.s3.us-east-1.amazonaws.com/amt/main_task_F1QV/Giraffe/Tactile/8.jpeg","","[{""question1"":{""angle_match"":true,""view_frontal"":false,""view_perspective"":false,""view_side"":true,""view_top"":false},""question10"":{""angle_match"":true,""view_frontal"":false,""view_perspective"":false,""view_side"":true,""view_top"":false},""question2"":{""angle_match"":false,""view_frontal"":true,""view_perspective"":false,""view_side"":false,""view_top"":false},""question3"":{""angle_match"":true,""view_frontal"":false,""view_perspective"":false,""view_side"":true,""view_top"":false},""question4"":{""angle_match"":true,""view_frontal"":false,""view_perspective"":false,""view_side"":true,""view_top"":false},""question5"":{""angle_match"":true,""view_frontal"":false,""view_perspective"":false,""view_side"":true,""view_top"":false},""question6"":{""angle_match"":true,""view_frontal"":false,""view_perspective"":false,""view_side"":true,""view_top"":false},""question7"":{""angle_match"":true,""view_frontal"":false,""view_perspective"":false,""view_side"":true,""view_top"":false},""question8"":{""angle_match"":true,""view_frontal"":false,""view_perspective"":false,""view_side"":true,""view_top"":false},""question9"":{""angle_match"":true,""view_frontal"":false,""view_perspective"":false,""view_side"":true,""view_top"":false}}]"
"3GONHBMNINCW3DOQMZKXXCJYBHHMZH","3BHRGUFAI0A6J7Y48A1RI398KZYCSF","Categorize images based on object's view.","Review 10 animal’s line-arts and judge if it has same or different views. Identify view for each tactile. (10 pairs)","tactile, image review, accessibility, animals","$0.05","Tue Mar 03 20:32:22 PST 2026","7","BatchId:5376447;OriginalHitTemplateId:928390873;","3600","2592000","Mon Mar 23 21:32:22 PDT 2026","","","32Z9ZLUT2EY0YF71JVY4DT0R2PQHON","A10XLF9Z0J3HN0","Submitted","Tue Mar 03 21:02:05 PST 2026","Tue Mar 03 21:03:56 PST 2026","Thu Apr 02 22:03:56 PDT 2026","","","","111","0% (0/0)","0% (0/0)","0% (0/0)","Dog","https://f1qv-main-data.s3.us-east-1.amazonaws.com/amt/main_task_F1QV/Dog/Natural/2_Dog.jpg","https://f1qv-main-data.s3.us-east-1.amazonaws.com/amt/main_task_F1QV/Dog/Tactile/2.jpg","","Jellyfish","https://f1qv-main-data.s3.us-east-1.amazonaws.com/amt/main_task_F1QV/Jellyfish/Natural/2.jpg","https://f1qv-main-data.s3.us-east-1.amazonaws.com/amt/main_task_F1QV/Jellyfish/Tactile/2.jpg","","Horse","https://f1qv-main-data.s3.us-east-1.amazonaws.com/amt/main_task_F1QV/Horse/Natural/5_Horse.jpeg","https://f1qv-main-data.s3.us-east-1.amazonaws.com/amt/main_task_F1QV/Horse/Tactile/5.jpg","","Fish","https://f1qv-main-data.s3.us-east-1.amazonaws.com/amt/main_task_F1QV/Fish/Natural/12_fish2.png","https://f1qv-main-data.s3.us-east-1.amazonaws.com/amt/main_task_F1QV/Fish/Tactile/12.jpg","","Horse","https://f1qv-main-data.s3.us-east-1.amazonaws.com/amt/main_task_F1QV/Horse/Natural/11_Horse.jpeg","https://f1qv-main-data.s3.us-east-1.amazonaws.com/amt/main_task_F1QV/Horse/Tactile/11.jpg","","Bird","https://f1qv-main-data.s3.us-east-1.amazonaws.com/amt/main_task_F1QV/Bird/Natural/17_Bird.jpg","https://f1qv-main-data.s3.us-east-1.amazonaws.com/amt/main_task_F1QV/Bird/Tactile/17.jpg","","Horse","https://f1qv-main-data.s3.us-east-1.amazonaws.com/amt/main_task_F1QV/Horse/Natural/22_Horse.jpeg","https://f1qv-main-data.s3.us-east-1.amazonaws.com/amt/main_task_F1QV/Horse/Tactile/22.jpg","","Bird","https://f1qv-main-data.s3.us-east-1.amazonaws.com/amt/main_task_F1QV/Bird/Natural/18_Bird.jpg","https://f1qv-main-data.s3.us-east-1.amazonaws.com/amt/main_task_F1QV/Bird/Tactile/18.jpg","","Cat","https://f1qv-main-data.s3.us-east-1.amazonaws.com/amt/main_task_F1QV/Cat/Natural/cat_2(2).jpg","https://f1qv-main-data.s3.us-east-1.amazonaws.com/amt/main_task_F1QV/Cat/Tactile/2.jpg","","Giraffe","https://f1qv-main-data.s3.us-east-1.amazonaws.com/amt/main_task_F1QV/Giraffe/Natural/8_Giraffe.jpg","https://f1qv-main-data.s3.us-east-1.amazonaws.com/amt/main_task_F1QV/Giraffe/Tactile/8.jpeg","","[{""question1"":{""angle_match"":true,""view_frontal"":false,""view_perspective"":false,""view_side"":true,""view_top"":false},""question10"":{""angle_match"":true,""view_frontal"":false,""view_perspective"":false,""view_side"":true,""view_top"":false},""question2"":{""angle_match"":true,""view_frontal"":true,""view_perspective"":false,""view_side"":false,""view_top"":false},""question3"":{""angle_match"":true,""view_frontal"":false,""view_perspective"":false,""view_side"":true,""view_top"":false},""question4"":{""angle_match"":true,""view_frontal"":false,""view_perspective"":false,""view_side"":true,""view_top"":false},""question5"":{""angle_match"":true,""view_frontal"":false,""view_perspective"":false,""view_side"":true,""view_top"":false},""question6"":{""angle_match"":true,""view_frontal"":false,""view_perspective"":false,""view_side"":true,""view_top"":false},""question7"":{""angle_match"":true,""view_frontal"":false,""view_perspective"":false,""view_side"":true,""view_top"":false},""question8"":{""angle_match"":true,""view_frontal"":false,""view_perspective"":false,""view_side"":true,""view_top"":false},""question9"":{""angle_match"":true,""view_frontal"":false,""view_perspective"":false,""view_side"":true,""view_top"":false}}]"
"3GONHBMNINCW3DOQMZKXXCJYBHHMZH","3BHRGUFAI0A6J7Y48A1RI398KZYCSF","Categorize images based on object's view.","Review 10 animal’s line-arts and judge if it has same or different views. Identify view for each tactile. (10 pairs)","tactile, image review, accessibility, animals","$0.05","Tue Mar 03 20:32:22 PST 2026","7","BatchId:5376447;OriginalHitTemplateId:928390873;","3600","2592000","Mon Mar 23 21:32:22 PDT 2026","","","3E4GGUZ1U15DTYJ42I34J8DGT1Z2K7","AWGGLWWAXQGN0","Submitted","Tue Mar 03 20:44:13 PST 2026","Tue Mar 03 21:09:45 PST 2026","Thu Apr 02 22:09:45 PDT 2026","","","","1532","100% (2/2)","100% (2/2)","0% (0/0)","Dog","https://f1qv-main-data.s3.us-east-1.amazonaws.com/amt/main_task_F1QV/Dog/Natural/2_Dog.jpg","https://f1qv-main-data.s3.us-east-1.amazonaws.com/amt/main_task_F1QV/Dog/Tactile/2.jpg","","Jellyfish","https://f1qv-main-data.s3.us-east-1.amazonaws.com/amt/main_task_F1QV/Jellyfish/Natural/2.jpg","https://f1qv-main-data.s3.us-east-1.amazonaws.com/amt/main_task_F1QV/Jellyfish/Tactile/2.jpg","","Horse","https://f1qv-main-data.s3.us-east-1.amazonaws.com/amt/main_task_F1QV/Horse/Natural/5_Horse.jpeg","https://f1qv-main-data.s3.us-east-1.amazonaws.com/amt/main_task_F1QV/Horse/Tactile/5.jpg","","Fish","https://f1qv-main-data.s3.us-east-1.amazonaws.com/amt/main_task_F1QV/Fish/Natural/12_fish2.png","https://f1qv-main-data.s3.us-east-1.amazonaws.com/amt/main_task_F1QV/Fish/Tactile/12.jpg","","Horse","https://f1qv-main-data.s3.us-east-1.amazonaws.com/amt/main_task_F1QV/Horse/Natural/11_Horse.jpeg","https://f1qv-main-data.s3.us-east-1.amazonaws.com/amt/main_task_F1QV/Horse/Tactile/11.jpg","","Bird","https://f1qv-main-data.s3.us-east-1.amazonaws.com/amt/main_task_F1QV/Bird/Natural/17_Bird.jpg","https://f1qv-main-data.s3.us-east-1.amazonaws.com/amt/main_task_F1QV/Bird/Tactile/17.jpg","","Horse","https://f1qv-main-data.s3.us-east-1.amazonaws.com/amt/main_task_F1QV/Horse/Natural/22_Horse.jpeg","https://f1qv-main-data.s3.us-east-1.amazonaws.com/amt/main_task_F1QV/Horse/Tactile/22.jpg","","Bird","https://f1qv-main-data.s3.us-east-1.amazonaws.com/amt/main_task_F1QV/Bird/Natural/18_Bird.jpg","https://f1qv-main-data.s3.us-east-1.amazonaws.com/amt/main_task_F1QV/Bird/Tactile/18.jpg","","Cat","https://f1qv-main-data.s3.us-east-1.amazonaws.com/amt/main_task_F1QV/Cat/Natural/cat_2(2).jpg","https://f1qv-main-data.s3.us-east-1.amazonaws.com/amt/main_task_F1QV/Cat/Tactile/2.jpg","","Giraffe","https://f1qv-main-data.s3.us-east-1.amazonaws.com/amt/main_task_F1QV/Giraffe/Natural/8_Giraffe.jpg","https://f1qv-main-data.s3.us-east-1.amazonaws.com/amt/main_task_F1QV/Giraffe/Tactile/8.jpeg","","[{""question1"":{""angle_match"":false,""view_frontal"":false,""view_perspective"":true,""view_side"":false,""view_top"":false},""question10"":{""angle_match"":true,""view_frontal"":false,""view_perspective"":false,""view_side"":true,""view_top"":false},""question2"":{""angle_match"":false,""view_frontal"":false,""view_perspective"":true,""view_side"":false,""view_top"":false},""question3"":{""angle_match"":true,""view_frontal"":false,""view_perspective"":false,""view_side"":true,""view_top"":false},""question4"":{""angle_match"":true,""view_frontal"":false,""view_perspective"":true,""view_side"":false,""view_top"":false},""question5"":{""angle_match"":true,""view_frontal"":false,""view_perspective"":false,""view_side"":true,""view_top"":false},""question6"":{""angle_match"":true,""view_frontal"":false,""view_perspective"":false,""view_side"":true,""view_top"":false},""question7"":{""angle_match"":true,""view_frontal"":false,""view_perspective"":false,""view_side"":true,""view_top"":false},""question8"":{""angle_match"":true,""view_frontal"":true,""view_perspective"":false,""view_side"":false,""view_top"":false},""question9"":{""angle_match"":true,""view_frontal"":false,""view_perspective"":false,""view_side"":false,""view_top"":true}}]"
"3GONHBMNINCW3DOQMZKXXCJYBHHMZH","3BHRGUFAI0A6J7Y48A1RI398KZYCSF","Categorize images based on object's view.","Review 10 animal’s line-arts and judge if it has same or different views. Identify view for each tactile. (10 pairs)","tactile, image review, accessibility, animals","$0.05","Tue Mar 03 20:32:22 PST 2026","7","BatchId:5376447;OriginalHitTemplateId:928390873;","3600","2592000","Mon Mar 23 21:32:22 PDT 2026","","","32VNZTT0B0I9JGBMWGVPDZWS87PR4L","AQ310YX22A2T2","Submitted","Tue Mar 03 20:45:22 PST 2026","Tue Mar 03 21:21:26 PST 2026","Thu Apr 02 22:21:26 PDT 2026","","","","2164","100% (65/65)","100% (8/8)","0% (0/0)","Dog","https://f1qv-main-data.s3.us-east-1.amazonaws.com/amt/main_task_F1QV/Dog/Natural/2_Dog.jpg","https://f1qv-main-data.s3.us-east-1.amazonaws.com/amt/main_task_F1QV/Dog/Tactile/2.jpg","","Jellyfish","https://f1qv-main-data.s3.us-east-1.amazonaws.com/amt/main_task_F1QV/Jellyfish/Natural/2.jpg","https://f1qv-main-data.s3.us-east-1.amazonaws.com/amt/main_task_F1QV/Jellyfish/Tactile/2.jpg","","Horse","https://f1qv-main-data.s3.us-east-1.amazonaws.com/amt/main_task_F1QV/Horse/Natural/5_Horse.jpeg","https://f1qv-main-data.s3.us-east-1.amazonaws.com/amt/main_task_F1QV/Horse/Tactile/5.jpg","","Fish","https://f1qv-main-data.s3.us-east-1.amazonaws.com/amt/main_task_F1QV/Fish/Natural/12_fish2.png","https://f1qv-main-data.s3.us-east-1.amazonaws.com/amt/main_task_F1QV/Fish/Tactile/12.jpg","","Horse","https://f1qv-main-data.s3.us-east-1.amazonaws.com/amt/main_task_F1QV/Horse/Natural/11_Horse.jpeg","https://f1qv-main-data.s3.us-east-1.amazonaws.com/amt/main_task_F1QV/Horse/Tactile/11.jpg","","Bird","https://f1qv-main-data.s3.us-east-1.amazonaws.com/amt/main_task_F1QV/Bird/Natural/17_Bird.jpg","https://f1qv-main-data.s3.us-east-1.amazonaws.com/amt/main_task_F1QV/Bird/Tactile/17.jpg","","Horse","https://f1qv-main-data.s3.us-east-1.amazonaws.com/amt/main_task_F1QV/Horse/Natural/22_Horse.jpeg","https://f1qv-main-data.s3.us-east-1.amazonaws.com/amt/main_task_F1QV/Horse/Tactile/22.jpg","","Bird","https://f1qv-main-data.s3.us-east-1.amazonaws.com/amt/main_task_F1QV/Bird/Natural/18_Bird.jpg","https://f1qv-main-data.s3.us-east-1.amazonaws.com/amt/main_task_F1QV/Bird/Tactile/18.jpg","","Cat","https://f1qv-main-data.s3.us-east-1.amazonaws.com/amt/main_task_F1QV/Cat/Natural/cat_2(2).jpg","https://f1qv-main-data.s3.us-east-1.amazonaws.com/amt/main_task_F1QV/Cat/Tactile/2.jpg","","Giraffe","https://f1qv-main-data.s3.us-east-1.amazonaws.com/amt/main_task_F1QV/Giraffe/Natural/8_Giraffe.jpg","https://f1qv-main-data.s3.us-east-1.amazonaws.com/amt/main_task_F1QV/Giraffe/Tactile/8.jpeg","","[{""question1"":{""angle_match"":true,""view_frontal"":false,""view_perspective"":false,""view_side"":true,""view_top"":false},""question10"":{""angle_match"":true,""view_frontal"":false,""view_perspective"":false,""view_side"":true,""view_top"":false},""question2"":{""angle_match"":true,""view_frontal"":false,""view_perspective"":true,""view_side"":false,""view_top"":false},""question3"":{""angle_match"":true,""view_frontal"":false,""view_perspective"":false,""view_side"":true,""view_top"":false},""question4"":{""angle_match"":true,""view_frontal"":false,""view_perspective"":false,""view_side"":true,""view_top"":false},""question5"":{""angle_match"":true,""view_frontal"":false,""view_perspective"":false,""view_side"":true,""view_top"":false},""question6"":{""angle_match"":true,""view_frontal"":false,""view_perspective"":false,""view_side"":true,""view_top"":false},""question7"":{""angle_match"":true,""view_frontal"":false,""view_perspective"":false,""view_side"":true,""view_top"":false},""question8"":{""angle_match"":true,""view_frontal"":false,""view_perspective"":false,""view_side"":true,""view_top"":false},""question9"":{""angle_match"":true,""view_frontal"":false,""view_perspective"":false,""view_side"":true,""view_top"":false}}]"
"3GONHBMNINCW3DOQMZKXXCJYBHHMZH","3BHRGUFAI0A6J7Y48A1RI398KZYCSF","Categorize images based on object's view.","Review 10 animal’s line-arts and judge if it has same or different views. Identify view for each tactile. (10 pairs)","tactile, image review, accessibility, animals","$0.05","Tue Mar 03 20:32:22 PST 2026","7","BatchId:5376447;OriginalHitTemplateId:928390873;","3600","2592000","Mon Mar 23 21:32:22 PDT 2026","","","37WLF8U1XI41BZ25PKF79LUS95W6KL","A22YCS3UW15WOO","Submitted","Tue Mar 03 20:38:47 PST 2026","Tue Mar 03 21:25:04 PST 2026","Thu Apr 02 22:25:04 PDT 2026","","","","2777","100% (60/60)","100% (12/12)","0% (0/0)","Dog","https://f1qv-main-data.s3.us-east-1.amazonaws.com/amt/main_task_F1QV/Dog/Natural/2_Dog.jpg","https://f1qv-main-data.s3.us-east-1.amazonaws.com/amt/main_task_F1QV/Dog/Tactile/2.jpg","","Jellyfish","https://f1qv-main-data.s3.us-east-1.amazonaws.com/amt/main_task_F1QV/Jellyfish/Natural/2.jpg","https://f1qv-main-data.s3.us-east-1.amazonaws.com/amt/main_task_F1QV/Jellyfish/Tactile/2.jpg","","Horse","https://f1qv-main-data.s3.us-east-1.amazonaws.com/amt/main_task_F1QV/Horse/Natural/5_Horse.jpeg","https://f1qv-main-data.s3.us-east-1.amazonaws.com/amt/main_task_F1QV/Horse/Tactile/5.jpg","","Fish","https://f1qv-main-data.s3.us-east-1.amazonaws.com/amt/main_task_F1QV/Fish/Natural/12_fish2.png","https://f1qv-main-data.s3.us-east-1.amazonaws.com/amt/main_task_F1QV/Fish/Tactile/12.jpg","","Horse","https://f1qv-main-data.s3.us-east-1.amazonaws.com/amt/main_task_F1QV/Horse/Natural/11_Horse.jpeg","https://f1qv-main-data.s3.us-east-1.amazonaws.com/amt/main_task_F1QV/Horse/Tactile/11.jpg","","Bird","https://f1qv-main-data.s3.us-east-1.amazonaws.com/amt/main_task_F1QV/Bird/Natural/17_Bird.jpg","https://f1qv-main-data.s3.us-east-1.amazonaws.com/amt/main_task_F1QV/Bird/Tactile/17.jpg","","Horse","https://f1qv-main-data.s3.us-east-1.amazonaws.com/amt/main_task_F1QV/Horse/Natural/22_Horse.jpeg","https://f1qv-main-data.s3.us-east-1.amazonaws.com/amt/main_task_F1QV/Horse/Tactile/22.jpg","","Bird","https://f1qv-main-data.s3.us-east-1.amazonaws.com/amt/main_task_F1QV/Bird/Natural/18_Bird.jpg","https://f1qv-main-data.s3.us-east-1.amazonaws.com/amt/main_task_F1QV/Bird/Tactile/18.jpg","","Cat","https://f1qv-main-data.s3.us-east-1.amazonaws.com/amt/main_task_F1QV/Cat/Natural/cat_2(2).jpg","https://f1qv-main-data.s3.us-east-1.amazonaws.com/amt/main_task_F1QV/Cat/Tactile/2.jpg","","Giraffe","https://f1qv-main-data.s3.us-east-1.amazonaws.com/amt/main_task_F1QV/Giraffe/Natural/8_Giraffe.jpg","https://f1qv-main-data.s3.us-east-1.amazonaws.com/amt/main_task_F1QV/Giraffe/Tactile/8.jpeg","","[{""question1"":{""angle_match"":false,""view_frontal"":false,""view_perspective"":false,""view_side"":true,""view_top"":false},""question10"":{""angle_match"":true,""view_frontal"":false,""view_perspective"":false,""view_side"":true,""view_top"":false},""question2"":{""angle_match"":true,""view_frontal"":true,""view_perspective"":false,""view_side"":false,""view_top"":false},""question3"":{""angle_match"":false,""view_frontal"":false,""view_perspective"":false,""view_side"":true,""view_top"":false},""question4"":{""angle_match"":true,""view_frontal"":false,""view_perspective"":false,""view_side"":true,""view_top"":false},""question5"":{""angle_match"":true,""view_frontal"":false,""view_perspective"":false,""view_side"":true,""view_top"":false},""question6"":{""angle_match"":false,""view_frontal"":false,""view_perspective"":false,""view_side"":true,""view_top"":false},""question7"":{""angle_match"":true,""view_frontal"":false,""view_perspective"":false,""view_side"":true,""view_top"":false},""question8"":{""angle_match"":true,""view_frontal"":false,""view_perspective"":false,""view_side"":true,""view_top"":false},""question9"":{""angle_match"":true,""view_frontal"":false,""view_perspective"":false,""view_side"":true,""view_top"":false}}]"
"3GONHBMNINCW3DOQMZKXXCJYBHHMZH","3BHRGUFAI0A6J7Y48A1RI398KZYCSF","Categorize images based on object's view.","Review 10 animal’s line-arts and judge if it has same or different views. Identify view for each tactile. (10 pairs)","tactile, image review, accessibility, animals","$0.05","Tue Mar 03 20:32:22 PST 2026","7","BatchId:5376447;OriginalHitTemplateId:928390873;","3600","2592000","Mon Mar 23 21:32:22 PDT 2026","","","31N2WW6RAK4RYUN957QCM5Q3RIDF3M","ALJH5865ISWT1","Submitted","Tue Mar 03 20:39:03 PST 2026","Tue Mar 03 21:33:59 PST 2026","Thu Apr 02 22:33:59 PDT 2026","","","","3296","100% (2/2)","100% (2/2)","0% (0/0)","Dog","https://f1qv-main-data.s3.us-east-1.amazonaws.com/amt/main_task_F1QV/Dog/Natural/2_Dog.jpg","https://f1qv-main-data.s3.us-east-1.amazonaws.com/amt/main_task_F1QV/Dog/Tactile/2.jpg","","Jellyfish","https://f1qv-main-data.s3.us-east-1.amazonaws.com/amt/main_task_F1QV/Jellyfish/Natural/2.jpg","https://f1qv-main-data.s3.us-east-1.amazonaws.com/amt/main_task_F1QV/Jellyfish/Tactile/2.jpg","","Horse","https://f1qv-main-data.s3.us-east-1.amazonaws.com/amt/main_task_F1QV/Horse/Natural/5_Horse.jpeg","https://f1qv-main-data.s3.us-east-1.amazonaws.com/amt/main_task_F1QV/Horse/Tactile/5.jpg","","Fish","https://f1qv-main-data.s3.us-east-1.amazonaws.com/amt/main_task_F1QV/Fish/Natural/12_fish2.png","https://f1qv-main-data.s3.us-east-1.amazonaws.com/amt/main_task_F1QV/Fish/Tactile/12.jpg","","Horse","https://f1qv-main-data.s3.us-east-1.amazonaws.com/amt/main_task_F1QV/Horse/Natural/11_Horse.jpeg","https://f1qv-main-data.s3.us-east-1.amazonaws.com/amt/main_task_F1QV/Horse/Tactile/11.jpg","","Bird","https://f1qv-main-data.s3.us-east-1.amazonaws.com/amt/main_task_F1QV/Bird/Natural/17_Bird.jpg","https://f1qv-main-data.s3.us-east-1.amazonaws.com/amt/main_task_F1QV/Bird/Tactile/17.jpg","","Horse","https://f1qv-main-data.s3.us-east-1.amazonaws.com/amt/main_task_F1QV/Horse/Natural/22_Horse.jpeg","https://f1qv-main-data.s3.us-east-1.amazonaws.com/amt/main_task_F1QV/Horse/Tactile/22.jpg","","Bird","https://f1qv-main-data.s3.us-east-1.amazonaws.com/amt/main_task_F1QV/Bird/Natural/18_Bird.jpg","https://f1qv-main-data.s3.us-east-1.amazonaws.com/amt/main_task_F1QV/Bird/Tactile/18.jpg","","Cat","https://f1qv-main-data.s3.us-east-1.amazonaws.com/amt/main_task_F1QV/Cat/Natural/cat_2(2).jpg","https://f1qv-main-data.s3.us-east-1.amazonaws.com/amt/main_task_F1QV/Cat/Tactile/2.jpg","","Giraffe","https://f1qv-main-data.s3.us-east-1.amazonaws.com/amt/main_task_F1QV/Giraffe/Natural/8_Giraffe.jpg","https://f1qv-main-data.s3.us-east-1.amazonaws.com/amt/main_task_F1QV/Giraffe/Tactile/8.jpeg","","[{""question1"":{""angle_match"":true,""view_frontal"":false,""view_perspective"":false,""view_side"":true,""view_top"":false},""question10"":{""angle_match"":true,""view_frontal"":false,""view_perspective"":false,""view_side"":true,""view_top"":false},""question2"":{""angle_match"":true,""view_frontal"":true,""view_perspective"":false,""view_side"":false,""view_top"":false},""question3"":{""angle_match"":true,""view_frontal"":false,""view_perspective"":false,""view_side"":true,""view_top"":false},""question4"":{""angle_match"":true,""view_frontal"":false,""view_perspective"":false,""view_side"":true,""view_top"":false},""question5"":{""angle_match"":true,""view_frontal"":false,""view_perspective"":false,""view_side"":true,""view_top"":false},""question6"":{""angle_match"":true,""view_frontal"":false,""view_perspective"":false,""view_side"":true,""view_top"":false},""question7"":{""angle_match"":true,""view_frontal"":false,""view_perspective"":false,""view_side"":true,""view_top"":false},""question8"":{""angle_match"":true,""view_frontal"":false,""view_perspective"":false,""view_side"":true,""view_top"":false},""question9"":{""angle_match"":true,""view_frontal"":false,""view_perspective"":false,""view_side"":true,""view_top"":false}}]"
"3OEWW2KGRBPH0F467XADYOP0IZMDOO","3BHRGUFAI0A6J7Y48A1RI398KZYCSF","Categorize images based on object's view.","Review 10 animal’s line-arts and judge if it has same or different views. Identify view for each tactile. (10 pairs)","tactile, image review, accessibility, animals","$0.05","Tue Mar 03 20:32:22 PST 2026","7","BatchId:5376447;OriginalHitTemplateId:928390873;","3600","2592000","Mon Mar 23 21:32:22 PDT 2026","","","37TD41K0BANOFZOE4K1CM7DCMMOSCM","A1E8TZHMLQMG4L","Submitted","Tue Mar 03 20:44:38 PST 2026","Tue Mar 03 20:48:36 PST 2026","Thu Apr 02 21:48:36 PDT 2026","","","","238","100% (22/22)","0% (0/0)","0% (0/0)","Rabbit","https://f1qv-main-data.s3.us-east-1.amazonaws.com/amt/main_task_F1QV/Rabbit/Natural/9.png","https://f1qv-main-data.s3.us-east-1.amazonaws.com/amt/main_task_F1QV/Rabbit/Tactile/9.jpg","","Elephant","https://f1qv-main-data.s3.us-east-1.amazonaws.com/amt/main_task_F1QV/Elephant/Natural/10_Elephant.jpeg","https://f1qv-main-data.s3.us-east-1.amazonaws.com/amt/main_task_F1QV/Elephant/Tactile/10.jpg","","Fish","https://f1qv-main-data.s3.us-east-1.amazonaws.com/amt/main_task_F1QV/Fish/Natural/20_fish.png","https://f1qv-main-data.s3.us-east-1.amazonaws.com/amt/main_task_F1QV/Fish/Tactile/20.jpg","","Beluga Whale","https://f1qv-main-data.s3.us-east-1.amazonaws.com/amt/main_task_F1QV/Beluga Whale/Natural/Beluga_5.jpg","https://f1qv-main-data.s3.us-east-1.amazonaws.com/amt/main_task_F1QV/Beluga Whale/Tactile/5.jpg","","Fish","https://f1qv-main-data.s3.us-east-1.amazonaws.com/amt/main_task_F1QV/Fish/Natural/26_FISH.png","https://f1qv-main-data.s3.us-east-1.amazonaws.com/amt/main_task_F1QV/Fish/Tactile/26.jpg","","Rabbit","https://f1qv-main-data.s3.us-east-1.amazonaws.com/amt/main_task_F1QV/Rabbit/Natural/4.png","https://f1qv-main-data.s3.us-east-1.amazonaws.com/amt/main_task_F1QV/Rabbit/Tactile/4.jpg","","Horse","https://f1qv-main-data.s3.us-east-1.amazonaws.com/amt/main_task_F1QV/Horse/Natural/23_Horse.jpeg","https://f1qv-main-data.s3.us-east-1.amazonaws.com/amt/main_task_F1QV/Horse/Tactile/23.jpg","","Elephant","https://f1qv-main-data.s3.us-east-1.amazonaws.com/amt/main_task_F1QV/Elephant/Natural/18_Elephant.jpeg","https://f1qv-main-data.s3.us-east-1.amazonaws.com/amt/main_task_F1QV/Elephant/Tactile/18.jpg","","Bat","https://f1qv-main-data.s3.us-east-1.amazonaws.com/amt/main_task_F1QV/Bat/Natural/9_2.png","https://f1qv-main-data.s3.us-east-1.amazonaws.com/amt/main_task_F1QV/Bat/Tactile/9.jpeg","","Llama","https://f1qv-main-data.s3.us-east-1.amazonaws.com/amt/main_task_F1QV/Llama/Natural/8.jpg","https://f1qv-main-data.s3.us-east-1.amazonaws.com/amt/main_task_F1QV/Llama/Tactile/8.jpg","","[{""question1"":{""angle_match"":true,""view_frontal"":false,""view_perspective"":false,""view_side"":true,""view_top"":false},""question10"":{""angle_match"":true,""view_frontal"":false,""view_perspective"":false,""view_side"":true,""view_top"":false},""question2"":{""angle_match"":true,""view_frontal"":false,""view_perspective"":false,""view_side"":true,""view_top"":false},""question3"":{""angle_match"":true,""view_frontal"":false,""view_perspective"":false,""view_side"":true,""view_top"":false},""question4"":{""angle_match"":true,""view_frontal"":false,""view_perspective"":false,""view_side"":true,""view_top"":false},""question5"":{""angle_match"":true,""view_frontal"":false,""view_perspective"":false,""view_side"":false,""view_top"":false},""question6"":{""angle_match"":true,""view_frontal"":false,""view_perspective"":false,""view_side"":false,""view_top"":false},""question7"":{""angle_match"":true,""view_frontal"":false,""view_perspective"":false,""view_side"":true,""view_top"":false},""question8"":{""angle_match"":true,""view_frontal"":false,""view_perspective"":false,""view_side"":true,""view_top"":false},""question9"":{""angle_match"":true,""view_frontal"":false,""view_perspective"":false,""view_side"":true,""view_top"":false}}]"
"3OEWW2KGRBPH0F467XADYOP0IZMDOO","3BHRGUFAI0A6J7Y48A1RI398KZYCSF","Categorize images based on object's view.","Review 10 animal’s line-arts and judge if it has same or different views. Identify view for each tactile. (10 pairs)","tactile, image review, accessibility, animals","$0.05","Tue Mar 03 20:32:22 PST 2026","7","BatchId:5376447;OriginalHitTemplateId:928390873;","3600","2592000","Mon Mar 23 21:32:22 PDT 2026","","","3I3WADAZAJIOIMN6ITXVOWX1XGZ5OU","AWGGLWWAXQGN0","Submitted","Tue Mar 03 20:43:21 PST 2026","Tue Mar 03 20:50:30 PST 2026","Thu Apr 02 21:50:30 PDT 2026","","","","429","100% (2/2)","100% (2/2)","0% (0/0)","Rabbit","https://f1qv-main-data.s3.us-east-1.amazonaws.com/amt/main_task_F1QV/Rabbit/Natural/9.png","https://f1qv-main-data.s3.us-east-1.amazonaws.com/amt/main_task_F1QV/Rabbit/Tactile/9.jpg","","Elephant","https://f1qv-main-data.s3.us-east-1.amazonaws.com/amt/main_task_F1QV/Elephant/Natural/10_Elephant.jpeg","https://f1qv-main-data.s3.us-east-1.amazonaws.com/amt/main_task_F1QV/Elephant/Tactile/10.jpg","","Fish","https://f1qv-main-data.s3.us-east-1.amazonaws.com/amt/main_task_F1QV/Fish/Natural/20_fish.png","https://f1qv-main-data.s3.us-east-1.amazonaws.com/amt/main_task_F1QV/Fish/Tactile/20.jpg","","Beluga Whale","https://f1qv-main-data.s3.us-east-1.amazonaws.com/amt/main_task_F1QV/Beluga Whale/Natural/Beluga_5.jpg","https://f1qv-main-data.s3.us-east-1.amazonaws.com/amt/main_task_F1QV/Beluga Whale/Tactile/5.jpg","","Fish","https://f1qv-main-data.s3.us-east-1.amazonaws.com/amt/main_task_F1QV/Fish/Natural/26_FISH.png","https://f1qv-main-data.s3.us-east-1.amazonaws.com/amt/main_task_F1QV/Fish/Tactile/26.jpg","","Rabbit","https://f1qv-main-data.s3.us-east-1.amazonaws.com/amt/main_task_F1QV/Rabbit/Natural/4.png","https://f1qv-main-data.s3.us-east-1.amazonaws.com/amt/main_task_F1QV/Rabbit/Tactile/4.jpg","","Horse","https://f1qv-main-data.s3.us-east-1.amazonaws.com/amt/main_task_F1QV/Horse/Natural/23_Horse.jpeg","https://f1qv-main-data.s3.us-east-1.amazonaws.com/amt/main_task_F1QV/Horse/Tactile/23.jpg","","Elephant","https://f1qv-main-data.s3.us-east-1.amazonaws.com/amt/main_task_F1QV/Elephant/Natural/18_Elephant.jpeg","https://f1qv-main-data.s3.us-east-1.amazonaws.com/amt/main_task_F1QV/Elephant/Tactile/18.jpg","","Bat","https://f1qv-main-data.s3.us-east-1.amazonaws.com/amt/main_task_F1QV/Bat/Natural/9_2.png","https://f1qv-main-data.s3.us-east-1.amazonaws.com/amt/main_task_F1QV/Bat/Tactile/9.jpeg","","Llama","https://f1qv-main-data.s3.us-east-1.amazonaws.com/amt/main_task_F1QV/Llama/Natural/8.jpg","https://f1qv-main-data.s3.us-east-1.amazonaws.com/amt/main_task_F1QV/Llama/Tactile/8.jpg","","[{""question1"":{""angle_match"":false,""view_frontal"":true,""view_perspective"":false,""view_side"":false,""view_top"":false},""question10"":{""angle_match"":true,""view_frontal"":false,""view_perspective"":false,""view_side"":true,""view_top"":false},""question2"":{""angle_match"":true,""view_frontal"":false,""view_perspective"":false,""view_side"":true,""view_top"":false},""question3"":{""angle_match"":true,""view_frontal"":false,""view_perspective"":false,""view_side"":false,""view_top"":true},""question4"":{""angle_match"":true,""view_frontal"":false,""view_perspective"":false,""view_side"":false,""view_top"":true},""question5"":{""angle_match"":false,""view_frontal"":false,""view_perspective"":true,""view_side"":false,""view_top"":false},""question6"":{""angle_match"":true,""view_frontal"":true,""view_perspective"":false,""view_side"":false,""view_top"":false},""question7"":{""angle_match"":true,""view_frontal"":true,""view_perspective"":false,""view_side"":false,""view_top"":false},""question8"":{""angle_match"":true,""view_frontal"":true,""view_perspective"":false,""view_side"":false,""view_top"":false},""question9"":{""angle_match"":true,""view_frontal"":false,""view_perspective"":false,""view_side"":true,""view_top"":false}}]"
"3OEWW2KGRBPH0F467XADYOP0IZMDOO","3BHRGUFAI0A6J7Y48A1RI398KZYCSF","Categorize images based on object's view.","Review 10 animal’s line-arts and judge if it has same or different views. Identify view for each tactile. (10 pairs)","tactile, image review, accessibility, animals","$0.05","Tue Mar 03 20:32:22 PST 2026","7","BatchId:5376447;OriginalHitTemplateId:928390873;","3600","2592000","Mon Mar 23 21:32:22 PDT 2026","","","3QL2OFSMAZWRZMW9WOKQND36ZMDCNP","A3OLY20VMA8SPJ","Submitted","Tue Mar 03 20:39:21 PST 2026","Tue Mar 03 20:54:08 PST 2026","Thu Apr 02 21:54:08 PDT 2026","","","","887","100% (15/15)","100% (15/15)","0% (0/0)","Rabbit","https://f1qv-main-data.s3.us-east-1.amazonaws.com/amt/main_task_F1QV/Rabbit/Natural/9.png","https://f1qv-main-data.s3.us-east-1.amazonaws.com/amt/main_task_F1QV/Rabbit/Tactile/9.jpg","","Elephant","https://f1qv-main-data.s3.us-east-1.amazonaws.com/amt/main_task_F1QV/Elephant/Natural/10_Elephant.jpeg","https://f1qv-main-data.s3.us-east-1.amazonaws.com/amt/main_task_F1QV/Elephant/Tactile/10.jpg","","Fish","https://f1qv-main-data.s3.us-east-1.amazonaws.com/amt/main_task_F1QV/Fish/Natural/20_fish.png","https://f1qv-main-data.s3.us-east-1.amazonaws.com/amt/main_task_F1QV/Fish/Tactile/20.jpg","","Beluga Whale","https://f1qv-main-data.s3.us-east-1.amazonaws.com/amt/main_task_F1QV/Beluga Whale/Natural/Beluga_5.jpg","https://f1qv-main-data.s3.us-east-1.amazonaws.com/amt/main_task_F1QV/Beluga Whale/Tactile/5.jpg","","Fish","https://f1qv-main-data.s3.us-east-1.amazonaws.com/amt/main_task_F1QV/Fish/Natural/26_FISH.png","https://f1qv-main-data.s3.us-east-1.amazonaws.com/amt/main_task_F1QV/Fish/Tactile/26.jpg","","Rabbit","https://f1qv-main-data.s3.us-east-1.amazonaws.com/amt/main_task_F1QV/Rabbit/Natural/4.png","https://f1qv-main-data.s3.us-east-1.amazonaws.com/amt/main_task_F1QV/Rabbit/Tactile/4.jpg","","Horse","https://f1qv-main-data.s3.us-east-1.amazonaws.com/amt/main_task_F1QV/Horse/Natural/23_Horse.jpeg","https://f1qv-main-data.s3.us-east-1.amazonaws.com/amt/main_task_F1QV/Horse/Tactile/23.jpg","","Elephant","https://f1qv-main-data.s3.us-east-1.amazonaws.com/amt/main_task_F1QV/Elephant/Natural/18_Elephant.jpeg","https://f1qv-main-data.s3.us-east-1.amazonaws.com/amt/main_task_F1QV/Elephant/Tactile/18.jpg","","Bat","https://f1qv-main-data.s3.us-east-1.amazonaws.com/amt/main_task_F1QV/Bat/Natural/9_2.png","https://f1qv-main-data.s3.us-east-1.amazonaws.com/amt/main_task_F1QV/Bat/Tactile/9.jpeg","","Llama","https://f1qv-main-data.s3.us-east-1.amazonaws.com/amt/main_task_F1QV/Llama/Natural/8.jpg","https://f1qv-main-data.s3.us-east-1.amazonaws.com/amt/main_task_F1QV/Llama/Tactile/8.jpg","","[{""question1"":{""angle_match"":true,""view_frontal"":false,""view_perspective"":false,""view_side"":false,""view_top"":true},""question10"":{""angle_match"":true,""view_frontal"":false,""view_perspective"":false,""view_side"":true,""view_top"":false},""question2"":{""angle_match"":true,""view_frontal"":false,""view_perspective"":false,""view_side"":true,""view_top"":false},""question3"":{""angle_match"":true,""view_frontal"":false,""view_perspective"":false,""view_side"":true,""view_top"":false},""question4"":{""angle_match"":true,""view_frontal"":false,""view_perspective"":false,""view_side"":true,""view_top"":false},""question5"":{""angle_match"":true,""view_frontal"":false,""view_perspective"":false,""view_side"":true,""view_top"":false},""question6"":{""angle_match"":true,""view_frontal"":false,""view_perspective"":false,""view_side"":false,""view_top"":true},""question7"":{""angle_match"":true,""view_frontal"":false,""view_perspective"":false,""view_side"":true,""view_top"":false},""question8"":{""angle_match"":true,""view_frontal"":false,""view_perspective"":false,""view_side"":true,""view_top"":false},""question9"":{""angle_match"":true,""view_frontal"":true,""view_perspective"":false,""view_side"":false,""view_top"":false}}]"
"3OEWW2KGRBPH0F467XADYOP0IZMDOO","3BHRGUFAI0A6J7Y48A1RI398KZYCSF","Categorize images based on object's view.","Review 10 animal’s line-arts and judge if it has same or different views. Identify view for each tactile. (10 pairs)","tactile, image review, accessibility, animals","$0.05","Tue Mar 03 20:32:22 PST 2026","7","BatchId:5376447;OriginalHitTemplateId:928390873;","3600","2592000","Mon Mar 23 21:32:22 PDT 2026","","","32RIADZITLILKVBZB5VU391OU82S42","A22YCS3UW15WOO","Submitted","Tue Mar 03 20:38:43 PST 2026","Tue Mar 03 20:59:22 PST 2026","Thu Apr 02 21:59:22 PDT 2026","","","","1239","100% (60/60)","100% (12/12)","0% (0/0)","Rabbit","https://f1qv-main-data.s3.us-east-1.amazonaws.com/amt/main_task_F1QV/Rabbit/Natural/9.png","https://f1qv-main-data.s3.us-east-1.amazonaws.com/amt/main_task_F1QV/Rabbit/Tactile/9.jpg","","Elephant","https://f1qv-main-data.s3.us-east-1.amazonaws.com/amt/main_task_F1QV/Elephant/Natural/10_Elephant.jpeg","https://f1qv-main-data.s3.us-east-1.amazonaws.com/amt/main_task_F1QV/Elephant/Tactile/10.jpg","","Fish","https://f1qv-main-data.s3.us-east-1.amazonaws.com/amt/main_task_F1QV/Fish/Natural/20_fish.png","https://f1qv-main-data.s3.us-east-1.amazonaws.com/amt/main_task_F1QV/Fish/Tactile/20.jpg","","Beluga Whale","https://f1qv-main-data.s3.us-east-1.amazonaws.com/amt/main_task_F1QV/Beluga Whale/Natural/Beluga_5.jpg","https://f1qv-main-data.s3.us-east-1.amazonaws.com/amt/main_task_F1QV/Beluga Whale/Tactile/5.jpg","","Fish","https://f1qv-main-data.s3.us-east-1.amazonaws.com/amt/main_task_F1QV/Fish/Natural/26_FISH.png","https://f1qv-main-data.s3.us-east-1.amazonaws.com/amt/main_task_F1QV/Fish/Tactile/26.jpg","","Rabbit","https://f1qv-main-data.s3.us-east-1.amazonaws.com/amt/main_task_F1QV/Rabbit/Natural/4.png","https://f1qv-main-data.s3.us-east-1.amazonaws.com/amt/main_task_F1QV/Rabbit/Tactile/4.jpg","","Horse","https://f1qv-main-data.s3.us-east-1.amazonaws.com/amt/main_task_F1QV/Horse/Natural/23_Horse.jpeg","https://f1qv-main-data.s3.us-east-1.amazonaws.com/amt/main_task_F1QV/Horse/Tactile/23.jpg","","Elephant","https://f1qv-main-data.s3.us-east-1.amazonaws.com/amt/main_task_F1QV/Elephant/Natural/18_Elephant.jpeg","https://f1qv-main-data.s3.us-east-1.amazonaws.com/amt/main_task_F1QV/Elephant/Tactile/18.jpg","","Bat","https://f1qv-main-data.s3.us-east-1.amazonaws.com/amt/main_task_F1QV/Bat/Natural/9_2.png","https://f1qv-main-data.s3.us-east-1.amazonaws.com/amt/main_task_F1QV/Bat/Tactile/9.jpeg","","Llama","https://f1qv-main-data.s3.us-east-1.amazonaws.com/amt/main_task_F1QV/Llama/Natural/8.jpg","https://f1qv-main-data.s3.us-east-1.amazonaws.com/amt/main_task_F1QV/Llama/Tactile/8.jpg","","[{""question1"":{""angle_match"":false,""view_frontal"":false,""view_perspective"":false,""view_side"":true,""view_top"":false},""question10"":{""angle_match"":true,""view_frontal"":false,""view_perspective"":false,""view_side"":true,""view_top"":false},""question2"":{""angle_match"":true,""view_frontal"":false,""view_perspective"":false,""view_side"":true,""view_top"":false},""question3"":{""angle_match"":true,""view_frontal"":false,""view_perspective"":false,""view_side"":true,""view_top"":false},""question4"":{""angle_match"":true,""view_frontal"":false,""view_perspective"":false,""view_side"":true,""view_top"":false},""question5"":{""angle_match"":false,""view_frontal"":false,""view_perspective"":false,""view_side"":true,""view_top"":false},""question6"":{""angle_match"":true,""view_frontal"":true,""view_perspective"":false,""view_side"":false,""view_top"":false},""question7"":{""angle_match"":false,""view_frontal"":false,""view_perspective"":false,""view_side"":true,""view_top"":false},""question8"":{""angle_match"":true,""view_frontal"":false,""view_perspective"":true,""view_side"":false,""view_top"":false},""question9"":{""angle_match"":true,""view_frontal"":false,""view_perspective"":true,""view_side"":false,""view_top"":false}}]"
"3OEWW2KGRBPH0F467XADYOP0IZMDOO","3BHRGUFAI0A6J7Y48A1RI398KZYCSF","Categorize images based on object's view.","Review 10 animal’s line-arts and judge if it has same or different views. Identify view for each tactile. (10 pairs)","tactile, image review, accessibility, animals","$0.05","Tue Mar 03 20:32:22 PST 2026","7","BatchId:5376447;OriginalHitTemplateId:928390873;","3600","2592000","Mon Mar 23 21:32:22 PDT 2026","","","3YT88D1N11C2EGFN6IH92II8ZFB3KV","A1WFMSRVEVM859","Submitted","Tue Mar 03 21:02:16 PST 2026","Tue Mar 03 21:03:46 PST 2026","Thu Apr 02 22:03:46 PDT 2026","","","","90","0% (0/0)","0% (0/0)","0% (0/0)","Rabbit","https://f1qv-main-data.s3.us-east-1.amazonaws.com/amt/main_task_F1QV/Rabbit/Natural/9.png","https://f1qv-main-data.s3.us-east-1.amazonaws.com/amt/main_task_F1QV/Rabbit/Tactile/9.jpg","","Elephant","https://f1qv-main-data.s3.us-east-1.amazonaws.com/amt/main_task_F1QV/Elephant/Natural/10_Elephant.jpeg","https://f1qv-main-data.s3.us-east-1.amazonaws.com/amt/main_task_F1QV/Elephant/Tactile/10.jpg","","Fish","https://f1qv-main-data.s3.us-east-1.amazonaws.com/amt/main_task_F1QV/Fish/Natural/20_fish.png","https://f1qv-main-data.s3.us-east-1.amazonaws.com/amt/main_task_F1QV/Fish/Tactile/20.jpg","","Beluga Whale","https://f1qv-main-data.s3.us-east-1.amazonaws.com/amt/main_task_F1QV/Beluga Whale/Natural/Beluga_5.jpg","https://f1qv-main-data.s3.us-east-1.amazonaws.com/amt/main_task_F1QV/Beluga Whale/Tactile/5.jpg","","Fish","https://f1qv-main-data.s3.us-east-1.amazonaws.com/amt/main_task_F1QV/Fish/Natural/26_FISH.png","https://f1qv-main-data.s3.us-east-1.amazonaws.com/amt/main_task_F1QV/Fish/Tactile/26.jpg","","Rabbit","https://f1qv-main-data.s3.us-east-1.amazonaws.com/amt/main_task_F1QV/Rabbit/Natural/4.png","https://f1qv-main-data.s3.us-east-1.amazonaws.com/amt/main_task_F1QV/Rabbit/Tactile/4.jpg","","Horse","https://f1qv-main-data.s3.us-east-1.amazonaws.com/amt/main_task_F1QV/Horse/Natural/23_Horse.jpeg","https://f1qv-main-data.s3.us-east-1.amazonaws.com/amt/main_task_F1QV/Horse/Tactile/23.jpg","","Elephant","https://f1qv-main-data.s3.us-east-1.amazonaws.com/amt/main_task_F1QV/Elephant/Natural/18_Elephant.jpeg","https://f1qv-main-data.s3.us-east-1.amazonaws.com/amt/main_task_F1QV/Elephant/Tactile/18.jpg","","Bat","https://f1qv-main-data.s3.us-east-1.amazonaws.com/amt/main_task_F1QV/Bat/Natural/9_2.png","https://f1qv-main-data.s3.us-east-1.amazonaws.com/amt/main_task_F1QV/Bat/Tactile/9.jpeg","","Llama","https://f1qv-main-data.s3.us-east-1.amazonaws.com/amt/main_task_F1QV/Llama/Natural/8.jpg","https://f1qv-main-data.s3.us-east-1.amazonaws.com/amt/main_task_F1QV/Llama/Tactile/8.jpg","","[{""question1"":{""angle_match"":true,""view_frontal"":false,""view_perspective"":false,""view_side"":true,""view_top"":false},""question10"":{""angle_match"":true,""view_frontal"":false,""view_perspective"":false,""view_side"":true,""view_top"":false},""question2"":{""angle_match"":true,""view_frontal"":false,""view_perspective"":false,""view_side"":true,""view_top"":false},""question3"":{""angle_match"":true,""view_frontal"":false,""view_perspective"":false,""view_side"":true,""view_top"":false},""question4"":{""angle_match"":true,""view_frontal"":false,""view_perspective"":false,""view_side"":true,""view_top"":false},""question5"":{""angle_match"":true,""view_frontal"":false,""view_perspective"":false,""view_side"":true,""view_top"":false},""question6"":{""angle_match"":true,""view_frontal"":false,""view_perspective"":false,""view_side"":true,""view_top"":false},""question7"":{""angle_match"":true,""view_frontal"":false,""view_perspective"":false,""view_side"":true,""view_top"":false},""question8"":{""angle_match"":true,""view_frontal"":false,""view_perspective"":false,""view_side"":false,""view_top"":false},""question9"":{""angle_match"":true,""view_frontal"":false,""view_perspective"":false,""view_side"":true,""view_top"":false}}]"
"3OEWW2KGRBPH0F467XADYOP0IZMDOO","3BHRGUFAI0A6J7Y48A1RI398KZYCSF","Categorize images based on object's view.","Review 10 animal’s line-arts and judge if it has same or different views. Identify view for each tactile. (10 pairs)","tactile, image review, accessibility, animals","$0.05","Tue Mar 03 20:32:22 PST 2026","7","BatchId:5376447;OriginalHitTemplateId:928390873;","3600","2592000","Mon Mar 23 21:32:22 PDT 2026","","","33FOTY3KFFZOLFPKR1MSQ6Q3WMA1CA","A2V3XARMPINRM8","Submitted","Tue Mar 03 20:42:37 PST 2026","Tue Mar 03 21:10:25 PST 2026","Thu Apr 02 22:10:25 PDT 2026","","","","1668","100% (1/1)","100% (1/1)","100% (1/1)","Rabbit","https://f1qv-main-data.s3.us-east-1.amazonaws.com/amt/main_task_F1QV/Rabbit/Natural/9.png","https://f1qv-main-data.s3.us-east-1.amazonaws.com/amt/main_task_F1QV/Rabbit/Tactile/9.jpg","","Elephant","https://f1qv-main-data.s3.us-east-1.amazonaws.com/amt/main_task_F1QV/Elephant/Natural/10_Elephant.jpeg","https://f1qv-main-data.s3.us-east-1.amazonaws.com/amt/main_task_F1QV/Elephant/Tactile/10.jpg","","Fish","https://f1qv-main-data.s3.us-east-1.amazonaws.com/amt/main_task_F1QV/Fish/Natural/20_fish.png","https://f1qv-main-data.s3.us-east-1.amazonaws.com/amt/main_task_F1QV/Fish/Tactile/20.jpg","","Beluga Whale","https://f1qv-main-data.s3.us-east-1.amazonaws.com/amt/main_task_F1QV/Beluga Whale/Natural/Beluga_5.jpg","https://f1qv-main-data.s3.us-east-1.amazonaws.com/amt/main_task_F1QV/Beluga Whale/Tactile/5.jpg","","Fish","https://f1qv-main-data.s3.us-east-1.amazonaws.com/amt/main_task_F1QV/Fish/Natural/26_FISH.png","https://f1qv-main-data.s3.us-east-1.amazonaws.com/amt/main_task_F1QV/Fish/Tactile/26.jpg","","Rabbit","https://f1qv-main-data.s3.us-east-1.amazonaws.com/amt/main_task_F1QV/Rabbit/Natural/4.png","https://f1qv-main-data.s3.us-east-1.amazonaws.com/amt/main_task_F1QV/Rabbit/Tactile/4.jpg","","Horse","https://f1qv-main-data.s3.us-east-1.amazonaws.com/amt/main_task_F1QV/Horse/Natural/23_Horse.jpeg","https://f1qv-main-data.s3.us-east-1.amazonaws.com/amt/main_task_F1QV/Horse/Tactile/23.jpg","","Elephant","https://f1qv-main-data.s3.us-east-1.amazonaws.com/amt/main_task_F1QV/Elephant/Natural/18_Elephant.jpeg","https://f1qv-main-data.s3.us-east-1.amazonaws.com/amt/main_task_F1QV/Elephant/Tactile/18.jpg","","Bat","https://f1qv-main-data.s3.us-east-1.amazonaws.com/amt/main_task_F1QV/Bat/Natural/9_2.png","https://f1qv-main-data.s3.us-east-1.amazonaws.com/amt/main_task_F1QV/Bat/Tactile/9.jpeg","","Llama","https://f1qv-main-data.s3.us-east-1.amazonaws.com/amt/main_task_F1QV/Llama/Natural/8.jpg","https://f1qv-main-data.s3.us-east-1.amazonaws.com/amt/main_task_F1QV/Llama/Tactile/8.jpg","","[{""question1"":{""angle_match"":false,""view_frontal"":false,""view_perspective"":true,""view_side"":false,""view_top"":false},""question10"":{""angle_match"":true,""view_frontal"":false,""view_perspective"":false,""view_side"":true,""view_top"":false},""question2"":{""angle_match"":true,""view_frontal"":false,""view_perspective"":false,""view_side"":true,""view_top"":false},""question3"":{""angle_match"":true,""view_frontal"":false,""view_perspective"":false,""view_side"":true,""view_top"":false},""question4"":{""angle_match"":true,""view_frontal"":false,""view_perspective"":false,""view_side"":true,""view_top"":false},""question5"":{""angle_match"":true,""view_frontal"":false,""view_perspective"":false,""view_side"":true,""view_top"":false},""question6"":{""angle_match"":true,""view_frontal"":true,""view_perspective"":false,""view_side"":false,""view_top"":false},""question7"":{""angle_match"":true,""view_frontal"":false,""view_perspective"":false,""view_side"":true,""view_top"":false},""question8"":{""angle_match"":true,""view_frontal"":true,""view_perspective"":false,""view_side"":false,""view_top"":false},""question9"":{""angle_match"":true,""view_frontal"":false,""view_perspective"":false,""view_side"":true,""view_top"":false}}]"
"3OEWW2KGRBPH0F467XADYOP0IZMDOO","3BHRGUFAI0A6J7Y48A1RI398KZYCSF","Categorize images based on object's view.","Review 10 animal’s line-arts and judge if it has same or different views. Identify view for each tactile. (10 pairs)","tactile, image review, accessibility, animals","$0.05","Tue Mar 03 20:32:22 PST 2026","7","BatchId:5376447;OriginalHitTemplateId:928390873;","3600","2592000","Mon Mar 23 21:32:22 PDT 2026","","","3A1COHJ8OC9XDNKLCE98G7ARNKNH8L","A3HYU8WSD2QPTK","Submitted","Tue Mar 03 20:45:00 PST 2026","Tue Mar 03 21:14:27 PST 2026","Thu Apr 02 22:14:27 PDT 2026","","","","1767","100% (15/15)","100% (15/15)","0% (0/0)","Rabbit","https://f1qv-main-data.s3.us-east-1.amazonaws.com/amt/main_task_F1QV/Rabbit/Natural/9.png","https://f1qv-main-data.s3.us-east-1.amazonaws.com/amt/main_task_F1QV/Rabbit/Tactile/9.jpg","","Elephant","https://f1qv-main-data.s3.us-east-1.amazonaws.com/amt/main_task_F1QV/Elephant/Natural/10_Elephant.jpeg","https://f1qv-main-data.s3.us-east-1.amazonaws.com/amt/main_task_F1QV/Elephant/Tactile/10.jpg","","Fish","https://f1qv-main-data.s3.us-east-1.amazonaws.com/amt/main_task_F1QV/Fish/Natural/20_fish.png","https://f1qv-main-data.s3.us-east-1.amazonaws.com/amt/main_task_F1QV/Fish/Tactile/20.jpg","","Beluga Whale","https://f1qv-main-data.s3.us-east-1.amazonaws.com/amt/main_task_F1QV/Beluga Whale/Natural/Beluga_5.jpg","https://f1qv-main-data.s3.us-east-1.amazonaws.com/amt/main_task_F1QV/Beluga Whale/Tactile/5.jpg","","Fish","https://f1qv-main-data.s3.us-east-1.amazonaws.com/amt/main_task_F1QV/Fish/Natural/26_FISH.png","https://f1qv-main-data.s3.us-east-1.amazonaws.com/amt/main_task_F1QV/Fish/Tactile/26.jpg","","Rabbit","https://f1qv-main-data.s3.us-east-1.amazonaws.com/amt/main_task_F1QV/Rabbit/Natural/4.png","https://f1qv-main-data.s3.us-east-1.amazonaws.com/amt/main_task_F1QV/Rabbit/Tactile/4.jpg","","Horse","https://f1qv-main-data.s3.us-east-1.amazonaws.com/amt/main_task_F1QV/Horse/Natural/23_Horse.jpeg","https://f1qv-main-data.s3.us-east-1.amazonaws.com/amt/main_task_F1QV/Horse/Tactile/23.jpg","","Elephant","https://f1qv-main-data.s3.us-east-1.amazonaws.com/amt/main_task_F1QV/Elephant/Natural/18_Elephant.jpeg","https://f1qv-main-data.s3.us-east-1.amazonaws.com/amt/main_task_F1QV/Elephant/Tactile/18.jpg","","Bat","https://f1qv-main-data.s3.us-east-1.amazonaws.com/amt/main_task_F1QV/Bat/Natural/9_2.png","https://f1qv-main-data.s3.us-east-1.amazonaws.com/amt/main_task_F1QV/Bat/Tactile/9.jpeg","","Llama","https://f1qv-main-data.s3.us-east-1.amazonaws.com/amt/main_task_F1QV/Llama/Natural/8.jpg","https://f1qv-main-data.s3.us-east-1.amazonaws.com/amt/main_task_F1QV/Llama/Tactile/8.jpg","","[{""question1"":{""angle_match"":true,""view_frontal"":false,""view_perspective"":false,""view_side"":true,""view_top"":false},""question10"":{""angle_match"":true,""view_frontal"":true,""view_perspective"":false,""view_side"":false,""view_top"":false},""question2"":{""angle_match"":true,""view_frontal"":false,""view_perspective"":false,""view_side"":true,""view_top"":false},""question3"":{""angle_match"":true,""view_frontal"":false,""view_perspective"":false,""view_side"":true,""view_top"":false},""question4"":{""angle_match"":true,""view_frontal"":true,""view_perspective"":false,""view_side"":false,""view_top"":false},""question5"":{""angle_match"":false,""view_frontal"":false,""view_perspective"":true,""view_side"":false,""view_top"":false},""question6"":{""angle_match"":true,""view_frontal"":false,""view_perspective"":false,""view_side"":false,""view_top"":true},""question7"":{""angle_match"":true,""view_frontal"":true,""view_perspective"":false,""view_side"":false,""view_top"":false},""question8"":{""angle_match"":true,""view_frontal"":false,""view_perspective"":false,""view_side"":true,""view_top"":false},""question9"":{""angle_match"":true,""view_frontal"":false,""view_perspective"":false,""view_side"":true,""view_top"":false}}]"
"3OWZNK3RZD3PAAQN6U251BQL3UL2UH","3BHRGUFAI0A6J7Y48A1RI398KZYCSF","Categorize images based on object's view.","Review 10 animal’s line-arts and judge if it has same or different views. Identify view for each tactile. (10 pairs)","tactile, image review, accessibility, animals","$0.05","Tue Mar 03 20:32:22 PST 2026","7","BatchId:5376447;OriginalHitTemplateId:928390873;","3600","2592000","Mon Mar 23 21:32:22 PDT 2026","","","3EICBYG65XAVGW5OHQSYU6MPQ3BCJQ","A1E8TZHMLQMG4L","Submitted","Tue Mar 03 20:43:58 PST 2026","Tue Mar 03 20:45:36 PST 2026","Thu Apr 02 21:45:36 PDT 2026","","","","98","100% (22/22)","0% (0/0)","0% (0/0)","Dog","https://f1qv-main-data.s3.us-east-1.amazonaws.com/amt/main_task_F1QV/Dog/Natural/6_Dog.jpg","https://f1qv-main-data.s3.us-east-1.amazonaws.com/amt/main_task_F1QV/Dog/Tactile/6.png","","Giraffe","https://f1qv-main-data.s3.us-east-1.amazonaws.com/amt/main_task_F1QV/Giraffe/Natural/2_Giraffe.jpg","https://f1qv-main-data.s3.us-east-1.amazonaws.com/amt/main_task_F1QV/Giraffe/Tactile/2.jpeg","","Dog","https://f1qv-main-data.s3.us-east-1.amazonaws.com/amt/main_task_F1QV/Dog/Natural/19_Dog.jpg","https://f1qv-main-data.s3.us-east-1.amazonaws.com/amt/main_task_F1QV/Dog/Tactile/19.jpg","","Fish","https://f1qv-main-data.s3.us-east-1.amazonaws.com/amt/main_task_F1QV/Fish/Natural/11_fish.png","https://f1qv-main-data.s3.us-east-1.amazonaws.com/amt/main_task_F1QV/Fish/Tactile/11.jpg","","Horse","https://f1qv-main-data.s3.us-east-1.amazonaws.com/amt/main_task_F1QV/Horse/Natural/7_Horse.jpeg","https://f1qv-main-data.s3.us-east-1.amazonaws.com/amt/main_task_F1QV/Horse/Tactile/7.jpg","","Fox","https://f1qv-main-data.s3.us-east-1.amazonaws.com/amt/main_task_F1QV/Fox/Natural/Fox_8.jpg","https://f1qv-main-data.s3.us-east-1.amazonaws.com/amt/main_task_F1QV/Fox/Tactile/8.jpg","","Camel","https://f1qv-main-data.s3.us-east-1.amazonaws.com/amt/main_task_F1QV/Camel/Natural/Camel_3.jpg","https://f1qv-main-data.s3.us-east-1.amazonaws.com/amt/main_task_F1QV/Camel/Tactile/3.png","","Teddy Bear","https://f1qv-main-data.s3.us-east-1.amazonaws.com/amt/main_task_F1QV/Teddy Bear/Natural/10.jpg","https://f1qv-main-data.s3.us-east-1.amazonaws.com/amt/main_task_F1QV/Teddy Bear/Tactile/10.jpeg","","Fish","https://f1qv-main-data.s3.us-east-1.amazonaws.com/amt/main_task_F1QV/Fish/Natural/12_fish.png","https://f1qv-main-data.s3.us-east-1.amazonaws.com/amt/main_task_F1QV/Fish/Tactile/12.jpg","","Penguin","https://f1qv-main-data.s3.us-east-1.amazonaws.com/amt/main_task_F1QV/Penguin/Natural/7.jpg","https://f1qv-main-data.s3.us-east-1.amazonaws.com/amt/main_task_F1QV/Penguin/Tactile/7.jpeg","","[{""question1"":{""angle_match"":true,""view_frontal"":false,""view_perspective"":false,""view_side"":false,""view_top"":false},""question10"":{""angle_match"":true,""view_frontal"":false,""view_perspective"":false,""view_side"":false,""view_top"":false},""question2"":{""angle_match"":true,""view_frontal"":false,""view_perspective"":false,""view_side"":false,""view_top"":false},""question3"":{""angle_match"":true,""view_frontal"":false,""view_perspective"":false,""view_side"":false,""view_top"":false},""question4"":{""angle_match"":true,""view_frontal"":false,""view_perspective"":false,""view_side"":false,""view_top"":false},""question5"":{""angle_match"":true,""view_frontal"":false,""view_perspective"":false,""view_side"":false,""view_top"":false},""question6"":{""angle_match"":false,""view_frontal"":false,""view_perspective"":false,""view_side"":true,""view_top"":false},""question7"":{""angle_match"":true,""view_frontal"":false,""view_perspective"":false,""view_side"":false,""view_top"":false},""question8"":{""angle_match"":true,""view_frontal"":false,""view_perspective"":false,""view_side"":false,""view_top"":false},""question9"":{""angle_match"":true,""view_frontal"":false,""view_perspective"":false,""view_side"":false,""view_top"":false}}]"
"3OWZNK3RZD3PAAQN6U251BQL3UL2UH","3BHRGUFAI0A6J7Y48A1RI398KZYCSF","Categorize images based on object's view.","Review 10 animal’s line-arts and judge if it has same or different views. Identify view for each tactile. (10 pairs)","tactile, image review, accessibility, animals","$0.05","Tue Mar 03 20:32:22 PST 2026","7","BatchId:5376447;OriginalHitTemplateId:928390873;","3600","2592000","Mon Mar 23 21:32:22 PDT 2026","","","3Z7ISHFUIT9J48KFI0FFGEEWJ9Z8ZV","A3OLY20VMA8SPJ","Submitted","Tue Mar 03 20:39:15 PST 2026","Tue Mar 03 20:51:19 PST 2026","Thu Apr 02 21:51:19 PDT 2026","","","","724","100% (15/15)","100% (15/15)","0% (0/0)","Dog","https://f1qv-main-data.s3.us-east-1.amazonaws.com/amt/main_task_F1QV/Dog/Natural/6_Dog.jpg","https://f1qv-main-data.s3.us-east-1.amazonaws.com/amt/main_task_F1QV/Dog/Tactile/6.png","","Giraffe","https://f1qv-main-data.s3.us-east-1.amazonaws.com/amt/main_task_F1QV/Giraffe/Natural/2_Giraffe.jpg","https://f1qv-main-data.s3.us-east-1.amazonaws.com/amt/main_task_F1QV/Giraffe/Tactile/2.jpeg","","Dog","https://f1qv-main-data.s3.us-east-1.amazonaws.com/amt/main_task_F1QV/Dog/Natural/19_Dog.jpg","https://f1qv-main-data.s3.us-east-1.amazonaws.com/amt/main_task_F1QV/Dog/Tactile/19.jpg","","Fish","https://f1qv-main-data.s3.us-east-1.amazonaws.com/amt/main_task_F1QV/Fish/Natural/11_fish.png","https://f1qv-main-data.s3.us-east-1.amazonaws.com/amt/main_task_F1QV/Fish/Tactile/11.jpg","","Horse","https://f1qv-main-data.s3.us-east-1.amazonaws.com/amt/main_task_F1QV/Horse/Natural/7_Horse.jpeg","https://f1qv-main-data.s3.us-east-1.amazonaws.com/amt/main_task_F1QV/Horse/Tactile/7.jpg","","Fox","https://f1qv-main-data.s3.us-east-1.amazonaws.com/amt/main_task_F1QV/Fox/Natural/Fox_8.jpg","https://f1qv-main-data.s3.us-east-1.amazonaws.com/amt/main_task_F1QV/Fox/Tactile/8.jpg","","Camel","https://f1qv-main-data.s3.us-east-1.amazonaws.com/amt/main_task_F1QV/Camel/Natural/Camel_3.jpg","https://f1qv-main-data.s3.us-east-1.amazonaws.com/amt/main_task_F1QV/Camel/Tactile/3.png","","Teddy Bear","https://f1qv-main-data.s3.us-east-1.amazonaws.com/amt/main_task_F1QV/Teddy Bear/Natural/10.jpg","https://f1qv-main-data.s3.us-east-1.amazonaws.com/amt/main_task_F1QV/Teddy Bear/Tactile/10.jpeg","","Fish","https://f1qv-main-data.s3.us-east-1.amazonaws.com/amt/main_task_F1QV/Fish/Natural/12_fish.png","https://f1qv-main-data.s3.us-east-1.amazonaws.com/amt/main_task_F1QV/Fish/Tactile/12.jpg","","Penguin","https://f1qv-main-data.s3.us-east-1.amazonaws.com/amt/main_task_F1QV/Penguin/Natural/7.jpg","https://f1qv-main-data.s3.us-east-1.amazonaws.com/amt/main_task_F1QV/Penguin/Tactile/7.jpeg","","[{""question1"":{""angle_match"":true,""view_frontal"":false,""view_perspective"":false,""view_side"":true,""view_top"":false},""question10"":{""angle_match"":true,""view_frontal"":false,""view_perspective"":false,""view_side"":true,""view_top"":false},""question2"":{""angle_match"":true,""view_frontal"":false,""view_perspective"":false,""view_side"":true,""view_top"":false},""question3"":{""angle_match"":true,""view_frontal"":false,""view_perspective"":false,""view_side"":true,""view_top"":false},""question4"":{""angle_match"":true,""view_frontal"":false,""view_perspective"":false,""view_side"":true,""view_top"":false},""question5"":{""angle_match"":true,""view_frontal"":false,""view_perspective"":false,""view_side"":true,""view_top"":false},""question6"":{""angle_match"":true,""view_frontal"":false,""view_perspective"":false,""view_side"":true,""view_top"":false},""question7"":{""angle_match"":true,""view_frontal"":false,""view_perspective"":false,""view_side"":true,""view_top"":false},""question8"":{""angle_match"":true,""view_frontal"":false,""view_perspective"":false,""view_side"":false,""view_top"":true},""question9"":{""angle_match"":true,""view_frontal"":false,""view_perspective"":false,""view_side"":true,""view_top"":false}}]"
"3OWZNK3RZD3PAAQN6U251BQL3UL2UH","3BHRGUFAI0A6J7Y48A1RI398KZYCSF","Categorize images based on object's view.","Review 10 animal’s line-arts and judge if it has same or different views. Identify view for each tactile. (10 pairs)","tactile, image review, accessibility, animals","$0.05","Tue Mar 03 20:32:22 PST 2026","7","BatchId:5376447;OriginalHitTemplateId:928390873;","3600","2592000","Mon Mar 23 21:32:22 PDT 2026","","","3Z4XG4ZF515UZDK0HIRUJTYLBA5X8T","AB91OPDEOAWGJ","Submitted","Tue Mar 03 20:44:37 PST 2026","Tue Mar 03 20:53:39 PST 2026","Thu Apr 02 21:53:39 PDT 2026","","","","542","100% (17/17)","100% (4/4)","0% (0/0)","Dog","https://f1qv-main-data.s3.us-east-1.amazonaws.com/amt/main_task_F1QV/Dog/Natural/6_Dog.jpg","https://f1qv-main-data.s3.us-east-1.amazonaws.com/amt/main_task_F1QV/Dog/Tactile/6.png","","Giraffe","https://f1qv-main-data.s3.us-east-1.amazonaws.com/amt/main_task_F1QV/Giraffe/Natural/2_Giraffe.jpg","https://f1qv-main-data.s3.us-east-1.amazonaws.com/amt/main_task_F1QV/Giraffe/Tactile/2.jpeg","","Dog","https://f1qv-main-data.s3.us-east-1.amazonaws.com/amt/main_task_F1QV/Dog/Natural/19_Dog.jpg","https://f1qv-main-data.s3.us-east-1.amazonaws.com/amt/main_task_F1QV/Dog/Tactile/19.jpg","","Fish","https://f1qv-main-data.s3.us-east-1.amazonaws.com/amt/main_task_F1QV/Fish/Natural/11_fish.png","https://f1qv-main-data.s3.us-east-1.amazonaws.com/amt/main_task_F1QV/Fish/Tactile/11.jpg","","Horse","https://f1qv-main-data.s3.us-east-1.amazonaws.com/amt/main_task_F1QV/Horse/Natural/7_Horse.jpeg","https://f1qv-main-data.s3.us-east-1.amazonaws.com/amt/main_task_F1QV/Horse/Tactile/7.jpg","","Fox","https://f1qv-main-data.s3.us-east-1.amazonaws.com/amt/main_task_F1QV/Fox/Natural/Fox_8.jpg","https://f1qv-main-data.s3.us-east-1.amazonaws.com/amt/main_task_F1QV/Fox/Tactile/8.jpg","","Camel","https://f1qv-main-data.s3.us-east-1.amazonaws.com/amt/main_task_F1QV/Camel/Natural/Camel_3.jpg","https://f1qv-main-data.s3.us-east-1.amazonaws.com/amt/main_task_F1QV/Camel/Tactile/3.png","","Teddy Bear","https://f1qv-main-data.s3.us-east-1.amazonaws.com/amt/main_task_F1QV/Teddy Bear/Natural/10.jpg","https://f1qv-main-data.s3.us-east-1.amazonaws.com/amt/main_task_F1QV/Teddy Bear/Tactile/10.jpeg","","Fish","https://f1qv-main-data.s3.us-east-1.amazonaws.com/amt/main_task_F1QV/Fish/Natural/12_fish.png","https://f1qv-main-data.s3.us-east-1.amazonaws.com/amt/main_task_F1QV/Fish/Tactile/12.jpg","","Penguin","https://f1qv-main-data.s3.us-east-1.amazonaws.com/amt/main_task_F1QV/Penguin/Natural/7.jpg","https://f1qv-main-data.s3.us-east-1.amazonaws.com/amt/main_task_F1QV/Penguin/Tactile/7.jpeg","","[{""question1"":{""angle_match"":true,""view_frontal"":false,""view_perspective"":false,""view_side"":true,""view_top"":false},""question10"":{""angle_match"":true,""view_frontal"":false,""view_perspective"":false,""view_side"":true,""view_top"":false},""question2"":{""angle_match"":true,""view_frontal"":true,""view_perspective"":false,""view_side"":false,""view_top"":false},""question3"":{""angle_match"":true,""view_frontal"":false,""view_perspective"":false,""view_side"":true,""view_top"":false},""question4"":{""angle_match"":true,""view_frontal"":false,""view_perspective"":false,""view_side"":true,""view_top"":false},""question5"":{""angle_match"":true,""view_frontal"":false,""view_perspective"":false,""view_side"":true,""view_top"":false},""question6"":{""angle_match"":true,""view_frontal"":false,""view_perspective"":false,""view_side"":true,""view_top"":false},""question7"":{""angle_match"":true,""view_frontal"":false,""view_perspective"":false,""view_side"":true,""view_top"":false},""question8"":{""angle_match"":true,""view_frontal"":false,""view_perspective"":false,""view_side"":true,""view_top"":false},""question9"":{""angle_match"":true,""view_frontal"":false,""view_perspective"":false,""view_side"":true,""view_top"":false}}]"
"3OWZNK3RZD3PAAQN6U251BQL3UL2UH","3BHRGUFAI0A6J7Y48A1RI398KZYCSF","Categorize images based on object's view.","Review 10 animal’s line-arts and judge if it has same or different views. Identify view for each tactile. (10 pairs)","tactile, image review, accessibility, animals","$0.05","Tue Mar 03 20:32:22 PST 2026","7","BatchId:5376447;OriginalHitTemplateId:928390873;","3600","2592000","Mon Mar 23 21:32:22 PDT 2026","","","3GDTJDAPWNPJ51LW3BPL8CIN45I8MF","A1MYCZT6OX9G20","Submitted","Tue Mar 03 20:39:43 PST 2026","Tue Mar 03 21:11:35 PST 2026","Thu Apr 02 22:11:35 PDT 2026","","","","1912","100% (9/9)","0% (0/0)","0% (0/0)","Dog","https://f1qv-main-data.s3.us-east-1.amazonaws.com/amt/main_task_F1QV/Dog/Natural/6_Dog.jpg","https://f1qv-main-data.s3.us-east-1.amazonaws.com/amt/main_task_F1QV/Dog/Tactile/6.png","","Giraffe","https://f1qv-main-data.s3.us-east-1.amazonaws.com/amt/main_task_F1QV/Giraffe/Natural/2_Giraffe.jpg","https://f1qv-main-data.s3.us-east-1.amazonaws.com/amt/main_task_F1QV/Giraffe/Tactile/2.jpeg","","Dog","https://f1qv-main-data.s3.us-east-1.amazonaws.com/amt/main_task_F1QV/Dog/Natural/19_Dog.jpg","https://f1qv-main-data.s3.us-east-1.amazonaws.com/amt/main_task_F1QV/Dog/Tactile/19.jpg","","Fish","https://f1qv-main-data.s3.us-east-1.amazonaws.com/amt/main_task_F1QV/Fish/Natural/11_fish.png","https://f1qv-main-data.s3.us-east-1.amazonaws.com/amt/main_task_F1QV/Fish/Tactile/11.jpg","","Horse","https://f1qv-main-data.s3.us-east-1.amazonaws.com/amt/main_task_F1QV/Horse/Natural/7_Horse.jpeg","https://f1qv-main-data.s3.us-east-1.amazonaws.com/amt/main_task_F1QV/Horse/Tactile/7.jpg","","Fox","https://f1qv-main-data.s3.us-east-1.amazonaws.com/amt/main_task_F1QV/Fox/Natural/Fox_8.jpg","https://f1qv-main-data.s3.us-east-1.amazonaws.com/amt/main_task_F1QV/Fox/Tactile/8.jpg","","Camel","https://f1qv-main-data.s3.us-east-1.amazonaws.com/amt/main_task_F1QV/Camel/Natural/Camel_3.jpg","https://f1qv-main-data.s3.us-east-1.amazonaws.com/amt/main_task_F1QV/Camel/Tactile/3.png","","Teddy Bear","https://f1qv-main-data.s3.us-east-1.amazonaws.com/amt/main_task_F1QV/Teddy Bear/Natural/10.jpg","https://f1qv-main-data.s3.us-east-1.amazonaws.com/amt/main_task_F1QV/Teddy Bear/Tactile/10.jpeg","","Fish","https://f1qv-main-data.s3.us-east-1.amazonaws.com/amt/main_task_F1QV/Fish/Natural/12_fish.png","https://f1qv-main-data.s3.us-east-1.amazonaws.com/amt/main_task_F1QV/Fish/Tactile/12.jpg","","Penguin","https://f1qv-main-data.s3.us-east-1.amazonaws.com/amt/main_task_F1QV/Penguin/Natural/7.jpg","https://f1qv-main-data.s3.us-east-1.amazonaws.com/amt/main_task_F1QV/Penguin/Tactile/7.jpeg","","[{""question1"":{""angle_match"":true,""view_frontal"":false,""view_perspective"":false,""view_side"":true,""view_top"":false},""question10"":{""angle_match"":false,""view_frontal"":false,""view_perspective"":true,""view_side"":false,""view_top"":false},""question2"":{""angle_match"":false,""view_frontal"":false,""view_perspective"":true,""view_side"":false,""view_top"":false},""question3"":{""angle_match"":true,""view_frontal"":false,""view_perspective"":true,""view_side"":false,""view_top"":false},""question4"":{""angle_match"":true,""view_frontal"":false,""view_perspective"":false,""view_side"":true,""view_top"":false},""question5"":{""angle_match"":true,""view_frontal"":false,""view_perspective"":false,""view_side"":true,""view_top"":false},""question6"":{""angle_match"":false,""view_frontal"":false,""view_perspective"":true,""view_side"":false,""view_top"":false},""question7"":{""angle_match"":true,""view_frontal"":false,""view_perspective"":false,""view_side"":true,""view_top"":false},""question8"":{""angle_match"":true,""view_frontal"":true,""view_perspective"":false,""view_side"":false,""view_top"":false},""question9"":{""angle_match"":true,""view_frontal"":false,""view_perspective"":false,""view_side"":true,""view_top"":false}}]"
"3OWZNK3RZD3PAAQN6U251BQL3UL2UH","3BHRGUFAI0A6J7Y48A1RI398KZYCSF","Categorize images based on object's view.","Review 10 animal’s line-arts and judge if it has same or different views. Identify view for each tactile. (10 pairs)","tactile, image review, accessibility, animals","$0.05","Tue Mar 03 20:32:22 PST 2026","7","BatchId:5376447;OriginalHitTemplateId:928390873;","3600","2592000","Mon Mar 23 21:32:22 PDT 2026","","","3LOZAJ85Z6RJDYIB11IT92LIPACX2P","A2V3XARMPINRM8","Submitted","Tue Mar 03 20:43:19 PST 2026","Tue Mar 03 21:12:46 PST 2026","Thu Apr 02 22:12:46 PDT 2026","","","","1767","100% (1/1)","100% (1/1)","100% (1/1)","Dog","https://f1qv-main-data.s3.us-east-1.amazonaws.com/amt/main_task_F1QV/Dog/Natural/6_Dog.jpg","https://f1qv-main-data.s3.us-east-1.amazonaws.com/amt/main_task_F1QV/Dog/Tactile/6.png","","Giraffe","https://f1qv-main-data.s3.us-east-1.amazonaws.com/amt/main_task_F1QV/Giraffe/Natural/2_Giraffe.jpg","https://f1qv-main-data.s3.us-east-1.amazonaws.com/amt/main_task_F1QV/Giraffe/Tactile/2.jpeg","","Dog","https://f1qv-main-data.s3.us-east-1.amazonaws.com/amt/main_task_F1QV/Dog/Natural/19_Dog.jpg","https://f1qv-main-data.s3.us-east-1.amazonaws.com/amt/main_task_F1QV/Dog/Tactile/19.jpg","","Fish","https://f1qv-main-data.s3.us-east-1.amazonaws.com/amt/main_task_F1QV/Fish/Natural/11_fish.png","https://f1qv-main-data.s3.us-east-1.amazonaws.com/amt/main_task_F1QV/Fish/Tactile/11.jpg","","Horse","https://f1qv-main-data.s3.us-east-1.amazonaws.com/amt/main_task_F1QV/Horse/Natural/7_Horse.jpeg","https://f1qv-main-data.s3.us-east-1.amazonaws.com/amt/main_task_F1QV/Horse/Tactile/7.jpg","","Fox","https://f1qv-main-data.s3.us-east-1.amazonaws.com/amt/main_task_F1QV/Fox/Natural/Fox_8.jpg","https://f1qv-main-data.s3.us-east-1.amazonaws.com/amt/main_task_F1QV/Fox/Tactile/8.jpg","","Camel","https://f1qv-main-data.s3.us-east-1.amazonaws.com/amt/main_task_F1QV/Camel/Natural/Camel_3.jpg","https://f1qv-main-data.s3.us-east-1.amazonaws.com/amt/main_task_F1QV/Camel/Tactile/3.png","","Teddy Bear","https://f1qv-main-data.s3.us-east-1.amazonaws.com/amt/main_task_F1QV/Teddy Bear/Natural/10.jpg","https://f1qv-main-data.s3.us-east-1.amazonaws.com/amt/main_task_F1QV/Teddy Bear/Tactile/10.jpeg","","Fish","https://f1qv-main-data.s3.us-east-1.amazonaws.com/amt/main_task_F1QV/Fish/Natural/12_fish.png","https://f1qv-main-data.s3.us-east-1.amazonaws.com/amt/main_task_F1QV/Fish/Tactile/12.jpg","","Penguin","https://f1qv-main-data.s3.us-east-1.amazonaws.com/amt/main_task_F1QV/Penguin/Natural/7.jpg","https://f1qv-main-data.s3.us-east-1.amazonaws.com/amt/main_task_F1QV/Penguin/Tactile/7.jpeg","","[{""question1"":{""angle_match"":true,""view_frontal"":false,""view_perspective"":false,""view_side"":false,""view_top"":true},""question10"":{""angle_match"":true,""view_frontal"":false,""view_perspective"":false,""view_side"":true,""view_top"":false},""question2"":{""angle_match"":true,""view_frontal"":false,""view_perspective"":false,""view_side"":true,""view_top"":false},""question3"":{""angle_match"":true,""view_frontal"":false,""view_perspective"":false,""view_side"":true,""view_top"":false},""question4"":{""angle_match"":true,""view_frontal"":false,""view_perspective"":false,""view_side"":true,""view_top"":false},""question5"":{""angle_match"":true,""view_frontal"":false,""view_perspective"":false,""view_side"":true,""view_top"":false},""question6"":{""angle_match"":true,""view_frontal"":false,""view_perspective"":false,""view_side"":true,""view_top"":false},""question7"":{""angle_match"":true,""view_frontal"":false,""view_perspective"":false,""view_side"":true,""view_top"":false},""question8"":{""angle_match"":true,""view_frontal"":true,""view_perspective"":false,""view_side"":false,""view_top"":false},""question9"":{""angle_match"":true,""view_frontal"":false,""view_perspective"":false,""view_side"":true,""view_top"":false}}]"
"3OWZNK3RZD3PAAQN6U251BQL3UL2UH","3BHRGUFAI0A6J7Y48A1RI398KZYCSF","Categorize images based on object's view.","Review 10 animal’s line-arts and judge if it has same or different views. Identify view for each tactile. (10 pairs)","tactile, image review, accessibility, animals","$0.05","Tue Mar 03 20:32:22 PST 2026","7","BatchId:5376447;OriginalHitTemplateId:928390873;","3600","2592000","Mon Mar 23 21:32:22 PDT 2026","","","33TIN5LC1XOJDNTKR6JA2305XLCY9I","ALJH5865ISWT1","Submitted","Tue Mar 03 20:38:56 PST 2026","Tue Mar 03 21:31:03 PST 2026","Thu Apr 02 22:31:03 PDT 2026","","","","3127","100% (2/2)","100% (2/2)","0% (0/0)","Dog","https://f1qv-main-data.s3.us-east-1.amazonaws.com/amt/main_task_F1QV/Dog/Natural/6_Dog.jpg","https://f1qv-main-data.s3.us-east-1.amazonaws.com/amt/main_task_F1QV/Dog/Tactile/6.png","","Giraffe","https://f1qv-main-data.s3.us-east-1.amazonaws.com/amt/main_task_F1QV/Giraffe/Natural/2_Giraffe.jpg","https://f1qv-main-data.s3.us-east-1.amazonaws.com/amt/main_task_F1QV/Giraffe/Tactile/2.jpeg","","Dog","https://f1qv-main-data.s3.us-east-1.amazonaws.com/amt/main_task_F1QV/Dog/Natural/19_Dog.jpg","https://f1qv-main-data.s3.us-east-1.amazonaws.com/amt/main_task_F1QV/Dog/Tactile/19.jpg","","Fish","https://f1qv-main-data.s3.us-east-1.amazonaws.com/amt/main_task_F1QV/Fish/Natural/11_fish.png","https://f1qv-main-data.s3.us-east-1.amazonaws.com/amt/main_task_F1QV/Fish/Tactile/11.jpg","","Horse","https://f1qv-main-data.s3.us-east-1.amazonaws.com/amt/main_task_F1QV/Horse/Natural/7_Horse.jpeg","https://f1qv-main-data.s3.us-east-1.amazonaws.com/amt/main_task_F1QV/Horse/Tactile/7.jpg","","Fox","https://f1qv-main-data.s3.us-east-1.amazonaws.com/amt/main_task_F1QV/Fox/Natural/Fox_8.jpg","https://f1qv-main-data.s3.us-east-1.amazonaws.com/amt/main_task_F1QV/Fox/Tactile/8.jpg","","Camel","https://f1qv-main-data.s3.us-east-1.amazonaws.com/amt/main_task_F1QV/Camel/Natural/Camel_3.jpg","https://f1qv-main-data.s3.us-east-1.amazonaws.com/amt/main_task_F1QV/Camel/Tactile/3.png","","Teddy Bear","https://f1qv-main-data.s3.us-east-1.amazonaws.com/amt/main_task_F1QV/Teddy Bear/Natural/10.jpg","https://f1qv-main-data.s3.us-east-1.amazonaws.com/amt/main_task_F1QV/Teddy Bear/Tactile/10.jpeg","","Fish","https://f1qv-main-data.s3.us-east-1.amazonaws.com/amt/main_task_F1QV/Fish/Natural/12_fish.png","https://f1qv-main-data.s3.us-east-1.amazonaws.com/amt/main_task_F1QV/Fish/Tactile/12.jpg","","Penguin","https://f1qv-main-data.s3.us-east-1.amazonaws.com/amt/main_task_F1QV/Penguin/Natural/7.jpg","https://f1qv-main-data.s3.us-east-1.amazonaws.com/amt/main_task_F1QV/Penguin/Tactile/7.jpeg","","[{""question1"":{""angle_match"":true,""view_frontal"":false,""view_perspective"":false,""view_side"":true,""view_top"":false},""question10"":{""angle_match"":true,""view_frontal"":false,""view_perspective"":false,""view_side"":true,""view_top"":false},""question2"":{""angle_match"":true,""view_frontal"":false,""view_perspective"":false,""view_side"":true,""view_top"":false},""question3"":{""angle_match"":true,""view_frontal"":false,""view_perspective"":false,""view_side"":true,""view_top"":false},""question4"":{""angle_match"":true,""view_frontal"":false,""view_perspective"":false,""view_side"":true,""view_top"":false},""question5"":{""angle_match"":true,""view_frontal"":false,""view_perspective"":false,""view_side"":true,""view_top"":false},""question6"":{""angle_match"":true,""view_frontal"":false,""view_perspective"":false,""view_side"":true,""view_top"":false},""question7"":{""angle_match"":true,""view_frontal"":false,""view_perspective"":false,""view_side"":true,""view_top"":false},""question8"":{""angle_match"":true,""view_frontal"":true,""view_perspective"":false,""view_side"":false,""view_top"":false},""question9"":{""angle_match"":true,""view_frontal"":false,""view_perspective"":false,""view_side"":true,""view_top"":false}}]"
"3OWZNK3RZD3PAAQN6U251BQL3UL2UH","3BHRGUFAI0A6J7Y48A1RI398KZYCSF","Categorize images based on object's view.","Review 10 animal’s line-arts and judge if it has same or different views. Identify view for each tactile. (10 pairs)","tactile, image review, accessibility, animals","$0.05","Tue Mar 03 20:32:22 PST 2026","7","BatchId:5376447;OriginalHitTemplateId:928390873;","3600","2592000","Mon Mar 23 21:32:22 PDT 2026","","","3LOZAJ85Z6RJDYIB11IT92LIPAC2XU","A33I0A28TLIR6J","Submitted","Tue Mar 03 20:42:04 PST 2026","Tue Mar 03 21:40:54 PST 2026","Thu Apr 02 22:40:54 PDT 2026","","","","3530","100% (1/1)","0% (0/0)","0% (0/0)","Dog","https://f1qv-main-data.s3.us-east-1.amazonaws.com/amt/main_task_F1QV/Dog/Natural/6_Dog.jpg","https://f1qv-main-data.s3.us-east-1.amazonaws.com/amt/main_task_F1QV/Dog/Tactile/6.png","","Giraffe","https://f1qv-main-data.s3.us-east-1.amazonaws.com/amt/main_task_F1QV/Giraffe/Natural/2_Giraffe.jpg","https://f1qv-main-data.s3.us-east-1.amazonaws.com/amt/main_task_F1QV/Giraffe/Tactile/2.jpeg","","Dog","https://f1qv-main-data.s3.us-east-1.amazonaws.com/amt/main_task_F1QV/Dog/Natural/19_Dog.jpg","https://f1qv-main-data.s3.us-east-1.amazonaws.com/amt/main_task_F1QV/Dog/Tactile/19.jpg","","Fish","https://f1qv-main-data.s3.us-east-1.amazonaws.com/amt/main_task_F1QV/Fish/Natural/11_fish.png","https://f1qv-main-data.s3.us-east-1.amazonaws.com/amt/main_task_F1QV/Fish/Tactile/11.jpg","","Horse","https://f1qv-main-data.s3.us-east-1.amazonaws.com/amt/main_task_F1QV/Horse/Natural/7_Horse.jpeg","https://f1qv-main-data.s3.us-east-1.amazonaws.com/amt/main_task_F1QV/Horse/Tactile/7.jpg","","Fox","https://f1qv-main-data.s3.us-east-1.amazonaws.com/amt/main_task_F1QV/Fox/Natural/Fox_8.jpg","https://f1qv-main-data.s3.us-east-1.amazonaws.com/amt/main_task_F1QV/Fox/Tactile/8.jpg","","Camel","https://f1qv-main-data.s3.us-east-1.amazonaws.com/amt/main_task_F1QV/Camel/Natural/Camel_3.jpg","https://f1qv-main-data.s3.us-east-1.amazonaws.com/amt/main_task_F1QV/Camel/Tactile/3.png","","Teddy Bear","https://f1qv-main-data.s3.us-east-1.amazonaws.com/amt/main_task_F1QV/Teddy Bear/Natural/10.jpg","https://f1qv-main-data.s3.us-east-1.amazonaws.com/amt/main_task_F1QV/Teddy Bear/Tactile/10.jpeg","","Fish","https://f1qv-main-data.s3.us-east-1.amazonaws.com/amt/main_task_F1QV/Fish/Natural/12_fish.png","https://f1qv-main-data.s3.us-east-1.amazonaws.com/amt/main_task_F1QV/Fish/Tactile/12.jpg","","Penguin","https://f1qv-main-data.s3.us-east-1.amazonaws.com/amt/main_task_F1QV/Penguin/Natural/7.jpg","https://f1qv-main-data.s3.us-east-1.amazonaws.com/amt/main_task_F1QV/Penguin/Tactile/7.jpeg","","[{""question1"":{""angle_match"":true,""view_frontal"":false,""view_perspective"":false,""view_side"":true,""view_top"":false},""question10"":{""angle_match"":false,""view_frontal"":true,""view_perspective"":false,""view_side"":false,""view_top"":false},""question2"":{""angle_match"":true,""view_frontal"":false,""view_perspective"":false,""view_side"":true,""view_top"":false},""question3"":{""angle_match"":true,""view_frontal"":false,""view_perspective"":false,""view_side"":true,""view_top"":false},""question4"":{""angle_match"":true,""view_frontal"":false,""view_perspective"":false,""view_side"":true,""view_top"":false},""question5"":{""angle_match"":true,""view_frontal"":false,""view_perspective"":false,""view_side"":true,""view_top"":false},""question6"":{""angle_match"":false,""view_frontal"":false,""view_perspective"":false,""view_side"":true,""view_top"":false},""question7"":{""angle_match"":true,""view_frontal"":false,""view_perspective"":false,""view_side"":true,""view_top"":false},""question8"":{""angle_match"":true,""view_frontal"":true,""view_perspective"":false,""view_side"":false,""view_top"":false},""question9"":{""angle_match"":true,""view_frontal"":false,""view_perspective"":false,""view_side"":true,""view_top"":false}}]"
"3VCK0Q0PPXS5JA30U6M54S5CY08N0Q","3BHRGUFAI0A6J7Y48A1RI398KZYCSF","Categorize images based on object's view.","Review 10 animal’s line-arts and judge if it has same or different views. Identify view for each tactile. (10 pairs)","tactile, image review, accessibility, animals","$0.05","Tue Mar 03 20:32:22 PST 2026","7","BatchId:5376447;OriginalHitTemplateId:928390873;","3600","2592000","Mon Mar 23 21:32:22 PDT 2026","","","3JW0YLFXSMUQ0EBS5GBEVQN0KEYWW8","A3OLY20VMA8SPJ","Submitted","Tue Mar 03 20:39:18 PST 2026","Tue Mar 03 20:53:34 PST 2026","Thu Apr 02 21:53:34 PDT 2026","","","","856","100% (15/15)","100% (15/15)","0% (0/0)","Dog","https://f1qv-main-data.s3.us-east-1.amazonaws.com/amt/main_task_F1QV/Dog/Natural/8_Dog(4).jpg","https://f1qv-main-data.s3.us-east-1.amazonaws.com/amt/main_task_F1QV/Dog/Tactile/8.jpg","","Fish","https://f1qv-main-data.s3.us-east-1.amazonaws.com/amt/main_task_F1QV/Fish/Natural/8_fish.png","https://f1qv-main-data.s3.us-east-1.amazonaws.com/amt/main_task_F1QV/Fish/Tactile/8.jpg","","Beluga Whale","https://f1qv-main-data.s3.us-east-1.amazonaws.com/amt/main_task_F1QV/Beluga Whale/Natural/Beluga_8.jpg","https://f1qv-main-data.s3.us-east-1.amazonaws.com/amt/main_task_F1QV/Beluga Whale/Tactile/8.jpg","","Teddy Bear","https://f1qv-main-data.s3.us-east-1.amazonaws.com/amt/main_task_F1QV/Teddy Bear/Natural/13_2.png","https://f1qv-main-data.s3.us-east-1.amazonaws.com/amt/main_task_F1QV/Teddy Bear/Tactile/13.jpeg","","Fish","https://f1qv-main-data.s3.us-east-1.amazonaws.com/amt/main_task_F1QV/Fish/Natural/13_fish.png","https://f1qv-main-data.s3.us-east-1.amazonaws.com/amt/main_task_F1QV/Fish/Tactile/13.jpg","","Fox","https://f1qv-main-data.s3.us-east-1.amazonaws.com/amt/main_task_F1QV/Fox/Natural/Fox_1.jpg","https://f1qv-main-data.s3.us-east-1.amazonaws.com/amt/main_task_F1QV/Fox/Tactile/1.jpg","","Teddy Bear","https://f1qv-main-data.s3.us-east-1.amazonaws.com/amt/main_task_F1QV/Teddy Bear/Natural/14.jpg","https://f1qv-main-data.s3.us-east-1.amazonaws.com/amt/main_task_F1QV/Teddy Bear/Tactile/14.jpeg","","Fox","https://f1qv-main-data.s3.us-east-1.amazonaws.com/amt/main_task_F1QV/Fox/Natural/Fox_3.jpg","https://f1qv-main-data.s3.us-east-1.amazonaws.com/amt/main_task_F1QV/Fox/Tactile/3.jpg","","Horse","https://f1qv-main-data.s3.us-east-1.amazonaws.com/amt/main_task_F1QV/Horse/Natural/10_Horse.jpeg","https://f1qv-main-data.s3.us-east-1.amazonaws.com/amt/main_task_F1QV/Horse/Tactile/10.jpg","","Elephant","https://f1qv-main-data.s3.us-east-1.amazonaws.com/amt/main_task_F1QV/Elephant/Natural/16_Elephant.jpeg","https://f1qv-main-data.s3.us-east-1.amazonaws.com/amt/main_task_F1QV/Elephant/Tactile/16.jpg","","[{""question1"":{""angle_match"":true,""view_frontal"":false,""view_perspective"":false,""view_side"":true,""view_top"":false},""question10"":{""angle_match"":true,""view_frontal"":false,""view_perspective"":false,""view_side"":true,""view_top"":false},""question2"":{""angle_match"":true,""view_frontal"":false,""view_perspective"":false,""view_side"":true,""view_top"":false},""question3"":{""angle_match"":true,""view_frontal"":false,""view_perspective"":false,""view_side"":true,""view_top"":false},""question4"":{""angle_match"":true,""view_frontal"":false,""view_perspective"":false,""view_side"":false,""view_top"":true},""question5"":{""angle_match"":true,""view_frontal"":false,""view_perspective"":false,""view_side"":true,""view_top"":false},""question6"":{""angle_match"":true,""view_frontal"":false,""view_perspective"":false,""view_side"":true,""view_top"":false},""question7"":{""angle_match"":true,""view_frontal"":false,""view_perspective"":false,""view_side"":false,""view_top"":true},""question8"":{""angle_match"":true,""view_frontal"":false,""view_perspective"":false,""view_side"":true,""view_top"":false},""question9"":{""angle_match"":true,""view_frontal"":false,""view_perspective"":false,""view_side"":true,""view_top"":false}}]"
"3VCK0Q0PPXS5JA30U6M54S5CY08N0Q","3BHRGUFAI0A6J7Y48A1RI398KZYCSF","Categorize images based on object's view.","Review 10 animal’s line-arts and judge if it has same or different views. Identify view for each tactile. (10 pairs)","tactile, image review, accessibility, animals","$0.05","Tue Mar 03 20:32:22 PST 2026","7","BatchId:5376447;OriginalHitTemplateId:928390873;","3600","2592000","Mon Mar 23 21:32:22 PDT 2026","","","3A1PQ49WWAVF2N00DT0T1XNJ9EF1HJ","A2V3XARMPINRM8","Submitted","Tue Mar 03 20:42:13 PST 2026","Tue Mar 03 20:53:53 PST 2026","Thu Apr 02 21:53:53 PDT 2026","","","","700","100% (1/1)","100% (1/1)","100% (1/1)","Dog","https://f1qv-main-data.s3.us-east-1.amazonaws.com/amt/main_task_F1QV/Dog/Natural/8_Dog(4).jpg","https://f1qv-main-data.s3.us-east-1.amazonaws.com/amt/main_task_F1QV/Dog/Tactile/8.jpg","","Fish","https://f1qv-main-data.s3.us-east-1.amazonaws.com/amt/main_task_F1QV/Fish/Natural/8_fish.png","https://f1qv-main-data.s3.us-east-1.amazonaws.com/amt/main_task_F1QV/Fish/Tactile/8.jpg","","Beluga Whale","https://f1qv-main-data.s3.us-east-1.amazonaws.com/amt/main_task_F1QV/Beluga Whale/Natural/Beluga_8.jpg","https://f1qv-main-data.s3.us-east-1.amazonaws.com/amt/main_task_F1QV/Beluga Whale/Tactile/8.jpg","","Teddy Bear","https://f1qv-main-data.s3.us-east-1.amazonaws.com/amt/main_task_F1QV/Teddy Bear/Natural/13_2.png","https://f1qv-main-data.s3.us-east-1.amazonaws.com/amt/main_task_F1QV/Teddy Bear/Tactile/13.jpeg","","Fish","https://f1qv-main-data.s3.us-east-1.amazonaws.com/amt/main_task_F1QV/Fish/Natural/13_fish.png","https://f1qv-main-data.s3.us-east-1.amazonaws.com/amt/main_task_F1QV/Fish/Tactile/13.jpg","","Fox","https://f1qv-main-data.s3.us-east-1.amazonaws.com/amt/main_task_F1QV/Fox/Natural/Fox_1.jpg","https://f1qv-main-data.s3.us-east-1.amazonaws.com/amt/main_task_F1QV/Fox/Tactile/1.jpg","","Teddy Bear","https://f1qv-main-data.s3.us-east-1.amazonaws.com/amt/main_task_F1QV/Teddy Bear/Natural/14.jpg","https://f1qv-main-data.s3.us-east-1.amazonaws.com/amt/main_task_F1QV/Teddy Bear/Tactile/14.jpeg","","Fox","https://f1qv-main-data.s3.us-east-1.amazonaws.com/amt/main_task_F1QV/Fox/Natural/Fox_3.jpg","https://f1qv-main-data.s3.us-east-1.amazonaws.com/amt/main_task_F1QV/Fox/Tactile/3.jpg","","Horse","https://f1qv-main-data.s3.us-east-1.amazonaws.com/amt/main_task_F1QV/Horse/Natural/10_Horse.jpeg","https://f1qv-main-data.s3.us-east-1.amazonaws.com/amt/main_task_F1QV/Horse/Tactile/10.jpg","","Elephant","https://f1qv-main-data.s3.us-east-1.amazonaws.com/amt/main_task_F1QV/Elephant/Natural/16_Elephant.jpeg","https://f1qv-main-data.s3.us-east-1.amazonaws.com/amt/main_task_F1QV/Elephant/Tactile/16.jpg","","[{""question1"":{""angle_match"":true,""view_frontal"":false,""view_perspective"":false,""view_side"":true,""view_top"":false},""question10"":{""angle_match"":true,""view_frontal"":false,""view_perspective"":false,""view_side"":true,""view_top"":false},""question2"":{""angle_match"":true,""view_frontal"":false,""view_perspective"":false,""view_side"":true,""view_top"":false},""question3"":{""angle_match"":true,""view_frontal"":false,""view_perspective"":false,""view_side"":true,""view_top"":false},""question4"":{""angle_match"":true,""view_frontal"":true,""view_perspective"":false,""view_side"":false,""view_top"":false},""question5"":{""angle_match"":true,""view_frontal"":false,""view_perspective"":false,""view_side"":true,""view_top"":false},""question6"":{""angle_match"":true,""view_frontal"":false,""view_perspective"":false,""view_side"":false,""view_top"":true},""question7"":{""angle_match"":true,""view_frontal"":true,""view_perspective"":false,""view_side"":false,""view_top"":false},""question8"":{""angle_match"":true,""view_frontal"":false,""view_perspective"":false,""view_side"":true,""view_top"":false},""question9"":{""angle_match"":true,""view_frontal"":false,""view_perspective"":false,""view_side"":true,""view_top"":false}}]"
"3VCK0Q0PPXS5JA30U6M54S5CY08N0Q","3BHRGUFAI0A6J7Y48A1RI398KZYCSF","Categorize images based on object's view.","Review 10 animal’s line-arts and judge if it has same or different views. Identify view for each tactile. (10 pairs)","tactile, image review, accessibility, animals","$0.05","Tue Mar 03 20:32:22 PST 2026","7","BatchId:5376447;OriginalHitTemplateId:928390873;","3600","2592000","Mon Mar 23 21:32:22 PDT 2026","","","37FMASSAZ55GBGTCL8B37L17V3NBI7","AANFSTZSFMWNW","Submitted","Tue Mar 03 20:45:00 PST 2026","Tue Mar 03 20:57:29 PST 2026","Thu Apr 02 21:57:29 PDT 2026","","","","749","98% (96/98)","90% (19/21)","100% (18/18)","Dog","https://f1qv-main-data.s3.us-east-1.amazonaws.com/amt/main_task_F1QV/Dog/Natural/8_Dog(4).jpg","https://f1qv-main-data.s3.us-east-1.amazonaws.com/amt/main_task_F1QV/Dog/Tactile/8.jpg","","Fish","https://f1qv-main-data.s3.us-east-1.amazonaws.com/amt/main_task_F1QV/Fish/Natural/8_fish.png","https://f1qv-main-data.s3.us-east-1.amazonaws.com/amt/main_task_F1QV/Fish/Tactile/8.jpg","","Beluga Whale","https://f1qv-main-data.s3.us-east-1.amazonaws.com/amt/main_task_F1QV/Beluga Whale/Natural/Beluga_8.jpg","https://f1qv-main-data.s3.us-east-1.amazonaws.com/amt/main_task_F1QV/Beluga Whale/Tactile/8.jpg","","Teddy Bear","https://f1qv-main-data.s3.us-east-1.amazonaws.com/amt/main_task_F1QV/Teddy Bear/Natural/13_2.png","https://f1qv-main-data.s3.us-east-1.amazonaws.com/amt/main_task_F1QV/Teddy Bear/Tactile/13.jpeg","","Fish","https://f1qv-main-data.s3.us-east-1.amazonaws.com/amt/main_task_F1QV/Fish/Natural/13_fish.png","https://f1qv-main-data.s3.us-east-1.amazonaws.com/amt/main_task_F1QV/Fish/Tactile/13.jpg","","Fox","https://f1qv-main-data.s3.us-east-1.amazonaws.com/amt/main_task_F1QV/Fox/Natural/Fox_1.jpg","https://f1qv-main-data.s3.us-east-1.amazonaws.com/amt/main_task_F1QV/Fox/Tactile/1.jpg","","Teddy Bear","https://f1qv-main-data.s3.us-east-1.amazonaws.com/amt/main_task_F1QV/Teddy Bear/Natural/14.jpg","https://f1qv-main-data.s3.us-east-1.amazonaws.com/amt/main_task_F1QV/Teddy Bear/Tactile/14.jpeg","","Fox","https://f1qv-main-data.s3.us-east-1.amazonaws.com/amt/main_task_F1QV/Fox/Natural/Fox_3.jpg","https://f1qv-main-data.s3.us-east-1.amazonaws.com/amt/main_task_F1QV/Fox/Tactile/3.jpg","","Horse","https://f1qv-main-data.s3.us-east-1.amazonaws.com/amt/main_task_F1QV/Horse/Natural/10_Horse.jpeg","https://f1qv-main-data.s3.us-east-1.amazonaws.com/amt/main_task_F1QV/Horse/Tactile/10.jpg","","Elephant","https://f1qv-main-data.s3.us-east-1.amazonaws.com/amt/main_task_F1QV/Elephant/Natural/16_Elephant.jpeg","https://f1qv-main-data.s3.us-east-1.amazonaws.com/amt/main_task_F1QV/Elephant/Tactile/16.jpg","","[{""question1"":{""angle_match"":true,""view_frontal"":false,""view_perspective"":false,""view_side"":true,""view_top"":false},""question10"":{""angle_match"":true,""view_frontal"":false,""view_perspective"":false,""view_side"":true,""view_top"":false},""question2"":{""angle_match"":true,""view_frontal"":false,""view_perspective"":false,""view_side"":true,""view_top"":false},""question3"":{""angle_match"":true,""view_frontal"":true,""view_perspective"":false,""view_side"":false,""view_top"":false},""question4"":{""angle_match"":true,""view_frontal"":false,""view_perspective"":false,""view_side"":false,""view_top"":true},""question5"":{""angle_match"":true,""view_frontal"":false,""view_perspective"":false,""view_side"":true,""view_top"":false},""question6"":{""angle_match"":true,""view_frontal"":false,""view_perspective"":false,""view_side"":true,""view_top"":false},""question7"":{""angle_match"":true,""view_frontal"":true,""view_perspective"":false,""view_side"":false,""view_top"":false},""question8"":{""angle_match"":false,""view_frontal"":true,""view_perspective"":false,""view_side"":false,""view_top"":false},""question9"":{""angle_match"":true,""view_frontal"":false,""view_perspective"":false,""view_side"":true,""view_top"":false}}]"
"3VCK0Q0PPXS5JA30U6M54S5CY08N0Q","3BHRGUFAI0A6J7Y48A1RI398KZYCSF","Categorize images based on object's view.","Review 10 animal’s line-arts and judge if it has same or different views. Identify view for each tactile. (10 pairs)","tactile, image review, accessibility, animals","$0.05","Tue Mar 03 20:32:22 PST 2026","7","BatchId:5376447;OriginalHitTemplateId:928390873;","3600","2592000","Mon Mar 23 21:32:22 PDT 2026","","","3MMN5BL1XSIX44FQRUUPHVACOJOM3Z","A1MYCZT6OX9G20","Submitted","Tue Mar 03 20:37:52 PST 2026","Tue Mar 03 20:57:54 PST 2026","Thu Apr 02 21:57:54 PDT 2026","","","","1202","100% (9/9)","0% (0/0)","0% (0/0)","Dog","https://f1qv-main-data.s3.us-east-1.amazonaws.com/amt/main_task_F1QV/Dog/Natural/8_Dog(4).jpg","https://f1qv-main-data.s3.us-east-1.amazonaws.com/amt/main_task_F1QV/Dog/Tactile/8.jpg","","Fish","https://f1qv-main-data.s3.us-east-1.amazonaws.com/amt/main_task_F1QV/Fish/Natural/8_fish.png","https://f1qv-main-data.s3.us-east-1.amazonaws.com/amt/main_task_F1QV/Fish/Tactile/8.jpg","","Beluga Whale","https://f1qv-main-data.s3.us-east-1.amazonaws.com/amt/main_task_F1QV/Beluga Whale/Natural/Beluga_8.jpg","https://f1qv-main-data.s3.us-east-1.amazonaws.com/amt/main_task_F1QV/Beluga Whale/Tactile/8.jpg","","Teddy Bear","https://f1qv-main-data.s3.us-east-1.amazonaws.com/amt/main_task_F1QV/Teddy Bear/Natural/13_2.png","https://f1qv-main-data.s3.us-east-1.amazonaws.com/amt/main_task_F1QV/Teddy Bear/Tactile/13.jpeg","","Fish","https://f1qv-main-data.s3.us-east-1.amazonaws.com/amt/main_task_F1QV/Fish/Natural/13_fish.png","https://f1qv-main-data.s3.us-east-1.amazonaws.com/amt/main_task_F1QV/Fish/Tactile/13.jpg","","Fox","https://f1qv-main-data.s3.us-east-1.amazonaws.com/amt/main_task_F1QV/Fox/Natural/Fox_1.jpg","https://f1qv-main-data.s3.us-east-1.amazonaws.com/amt/main_task_F1QV/Fox/Tactile/1.jpg","","Teddy Bear","https://f1qv-main-data.s3.us-east-1.amazonaws.com/amt/main_task_F1QV/Teddy Bear/Natural/14.jpg","https://f1qv-main-data.s3.us-east-1.amazonaws.com/amt/main_task_F1QV/Teddy Bear/Tactile/14.jpeg","","Fox","https://f1qv-main-data.s3.us-east-1.amazonaws.com/amt/main_task_F1QV/Fox/Natural/Fox_3.jpg","https://f1qv-main-data.s3.us-east-1.amazonaws.com/amt/main_task_F1QV/Fox/Tactile/3.jpg","","Horse","https://f1qv-main-data.s3.us-east-1.amazonaws.com/amt/main_task_F1QV/Horse/Natural/10_Horse.jpeg","https://f1qv-main-data.s3.us-east-1.amazonaws.com/amt/main_task_F1QV/Horse/Tactile/10.jpg","","Elephant","https://f1qv-main-data.s3.us-east-1.amazonaws.com/amt/main_task_F1QV/Elephant/Natural/16_Elephant.jpeg","https://f1qv-main-data.s3.us-east-1.amazonaws.com/amt/main_task_F1QV/Elephant/Tactile/16.jpg","","[{""question1"":{""angle_match"":true,""view_frontal"":false,""view_perspective"":false,""view_side"":true,""view_top"":false},""question10"":{""angle_match"":true,""view_frontal"":false,""view_perspective"":false,""view_side"":true,""view_top"":false},""question2"":{""angle_match"":true,""view_frontal"":false,""view_perspective"":false,""view_side"":true,""view_top"":false},""question3"":{""angle_match"":true,""view_frontal"":false,""view_perspective"":true,""view_side"":false,""view_top"":false},""question4"":{""angle_match"":true,""view_frontal"":true,""view_perspective"":false,""view_side"":false,""view_top"":false},""question5"":{""angle_match"":true,""view_frontal"":false,""view_perspective"":false,""view_side"":true,""view_top"":false},""question6"":{""angle_match"":true,""view_frontal"":false,""view_perspective"":false,""view_side"":true,""view_top"":false},""question7"":{""angle_match"":true,""view_frontal"":true,""view_perspective"":false,""view_side"":false,""view_top"":false},""question8"":{""angle_match"":true,""view_frontal"":false,""view_perspective"":true,""view_side"":false,""view_top"":false},""question9"":{""angle_match"":true,""view_frontal"":false,""view_perspective"":false,""view_side"":true,""view_top"":false}}]"
"3VCK0Q0PPXS5JA30U6M54S5CY08N0Q","3BHRGUFAI0A6J7Y48A1RI398KZYCSF","Categorize images based on object's view.","Review 10 animal’s line-arts and judge if it has same or different views. Identify view for each tactile. (10 pairs)","tactile, image review, accessibility, animals","$0.05","Tue Mar 03 20:32:22 PST 2026","7","BatchId:5376447;OriginalHitTemplateId:928390873;","3600","2592000","Mon Mar 23 21:32:22 PDT 2026","","","3IX2EGZR84XZMYU7ZNITJ1LBQ4DRJA","A3CWVU18V57686","Submitted","Tue Mar 03 20:42:36 PST 2026","Tue Mar 03 21:03:25 PST 2026","Thu Apr 02 22:03:25 PDT 2026","","","","1249","0% (0/0)","0% (0/0)","0% (0/0)","Dog","https://f1qv-main-data.s3.us-east-1.amazonaws.com/amt/main_task_F1QV/Dog/Natural/8_Dog(4).jpg","https://f1qv-main-data.s3.us-east-1.amazonaws.com/amt/main_task_F1QV/Dog/Tactile/8.jpg","","Fish","https://f1qv-main-data.s3.us-east-1.amazonaws.com/amt/main_task_F1QV/Fish/Natural/8_fish.png","https://f1qv-main-data.s3.us-east-1.amazonaws.com/amt/main_task_F1QV/Fish/Tactile/8.jpg","","Beluga Whale","https://f1qv-main-data.s3.us-east-1.amazonaws.com/amt/main_task_F1QV/Beluga Whale/Natural/Beluga_8.jpg","https://f1qv-main-data.s3.us-east-1.amazonaws.com/amt/main_task_F1QV/Beluga Whale/Tactile/8.jpg","","Teddy Bear","https://f1qv-main-data.s3.us-east-1.amazonaws.com/amt/main_task_F1QV/Teddy Bear/Natural/13_2.png","https://f1qv-main-data.s3.us-east-1.amazonaws.com/amt/main_task_F1QV/Teddy Bear/Tactile/13.jpeg","","Fish","https://f1qv-main-data.s3.us-east-1.amazonaws.com/amt/main_task_F1QV/Fish/Natural/13_fish.png","https://f1qv-main-data.s3.us-east-1.amazonaws.com/amt/main_task_F1QV/Fish/Tactile/13.jpg","","Fox","https://f1qv-main-data.s3.us-east-1.amazonaws.com/amt/main_task_F1QV/Fox/Natural/Fox_1.jpg","https://f1qv-main-data.s3.us-east-1.amazonaws.com/amt/main_task_F1QV/Fox/Tactile/1.jpg","","Teddy Bear","https://f1qv-main-data.s3.us-east-1.amazonaws.com/amt/main_task_F1QV/Teddy Bear/Natural/14.jpg","https://f1qv-main-data.s3.us-east-1.amazonaws.com/amt/main_task_F1QV/Teddy Bear/Tactile/14.jpeg","","Fox","https://f1qv-main-data.s3.us-east-1.amazonaws.com/amt/main_task_F1QV/Fox/Natural/Fox_3.jpg","https://f1qv-main-data.s3.us-east-1.amazonaws.com/amt/main_task_F1QV/Fox/Tactile/3.jpg","","Horse","https://f1qv-main-data.s3.us-east-1.amazonaws.com/amt/main_task_F1QV/Horse/Natural/10_Horse.jpeg","https://f1qv-main-data.s3.us-east-1.amazonaws.com/amt/main_task_F1QV/Horse/Tactile/10.jpg","","Elephant","https://f1qv-main-data.s3.us-east-1.amazonaws.com/amt/main_task_F1QV/Elephant/Natural/16_Elephant.jpeg","https://f1qv-main-data.s3.us-east-1.amazonaws.com/amt/main_task_F1QV/Elephant/Tactile/16.jpg","","[{""question1"":{""angle_match"":true,""view_frontal"":false,""view_perspective"":false,""view_side"":true,""view_top"":false},""question10"":{""angle_match"":true,""view_frontal"":false,""view_perspective"":false,""view_side"":true,""view_top"":false},""question2"":{""angle_match"":true,""view_frontal"":false,""view_perspective"":false,""view_side"":true,""view_top"":false},""question3"":{""angle_match"":true,""view_frontal"":false,""view_perspective"":false,""view_side"":true,""view_top"":false},""question4"":{""angle_match"":false,""view_frontal"":true,""view_perspective"":false,""view_side"":false,""view_top"":false},""question5"":{""angle_match"":true,""view_frontal"":false,""view_perspective"":false,""view_side"":true,""view_top"":false},""question6"":{""angle_match"":true,""view_frontal"":false,""view_perspective"":false,""view_side"":true,""view_top"":false},""question7"":{""angle_match"":false,""view_frontal"":true,""view_perspective"":false,""view_side"":false,""view_top"":false},""question8"":{""angle_match"":true,""view_frontal"":false,""view_perspective"":false,""view_side"":true,""view_top"":false},""question9"":{""angle_match"":true,""view_frontal"":false,""view_perspective"":false,""view_side"":true,""view_top"":false}}]"
"3VCK0Q0PPXS5JA30U6M54S5CY08N0Q","3BHRGUFAI0A6J7Y48A1RI398KZYCSF","Categorize images based on object's view.","Review 10 animal’s line-arts and judge if it has same or different views. Identify view for each tactile. (10 pairs)","tactile, image review, accessibility, animals","$0.05","Tue Mar 03 20:32:22 PST 2026","7","BatchId:5376447;OriginalHitTemplateId:928390873;","3600","2592000","Mon Mar 23 21:32:22 PDT 2026","","","3PB5A5BD1OKFDDKRI3ZKH72VX037GO","AWGGLWWAXQGN0","Submitted","Tue Mar 03 20:43:42 PST 2026","Tue Mar 03 21:05:30 PST 2026","Thu Apr 02 22:05:30 PDT 2026","","","","1308","100% (2/2)","100% (2/2)","0% (0/0)","Dog","https://f1qv-main-data.s3.us-east-1.amazonaws.com/amt/main_task_F1QV/Dog/Natural/8_Dog(4).jpg","https://f1qv-main-data.s3.us-east-1.amazonaws.com/amt/main_task_F1QV/Dog/Tactile/8.jpg","","Fish","https://f1qv-main-data.s3.us-east-1.amazonaws.com/amt/main_task_F1QV/Fish/Natural/8_fish.png","https://f1qv-main-data.s3.us-east-1.amazonaws.com/amt/main_task_F1QV/Fish/Tactile/8.jpg","","Beluga Whale","https://f1qv-main-data.s3.us-east-1.amazonaws.com/amt/main_task_F1QV/Beluga Whale/Natural/Beluga_8.jpg","https://f1qv-main-data.s3.us-east-1.amazonaws.com/amt/main_task_F1QV/Beluga Whale/Tactile/8.jpg","","Teddy Bear","https://f1qv-main-data.s3.us-east-1.amazonaws.com/amt/main_task_F1QV/Teddy Bear/Natural/13_2.png","https://f1qv-main-data.s3.us-east-1.amazonaws.com/amt/main_task_F1QV/Teddy Bear/Tactile/13.jpeg","","Fish","https://f1qv-main-data.s3.us-east-1.amazonaws.com/amt/main_task_F1QV/Fish/Natural/13_fish.png","https://f1qv-main-data.s3.us-east-1.amazonaws.com/amt/main_task_F1QV/Fish/Tactile/13.jpg","","Fox","https://f1qv-main-data.s3.us-east-1.amazonaws.com/amt/main_task_F1QV/Fox/Natural/Fox_1.jpg","https://f1qv-main-data.s3.us-east-1.amazonaws.com/amt/main_task_F1QV/Fox/Tactile/1.jpg","","Teddy Bear","https://f1qv-main-data.s3.us-east-1.amazonaws.com/amt/main_task_F1QV/Teddy Bear/Natural/14.jpg","https://f1qv-main-data.s3.us-east-1.amazonaws.com/amt/main_task_F1QV/Teddy Bear/Tactile/14.jpeg","","Fox","https://f1qv-main-data.s3.us-east-1.amazonaws.com/amt/main_task_F1QV/Fox/Natural/Fox_3.jpg","https://f1qv-main-data.s3.us-east-1.amazonaws.com/amt/main_task_F1QV/Fox/Tactile/3.jpg","","Horse","https://f1qv-main-data.s3.us-east-1.amazonaws.com/amt/main_task_F1QV/Horse/Natural/10_Horse.jpeg","https://f1qv-main-data.s3.us-east-1.amazonaws.com/amt/main_task_F1QV/Horse/Tactile/10.jpg","","Elephant","https://f1qv-main-data.s3.us-east-1.amazonaws.com/amt/main_task_F1QV/Elephant/Natural/16_Elephant.jpeg","https://f1qv-main-data.s3.us-east-1.amazonaws.com/amt/main_task_F1QV/Elephant/Tactile/16.jpg","","[{""question1"":{""angle_match"":true,""view_frontal"":false,""view_perspective"":false,""view_side"":true,""view_top"":false},""question10"":{""angle_match"":true,""view_frontal"":false,""view_perspective"":false,""view_side"":true,""view_top"":false},""question2"":{""angle_match"":true,""view_frontal"":false,""view_perspective"":false,""view_side"":true,""view_top"":false},""question3"":{""angle_match"":true,""view_frontal"":true,""view_perspective"":false,""view_side"":false,""view_top"":false},""question4"":{""angle_match"":true,""view_frontal"":false,""view_perspective"":false,""view_side"":false,""view_top"":true},""question5"":{""angle_match"":false,""view_frontal"":false,""view_perspective"":true,""view_side"":false,""view_top"":false},""question6"":{""angle_match"":true,""view_frontal"":false,""view_perspective"":false,""view_side"":true,""view_top"":false},""question7"":{""angle_match"":true,""view_frontal"":true,""view_perspective"":false,""view_side"":false,""view_top"":false},""question8"":{""angle_match"":true,""view_frontal"":true,""view_perspective"":false,""view_side"":false,""view_top"":false},""question9"":{""angle_match"":true,""view_frontal"":false,""view_perspective"":false,""view_side"":true,""view_top"":false}}]"
"3VCK0Q0PPXS5JA30U6M54S5CY08N0Q","3BHRGUFAI0A6J7Y48A1RI398KZYCSF","Categorize images based on object's view.","Review 10 animal’s line-arts and judge if it has same or different views. Identify view for each tactile. (10 pairs)","tactile, image review, accessibility, animals","$0.05","Tue Mar 03 20:32:22 PST 2026","7","BatchId:5376447;OriginalHitTemplateId:928390873;","3600","2592000","Mon Mar 23 21:32:22 PDT 2026","","","3XC1O3LBPL0IX3VZ6XZ1ZVZLIDCTLM","ALJH5865ISWT1","Submitted","Tue Mar 03 20:39:02 PST 2026","Tue Mar 03 21:33:27 PST 2026","Thu Apr 02 22:33:27 PDT 2026","","","","3265","100% (2/2)","100% (2/2)","0% (0/0)","Dog","https://f1qv-main-data.s3.us-east-1.amazonaws.com/amt/main_task_F1QV/Dog/Natural/8_Dog(4).jpg","https://f1qv-main-data.s3.us-east-1.amazonaws.com/amt/main_task_F1QV/Dog/Tactile/8.jpg","","Fish","https://f1qv-main-data.s3.us-east-1.amazonaws.com/amt/main_task_F1QV/Fish/Natural/8_fish.png","https://f1qv-main-data.s3.us-east-1.amazonaws.com/amt/main_task_F1QV/Fish/Tactile/8.jpg","","Beluga Whale","https://f1qv-main-data.s3.us-east-1.amazonaws.com/amt/main_task_F1QV/Beluga Whale/Natural/Beluga_8.jpg","https://f1qv-main-data.s3.us-east-1.amazonaws.com/amt/main_task_F1QV/Beluga Whale/Tactile/8.jpg","","Teddy Bear","https://f1qv-main-data.s3.us-east-1.amazonaws.com/amt/main_task_F1QV/Teddy Bear/Natural/13_2.png","https://f1qv-main-data.s3.us-east-1.amazonaws.com/amt/main_task_F1QV/Teddy Bear/Tactile/13.jpeg","","Fish","https://f1qv-main-data.s3.us-east-1.amazonaws.com/amt/main_task_F1QV/Fish/Natural/13_fish.png","https://f1qv-main-data.s3.us-east-1.amazonaws.com/amt/main_task_F1QV/Fish/Tactile/13.jpg","","Fox","https://f1qv-main-data.s3.us-east-1.amazonaws.com/amt/main_task_F1QV/Fox/Natural/Fox_1.jpg","https://f1qv-main-data.s3.us-east-1.amazonaws.com/amt/main_task_F1QV/Fox/Tactile/1.jpg","","Teddy Bear","https://f1qv-main-data.s3.us-east-1.amazonaws.com/amt/main_task_F1QV/Teddy Bear/Natural/14.jpg","https://f1qv-main-data.s3.us-east-1.amazonaws.com/amt/main_task_F1QV/Teddy Bear/Tactile/14.jpeg","","Fox","https://f1qv-main-data.s3.us-east-1.amazonaws.com/amt/main_task_F1QV/Fox/Natural/Fox_3.jpg","https://f1qv-main-data.s3.us-east-1.amazonaws.com/amt/main_task_F1QV/Fox/Tactile/3.jpg","","Horse","https://f1qv-main-data.s3.us-east-1.amazonaws.com/amt/main_task_F1QV/Horse/Natural/10_Horse.jpeg","https://f1qv-main-data.s3.us-east-1.amazonaws.com/amt/main_task_F1QV/Horse/Tactile/10.jpg","","Elephant","https://f1qv-main-data.s3.us-east-1.amazonaws.com/amt/main_task_F1QV/Elephant/Natural/16_Elephant.jpeg","https://f1qv-main-data.s3.us-east-1.amazonaws.com/amt/main_task_F1QV/Elephant/Tactile/16.jpg","","[{""question1"":{""angle_match"":true,""view_frontal"":false,""view_perspective"":false,""view_side"":true,""view_top"":false},""question10"":{""angle_match"":true,""view_frontal"":false,""view_perspective"":false,""view_side"":true,""view_top"":false},""question2"":{""angle_match"":true,""view_frontal"":false,""view_perspective"":false,""view_side"":true,""view_top"":false},""question3"":{""angle_match"":true,""view_frontal"":false,""view_perspective"":false,""view_side"":true,""view_top"":false},""question4"":{""angle_match"":true,""view_frontal"":true,""view_perspective"":false,""view_side"":false,""view_top"":false},""question5"":{""angle_match"":true,""view_frontal"":false,""view_perspective"":false,""view_side"":true,""view_top"":false},""question6"":{""angle_match"":true,""view_frontal"":false,""view_perspective"":false,""view_side"":true,""view_top"":false},""question7"":{""angle_match"":true,""view_frontal"":true,""view_perspective"":false,""view_side"":false,""view_top"":false},""question8"":{""angle_match"":true,""view_frontal"":false,""view_perspective"":false,""view_side"":true,""view_top"":false},""question9"":{""angle_match"":true,""view_frontal"":false,""view_perspective"":false,""view_side"":true,""view_top"":false}}]"
"36FQTHX30V5ZZTD0A3ZFFV3PKNEB3K","3BHRGUFAI0A6J7Y48A1RI398KZYCSF","Categorize images based on object's view.","Review 10 animal’s line-arts and judge if it has same or different views. Identify view for each tactile. (10 pairs)","tactile, image review, accessibility, animals","$0.05","Tue Mar 03 20:32:22 PST 2026","7","BatchId:5376447;OriginalHitTemplateId:928390873;","3600","2592000","Mon Mar 23 21:32:22 PDT 2026","","","3WLEIWSYIHVMR8IWWX076GXO1JOH29","A1MYCZT6OX9G20","Submitted","Tue Mar 03 20:37:40 PST 2026","Tue Mar 03 20:40:07 PST 2026","Thu Apr 02 21:40:07 PDT 2026","","","","147","100% (9/9)","0% (0/0)","0% (0/0)","Fox","https://f1qv-main-data.s3.us-east-1.amazonaws.com/amt/main_task_F1QV/Fox/Natural/Fox_6.jpg","https://f1qv-main-data.s3.us-east-1.amazonaws.com/amt/main_task_F1QV/Fox/Tactile/6.jpg","","Bird","https://f1qv-main-data.s3.us-east-1.amazonaws.com/amt/main_task_F1QV/Bird/Natural/12_Bird.jpg","https://f1qv-main-data.s3.us-east-1.amazonaws.com/amt/main_task_F1QV/Bird/Tactile/12.jpg","","Jellyfish","https://f1qv-main-data.s3.us-east-1.amazonaws.com/amt/main_task_F1QV/Jellyfish/Natural/5_4.jpg","https://f1qv-main-data.s3.us-east-1.amazonaws.com/amt/main_task_F1QV/Jellyfish/Tactile/5.jpg","","Llama","https://f1qv-main-data.s3.us-east-1.amazonaws.com/amt/main_task_F1QV/Llama/Natural/3.jpg","https://f1qv-main-data.s3.us-east-1.amazonaws.com/amt/main_task_F1QV/Llama/Tactile/3.jpg","","Teddy Bear","https://f1qv-main-data.s3.us-east-1.amazonaws.com/amt/main_task_F1QV/Teddy Bear/Natural/6.jpg","https://f1qv-main-data.s3.us-east-1.amazonaws.com/amt/main_task_F1QV/Teddy Bear/Tactile/6.jpeg","","Duck","https://f1qv-main-data.s3.us-east-1.amazonaws.com/amt/main_task_F1QV/Duck/Natural/5_Duck.jpg","https://f1qv-main-data.s3.us-east-1.amazonaws.com/amt/main_task_F1QV/Duck/Tactile/5.jpg","","Giraffe","https://f1qv-main-data.s3.us-east-1.amazonaws.com/amt/main_task_F1QV/Giraffe/Natural/9_Giraffe(2).jpg","https://f1qv-main-data.s3.us-east-1.amazonaws.com/amt/main_task_F1QV/Giraffe/Tactile/9.jpeg","","Teddy Bear","https://f1qv-main-data.s3.us-east-1.amazonaws.com/amt/main_task_F1QV/Teddy Bear/Natural/11.jpg","https://f1qv-main-data.s3.us-east-1.amazonaws.com/amt/main_task_F1QV/Teddy Bear/Tactile/11.jpeg","","Elephant","https://f1qv-main-data.s3.us-east-1.amazonaws.com/amt/main_task_F1QV/Elephant/Natural/1_Elephant.jpeg","https://f1qv-main-data.s3.us-east-1.amazonaws.com/amt/main_task_F1QV/Elephant/Tactile/1.jpg","","Jellyfish","https://f1qv-main-data.s3.us-east-1.amazonaws.com/amt/main_task_F1QV/Jellyfish/Natural/4_2.jpg","https://f1qv-main-data.s3.us-east-1.amazonaws.com/amt/main_task_F1QV/Jellyfish/Tactile/4.jpg","","[{""question1"":{""angle_match"":true,""view_frontal"":false,""view_perspective"":false,""view_side"":true,""view_top"":false},""question10"":{""angle_match"":true,""view_frontal"":false,""view_perspective"":false,""view_side"":true,""view_top"":false},""question2"":{""angle_match"":true,""view_frontal"":false,""view_perspective"":false,""view_side"":true,""view_top"":false},""question3"":{""angle_match"":true,""view_frontal"":false,""view_perspective"":false,""view_side"":true,""view_top"":false},""question4"":{""angle_match"":true,""view_frontal"":true,""view_perspective"":false,""view_side"":false,""view_top"":false},""question5"":{""angle_match"":true,""view_frontal"":true,""view_perspective"":false,""view_side"":false,""view_top"":false},""question6"":{""angle_match"":true,""view_frontal"":false,""view_perspective"":false,""view_side"":true,""view_top"":false},""question7"":{""angle_match"":true,""view_frontal"":false,""view_perspective"":false,""view_side"":true,""view_top"":false},""question8"":{""angle_match"":true,""view_frontal"":true,""view_perspective"":false,""view_side"":false,""view_top"":false},""question9"":{""angle_match"":true,""view_frontal"":false,""view_perspective"":false,""view_side"":true,""view_top"":false}}]"
"36FQTHX30V5ZZTD0A3ZFFV3PKNEB3K","3BHRGUFAI0A6J7Y48A1RI398KZYCSF","Categorize images based on object's view.","Review 10 animal’s line-arts and judge if it has same or different views. Identify view for each tactile. (10 pairs)","tactile, image review, accessibility, animals","$0.05","Tue Mar 03 20:32:22 PST 2026","7","BatchId:5376447;OriginalHitTemplateId:928390873;","3600","2592000","Mon Mar 23 21:32:22 PDT 2026","","","338JKRMM3ZDBWBD09CTMCYGMD8LHAN","A3CWVU18V57686","Submitted","Tue Mar 03 20:42:25 PST 2026","Tue Mar 03 20:50:11 PST 2026","Thu Apr 02 21:50:11 PDT 2026","","","","466","0% (0/0)","0% (0/0)","0% (0/0)","Fox","https://f1qv-main-data.s3.us-east-1.amazonaws.com/amt/main_task_F1QV/Fox/Natural/Fox_6.jpg","https://f1qv-main-data.s3.us-east-1.amazonaws.com/amt/main_task_F1QV/Fox/Tactile/6.jpg","","Bird","https://f1qv-main-data.s3.us-east-1.amazonaws.com/amt/main_task_F1QV/Bird/Natural/12_Bird.jpg","https://f1qv-main-data.s3.us-east-1.amazonaws.com/amt/main_task_F1QV/Bird/Tactile/12.jpg","","Jellyfish","https://f1qv-main-data.s3.us-east-1.amazonaws.com/amt/main_task_F1QV/Jellyfish/Natural/5_4.jpg","https://f1qv-main-data.s3.us-east-1.amazonaws.com/amt/main_task_F1QV/Jellyfish/Tactile/5.jpg","","Llama","https://f1qv-main-data.s3.us-east-1.amazonaws.com/amt/main_task_F1QV/Llama/Natural/3.jpg","https://f1qv-main-data.s3.us-east-1.amazonaws.com/amt/main_task_F1QV/Llama/Tactile/3.jpg","","Teddy Bear","https://f1qv-main-data.s3.us-east-1.amazonaws.com/amt/main_task_F1QV/Teddy Bear/Natural/6.jpg","https://f1qv-main-data.s3.us-east-1.amazonaws.com/amt/main_task_F1QV/Teddy Bear/Tactile/6.jpeg","","Duck","https://f1qv-main-data.s3.us-east-1.amazonaws.com/amt/main_task_F1QV/Duck/Natural/5_Duck.jpg","https://f1qv-main-data.s3.us-east-1.amazonaws.com/amt/main_task_F1QV/Duck/Tactile/5.jpg","","Giraffe","https://f1qv-main-data.s3.us-east-1.amazonaws.com/amt/main_task_F1QV/Giraffe/Natural/9_Giraffe(2).jpg","https://f1qv-main-data.s3.us-east-1.amazonaws.com/amt/main_task_F1QV/Giraffe/Tactile/9.jpeg","","Teddy Bear","https://f1qv-main-data.s3.us-east-1.amazonaws.com/amt/main_task_F1QV/Teddy Bear/Natural/11.jpg","https://f1qv-main-data.s3.us-east-1.amazonaws.com/amt/main_task_F1QV/Teddy Bear/Tactile/11.jpeg","","Elephant","https://f1qv-main-data.s3.us-east-1.amazonaws.com/amt/main_task_F1QV/Elephant/Natural/1_Elephant.jpeg","https://f1qv-main-data.s3.us-east-1.amazonaws.com/amt/main_task_F1QV/Elephant/Tactile/1.jpg","","Jellyfish","https://f1qv-main-data.s3.us-east-1.amazonaws.com/amt/main_task_F1QV/Jellyfish/Natural/4_2.jpg","https://f1qv-main-data.s3.us-east-1.amazonaws.com/amt/main_task_F1QV/Jellyfish/Tactile/4.jpg","","[{""question1"":{""angle_match"":true,""view_frontal"":false,""view_perspective"":false,""view_side"":true,""view_top"":false},""question10"":{""angle_match"":false,""view_frontal"":false,""view_perspective"":false,""view_side"":true,""view_top"":false},""question2"":{""angle_match"":false,""view_frontal"":false,""view_perspective"":false,""view_side"":true,""view_top"":false},""question3"":{""angle_match"":false,""view_frontal"":false,""view_perspective"":true,""view_side"":false,""view_top"":false},""question4"":{""angle_match"":false,""view_frontal"":false,""view_perspective"":true,""view_side"":false,""view_top"":false},""question5"":{""angle_match"":false,""view_frontal"":true,""view_perspective"":false,""view_side"":false,""view_top"":false},""question6"":{""angle_match"":false,""view_frontal"":false,""view_perspective"":false,""view_side"":true,""view_top"":false},""question7"":{""angle_match"":true,""view_frontal"":true,""view_perspective"":false,""view_side"":false,""view_top"":false},""question8"":{""angle_match"":false,""view_frontal"":true,""view_perspective"":false,""view_side"":false,""view_top"":false},""question9"":{""angle_match"":true,""view_frontal"":false,""view_perspective"":false,""view_side"":true,""view_top"":false}}]"
"36FQTHX30V5ZZTD0A3ZFFV3PKNEB3K","3BHRGUFAI0A6J7Y48A1RI398KZYCSF","Categorize images based on object's view.","Review 10 animal’s line-arts and judge if it has same or different views. Identify view for each tactile. (10 pairs)","tactile, image review, accessibility, animals","$0.05","Tue Mar 03 20:32:22 PST 2026","7","BatchId:5376447;OriginalHitTemplateId:928390873;","3600","2592000","Mon Mar 23 21:32:22 PDT 2026","","","3HYA4D453KX2DCRQ17C73VLBL4D2FY","ALJH5865ISWT1","Submitted","Tue Mar 03 20:38:44 PST 2026","Tue Mar 03 20:50:24 PST 2026","Thu Apr 02 21:50:24 PDT 2026","","","","700","100% (2/2)","100% (2/2)","0% (0/0)","Fox","https://f1qv-main-data.s3.us-east-1.amazonaws.com/amt/main_task_F1QV/Fox/Natural/Fox_6.jpg","https://f1qv-main-data.s3.us-east-1.amazonaws.com/amt/main_task_F1QV/Fox/Tactile/6.jpg","","Bird","https://f1qv-main-data.s3.us-east-1.amazonaws.com/amt/main_task_F1QV/Bird/Natural/12_Bird.jpg","https://f1qv-main-data.s3.us-east-1.amazonaws.com/amt/main_task_F1QV/Bird/Tactile/12.jpg","","Jellyfish","https://f1qv-main-data.s3.us-east-1.amazonaws.com/amt/main_task_F1QV/Jellyfish/Natural/5_4.jpg","https://f1qv-main-data.s3.us-east-1.amazonaws.com/amt/main_task_F1QV/Jellyfish/Tactile/5.jpg","","Llama","https://f1qv-main-data.s3.us-east-1.amazonaws.com/amt/main_task_F1QV/Llama/Natural/3.jpg","https://f1qv-main-data.s3.us-east-1.amazonaws.com/amt/main_task_F1QV/Llama/Tactile/3.jpg","","Teddy Bear","https://f1qv-main-data.s3.us-east-1.amazonaws.com/amt/main_task_F1QV/Teddy Bear/Natural/6.jpg","https://f1qv-main-data.s3.us-east-1.amazonaws.com/amt/main_task_F1QV/Teddy Bear/Tactile/6.jpeg","","Duck","https://f1qv-main-data.s3.us-east-1.amazonaws.com/amt/main_task_F1QV/Duck/Natural/5_Duck.jpg","https://f1qv-main-data.s3.us-east-1.amazonaws.com/amt/main_task_F1QV/Duck/Tactile/5.jpg","","Giraffe","https://f1qv-main-data.s3.us-east-1.amazonaws.com/amt/main_task_F1QV/Giraffe/Natural/9_Giraffe(2).jpg","https://f1qv-main-data.s3.us-east-1.amazonaws.com/amt/main_task_F1QV/Giraffe/Tactile/9.jpeg","","Teddy Bear","https://f1qv-main-data.s3.us-east-1.amazonaws.com/amt/main_task_F1QV/Teddy Bear/Natural/11.jpg","https://f1qv-main-data.s3.us-east-1.amazonaws.com/amt/main_task_F1QV/Teddy Bear/Tactile/11.jpeg","","Elephant","https://f1qv-main-data.s3.us-east-1.amazonaws.com/amt/main_task_F1QV/Elephant/Natural/1_Elephant.jpeg","https://f1qv-main-data.s3.us-east-1.amazonaws.com/amt/main_task_F1QV/Elephant/Tactile/1.jpg","","Jellyfish","https://f1qv-main-data.s3.us-east-1.amazonaws.com/amt/main_task_F1QV/Jellyfish/Natural/4_2.jpg","https://f1qv-main-data.s3.us-east-1.amazonaws.com/amt/main_task_F1QV/Jellyfish/Tactile/4.jpg","","[{""question1"":{""angle_match"":true,""view_frontal"":false,""view_perspective"":false,""view_side"":true,""view_top"":false},""question10"":{""angle_match"":true,""view_frontal"":false,""view_perspective"":false,""view_side"":true,""view_top"":false},""question2"":{""angle_match"":true,""view_frontal"":false,""view_perspective"":false,""view_side"":true,""view_top"":false},""question3"":{""angle_match"":true,""view_frontal"":false,""view_perspective"":false,""view_side"":true,""view_top"":false},""question4"":{""angle_match"":true,""view_frontal"":true,""view_perspective"":false,""view_side"":false,""view_top"":false},""question5"":{""angle_match"":true,""view_frontal"":true,""view_perspective"":false,""view_side"":false,""view_top"":false},""question6"":{""angle_match"":true,""view_frontal"":false,""view_perspective"":false,""view_side"":true,""view_top"":false},""question7"":{""angle_match"":true,""view_frontal"":false,""view_perspective"":false,""view_side"":true,""view_top"":false},""question8"":{""angle_match"":true,""view_frontal"":true,""view_perspective"":false,""view_side"":false,""view_top"":false},""question9"":{""angle_match"":true,""view_frontal"":false,""view_perspective"":false,""view_side"":true,""view_top"":false}}]"
"36FQTHX30V5ZZTD0A3ZFFV3PKNEB3K","3BHRGUFAI0A6J7Y48A1RI398KZYCSF","Categorize images based on object's view.","Review 10 animal’s line-arts and judge if it has same or different views. Identify view for each tactile. (10 pairs)","tactile, image review, accessibility, animals","$0.05","Tue Mar 03 20:32:22 PST 2026","7","BatchId:5376447;OriginalHitTemplateId:928390873;","3600","2592000","Mon Mar 23 21:32:22 PDT 2026","","","3EKVH9QMFRI5FSDUA1HHFVIQ9RYD2Z","A3OLY20VMA8SPJ","Submitted","Tue Mar 03 20:39:30 PST 2026","Tue Mar 03 20:56:06 PST 2026","Thu Apr 02 21:56:06 PDT 2026","","","","996","100% (15/15)","100% (15/15)","0% (0/0)","Fox","https://f1qv-main-data.s3.us-east-1.amazonaws.com/amt/main_task_F1QV/Fox/Natural/Fox_6.jpg","https://f1qv-main-data.s3.us-east-1.amazonaws.com/amt/main_task_F1QV/Fox/Tactile/6.jpg","","Bird","https://f1qv-main-data.s3.us-east-1.amazonaws.com/amt/main_task_F1QV/Bird/Natural/12_Bird.jpg","https://f1qv-main-data.s3.us-east-1.amazonaws.com/amt/main_task_F1QV/Bird/Tactile/12.jpg","","Jellyfish","https://f1qv-main-data.s3.us-east-1.amazonaws.com/amt/main_task_F1QV/Jellyfish/Natural/5_4.jpg","https://f1qv-main-data.s3.us-east-1.amazonaws.com/amt/main_task_F1QV/Jellyfish/Tactile/5.jpg","","Llama","https://f1qv-main-data.s3.us-east-1.amazonaws.com/amt/main_task_F1QV/Llama/Natural/3.jpg","https://f1qv-main-data.s3.us-east-1.amazonaws.com/amt/main_task_F1QV/Llama/Tactile/3.jpg","","Teddy Bear","https://f1qv-main-data.s3.us-east-1.amazonaws.com/amt/main_task_F1QV/Teddy Bear/Natural/6.jpg","https://f1qv-main-data.s3.us-east-1.amazonaws.com/amt/main_task_F1QV/Teddy Bear/Tactile/6.jpeg","","Duck","https://f1qv-main-data.s3.us-east-1.amazonaws.com/amt/main_task_F1QV/Duck/Natural/5_Duck.jpg","https://f1qv-main-data.s3.us-east-1.amazonaws.com/amt/main_task_F1QV/Duck/Tactile/5.jpg","","Giraffe","https://f1qv-main-data.s3.us-east-1.amazonaws.com/amt/main_task_F1QV/Giraffe/Natural/9_Giraffe(2).jpg","https://f1qv-main-data.s3.us-east-1.amazonaws.com/amt/main_task_F1QV/Giraffe/Tactile/9.jpeg","","Teddy Bear","https://f1qv-main-data.s3.us-east-1.amazonaws.com/amt/main_task_F1QV/Teddy Bear/Natural/11.jpg","https://f1qv-main-data.s3.us-east-1.amazonaws.com/amt/main_task_F1QV/Teddy Bear/Tactile/11.jpeg","","Elephant","https://f1qv-main-data.s3.us-east-1.amazonaws.com/amt/main_task_F1QV/Elephant/Natural/1_Elephant.jpeg","https://f1qv-main-data.s3.us-east-1.amazonaws.com/amt/main_task_F1QV/Elephant/Tactile/1.jpg","","Jellyfish","https://f1qv-main-data.s3.us-east-1.amazonaws.com/amt/main_task_F1QV/Jellyfish/Natural/4_2.jpg","https://f1qv-main-data.s3.us-east-1.amazonaws.com/amt/main_task_F1QV/Jellyfish/Tactile/4.jpg","","[{""question1"":{""angle_match"":true,""view_frontal"":false,""view_perspective"":false,""view_side"":true,""view_top"":false},""question10"":{""angle_match"":true,""view_frontal"":true,""view_perspective"":false,""view_side"":false,""view_top"":false},""question2"":{""angle_match"":true,""view_frontal"":false,""view_perspective"":false,""view_side"":true,""view_top"":false},""question3"":{""angle_match"":true,""view_frontal"":true,""view_perspective"":false,""view_side"":false,""view_top"":false},""question4"":{""angle_match"":true,""view_frontal"":false,""view_perspective"":false,""view_side"":false,""view_top"":true},""question5"":{""angle_match"":true,""view_frontal"":false,""view_perspective"":false,""view_side"":false,""view_top"":true},""question6"":{""angle_match"":true,""view_frontal"":false,""view_perspective"":false,""view_side"":true,""view_top"":false},""question7"":{""angle_match"":true,""view_frontal"":false,""view_perspective"":false,""view_side"":true,""view_top"":false},""question8"":{""angle_match"":true,""view_frontal"":false,""view_perspective"":false,""view_side"":false,""view_top"":true},""question9"":{""angle_match"":true,""view_frontal"":false,""view_perspective"":false,""view_side"":true,""view_top"":false}}]"
"36FQTHX30V5ZZTD0A3ZFFV3PKNEB3K","3BHRGUFAI0A6J7Y48A1RI398KZYCSF","Categorize images based on object's view.","Review 10 animal’s line-arts and judge if it has same or different views. Identify view for each tactile. (10 pairs)","tactile, image review, accessibility, animals","$0.05","Tue Mar 03 20:32:22 PST 2026","7","BatchId:5376447;OriginalHitTemplateId:928390873;","3600","2592000","Mon Mar 23 21:32:22 PDT 2026","","","3MD9PLUKLBS47F7JO24YYB4R851NZ3","A2V3XARMPINRM8","Submitted","Tue Mar 03 20:42:40 PST 2026","Tue Mar 03 21:11:10 PST 2026","Thu Apr 02 22:11:10 PDT 2026","","","","1710","100% (1/1)","100% (1/1)","100% (1/1)","Fox","https://f1qv-main-data.s3.us-east-1.amazonaws.com/amt/main_task_F1QV/Fox/Natural/Fox_6.jpg","https://f1qv-main-data.s3.us-east-1.amazonaws.com/amt/main_task_F1QV/Fox/Tactile/6.jpg","","Bird","https://f1qv-main-data.s3.us-east-1.amazonaws.com/amt/main_task_F1QV/Bird/Natural/12_Bird.jpg","https://f1qv-main-data.s3.us-east-1.amazonaws.com/amt/main_task_F1QV/Bird/Tactile/12.jpg","","Jellyfish","https://f1qv-main-data.s3.us-east-1.amazonaws.com/amt/main_task_F1QV/Jellyfish/Natural/5_4.jpg","https://f1qv-main-data.s3.us-east-1.amazonaws.com/amt/main_task_F1QV/Jellyfish/Tactile/5.jpg","","Llama","https://f1qv-main-data.s3.us-east-1.amazonaws.com/amt/main_task_F1QV/Llama/Natural/3.jpg","https://f1qv-main-data.s3.us-east-1.amazonaws.com/amt/main_task_F1QV/Llama/Tactile/3.jpg","","Teddy Bear","https://f1qv-main-data.s3.us-east-1.amazonaws.com/amt/main_task_F1QV/Teddy Bear/Natural/6.jpg","https://f1qv-main-data.s3.us-east-1.amazonaws.com/amt/main_task_F1QV/Teddy Bear/Tactile/6.jpeg","","Duck","https://f1qv-main-data.s3.us-east-1.amazonaws.com/amt/main_task_F1QV/Duck/Natural/5_Duck.jpg","https://f1qv-main-data.s3.us-east-1.amazonaws.com/amt/main_task_F1QV/Duck/Tactile/5.jpg","","Giraffe","https://f1qv-main-data.s3.us-east-1.amazonaws.com/amt/main_task_F1QV/Giraffe/Natural/9_Giraffe(2).jpg","https://f1qv-main-data.s3.us-east-1.amazonaws.com/amt/main_task_F1QV/Giraffe/Tactile/9.jpeg","","Teddy Bear","https://f1qv-main-data.s3.us-east-1.amazonaws.com/amt/main_task_F1QV/Teddy Bear/Natural/11.jpg","https://f1qv-main-data.s3.us-east-1.amazonaws.com/amt/main_task_F1QV/Teddy Bear/Tactile/11.jpeg","","Elephant","https://f1qv-main-data.s3.us-east-1.amazonaws.com/amt/main_task_F1QV/Elephant/Natural/1_Elephant.jpeg","https://f1qv-main-data.s3.us-east-1.amazonaws.com/amt/main_task_F1QV/Elephant/Tactile/1.jpg","","Jellyfish","https://f1qv-main-data.s3.us-east-1.amazonaws.com/amt/main_task_F1QV/Jellyfish/Natural/4_2.jpg","https://f1qv-main-data.s3.us-east-1.amazonaws.com/amt/main_task_F1QV/Jellyfish/Tactile/4.jpg","","[{""question1"":{""angle_match"":true,""view_frontal"":true,""view_perspective"":false,""view_side"":false,""view_top"":false},""question10"":{""angle_match"":true,""view_frontal"":false,""view_perspective"":false,""view_side"":true,""view_top"":false},""question2"":{""angle_match"":true,""view_frontal"":false,""view_perspective"":false,""view_side"":true,""view_top"":false},""question3"":{""angle_match"":true,""view_frontal"":true,""view_perspective"":false,""view_side"":false,""view_top"":false},""question4"":{""angle_match"":true,""view_frontal"":true,""view_perspective"":false,""view_side"":false,""view_top"":false},""question5"":{""angle_match"":true,""view_frontal"":true,""view_perspective"":false,""view_side"":false,""view_top"":false},""question6"":{""angle_match"":true,""view_frontal"":false,""view_perspective"":false,""view_side"":true,""view_top"":false},""question7"":{""angle_match"":true,""view_frontal"":false,""view_perspective"":false,""view_side"":true,""view_top"":false},""question8"":{""angle_match"":true,""view_frontal"":true,""view_perspective"":false,""view_side"":false,""view_top"":false},""question9"":{""angle_match"":true,""view_frontal"":false,""view_perspective"":false,""view_side"":true,""view_top"":false}}]"
"36FQTHX30V5ZZTD0A3ZFFV3PKNEB3K","3BHRGUFAI0A6J7Y48A1RI398KZYCSF","Categorize images based on object's view.","Review 10 animal’s line-arts and judge if it has same or different views. Identify view for each tactile. (10 pairs)","tactile, image review, accessibility, animals","$0.05","Tue Mar 03 20:32:22 PST 2026","7","BatchId:5376447;OriginalHitTemplateId:928390873;","3600","2592000","Mon Mar 23 21:32:22 PDT 2026","","","39RP059MFA727ZJ36N9VZE8OCC7MBY","AQ310YX22A2T2","Submitted","Tue Mar 03 20:45:10 PST 2026","Tue Mar 03 21:18:19 PST 2026","Thu Apr 02 22:18:19 PDT 2026","","","","1989","100% (65/65)","100% (8/8)","0% (0/0)","Fox","https://f1qv-main-data.s3.us-east-1.amazonaws.com/amt/main_task_F1QV/Fox/Natural/Fox_6.jpg","https://f1qv-main-data.s3.us-east-1.amazonaws.com/amt/main_task_F1QV/Fox/Tactile/6.jpg","","Bird","https://f1qv-main-data.s3.us-east-1.amazonaws.com/amt/main_task_F1QV/Bird/Natural/12_Bird.jpg","https://f1qv-main-data.s3.us-east-1.amazonaws.com/amt/main_task_F1QV/Bird/Tactile/12.jpg","","Jellyfish","https://f1qv-main-data.s3.us-east-1.amazonaws.com/amt/main_task_F1QV/Jellyfish/Natural/5_4.jpg","https://f1qv-main-data.s3.us-east-1.amazonaws.com/amt/main_task_F1QV/Jellyfish/Tactile/5.jpg","","Llama","https://f1qv-main-data.s3.us-east-1.amazonaws.com/amt/main_task_F1QV/Llama/Natural/3.jpg","https://f1qv-main-data.s3.us-east-1.amazonaws.com/amt/main_task_F1QV/Llama/Tactile/3.jpg","","Teddy Bear","https://f1qv-main-data.s3.us-east-1.amazonaws.com/amt/main_task_F1QV/Teddy Bear/Natural/6.jpg","https://f1qv-main-data.s3.us-east-1.amazonaws.com/amt/main_task_F1QV/Teddy Bear/Tactile/6.jpeg","","Duck","https://f1qv-main-data.s3.us-east-1.amazonaws.com/amt/main_task_F1QV/Duck/Natural/5_Duck.jpg","https://f1qv-main-data.s3.us-east-1.amazonaws.com/amt/main_task_F1QV/Duck/Tactile/5.jpg","","Giraffe","https://f1qv-main-data.s3.us-east-1.amazonaws.com/amt/main_task_F1QV/Giraffe/Natural/9_Giraffe(2).jpg","https://f1qv-main-data.s3.us-east-1.amazonaws.com/amt/main_task_F1QV/Giraffe/Tactile/9.jpeg","","Teddy Bear","https://f1qv-main-data.s3.us-east-1.amazonaws.com/amt/main_task_F1QV/Teddy Bear/Natural/11.jpg","https://f1qv-main-data.s3.us-east-1.amazonaws.com/amt/main_task_F1QV/Teddy Bear/Tactile/11.jpeg","","Elephant","https://f1qv-main-data.s3.us-east-1.amazonaws.com/amt/main_task_F1QV/Elephant/Natural/1_Elephant.jpeg","https://f1qv-main-data.s3.us-east-1.amazonaws.com/amt/main_task_F1QV/Elephant/Tactile/1.jpg","","Jellyfish","https://f1qv-main-data.s3.us-east-1.amazonaws.com/amt/main_task_F1QV/Jellyfish/Natural/4_2.jpg","https://f1qv-main-data.s3.us-east-1.amazonaws.com/amt/main_task_F1QV/Jellyfish/Tactile/4.jpg","","[{""question1"":{""angle_match"":true,""view_frontal"":false,""view_perspective"":false,""view_side"":true,""view_top"":false},""question10"":{""angle_match"":true,""view_frontal"":false,""view_perspective"":true,""view_side"":false,""view_top"":false},""question2"":{""angle_match"":true,""view_frontal"":false,""view_perspective"":false,""view_side"":true,""view_top"":false},""question3"":{""angle_match"":false,""view_frontal"":false,""view_perspective"":false,""view_side"":false,""view_top"":true},""question4"":{""angle_match"":true,""view_frontal"":true,""view_perspective"":false,""view_side"":false,""view_top"":false},""question5"":{""angle_match"":true,""view_frontal"":true,""view_perspective"":false,""view_side"":false,""view_top"":false},""question6"":{""angle_match"":true,""view_frontal"":false,""view_perspective"":false,""view_side"":true,""view_top"":false},""question7"":{""angle_match"":true,""view_frontal"":false,""view_perspective"":false,""view_side"":true,""view_top"":false},""question8"":{""angle_match"":true,""view_frontal"":true,""view_perspective"":false,""view_side"":false,""view_top"":false},""question9"":{""angle_match"":true,""view_frontal"":false,""view_perspective"":false,""view_side"":true,""view_top"":false}}]"
"36FQTHX30V5ZZTD0A3ZFFV3PKNEB3K","3BHRGUFAI0A6J7Y48A1RI398KZYCSF","Categorize images based on object's view.","Review 10 animal’s line-arts and judge if it has same or different views. Identify view for each tactile. (10 pairs)","tactile, image review, accessibility, animals","$0.05","Tue Mar 03 20:32:22 PST 2026","7","BatchId:5376447;OriginalHitTemplateId:928390873;","3600","2592000","Mon Mar 23 21:32:22 PDT 2026","","","3PM8NZGV9RU05HKW3C8U5KJL5FNXQY","A22YCS3UW15WOO","Submitted","Tue Mar 03 20:39:54 PST 2026","Tue Mar 03 21:29:15 PST 2026","Thu Apr 02 22:29:15 PDT 2026","","","","2961","100% (60/60)","100% (12/12)","0% (0/0)","Fox","https://f1qv-main-data.s3.us-east-1.amazonaws.com/amt/main_task_F1QV/Fox/Natural/Fox_6.jpg","https://f1qv-main-data.s3.us-east-1.amazonaws.com/amt/main_task_F1QV/Fox/Tactile/6.jpg","","Bird","https://f1qv-main-data.s3.us-east-1.amazonaws.com/amt/main_task_F1QV/Bird/Natural/12_Bird.jpg","https://f1qv-main-data.s3.us-east-1.amazonaws.com/amt/main_task_F1QV/Bird/Tactile/12.jpg","","Jellyfish","https://f1qv-main-data.s3.us-east-1.amazonaws.com/amt/main_task_F1QV/Jellyfish/Natural/5_4.jpg","https://f1qv-main-data.s3.us-east-1.amazonaws.com/amt/main_task_F1QV/Jellyfish/Tactile/5.jpg","","Llama","https://f1qv-main-data.s3.us-east-1.amazonaws.com/amt/main_task_F1QV/Llama/Natural/3.jpg","https://f1qv-main-data.s3.us-east-1.amazonaws.com/amt/main_task_F1QV/Llama/Tactile/3.jpg","","Teddy Bear","https://f1qv-main-data.s3.us-east-1.amazonaws.com/amt/main_task_F1QV/Teddy Bear/Natural/6.jpg","https://f1qv-main-data.s3.us-east-1.amazonaws.com/amt/main_task_F1QV/Teddy Bear/Tactile/6.jpeg","","Duck","https://f1qv-main-data.s3.us-east-1.amazonaws.com/amt/main_task_F1QV/Duck/Natural/5_Duck.jpg","https://f1qv-main-data.s3.us-east-1.amazonaws.com/amt/main_task_F1QV/Duck/Tactile/5.jpg","","Giraffe","https://f1qv-main-data.s3.us-east-1.amazonaws.com/amt/main_task_F1QV/Giraffe/Natural/9_Giraffe(2).jpg","https://f1qv-main-data.s3.us-east-1.amazonaws.com/amt/main_task_F1QV/Giraffe/Tactile/9.jpeg","","Teddy Bear","https://f1qv-main-data.s3.us-east-1.amazonaws.com/amt/main_task_F1QV/Teddy Bear/Natural/11.jpg","https://f1qv-main-data.s3.us-east-1.amazonaws.com/amt/main_task_F1QV/Teddy Bear/Tactile/11.jpeg","","Elephant","https://f1qv-main-data.s3.us-east-1.amazonaws.com/amt/main_task_F1QV/Elephant/Natural/1_Elephant.jpeg","https://f1qv-main-data.s3.us-east-1.amazonaws.com/amt/main_task_F1QV/Elephant/Tactile/1.jpg","","Jellyfish","https://f1qv-main-data.s3.us-east-1.amazonaws.com/amt/main_task_F1QV/Jellyfish/Natural/4_2.jpg","https://f1qv-main-data.s3.us-east-1.amazonaws.com/amt/main_task_F1QV/Jellyfish/Tactile/4.jpg","","[{""question1"":{""angle_match"":true,""view_frontal"":false,""view_perspective"":false,""view_side"":true,""view_top"":false},""question10"":{""angle_match"":true,""view_frontal"":true,""view_perspective"":false,""view_side"":false,""view_top"":false},""question2"":{""angle_match"":true,""view_frontal"":false,""view_perspective"":false,""view_side"":true,""view_top"":false},""question3"":{""angle_match"":true,""view_frontal"":true,""view_perspective"":false,""view_side"":false,""view_top"":false},""question4"":{""angle_match"":true,""view_frontal"":true,""view_perspective"":false,""view_side"":false,""view_top"":false},""question5"":{""angle_match"":true,""view_frontal"":true,""view_perspective"":false,""view_side"":false,""view_top"":false},""question6"":{""angle_match"":true,""view_frontal"":false,""view_perspective"":false,""view_side"":true,""view_top"":false},""question7"":{""angle_match"":true,""view_frontal"":false,""view_perspective"":true,""view_side"":false,""view_top"":false},""question8"":{""angle_match"":true,""view_frontal"":true,""view_perspective"":false,""view_side"":false,""view_top"":false},""question9"":{""angle_match"":true,""view_frontal"":false,""view_perspective"":false,""view_side"":true,""view_top"":false}}]"
"3MJ28H2Y26MMW2PDSRSU0C185IO5O8","3BHRGUFAI0A6J7Y48A1RI398KZYCSF","Categorize images based on object's view.","Review 10 animal’s line-arts and judge if it has same or different views. Identify view for each tactile. (10 pairs)","tactile, image review, accessibility, animals","$0.05","Tue Mar 03 20:32:22 PST 2026","7","BatchId:5376447;OriginalHitTemplateId:928390873;","3600","2592000","Mon Mar 23 21:32:22 PDT 2026","","","37UQDCYH7Q9YVAAM7YY6H855KFR7VD","AWGGLWWAXQGN0","Submitted","Tue Mar 03 20:43:08 PST 2026","Tue Mar 03 20:48:09 PST 2026","Thu Apr 02 21:48:09 PDT 2026","","","","301","100% (2/2)","100% (2/2)","0% (0/0)","Crab","https://f1qv-main-data.s3.us-east-1.amazonaws.com/amt/main_task_F1QV/Crab/Natural/Crab_7.jpg","https://f1qv-main-data.s3.us-east-1.amazonaws.com/amt/main_task_F1QV/Crab/Tactile/7.jpeg","","Crab","https://f1qv-main-data.s3.us-east-1.amazonaws.com/amt/main_task_F1QV/Crab/Natural/Crab_5.jpeg","https://f1qv-main-data.s3.us-east-1.amazonaws.com/amt/main_task_F1QV/Crab/Tactile/5.png","","Beluga Whale","https://f1qv-main-data.s3.us-east-1.amazonaws.com/amt/main_task_F1QV/Beluga Whale/Natural/Beluga_6.jpg","https://f1qv-main-data.s3.us-east-1.amazonaws.com/amt/main_task_F1QV/Beluga Whale/Tactile/6.jpg","","Elephant","https://f1qv-main-data.s3.us-east-1.amazonaws.com/amt/main_task_F1QV/Elephant/Natural/8_Elephant.jpeg","https://f1qv-main-data.s3.us-east-1.amazonaws.com/amt/main_task_F1QV/Elephant/Tactile/8.png","","Bird","https://f1qv-main-data.s3.us-east-1.amazonaws.com/amt/main_task_F1QV/Bird/Natural/4_Bird.jpg","https://f1qv-main-data.s3.us-east-1.amazonaws.com/amt/main_task_F1QV/Bird/Tactile/4.jpg","","Jellyfish","https://f1qv-main-data.s3.us-east-1.amazonaws.com/amt/main_task_F1QV/Jellyfish/Natural/1_2.jpg","https://f1qv-main-data.s3.us-east-1.amazonaws.com/amt/main_task_F1QV/Jellyfish/Tactile/1.png","","Bird","https://f1qv-main-data.s3.us-east-1.amazonaws.com/amt/main_task_F1QV/Bird/Natural/1_Bird(3)_Edited.jpg","https://f1qv-main-data.s3.us-east-1.amazonaws.com/amt/main_task_F1QV/Bird/Tactile/1.jpg","","Rabbit","https://f1qv-main-data.s3.us-east-1.amazonaws.com/amt/main_task_F1QV/Rabbit/Natural/8.png","https://f1qv-main-data.s3.us-east-1.amazonaws.com/amt/main_task_F1QV/Rabbit/Tactile/8.jpg","","Horse","https://f1qv-main-data.s3.us-east-1.amazonaws.com/amt/main_task_F1QV/Horse/Natural/14_Horse.jpeg","https://f1qv-main-data.s3.us-east-1.amazonaws.com/amt/main_task_F1QV/Horse/Tactile/14.jpg","","Bird","https://f1qv-main-data.s3.us-east-1.amazonaws.com/amt/main_task_F1QV/Bird/Natural/22_Bird.jpg","https://f1qv-main-data.s3.us-east-1.amazonaws.com/amt/main_task_F1QV/Bird/Tactile/22.jpg","","[{""question1"":{""angle_match"":true,""view_frontal"":false,""view_perspective"":false,""view_side"":false,""view_top"":false},""question10"":{""angle_match"":false,""view_frontal"":false,""view_perspective"":false,""view_side"":true,""view_top"":false},""question2"":{""angle_match"":false,""view_frontal"":false,""view_perspective"":true,""view_side"":false,""view_top"":false},""question3"":{""angle_match"":true,""view_frontal"":true,""view_perspective"":false,""view_side"":false,""view_top"":false},""question4"":{""angle_match"":true,""view_frontal"":false,""view_perspective"":false,""view_side"":false,""view_top"":false},""question5"":{""angle_match"":true,""view_frontal"":false,""view_perspective"":false,""view_side"":true,""view_top"":false},""question6"":{""angle_match"":false,""view_frontal"":false,""view_perspective"":true,""view_side"":false,""view_top"":false},""question7"":{""angle_match"":false,""view_frontal"":false,""view_perspective"":true,""view_side"":false,""view_top"":false},""question8"":{""angle_match"":true,""view_frontal"":false,""view_perspective"":false,""view_side"":true,""view_top"":false},""question9"":{""angle_match"":true,""view_frontal"":true,""view_perspective"":false,""view_side"":false,""view_top"":false}}]"
"3MJ28H2Y26MMW2PDSRSU0C185IO5O8","3BHRGUFAI0A6J7Y48A1RI398KZYCSF","Categorize images based on object's view.","Review 10 animal’s line-arts and judge if it has same or different views. Identify view for each tactile. (10 pairs)","tactile, image review, accessibility, animals","$0.05","Tue Mar 03 20:32:22 PST 2026","7","BatchId:5376447;OriginalHitTemplateId:928390873;","3600","2592000","Mon Mar 23 21:32:22 PDT 2026","","","3U5JL4WY6DNTGCXY5F1H2HIG9N54XN","A22YCS3UW15WOO","Submitted","Tue Mar 03 20:38:42 PST 2026","Tue Mar 03 20:56:51 PST 2026","Thu Apr 02 21:56:51 PDT 2026","","","","1089","100% (60/60)","100% (12/12)","0% (0/0)","Crab","https://f1qv-main-data.s3.us-east-1.amazonaws.com/amt/main_task_F1QV/Crab/Natural/Crab_7.jpg","https://f1qv-main-data.s3.us-east-1.amazonaws.com/amt/main_task_F1QV/Crab/Tactile/7.jpeg","","Crab","https://f1qv-main-data.s3.us-east-1.amazonaws.com/amt/main_task_F1QV/Crab/Natural/Crab_5.jpeg","https://f1qv-main-data.s3.us-east-1.amazonaws.com/amt/main_task_F1QV/Crab/Tactile/5.png","","Beluga Whale","https://f1qv-main-data.s3.us-east-1.amazonaws.com/amt/main_task_F1QV/Beluga Whale/Natural/Beluga_6.jpg","https://f1qv-main-data.s3.us-east-1.amazonaws.com/amt/main_task_F1QV/Beluga Whale/Tactile/6.jpg","","Elephant","https://f1qv-main-data.s3.us-east-1.amazonaws.com/amt/main_task_F1QV/Elephant/Natural/8_Elephant.jpeg","https://f1qv-main-data.s3.us-east-1.amazonaws.com/amt/main_task_F1QV/Elephant/Tactile/8.png","","Bird","https://f1qv-main-data.s3.us-east-1.amazonaws.com/amt/main_task_F1QV/Bird/Natural/4_Bird.jpg","https://f1qv-main-data.s3.us-east-1.amazonaws.com/amt/main_task_F1QV/Bird/Tactile/4.jpg","","Jellyfish","https://f1qv-main-data.s3.us-east-1.amazonaws.com/amt/main_task_F1QV/Jellyfish/Natural/1_2.jpg","https://f1qv-main-data.s3.us-east-1.amazonaws.com/amt/main_task_F1QV/Jellyfish/Tactile/1.png","","Bird","https://f1qv-main-data.s3.us-east-1.amazonaws.com/amt/main_task_F1QV/Bird/Natural/1_Bird(3)_Edited.jpg","https://f1qv-main-data.s3.us-east-1.amazonaws.com/amt/main_task_F1QV/Bird/Tactile/1.jpg","","Rabbit","https://f1qv-main-data.s3.us-east-1.amazonaws.com/amt/main_task_F1QV/Rabbit/Natural/8.png","https://f1qv-main-data.s3.us-east-1.amazonaws.com/amt/main_task_F1QV/Rabbit/Tactile/8.jpg","","Horse","https://f1qv-main-data.s3.us-east-1.amazonaws.com/amt/main_task_F1QV/Horse/Natural/14_Horse.jpeg","https://f1qv-main-data.s3.us-east-1.amazonaws.com/amt/main_task_F1QV/Horse/Tactile/14.jpg","","Bird","https://f1qv-main-data.s3.us-east-1.amazonaws.com/amt/main_task_F1QV/Bird/Natural/22_Bird.jpg","https://f1qv-main-data.s3.us-east-1.amazonaws.com/amt/main_task_F1QV/Bird/Tactile/22.jpg","","[{""question1"":{""angle_match"":true,""view_frontal"":true,""view_perspective"":false,""view_side"":false,""view_top"":false},""question10"":{""angle_match"":true,""view_frontal"":false,""view_perspective"":false,""view_side"":true,""view_top"":false},""question2"":{""angle_match"":true,""view_frontal"":true,""view_perspective"":false,""view_side"":false,""view_top"":false},""question3"":{""angle_match"":true,""view_frontal"":false,""view_perspective"":true,""view_side"":false,""view_top"":false},""question4"":{""angle_match"":true,""view_frontal"":true,""view_perspective"":false,""view_side"":false,""view_top"":false},""question5"":{""angle_match"":true,""view_frontal"":false,""view_perspective"":false,""view_side"":true,""view_top"":false},""question6"":{""angle_match"":true,""view_frontal"":true,""view_perspective"":false,""view_side"":false,""view_top"":false},""question7"":{""angle_match"":true,""view_frontal"":false,""view_perspective"":false,""view_side"":true,""view_top"":false},""question8"":{""angle_match"":true,""view_frontal"":false,""view_perspective"":false,""view_side"":true,""view_top"":false},""question9"":{""angle_match"":true,""view_frontal"":false,""view_perspective"":false,""view_side"":true,""view_top"":false}}]"
"3MJ28H2Y26MMW2PDSRSU0C185IO5O8","3BHRGUFAI0A6J7Y48A1RI398KZYCSF","Categorize images based on object's view.","Review 10 animal’s line-arts and judge if it has same or different views. Identify view for each tactile. (10 pairs)","tactile, image review, accessibility, animals","$0.05","Tue Mar 03 20:32:22 PST 2026","7","BatchId:5376447;OriginalHitTemplateId:928390873;","3600","2592000","Mon Mar 23 21:32:22 PDT 2026","","","3OB0CAO75A3CSTB3PI72FKYTGZQHYZ","AB91OPDEOAWGJ","Submitted","Tue Mar 03 20:45:11 PST 2026","Tue Mar 03 20:58:26 PST 2026","Thu Apr 02 21:58:26 PDT 2026","","","","795","100% (17/17)","100% (4/4)","0% (0/0)","Crab","https://f1qv-main-data.s3.us-east-1.amazonaws.com/amt/main_task_F1QV/Crab/Natural/Crab_7.jpg","https://f1qv-main-data.s3.us-east-1.amazonaws.com/amt/main_task_F1QV/Crab/Tactile/7.jpeg","","Crab","https://f1qv-main-data.s3.us-east-1.amazonaws.com/amt/main_task_F1QV/Crab/Natural/Crab_5.jpeg","https://f1qv-main-data.s3.us-east-1.amazonaws.com/amt/main_task_F1QV/Crab/Tactile/5.png","","Beluga Whale","https://f1qv-main-data.s3.us-east-1.amazonaws.com/amt/main_task_F1QV/Beluga Whale/Natural/Beluga_6.jpg","https://f1qv-main-data.s3.us-east-1.amazonaws.com/amt/main_task_F1QV/Beluga Whale/Tactile/6.jpg","","Elephant","https://f1qv-main-data.s3.us-east-1.amazonaws.com/amt/main_task_F1QV/Elephant/Natural/8_Elephant.jpeg","https://f1qv-main-data.s3.us-east-1.amazonaws.com/amt/main_task_F1QV/Elephant/Tactile/8.png","","Bird","https://f1qv-main-data.s3.us-east-1.amazonaws.com/amt/main_task_F1QV/Bird/Natural/4_Bird.jpg","https://f1qv-main-data.s3.us-east-1.amazonaws.com/amt/main_task_F1QV/Bird/Tactile/4.jpg","","Jellyfish","https://f1qv-main-data.s3.us-east-1.amazonaws.com/amt/main_task_F1QV/Jellyfish/Natural/1_2.jpg","https://f1qv-main-data.s3.us-east-1.amazonaws.com/amt/main_task_F1QV/Jellyfish/Tactile/1.png","","Bird","https://f1qv-main-data.s3.us-east-1.amazonaws.com/amt/main_task_F1QV/Bird/Natural/1_Bird(3)_Edited.jpg","https://f1qv-main-data.s3.us-east-1.amazonaws.com/amt/main_task_F1QV/Bird/Tactile/1.jpg","","Rabbit","https://f1qv-main-data.s3.us-east-1.amazonaws.com/amt/main_task_F1QV/Rabbit/Natural/8.png","https://f1qv-main-data.s3.us-east-1.amazonaws.com/amt/main_task_F1QV/Rabbit/Tactile/8.jpg","","Horse","https://f1qv-main-data.s3.us-east-1.amazonaws.com/amt/main_task_F1QV/Horse/Natural/14_Horse.jpeg","https://f1qv-main-data.s3.us-east-1.amazonaws.com/amt/main_task_F1QV/Horse/Tactile/14.jpg","","Bird","https://f1qv-main-data.s3.us-east-1.amazonaws.com/amt/main_task_F1QV/Bird/Natural/22_Bird.jpg","https://f1qv-main-data.s3.us-east-1.amazonaws.com/amt/main_task_F1QV/Bird/Tactile/22.jpg","","[{""question1"":{""angle_match"":true,""view_frontal"":true,""view_perspective"":false,""view_side"":false,""view_top"":false},""question10"":{""angle_match"":true,""view_frontal"":false,""view_perspective"":false,""view_side"":true,""view_top"":false},""question2"":{""angle_match"":true,""view_frontal"":true,""view_perspective"":false,""view_side"":false,""view_top"":false},""question3"":{""angle_match"":true,""view_frontal"":false,""view_perspective"":false,""view_side"":true,""view_top"":false},""question4"":{""angle_match"":true,""view_frontal"":true,""view_perspective"":false,""view_side"":false,""view_top"":false},""question5"":{""angle_match"":true,""view_frontal"":false,""view_perspective"":false,""view_side"":true,""view_top"":false},""question6"":{""angle_match"":true,""view_frontal"":false,""view_perspective"":false,""view_side"":true,""view_top"":false},""question7"":{""angle_match"":true,""view_frontal"":false,""view_perspective"":false,""view_side"":true,""view_top"":false},""question8"":{""angle_match"":true,""view_frontal"":false,""view_perspective"":false,""view_side"":true,""view_top"":false},""question9"":{""angle_match"":true,""view_frontal"":false,""view_perspective"":false,""view_side"":true,""view_top"":false}}]"
"3MJ28H2Y26MMW2PDSRSU0C185IO5O8","3BHRGUFAI0A6J7Y48A1RI398KZYCSF","Categorize images based on object's view.","Review 10 animal’s line-arts and judge if it has same or different views. Identify view for each tactile. (10 pairs)","tactile, image review, accessibility, animals","$0.05","Tue Mar 03 20:32:22 PST 2026","7","BatchId:5376447;OriginalHitTemplateId:928390873;","3600","2592000","Mon Mar 23 21:32:22 PDT 2026","","","3UXUOQ9OL7BE3M7OW37ALLRSZ5P7AB","A1MYCZT6OX9G20","Submitted","Tue Mar 03 20:41:37 PST 2026","Tue Mar 03 21:17:01 PST 2026","Thu Apr 02 22:17:01 PDT 2026","","","","2124","100% (9/9)","0% (0/0)","0% (0/0)","Crab","https://f1qv-main-data.s3.us-east-1.amazonaws.com/amt/main_task_F1QV/Crab/Natural/Crab_7.jpg","https://f1qv-main-data.s3.us-east-1.amazonaws.com/amt/main_task_F1QV/Crab/Tactile/7.jpeg","","Crab","https://f1qv-main-data.s3.us-east-1.amazonaws.com/amt/main_task_F1QV/Crab/Natural/Crab_5.jpeg","https://f1qv-main-data.s3.us-east-1.amazonaws.com/amt/main_task_F1QV/Crab/Tactile/5.png","","Beluga Whale","https://f1qv-main-data.s3.us-east-1.amazonaws.com/amt/main_task_F1QV/Beluga Whale/Natural/Beluga_6.jpg","https://f1qv-main-data.s3.us-east-1.amazonaws.com/amt/main_task_F1QV/Beluga Whale/Tactile/6.jpg","","Elephant","https://f1qv-main-data.s3.us-east-1.amazonaws.com/amt/main_task_F1QV/Elephant/Natural/8_Elephant.jpeg","https://f1qv-main-data.s3.us-east-1.amazonaws.com/amt/main_task_F1QV/Elephant/Tactile/8.png","","Bird","https://f1qv-main-data.s3.us-east-1.amazonaws.com/amt/main_task_F1QV/Bird/Natural/4_Bird.jpg","https://f1qv-main-data.s3.us-east-1.amazonaws.com/amt/main_task_F1QV/Bird/Tactile/4.jpg","","Jellyfish","https://f1qv-main-data.s3.us-east-1.amazonaws.com/amt/main_task_F1QV/Jellyfish/Natural/1_2.jpg","https://f1qv-main-data.s3.us-east-1.amazonaws.com/amt/main_task_F1QV/Jellyfish/Tactile/1.png","","Bird","https://f1qv-main-data.s3.us-east-1.amazonaws.com/amt/main_task_F1QV/Bird/Natural/1_Bird(3)_Edited.jpg","https://f1qv-main-data.s3.us-east-1.amazonaws.com/amt/main_task_F1QV/Bird/Tactile/1.jpg","","Rabbit","https://f1qv-main-data.s3.us-east-1.amazonaws.com/amt/main_task_F1QV/Rabbit/Natural/8.png","https://f1qv-main-data.s3.us-east-1.amazonaws.com/amt/main_task_F1QV/Rabbit/Tactile/8.jpg","","Horse","https://f1qv-main-data.s3.us-east-1.amazonaws.com/amt/main_task_F1QV/Horse/Natural/14_Horse.jpeg","https://f1qv-main-data.s3.us-east-1.amazonaws.com/amt/main_task_F1QV/Horse/Tactile/14.jpg","","Bird","https://f1qv-main-data.s3.us-east-1.amazonaws.com/amt/main_task_F1QV/Bird/Natural/22_Bird.jpg","https://f1qv-main-data.s3.us-east-1.amazonaws.com/amt/main_task_F1QV/Bird/Tactile/22.jpg","","[{""question1"":{""angle_match"":true,""view_frontal"":false,""view_perspective"":false,""view_side"":false,""view_top"":true},""question10"":{""angle_match"":true,""view_frontal"":false,""view_perspective"":false,""view_side"":true,""view_top"":false},""question2"":{""angle_match"":true,""view_frontal"":false,""view_perspective"":false,""view_side"":false,""view_top"":true},""question3"":{""angle_match"":true,""view_frontal"":false,""view_perspective"":true,""view_side"":false,""view_top"":false},""question4"":{""angle_match"":true,""view_frontal"":false,""view_perspective"":false,""view_side"":false,""view_top"":true},""question5"":{""angle_match"":true,""view_frontal"":false,""view_perspective"":false,""view_side"":true,""view_top"":false},""question6"":{""angle_match"":true,""view_frontal"":true,""view_perspective"":false,""view_side"":false,""view_top"":false},""question7"":{""angle_match"":true,""view_frontal"":false,""view_perspective"":false,""view_side"":true,""view_top"":false},""question8"":{""angle_match"":true,""view_frontal"":false,""view_perspective"":false,""view_side"":true,""view_top"":false},""question9"":{""angle_match"":true,""view_frontal"":false,""view_perspective"":false,""view_side"":true,""view_top"":false}}]"
"3MJ28H2Y26MMW2PDSRSU0C185IO5O8","3BHRGUFAI0A6J7Y48A1RI398KZYCSF","Categorize images based on object's view.","Review 10 animal’s line-arts and judge if it has same or different views. Identify view for each tactile. (10 pairs)","tactile, image review, accessibility, animals","$0.05","Tue Mar 03 20:32:22 PST 2026","7","BatchId:5376447;OriginalHitTemplateId:928390873;","3600","2592000","Mon Mar 23 21:32:22 PDT 2026","","","3WAKVUDHVPUYIVLM28O1LM3M68G7UM","ALJH5865ISWT1","Submitted","Tue Mar 03 20:41:06 PST 2026","Tue Mar 03 21:36:54 PST 2026","Thu Apr 02 22:36:54 PDT 2026","","","","3348","100% (2/2)","100% (2/2)","0% (0/0)","Crab","https://f1qv-main-data.s3.us-east-1.amazonaws.com/amt/main_task_F1QV/Crab/Natural/Crab_7.jpg","https://f1qv-main-data.s3.us-east-1.amazonaws.com/amt/main_task_F1QV/Crab/Tactile/7.jpeg","","Crab","https://f1qv-main-data.s3.us-east-1.amazonaws.com/amt/main_task_F1QV/Crab/Natural/Crab_5.jpeg","https://f1qv-main-data.s3.us-east-1.amazonaws.com/amt/main_task_F1QV/Crab/Tactile/5.png","","Beluga Whale","https://f1qv-main-data.s3.us-east-1.amazonaws.com/amt/main_task_F1QV/Beluga Whale/Natural/Beluga_6.jpg","https://f1qv-main-data.s3.us-east-1.amazonaws.com/amt/main_task_F1QV/Beluga Whale/Tactile/6.jpg","","Elephant","https://f1qv-main-data.s3.us-east-1.amazonaws.com/amt/main_task_F1QV/Elephant/Natural/8_Elephant.jpeg","https://f1qv-main-data.s3.us-east-1.amazonaws.com/amt/main_task_F1QV/Elephant/Tactile/8.png","","Bird","https://f1qv-main-data.s3.us-east-1.amazonaws.com/amt/main_task_F1QV/Bird/Natural/4_Bird.jpg","https://f1qv-main-data.s3.us-east-1.amazonaws.com/amt/main_task_F1QV/Bird/Tactile/4.jpg","","Jellyfish","https://f1qv-main-data.s3.us-east-1.amazonaws.com/amt/main_task_F1QV/Jellyfish/Natural/1_2.jpg","https://f1qv-main-data.s3.us-east-1.amazonaws.com/amt/main_task_F1QV/Jellyfish/Tactile/1.png","","Bird","https://f1qv-main-data.s3.us-east-1.amazonaws.com/amt/main_task_F1QV/Bird/Natural/1_Bird(3)_Edited.jpg","https://f1qv-main-data.s3.us-east-1.amazonaws.com/amt/main_task_F1QV/Bird/Tactile/1.jpg","","Rabbit","https://f1qv-main-data.s3.us-east-1.amazonaws.com/amt/main_task_F1QV/Rabbit/Natural/8.png","https://f1qv-main-data.s3.us-east-1.amazonaws.com/amt/main_task_F1QV/Rabbit/Tactile/8.jpg","","Horse","https://f1qv-main-data.s3.us-east-1.amazonaws.com/amt/main_task_F1QV/Horse/Natural/14_Horse.jpeg","https://f1qv-main-data.s3.us-east-1.amazonaws.com/amt/main_task_F1QV/Horse/Tactile/14.jpg","","Bird","https://f1qv-main-data.s3.us-east-1.amazonaws.com/amt/main_task_F1QV/Bird/Natural/22_Bird.jpg","https://f1qv-main-data.s3.us-east-1.amazonaws.com/amt/main_task_F1QV/Bird/Tactile/22.jpg","","[{""question1"":{""angle_match"":true,""view_frontal"":false,""view_perspective"":false,""view_side"":false,""view_top"":true},""question10"":{""angle_match"":true,""view_frontal"":false,""view_perspective"":false,""view_side"":true,""view_top"":false},""question2"":{""angle_match"":true,""view_frontal"":false,""view_perspective"":false,""view_side"":false,""view_top"":true},""question3"":{""angle_match"":true,""view_frontal"":true,""view_perspective"":false,""view_side"":false,""view_top"":false},""question4"":{""angle_match"":true,""view_frontal"":true,""view_perspective"":false,""view_side"":false,""view_top"":false},""question5"":{""angle_match"":true,""view_frontal"":false,""view_perspective"":false,""view_side"":true,""view_top"":false},""question6"":{""angle_match"":true,""view_frontal"":false,""view_perspective"":false,""view_side"":true,""view_top"":false},""question7"":{""angle_match"":true,""view_frontal"":false,""view_perspective"":false,""view_side"":true,""view_top"":false},""question8"":{""angle_match"":true,""view_frontal"":false,""view_perspective"":false,""view_side"":true,""view_top"":false},""question9"":{""angle_match"":true,""view_frontal"":false,""view_perspective"":false,""view_side"":true,""view_top"":false}}]"
"3MJ28H2Y26MMW2PDSRSU0C185IO5O8","3BHRGUFAI0A6J7Y48A1RI398KZYCSF","Categorize images based on object's view.","Review 10 animal’s line-arts and judge if it has same or different views. Identify view for each tactile. (10 pairs)","tactile, image review, accessibility, animals","$0.05","Tue Mar 03 20:32:22 PST 2026","7","BatchId:5376447;OriginalHitTemplateId:928390873;","3600","2592000","Mon Mar 23 21:32:22 PDT 2026","","","3U088ZLJWD7XSOA7C9ITOVEWJAM0WF","A33I0A28TLIR6J","Submitted","Tue Mar 03 20:42:08 PST 2026","Tue Mar 03 21:41:38 PST 2026","Thu Apr 02 22:41:38 PDT 2026","","","","3570","100% (1/1)","0% (0/0)","0% (0/0)","Crab","https://f1qv-main-data.s3.us-east-1.amazonaws.com/amt/main_task_F1QV/Crab/Natural/Crab_7.jpg","https://f1qv-main-data.s3.us-east-1.amazonaws.com/amt/main_task_F1QV/Crab/Tactile/7.jpeg","","Crab","https://f1qv-main-data.s3.us-east-1.amazonaws.com/amt/main_task_F1QV/Crab/Natural/Crab_5.jpeg","https://f1qv-main-data.s3.us-east-1.amazonaws.com/amt/main_task_F1QV/Crab/Tactile/5.png","","Beluga Whale","https://f1qv-main-data.s3.us-east-1.amazonaws.com/amt/main_task_F1QV/Beluga Whale/Natural/Beluga_6.jpg","https://f1qv-main-data.s3.us-east-1.amazonaws.com/amt/main_task_F1QV/Beluga Whale/Tactile/6.jpg","","Elephant","https://f1qv-main-data.s3.us-east-1.amazonaws.com/amt/main_task_F1QV/Elephant/Natural/8_Elephant.jpeg","https://f1qv-main-data.s3.us-east-1.amazonaws.com/amt/main_task_F1QV/Elephant/Tactile/8.png","","Bird","https://f1qv-main-data.s3.us-east-1.amazonaws.com/amt/main_task_F1QV/Bird/Natural/4_Bird.jpg","https://f1qv-main-data.s3.us-east-1.amazonaws.com/amt/main_task_F1QV/Bird/Tactile/4.jpg","","Jellyfish","https://f1qv-main-data.s3.us-east-1.amazonaws.com/amt/main_task_F1QV/Jellyfish/Natural/1_2.jpg","https://f1qv-main-data.s3.us-east-1.amazonaws.com/amt/main_task_F1QV/Jellyfish/Tactile/1.png","","Bird","https://f1qv-main-data.s3.us-east-1.amazonaws.com/amt/main_task_F1QV/Bird/Natural/1_Bird(3)_Edited.jpg","https://f1qv-main-data.s3.us-east-1.amazonaws.com/amt/main_task_F1QV/Bird/Tactile/1.jpg","","Rabbit","https://f1qv-main-data.s3.us-east-1.amazonaws.com/amt/main_task_F1QV/Rabbit/Natural/8.png","https://f1qv-main-data.s3.us-east-1.amazonaws.com/amt/main_task_F1QV/Rabbit/Tactile/8.jpg","","Horse","https://f1qv-main-data.s3.us-east-1.amazonaws.com/amt/main_task_F1QV/Horse/Natural/14_Horse.jpeg","https://f1qv-main-data.s3.us-east-1.amazonaws.com/amt/main_task_F1QV/Horse/Tactile/14.jpg","","Bird","https://f1qv-main-data.s3.us-east-1.amazonaws.com/amt/main_task_F1QV/Bird/Natural/22_Bird.jpg","https://f1qv-main-data.s3.us-east-1.amazonaws.com/amt/main_task_F1QV/Bird/Tactile/22.jpg","","[{""question1"":{""angle_match"":true,""view_frontal"":false,""view_perspective"":false,""view_side"":false,""view_top"":true},""question10"":{""angle_match"":true,""view_frontal"":false,""view_perspective"":false,""view_side"":true,""view_top"":false},""question2"":{""angle_match"":true,""view_frontal"":false,""view_perspective"":false,""view_side"":false,""view_top"":true},""question3"":{""angle_match"":true,""view_frontal"":false,""view_perspective"":false,""view_side"":true,""view_top"":false},""question4"":{""angle_match"":true,""view_frontal"":true,""view_perspective"":false,""view_side"":false,""view_top"":false},""question5"":{""angle_match"":true,""view_frontal"":false,""view_perspective"":false,""view_side"":true,""view_top"":false},""question6"":{""angle_match"":true,""view_frontal"":true,""view_perspective"":false,""view_side"":false,""view_top"":false},""question7"":{""angle_match"":true,""view_frontal"":false,""view_perspective"":false,""view_side"":true,""view_top"":false},""question8"":{""angle_match"":true,""view_frontal"":false,""view_perspective"":false,""view_side"":true,""view_top"":false},""question9"":{""angle_match"":true,""view_frontal"":false,""view_perspective"":false,""view_side"":true,""view_top"":false}}]"
"3MJ28H2Y26MMW2PDSRSU0C185IO5O8","3BHRGUFAI0A6J7Y48A1RI398KZYCSF","Categorize images based on object's view.","Review 10 animal’s line-arts and judge if it has same or different views. Identify view for each tactile. (10 pairs)","tactile, image review, accessibility, animals","$0.05","Tue Mar 03 20:32:22 PST 2026","7","BatchId:5376447;OriginalHitTemplateId:928390873;","3600","2592000","Mon Mar 23 21:32:22 PDT 2026","","","3B3WTRP3E4GTC20DYLCFTZZ0I8U92T","A2KDWBYIB444C2","Submitted","Tue Mar 03 21:43:44 PST 2026","Tue Mar 03 21:50:12 PST 2026","Thu Apr 02 22:50:12 PDT 2026","","","","388","0% (0/0)","0% (0/0)","0% (0/0)","Crab","https://f1qv-main-data.s3.us-east-1.amazonaws.com/amt/main_task_F1QV/Crab/Natural/Crab_7.jpg","https://f1qv-main-data.s3.us-east-1.amazonaws.com/amt/main_task_F1QV/Crab/Tactile/7.jpeg","","Crab","https://f1qv-main-data.s3.us-east-1.amazonaws.com/amt/main_task_F1QV/Crab/Natural/Crab_5.jpeg","https://f1qv-main-data.s3.us-east-1.amazonaws.com/amt/main_task_F1QV/Crab/Tactile/5.png","","Beluga Whale","https://f1qv-main-data.s3.us-east-1.amazonaws.com/amt/main_task_F1QV/Beluga Whale/Natural/Beluga_6.jpg","https://f1qv-main-data.s3.us-east-1.amazonaws.com/amt/main_task_F1QV/Beluga Whale/Tactile/6.jpg","","Elephant","https://f1qv-main-data.s3.us-east-1.amazonaws.com/amt/main_task_F1QV/Elephant/Natural/8_Elephant.jpeg","https://f1qv-main-data.s3.us-east-1.amazonaws.com/amt/main_task_F1QV/Elephant/Tactile/8.png","","Bird","https://f1qv-main-data.s3.us-east-1.amazonaws.com/amt/main_task_F1QV/Bird/Natural/4_Bird.jpg","https://f1qv-main-data.s3.us-east-1.amazonaws.com/amt/main_task_F1QV/Bird/Tactile/4.jpg","","Jellyfish","https://f1qv-main-data.s3.us-east-1.amazonaws.com/amt/main_task_F1QV/Jellyfish/Natural/1_2.jpg","https://f1qv-main-data.s3.us-east-1.amazonaws.com/amt/main_task_F1QV/Jellyfish/Tactile/1.png","","Bird","https://f1qv-main-data.s3.us-east-1.amazonaws.com/amt/main_task_F1QV/Bird/Natural/1_Bird(3)_Edited.jpg","https://f1qv-main-data.s3.us-east-1.amazonaws.com/amt/main_task_F1QV/Bird/Tactile/1.jpg","","Rabbit","https://f1qv-main-data.s3.us-east-1.amazonaws.com/amt/main_task_F1QV/Rabbit/Natural/8.png","https://f1qv-main-data.s3.us-east-1.amazonaws.com/amt/main_task_F1QV/Rabbit/Tactile/8.jpg","","Horse","https://f1qv-main-data.s3.us-east-1.amazonaws.com/amt/main_task_F1QV/Horse/Natural/14_Horse.jpeg","https://f1qv-main-data.s3.us-east-1.amazonaws.com/amt/main_task_F1QV/Horse/Tactile/14.jpg","","Bird","https://f1qv-main-data.s3.us-east-1.amazonaws.com/amt/main_task_F1QV/Bird/Natural/22_Bird.jpg","https://f1qv-main-data.s3.us-east-1.amazonaws.com/amt/main_task_F1QV/Bird/Tactile/22.jpg","","[{""question1"":{""angle_match"":true,""view_frontal"":false,""view_perspective"":false,""view_side"":false,""view_top"":true},""question10"":{""angle_match"":true,""view_frontal"":false,""view_perspective"":true,""view_side"":false,""view_top"":false},""question2"":{""angle_match"":true,""view_frontal"":false,""view_perspective"":false,""view_side"":false,""view_top"":true},""question3"":{""angle_match"":true,""view_frontal"":false,""view_perspective"":true,""view_side"":false,""view_top"":false},""question4"":{""angle_match"":true,""view_frontal"":true,""view_perspective"":false,""view_side"":false,""view_top"":false},""question5"":{""angle_match"":true,""view_frontal"":false,""view_perspective"":true,""view_side"":false,""view_top"":false},""question6"":{""angle_match"":true,""view_frontal"":true,""view_perspective"":false,""view_side"":false,""view_top"":false},""question7"":{""angle_match"":true,""view_frontal"":false,""view_perspective"":false,""view_side"":true,""view_top"":false},""question8"":{""angle_match"":true,""view_frontal"":false,""view_perspective"":false,""view_side"":true,""view_top"":false},""question9"":{""angle_match"":true,""view_frontal"":false,""view_perspective"":false,""view_side"":true,""view_top"":false}}]"
"3GKAWYFRBH7ZLFG7MXNSNOUQS4IDP5","3BHRGUFAI0A6J7Y48A1RI398KZYCSF","Categorize images based on object's view.","Review 10 animal’s line-arts and judge if it has same or different views. Identify view for each tactile. (10 pairs)","tactile, image review, accessibility, animals","$0.05","Tue Mar 03 20:32:22 PST 2026","7","BatchId:5376447;OriginalHitTemplateId:928390873;","3600","2592000","Mon Mar 23 21:32:22 PDT 2026","","","3WRFBPLXS323MM0Q3V9PUAZCT9YN30","A3OLY20VMA8SPJ","Submitted","Tue Mar 03 20:38:52 PST 2026","Tue Mar 03 20:40:51 PST 2026","Thu Apr 02 21:40:51 PDT 2026","","","","119","100% (15/15)","100% (15/15)","0% (0/0)","Fox","https://f1qv-main-data.s3.us-east-1.amazonaws.com/amt/main_task_F1QV/Fox/Natural/Fox_5.jpg","https://f1qv-main-data.s3.us-east-1.amazonaws.com/amt/main_task_F1QV/Fox/Tactile/5.jpg","","Duck","https://f1qv-main-data.s3.us-east-1.amazonaws.com/amt/main_task_F1QV/Duck/Natural/6_Duck.jpg","https://f1qv-main-data.s3.us-east-1.amazonaws.com/amt/main_task_F1QV/Duck/Tactile/6.jpg","","Teddy Bear","https://f1qv-main-data.s3.us-east-1.amazonaws.com/amt/main_task_F1QV/Teddy Bear/Natural/9_2.jpg","https://f1qv-main-data.s3.us-east-1.amazonaws.com/amt/main_task_F1QV/Teddy Bear/Tactile/9.jpeg","","Elephant","https://f1qv-main-data.s3.us-east-1.amazonaws.com/amt/main_task_F1QV/Elephant/Natural/20_Elephant.jpeg","https://f1qv-main-data.s3.us-east-1.amazonaws.com/amt/main_task_F1QV/Elephant/Tactile/20.jpg","","Bat","https://f1qv-main-data.s3.us-east-1.amazonaws.com/amt/main_task_F1QV/Bat/Natural/4.jpg","https://f1qv-main-data.s3.us-east-1.amazonaws.com/amt/main_task_F1QV/Bat/Tactile/4.jpeg","","Camel","https://f1qv-main-data.s3.us-east-1.amazonaws.com/amt/main_task_F1QV/Camel/Natural/Camel_8.jpg","https://f1qv-main-data.s3.us-east-1.amazonaws.com/amt/main_task_F1QV/Camel/Tactile/8.png","","Cat","https://f1qv-main-data.s3.us-east-1.amazonaws.com/amt/main_task_F1QV/Cat/Natural/cat_22.jpeg","https://f1qv-main-data.s3.us-east-1.amazonaws.com/amt/main_task_F1QV/Cat/Tactile/22.jpg","","Dinosaur","https://f1qv-main-data.s3.us-east-1.amazonaws.com/amt/main_task_F1QV/Dinosaur/Natural/19_Dinosaur.jpeg","https://f1qv-main-data.s3.us-east-1.amazonaws.com/amt/main_task_F1QV/Dinosaur/Tactile/19.jpg","","Bird","https://f1qv-main-data.s3.us-east-1.amazonaws.com/amt/main_task_F1QV/Bird/Natural/19_Bird(2).jpg","https://f1qv-main-data.s3.us-east-1.amazonaws.com/amt/main_task_F1QV/Bird/Tactile/19.jpg","","Bee","https://f1qv-main-data.s3.us-east-1.amazonaws.com/amt/main_task_F1QV/Bee/Natural/Bee_13.jpg","https://f1qv-main-data.s3.us-east-1.amazonaws.com/amt/main_task_F1QV/Bee/Tactile/13.jpg","","[{""question1"":{""angle_match"":true,""view_frontal"":false,""view_perspective"":false,""view_side"":true,""view_top"":false},""question10"":{""angle_match"":false,""view_frontal"":false,""view_perspective"":false,""view_side"":true,""view_top"":false},""question2"":{""angle_match"":true,""view_frontal"":false,""view_perspective"":true,""view_side"":false,""view_top"":false},""question3"":{""angle_match"":true,""view_frontal"":false,""view_perspective"":true,""view_side"":false,""view_top"":false},""question4"":{""angle_match"":false,""view_frontal"":true,""view_perspective"":false,""view_side"":false,""view_top"":false},""question5"":{""angle_match"":false,""view_frontal"":false,""view_perspective"":false,""view_side"":true,""view_top"":false},""question6"":{""angle_match"":false,""view_frontal"":false,""view_perspective"":false,""view_side"":true,""view_top"":false},""question7"":{""angle_match"":true,""view_frontal"":false,""view_perspective"":false,""view_side"":false,""view_top"":false},""question8"":{""angle_match"":false,""view_frontal"":true,""view_perspective"":false,""view_side"":false,""view_top"":false},""question9"":{""angle_match"":true,""view_frontal"":false,""view_perspective"":false,""view_side"":false,""view_top"":false}}]"
"3GKAWYFRBH7ZLFG7MXNSNOUQS4IDP5","3BHRGUFAI0A6J7Y48A1RI398KZYCSF","Categorize images based on object's view.","Review 10 animal’s line-arts and judge if it has same or different views. Identify view for each tactile. (10 pairs)","tactile, image review, accessibility, animals","$0.05","Tue Mar 03 20:32:22 PST 2026","7","BatchId:5376447;OriginalHitTemplateId:928390873;","3600","2592000","Mon Mar 23 21:32:22 PDT 2026","","","3CTOC39K404P4FASQ9KNEKUBPRGJ7Y","ALJH5865ISWT1","Submitted","Tue Mar 03 20:38:45 PST 2026","Tue Mar 03 20:51:26 PST 2026","Thu Apr 02 21:51:26 PDT 2026","","","","761","100% (2/2)","100% (2/2)","0% (0/0)","Fox","https://f1qv-main-data.s3.us-east-1.amazonaws.com/amt/main_task_F1QV/Fox/Natural/Fox_5.jpg","https://f1qv-main-data.s3.us-east-1.amazonaws.com/amt/main_task_F1QV/Fox/Tactile/5.jpg","","Duck","https://f1qv-main-data.s3.us-east-1.amazonaws.com/amt/main_task_F1QV/Duck/Natural/6_Duck.jpg","https://f1qv-main-data.s3.us-east-1.amazonaws.com/amt/main_task_F1QV/Duck/Tactile/6.jpg","","Teddy Bear","https://f1qv-main-data.s3.us-east-1.amazonaws.com/amt/main_task_F1QV/Teddy Bear/Natural/9_2.jpg","https://f1qv-main-data.s3.us-east-1.amazonaws.com/amt/main_task_F1QV/Teddy Bear/Tactile/9.jpeg","","Elephant","https://f1qv-main-data.s3.us-east-1.amazonaws.com/amt/main_task_F1QV/Elephant/Natural/20_Elephant.jpeg","https://f1qv-main-data.s3.us-east-1.amazonaws.com/amt/main_task_F1QV/Elephant/Tactile/20.jpg","","Bat","https://f1qv-main-data.s3.us-east-1.amazonaws.com/amt/main_task_F1QV/Bat/Natural/4.jpg","https://f1qv-main-data.s3.us-east-1.amazonaws.com/amt/main_task_F1QV/Bat/Tactile/4.jpeg","","Camel","https://f1qv-main-data.s3.us-east-1.amazonaws.com/amt/main_task_F1QV/Camel/Natural/Camel_8.jpg","https://f1qv-main-data.s3.us-east-1.amazonaws.com/amt/main_task_F1QV/Camel/Tactile/8.png","","Cat","https://f1qv-main-data.s3.us-east-1.amazonaws.com/amt/main_task_F1QV/Cat/Natural/cat_22.jpeg","https://f1qv-main-data.s3.us-east-1.amazonaws.com/amt/main_task_F1QV/Cat/Tactile/22.jpg","","Dinosaur","https://f1qv-main-data.s3.us-east-1.amazonaws.com/amt/main_task_F1QV/Dinosaur/Natural/19_Dinosaur.jpeg","https://f1qv-main-data.s3.us-east-1.amazonaws.com/amt/main_task_F1QV/Dinosaur/Tactile/19.jpg","","Bird","https://f1qv-main-data.s3.us-east-1.amazonaws.com/amt/main_task_F1QV/Bird/Natural/19_Bird(2).jpg","https://f1qv-main-data.s3.us-east-1.amazonaws.com/amt/main_task_F1QV/Bird/Tactile/19.jpg","","Bee","https://f1qv-main-data.s3.us-east-1.amazonaws.com/amt/main_task_F1QV/Bee/Natural/Bee_13.jpg","https://f1qv-main-data.s3.us-east-1.amazonaws.com/amt/main_task_F1QV/Bee/Tactile/13.jpg","","[{""question1"":{""angle_match"":false,""view_frontal"":false,""view_perspective"":true,""view_side"":false,""view_top"":false},""question10"":{""angle_match"":true,""view_frontal"":false,""view_perspective"":false,""view_side"":true,""view_top"":false},""question2"":{""angle_match"":true,""view_frontal"":false,""view_perspective"":false,""view_side"":true,""view_top"":false},""question3"":{""angle_match"":true,""view_frontal"":true,""view_perspective"":false,""view_side"":false,""view_top"":false},""question4"":{""angle_match"":true,""view_frontal"":true,""view_perspective"":false,""view_side"":false,""view_top"":false},""question5"":{""angle_match"":true,""view_frontal"":true,""view_perspective"":false,""view_side"":false,""view_top"":false},""question6"":{""angle_match"":true,""view_frontal"":false,""view_perspective"":false,""view_side"":true,""view_top"":false},""question7"":{""angle_match"":true,""view_frontal"":false,""view_perspective"":false,""view_side"":false,""view_top"":true},""question8"":{""angle_match"":true,""view_frontal"":false,""view_perspective"":false,""view_side"":true,""view_top"":false},""question9"":{""angle_match"":true,""view_frontal"":false,""view_perspective"":false,""view_side"":true,""view_top"":false}}]"
"3GKAWYFRBH7ZLFG7MXNSNOUQS4IDP5","3BHRGUFAI0A6J7Y48A1RI398KZYCSF","Categorize images based on object's view.","Review 10 animal’s line-arts and judge if it has same or different views. Identify view for each tactile. (10 pairs)","tactile, image review, accessibility, animals","$0.05","Tue Mar 03 20:32:22 PST 2026","7","BatchId:5376447;OriginalHitTemplateId:928390873;","3600","2592000","Mon Mar 23 21:32:22 PDT 2026","","","3HHRAGRYY1J7J9PILJAC0C23JCKO96","A1E8TZHMLQMG4L","Submitted","Tue Mar 03 20:46:24 PST 2026","Tue Mar 03 20:51:30 PST 2026","Thu Apr 02 21:51:30 PDT 2026","","","","306","100% (22/22)","0% (0/0)","0% (0/0)","Fox","https://f1qv-main-data.s3.us-east-1.amazonaws.com/amt/main_task_F1QV/Fox/Natural/Fox_5.jpg","https://f1qv-main-data.s3.us-east-1.amazonaws.com/amt/main_task_F1QV/Fox/Tactile/5.jpg","","Duck","https://f1qv-main-data.s3.us-east-1.amazonaws.com/amt/main_task_F1QV/Duck/Natural/6_Duck.jpg","https://f1qv-main-data.s3.us-east-1.amazonaws.com/amt/main_task_F1QV/Duck/Tactile/6.jpg","","Teddy Bear","https://f1qv-main-data.s3.us-east-1.amazonaws.com/amt/main_task_F1QV/Teddy Bear/Natural/9_2.jpg","https://f1qv-main-data.s3.us-east-1.amazonaws.com/amt/main_task_F1QV/Teddy Bear/Tactile/9.jpeg","","Elephant","https://f1qv-main-data.s3.us-east-1.amazonaws.com/amt/main_task_F1QV/Elephant/Natural/20_Elephant.jpeg","https://f1qv-main-data.s3.us-east-1.amazonaws.com/amt/main_task_F1QV/Elephant/Tactile/20.jpg","","Bat","https://f1qv-main-data.s3.us-east-1.amazonaws.com/amt/main_task_F1QV/Bat/Natural/4.jpg","https://f1qv-main-data.s3.us-east-1.amazonaws.com/amt/main_task_F1QV/Bat/Tactile/4.jpeg","","Camel","https://f1qv-main-data.s3.us-east-1.amazonaws.com/amt/main_task_F1QV/Camel/Natural/Camel_8.jpg","https://f1qv-main-data.s3.us-east-1.amazonaws.com/amt/main_task_F1QV/Camel/Tactile/8.png","","Cat","https://f1qv-main-data.s3.us-east-1.amazonaws.com/amt/main_task_F1QV/Cat/Natural/cat_22.jpeg","https://f1qv-main-data.s3.us-east-1.amazonaws.com/amt/main_task_F1QV/Cat/Tactile/22.jpg","","Dinosaur","https://f1qv-main-data.s3.us-east-1.amazonaws.com/amt/main_task_F1QV/Dinosaur/Natural/19_Dinosaur.jpeg","https://f1qv-main-data.s3.us-east-1.amazonaws.com/amt/main_task_F1QV/Dinosaur/Tactile/19.jpg","","Bird","https://f1qv-main-data.s3.us-east-1.amazonaws.com/amt/main_task_F1QV/Bird/Natural/19_Bird(2).jpg","https://f1qv-main-data.s3.us-east-1.amazonaws.com/amt/main_task_F1QV/Bird/Tactile/19.jpg","","Bee","https://f1qv-main-data.s3.us-east-1.amazonaws.com/amt/main_task_F1QV/Bee/Natural/Bee_13.jpg","https://f1qv-main-data.s3.us-east-1.amazonaws.com/amt/main_task_F1QV/Bee/Tactile/13.jpg","","[{""question1"":{""angle_match"":true,""view_frontal"":false,""view_perspective"":false,""view_side"":true,""view_top"":false},""question10"":{""angle_match"":true,""view_frontal"":false,""view_perspective"":false,""view_side"":true,""view_top"":false},""question2"":{""angle_match"":true,""view_frontal"":false,""view_perspective"":false,""view_side"":true,""view_top"":false},""question3"":{""angle_match"":true,""view_frontal"":false,""view_perspective"":false,""view_side"":true,""view_top"":false},""question4"":{""angle_match"":true,""view_frontal"":false,""view_perspective"":false,""view_side"":true,""view_top"":false},""question5"":{""angle_match"":true,""view_frontal"":false,""view_perspective"":false,""view_side"":true,""view_top"":false},""question6"":{""angle_match"":true,""view_frontal"":false,""view_perspective"":false,""view_side"":true,""view_top"":false},""question7"":{""angle_match"":true,""view_frontal"":false,""view_perspective"":false,""view_side"":false,""view_top"":false},""question8"":{""angle_match"":true,""view_frontal"":false,""view_perspective"":false,""view_side"":true,""view_top"":false},""question9"":{""angle_match"":true,""view_frontal"":false,""view_perspective"":false,""view_side"":true,""view_top"":false}}]"
"3GKAWYFRBH7ZLFG7MXNSNOUQS4IDP5","3BHRGUFAI0A6J7Y48A1RI398KZYCSF","Categorize images based on object's view.","Review 10 animal’s line-arts and judge if it has same or different views. Identify view for each tactile. (10 pairs)","tactile, image review, accessibility, animals","$0.05","Tue Mar 03 20:32:22 PST 2026","7","BatchId:5376447;OriginalHitTemplateId:928390873;","3600","2592000","Mon Mar 23 21:32:22 PDT 2026","","","3SKRO2GZ8U564D18JE3QEP3B1UFK10","A1MYCZT6OX9G20","Submitted","Tue Mar 03 20:37:56 PST 2026","Tue Mar 03 21:00:18 PST 2026","Thu Apr 02 22:00:18 PDT 2026","","","","1342","100% (9/9)","0% (0/0)","0% (0/0)","Fox","https://f1qv-main-data.s3.us-east-1.amazonaws.com/amt/main_task_F1QV/Fox/Natural/Fox_5.jpg","https://f1qv-main-data.s3.us-east-1.amazonaws.com/amt/main_task_F1QV/Fox/Tactile/5.jpg","","Duck","https://f1qv-main-data.s3.us-east-1.amazonaws.com/amt/main_task_F1QV/Duck/Natural/6_Duck.jpg","https://f1qv-main-data.s3.us-east-1.amazonaws.com/amt/main_task_F1QV/Duck/Tactile/6.jpg","","Teddy Bear","https://f1qv-main-data.s3.us-east-1.amazonaws.com/amt/main_task_F1QV/Teddy Bear/Natural/9_2.jpg","https://f1qv-main-data.s3.us-east-1.amazonaws.com/amt/main_task_F1QV/Teddy Bear/Tactile/9.jpeg","","Elephant","https://f1qv-main-data.s3.us-east-1.amazonaws.com/amt/main_task_F1QV/Elephant/Natural/20_Elephant.jpeg","https://f1qv-main-data.s3.us-east-1.amazonaws.com/amt/main_task_F1QV/Elephant/Tactile/20.jpg","","Bat","https://f1qv-main-data.s3.us-east-1.amazonaws.com/amt/main_task_F1QV/Bat/Natural/4.jpg","https://f1qv-main-data.s3.us-east-1.amazonaws.com/amt/main_task_F1QV/Bat/Tactile/4.jpeg","","Camel","https://f1qv-main-data.s3.us-east-1.amazonaws.com/amt/main_task_F1QV/Camel/Natural/Camel_8.jpg","https://f1qv-main-data.s3.us-east-1.amazonaws.com/amt/main_task_F1QV/Camel/Tactile/8.png","","Cat","https://f1qv-main-data.s3.us-east-1.amazonaws.com/amt/main_task_F1QV/Cat/Natural/cat_22.jpeg","https://f1qv-main-data.s3.us-east-1.amazonaws.com/amt/main_task_F1QV/Cat/Tactile/22.jpg","","Dinosaur","https://f1qv-main-data.s3.us-east-1.amazonaws.com/amt/main_task_F1QV/Dinosaur/Natural/19_Dinosaur.jpeg","https://f1qv-main-data.s3.us-east-1.amazonaws.com/amt/main_task_F1QV/Dinosaur/Tactile/19.jpg","","Bird","https://f1qv-main-data.s3.us-east-1.amazonaws.com/amt/main_task_F1QV/Bird/Natural/19_Bird(2).jpg","https://f1qv-main-data.s3.us-east-1.amazonaws.com/amt/main_task_F1QV/Bird/Tactile/19.jpg","","Bee","https://f1qv-main-data.s3.us-east-1.amazonaws.com/amt/main_task_F1QV/Bee/Natural/Bee_13.jpg","https://f1qv-main-data.s3.us-east-1.amazonaws.com/amt/main_task_F1QV/Bee/Tactile/13.jpg","","[{""question1"":{""angle_match"":true,""view_frontal"":false,""view_perspective"":true,""view_side"":false,""view_top"":false},""question10"":{""angle_match"":true,""view_frontal"":false,""view_perspective"":false,""view_side"":true,""view_top"":false},""question2"":{""angle_match"":true,""view_frontal"":false,""view_perspective"":false,""view_side"":true,""view_top"":false},""question3"":{""angle_match"":true,""view_frontal"":true,""view_perspective"":false,""view_side"":false,""view_top"":false},""question4"":{""angle_match"":true,""view_frontal"":true,""view_perspective"":false,""view_side"":false,""view_top"":false},""question5"":{""angle_match"":true,""view_frontal"":true,""view_perspective"":false,""view_side"":false,""view_top"":false},""question6"":{""angle_match"":true,""view_frontal"":false,""view_perspective"":false,""view_side"":true,""view_top"":false},""question7"":{""angle_match"":true,""view_frontal"":false,""view_perspective"":true,""view_side"":false,""view_top"":false},""question8"":{""angle_match"":true,""view_frontal"":false,""view_perspective"":false,""view_side"":true,""view_top"":false},""question9"":{""angle_match"":true,""view_frontal"":false,""view_perspective"":true,""view_side"":false,""view_top"":false}}]"
"3GKAWYFRBH7ZLFG7MXNSNOUQS4IDP5","3BHRGUFAI0A6J7Y48A1RI398KZYCSF","Categorize images based on object's view.","Review 10 animal’s line-arts and judge if it has same or different views. Identify view for each tactile. (10 pairs)","tactile, image review, accessibility, animals","$0.05","Tue Mar 03 20:32:22 PST 2026","7","BatchId:5376447;OriginalHitTemplateId:928390873;","3600","2592000","Mon Mar 23 21:32:22 PDT 2026","","","3WZ36BJEWWU6KU9NFKA7LS3G6KDTBG","A2NX92POGATSQU","Submitted","Tue Mar 03 21:00:52 PST 2026","Tue Mar 03 21:12:25 PST 2026","Thu Apr 02 22:12:25 PDT 2026","","","","693","0% (0/0)","0% (0/0)","0% (0/0)","Fox","https://f1qv-main-data.s3.us-east-1.amazonaws.com/amt/main_task_F1QV/Fox/Natural/Fox_5.jpg","https://f1qv-main-data.s3.us-east-1.amazonaws.com/amt/main_task_F1QV/Fox/Tactile/5.jpg","","Duck","https://f1qv-main-data.s3.us-east-1.amazonaws.com/amt/main_task_F1QV/Duck/Natural/6_Duck.jpg","https://f1qv-main-data.s3.us-east-1.amazonaws.com/amt/main_task_F1QV/Duck/Tactile/6.jpg","","Teddy Bear","https://f1qv-main-data.s3.us-east-1.amazonaws.com/amt/main_task_F1QV/Teddy Bear/Natural/9_2.jpg","https://f1qv-main-data.s3.us-east-1.amazonaws.com/amt/main_task_F1QV/Teddy Bear/Tactile/9.jpeg","","Elephant","https://f1qv-main-data.s3.us-east-1.amazonaws.com/amt/main_task_F1QV/Elephant/Natural/20_Elephant.jpeg","https://f1qv-main-data.s3.us-east-1.amazonaws.com/amt/main_task_F1QV/Elephant/Tactile/20.jpg","","Bat","https://f1qv-main-data.s3.us-east-1.amazonaws.com/amt/main_task_F1QV/Bat/Natural/4.jpg","https://f1qv-main-data.s3.us-east-1.amazonaws.com/amt/main_task_F1QV/Bat/Tactile/4.jpeg","","Camel","https://f1qv-main-data.s3.us-east-1.amazonaws.com/amt/main_task_F1QV/Camel/Natural/Camel_8.jpg","https://f1qv-main-data.s3.us-east-1.amazonaws.com/amt/main_task_F1QV/Camel/Tactile/8.png","","Cat","https://f1qv-main-data.s3.us-east-1.amazonaws.com/amt/main_task_F1QV/Cat/Natural/cat_22.jpeg","https://f1qv-main-data.s3.us-east-1.amazonaws.com/amt/main_task_F1QV/Cat/Tactile/22.jpg","","Dinosaur","https://f1qv-main-data.s3.us-east-1.amazonaws.com/amt/main_task_F1QV/Dinosaur/Natural/19_Dinosaur.jpeg","https://f1qv-main-data.s3.us-east-1.amazonaws.com/amt/main_task_F1QV/Dinosaur/Tactile/19.jpg","","Bird","https://f1qv-main-data.s3.us-east-1.amazonaws.com/amt/main_task_F1QV/Bird/Natural/19_Bird(2).jpg","https://f1qv-main-data.s3.us-east-1.amazonaws.com/amt/main_task_F1QV/Bird/Tactile/19.jpg","","Bee","https://f1qv-main-data.s3.us-east-1.amazonaws.com/amt/main_task_F1QV/Bee/Natural/Bee_13.jpg","https://f1qv-main-data.s3.us-east-1.amazonaws.com/amt/main_task_F1QV/Bee/Tactile/13.jpg","","[{""question1"":{""angle_match"":true,""view_frontal"":false,""view_perspective"":false,""view_side"":true,""view_top"":false},""question10"":{""angle_match"":true,""view_frontal"":false,""view_perspective"":false,""view_side"":true,""view_top"":false},""question2"":{""angle_match"":true,""view_frontal"":false,""view_perspective"":false,""view_side"":false,""view_top"":true},""question3"":{""angle_match"":true,""view_frontal"":true,""view_perspective"":false,""view_side"":false,""view_top"":false},""question4"":{""angle_match"":true,""view_frontal"":true,""view_perspective"":false,""view_side"":false,""view_top"":false},""question5"":{""angle_match"":true,""view_frontal"":false,""view_perspective"":true,""view_side"":false,""view_top"":false},""question6"":{""angle_match"":true,""view_frontal"":false,""view_perspective"":false,""view_side"":true,""view_top"":false},""question7"":{""angle_match"":true,""view_frontal"":false,""view_perspective"":false,""view_side"":true,""view_top"":false},""question8"":{""angle_match"":true,""view_frontal"":false,""view_perspective"":false,""view_side"":true,""view_top"":false},""question9"":{""angle_match"":true,""view_frontal"":false,""view_perspective"":false,""view_side"":true,""view_top"":false}}]"
"3GKAWYFRBH7ZLFG7MXNSNOUQS4IDP5","3BHRGUFAI0A6J7Y48A1RI398KZYCSF","Categorize images based on object's view.","Review 10 animal’s line-arts and judge if it has same or different views. Identify view for each tactile. (10 pairs)","tactile, image review, accessibility, animals","$0.05","Tue Mar 03 20:32:22 PST 2026","7","BatchId:5376447;OriginalHitTemplateId:928390873;","3600","2592000","Mon Mar 23 21:32:22 PDT 2026","","","37C0GNLMI8HTXTWVX3TK58Z2PWZ6D8","A22YCS3UW15WOO","Submitted","Tue Mar 03 20:38:45 PST 2026","Tue Mar 03 21:19:07 PST 2026","Thu Apr 02 22:19:07 PDT 2026","","","","2422","100% (60/60)","100% (12/12)","0% (0/0)","Fox","https://f1qv-main-data.s3.us-east-1.amazonaws.com/amt/main_task_F1QV/Fox/Natural/Fox_5.jpg","https://f1qv-main-data.s3.us-east-1.amazonaws.com/amt/main_task_F1QV/Fox/Tactile/5.jpg","","Duck","https://f1qv-main-data.s3.us-east-1.amazonaws.com/amt/main_task_F1QV/Duck/Natural/6_Duck.jpg","https://f1qv-main-data.s3.us-east-1.amazonaws.com/amt/main_task_F1QV/Duck/Tactile/6.jpg","","Teddy Bear","https://f1qv-main-data.s3.us-east-1.amazonaws.com/amt/main_task_F1QV/Teddy Bear/Natural/9_2.jpg","https://f1qv-main-data.s3.us-east-1.amazonaws.com/amt/main_task_F1QV/Teddy Bear/Tactile/9.jpeg","","Elephant","https://f1qv-main-data.s3.us-east-1.amazonaws.com/amt/main_task_F1QV/Elephant/Natural/20_Elephant.jpeg","https://f1qv-main-data.s3.us-east-1.amazonaws.com/amt/main_task_F1QV/Elephant/Tactile/20.jpg","","Bat","https://f1qv-main-data.s3.us-east-1.amazonaws.com/amt/main_task_F1QV/Bat/Natural/4.jpg","https://f1qv-main-data.s3.us-east-1.amazonaws.com/amt/main_task_F1QV/Bat/Tactile/4.jpeg","","Camel","https://f1qv-main-data.s3.us-east-1.amazonaws.com/amt/main_task_F1QV/Camel/Natural/Camel_8.jpg","https://f1qv-main-data.s3.us-east-1.amazonaws.com/amt/main_task_F1QV/Camel/Tactile/8.png","","Cat","https://f1qv-main-data.s3.us-east-1.amazonaws.com/amt/main_task_F1QV/Cat/Natural/cat_22.jpeg","https://f1qv-main-data.s3.us-east-1.amazonaws.com/amt/main_task_F1QV/Cat/Tactile/22.jpg","","Dinosaur","https://f1qv-main-data.s3.us-east-1.amazonaws.com/amt/main_task_F1QV/Dinosaur/Natural/19_Dinosaur.jpeg","https://f1qv-main-data.s3.us-east-1.amazonaws.com/amt/main_task_F1QV/Dinosaur/Tactile/19.jpg","","Bird","https://f1qv-main-data.s3.us-east-1.amazonaws.com/amt/main_task_F1QV/Bird/Natural/19_Bird(2).jpg","https://f1qv-main-data.s3.us-east-1.amazonaws.com/amt/main_task_F1QV/Bird/Tactile/19.jpg","","Bee","https://f1qv-main-data.s3.us-east-1.amazonaws.com/amt/main_task_F1QV/Bee/Natural/Bee_13.jpg","https://f1qv-main-data.s3.us-east-1.amazonaws.com/amt/main_task_F1QV/Bee/Tactile/13.jpg","","[{""question1"":{""angle_match"":true,""view_frontal"":false,""view_perspective"":false,""view_side"":true,""view_top"":false},""question10"":{""angle_match"":false,""view_frontal"":false,""view_perspective"":false,""view_side"":true,""view_top"":false},""question2"":{""angle_match"":true,""view_frontal"":false,""view_perspective"":false,""view_side"":true,""view_top"":false},""question3"":{""angle_match"":true,""view_frontal"":true,""view_perspective"":false,""view_side"":false,""view_top"":false},""question4"":{""angle_match"":false,""view_frontal"":true,""view_perspective"":false,""view_side"":false,""view_top"":false},""question5"":{""angle_match"":false,""view_frontal"":true,""view_perspective"":false,""view_side"":false,""view_top"":false},""question6"":{""angle_match"":true,""view_frontal"":false,""view_perspective"":false,""view_side"":true,""view_top"":false},""question7"":{""angle_match"":true,""view_frontal"":false,""view_perspective"":false,""view_side"":false,""view_top"":false},""question8"":{""angle_match"":true,""view_frontal"":false,""view_perspective"":false,""view_side"":true,""view_top"":false},""question9"":{""angle_match"":true,""view_frontal"":false,""view_perspective"":false,""view_side"":true,""view_top"":false}}]"
"3GKAWYFRBH7ZLFG7MXNSNOUQS4IDP5","3BHRGUFAI0A6J7Y48A1RI398KZYCSF","Categorize images based on object's view.","Review 10 animal’s line-arts and judge if it has same or different views. Identify view for each tactile. (10 pairs)","tactile, image review, accessibility, animals","$0.05","Tue Mar 03 20:32:22 PST 2026","7","BatchId:5376447;OriginalHitTemplateId:928390873;","3600","2592000","Mon Mar 23 21:32:22 PDT 2026","","","3R2UR8A0J3UXK57GOZGQGFOLQF7XOU","A33I0A28TLIR6J","Submitted","Tue Mar 03 20:41:46 PST 2026","Tue Mar 03 21:33:26 PST 2026","Thu Apr 02 22:33:26 PDT 2026","","","","3100","100% (1/1)","0% (0/0)","0% (0/0)","Fox","https://f1qv-main-data.s3.us-east-1.amazonaws.com/amt/main_task_F1QV/Fox/Natural/Fox_5.jpg","https://f1qv-main-data.s3.us-east-1.amazonaws.com/amt/main_task_F1QV/Fox/Tactile/5.jpg","","Duck","https://f1qv-main-data.s3.us-east-1.amazonaws.com/amt/main_task_F1QV/Duck/Natural/6_Duck.jpg","https://f1qv-main-data.s3.us-east-1.amazonaws.com/amt/main_task_F1QV/Duck/Tactile/6.jpg","","Teddy Bear","https://f1qv-main-data.s3.us-east-1.amazonaws.com/amt/main_task_F1QV/Teddy Bear/Natural/9_2.jpg","https://f1qv-main-data.s3.us-east-1.amazonaws.com/amt/main_task_F1QV/Teddy Bear/Tactile/9.jpeg","","Elephant","https://f1qv-main-data.s3.us-east-1.amazonaws.com/amt/main_task_F1QV/Elephant/Natural/20_Elephant.jpeg","https://f1qv-main-data.s3.us-east-1.amazonaws.com/amt/main_task_F1QV/Elephant/Tactile/20.jpg","","Bat","https://f1qv-main-data.s3.us-east-1.amazonaws.com/amt/main_task_F1QV/Bat/Natural/4.jpg","https://f1qv-main-data.s3.us-east-1.amazonaws.com/amt/main_task_F1QV/Bat/Tactile/4.jpeg","","Camel","https://f1qv-main-data.s3.us-east-1.amazonaws.com/amt/main_task_F1QV/Camel/Natural/Camel_8.jpg","https://f1qv-main-data.s3.us-east-1.amazonaws.com/amt/main_task_F1QV/Camel/Tactile/8.png","","Cat","https://f1qv-main-data.s3.us-east-1.amazonaws.com/amt/main_task_F1QV/Cat/Natural/cat_22.jpeg","https://f1qv-main-data.s3.us-east-1.amazonaws.com/amt/main_task_F1QV/Cat/Tactile/22.jpg","","Dinosaur","https://f1qv-main-data.s3.us-east-1.amazonaws.com/amt/main_task_F1QV/Dinosaur/Natural/19_Dinosaur.jpeg","https://f1qv-main-data.s3.us-east-1.amazonaws.com/amt/main_task_F1QV/Dinosaur/Tactile/19.jpg","","Bird","https://f1qv-main-data.s3.us-east-1.amazonaws.com/amt/main_task_F1QV/Bird/Natural/19_Bird(2).jpg","https://f1qv-main-data.s3.us-east-1.amazonaws.com/amt/main_task_F1QV/Bird/Tactile/19.jpg","","Bee","https://f1qv-main-data.s3.us-east-1.amazonaws.com/amt/main_task_F1QV/Bee/Natural/Bee_13.jpg","https://f1qv-main-data.s3.us-east-1.amazonaws.com/amt/main_task_F1QV/Bee/Tactile/13.jpg","","[{""question1"":{""angle_match"":true,""view_frontal"":false,""view_perspective"":false,""view_side"":true,""view_top"":false},""question10"":{""angle_match"":true,""view_frontal"":false,""view_perspective"":false,""view_side"":true,""view_top"":false},""question2"":{""angle_match"":true,""view_frontal"":false,""view_perspective"":false,""view_side"":true,""view_top"":false},""question3"":{""angle_match"":true,""view_frontal"":true,""view_perspective"":false,""view_side"":false,""view_top"":false},""question4"":{""angle_match"":true,""view_frontal"":true,""view_perspective"":false,""view_side"":false,""view_top"":false},""question5"":{""angle_match"":true,""view_frontal"":true,""view_perspective"":false,""view_side"":false,""view_top"":false},""question6"":{""angle_match"":true,""view_frontal"":false,""view_perspective"":false,""view_side"":true,""view_top"":false},""question7"":{""angle_match"":true,""view_frontal"":true,""view_perspective"":false,""view_side"":false,""view_top"":false},""question8"":{""angle_match"":true,""view_frontal"":false,""view_perspective"":false,""view_side"":true,""view_top"":false},""question9"":{""angle_match"":true,""view_frontal"":false,""view_perspective"":false,""view_side"":true,""view_top"":false}}]"
"3RSBJ6YZF44EYZI2Y353MOSLUC2FO1","3BHRGUFAI0A6J7Y48A1RI398KZYCSF","Categorize images based on object's view.","Review 10 animal’s line-arts and judge if it has same or different views. Identify view for each tactile. (10 pairs)","tactile, image review, accessibility, animals","$0.05","Tue Mar 03 20:32:22 PST 2026","7","BatchId:5376447;OriginalHitTemplateId:928390873;","3600","2592000","Mon Mar 23 21:32:22 PDT 2026","","","3Z2R0DQ0KASA7YRU6WS1LD0B93WE2Q","A1MYCZT6OX9G20","Submitted","Tue Mar 03 20:37:50 PST 2026","Tue Mar 03 20:55:31 PST 2026","Thu Apr 02 21:55:31 PDT 2026","","","","1061","100% (9/9)","0% (0/0)","0% (0/0)","Bee","https://f1qv-main-data.s3.us-east-1.amazonaws.com/amt/main_task_F1QV/Bee/Natural/Bee_11.jpg","https://f1qv-main-data.s3.us-east-1.amazonaws.com/amt/main_task_F1QV/Bee/Tactile/11.jpg","","Dog","https://f1qv-main-data.s3.us-east-1.amazonaws.com/amt/main_task_F1QV/Dog/Natural/17_Dog.jpg","https://f1qv-main-data.s3.us-east-1.amazonaws.com/amt/main_task_F1QV/Dog/Tactile/17.jpg","","Teddy Bear","https://f1qv-main-data.s3.us-east-1.amazonaws.com/amt/main_task_F1QV/Teddy Bear/Natural/15.png","https://f1qv-main-data.s3.us-east-1.amazonaws.com/amt/main_task_F1QV/Teddy Bear/Tactile/15.jpeg","","Bird","https://f1qv-main-data.s3.us-east-1.amazonaws.com/amt/main_task_F1QV/Bird/Natural/20_Bird.jpg","https://f1qv-main-data.s3.us-east-1.amazonaws.com/amt/main_task_F1QV/Bird/Tactile/20.jpg","","Teddy Bear","https://f1qv-main-data.s3.us-east-1.amazonaws.com/amt/main_task_F1QV/Teddy Bear/Natural/12.jpg","https://f1qv-main-data.s3.us-east-1.amazonaws.com/amt/main_task_F1QV/Teddy Bear/Tactile/12.jpeg","","Llama","https://f1qv-main-data.s3.us-east-1.amazonaws.com/amt/main_task_F1QV/Llama/Natural/3_2.jpg","https://f1qv-main-data.s3.us-east-1.amazonaws.com/amt/main_task_F1QV/Llama/Tactile/3.jpg","","Horse","https://f1qv-main-data.s3.us-east-1.amazonaws.com/amt/main_task_F1QV/Horse/Natural/4__Horse.jpeg","https://f1qv-main-data.s3.us-east-1.amazonaws.com/amt/main_task_F1QV/Horse/Tactile/4.jpg","","Rabbit","https://f1qv-main-data.s3.us-east-1.amazonaws.com/amt/main_task_F1QV/Rabbit/Natural/2.png","https://f1qv-main-data.s3.us-east-1.amazonaws.com/amt/main_task_F1QV/Rabbit/Tactile/2.jpg","","Dog","https://f1qv-main-data.s3.us-east-1.amazonaws.com/amt/main_task_F1QV/Dog/Natural/19_Dog(2).jpg","https://f1qv-main-data.s3.us-east-1.amazonaws.com/amt/main_task_F1QV/Dog/Tactile/19.jpg","","Dinosaur","https://f1qv-main-data.s3.us-east-1.amazonaws.com/amt/main_task_F1QV/Dinosaur/Natural/5_Dinosaur.jpeg","https://f1qv-main-data.s3.us-east-1.amazonaws.com/amt/main_task_F1QV/Dinosaur/Tactile/5.jpg","","[{""question1"":{""angle_match"":true,""view_frontal"":false,""view_perspective"":false,""view_side"":false,""view_top"":true},""question10"":{""angle_match"":false,""view_frontal"":false,""view_perspective"":true,""view_side"":false,""view_top"":false},""question2"":{""angle_match"":true,""view_frontal"":false,""view_perspective"":false,""view_side"":true,""view_top"":false},""question3"":{""angle_match"":true,""view_frontal"":true,""view_perspective"":false,""view_side"":false,""view_top"":false},""question4"":{""angle_match"":true,""view_frontal"":false,""view_perspective"":false,""view_side"":true,""view_top"":false},""question5"":{""angle_match"":true,""view_frontal"":true,""view_perspective"":false,""view_side"":false,""view_top"":false},""question6"":{""angle_match"":true,""view_frontal"":true,""view_perspective"":false,""view_side"":false,""view_top"":false},""question7"":{""angle_match"":true,""view_frontal"":false,""view_perspective"":false,""view_side"":true,""view_top"":false},""question8"":{""angle_match"":true,""view_frontal"":true,""view_perspective"":false,""view_side"":false,""view_top"":false},""question9"":{""angle_match"":false,""view_frontal"":false,""view_perspective"":true,""view_side"":false,""view_top"":false}}]"
"3RSBJ6YZF44EYZI2Y353MOSLUC2FO1","3BHRGUFAI0A6J7Y48A1RI398KZYCSF","Categorize images based on object's view.","Review 10 animal’s line-arts and judge if it has same or different views. Identify view for each tactile. (10 pairs)","tactile, image review, accessibility, animals","$0.05","Tue Mar 03 20:32:22 PST 2026","7","BatchId:5376447;OriginalHitTemplateId:928390873;","3600","2592000","Mon Mar 23 21:32:22 PDT 2026","","","3U5JL4WY6DNTGCXY5F1H2HIG9N64XO","A3OLY20VMA8SPJ","Submitted","Tue Mar 03 20:39:36 PST 2026","Tue Mar 03 20:58:06 PST 2026","Thu Apr 02 21:58:06 PDT 2026","","","","1110","100% (15/15)","100% (15/15)","0% (0/0)","Bee","https://f1qv-main-data.s3.us-east-1.amazonaws.com/amt/main_task_F1QV/Bee/Natural/Bee_11.jpg","https://f1qv-main-data.s3.us-east-1.amazonaws.com/amt/main_task_F1QV/Bee/Tactile/11.jpg","","Dog","https://f1qv-main-data.s3.us-east-1.amazonaws.com/amt/main_task_F1QV/Dog/Natural/17_Dog.jpg","https://f1qv-main-data.s3.us-east-1.amazonaws.com/amt/main_task_F1QV/Dog/Tactile/17.jpg","","Teddy Bear","https://f1qv-main-data.s3.us-east-1.amazonaws.com/amt/main_task_F1QV/Teddy Bear/Natural/15.png","https://f1qv-main-data.s3.us-east-1.amazonaws.com/amt/main_task_F1QV/Teddy Bear/Tactile/15.jpeg","","Bird","https://f1qv-main-data.s3.us-east-1.amazonaws.com/amt/main_task_F1QV/Bird/Natural/20_Bird.jpg","https://f1qv-main-data.s3.us-east-1.amazonaws.com/amt/main_task_F1QV/Bird/Tactile/20.jpg","","Teddy Bear","https://f1qv-main-data.s3.us-east-1.amazonaws.com/amt/main_task_F1QV/Teddy Bear/Natural/12.jpg","https://f1qv-main-data.s3.us-east-1.amazonaws.com/amt/main_task_F1QV/Teddy Bear/Tactile/12.jpeg","","Llama","https://f1qv-main-data.s3.us-east-1.amazonaws.com/amt/main_task_F1QV/Llama/Natural/3_2.jpg","https://f1qv-main-data.s3.us-east-1.amazonaws.com/amt/main_task_F1QV/Llama/Tactile/3.jpg","","Horse","https://f1qv-main-data.s3.us-east-1.amazonaws.com/amt/main_task_F1QV/Horse/Natural/4__Horse.jpeg","https://f1qv-main-data.s3.us-east-1.amazonaws.com/amt/main_task_F1QV/Horse/Tactile/4.jpg","","Rabbit","https://f1qv-main-data.s3.us-east-1.amazonaws.com/amt/main_task_F1QV/Rabbit/Natural/2.png","https://f1qv-main-data.s3.us-east-1.amazonaws.com/amt/main_task_F1QV/Rabbit/Tactile/2.jpg","","Dog","https://f1qv-main-data.s3.us-east-1.amazonaws.com/amt/main_task_F1QV/Dog/Natural/19_Dog(2).jpg","https://f1qv-main-data.s3.us-east-1.amazonaws.com/amt/main_task_F1QV/Dog/Tactile/19.jpg","","Dinosaur","https://f1qv-main-data.s3.us-east-1.amazonaws.com/amt/main_task_F1QV/Dinosaur/Natural/5_Dinosaur.jpeg","https://f1qv-main-data.s3.us-east-1.amazonaws.com/amt/main_task_F1QV/Dinosaur/Tactile/5.jpg","","[{""question1"":{""angle_match"":true,""view_frontal"":true,""view_perspective"":false,""view_side"":false,""view_top"":false},""question10"":{""angle_match"":true,""view_frontal"":true,""view_perspective"":false,""view_side"":false,""view_top"":false},""question2"":{""angle_match"":true,""view_frontal"":false,""view_perspective"":false,""view_side"":true,""view_top"":false},""question3"":{""angle_match"":true,""view_frontal"":false,""view_perspective"":false,""view_side"":false,""view_top"":true},""question4"":{""angle_match"":true,""view_frontal"":false,""view_perspective"":false,""view_side"":true,""view_top"":false},""question5"":{""angle_match"":true,""view_frontal"":false,""view_perspective"":false,""view_side"":false,""view_top"":true},""question6"":{""angle_match"":true,""view_frontal"":false,""view_perspective"":false,""view_side"":false,""view_top"":true},""question7"":{""angle_match"":true,""view_frontal"":false,""view_perspective"":false,""view_side"":true,""view_top"":false},""question8"":{""angle_match"":true,""view_frontal"":false,""view_perspective"":false,""view_side"":false,""view_top"":true},""question9"":{""angle_match"":true,""view_frontal"":false,""view_perspective"":false,""view_side"":true,""view_top"":false}}]"
"3RSBJ6YZF44EYZI2Y353MOSLUC2FO1","3BHRGUFAI0A6J7Y48A1RI398KZYCSF","Categorize images based on object's view.","Review 10 animal’s line-arts and judge if it has same or different views. Identify view for each tactile. (10 pairs)","tactile, image review, accessibility, animals","$0.05","Tue Mar 03 20:32:22 PST 2026","7","BatchId:5376447;OriginalHitTemplateId:928390873;","3600","2592000","Mon Mar 23 21:32:22 PDT 2026","","","3SPJ03343UH8JZ6TDIANRXE8TRTJY5","AWGGLWWAXQGN0","Submitted","Tue Mar 03 20:43:40 PST 2026","Tue Mar 03 21:04:29 PST 2026","Thu Apr 02 22:04:29 PDT 2026","","","","1249","100% (2/2)","100% (2/2)","0% (0/0)","Bee","https://f1qv-main-data.s3.us-east-1.amazonaws.com/amt/main_task_F1QV/Bee/Natural/Bee_11.jpg","https://f1qv-main-data.s3.us-east-1.amazonaws.com/amt/main_task_F1QV/Bee/Tactile/11.jpg","","Dog","https://f1qv-main-data.s3.us-east-1.amazonaws.com/amt/main_task_F1QV/Dog/Natural/17_Dog.jpg","https://f1qv-main-data.s3.us-east-1.amazonaws.com/amt/main_task_F1QV/Dog/Tactile/17.jpg","","Teddy Bear","https://f1qv-main-data.s3.us-east-1.amazonaws.com/amt/main_task_F1QV/Teddy Bear/Natural/15.png","https://f1qv-main-data.s3.us-east-1.amazonaws.com/amt/main_task_F1QV/Teddy Bear/Tactile/15.jpeg","","Bird","https://f1qv-main-data.s3.us-east-1.amazonaws.com/amt/main_task_F1QV/Bird/Natural/20_Bird.jpg","https://f1qv-main-data.s3.us-east-1.amazonaws.com/amt/main_task_F1QV/Bird/Tactile/20.jpg","","Teddy Bear","https://f1qv-main-data.s3.us-east-1.amazonaws.com/amt/main_task_F1QV/Teddy Bear/Natural/12.jpg","https://f1qv-main-data.s3.us-east-1.amazonaws.com/amt/main_task_F1QV/Teddy Bear/Tactile/12.jpeg","","Llama","https://f1qv-main-data.s3.us-east-1.amazonaws.com/amt/main_task_F1QV/Llama/Natural/3_2.jpg","https://f1qv-main-data.s3.us-east-1.amazonaws.com/amt/main_task_F1QV/Llama/Tactile/3.jpg","","Horse","https://f1qv-main-data.s3.us-east-1.amazonaws.com/amt/main_task_F1QV/Horse/Natural/4__Horse.jpeg","https://f1qv-main-data.s3.us-east-1.amazonaws.com/amt/main_task_F1QV/Horse/Tactile/4.jpg","","Rabbit","https://f1qv-main-data.s3.us-east-1.amazonaws.com/amt/main_task_F1QV/Rabbit/Natural/2.png","https://f1qv-main-data.s3.us-east-1.amazonaws.com/amt/main_task_F1QV/Rabbit/Tactile/2.jpg","","Dog","https://f1qv-main-data.s3.us-east-1.amazonaws.com/amt/main_task_F1QV/Dog/Natural/19_Dog(2).jpg","https://f1qv-main-data.s3.us-east-1.amazonaws.com/amt/main_task_F1QV/Dog/Tactile/19.jpg","","Dinosaur","https://f1qv-main-data.s3.us-east-1.amazonaws.com/amt/main_task_F1QV/Dinosaur/Natural/5_Dinosaur.jpeg","https://f1qv-main-data.s3.us-east-1.amazonaws.com/amt/main_task_F1QV/Dinosaur/Tactile/5.jpg","","[{""question1"":{""angle_match"":false,""view_frontal"":false,""view_perspective"":true,""view_side"":false,""view_top"":false},""question10"":{""angle_match"":true,""view_frontal"":false,""view_perspective"":false,""view_side"":false,""view_top"":false},""question2"":{""angle_match"":false,""view_frontal"":false,""view_perspective"":true,""view_side"":false,""view_top"":false},""question3"":{""angle_match"":true,""view_frontal"":true,""view_perspective"":false,""view_side"":false,""view_top"":false},""question4"":{""angle_match"":true,""view_frontal"":false,""view_perspective"":false,""view_side"":true,""view_top"":false},""question5"":{""angle_match"":true,""view_frontal"":false,""view_perspective"":false,""view_side"":false,""view_top"":true},""question6"":{""angle_match"":true,""view_frontal"":false,""view_perspective"":false,""view_side"":false,""view_top"":true},""question7"":{""angle_match"":true,""view_frontal"":true,""view_perspective"":false,""view_side"":false,""view_top"":false},""question8"":{""angle_match"":false,""view_frontal"":false,""view_perspective"":true,""view_side"":false,""view_top"":false},""question9"":{""angle_match"":true,""view_frontal"":true,""view_perspective"":false,""view_side"":false,""view_top"":false}}]"
"3RSBJ6YZF44EYZI2Y353MOSLUC2FO1","3BHRGUFAI0A6J7Y48A1RI398KZYCSF","Categorize images based on object's view.","Review 10 animal’s line-arts and judge if it has same or different views. Identify view for each tactile. (10 pairs)","tactile, image review, accessibility, animals","$0.05","Tue Mar 03 20:32:22 PST 2026","7","BatchId:5376447;OriginalHitTemplateId:928390873;","3600","2592000","Mon Mar 23 21:32:22 PDT 2026","","","31LVTDXBM0O5HOI728U6ZGY3USFLR1","A22YCS3UW15WOO","Submitted","Tue Mar 03 20:38:44 PST 2026","Tue Mar 03 21:05:24 PST 2026","Thu Apr 02 22:05:24 PDT 2026","","","","1600","100% (60/60)","100% (12/12)","0% (0/0)","Bee","https://f1qv-main-data.s3.us-east-1.amazonaws.com/amt/main_task_F1QV/Bee/Natural/Bee_11.jpg","https://f1qv-main-data.s3.us-east-1.amazonaws.com/amt/main_task_F1QV/Bee/Tactile/11.jpg","","Dog","https://f1qv-main-data.s3.us-east-1.amazonaws.com/amt/main_task_F1QV/Dog/Natural/17_Dog.jpg","https://f1qv-main-data.s3.us-east-1.amazonaws.com/amt/main_task_F1QV/Dog/Tactile/17.jpg","","Teddy Bear","https://f1qv-main-data.s3.us-east-1.amazonaws.com/amt/main_task_F1QV/Teddy Bear/Natural/15.png","https://f1qv-main-data.s3.us-east-1.amazonaws.com/amt/main_task_F1QV/Teddy Bear/Tactile/15.jpeg","","Bird","https://f1qv-main-data.s3.us-east-1.amazonaws.com/amt/main_task_F1QV/Bird/Natural/20_Bird.jpg","https://f1qv-main-data.s3.us-east-1.amazonaws.com/amt/main_task_F1QV/Bird/Tactile/20.jpg","","Teddy Bear","https://f1qv-main-data.s3.us-east-1.amazonaws.com/amt/main_task_F1QV/Teddy Bear/Natural/12.jpg","https://f1qv-main-data.s3.us-east-1.amazonaws.com/amt/main_task_F1QV/Teddy Bear/Tactile/12.jpeg","","Llama","https://f1qv-main-data.s3.us-east-1.amazonaws.com/amt/main_task_F1QV/Llama/Natural/3_2.jpg","https://f1qv-main-data.s3.us-east-1.amazonaws.com/amt/main_task_F1QV/Llama/Tactile/3.jpg","","Horse","https://f1qv-main-data.s3.us-east-1.amazonaws.com/amt/main_task_F1QV/Horse/Natural/4__Horse.jpeg","https://f1qv-main-data.s3.us-east-1.amazonaws.com/amt/main_task_F1QV/Horse/Tactile/4.jpg","","Rabbit","https://f1qv-main-data.s3.us-east-1.amazonaws.com/amt/main_task_F1QV/Rabbit/Natural/2.png","https://f1qv-main-data.s3.us-east-1.amazonaws.com/amt/main_task_F1QV/Rabbit/Tactile/2.jpg","","Dog","https://f1qv-main-data.s3.us-east-1.amazonaws.com/amt/main_task_F1QV/Dog/Natural/19_Dog(2).jpg","https://f1qv-main-data.s3.us-east-1.amazonaws.com/amt/main_task_F1QV/Dog/Tactile/19.jpg","","Dinosaur","https://f1qv-main-data.s3.us-east-1.amazonaws.com/amt/main_task_F1QV/Dinosaur/Natural/5_Dinosaur.jpeg","https://f1qv-main-data.s3.us-east-1.amazonaws.com/amt/main_task_F1QV/Dinosaur/Tactile/5.jpg","","[{""question1"":{""angle_match"":true,""view_frontal"":true,""view_perspective"":false,""view_side"":false,""view_top"":false},""question10"":{""angle_match"":true,""view_frontal"":false,""view_perspective"":true,""view_side"":false,""view_top"":false},""question2"":{""angle_match"":false,""view_frontal"":false,""view_perspective"":false,""view_side"":true,""view_top"":false},""question3"":{""angle_match"":false,""view_frontal"":true,""view_perspective"":false,""view_side"":false,""view_top"":false},""question4"":{""angle_match"":true,""view_frontal"":false,""view_perspective"":true,""view_side"":false,""view_top"":false},""question5"":{""angle_match"":true,""view_frontal"":true,""view_perspective"":false,""view_side"":false,""view_top"":false},""question6"":{""angle_match"":true,""view_frontal"":true,""view_perspective"":false,""view_side"":false,""view_top"":false},""question7"":{""angle_match"":true,""view_frontal"":false,""view_perspective"":false,""view_side"":true,""view_top"":false},""question8"":{""angle_match"":true,""view_frontal"":true,""view_perspective"":false,""view_side"":false,""view_top"":false},""question9"":{""angle_match"":false,""view_frontal"":false,""view_perspective"":false,""view_side"":true,""view_top"":false}}]"
"3RSBJ6YZF44EYZI2Y353MOSLUC2FO1","3BHRGUFAI0A6J7Y48A1RI398KZYCSF","Categorize images based on object's view.","Review 10 animal’s line-arts and judge if it has same or different views. Identify view for each tactile. (10 pairs)","tactile, image review, accessibility, animals","$0.05","Tue Mar 03 20:32:22 PST 2026","7","BatchId:5376447;OriginalHitTemplateId:928390873;","3600","2592000","Mon Mar 23 21:32:22 PDT 2026","","","3DY4FPOOBU28DTU1GCWCMPW5LRKVRZ","A2NDG5FO7BCAE5","Submitted","Tue Mar 03 21:00:31 PST 2026","Tue Mar 03 21:07:07 PST 2026","Thu Apr 02 22:07:07 PDT 2026","","","","396","0% (0/0)","0% (0/0)","0% (0/0)","Bee","https://f1qv-main-data.s3.us-east-1.amazonaws.com/amt/main_task_F1QV/Bee/Natural/Bee_11.jpg","https://f1qv-main-data.s3.us-east-1.amazonaws.com/amt/main_task_F1QV/Bee/Tactile/11.jpg","","Dog","https://f1qv-main-data.s3.us-east-1.amazonaws.com/amt/main_task_F1QV/Dog/Natural/17_Dog.jpg","https://f1qv-main-data.s3.us-east-1.amazonaws.com/amt/main_task_F1QV/Dog/Tactile/17.jpg","","Teddy Bear","https://f1qv-main-data.s3.us-east-1.amazonaws.com/amt/main_task_F1QV/Teddy Bear/Natural/15.png","https://f1qv-main-data.s3.us-east-1.amazonaws.com/amt/main_task_F1QV/Teddy Bear/Tactile/15.jpeg","","Bird","https://f1qv-main-data.s3.us-east-1.amazonaws.com/amt/main_task_F1QV/Bird/Natural/20_Bird.jpg","https://f1qv-main-data.s3.us-east-1.amazonaws.com/amt/main_task_F1QV/Bird/Tactile/20.jpg","","Teddy Bear","https://f1qv-main-data.s3.us-east-1.amazonaws.com/amt/main_task_F1QV/Teddy Bear/Natural/12.jpg","https://f1qv-main-data.s3.us-east-1.amazonaws.com/amt/main_task_F1QV/Teddy Bear/Tactile/12.jpeg","","Llama","https://f1qv-main-data.s3.us-east-1.amazonaws.com/amt/main_task_F1QV/Llama/Natural/3_2.jpg","https://f1qv-main-data.s3.us-east-1.amazonaws.com/amt/main_task_F1QV/Llama/Tactile/3.jpg","","Horse","https://f1qv-main-data.s3.us-east-1.amazonaws.com/amt/main_task_F1QV/Horse/Natural/4__Horse.jpeg","https://f1qv-main-data.s3.us-east-1.amazonaws.com/amt/main_task_F1QV/Horse/Tactile/4.jpg","","Rabbit","https://f1qv-main-data.s3.us-east-1.amazonaws.com/amt/main_task_F1QV/Rabbit/Natural/2.png","https://f1qv-main-data.s3.us-east-1.amazonaws.com/amt/main_task_F1QV/Rabbit/Tactile/2.jpg","","Dog","https://f1qv-main-data.s3.us-east-1.amazonaws.com/amt/main_task_F1QV/Dog/Natural/19_Dog(2).jpg","https://f1qv-main-data.s3.us-east-1.amazonaws.com/amt/main_task_F1QV/Dog/Tactile/19.jpg","","Dinosaur","https://f1qv-main-data.s3.us-east-1.amazonaws.com/amt/main_task_F1QV/Dinosaur/Natural/5_Dinosaur.jpeg","https://f1qv-main-data.s3.us-east-1.amazonaws.com/amt/main_task_F1QV/Dinosaur/Tactile/5.jpg","","[{""question1"":{""angle_match"":false,""view_frontal"":false,""view_perspective"":false,""view_side"":false,""view_top"":true},""question10"":{""angle_match"":true,""view_frontal"":false,""view_perspective"":false,""view_side"":true,""view_top"":false},""question2"":{""angle_match"":true,""view_frontal"":false,""view_perspective"":false,""view_side"":true,""view_top"":false},""question3"":{""angle_match"":false,""view_frontal"":true,""view_perspective"":false,""view_side"":false,""view_top"":false},""question4"":{""angle_match"":true,""view_frontal"":false,""view_perspective"":false,""view_side"":true,""view_top"":false},""question5"":{""angle_match"":false,""view_frontal"":true,""view_perspective"":false,""view_side"":false,""view_top"":false},""question6"":{""angle_match"":false,""view_frontal"":true,""view_perspective"":false,""view_side"":false,""view_top"":false},""question7"":{""angle_match"":true,""view_frontal"":false,""view_perspective"":false,""view_side"":true,""view_top"":false},""question8"":{""angle_match"":false,""view_frontal"":true,""view_perspective"":false,""view_side"":false,""view_top"":false},""question9"":{""angle_match"":true,""view_frontal"":false,""view_perspective"":false,""view_side"":true,""view_top"":false}}]"
"3RSBJ6YZF44EYZI2Y353MOSLUC2FO1","3BHRGUFAI0A6J7Y48A1RI398KZYCSF","Categorize images based on object's view.","Review 10 animal’s line-arts and judge if it has same or different views. Identify view for each tactile. (10 pairs)","tactile, image review, accessibility, animals","$0.05","Tue Mar 03 20:32:22 PST 2026","7","BatchId:5376447;OriginalHitTemplateId:928390873;","3600","2592000","Mon Mar 23 21:32:22 PDT 2026","","","3U84XHCDJ5RIL7XD6XP2Z2YRHO5Z4J","A33I0A28TLIR6J","Submitted","Tue Mar 03 20:41:32 PST 2026","Tue Mar 03 21:23:24 PST 2026","Thu Apr 02 22:23:24 PDT 2026","","","","2512","100% (1/1)","0% (0/0)","0% (0/0)","Bee","https://f1qv-main-data.s3.us-east-1.amazonaws.com/amt/main_task_F1QV/Bee/Natural/Bee_11.jpg","https://f1qv-main-data.s3.us-east-1.amazonaws.com/amt/main_task_F1QV/Bee/Tactile/11.jpg","","Dog","https://f1qv-main-data.s3.us-east-1.amazonaws.com/amt/main_task_F1QV/Dog/Natural/17_Dog.jpg","https://f1qv-main-data.s3.us-east-1.amazonaws.com/amt/main_task_F1QV/Dog/Tactile/17.jpg","","Teddy Bear","https://f1qv-main-data.s3.us-east-1.amazonaws.com/amt/main_task_F1QV/Teddy Bear/Natural/15.png","https://f1qv-main-data.s3.us-east-1.amazonaws.com/amt/main_task_F1QV/Teddy Bear/Tactile/15.jpeg","","Bird","https://f1qv-main-data.s3.us-east-1.amazonaws.com/amt/main_task_F1QV/Bird/Natural/20_Bird.jpg","https://f1qv-main-data.s3.us-east-1.amazonaws.com/amt/main_task_F1QV/Bird/Tactile/20.jpg","","Teddy Bear","https://f1qv-main-data.s3.us-east-1.amazonaws.com/amt/main_task_F1QV/Teddy Bear/Natural/12.jpg","https://f1qv-main-data.s3.us-east-1.amazonaws.com/amt/main_task_F1QV/Teddy Bear/Tactile/12.jpeg","","Llama","https://f1qv-main-data.s3.us-east-1.amazonaws.com/amt/main_task_F1QV/Llama/Natural/3_2.jpg","https://f1qv-main-data.s3.us-east-1.amazonaws.com/amt/main_task_F1QV/Llama/Tactile/3.jpg","","Horse","https://f1qv-main-data.s3.us-east-1.amazonaws.com/amt/main_task_F1QV/Horse/Natural/4__Horse.jpeg","https://f1qv-main-data.s3.us-east-1.amazonaws.com/amt/main_task_F1QV/Horse/Tactile/4.jpg","","Rabbit","https://f1qv-main-data.s3.us-east-1.amazonaws.com/amt/main_task_F1QV/Rabbit/Natural/2.png","https://f1qv-main-data.s3.us-east-1.amazonaws.com/amt/main_task_F1QV/Rabbit/Tactile/2.jpg","","Dog","https://f1qv-main-data.s3.us-east-1.amazonaws.com/amt/main_task_F1QV/Dog/Natural/19_Dog(2).jpg","https://f1qv-main-data.s3.us-east-1.amazonaws.com/amt/main_task_F1QV/Dog/Tactile/19.jpg","","Dinosaur","https://f1qv-main-data.s3.us-east-1.amazonaws.com/amt/main_task_F1QV/Dinosaur/Natural/5_Dinosaur.jpeg","https://f1qv-main-data.s3.us-east-1.amazonaws.com/amt/main_task_F1QV/Dinosaur/Tactile/5.jpg","","[{""question1"":{""angle_match"":true,""view_frontal"":false,""view_perspective"":false,""view_side"":false,""view_top"":true},""question10"":{""angle_match"":true,""view_frontal"":true,""view_perspective"":false,""view_side"":false,""view_top"":false},""question2"":{""angle_match"":true,""view_frontal"":false,""view_perspective"":false,""view_side"":true,""view_top"":false},""question3"":{""angle_match"":true,""view_frontal"":true,""view_perspective"":false,""view_side"":false,""view_top"":false},""question4"":{""angle_match"":true,""view_frontal"":false,""view_perspective"":false,""view_side"":true,""view_top"":false},""question5"":{""angle_match"":true,""view_frontal"":true,""view_perspective"":false,""view_side"":false,""view_top"":false},""question6"":{""angle_match"":true,""view_frontal"":true,""view_perspective"":false,""view_side"":false,""view_top"":false},""question7"":{""angle_match"":true,""view_frontal"":false,""view_perspective"":false,""view_side"":true,""view_top"":false},""question8"":{""angle_match"":true,""view_frontal"":true,""view_perspective"":false,""view_side"":false,""view_top"":false},""question9"":{""angle_match"":true,""view_frontal"":false,""view_perspective"":false,""view_side"":true,""view_top"":false}}]"
"3RSBJ6YZF44EYZI2Y353MOSLUC2FO1","3BHRGUFAI0A6J7Y48A1RI398KZYCSF","Categorize images based on object's view.","Review 10 animal’s line-arts and judge if it has same or different views. Identify view for each tactile. (10 pairs)","tactile, image review, accessibility, animals","$0.05","Tue Mar 03 20:32:22 PST 2026","7","BatchId:5376447;OriginalHitTemplateId:928390873;","3600","2592000","Mon Mar 23 21:32:22 PDT 2026","","","386PBUZZY8BOJ0ZUU3LXXPCCKCOLJE","A2KDWBYIB444C2","Submitted","Tue Mar 03 21:43:03 PST 2026","Tue Mar 03 21:49:14 PST 2026","Thu Apr 02 22:49:14 PDT 2026","","","","371","0% (0/0)","0% (0/0)","0% (0/0)","Bee","https://f1qv-main-data.s3.us-east-1.amazonaws.com/amt/main_task_F1QV/Bee/Natural/Bee_11.jpg","https://f1qv-main-data.s3.us-east-1.amazonaws.com/amt/main_task_F1QV/Bee/Tactile/11.jpg","","Dog","https://f1qv-main-data.s3.us-east-1.amazonaws.com/amt/main_task_F1QV/Dog/Natural/17_Dog.jpg","https://f1qv-main-data.s3.us-east-1.amazonaws.com/amt/main_task_F1QV/Dog/Tactile/17.jpg","","Teddy Bear","https://f1qv-main-data.s3.us-east-1.amazonaws.com/amt/main_task_F1QV/Teddy Bear/Natural/15.png","https://f1qv-main-data.s3.us-east-1.amazonaws.com/amt/main_task_F1QV/Teddy Bear/Tactile/15.jpeg","","Bird","https://f1qv-main-data.s3.us-east-1.amazonaws.com/amt/main_task_F1QV/Bird/Natural/20_Bird.jpg","https://f1qv-main-data.s3.us-east-1.amazonaws.com/amt/main_task_F1QV/Bird/Tactile/20.jpg","","Teddy Bear","https://f1qv-main-data.s3.us-east-1.amazonaws.com/amt/main_task_F1QV/Teddy Bear/Natural/12.jpg","https://f1qv-main-data.s3.us-east-1.amazonaws.com/amt/main_task_F1QV/Teddy Bear/Tactile/12.jpeg","","Llama","https://f1qv-main-data.s3.us-east-1.amazonaws.com/amt/main_task_F1QV/Llama/Natural/3_2.jpg","https://f1qv-main-data.s3.us-east-1.amazonaws.com/amt/main_task_F1QV/Llama/Tactile/3.jpg","","Horse","https://f1qv-main-data.s3.us-east-1.amazonaws.com/amt/main_task_F1QV/Horse/Natural/4__Horse.jpeg","https://f1qv-main-data.s3.us-east-1.amazonaws.com/amt/main_task_F1QV/Horse/Tactile/4.jpg","","Rabbit","https://f1qv-main-data.s3.us-east-1.amazonaws.com/amt/main_task_F1QV/Rabbit/Natural/2.png","https://f1qv-main-data.s3.us-east-1.amazonaws.com/amt/main_task_F1QV/Rabbit/Tactile/2.jpg","","Dog","https://f1qv-main-data.s3.us-east-1.amazonaws.com/amt/main_task_F1QV/Dog/Natural/19_Dog(2).jpg","https://f1qv-main-data.s3.us-east-1.amazonaws.com/amt/main_task_F1QV/Dog/Tactile/19.jpg","","Dinosaur","https://f1qv-main-data.s3.us-east-1.amazonaws.com/amt/main_task_F1QV/Dinosaur/Natural/5_Dinosaur.jpeg","https://f1qv-main-data.s3.us-east-1.amazonaws.com/amt/main_task_F1QV/Dinosaur/Tactile/5.jpg","","[{""question1"":{""angle_match"":true,""view_frontal"":false,""view_perspective"":false,""view_side"":false,""view_top"":true},""question10"":{""angle_match"":true,""view_frontal"":false,""view_perspective"":true,""view_side"":false,""view_top"":false},""question2"":{""angle_match"":true,""view_frontal"":false,""view_perspective"":false,""view_side"":true,""view_top"":false},""question3"":{""angle_match"":true,""view_frontal"":true,""view_perspective"":false,""view_side"":false,""view_top"":false},""question4"":{""angle_match"":true,""view_frontal"":false,""view_perspective"":false,""view_side"":true,""view_top"":false},""question5"":{""angle_match"":true,""view_frontal"":true,""view_perspective"":false,""view_side"":false,""view_top"":false},""question6"":{""angle_match"":true,""view_frontal"":true,""view_perspective"":false,""view_side"":false,""view_top"":false},""question7"":{""angle_match"":true,""view_frontal"":false,""view_perspective"":false,""view_side"":true,""view_top"":false},""question8"":{""angle_match"":true,""view_frontal"":true,""view_perspective"":false,""view_side"":false,""view_top"":false},""question9"":{""angle_match"":false,""view_frontal"":false,""view_perspective"":false,""view_side"":true,""view_top"":false}}]"
"3UY4PIS8RJZ5QZOIQPQ5IXOM3SEN1T","3BHRGUFAI0A6J7Y48A1RI398KZYCSF","Categorize images based on object's view.","Review 10 animal’s line-arts and judge if it has same or different views. Identify view for each tactile. (10 pairs)","tactile, image review, accessibility, animals","$0.05","Tue Mar 03 20:32:22 PST 2026","7","BatchId:5376447;OriginalHitTemplateId:928390873;","3600","2592000","Mon Mar 23 21:32:22 PDT 2026","","","3QXNC7EIQB9MGSXZJY81AB6LL8Y90T","A3OLY20VMA8SPJ","Submitted","Tue Mar 03 20:39:29 PST 2026","Tue Mar 03 20:55:40 PST 2026","Thu Apr 02 21:55:40 PDT 2026","","","","971","100% (15/15)","100% (15/15)","0% (0/0)","Camel","https://f1qv-main-data.s3.us-east-1.amazonaws.com/amt/main_task_F1QV/Camel/Natural/Camel_1.jpg","https://f1qv-main-data.s3.us-east-1.amazonaws.com/amt/main_task_F1QV/Camel/Tactile/1.jpg","","Bird","https://f1qv-main-data.s3.us-east-1.amazonaws.com/amt/main_task_F1QV/Bird/Natural/22_Bird(2)_Edited.jpg","https://f1qv-main-data.s3.us-east-1.amazonaws.com/amt/main_task_F1QV/Bird/Tactile/22.jpg","","Elephant","https://f1qv-main-data.s3.us-east-1.amazonaws.com/amt/main_task_F1QV/Elephant/Natural/15_Elephant.jpeg","https://f1qv-main-data.s3.us-east-1.amazonaws.com/amt/main_task_F1QV/Elephant/Tactile/15.jpg","","Horse","https://f1qv-main-data.s3.us-east-1.amazonaws.com/amt/main_task_F1QV/Horse/Natural/16_Horse.jpeg","https://f1qv-main-data.s3.us-east-1.amazonaws.com/amt/main_task_F1QV/Horse/Tactile/16.jpg","","Giraffe","https://f1qv-main-data.s3.us-east-1.amazonaws.com/amt/main_task_F1QV/Giraffe/Natural/9_Giraffe.jpg","https://f1qv-main-data.s3.us-east-1.amazonaws.com/amt/main_task_F1QV/Giraffe/Tactile/9.jpeg","","Cat","https://f1qv-main-data.s3.us-east-1.amazonaws.com/amt/main_task_F1QV/Cat/Natural/cat_9.jpeg","https://f1qv-main-data.s3.us-east-1.amazonaws.com/amt/main_task_F1QV/Cat/Tactile/9.jpg","","Elephant","https://f1qv-main-data.s3.us-east-1.amazonaws.com/amt/main_task_F1QV/Elephant/Natural/12_Elephant.jpeg","https://f1qv-main-data.s3.us-east-1.amazonaws.com/amt/main_task_F1QV/Elephant/Tactile/12.jpg","","Horse","https://f1qv-main-data.s3.us-east-1.amazonaws.com/amt/main_task_F1QV/Horse/Natural/19_Horse.jpeg","https://f1qv-main-data.s3.us-east-1.amazonaws.com/amt/main_task_F1QV/Horse/Tactile/19.jpg","","Bat","https://f1qv-main-data.s3.us-east-1.amazonaws.com/amt/main_task_F1QV/Bat/Natural/1.jpg","https://f1qv-main-data.s3.us-east-1.amazonaws.com/amt/main_task_F1QV/Bat/Tactile/1.jpeg","","Dog","https://f1qv-main-data.s3.us-east-1.amazonaws.com/amt/main_task_F1QV/Dog/Natural/8_Dog.png","https://f1qv-main-data.s3.us-east-1.amazonaws.com/amt/main_task_F1QV/Dog/Tactile/8.jpg","","[{""question1"":{""angle_match"":true,""view_frontal"":false,""view_perspective"":false,""view_side"":true,""view_top"":false},""question10"":{""angle_match"":true,""view_frontal"":false,""view_perspective"":false,""view_side"":true,""view_top"":false},""question2"":{""angle_match"":true,""view_frontal"":false,""view_perspective"":false,""view_side"":true,""view_top"":false},""question3"":{""angle_match"":true,""view_frontal"":false,""view_perspective"":false,""view_side"":true,""view_top"":false},""question4"":{""angle_match"":true,""view_frontal"":false,""view_perspective"":false,""view_side"":true,""view_top"":false},""question5"":{""angle_match"":true,""view_frontal"":false,""view_perspective"":false,""view_side"":true,""view_top"":false},""question6"":{""angle_match"":true,""view_frontal"":false,""view_perspective"":false,""view_side"":true,""view_top"":false},""question7"":{""angle_match"":true,""view_frontal"":false,""view_perspective"":false,""view_side"":false,""view_top"":true},""question8"":{""angle_match"":true,""view_frontal"":false,""view_perspective"":false,""view_side"":true,""view_top"":false},""question9"":{""angle_match"":true,""view_frontal"":true,""view_perspective"":false,""view_side"":false,""view_top"":false}}]"
"3UY4PIS8RJZ5QZOIQPQ5IXOM3SEN1T","3BHRGUFAI0A6J7Y48A1RI398KZYCSF","Categorize images based on object's view.","Review 10 animal’s line-arts and judge if it has same or different views. Identify view for each tactile. (10 pairs)","tactile, image review, accessibility, animals","$0.05","Tue Mar 03 20:32:22 PST 2026","7","BatchId:5376447;OriginalHitTemplateId:928390873;","3600","2592000","Mon Mar 23 21:32:22 PDT 2026","","","3TMFV4NEQ1SFADFA7DV8HAKE28YW8Y","A3CWVU18V57686","Submitted","Tue Mar 03 20:42:33 PST 2026","Tue Mar 03 20:58:12 PST 2026","Thu Apr 02 21:58:12 PDT 2026","","","","939","0% (0/0)","0% (0/0)","0% (0/0)","Camel","https://f1qv-main-data.s3.us-east-1.amazonaws.com/amt/main_task_F1QV/Camel/Natural/Camel_1.jpg","https://f1qv-main-data.s3.us-east-1.amazonaws.com/amt/main_task_F1QV/Camel/Tactile/1.jpg","","Bird","https://f1qv-main-data.s3.us-east-1.amazonaws.com/amt/main_task_F1QV/Bird/Natural/22_Bird(2)_Edited.jpg","https://f1qv-main-data.s3.us-east-1.amazonaws.com/amt/main_task_F1QV/Bird/Tactile/22.jpg","","Elephant","https://f1qv-main-data.s3.us-east-1.amazonaws.com/amt/main_task_F1QV/Elephant/Natural/15_Elephant.jpeg","https://f1qv-main-data.s3.us-east-1.amazonaws.com/amt/main_task_F1QV/Elephant/Tactile/15.jpg","","Horse","https://f1qv-main-data.s3.us-east-1.amazonaws.com/amt/main_task_F1QV/Horse/Natural/16_Horse.jpeg","https://f1qv-main-data.s3.us-east-1.amazonaws.com/amt/main_task_F1QV/Horse/Tactile/16.jpg","","Giraffe","https://f1qv-main-data.s3.us-east-1.amazonaws.com/amt/main_task_F1QV/Giraffe/Natural/9_Giraffe.jpg","https://f1qv-main-data.s3.us-east-1.amazonaws.com/amt/main_task_F1QV/Giraffe/Tactile/9.jpeg","","Cat","https://f1qv-main-data.s3.us-east-1.amazonaws.com/amt/main_task_F1QV/Cat/Natural/cat_9.jpeg","https://f1qv-main-data.s3.us-east-1.amazonaws.com/amt/main_task_F1QV/Cat/Tactile/9.jpg","","Elephant","https://f1qv-main-data.s3.us-east-1.amazonaws.com/amt/main_task_F1QV/Elephant/Natural/12_Elephant.jpeg","https://f1qv-main-data.s3.us-east-1.amazonaws.com/amt/main_task_F1QV/Elephant/Tactile/12.jpg","","Horse","https://f1qv-main-data.s3.us-east-1.amazonaws.com/amt/main_task_F1QV/Horse/Natural/19_Horse.jpeg","https://f1qv-main-data.s3.us-east-1.amazonaws.com/amt/main_task_F1QV/Horse/Tactile/19.jpg","","Bat","https://f1qv-main-data.s3.us-east-1.amazonaws.com/amt/main_task_F1QV/Bat/Natural/1.jpg","https://f1qv-main-data.s3.us-east-1.amazonaws.com/amt/main_task_F1QV/Bat/Tactile/1.jpeg","","Dog","https://f1qv-main-data.s3.us-east-1.amazonaws.com/amt/main_task_F1QV/Dog/Natural/8_Dog.png","https://f1qv-main-data.s3.us-east-1.amazonaws.com/amt/main_task_F1QV/Dog/Tactile/8.jpg","","[{""question1"":{""angle_match"":true,""view_frontal"":false,""view_perspective"":false,""view_side"":true,""view_top"":false},""question10"":{""angle_match"":true,""view_frontal"":false,""view_perspective"":false,""view_side"":true,""view_top"":false},""question2"":{""angle_match"":true,""view_frontal"":false,""view_perspective"":false,""view_side"":true,""view_top"":false},""question3"":{""angle_match"":true,""view_frontal"":false,""view_perspective"":false,""view_side"":true,""view_top"":false},""question4"":{""angle_match"":true,""view_frontal"":false,""view_perspective"":false,""view_side"":true,""view_top"":false},""question5"":{""angle_match"":true,""view_frontal"":false,""view_perspective"":false,""view_side"":true,""view_top"":false},""question6"":{""angle_match"":true,""view_frontal"":false,""view_perspective"":false,""view_side"":true,""view_top"":false},""question7"":{""angle_match"":false,""view_frontal"":true,""view_perspective"":false,""view_side"":false,""view_top"":false},""question8"":{""angle_match"":true,""view_frontal"":false,""view_perspective"":false,""view_side"":true,""view_top"":false},""question9"":{""angle_match"":true,""view_frontal"":false,""view_perspective"":false,""view_side"":true,""view_top"":false}}]"
"3UY4PIS8RJZ5QZOIQPQ5IXOM3SEN1T","3BHRGUFAI0A6J7Y48A1RI398KZYCSF","Categorize images based on object's view.","Review 10 animal’s line-arts and judge if it has same or different views. Identify view for each tactile. (10 pairs)","tactile, image review, accessibility, animals","$0.05","Tue Mar 03 20:32:22 PST 2026","7","BatchId:5376447;OriginalHitTemplateId:928390873;","3600","2592000","Mon Mar 23 21:32:22 PDT 2026","","","3XLBSAQ90XQF4UFW8VN92EI18QX7ZD","A2V3XARMPINRM8","Submitted","Tue Mar 03 20:43:22 PST 2026","Tue Mar 03 21:14:08 PST 2026","Thu Apr 02 22:14:08 PDT 2026","","","","1846","100% (1/1)","100% (1/1)","100% (1/1)","Camel","https://f1qv-main-data.s3.us-east-1.amazonaws.com/amt/main_task_F1QV/Camel/Natural/Camel_1.jpg","https://f1qv-main-data.s3.us-east-1.amazonaws.com/amt/main_task_F1QV/Camel/Tactile/1.jpg","","Bird","https://f1qv-main-data.s3.us-east-1.amazonaws.com/amt/main_task_F1QV/Bird/Natural/22_Bird(2)_Edited.jpg","https://f1qv-main-data.s3.us-east-1.amazonaws.com/amt/main_task_F1QV/Bird/Tactile/22.jpg","","Elephant","https://f1qv-main-data.s3.us-east-1.amazonaws.com/amt/main_task_F1QV/Elephant/Natural/15_Elephant.jpeg","https://f1qv-main-data.s3.us-east-1.amazonaws.com/amt/main_task_F1QV/Elephant/Tactile/15.jpg","","Horse","https://f1qv-main-data.s3.us-east-1.amazonaws.com/amt/main_task_F1QV/Horse/Natural/16_Horse.jpeg","https://f1qv-main-data.s3.us-east-1.amazonaws.com/amt/main_task_F1QV/Horse/Tactile/16.jpg","","Giraffe","https://f1qv-main-data.s3.us-east-1.amazonaws.com/amt/main_task_F1QV/Giraffe/Natural/9_Giraffe.jpg","https://f1qv-main-data.s3.us-east-1.amazonaws.com/amt/main_task_F1QV/Giraffe/Tactile/9.jpeg","","Cat","https://f1qv-main-data.s3.us-east-1.amazonaws.com/amt/main_task_F1QV/Cat/Natural/cat_9.jpeg","https://f1qv-main-data.s3.us-east-1.amazonaws.com/amt/main_task_F1QV/Cat/Tactile/9.jpg","","Elephant","https://f1qv-main-data.s3.us-east-1.amazonaws.com/amt/main_task_F1QV/Elephant/Natural/12_Elephant.jpeg","https://f1qv-main-data.s3.us-east-1.amazonaws.com/amt/main_task_F1QV/Elephant/Tactile/12.jpg","","Horse","https://f1qv-main-data.s3.us-east-1.amazonaws.com/amt/main_task_F1QV/Horse/Natural/19_Horse.jpeg","https://f1qv-main-data.s3.us-east-1.amazonaws.com/amt/main_task_F1QV/Horse/Tactile/19.jpg","","Bat","https://f1qv-main-data.s3.us-east-1.amazonaws.com/amt/main_task_F1QV/Bat/Natural/1.jpg","https://f1qv-main-data.s3.us-east-1.amazonaws.com/amt/main_task_F1QV/Bat/Tactile/1.jpeg","","Dog","https://f1qv-main-data.s3.us-east-1.amazonaws.com/amt/main_task_F1QV/Dog/Natural/8_Dog.png","https://f1qv-main-data.s3.us-east-1.amazonaws.com/amt/main_task_F1QV/Dog/Tactile/8.jpg","","[{""question1"":{""angle_match"":true,""view_frontal"":false,""view_perspective"":false,""view_side"":true,""view_top"":false},""question10"":{""angle_match"":true,""view_frontal"":false,""view_perspective"":false,""view_side"":false,""view_top"":false},""question2"":{""angle_match"":true,""view_frontal"":false,""view_perspective"":false,""view_side"":true,""view_top"":false},""question3"":{""angle_match"":true,""view_frontal"":false,""view_perspective"":false,""view_side"":true,""view_top"":false},""question4"":{""angle_match"":true,""view_frontal"":false,""view_perspective"":false,""view_side"":true,""view_top"":false},""question5"":{""angle_match"":true,""view_frontal"":false,""view_perspective"":false,""view_side"":true,""view_top"":false},""question6"":{""angle_match"":true,""view_frontal"":true,""view_perspective"":false,""view_side"":false,""view_top"":false},""question7"":{""angle_match"":true,""view_frontal"":true,""view_perspective"":false,""view_side"":false,""view_top"":false},""question8"":{""angle_match"":true,""view_frontal"":false,""view_perspective"":false,""view_side"":true,""view_top"":false},""question9"":{""angle_match"":true,""view_frontal"":true,""view_perspective"":false,""view_side"":false,""view_top"":false}}]"
"3UY4PIS8RJZ5QZOIQPQ5IXOM3SEN1T","3BHRGUFAI0A6J7Y48A1RI398KZYCSF","Categorize images based on object's view.","Review 10 animal’s line-arts and judge if it has same or different views. Identify view for each tactile. (10 pairs)","tactile, image review, accessibility, animals","$0.05","Tue Mar 03 20:32:22 PST 2026","7","BatchId:5376447;OriginalHitTemplateId:928390873;","3600","2592000","Mon Mar 23 21:32:22 PDT 2026","","","3TE3O8574TMZG2WZS2C1KKZUOSPR2J","A1MYCZT6OX9G20","Submitted","Tue Mar 03 20:40:10 PST 2026","Tue Mar 03 21:16:08 PST 2026","Thu Apr 02 22:16:08 PDT 2026","","","","2158","100% (9/9)","0% (0/0)","0% (0/0)","Camel","https://f1qv-main-data.s3.us-east-1.amazonaws.com/amt/main_task_F1QV/Camel/Natural/Camel_1.jpg","https://f1qv-main-data.s3.us-east-1.amazonaws.com/amt/main_task_F1QV/Camel/Tactile/1.jpg","","Bird","https://f1qv-main-data.s3.us-east-1.amazonaws.com/amt/main_task_F1QV/Bird/Natural/22_Bird(2)_Edited.jpg","https://f1qv-main-data.s3.us-east-1.amazonaws.com/amt/main_task_F1QV/Bird/Tactile/22.jpg","","Elephant","https://f1qv-main-data.s3.us-east-1.amazonaws.com/amt/main_task_F1QV/Elephant/Natural/15_Elephant.jpeg","https://f1qv-main-data.s3.us-east-1.amazonaws.com/amt/main_task_F1QV/Elephant/Tactile/15.jpg","","Horse","https://f1qv-main-data.s3.us-east-1.amazonaws.com/amt/main_task_F1QV/Horse/Natural/16_Horse.jpeg","https://f1qv-main-data.s3.us-east-1.amazonaws.com/amt/main_task_F1QV/Horse/Tactile/16.jpg","","Giraffe","https://f1qv-main-data.s3.us-east-1.amazonaws.com/amt/main_task_F1QV/Giraffe/Natural/9_Giraffe.jpg","https://f1qv-main-data.s3.us-east-1.amazonaws.com/amt/main_task_F1QV/Giraffe/Tactile/9.jpeg","","Cat","https://f1qv-main-data.s3.us-east-1.amazonaws.com/amt/main_task_F1QV/Cat/Natural/cat_9.jpeg","https://f1qv-main-data.s3.us-east-1.amazonaws.com/amt/main_task_F1QV/Cat/Tactile/9.jpg","","Elephant","https://f1qv-main-data.s3.us-east-1.amazonaws.com/amt/main_task_F1QV/Elephant/Natural/12_Elephant.jpeg","https://f1qv-main-data.s3.us-east-1.amazonaws.com/amt/main_task_F1QV/Elephant/Tactile/12.jpg","","Horse","https://f1qv-main-data.s3.us-east-1.amazonaws.com/amt/main_task_F1QV/Horse/Natural/19_Horse.jpeg","https://f1qv-main-data.s3.us-east-1.amazonaws.com/amt/main_task_F1QV/Horse/Tactile/19.jpg","","Bat","https://f1qv-main-data.s3.us-east-1.amazonaws.com/amt/main_task_F1QV/Bat/Natural/1.jpg","https://f1qv-main-data.s3.us-east-1.amazonaws.com/amt/main_task_F1QV/Bat/Tactile/1.jpeg","","Dog","https://f1qv-main-data.s3.us-east-1.amazonaws.com/amt/main_task_F1QV/Dog/Natural/8_Dog.png","https://f1qv-main-data.s3.us-east-1.amazonaws.com/amt/main_task_F1QV/Dog/Tactile/8.jpg","","[{""question1"":{""angle_match"":true,""view_frontal"":false,""view_perspective"":false,""view_side"":true,""view_top"":false},""question10"":{""angle_match"":true,""view_frontal"":false,""view_perspective"":true,""view_side"":false,""view_top"":false},""question2"":{""angle_match"":true,""view_frontal"":false,""view_perspective"":false,""view_side"":true,""view_top"":false},""question3"":{""angle_match"":true,""view_frontal"":false,""view_perspective"":false,""view_side"":true,""view_top"":false},""question4"":{""angle_match"":true,""view_frontal"":false,""view_perspective"":false,""view_side"":true,""view_top"":false},""question5"":{""angle_match"":true,""view_frontal"":false,""view_perspective"":false,""view_side"":true,""view_top"":false},""question6"":{""angle_match"":true,""view_frontal"":false,""view_perspective"":false,""view_side"":true,""view_top"":false},""question7"":{""angle_match"":true,""view_frontal"":true,""view_perspective"":false,""view_side"":false,""view_top"":false},""question8"":{""angle_match"":true,""view_frontal"":false,""view_perspective"":false,""view_side"":true,""view_top"":false},""question9"":{""angle_match"":true,""view_frontal"":true,""view_perspective"":false,""view_side"":false,""view_top"":false}}]"
"3UY4PIS8RJZ5QZOIQPQ5IXOM3SEN1T","3BHRGUFAI0A6J7Y48A1RI398KZYCSF","Categorize images based on object's view.","Review 10 animal’s line-arts and judge if it has same or different views. Identify view for each tactile. (10 pairs)","tactile, image review, accessibility, animals","$0.05","Tue Mar 03 20:32:22 PST 2026","7","BatchId:5376447;OriginalHitTemplateId:928390873;","3600","2592000","Mon Mar 23 21:32:22 PDT 2026","","","3IUZPWIU2HLZ5EHBG2SB7FT5X7PKW0","ALJH5865ISWT1","Submitted","Tue Mar 03 20:38:52 PST 2026","Tue Mar 03 21:28:37 PST 2026","Thu Apr 02 22:28:37 PDT 2026","","","","2985","100% (2/2)","100% (2/2)","0% (0/0)","Camel","https://f1qv-main-data.s3.us-east-1.amazonaws.com/amt/main_task_F1QV/Camel/Natural/Camel_1.jpg","https://f1qv-main-data.s3.us-east-1.amazonaws.com/amt/main_task_F1QV/Camel/Tactile/1.jpg","","Bird","https://f1qv-main-data.s3.us-east-1.amazonaws.com/amt/main_task_F1QV/Bird/Natural/22_Bird(2)_Edited.jpg","https://f1qv-main-data.s3.us-east-1.amazonaws.com/amt/main_task_F1QV/Bird/Tactile/22.jpg","","Elephant","https://f1qv-main-data.s3.us-east-1.amazonaws.com/amt/main_task_F1QV/Elephant/Natural/15_Elephant.jpeg","https://f1qv-main-data.s3.us-east-1.amazonaws.com/amt/main_task_F1QV/Elephant/Tactile/15.jpg","","Horse","https://f1qv-main-data.s3.us-east-1.amazonaws.com/amt/main_task_F1QV/Horse/Natural/16_Horse.jpeg","https://f1qv-main-data.s3.us-east-1.amazonaws.com/amt/main_task_F1QV/Horse/Tactile/16.jpg","","Giraffe","https://f1qv-main-data.s3.us-east-1.amazonaws.com/amt/main_task_F1QV/Giraffe/Natural/9_Giraffe.jpg","https://f1qv-main-data.s3.us-east-1.amazonaws.com/amt/main_task_F1QV/Giraffe/Tactile/9.jpeg","","Cat","https://f1qv-main-data.s3.us-east-1.amazonaws.com/amt/main_task_F1QV/Cat/Natural/cat_9.jpeg","https://f1qv-main-data.s3.us-east-1.amazonaws.com/amt/main_task_F1QV/Cat/Tactile/9.jpg","","Elephant","https://f1qv-main-data.s3.us-east-1.amazonaws.com/amt/main_task_F1QV/Elephant/Natural/12_Elephant.jpeg","https://f1qv-main-data.s3.us-east-1.amazonaws.com/amt/main_task_F1QV/Elephant/Tactile/12.jpg","","Horse","https://f1qv-main-data.s3.us-east-1.amazonaws.com/amt/main_task_F1QV/Horse/Natural/19_Horse.jpeg","https://f1qv-main-data.s3.us-east-1.amazonaws.com/amt/main_task_F1QV/Horse/Tactile/19.jpg","","Bat","https://f1qv-main-data.s3.us-east-1.amazonaws.com/amt/main_task_F1QV/Bat/Natural/1.jpg","https://f1qv-main-data.s3.us-east-1.amazonaws.com/amt/main_task_F1QV/Bat/Tactile/1.jpeg","","Dog","https://f1qv-main-data.s3.us-east-1.amazonaws.com/amt/main_task_F1QV/Dog/Natural/8_Dog.png","https://f1qv-main-data.s3.us-east-1.amazonaws.com/amt/main_task_F1QV/Dog/Tactile/8.jpg","","[{""question1"":{""angle_match"":true,""view_frontal"":false,""view_perspective"":false,""view_side"":true,""view_top"":false},""question10"":{""angle_match"":true,""view_frontal"":false,""view_perspective"":false,""view_side"":true,""view_top"":false},""question2"":{""angle_match"":true,""view_frontal"":false,""view_perspective"":false,""view_side"":true,""view_top"":false},""question3"":{""angle_match"":true,""view_frontal"":false,""view_perspective"":false,""view_side"":true,""view_top"":false},""question4"":{""angle_match"":true,""view_frontal"":false,""view_perspective"":false,""view_side"":true,""view_top"":false},""question5"":{""angle_match"":true,""view_frontal"":false,""view_perspective"":false,""view_side"":true,""view_top"":false},""question6"":{""angle_match"":true,""view_frontal"":false,""view_perspective"":false,""view_side"":true,""view_top"":false},""question7"":{""angle_match"":true,""view_frontal"":true,""view_perspective"":false,""view_side"":false,""view_top"":false},""question8"":{""angle_match"":true,""view_frontal"":false,""view_perspective"":false,""view_side"":true,""view_top"":false},""question9"":{""angle_match"":true,""view_frontal"":true,""view_perspective"":false,""view_side"":false,""view_top"":false}}]"
"3UY4PIS8RJZ5QZOIQPQ5IXOM3SEN1T","3BHRGUFAI0A6J7Y48A1RI398KZYCSF","Categorize images based on object's view.","Review 10 animal’s line-arts and judge if it has same or different views. Identify view for each tactile. (10 pairs)","tactile, image review, accessibility, animals","$0.05","Tue Mar 03 20:32:22 PST 2026","7","BatchId:5376447;OriginalHitTemplateId:928390873;","3600","2592000","Mon Mar 23 21:32:22 PDT 2026","","","3NC5L260NH0GKJGVO5A4A8OEM9AOFR","A22YCS3UW15WOO","Submitted","Tue Mar 03 20:40:04 PST 2026","Tue Mar 03 21:37:18 PST 2026","Thu Apr 02 22:37:18 PDT 2026","","","","3434","100% (60/60)","100% (12/12)","0% (0/0)","Camel","https://f1qv-main-data.s3.us-east-1.amazonaws.com/amt/main_task_F1QV/Camel/Natural/Camel_1.jpg","https://f1qv-main-data.s3.us-east-1.amazonaws.com/amt/main_task_F1QV/Camel/Tactile/1.jpg","","Bird","https://f1qv-main-data.s3.us-east-1.amazonaws.com/amt/main_task_F1QV/Bird/Natural/22_Bird(2)_Edited.jpg","https://f1qv-main-data.s3.us-east-1.amazonaws.com/amt/main_task_F1QV/Bird/Tactile/22.jpg","","Elephant","https://f1qv-main-data.s3.us-east-1.amazonaws.com/amt/main_task_F1QV/Elephant/Natural/15_Elephant.jpeg","https://f1qv-main-data.s3.us-east-1.amazonaws.com/amt/main_task_F1QV/Elephant/Tactile/15.jpg","","Horse","https://f1qv-main-data.s3.us-east-1.amazonaws.com/amt/main_task_F1QV/Horse/Natural/16_Horse.jpeg","https://f1qv-main-data.s3.us-east-1.amazonaws.com/amt/main_task_F1QV/Horse/Tactile/16.jpg","","Giraffe","https://f1qv-main-data.s3.us-east-1.amazonaws.com/amt/main_task_F1QV/Giraffe/Natural/9_Giraffe.jpg","https://f1qv-main-data.s3.us-east-1.amazonaws.com/amt/main_task_F1QV/Giraffe/Tactile/9.jpeg","","Cat","https://f1qv-main-data.s3.us-east-1.amazonaws.com/amt/main_task_F1QV/Cat/Natural/cat_9.jpeg","https://f1qv-main-data.s3.us-east-1.amazonaws.com/amt/main_task_F1QV/Cat/Tactile/9.jpg","","Elephant","https://f1qv-main-data.s3.us-east-1.amazonaws.com/amt/main_task_F1QV/Elephant/Natural/12_Elephant.jpeg","https://f1qv-main-data.s3.us-east-1.amazonaws.com/amt/main_task_F1QV/Elephant/Tactile/12.jpg","","Horse","https://f1qv-main-data.s3.us-east-1.amazonaws.com/amt/main_task_F1QV/Horse/Natural/19_Horse.jpeg","https://f1qv-main-data.s3.us-east-1.amazonaws.com/amt/main_task_F1QV/Horse/Tactile/19.jpg","","Bat","https://f1qv-main-data.s3.us-east-1.amazonaws.com/amt/main_task_F1QV/Bat/Natural/1.jpg","https://f1qv-main-data.s3.us-east-1.amazonaws.com/amt/main_task_F1QV/Bat/Tactile/1.jpeg","","Dog","https://f1qv-main-data.s3.us-east-1.amazonaws.com/amt/main_task_F1QV/Dog/Natural/8_Dog.png","https://f1qv-main-data.s3.us-east-1.amazonaws.com/amt/main_task_F1QV/Dog/Tactile/8.jpg","","[{""question1"":{""angle_match"":false,""view_frontal"":false,""view_perspective"":false,""view_side"":true,""view_top"":false},""question10"":{""angle_match"":false,""view_frontal"":false,""view_perspective"":false,""view_side"":true,""view_top"":false},""question2"":{""angle_match"":true,""view_frontal"":false,""view_perspective"":false,""view_side"":true,""view_top"":false},""question3"":{""angle_match"":true,""view_frontal"":false,""view_perspective"":false,""view_side"":true,""view_top"":false},""question4"":{""angle_match"":true,""view_frontal"":false,""view_perspective"":false,""view_side"":true,""view_top"":false},""question5"":{""angle_match"":true,""view_frontal"":false,""view_perspective"":false,""view_side"":true,""view_top"":false},""question6"":{""angle_match"":true,""view_frontal"":true,""view_perspective"":false,""view_side"":false,""view_top"":false},""question7"":{""angle_match"":true,""view_frontal"":true,""view_perspective"":false,""view_side"":false,""view_top"":false},""question8"":{""angle_match"":false,""view_frontal"":false,""view_perspective"":false,""view_side"":true,""view_top"":false},""question9"":{""angle_match"":true,""view_frontal"":true,""view_perspective"":false,""view_side"":false,""view_top"":false}}]"
"3UY4PIS8RJZ5QZOIQPQ5IXOM3SEN1T","3BHRGUFAI0A6J7Y48A1RI398KZYCSF","Categorize images based on object's view.","Review 10 animal’s line-arts and judge if it has same or different views. Identify view for each tactile. (10 pairs)","tactile, image review, accessibility, animals","$0.05","Tue Mar 03 20:32:22 PST 2026","7","BatchId:5376447;OriginalHitTemplateId:928390873;","3600","2592000","Mon Mar 23 21:32:22 PDT 2026","","","323Q6SJS9BU6S2U8KSFEQZRDAOYFHY","A33I0A28TLIR6J","Submitted","Tue Mar 03 20:41:53 PST 2026","Tue Mar 03 21:37:34 PST 2026","Thu Apr 02 22:37:34 PDT 2026","","","","3341","100% (1/1)","0% (0/0)","0% (0/0)","Camel","https://f1qv-main-data.s3.us-east-1.amazonaws.com/amt/main_task_F1QV/Camel/Natural/Camel_1.jpg","https://f1qv-main-data.s3.us-east-1.amazonaws.com/amt/main_task_F1QV/Camel/Tactile/1.jpg","","Bird","https://f1qv-main-data.s3.us-east-1.amazonaws.com/amt/main_task_F1QV/Bird/Natural/22_Bird(2)_Edited.jpg","https://f1qv-main-data.s3.us-east-1.amazonaws.com/amt/main_task_F1QV/Bird/Tactile/22.jpg","","Elephant","https://f1qv-main-data.s3.us-east-1.amazonaws.com/amt/main_task_F1QV/Elephant/Natural/15_Elephant.jpeg","https://f1qv-main-data.s3.us-east-1.amazonaws.com/amt/main_task_F1QV/Elephant/Tactile/15.jpg","","Horse","https://f1qv-main-data.s3.us-east-1.amazonaws.com/amt/main_task_F1QV/Horse/Natural/16_Horse.jpeg","https://f1qv-main-data.s3.us-east-1.amazonaws.com/amt/main_task_F1QV/Horse/Tactile/16.jpg","","Giraffe","https://f1qv-main-data.s3.us-east-1.amazonaws.com/amt/main_task_F1QV/Giraffe/Natural/9_Giraffe.jpg","https://f1qv-main-data.s3.us-east-1.amazonaws.com/amt/main_task_F1QV/Giraffe/Tactile/9.jpeg","","Cat","https://f1qv-main-data.s3.us-east-1.amazonaws.com/amt/main_task_F1QV/Cat/Natural/cat_9.jpeg","https://f1qv-main-data.s3.us-east-1.amazonaws.com/amt/main_task_F1QV/Cat/Tactile/9.jpg","","Elephant","https://f1qv-main-data.s3.us-east-1.amazonaws.com/amt/main_task_F1QV/Elephant/Natural/12_Elephant.jpeg","https://f1qv-main-data.s3.us-east-1.amazonaws.com/amt/main_task_F1QV/Elephant/Tactile/12.jpg","","Horse","https://f1qv-main-data.s3.us-east-1.amazonaws.com/amt/main_task_F1QV/Horse/Natural/19_Horse.jpeg","https://f1qv-main-data.s3.us-east-1.amazonaws.com/amt/main_task_F1QV/Horse/Tactile/19.jpg","","Bat","https://f1qv-main-data.s3.us-east-1.amazonaws.com/amt/main_task_F1QV/Bat/Natural/1.jpg","https://f1qv-main-data.s3.us-east-1.amazonaws.com/amt/main_task_F1QV/Bat/Tactile/1.jpeg","","Dog","https://f1qv-main-data.s3.us-east-1.amazonaws.com/amt/main_task_F1QV/Dog/Natural/8_Dog.png","https://f1qv-main-data.s3.us-east-1.amazonaws.com/amt/main_task_F1QV/Dog/Tactile/8.jpg","","[{""question1"":{""angle_match"":true,""view_frontal"":false,""view_perspective"":false,""view_side"":true,""view_top"":false},""question10"":{""angle_match"":true,""view_frontal"":false,""view_perspective"":false,""view_side"":true,""view_top"":false},""question2"":{""angle_match"":true,""view_frontal"":false,""view_perspective"":false,""view_side"":true,""view_top"":false},""question3"":{""angle_match"":true,""view_frontal"":false,""view_perspective"":false,""view_side"":true,""view_top"":false},""question4"":{""angle_match"":true,""view_frontal"":false,""view_perspective"":false,""view_side"":true,""view_top"":false},""question5"":{""angle_match"":true,""view_frontal"":false,""view_perspective"":false,""view_side"":true,""view_top"":false},""question6"":{""angle_match"":true,""view_frontal"":false,""view_perspective"":false,""view_side"":true,""view_top"":false},""question7"":{""angle_match"":true,""view_frontal"":true,""view_perspective"":false,""view_side"":false,""view_top"":false},""question8"":{""angle_match"":true,""view_frontal"":false,""view_perspective"":false,""view_side"":true,""view_top"":false},""question9"":{""angle_match"":true,""view_frontal"":true,""view_perspective"":false,""view_side"":false,""view_top"":false}}]"
"3JMNNNO3CTI22EFS1UH6JZBIOAW2WG","3BHRGUFAI0A6J7Y48A1RI398KZYCSF","Categorize images based on object's view.","Review 10 animal’s line-arts and judge if it has same or different views. Identify view for each tactile. (10 pairs)","tactile, image review, accessibility, animals","$0.05","Tue Mar 03 20:32:22 PST 2026","7","BatchId:5376447;OriginalHitTemplateId:928390873;","3600","2592000","Mon Mar 23 21:32:22 PDT 2026","","","3NPFYT4I05I9SSQI0G3IB6FJZTHXG8","A1E8TZHMLQMG4L","Submitted","Tue Mar 03 20:43:11 PST 2026","Tue Mar 03 20:43:48 PST 2026","Thu Apr 02 21:43:48 PDT 2026","","","","37","100% (22/22)","0% (0/0)","0% (0/0)","Fox","https://f1qv-main-data.s3.us-east-1.amazonaws.com/amt/main_task_F1QV/Fox/Natural/Fox_2.jpg","https://f1qv-main-data.s3.us-east-1.amazonaws.com/amt/main_task_F1QV/Fox/Tactile/2.jpg","","Dinosaur","https://f1qv-main-data.s3.us-east-1.amazonaws.com/amt/main_task_F1QV/Dinosaur/Natural/20_Dinosaur.jpeg","https://f1qv-main-data.s3.us-east-1.amazonaws.com/amt/main_task_F1QV/Dinosaur/Tactile/20.jpg","","Bat","https://f1qv-main-data.s3.us-east-1.amazonaws.com/amt/main_task_F1QV/Bat/Natural/7_3.jpg","https://f1qv-main-data.s3.us-east-1.amazonaws.com/amt/main_task_F1QV/Bat/Tactile/7.jpeg","","Horse","https://f1qv-main-data.s3.us-east-1.amazonaws.com/amt/main_task_F1QV/Horse/Natural/13_Horse.jpeg","https://f1qv-main-data.s3.us-east-1.amazonaws.com/amt/main_task_F1QV/Horse/Tactile/13.jpg","","Bird","https://f1qv-main-data.s3.us-east-1.amazonaws.com/amt/main_task_F1QV/Bird/Natural/19_Bird.jpg","https://f1qv-main-data.s3.us-east-1.amazonaws.com/amt/main_task_F1QV/Bird/Tactile/19.jpg","","Bat","https://f1qv-main-data.s3.us-east-1.amazonaws.com/amt/main_task_F1QV/Bat/Natural/8_2.jpg","https://f1qv-main-data.s3.us-east-1.amazonaws.com/amt/main_task_F1QV/Bat/Tactile/8.jpeg","","Cat","https://f1qv-main-data.s3.us-east-1.amazonaws.com/amt/main_task_F1QV/Cat/Natural/cat_18.jpg","https://f1qv-main-data.s3.us-east-1.amazonaws.com/amt/main_task_F1QV/Cat/Tactile/18.jpg","","Giraffe","https://f1qv-main-data.s3.us-east-1.amazonaws.com/amt/main_task_F1QV/Giraffe/Natural/11_Giraffe.jpg","https://f1qv-main-data.s3.us-east-1.amazonaws.com/amt/main_task_F1QV/Giraffe/Tactile/11.jpeg","","Horse","https://f1qv-main-data.s3.us-east-1.amazonaws.com/amt/main_task_F1QV/Horse/Natural/1_Horse.jpeg","https://f1qv-main-data.s3.us-east-1.amazonaws.com/amt/main_task_F1QV/Horse/Tactile/1.jpg","","Fish","https://f1qv-main-data.s3.us-east-1.amazonaws.com/amt/main_task_F1QV/Fish/Natural/18_fish.png","https://f1qv-main-data.s3.us-east-1.amazonaws.com/amt/main_task_F1QV/Fish/Tactile/18.jpg","","[{""question1"":{""angle_match"":true,""view_frontal"":true,""view_perspective"":false,""view_side"":false,""view_top"":false},""question10"":{""angle_match"":true,""view_frontal"":false,""view_perspective"":false,""view_side"":false,""view_top"":false},""question2"":{""angle_match"":true,""view_frontal"":false,""view_perspective"":false,""view_side"":true,""view_top"":false},""question3"":{""angle_match"":true,""view_frontal"":false,""view_perspective"":false,""view_side"":false,""view_top"":false},""question4"":{""angle_match"":true,""view_frontal"":false,""view_perspective"":false,""view_side"":false,""view_top"":false},""question5"":{""angle_match"":true,""view_frontal"":false,""view_perspective"":false,""view_side"":false,""view_top"":false},""question6"":{""angle_match"":true,""view_frontal"":false,""view_perspective"":false,""view_side"":false,""view_top"":false},""question7"":{""angle_match"":true,""view_frontal"":false,""view_perspective"":false,""view_side"":false,""view_top"":false},""question8"":{""angle_match"":true,""view_frontal"":false,""view_perspective"":false,""view_side"":false,""view_top"":false},""question9"":{""angle_match"":true,""view_frontal"":false,""view_perspective"":false,""view_side"":false,""view_top"":false}}]"
"3JMNNNO3CTI22EFS1UH6JZBIOAW2WG","3BHRGUFAI0A6J7Y48A1RI398KZYCSF","Categorize images based on object's view.","Review 10 animal’s line-arts and judge if it has same or different views. Identify view for each tactile. (10 pairs)","tactile, image review, accessibility, animals","$0.05","Tue Mar 03 20:32:22 PST 2026","7","BatchId:5376447;OriginalHitTemplateId:928390873;","3600","2592000","Mon Mar 23 21:32:22 PDT 2026","","","30BUDKLTY6926VAHOFUZJK3NTET5EQ","AAISLVE5U7EPM","Submitted","Tue Mar 03 20:43:05 PST 2026","Tue Mar 03 20:57:07 PST 2026","Thu Apr 02 21:57:07 PDT 2026","","","","842","0% (0/0)","0% (0/0)","0% (0/0)","Fox","https://f1qv-main-data.s3.us-east-1.amazonaws.com/amt/main_task_F1QV/Fox/Natural/Fox_2.jpg","https://f1qv-main-data.s3.us-east-1.amazonaws.com/amt/main_task_F1QV/Fox/Tactile/2.jpg","","Dinosaur","https://f1qv-main-data.s3.us-east-1.amazonaws.com/amt/main_task_F1QV/Dinosaur/Natural/20_Dinosaur.jpeg","https://f1qv-main-data.s3.us-east-1.amazonaws.com/amt/main_task_F1QV/Dinosaur/Tactile/20.jpg","","Bat","https://f1qv-main-data.s3.us-east-1.amazonaws.com/amt/main_task_F1QV/Bat/Natural/7_3.jpg","https://f1qv-main-data.s3.us-east-1.amazonaws.com/amt/main_task_F1QV/Bat/Tactile/7.jpeg","","Horse","https://f1qv-main-data.s3.us-east-1.amazonaws.com/amt/main_task_F1QV/Horse/Natural/13_Horse.jpeg","https://f1qv-main-data.s3.us-east-1.amazonaws.com/amt/main_task_F1QV/Horse/Tactile/13.jpg","","Bird","https://f1qv-main-data.s3.us-east-1.amazonaws.com/amt/main_task_F1QV/Bird/Natural/19_Bird.jpg","https://f1qv-main-data.s3.us-east-1.amazonaws.com/amt/main_task_F1QV/Bird/Tactile/19.jpg","","Bat","https://f1qv-main-data.s3.us-east-1.amazonaws.com/amt/main_task_F1QV/Bat/Natural/8_2.jpg","https://f1qv-main-data.s3.us-east-1.amazonaws.com/amt/main_task_F1QV/Bat/Tactile/8.jpeg","","Cat","https://f1qv-main-data.s3.us-east-1.amazonaws.com/amt/main_task_F1QV/Cat/Natural/cat_18.jpg","https://f1qv-main-data.s3.us-east-1.amazonaws.com/amt/main_task_F1QV/Cat/Tactile/18.jpg","","Giraffe","https://f1qv-main-data.s3.us-east-1.amazonaws.com/amt/main_task_F1QV/Giraffe/Natural/11_Giraffe.jpg","https://f1qv-main-data.s3.us-east-1.amazonaws.com/amt/main_task_F1QV/Giraffe/Tactile/11.jpeg","","Horse","https://f1qv-main-data.s3.us-east-1.amazonaws.com/amt/main_task_F1QV/Horse/Natural/1_Horse.jpeg","https://f1qv-main-data.s3.us-east-1.amazonaws.com/amt/main_task_F1QV/Horse/Tactile/1.jpg","","Fish","https://f1qv-main-data.s3.us-east-1.amazonaws.com/amt/main_task_F1QV/Fish/Natural/18_fish.png","https://f1qv-main-data.s3.us-east-1.amazonaws.com/amt/main_task_F1QV/Fish/Tactile/18.jpg","","[{""question1"":{""angle_match"":true,""view_frontal"":false,""view_perspective"":true,""view_side"":false,""view_top"":false},""question10"":{""angle_match"":true,""view_frontal"":false,""view_perspective"":false,""view_side"":true,""view_top"":false},""question2"":{""angle_match"":true,""view_frontal"":false,""view_perspective"":false,""view_side"":true,""view_top"":false},""question3"":{""angle_match"":true,""view_frontal"":true,""view_perspective"":false,""view_side"":false,""view_top"":false},""question4"":{""angle_match"":true,""view_frontal"":false,""view_perspective"":false,""view_side"":true,""view_top"":false},""question5"":{""angle_match"":true,""view_frontal"":true,""view_perspective"":false,""view_side"":false,""view_top"":false},""question6"":{""angle_match"":true,""view_frontal"":false,""view_perspective"":false,""view_side"":true,""view_top"":false},""question7"":{""angle_match"":true,""view_frontal"":false,""view_perspective"":false,""view_side"":true,""view_top"":false},""question8"":{""angle_match"":true,""view_frontal"":false,""view_perspective"":false,""view_side"":true,""view_top"":false},""question9"":{""angle_match"":true,""view_frontal"":false,""view_perspective"":false,""view_side"":true,""view_top"":false}}]"
"3JMNNNO3CTI22EFS1UH6JZBIOAW2WG","3BHRGUFAI0A6J7Y48A1RI398KZYCSF","Categorize images based on object's view.","Review 10 animal’s line-arts and judge if it has same or different views. Identify view for each tactile. (10 pairs)","tactile, image review, accessibility, animals","$0.05","Tue Mar 03 20:32:22 PST 2026","7","BatchId:5376447;OriginalHitTemplateId:928390873;","3600","2592000","Mon Mar 23 21:32:22 PDT 2026","","","36WLNQG79SO4VBRQPPLCM63F3AGEB1","AANFSTZSFMWNW","Submitted","Tue Mar 03 20:45:11 PST 2026","Tue Mar 03 20:58:21 PST 2026","Thu Apr 02 21:58:21 PDT 2026","","","","790","98% (96/98)","90% (19/21)","100% (18/18)","Fox","https://f1qv-main-data.s3.us-east-1.amazonaws.com/amt/main_task_F1QV/Fox/Natural/Fox_2.jpg","https://f1qv-main-data.s3.us-east-1.amazonaws.com/amt/main_task_F1QV/Fox/Tactile/2.jpg","","Dinosaur","https://f1qv-main-data.s3.us-east-1.amazonaws.com/amt/main_task_F1QV/Dinosaur/Natural/20_Dinosaur.jpeg","https://f1qv-main-data.s3.us-east-1.amazonaws.com/amt/main_task_F1QV/Dinosaur/Tactile/20.jpg","","Bat","https://f1qv-main-data.s3.us-east-1.amazonaws.com/amt/main_task_F1QV/Bat/Natural/7_3.jpg","https://f1qv-main-data.s3.us-east-1.amazonaws.com/amt/main_task_F1QV/Bat/Tactile/7.jpeg","","Horse","https://f1qv-main-data.s3.us-east-1.amazonaws.com/amt/main_task_F1QV/Horse/Natural/13_Horse.jpeg","https://f1qv-main-data.s3.us-east-1.amazonaws.com/amt/main_task_F1QV/Horse/Tactile/13.jpg","","Bird","https://f1qv-main-data.s3.us-east-1.amazonaws.com/amt/main_task_F1QV/Bird/Natural/19_Bird.jpg","https://f1qv-main-data.s3.us-east-1.amazonaws.com/amt/main_task_F1QV/Bird/Tactile/19.jpg","","Bat","https://f1qv-main-data.s3.us-east-1.amazonaws.com/amt/main_task_F1QV/Bat/Natural/8_2.jpg","https://f1qv-main-data.s3.us-east-1.amazonaws.com/amt/main_task_F1QV/Bat/Tactile/8.jpeg","","Cat","https://f1qv-main-data.s3.us-east-1.amazonaws.com/amt/main_task_F1QV/Cat/Natural/cat_18.jpg","https://f1qv-main-data.s3.us-east-1.amazonaws.com/amt/main_task_F1QV/Cat/Tactile/18.jpg","","Giraffe","https://f1qv-main-data.s3.us-east-1.amazonaws.com/amt/main_task_F1QV/Giraffe/Natural/11_Giraffe.jpg","https://f1qv-main-data.s3.us-east-1.amazonaws.com/amt/main_task_F1QV/Giraffe/Tactile/11.jpeg","","Horse","https://f1qv-main-data.s3.us-east-1.amazonaws.com/amt/main_task_F1QV/Horse/Natural/1_Horse.jpeg","https://f1qv-main-data.s3.us-east-1.amazonaws.com/amt/main_task_F1QV/Horse/Tactile/1.jpg","","Fish","https://f1qv-main-data.s3.us-east-1.amazonaws.com/amt/main_task_F1QV/Fish/Natural/18_fish.png","https://f1qv-main-data.s3.us-east-1.amazonaws.com/amt/main_task_F1QV/Fish/Tactile/18.jpg","","[{""question1"":{""angle_match"":true,""view_frontal"":false,""view_perspective"":false,""view_side"":true,""view_top"":false},""question10"":{""angle_match"":true,""view_frontal"":false,""view_perspective"":false,""view_side"":true,""view_top"":false},""question2"":{""angle_match"":true,""view_frontal"":false,""view_perspective"":false,""view_side"":true,""view_top"":false},""question3"":{""angle_match"":true,""view_frontal"":false,""view_perspective"":false,""view_side"":false,""view_top"":true},""question4"":{""angle_match"":true,""view_frontal"":false,""view_perspective"":false,""view_side"":true,""view_top"":false},""question5"":{""angle_match"":true,""view_frontal"":false,""view_perspective"":false,""view_side"":true,""view_top"":false},""question6"":{""angle_match"":true,""view_frontal"":false,""view_perspective"":false,""view_side"":true,""view_top"":false},""question7"":{""angle_match"":true,""view_frontal"":false,""view_perspective"":false,""view_side"":true,""view_top"":false},""question8"":{""angle_match"":true,""view_frontal"":false,""view_perspective"":false,""view_side"":true,""view_top"":false},""question9"":{""angle_match"":true,""view_frontal"":false,""view_perspective"":false,""view_side"":true,""view_top"":false}}]"
"3JMNNNO3CTI22EFS1UH6JZBIOAW2WG","3BHRGUFAI0A6J7Y48A1RI398KZYCSF","Categorize images based on object's view.","Review 10 animal’s line-arts and judge if it has same or different views. Identify view for each tactile. (10 pairs)","tactile, image review, accessibility, animals","$0.05","Tue Mar 03 20:32:22 PST 2026","7","BatchId:5376447;OriginalHitTemplateId:928390873;","3600","2592000","Mon Mar 23 21:32:22 PDT 2026","","","3SPJ03343UH8JZ6TDIANRXE8TQOYJD","A1MYCZT6OX9G20","Submitted","Tue Mar 03 20:38:02 PST 2026","Tue Mar 03 21:06:35 PST 2026","Thu Apr 02 22:06:35 PDT 2026","","","","1713","100% (9/9)","0% (0/0)","0% (0/0)","Fox","https://f1qv-main-data.s3.us-east-1.amazonaws.com/amt/main_task_F1QV/Fox/Natural/Fox_2.jpg","https://f1qv-main-data.s3.us-east-1.amazonaws.com/amt/main_task_F1QV/Fox/Tactile/2.jpg","","Dinosaur","https://f1qv-main-data.s3.us-east-1.amazonaws.com/amt/main_task_F1QV/Dinosaur/Natural/20_Dinosaur.jpeg","https://f1qv-main-data.s3.us-east-1.amazonaws.com/amt/main_task_F1QV/Dinosaur/Tactile/20.jpg","","Bat","https://f1qv-main-data.s3.us-east-1.amazonaws.com/amt/main_task_F1QV/Bat/Natural/7_3.jpg","https://f1qv-main-data.s3.us-east-1.amazonaws.com/amt/main_task_F1QV/Bat/Tactile/7.jpeg","","Horse","https://f1qv-main-data.s3.us-east-1.amazonaws.com/amt/main_task_F1QV/Horse/Natural/13_Horse.jpeg","https://f1qv-main-data.s3.us-east-1.amazonaws.com/amt/main_task_F1QV/Horse/Tactile/13.jpg","","Bird","https://f1qv-main-data.s3.us-east-1.amazonaws.com/amt/main_task_F1QV/Bird/Natural/19_Bird.jpg","https://f1qv-main-data.s3.us-east-1.amazonaws.com/amt/main_task_F1QV/Bird/Tactile/19.jpg","","Bat","https://f1qv-main-data.s3.us-east-1.amazonaws.com/amt/main_task_F1QV/Bat/Natural/8_2.jpg","https://f1qv-main-data.s3.us-east-1.amazonaws.com/amt/main_task_F1QV/Bat/Tactile/8.jpeg","","Cat","https://f1qv-main-data.s3.us-east-1.amazonaws.com/amt/main_task_F1QV/Cat/Natural/cat_18.jpg","https://f1qv-main-data.s3.us-east-1.amazonaws.com/amt/main_task_F1QV/Cat/Tactile/18.jpg","","Giraffe","https://f1qv-main-data.s3.us-east-1.amazonaws.com/amt/main_task_F1QV/Giraffe/Natural/11_Giraffe.jpg","https://f1qv-main-data.s3.us-east-1.amazonaws.com/amt/main_task_F1QV/Giraffe/Tactile/11.jpeg","","Horse","https://f1qv-main-data.s3.us-east-1.amazonaws.com/amt/main_task_F1QV/Horse/Natural/1_Horse.jpeg","https://f1qv-main-data.s3.us-east-1.amazonaws.com/amt/main_task_F1QV/Horse/Tactile/1.jpg","","Fish","https://f1qv-main-data.s3.us-east-1.amazonaws.com/amt/main_task_F1QV/Fish/Natural/18_fish.png","https://f1qv-main-data.s3.us-east-1.amazonaws.com/amt/main_task_F1QV/Fish/Tactile/18.jpg","","[{""question1"":{""angle_match"":true,""view_frontal"":false,""view_perspective"":true,""view_side"":false,""view_top"":false},""question10"":{""angle_match"":true,""view_frontal"":false,""view_perspective"":false,""view_side"":true,""view_top"":false},""question2"":{""angle_match"":true,""view_frontal"":false,""view_perspective"":false,""view_side"":true,""view_top"":false},""question3"":{""angle_match"":true,""view_frontal"":true,""view_perspective"":false,""view_side"":false,""view_top"":false},""question4"":{""angle_match"":true,""view_frontal"":false,""view_perspective"":false,""view_side"":true,""view_top"":false},""question5"":{""angle_match"":true,""view_frontal"":false,""view_perspective"":false,""view_side"":true,""view_top"":false},""question6"":{""angle_match"":true,""view_frontal"":true,""view_perspective"":false,""view_side"":false,""view_top"":false},""question7"":{""angle_match"":true,""view_frontal"":false,""view_perspective"":false,""view_side"":true,""view_top"":false},""question8"":{""angle_match"":true,""view_frontal"":false,""view_perspective"":false,""view_side"":true,""view_top"":false},""question9"":{""angle_match"":true,""view_frontal"":false,""view_perspective"":false,""view_side"":true,""view_top"":false}}]"
"3JMNNNO3CTI22EFS1UH6JZBIOAW2WG","3BHRGUFAI0A6J7Y48A1RI398KZYCSF","Categorize images based on object's view.","Review 10 animal’s line-arts and judge if it has same or different views. Identify view for each tactile. (10 pairs)","tactile, image review, accessibility, animals","$0.05","Tue Mar 03 20:32:22 PST 2026","7","BatchId:5376447;OriginalHitTemplateId:928390873;","3600","2592000","Mon Mar 23 21:32:22 PDT 2026","","","3RWE2M8QXAO75U1TK8R6SC15QYJN0C","AWGGLWWAXQGN0","Submitted","Tue Mar 03 20:44:11 PST 2026","Tue Mar 03 21:08:50 PST 2026","Thu Apr 02 22:08:50 PDT 2026","","","","1479","100% (2/2)","100% (2/2)","0% (0/0)","Fox","https://f1qv-main-data.s3.us-east-1.amazonaws.com/amt/main_task_F1QV/Fox/Natural/Fox_2.jpg","https://f1qv-main-data.s3.us-east-1.amazonaws.com/amt/main_task_F1QV/Fox/Tactile/2.jpg","","Dinosaur","https://f1qv-main-data.s3.us-east-1.amazonaws.com/amt/main_task_F1QV/Dinosaur/Natural/20_Dinosaur.jpeg","https://f1qv-main-data.s3.us-east-1.amazonaws.com/amt/main_task_F1QV/Dinosaur/Tactile/20.jpg","","Bat","https://f1qv-main-data.s3.us-east-1.amazonaws.com/amt/main_task_F1QV/Bat/Natural/7_3.jpg","https://f1qv-main-data.s3.us-east-1.amazonaws.com/amt/main_task_F1QV/Bat/Tactile/7.jpeg","","Horse","https://f1qv-main-data.s3.us-east-1.amazonaws.com/amt/main_task_F1QV/Horse/Natural/13_Horse.jpeg","https://f1qv-main-data.s3.us-east-1.amazonaws.com/amt/main_task_F1QV/Horse/Tactile/13.jpg","","Bird","https://f1qv-main-data.s3.us-east-1.amazonaws.com/amt/main_task_F1QV/Bird/Natural/19_Bird.jpg","https://f1qv-main-data.s3.us-east-1.amazonaws.com/amt/main_task_F1QV/Bird/Tactile/19.jpg","","Bat","https://f1qv-main-data.s3.us-east-1.amazonaws.com/amt/main_task_F1QV/Bat/Natural/8_2.jpg","https://f1qv-main-data.s3.us-east-1.amazonaws.com/amt/main_task_F1QV/Bat/Tactile/8.jpeg","","Cat","https://f1qv-main-data.s3.us-east-1.amazonaws.com/amt/main_task_F1QV/Cat/Natural/cat_18.jpg","https://f1qv-main-data.s3.us-east-1.amazonaws.com/amt/main_task_F1QV/Cat/Tactile/18.jpg","","Giraffe","https://f1qv-main-data.s3.us-east-1.amazonaws.com/amt/main_task_F1QV/Giraffe/Natural/11_Giraffe.jpg","https://f1qv-main-data.s3.us-east-1.amazonaws.com/amt/main_task_F1QV/Giraffe/Tactile/11.jpeg","","Horse","https://f1qv-main-data.s3.us-east-1.amazonaws.com/amt/main_task_F1QV/Horse/Natural/1_Horse.jpeg","https://f1qv-main-data.s3.us-east-1.amazonaws.com/amt/main_task_F1QV/Horse/Tactile/1.jpg","","Fish","https://f1qv-main-data.s3.us-east-1.amazonaws.com/amt/main_task_F1QV/Fish/Natural/18_fish.png","https://f1qv-main-data.s3.us-east-1.amazonaws.com/amt/main_task_F1QV/Fish/Tactile/18.jpg","","[{""question1"":{""angle_match"":true,""view_frontal"":true,""view_perspective"":false,""view_side"":false,""view_top"":false},""question10"":{""angle_match"":true,""view_frontal"":false,""view_perspective"":false,""view_side"":true,""view_top"":false},""question2"":{""angle_match"":true,""view_frontal"":false,""view_perspective"":false,""view_side"":true,""view_top"":false},""question3"":{""angle_match"":true,""view_frontal"":true,""view_perspective"":false,""view_side"":false,""view_top"":false},""question4"":{""angle_match"":true,""view_frontal"":false,""view_perspective"":false,""view_side"":true,""view_top"":false},""question5"":{""angle_match"":true,""view_frontal"":false,""view_perspective"":false,""view_side"":true,""view_top"":false},""question6"":{""angle_match"":true,""view_frontal"":true,""view_perspective"":false,""view_side"":false,""view_top"":false},""question7"":{""angle_match"":true,""view_frontal"":true,""view_perspective"":false,""view_side"":false,""view_top"":false},""question8"":{""angle_match"":true,""view_frontal"":false,""view_perspective"":false,""view_side"":true,""view_top"":false},""question9"":{""angle_match"":true,""view_frontal"":true,""view_perspective"":false,""view_side"":false,""view_top"":false}}]"
"3JMNNNO3CTI22EFS1UH6JZBIOAW2WG","3BHRGUFAI0A6J7Y48A1RI398KZYCSF","Categorize images based on object's view.","Review 10 animal’s line-arts and judge if it has same or different views. Identify view for each tactile. (10 pairs)","tactile, image review, accessibility, animals","$0.05","Tue Mar 03 20:32:22 PST 2026","7","BatchId:5376447;OriginalHitTemplateId:928390873;","3600","2592000","Mon Mar 23 21:32:22 PDT 2026","","","39N5ACM9I71P491J0JNRPC7TTHFP9N","A2V3XARMPINRM8","Submitted","Tue Mar 03 20:45:10 PST 2026","Tue Mar 03 21:27:49 PST 2026","Thu Apr 02 22:27:49 PDT 2026","","","","2559","100% (1/1)","100% (1/1)","100% (1/1)","Fox","https://f1qv-main-data.s3.us-east-1.amazonaws.com/amt/main_task_F1QV/Fox/Natural/Fox_2.jpg","https://f1qv-main-data.s3.us-east-1.amazonaws.com/amt/main_task_F1QV/Fox/Tactile/2.jpg","","Dinosaur","https://f1qv-main-data.s3.us-east-1.amazonaws.com/amt/main_task_F1QV/Dinosaur/Natural/20_Dinosaur.jpeg","https://f1qv-main-data.s3.us-east-1.amazonaws.com/amt/main_task_F1QV/Dinosaur/Tactile/20.jpg","","Bat","https://f1qv-main-data.s3.us-east-1.amazonaws.com/amt/main_task_F1QV/Bat/Natural/7_3.jpg","https://f1qv-main-data.s3.us-east-1.amazonaws.com/amt/main_task_F1QV/Bat/Tactile/7.jpeg","","Horse","https://f1qv-main-data.s3.us-east-1.amazonaws.com/amt/main_task_F1QV/Horse/Natural/13_Horse.jpeg","https://f1qv-main-data.s3.us-east-1.amazonaws.com/amt/main_task_F1QV/Horse/Tactile/13.jpg","","Bird","https://f1qv-main-data.s3.us-east-1.amazonaws.com/amt/main_task_F1QV/Bird/Natural/19_Bird.jpg","https://f1qv-main-data.s3.us-east-1.amazonaws.com/amt/main_task_F1QV/Bird/Tactile/19.jpg","","Bat","https://f1qv-main-data.s3.us-east-1.amazonaws.com/amt/main_task_F1QV/Bat/Natural/8_2.jpg","https://f1qv-main-data.s3.us-east-1.amazonaws.com/amt/main_task_F1QV/Bat/Tactile/8.jpeg","","Cat","https://f1qv-main-data.s3.us-east-1.amazonaws.com/amt/main_task_F1QV/Cat/Natural/cat_18.jpg","https://f1qv-main-data.s3.us-east-1.amazonaws.com/amt/main_task_F1QV/Cat/Tactile/18.jpg","","Giraffe","https://f1qv-main-data.s3.us-east-1.amazonaws.com/amt/main_task_F1QV/Giraffe/Natural/11_Giraffe.jpg","https://f1qv-main-data.s3.us-east-1.amazonaws.com/amt/main_task_F1QV/Giraffe/Tactile/11.jpeg","","Horse","https://f1qv-main-data.s3.us-east-1.amazonaws.com/amt/main_task_F1QV/Horse/Natural/1_Horse.jpeg","https://f1qv-main-data.s3.us-east-1.amazonaws.com/amt/main_task_F1QV/Horse/Tactile/1.jpg","","Fish","https://f1qv-main-data.s3.us-east-1.amazonaws.com/amt/main_task_F1QV/Fish/Natural/18_fish.png","https://f1qv-main-data.s3.us-east-1.amazonaws.com/amt/main_task_F1QV/Fish/Tactile/18.jpg","","[{""question1"":{""angle_match"":true,""view_frontal"":true,""view_perspective"":false,""view_side"":false,""view_top"":false},""question10"":{""angle_match"":true,""view_frontal"":false,""view_perspective"":false,""view_side"":true,""view_top"":false},""question2"":{""angle_match"":true,""view_frontal"":false,""view_perspective"":false,""view_side"":true,""view_top"":false},""question3"":{""angle_match"":true,""view_frontal"":true,""view_perspective"":false,""view_side"":false,""view_top"":false},""question4"":{""angle_match"":true,""view_frontal"":false,""view_perspective"":false,""view_side"":true,""view_top"":false},""question5"":{""angle_match"":true,""view_frontal"":false,""view_perspective"":false,""view_side"":true,""view_top"":false},""question6"":{""angle_match"":true,""view_frontal"":true,""view_perspective"":false,""view_side"":false,""view_top"":false},""question7"":{""angle_match"":true,""view_frontal"":false,""view_perspective"":false,""view_side"":true,""view_top"":false},""question8"":{""angle_match"":true,""view_frontal"":false,""view_perspective"":false,""view_side"":true,""view_top"":false},""question9"":{""angle_match"":true,""view_frontal"":false,""view_perspective"":false,""view_side"":true,""view_top"":false}}]"
"3JMNNNO3CTI22EFS1UH6JZBIOAW2WG","3BHRGUFAI0A6J7Y48A1RI398KZYCSF","Categorize images based on object's view.","Review 10 animal’s line-arts and judge if it has same or different views. Identify view for each tactile. (10 pairs)","tactile, image review, accessibility, animals","$0.05","Tue Mar 03 20:32:22 PST 2026","7","BatchId:5376447;OriginalHitTemplateId:928390873;","3600","2592000","Mon Mar 23 21:32:22 PDT 2026","","","31T4R4OBPLU2W14MGH31RGHGZ78C7E","A22YCS3UW15WOO","Submitted","Tue Mar 03 20:40:05 PST 2026","Tue Mar 03 21:38:29 PST 2026","Thu Apr 02 22:38:29 PDT 2026","","","","3504","100% (60/60)","100% (12/12)","0% (0/0)","Fox","https://f1qv-main-data.s3.us-east-1.amazonaws.com/amt/main_task_F1QV/Fox/Natural/Fox_2.jpg","https://f1qv-main-data.s3.us-east-1.amazonaws.com/amt/main_task_F1QV/Fox/Tactile/2.jpg","","Dinosaur","https://f1qv-main-data.s3.us-east-1.amazonaws.com/amt/main_task_F1QV/Dinosaur/Natural/20_Dinosaur.jpeg","https://f1qv-main-data.s3.us-east-1.amazonaws.com/amt/main_task_F1QV/Dinosaur/Tactile/20.jpg","","Bat","https://f1qv-main-data.s3.us-east-1.amazonaws.com/amt/main_task_F1QV/Bat/Natural/7_3.jpg","https://f1qv-main-data.s3.us-east-1.amazonaws.com/amt/main_task_F1QV/Bat/Tactile/7.jpeg","","Horse","https://f1qv-main-data.s3.us-east-1.amazonaws.com/amt/main_task_F1QV/Horse/Natural/13_Horse.jpeg","https://f1qv-main-data.s3.us-east-1.amazonaws.com/amt/main_task_F1QV/Horse/Tactile/13.jpg","","Bird","https://f1qv-main-data.s3.us-east-1.amazonaws.com/amt/main_task_F1QV/Bird/Natural/19_Bird.jpg","https://f1qv-main-data.s3.us-east-1.amazonaws.com/amt/main_task_F1QV/Bird/Tactile/19.jpg","","Bat","https://f1qv-main-data.s3.us-east-1.amazonaws.com/amt/main_task_F1QV/Bat/Natural/8_2.jpg","https://f1qv-main-data.s3.us-east-1.amazonaws.com/amt/main_task_F1QV/Bat/Tactile/8.jpeg","","Cat","https://f1qv-main-data.s3.us-east-1.amazonaws.com/amt/main_task_F1QV/Cat/Natural/cat_18.jpg","https://f1qv-main-data.s3.us-east-1.amazonaws.com/amt/main_task_F1QV/Cat/Tactile/18.jpg","","Giraffe","https://f1qv-main-data.s3.us-east-1.amazonaws.com/amt/main_task_F1QV/Giraffe/Natural/11_Giraffe.jpg","https://f1qv-main-data.s3.us-east-1.amazonaws.com/amt/main_task_F1QV/Giraffe/Tactile/11.jpeg","","Horse","https://f1qv-main-data.s3.us-east-1.amazonaws.com/amt/main_task_F1QV/Horse/Natural/1_Horse.jpeg","https://f1qv-main-data.s3.us-east-1.amazonaws.com/amt/main_task_F1QV/Horse/Tactile/1.jpg","","Fish","https://f1qv-main-data.s3.us-east-1.amazonaws.com/amt/main_task_F1QV/Fish/Natural/18_fish.png","https://f1qv-main-data.s3.us-east-1.amazonaws.com/amt/main_task_F1QV/Fish/Tactile/18.jpg","","[{""question1"":{""angle_match"":true,""view_frontal"":true,""view_perspective"":false,""view_side"":false,""view_top"":false},""question10"":{""angle_match"":true,""view_frontal"":false,""view_perspective"":false,""view_side"":true,""view_top"":false},""question2"":{""angle_match"":true,""view_frontal"":true,""view_perspective"":false,""view_side"":false,""view_top"":false},""question3"":{""angle_match"":true,""view_frontal"":true,""view_perspective"":false,""view_side"":false,""view_top"":false},""question4"":{""angle_match"":true,""view_frontal"":false,""view_perspective"":false,""view_side"":true,""view_top"":false},""question5"":{""angle_match"":true,""view_frontal"":false,""view_perspective"":true,""view_side"":false,""view_top"":false},""question6"":{""angle_match"":true,""view_frontal"":true,""view_perspective"":false,""view_side"":false,""view_top"":false},""question7"":{""angle_match"":true,""view_frontal"":false,""view_perspective"":false,""view_side"":true,""view_top"":false},""question8"":{""angle_match"":true,""view_frontal"":false,""view_perspective"":true,""view_side"":false,""view_top"":false},""question9"":{""angle_match"":true,""view_frontal"":false,""view_perspective"":false,""view_side"":true,""view_top"":false}}]"
"3ZG552ORBEIPNPFNBKCAXXS4H1U2V6","3BHRGUFAI0A6J7Y48A1RI398KZYCSF","Categorize images based on object's view.","Review 10 animal’s line-arts and judge if it has same or different views. Identify view for each tactile. (10 pairs)","tactile, image review, accessibility, animals","$0.05","Tue Mar 03 20:32:22 PST 2026","7","BatchId:5376447;OriginalHitTemplateId:928390873;","3600","2592000","Mon Mar 23 21:32:22 PDT 2026","","","33NF62TLYCGDZUHC939WIPZXVBGJK4","A3OLY20VMA8SPJ","Submitted","Tue Mar 03 20:39:05 PST 2026","Tue Mar 03 20:47:59 PST 2026","Thu Apr 02 21:47:59 PDT 2026","","","","534","100% (15/15)","100% (15/15)","0% (0/0)","Penguin","https://f1qv-main-data.s3.us-east-1.amazonaws.com/amt/main_task_F1QV/Penguin/Natural/3.jpg","https://f1qv-main-data.s3.us-east-1.amazonaws.com/amt/main_task_F1QV/Penguin/Tactile/3.jpeg","","Giraffe","https://f1qv-main-data.s3.us-east-1.amazonaws.com/amt/main_task_F1QV/Giraffe/Natural/8_Giraffe(2).jpg","https://f1qv-main-data.s3.us-east-1.amazonaws.com/amt/main_task_F1QV/Giraffe/Tactile/8.jpeg","","Fish","https://f1qv-main-data.s3.us-east-1.amazonaws.com/amt/main_task_F1QV/Fish/Natural/2_fish.png","https://f1qv-main-data.s3.us-east-1.amazonaws.com/amt/main_task_F1QV/Fish/Tactile/2.jpg","","Jellyfish","https://f1qv-main-data.s3.us-east-1.amazonaws.com/amt/main_task_F1QV/Jellyfish/Natural/2_2.jpg","https://f1qv-main-data.s3.us-east-1.amazonaws.com/amt/main_task_F1QV/Jellyfish/Tactile/2.jpg","","Bee","https://f1qv-main-data.s3.us-east-1.amazonaws.com/amt/main_task_F1QV/Bee/Natural/Bee_8.jpg","https://f1qv-main-data.s3.us-east-1.amazonaws.com/amt/main_task_F1QV/Bee/Tactile/8.jpg","","Dog","https://f1qv-main-data.s3.us-east-1.amazonaws.com/amt/main_task_F1QV/Dog/Natural/20_Dog.jpg","https://f1qv-main-data.s3.us-east-1.amazonaws.com/amt/main_task_F1QV/Dog/Tactile/20.jpg","","Jellyfish","https://f1qv-main-data.s3.us-east-1.amazonaws.com/amt/main_task_F1QV/Jellyfish/Natural/5.jpg","https://f1qv-main-data.s3.us-east-1.amazonaws.com/amt/main_task_F1QV/Jellyfish/Tactile/5.jpg","","Duck","https://f1qv-main-data.s3.us-east-1.amazonaws.com/amt/main_task_F1QV/Duck/Natural/10_Duck.jpg","https://f1qv-main-data.s3.us-east-1.amazonaws.com/amt/main_task_F1QV/Duck/Tactile/10.jpg","","Llama","https://f1qv-main-data.s3.us-east-1.amazonaws.com/amt/main_task_F1QV/Llama/Natural/2.jpg","https://f1qv-main-data.s3.us-east-1.amazonaws.com/amt/main_task_F1QV/Llama/Tactile/2.png","","Cat","https://f1qv-main-data.s3.us-east-1.amazonaws.com/amt/main_task_F1QV/Cat/Natural/cat_14.jpeg","https://f1qv-main-data.s3.us-east-1.amazonaws.com/amt/main_task_F1QV/Cat/Tactile/14.jpg","","[{""question1"":{""angle_match"":true,""view_frontal"":false,""view_perspective"":false,""view_side"":false,""view_top"":true},""question10"":{""angle_match"":true,""view_frontal"":false,""view_perspective"":false,""view_side"":false,""view_top"":true},""question2"":{""angle_match"":true,""view_frontal"":false,""view_perspective"":false,""view_side"":true,""view_top"":false},""question3"":{""angle_match"":true,""view_frontal"":false,""view_perspective"":false,""view_side"":true,""view_top"":false},""question4"":{""angle_match"":true,""view_frontal"":true,""view_perspective"":false,""view_side"":false,""view_top"":false},""question5"":{""angle_match"":true,""view_frontal"":false,""view_perspective"":false,""view_side"":true,""view_top"":false},""question6"":{""angle_match"":true,""view_frontal"":false,""view_perspective"":false,""view_side"":false,""view_top"":true},""question7"":{""angle_match"":true,""view_frontal"":true,""view_perspective"":false,""view_side"":false,""view_top"":false},""question8"":{""angle_match"":true,""view_frontal"":false,""view_perspective"":false,""view_side"":true,""view_top"":false},""question9"":{""angle_match"":true,""view_frontal"":false,""view_perspective"":false,""view_side"":false,""view_top"":true}}]"
"3ZG552ORBEIPNPFNBKCAXXS4H1U2V6","3BHRGUFAI0A6J7Y48A1RI398KZYCSF","Categorize images based on object's view.","Review 10 animal’s line-arts and judge if it has same or different views. Identify view for each tactile. (10 pairs)","tactile, image review, accessibility, animals","$0.05","Tue Mar 03 20:32:22 PST 2026","7","BatchId:5376447;OriginalHitTemplateId:928390873;","3600","2592000","Mon Mar 23 21:32:22 PDT 2026","","","33F859I57ZRGFLISFQTI790SVQ8BHE","A28GJANLU1IV3X","Submitted","Tue Mar 03 20:44:59 PST 2026","Tue Mar 03 20:51:07 PST 2026","Thu Apr 02 21:51:07 PDT 2026","","","","368","100% (8/8)","0% (0/0)","0% (0/0)","Penguin","https://f1qv-main-data.s3.us-east-1.amazonaws.com/amt/main_task_F1QV/Penguin/Natural/3.jpg","https://f1qv-main-data.s3.us-east-1.amazonaws.com/amt/main_task_F1QV/Penguin/Tactile/3.jpeg","","Giraffe","https://f1qv-main-data.s3.us-east-1.amazonaws.com/amt/main_task_F1QV/Giraffe/Natural/8_Giraffe(2).jpg","https://f1qv-main-data.s3.us-east-1.amazonaws.com/amt/main_task_F1QV/Giraffe/Tactile/8.jpeg","","Fish","https://f1qv-main-data.s3.us-east-1.amazonaws.com/amt/main_task_F1QV/Fish/Natural/2_fish.png","https://f1qv-main-data.s3.us-east-1.amazonaws.com/amt/main_task_F1QV/Fish/Tactile/2.jpg","","Jellyfish","https://f1qv-main-data.s3.us-east-1.amazonaws.com/amt/main_task_F1QV/Jellyfish/Natural/2_2.jpg","https://f1qv-main-data.s3.us-east-1.amazonaws.com/amt/main_task_F1QV/Jellyfish/Tactile/2.jpg","","Bee","https://f1qv-main-data.s3.us-east-1.amazonaws.com/amt/main_task_F1QV/Bee/Natural/Bee_8.jpg","https://f1qv-main-data.s3.us-east-1.amazonaws.com/amt/main_task_F1QV/Bee/Tactile/8.jpg","","Dog","https://f1qv-main-data.s3.us-east-1.amazonaws.com/amt/main_task_F1QV/Dog/Natural/20_Dog.jpg","https://f1qv-main-data.s3.us-east-1.amazonaws.com/amt/main_task_F1QV/Dog/Tactile/20.jpg","","Jellyfish","https://f1qv-main-data.s3.us-east-1.amazonaws.com/amt/main_task_F1QV/Jellyfish/Natural/5.jpg","https://f1qv-main-data.s3.us-east-1.amazonaws.com/amt/main_task_F1QV/Jellyfish/Tactile/5.jpg","","Duck","https://f1qv-main-data.s3.us-east-1.amazonaws.com/amt/main_task_F1QV/Duck/Natural/10_Duck.jpg","https://f1qv-main-data.s3.us-east-1.amazonaws.com/amt/main_task_F1QV/Duck/Tactile/10.jpg","","Llama","https://f1qv-main-data.s3.us-east-1.amazonaws.com/amt/main_task_F1QV/Llama/Natural/2.jpg","https://f1qv-main-data.s3.us-east-1.amazonaws.com/amt/main_task_F1QV/Llama/Tactile/2.png","","Cat","https://f1qv-main-data.s3.us-east-1.amazonaws.com/amt/main_task_F1QV/Cat/Natural/cat_14.jpeg","https://f1qv-main-data.s3.us-east-1.amazonaws.com/amt/main_task_F1QV/Cat/Tactile/14.jpg","","[{""question1"":{""angle_match"":true,""view_frontal"":true,""view_perspective"":false,""view_side"":false,""view_top"":false},""question10"":{""angle_match"":true,""view_frontal"":true,""view_perspective"":false,""view_side"":false,""view_top"":false},""question2"":{""angle_match"":true,""view_frontal"":false,""view_perspective"":false,""view_side"":true,""view_top"":false},""question3"":{""angle_match"":true,""view_frontal"":false,""view_perspective"":false,""view_side"":true,""view_top"":false},""question4"":{""angle_match"":true,""view_frontal"":false,""view_perspective"":false,""view_side"":true,""view_top"":false},""question5"":{""angle_match"":true,""view_frontal"":false,""view_perspective"":false,""view_side"":true,""view_top"":false},""question6"":{""angle_match"":true,""view_frontal"":true,""view_perspective"":false,""view_side"":false,""view_top"":false},""question7"":{""angle_match"":true,""view_frontal"":false,""view_perspective"":false,""view_side"":true,""view_top"":false},""question8"":{""angle_match"":true,""view_frontal"":true,""view_perspective"":false,""view_side"":false,""view_top"":false},""question9"":{""angle_match"":true,""view_frontal"":true,""view_perspective"":false,""view_side"":false,""view_top"":false}}]"
"3ZG552ORBEIPNPFNBKCAXXS4H1U2V6","3BHRGUFAI0A6J7Y48A1RI398KZYCSF","Categorize images based on object's view.","Review 10 animal’s line-arts and judge if it has same or different views. Identify view for each tactile. (10 pairs)","tactile, image review, accessibility, animals","$0.05","Tue Mar 03 20:32:22 PST 2026","7","BatchId:5376447;OriginalHitTemplateId:928390873;","3600","2592000","Mon Mar 23 21:32:22 PDT 2026","","","3KKG4CDWLBC3FGF02ZV3MEWY2KF495","A1MYCZT6OX9G20","Submitted","Tue Mar 03 20:39:45 PST 2026","Tue Mar 03 21:13:20 PST 2026","Thu Apr 02 22:13:20 PDT 2026","","","","2015","100% (9/9)","0% (0/0)","0% (0/0)","Penguin","https://f1qv-main-data.s3.us-east-1.amazonaws.com/amt/main_task_F1QV/Penguin/Natural/3.jpg","https://f1qv-main-data.s3.us-east-1.amazonaws.com/amt/main_task_F1QV/Penguin/Tactile/3.jpeg","","Giraffe","https://f1qv-main-data.s3.us-east-1.amazonaws.com/amt/main_task_F1QV/Giraffe/Natural/8_Giraffe(2).jpg","https://f1qv-main-data.s3.us-east-1.amazonaws.com/amt/main_task_F1QV/Giraffe/Tactile/8.jpeg","","Fish","https://f1qv-main-data.s3.us-east-1.amazonaws.com/amt/main_task_F1QV/Fish/Natural/2_fish.png","https://f1qv-main-data.s3.us-east-1.amazonaws.com/amt/main_task_F1QV/Fish/Tactile/2.jpg","","Jellyfish","https://f1qv-main-data.s3.us-east-1.amazonaws.com/amt/main_task_F1QV/Jellyfish/Natural/2_2.jpg","https://f1qv-main-data.s3.us-east-1.amazonaws.com/amt/main_task_F1QV/Jellyfish/Tactile/2.jpg","","Bee","https://f1qv-main-data.s3.us-east-1.amazonaws.com/amt/main_task_F1QV/Bee/Natural/Bee_8.jpg","https://f1qv-main-data.s3.us-east-1.amazonaws.com/amt/main_task_F1QV/Bee/Tactile/8.jpg","","Dog","https://f1qv-main-data.s3.us-east-1.amazonaws.com/amt/main_task_F1QV/Dog/Natural/20_Dog.jpg","https://f1qv-main-data.s3.us-east-1.amazonaws.com/amt/main_task_F1QV/Dog/Tactile/20.jpg","","Jellyfish","https://f1qv-main-data.s3.us-east-1.amazonaws.com/amt/main_task_F1QV/Jellyfish/Natural/5.jpg","https://f1qv-main-data.s3.us-east-1.amazonaws.com/amt/main_task_F1QV/Jellyfish/Tactile/5.jpg","","Duck","https://f1qv-main-data.s3.us-east-1.amazonaws.com/amt/main_task_F1QV/Duck/Natural/10_Duck.jpg","https://f1qv-main-data.s3.us-east-1.amazonaws.com/amt/main_task_F1QV/Duck/Tactile/10.jpg","","Llama","https://f1qv-main-data.s3.us-east-1.amazonaws.com/amt/main_task_F1QV/Llama/Natural/2.jpg","https://f1qv-main-data.s3.us-east-1.amazonaws.com/amt/main_task_F1QV/Llama/Tactile/2.png","","Cat","https://f1qv-main-data.s3.us-east-1.amazonaws.com/amt/main_task_F1QV/Cat/Natural/cat_14.jpeg","https://f1qv-main-data.s3.us-east-1.amazonaws.com/amt/main_task_F1QV/Cat/Tactile/14.jpg","","[{""question1"":{""angle_match"":true,""view_frontal"":true,""view_perspective"":false,""view_side"":false,""view_top"":false},""question10"":{""angle_match"":true,""view_frontal"":false,""view_perspective"":true,""view_side"":false,""view_top"":false},""question2"":{""angle_match"":true,""view_frontal"":false,""view_perspective"":false,""view_side"":true,""view_top"":false},""question3"":{""angle_match"":true,""view_frontal"":false,""view_perspective"":false,""view_side"":true,""view_top"":false},""question4"":{""angle_match"":true,""view_frontal"":true,""view_perspective"":false,""view_side"":false,""view_top"":false},""question5"":{""angle_match"":true,""view_frontal"":false,""view_perspective"":true,""view_side"":false,""view_top"":false},""question6"":{""angle_match"":true,""view_frontal"":false,""view_perspective"":false,""view_side"":true,""view_top"":false},""question7"":{""angle_match"":true,""view_frontal"":true,""view_perspective"":false,""view_side"":false,""view_top"":false},""question8"":{""angle_match"":true,""view_frontal"":false,""view_perspective"":false,""view_side"":true,""view_top"":false},""question9"":{""angle_match"":true,""view_frontal"":true,""view_perspective"":false,""view_side"":false,""view_top"":false}}]"
"3ZG552ORBEIPNPFNBKCAXXS4H1U2V6","3BHRGUFAI0A6J7Y48A1RI398KZYCSF","Categorize images based on object's view.","Review 10 animal’s line-arts and judge if it has same or different views. Identify view for each tactile. (10 pairs)","tactile, image review, accessibility, animals","$0.05","Tue Mar 03 20:32:22 PST 2026","7","BatchId:5376447;OriginalHitTemplateId:928390873;","3600","2592000","Mon Mar 23 21:32:22 PDT 2026","","","3PXX5PX6MQC15YAE9KJQQNDOIUDABV","ALJH5865ISWT1","Submitted","Tue Mar 03 20:38:53 PST 2026","Tue Mar 03 21:29:12 PST 2026","Thu Apr 02 22:29:12 PDT 2026","","","","3019","100% (2/2)","100% (2/2)","0% (0/0)","Penguin","https://f1qv-main-data.s3.us-east-1.amazonaws.com/amt/main_task_F1QV/Penguin/Natural/3.jpg","https://f1qv-main-data.s3.us-east-1.amazonaws.com/amt/main_task_F1QV/Penguin/Tactile/3.jpeg","","Giraffe","https://f1qv-main-data.s3.us-east-1.amazonaws.com/amt/main_task_F1QV/Giraffe/Natural/8_Giraffe(2).jpg","https://f1qv-main-data.s3.us-east-1.amazonaws.com/amt/main_task_F1QV/Giraffe/Tactile/8.jpeg","","Fish","https://f1qv-main-data.s3.us-east-1.amazonaws.com/amt/main_task_F1QV/Fish/Natural/2_fish.png","https://f1qv-main-data.s3.us-east-1.amazonaws.com/amt/main_task_F1QV/Fish/Tactile/2.jpg","","Jellyfish","https://f1qv-main-data.s3.us-east-1.amazonaws.com/amt/main_task_F1QV/Jellyfish/Natural/2_2.jpg","https://f1qv-main-data.s3.us-east-1.amazonaws.com/amt/main_task_F1QV/Jellyfish/Tactile/2.jpg","","Bee","https://f1qv-main-data.s3.us-east-1.amazonaws.com/amt/main_task_F1QV/Bee/Natural/Bee_8.jpg","https://f1qv-main-data.s3.us-east-1.amazonaws.com/amt/main_task_F1QV/Bee/Tactile/8.jpg","","Dog","https://f1qv-main-data.s3.us-east-1.amazonaws.com/amt/main_task_F1QV/Dog/Natural/20_Dog.jpg","https://f1qv-main-data.s3.us-east-1.amazonaws.com/amt/main_task_F1QV/Dog/Tactile/20.jpg","","Jellyfish","https://f1qv-main-data.s3.us-east-1.amazonaws.com/amt/main_task_F1QV/Jellyfish/Natural/5.jpg","https://f1qv-main-data.s3.us-east-1.amazonaws.com/amt/main_task_F1QV/Jellyfish/Tactile/5.jpg","","Duck","https://f1qv-main-data.s3.us-east-1.amazonaws.com/amt/main_task_F1QV/Duck/Natural/10_Duck.jpg","https://f1qv-main-data.s3.us-east-1.amazonaws.com/amt/main_task_F1QV/Duck/Tactile/10.jpg","","Llama","https://f1qv-main-data.s3.us-east-1.amazonaws.com/amt/main_task_F1QV/Llama/Natural/2.jpg","https://f1qv-main-data.s3.us-east-1.amazonaws.com/amt/main_task_F1QV/Llama/Tactile/2.png","","Cat","https://f1qv-main-data.s3.us-east-1.amazonaws.com/amt/main_task_F1QV/Cat/Natural/cat_14.jpeg","https://f1qv-main-data.s3.us-east-1.amazonaws.com/amt/main_task_F1QV/Cat/Tactile/14.jpg","","[{""question1"":{""angle_match"":true,""view_frontal"":true,""view_perspective"":false,""view_side"":false,""view_top"":false},""question10"":{""angle_match"":true,""view_frontal"":false,""view_perspective"":false,""view_side"":false,""view_top"":true},""question2"":{""angle_match"":true,""view_frontal"":false,""view_perspective"":false,""view_side"":true,""view_top"":false},""question3"":{""angle_match"":true,""view_frontal"":false,""view_perspective"":false,""view_side"":true,""view_top"":false},""question4"":{""angle_match"":true,""view_frontal"":true,""view_perspective"":false,""view_side"":false,""view_top"":false},""question5"":{""angle_match"":true,""view_frontal"":false,""view_perspective"":false,""view_side"":true,""view_top"":false},""question6"":{""angle_match"":true,""view_frontal"":false,""view_perspective"":false,""view_side"":true,""view_top"":false},""question7"":{""angle_match"":true,""view_frontal"":false,""view_perspective"":false,""view_side"":true,""view_top"":false},""question8"":{""angle_match"":true,""view_frontal"":false,""view_perspective"":false,""view_side"":true,""view_top"":false},""question9"":{""angle_match"":true,""view_frontal"":true,""view_perspective"":false,""view_side"":false,""view_top"":false}}]"
"3ZG552ORBEIPNPFNBKCAXXS4H1U2V6","3BHRGUFAI0A6J7Y48A1RI398KZYCSF","Categorize images based on object's view.","Review 10 animal’s line-arts and judge if it has same or different views. Identify view for each tactile. (10 pairs)","tactile, image review, accessibility, animals","$0.05","Tue Mar 03 20:32:22 PST 2026","7","BatchId:5376447;OriginalHitTemplateId:928390873;","3600","2592000","Mon Mar 23 21:32:22 PDT 2026","","","3LUY3GC64SELQQDQLMP7BGGNYRP7PR","A33I0A28TLIR6J","Submitted","Tue Mar 03 20:41:50 PST 2026","Tue Mar 03 21:35:53 PST 2026","Thu Apr 02 22:35:53 PDT 2026","","","","3243","100% (1/1)","0% (0/0)","0% (0/0)","Penguin","https://f1qv-main-data.s3.us-east-1.amazonaws.com/amt/main_task_F1QV/Penguin/Natural/3.jpg","https://f1qv-main-data.s3.us-east-1.amazonaws.com/amt/main_task_F1QV/Penguin/Tactile/3.jpeg","","Giraffe","https://f1qv-main-data.s3.us-east-1.amazonaws.com/amt/main_task_F1QV/Giraffe/Natural/8_Giraffe(2).jpg","https://f1qv-main-data.s3.us-east-1.amazonaws.com/amt/main_task_F1QV/Giraffe/Tactile/8.jpeg","","Fish","https://f1qv-main-data.s3.us-east-1.amazonaws.com/amt/main_task_F1QV/Fish/Natural/2_fish.png","https://f1qv-main-data.s3.us-east-1.amazonaws.com/amt/main_task_F1QV/Fish/Tactile/2.jpg","","Jellyfish","https://f1qv-main-data.s3.us-east-1.amazonaws.com/amt/main_task_F1QV/Jellyfish/Natural/2_2.jpg","https://f1qv-main-data.s3.us-east-1.amazonaws.com/amt/main_task_F1QV/Jellyfish/Tactile/2.jpg","","Bee","https://f1qv-main-data.s3.us-east-1.amazonaws.com/amt/main_task_F1QV/Bee/Natural/Bee_8.jpg","https://f1qv-main-data.s3.us-east-1.amazonaws.com/amt/main_task_F1QV/Bee/Tactile/8.jpg","","Dog","https://f1qv-main-data.s3.us-east-1.amazonaws.com/amt/main_task_F1QV/Dog/Natural/20_Dog.jpg","https://f1qv-main-data.s3.us-east-1.amazonaws.com/amt/main_task_F1QV/Dog/Tactile/20.jpg","","Jellyfish","https://f1qv-main-data.s3.us-east-1.amazonaws.com/amt/main_task_F1QV/Jellyfish/Natural/5.jpg","https://f1qv-main-data.s3.us-east-1.amazonaws.com/amt/main_task_F1QV/Jellyfish/Tactile/5.jpg","","Duck","https://f1qv-main-data.s3.us-east-1.amazonaws.com/amt/main_task_F1QV/Duck/Natural/10_Duck.jpg","https://f1qv-main-data.s3.us-east-1.amazonaws.com/amt/main_task_F1QV/Duck/Tactile/10.jpg","","Llama","https://f1qv-main-data.s3.us-east-1.amazonaws.com/amt/main_task_F1QV/Llama/Natural/2.jpg","https://f1qv-main-data.s3.us-east-1.amazonaws.com/amt/main_task_F1QV/Llama/Tactile/2.png","","Cat","https://f1qv-main-data.s3.us-east-1.amazonaws.com/amt/main_task_F1QV/Cat/Natural/cat_14.jpeg","https://f1qv-main-data.s3.us-east-1.amazonaws.com/amt/main_task_F1QV/Cat/Tactile/14.jpg","","[{""question1"":{""angle_match"":true,""view_frontal"":true,""view_perspective"":false,""view_side"":false,""view_top"":false},""question10"":{""angle_match"":false,""view_frontal"":false,""view_perspective"":false,""view_side"":true,""view_top"":false},""question2"":{""angle_match"":true,""view_frontal"":false,""view_perspective"":false,""view_side"":true,""view_top"":false},""question3"":{""angle_match"":true,""view_frontal"":false,""view_perspective"":false,""view_side"":true,""view_top"":false},""question4"":{""angle_match"":true,""view_frontal"":true,""view_perspective"":false,""view_side"":false,""view_top"":false},""question5"":{""angle_match"":true,""view_frontal"":false,""view_perspective"":false,""view_side"":true,""view_top"":false},""question6"":{""angle_match"":true,""view_frontal"":true,""view_perspective"":false,""view_side"":false,""view_top"":false},""question7"":{""angle_match"":false,""view_frontal"":true,""view_perspective"":false,""view_side"":false,""view_top"":false},""question8"":{""angle_match"":true,""view_frontal"":false,""view_perspective"":false,""view_side"":true,""view_top"":false},""question9"":{""angle_match"":true,""view_frontal"":true,""view_perspective"":false,""view_side"":false,""view_top"":false}}]"
"3ZG552ORBEIPNPFNBKCAXXS4H1U2V6","3BHRGUFAI0A6J7Y48A1RI398KZYCSF","Categorize images based on object's view.","Review 10 animal’s line-arts and judge if it has same or different views. Identify view for each tactile. (10 pairs)","tactile, image review, accessibility, animals","$0.05","Tue Mar 03 20:32:22 PST 2026","7","BatchId:5376447;OriginalHitTemplateId:928390873;","3600","2592000","Mon Mar 23 21:32:22 PDT 2026","","","3ZDAD0O1UURDXXCOKG2PAPU8POVXTP","A3F293Q71V7LXQ","Submitted","Tue Mar 03 21:40:48 PST 2026","Tue Mar 03 21:50:50 PST 2026","Thu Apr 02 22:50:50 PDT 2026","","","","602","0% (0/0)","0% (0/0)","0% (0/0)","Penguin","https://f1qv-main-data.s3.us-east-1.amazonaws.com/amt/main_task_F1QV/Penguin/Natural/3.jpg","https://f1qv-main-data.s3.us-east-1.amazonaws.com/amt/main_task_F1QV/Penguin/Tactile/3.jpeg","","Giraffe","https://f1qv-main-data.s3.us-east-1.amazonaws.com/amt/main_task_F1QV/Giraffe/Natural/8_Giraffe(2).jpg","https://f1qv-main-data.s3.us-east-1.amazonaws.com/amt/main_task_F1QV/Giraffe/Tactile/8.jpeg","","Fish","https://f1qv-main-data.s3.us-east-1.amazonaws.com/amt/main_task_F1QV/Fish/Natural/2_fish.png","https://f1qv-main-data.s3.us-east-1.amazonaws.com/amt/main_task_F1QV/Fish/Tactile/2.jpg","","Jellyfish","https://f1qv-main-data.s3.us-east-1.amazonaws.com/amt/main_task_F1QV/Jellyfish/Natural/2_2.jpg","https://f1qv-main-data.s3.us-east-1.amazonaws.com/amt/main_task_F1QV/Jellyfish/Tactile/2.jpg","","Bee","https://f1qv-main-data.s3.us-east-1.amazonaws.com/amt/main_task_F1QV/Bee/Natural/Bee_8.jpg","https://f1qv-main-data.s3.us-east-1.amazonaws.com/amt/main_task_F1QV/Bee/Tactile/8.jpg","","Dog","https://f1qv-main-data.s3.us-east-1.amazonaws.com/amt/main_task_F1QV/Dog/Natural/20_Dog.jpg","https://f1qv-main-data.s3.us-east-1.amazonaws.com/amt/main_task_F1QV/Dog/Tactile/20.jpg","","Jellyfish","https://f1qv-main-data.s3.us-east-1.amazonaws.com/amt/main_task_F1QV/Jellyfish/Natural/5.jpg","https://f1qv-main-data.s3.us-east-1.amazonaws.com/amt/main_task_F1QV/Jellyfish/Tactile/5.jpg","","Duck","https://f1qv-main-data.s3.us-east-1.amazonaws.com/amt/main_task_F1QV/Duck/Natural/10_Duck.jpg","https://f1qv-main-data.s3.us-east-1.amazonaws.com/amt/main_task_F1QV/Duck/Tactile/10.jpg","","Llama","https://f1qv-main-data.s3.us-east-1.amazonaws.com/amt/main_task_F1QV/Llama/Natural/2.jpg","https://f1qv-main-data.s3.us-east-1.amazonaws.com/amt/main_task_F1QV/Llama/Tactile/2.png","","Cat","https://f1qv-main-data.s3.us-east-1.amazonaws.com/amt/main_task_F1QV/Cat/Natural/cat_14.jpeg","https://f1qv-main-data.s3.us-east-1.amazonaws.com/amt/main_task_F1QV/Cat/Tactile/14.jpg","","[{""question1"":{""angle_match"":true,""view_frontal"":false,""view_perspective"":false,""view_side"":false,""view_top"":true},""question10"":{""angle_match"":true,""view_frontal"":false,""view_perspective"":false,""view_side"":false,""view_top"":true},""question2"":{""angle_match"":true,""view_frontal"":false,""view_perspective"":false,""view_side"":true,""view_top"":false},""question3"":{""angle_match"":true,""view_frontal"":false,""view_perspective"":false,""view_side"":true,""view_top"":false},""question4"":{""angle_match"":true,""view_frontal"":true,""view_perspective"":false,""view_side"":false,""view_top"":false},""question5"":{""angle_match"":true,""view_frontal"":true,""view_perspective"":false,""view_side"":false,""view_top"":false},""question6"":{""angle_match"":true,""view_frontal"":false,""view_perspective"":false,""view_side"":true,""view_top"":false},""question7"":{""angle_match"":true,""view_frontal"":true,""view_perspective"":false,""view_side"":false,""view_top"":false},""question8"":{""angle_match"":true,""view_frontal"":false,""view_perspective"":false,""view_side"":true,""view_top"":false},""question9"":{""angle_match"":true,""view_frontal"":false,""view_perspective"":false,""view_side"":false,""view_top"":true}}]"
"3ZG552ORBEIPNPFNBKCAXXS4H1U2V6","3BHRGUFAI0A6J7Y48A1RI398KZYCSF","Categorize images based on object's view.","Review 10 animal’s line-arts and judge if it has same or different views. Identify view for each tactile. (10 pairs)","tactile, image review, accessibility, animals","$0.05","Tue Mar 03 20:32:22 PST 2026","7","BatchId:5376447;OriginalHitTemplateId:928390873;","3600","2592000","Mon Mar 23 21:32:22 PDT 2026","","","3VP0C6EFT9AW1N28AWSNOYMWYCF6MI","A11HKV0CDTZUQF","Submitted","Tue Mar 03 22:01:19 PST 2026","Tue Mar 03 22:09:37 PST 2026","Thu Apr 02 23:09:37 PDT 2026","","","","498","0% (0/0)","0% (0/0)","0% (0/0)","Penguin","https://f1qv-main-data.s3.us-east-1.amazonaws.com/amt/main_task_F1QV/Penguin/Natural/3.jpg","https://f1qv-main-data.s3.us-east-1.amazonaws.com/amt/main_task_F1QV/Penguin/Tactile/3.jpeg","","Giraffe","https://f1qv-main-data.s3.us-east-1.amazonaws.com/amt/main_task_F1QV/Giraffe/Natural/8_Giraffe(2).jpg","https://f1qv-main-data.s3.us-east-1.amazonaws.com/amt/main_task_F1QV/Giraffe/Tactile/8.jpeg","","Fish","https://f1qv-main-data.s3.us-east-1.amazonaws.com/amt/main_task_F1QV/Fish/Natural/2_fish.png","https://f1qv-main-data.s3.us-east-1.amazonaws.com/amt/main_task_F1QV/Fish/Tactile/2.jpg","","Jellyfish","https://f1qv-main-data.s3.us-east-1.amazonaws.com/amt/main_task_F1QV/Jellyfish/Natural/2_2.jpg","https://f1qv-main-data.s3.us-east-1.amazonaws.com/amt/main_task_F1QV/Jellyfish/Tactile/2.jpg","","Bee","https://f1qv-main-data.s3.us-east-1.amazonaws.com/amt/main_task_F1QV/Bee/Natural/Bee_8.jpg","https://f1qv-main-data.s3.us-east-1.amazonaws.com/amt/main_task_F1QV/Bee/Tactile/8.jpg","","Dog","https://f1qv-main-data.s3.us-east-1.amazonaws.com/amt/main_task_F1QV/Dog/Natural/20_Dog.jpg","https://f1qv-main-data.s3.us-east-1.amazonaws.com/amt/main_task_F1QV/Dog/Tactile/20.jpg","","Jellyfish","https://f1qv-main-data.s3.us-east-1.amazonaws.com/amt/main_task_F1QV/Jellyfish/Natural/5.jpg","https://f1qv-main-data.s3.us-east-1.amazonaws.com/amt/main_task_F1QV/Jellyfish/Tactile/5.jpg","","Duck","https://f1qv-main-data.s3.us-east-1.amazonaws.com/amt/main_task_F1QV/Duck/Natural/10_Duck.jpg","https://f1qv-main-data.s3.us-east-1.amazonaws.com/amt/main_task_F1QV/Duck/Tactile/10.jpg","","Llama","https://f1qv-main-data.s3.us-east-1.amazonaws.com/amt/main_task_F1QV/Llama/Natural/2.jpg","https://f1qv-main-data.s3.us-east-1.amazonaws.com/amt/main_task_F1QV/Llama/Tactile/2.png","","Cat","https://f1qv-main-data.s3.us-east-1.amazonaws.com/amt/main_task_F1QV/Cat/Natural/cat_14.jpeg","https://f1qv-main-data.s3.us-east-1.amazonaws.com/amt/main_task_F1QV/Cat/Tactile/14.jpg","","[{""question1"":{""angle_match"":true,""view_frontal"":false,""view_perspective"":false,""view_side"":false,""view_top"":true},""question10"":{""angle_match"":true,""view_frontal"":false,""view_perspective"":false,""view_side"":true,""view_top"":false},""question2"":{""angle_match"":true,""view_frontal"":false,""view_perspective"":false,""view_side"":true,""view_top"":false},""question3"":{""angle_match"":true,""view_frontal"":false,""view_perspective"":false,""view_side"":true,""view_top"":false},""question4"":{""angle_match"":true,""view_frontal"":true,""view_perspective"":false,""view_side"":false,""view_top"":false},""question5"":{""angle_match"":true,""view_frontal"":true,""view_perspective"":false,""view_side"":false,""view_top"":false},""question6"":{""angle_match"":true,""view_frontal"":false,""view_perspective"":false,""view_side"":false,""view_top"":true},""question7"":{""angle_match"":true,""view_frontal"":true,""view_perspective"":false,""view_side"":false,""view_top"":false},""question8"":{""angle_match"":true,""view_frontal"":false,""view_perspective"":false,""view_side"":true,""view_top"":false},""question9"":{""angle_match"":true,""view_frontal"":false,""view_perspective"":false,""view_side"":false,""view_top"":true}}]"
"3EPG8DX9MC44H21E7R59PC6YFNKP59","3BHRGUFAI0A6J7Y48A1RI398KZYCSF","Categorize images based on object's view.","Review 10 animal’s line-arts and judge if it has same or different views. Identify view for each tactile. (10 pairs)","tactile, image review, accessibility, animals","$0.05","Tue Mar 03 20:32:22 PST 2026","7","BatchId:5376447;OriginalHitTemplateId:928390873;","3600","2592000","Mon Mar 23 21:32:22 PDT 2026","","","3MHW492WXTRHGDH9B40V0Q2VF4NMV4","A1E8TZHMLQMG4L","Submitted","Tue Mar 03 20:45:22 PST 2026","Tue Mar 03 20:50:12 PST 2026","Thu Apr 02 21:50:12 PDT 2026","","","","290","100% (22/22)","0% (0/0)","0% (0/0)","Llama","https://f1qv-main-data.s3.us-east-1.amazonaws.com/amt/main_task_F1QV/Llama/Natural/5.jpg","https://f1qv-main-data.s3.us-east-1.amazonaws.com/amt/main_task_F1QV/Llama/Tactile/5.jpg","","Teddy Bear","https://f1qv-main-data.s3.us-east-1.amazonaws.com/amt/main_task_F1QV/Teddy Bear/Natural/12_2.png","https://f1qv-main-data.s3.us-east-1.amazonaws.com/amt/main_task_F1QV/Teddy Bear/Tactile/12.jpeg","","Bird","https://f1qv-main-data.s3.us-east-1.amazonaws.com/amt/main_task_F1QV/Bird/Natural/7_Bird.jpg","https://f1qv-main-data.s3.us-east-1.amazonaws.com/amt/main_task_F1QV/Bird/Tactile/7.jpg","","Teddy Bear","https://f1qv-main-data.s3.us-east-1.amazonaws.com/amt/main_task_F1QV/Teddy Bear/Natural/1.jpg","https://f1qv-main-data.s3.us-east-1.amazonaws.com/amt/main_task_F1QV/Teddy Bear/Tactile/1.jpeg","","Cat","https://f1qv-main-data.s3.us-east-1.amazonaws.com/amt/main_task_F1QV/Cat/Natural/cat_11.jpg","https://f1qv-main-data.s3.us-east-1.amazonaws.com/amt/main_task_F1QV/Cat/Tactile/11.jpg","","Bat","https://f1qv-main-data.s3.us-east-1.amazonaws.com/amt/main_task_F1QV/Bat/Natural/9_3.jpg","https://f1qv-main-data.s3.us-east-1.amazonaws.com/amt/main_task_F1QV/Bat/Tactile/9.jpeg","","Giraffe","https://f1qv-main-data.s3.us-east-1.amazonaws.com/amt/main_task_F1QV/Giraffe/Natural/3_Giraffe.jpeg","https://f1qv-main-data.s3.us-east-1.amazonaws.com/amt/main_task_F1QV/Giraffe/Tactile/3.png","","Dinosaur","https://f1qv-main-data.s3.us-east-1.amazonaws.com/amt/main_task_F1QV/Dinosaur/Natural/7_Dinosaur.jpeg","https://f1qv-main-data.s3.us-east-1.amazonaws.com/amt/main_task_F1QV/Dinosaur/Tactile/7.jpg","","Cat","https://f1qv-main-data.s3.us-east-1.amazonaws.com/amt/main_task_F1QV/Cat/Natural/cat_16.jpg","https://f1qv-main-data.s3.us-east-1.amazonaws.com/amt/main_task_F1QV/Cat/Tactile/16.jpg","","Dog","https://f1qv-main-data.s3.us-east-1.amazonaws.com/amt/main_task_F1QV/Dog/Natural/8_Dog(2).jpg","https://f1qv-main-data.s3.us-east-1.amazonaws.com/amt/main_task_F1QV/Dog/Tactile/8.jpg","","[{""question1"":{""angle_match"":true,""view_frontal"":false,""view_perspective"":false,""view_side"":true,""view_top"":false},""question10"":{""angle_match"":true,""view_frontal"":false,""view_perspective"":false,""view_side"":true,""view_top"":false},""question2"":{""angle_match"":true,""view_frontal"":false,""view_perspective"":false,""view_side"":false,""view_top"":false},""question3"":{""angle_match"":true,""view_frontal"":false,""view_perspective"":false,""view_side"":true,""view_top"":false},""question4"":{""angle_match"":true,""view_frontal"":false,""view_perspective"":false,""view_side"":true,""view_top"":false},""question5"":{""angle_match"":true,""view_frontal"":false,""view_perspective"":false,""view_side"":true,""view_top"":false},""question6"":{""angle_match"":true,""view_frontal"":false,""view_perspective"":false,""view_side"":true,""view_top"":false},""question7"":{""angle_match"":true,""view_frontal"":false,""view_perspective"":false,""view_side"":true,""view_top"":false},""question8"":{""angle_match"":true,""view_frontal"":false,""view_perspective"":false,""view_side"":true,""view_top"":false},""question9"":{""angle_match"":true,""view_frontal"":false,""view_perspective"":false,""view_side"":true,""view_top"":false}}]"
"3EPG8DX9MC44H21E7R59PC6YFNKP59","3BHRGUFAI0A6J7Y48A1RI398KZYCSF","Categorize images based on object's view.","Review 10 animal’s line-arts and judge if it has same or different views. Identify view for each tactile. (10 pairs)","tactile, image review, accessibility, animals","$0.05","Tue Mar 03 20:32:22 PST 2026","7","BatchId:5376447;OriginalHitTemplateId:928390873;","3600","2592000","Mon Mar 23 21:32:22 PDT 2026","","","36DSNE9Q0YCWPL2R7V1PP6G6FHVJOV","A28GJANLU1IV3X","Submitted","Tue Mar 03 20:45:00 PST 2026","Tue Mar 03 20:58:18 PST 2026","Thu Apr 02 21:58:18 PDT 2026","","","","798","100% (8/8)","0% (0/0)","0% (0/0)","Llama","https://f1qv-main-data.s3.us-east-1.amazonaws.com/amt/main_task_F1QV/Llama/Natural/5.jpg","https://f1qv-main-data.s3.us-east-1.amazonaws.com/amt/main_task_F1QV/Llama/Tactile/5.jpg","","Teddy Bear","https://f1qv-main-data.s3.us-east-1.amazonaws.com/amt/main_task_F1QV/Teddy Bear/Natural/12_2.png","https://f1qv-main-data.s3.us-east-1.amazonaws.com/amt/main_task_F1QV/Teddy Bear/Tactile/12.jpeg","","Bird","https://f1qv-main-data.s3.us-east-1.amazonaws.com/amt/main_task_F1QV/Bird/Natural/7_Bird.jpg","https://f1qv-main-data.s3.us-east-1.amazonaws.com/amt/main_task_F1QV/Bird/Tactile/7.jpg","","Teddy Bear","https://f1qv-main-data.s3.us-east-1.amazonaws.com/amt/main_task_F1QV/Teddy Bear/Natural/1.jpg","https://f1qv-main-data.s3.us-east-1.amazonaws.com/amt/main_task_F1QV/Teddy Bear/Tactile/1.jpeg","","Cat","https://f1qv-main-data.s3.us-east-1.amazonaws.com/amt/main_task_F1QV/Cat/Natural/cat_11.jpg","https://f1qv-main-data.s3.us-east-1.amazonaws.com/amt/main_task_F1QV/Cat/Tactile/11.jpg","","Bat","https://f1qv-main-data.s3.us-east-1.amazonaws.com/amt/main_task_F1QV/Bat/Natural/9_3.jpg","https://f1qv-main-data.s3.us-east-1.amazonaws.com/amt/main_task_F1QV/Bat/Tactile/9.jpeg","","Giraffe","https://f1qv-main-data.s3.us-east-1.amazonaws.com/amt/main_task_F1QV/Giraffe/Natural/3_Giraffe.jpeg","https://f1qv-main-data.s3.us-east-1.amazonaws.com/amt/main_task_F1QV/Giraffe/Tactile/3.png","","Dinosaur","https://f1qv-main-data.s3.us-east-1.amazonaws.com/amt/main_task_F1QV/Dinosaur/Natural/7_Dinosaur.jpeg","https://f1qv-main-data.s3.us-east-1.amazonaws.com/amt/main_task_F1QV/Dinosaur/Tactile/7.jpg","","Cat","https://f1qv-main-data.s3.us-east-1.amazonaws.com/amt/main_task_F1QV/Cat/Natural/cat_16.jpg","https://f1qv-main-data.s3.us-east-1.amazonaws.com/amt/main_task_F1QV/Cat/Tactile/16.jpg","","Dog","https://f1qv-main-data.s3.us-east-1.amazonaws.com/amt/main_task_F1QV/Dog/Natural/8_Dog(2).jpg","https://f1qv-main-data.s3.us-east-1.amazonaws.com/amt/main_task_F1QV/Dog/Tactile/8.jpg","","[{""question1"":{""angle_match"":true,""view_frontal"":true,""view_perspective"":false,""view_side"":false,""view_top"":false},""question10"":{""angle_match"":true,""view_frontal"":false,""view_perspective"":false,""view_side"":true,""view_top"":false},""question2"":{""angle_match"":true,""view_frontal"":true,""view_perspective"":false,""view_side"":false,""view_top"":false},""question3"":{""angle_match"":true,""view_frontal"":false,""view_perspective"":false,""view_side"":true,""view_top"":false},""question4"":{""angle_match"":true,""view_frontal"":true,""view_perspective"":false,""view_side"":false,""view_top"":false},""question5"":{""angle_match"":true,""view_frontal"":false,""view_perspective"":false,""view_side"":true,""view_top"":false},""question6"":{""angle_match"":true,""view_frontal"":false,""view_perspective"":false,""view_side"":true,""view_top"":false},""question7"":{""angle_match"":true,""view_frontal"":false,""view_perspective"":false,""view_side"":true,""view_top"":false},""question8"":{""angle_match"":true,""view_frontal"":false,""view_perspective"":false,""view_side"":true,""view_top"":false},""question9"":{""angle_match"":true,""view_frontal"":false,""view_perspective"":false,""view_side"":true,""view_top"":false}}]"
"3EPG8DX9MC44H21E7R59PC6YFNKP59","3BHRGUFAI0A6J7Y48A1RI398KZYCSF","Categorize images based on object's view.","Review 10 animal’s line-arts and judge if it has same or different views. Identify view for each tactile. (10 pairs)","tactile, image review, accessibility, animals","$0.05","Tue Mar 03 20:32:22 PST 2026","7","BatchId:5376447;OriginalHitTemplateId:928390873;","3600","2592000","Mon Mar 23 21:32:22 PDT 2026","","","3DQQ64TAO9Z0G5ERTUXJ3WF4RHUWPC","A1MYCZT6OX9G20","Submitted","Tue Mar 03 20:37:54 PST 2026","Tue Mar 03 20:59:11 PST 2026","Thu Apr 02 21:59:11 PDT 2026","","","","1277","100% (9/9)","0% (0/0)","0% (0/0)","Llama","https://f1qv-main-data.s3.us-east-1.amazonaws.com/amt/main_task_F1QV/Llama/Natural/5.jpg","https://f1qv-main-data.s3.us-east-1.amazonaws.com/amt/main_task_F1QV/Llama/Tactile/5.jpg","","Teddy Bear","https://f1qv-main-data.s3.us-east-1.amazonaws.com/amt/main_task_F1QV/Teddy Bear/Natural/12_2.png","https://f1qv-main-data.s3.us-east-1.amazonaws.com/amt/main_task_F1QV/Teddy Bear/Tactile/12.jpeg","","Bird","https://f1qv-main-data.s3.us-east-1.amazonaws.com/amt/main_task_F1QV/Bird/Natural/7_Bird.jpg","https://f1qv-main-data.s3.us-east-1.amazonaws.com/amt/main_task_F1QV/Bird/Tactile/7.jpg","","Teddy Bear","https://f1qv-main-data.s3.us-east-1.amazonaws.com/amt/main_task_F1QV/Teddy Bear/Natural/1.jpg","https://f1qv-main-data.s3.us-east-1.amazonaws.com/amt/main_task_F1QV/Teddy Bear/Tactile/1.jpeg","","Cat","https://f1qv-main-data.s3.us-east-1.amazonaws.com/amt/main_task_F1QV/Cat/Natural/cat_11.jpg","https://f1qv-main-data.s3.us-east-1.amazonaws.com/amt/main_task_F1QV/Cat/Tactile/11.jpg","","Bat","https://f1qv-main-data.s3.us-east-1.amazonaws.com/amt/main_task_F1QV/Bat/Natural/9_3.jpg","https://f1qv-main-data.s3.us-east-1.amazonaws.com/amt/main_task_F1QV/Bat/Tactile/9.jpeg","","Giraffe","https://f1qv-main-data.s3.us-east-1.amazonaws.com/amt/main_task_F1QV/Giraffe/Natural/3_Giraffe.jpeg","https://f1qv-main-data.s3.us-east-1.amazonaws.com/amt/main_task_F1QV/Giraffe/Tactile/3.png","","Dinosaur","https://f1qv-main-data.s3.us-east-1.amazonaws.com/amt/main_task_F1QV/Dinosaur/Natural/7_Dinosaur.jpeg","https://f1qv-main-data.s3.us-east-1.amazonaws.com/amt/main_task_F1QV/Dinosaur/Tactile/7.jpg","","Cat","https://f1qv-main-data.s3.us-east-1.amazonaws.com/amt/main_task_F1QV/Cat/Natural/cat_16.jpg","https://f1qv-main-data.s3.us-east-1.amazonaws.com/amt/main_task_F1QV/Cat/Tactile/16.jpg","","Dog","https://f1qv-main-data.s3.us-east-1.amazonaws.com/amt/main_task_F1QV/Dog/Natural/8_Dog(2).jpg","https://f1qv-main-data.s3.us-east-1.amazonaws.com/amt/main_task_F1QV/Dog/Tactile/8.jpg","","[{""question1"":{""angle_match"":true,""view_frontal"":true,""view_perspective"":false,""view_side"":false,""view_top"":false},""question10"":{""angle_match"":true,""view_frontal"":false,""view_perspective"":true,""view_side"":false,""view_top"":false},""question2"":{""angle_match"":true,""view_frontal"":true,""view_perspective"":false,""view_side"":false,""view_top"":false},""question3"":{""angle_match"":true,""view_frontal"":false,""view_perspective"":false,""view_side"":true,""view_top"":false},""question4"":{""angle_match"":true,""view_frontal"":true,""view_perspective"":false,""view_side"":false,""view_top"":false},""question5"":{""angle_match"":true,""view_frontal"":false,""view_perspective"":true,""view_side"":false,""view_top"":false},""question6"":{""angle_match"":true,""view_frontal"":false,""view_perspective"":false,""view_side"":true,""view_top"":false},""question7"":{""angle_match"":true,""view_frontal"":false,""view_perspective"":false,""view_side"":true,""view_top"":false},""question8"":{""angle_match"":true,""view_frontal"":false,""view_perspective"":false,""view_side"":true,""view_top"":false},""question9"":{""angle_match"":true,""view_frontal"":false,""view_perspective"":true,""view_side"":false,""view_top"":false}}]"
"3EPG8DX9MC44H21E7R59PC6YFNKP59","3BHRGUFAI0A6J7Y48A1RI398KZYCSF","Categorize images based on object's view.","Review 10 animal’s line-arts and judge if it has same or different views. Identify view for each tactile. (10 pairs)","tactile, image review, accessibility, animals","$0.05","Tue Mar 03 20:32:22 PST 2026","7","BatchId:5376447;OriginalHitTemplateId:928390873;","3600","2592000","Mon Mar 23 21:32:22 PDT 2026","","","3TOK3KHVKMW35Q1P6MCSMGBXOMTO7R","A2V3XARMPINRM8","Submitted","Tue Mar 03 20:42:28 PST 2026","Tue Mar 03 21:01:06 PST 2026","Thu Apr 02 22:01:06 PDT 2026","","","","1118","100% (1/1)","100% (1/1)","100% (1/1)","Llama","https://f1qv-main-data.s3.us-east-1.amazonaws.com/amt/main_task_F1QV/Llama/Natural/5.jpg","https://f1qv-main-data.s3.us-east-1.amazonaws.com/amt/main_task_F1QV/Llama/Tactile/5.jpg","","Teddy Bear","https://f1qv-main-data.s3.us-east-1.amazonaws.com/amt/main_task_F1QV/Teddy Bear/Natural/12_2.png","https://f1qv-main-data.s3.us-east-1.amazonaws.com/amt/main_task_F1QV/Teddy Bear/Tactile/12.jpeg","","Bird","https://f1qv-main-data.s3.us-east-1.amazonaws.com/amt/main_task_F1QV/Bird/Natural/7_Bird.jpg","https://f1qv-main-data.s3.us-east-1.amazonaws.com/amt/main_task_F1QV/Bird/Tactile/7.jpg","","Teddy Bear","https://f1qv-main-data.s3.us-east-1.amazonaws.com/amt/main_task_F1QV/Teddy Bear/Natural/1.jpg","https://f1qv-main-data.s3.us-east-1.amazonaws.com/amt/main_task_F1QV/Teddy Bear/Tactile/1.jpeg","","Cat","https://f1qv-main-data.s3.us-east-1.amazonaws.com/amt/main_task_F1QV/Cat/Natural/cat_11.jpg","https://f1qv-main-data.s3.us-east-1.amazonaws.com/amt/main_task_F1QV/Cat/Tactile/11.jpg","","Bat","https://f1qv-main-data.s3.us-east-1.amazonaws.com/amt/main_task_F1QV/Bat/Natural/9_3.jpg","https://f1qv-main-data.s3.us-east-1.amazonaws.com/amt/main_task_F1QV/Bat/Tactile/9.jpeg","","Giraffe","https://f1qv-main-data.s3.us-east-1.amazonaws.com/amt/main_task_F1QV/Giraffe/Natural/3_Giraffe.jpeg","https://f1qv-main-data.s3.us-east-1.amazonaws.com/amt/main_task_F1QV/Giraffe/Tactile/3.png","","Dinosaur","https://f1qv-main-data.s3.us-east-1.amazonaws.com/amt/main_task_F1QV/Dinosaur/Natural/7_Dinosaur.jpeg","https://f1qv-main-data.s3.us-east-1.amazonaws.com/amt/main_task_F1QV/Dinosaur/Tactile/7.jpg","","Cat","https://f1qv-main-data.s3.us-east-1.amazonaws.com/amt/main_task_F1QV/Cat/Natural/cat_16.jpg","https://f1qv-main-data.s3.us-east-1.amazonaws.com/amt/main_task_F1QV/Cat/Tactile/16.jpg","","Dog","https://f1qv-main-data.s3.us-east-1.amazonaws.com/amt/main_task_F1QV/Dog/Natural/8_Dog(2).jpg","https://f1qv-main-data.s3.us-east-1.amazonaws.com/amt/main_task_F1QV/Dog/Tactile/8.jpg","","[{""question1"":{""angle_match"":true,""view_frontal"":true,""view_perspective"":false,""view_side"":false,""view_top"":false},""question10"":{""angle_match"":true,""view_frontal"":false,""view_perspective"":false,""view_side"":true,""view_top"":false},""question2"":{""angle_match"":true,""view_frontal"":true,""view_perspective"":false,""view_side"":false,""view_top"":false},""question3"":{""angle_match"":true,""view_frontal"":false,""view_perspective"":false,""view_side"":true,""view_top"":false},""question4"":{""angle_match"":true,""view_frontal"":true,""view_perspective"":false,""view_side"":false,""view_top"":false},""question5"":{""angle_match"":true,""view_frontal"":false,""view_perspective"":false,""view_side"":false,""view_top"":false},""question6"":{""angle_match"":true,""view_frontal"":false,""view_perspective"":false,""view_side"":true,""view_top"":false},""question7"":{""angle_match"":true,""view_frontal"":false,""view_perspective"":false,""view_side"":true,""view_top"":false},""question8"":{""angle_match"":true,""view_frontal"":false,""view_perspective"":false,""view_side"":true,""view_top"":false},""question9"":{""angle_match"":true,""view_frontal"":false,""view_perspective"":false,""view_side"":true,""view_top"":false}}]"
"3EPG8DX9MC44H21E7R59PC6YFNKP59","3BHRGUFAI0A6J7Y48A1RI398KZYCSF","Categorize images based on object's view.","Review 10 animal’s line-arts and judge if it has same or different views. Identify view for each tactile. (10 pairs)","tactile, image review, accessibility, animals","$0.05","Tue Mar 03 20:32:22 PST 2026","7","BatchId:5376447;OriginalHitTemplateId:928390873;","3600","2592000","Mon Mar 23 21:32:22 PDT 2026","","","3VNXK88KL5W29TYFMVWQV4WBF5EV9C","A10XLF9Z0J3HN0","Submitted","Tue Mar 03 21:00:52 PST 2026","Tue Mar 03 21:03:07 PST 2026","Thu Apr 02 22:03:07 PDT 2026","","","","135","0% (0/0)","0% (0/0)","0% (0/0)","Llama","https://f1qv-main-data.s3.us-east-1.amazonaws.com/amt/main_task_F1QV/Llama/Natural/5.jpg","https://f1qv-main-data.s3.us-east-1.amazonaws.com/amt/main_task_F1QV/Llama/Tactile/5.jpg","","Teddy Bear","https://f1qv-main-data.s3.us-east-1.amazonaws.com/amt/main_task_F1QV/Teddy Bear/Natural/12_2.png","https://f1qv-main-data.s3.us-east-1.amazonaws.com/amt/main_task_F1QV/Teddy Bear/Tactile/12.jpeg","","Bird","https://f1qv-main-data.s3.us-east-1.amazonaws.com/amt/main_task_F1QV/Bird/Natural/7_Bird.jpg","https://f1qv-main-data.s3.us-east-1.amazonaws.com/amt/main_task_F1QV/Bird/Tactile/7.jpg","","Teddy Bear","https://f1qv-main-data.s3.us-east-1.amazonaws.com/amt/main_task_F1QV/Teddy Bear/Natural/1.jpg","https://f1qv-main-data.s3.us-east-1.amazonaws.com/amt/main_task_F1QV/Teddy Bear/Tactile/1.jpeg","","Cat","https://f1qv-main-data.s3.us-east-1.amazonaws.com/amt/main_task_F1QV/Cat/Natural/cat_11.jpg","https://f1qv-main-data.s3.us-east-1.amazonaws.com/amt/main_task_F1QV/Cat/Tactile/11.jpg","","Bat","https://f1qv-main-data.s3.us-east-1.amazonaws.com/amt/main_task_F1QV/Bat/Natural/9_3.jpg","https://f1qv-main-data.s3.us-east-1.amazonaws.com/amt/main_task_F1QV/Bat/Tactile/9.jpeg","","Giraffe","https://f1qv-main-data.s3.us-east-1.amazonaws.com/amt/main_task_F1QV/Giraffe/Natural/3_Giraffe.jpeg","https://f1qv-main-data.s3.us-east-1.amazonaws.com/amt/main_task_F1QV/Giraffe/Tactile/3.png","","Dinosaur","https://f1qv-main-data.s3.us-east-1.amazonaws.com/amt/main_task_F1QV/Dinosaur/Natural/7_Dinosaur.jpeg","https://f1qv-main-data.s3.us-east-1.amazonaws.com/amt/main_task_F1QV/Dinosaur/Tactile/7.jpg","","Cat","https://f1qv-main-data.s3.us-east-1.amazonaws.com/amt/main_task_F1QV/Cat/Natural/cat_16.jpg","https://f1qv-main-data.s3.us-east-1.amazonaws.com/amt/main_task_F1QV/Cat/Tactile/16.jpg","","Dog","https://f1qv-main-data.s3.us-east-1.amazonaws.com/amt/main_task_F1QV/Dog/Natural/8_Dog(2).jpg","https://f1qv-main-data.s3.us-east-1.amazonaws.com/amt/main_task_F1QV/Dog/Tactile/8.jpg","","[{""question1"":{""angle_match"":true,""view_frontal"":false,""view_perspective"":false,""view_side"":false,""view_top"":true},""question10"":{""angle_match"":true,""view_frontal"":false,""view_perspective"":false,""view_side"":true,""view_top"":false},""question2"":{""angle_match"":true,""view_frontal"":false,""view_perspective"":false,""view_side"":false,""view_top"":true},""question3"":{""angle_match"":true,""view_frontal"":false,""view_perspective"":false,""view_side"":true,""view_top"":false},""question4"":{""angle_match"":true,""view_frontal"":false,""view_perspective"":false,""view_side"":false,""view_top"":true},""question5"":{""angle_match"":true,""view_frontal"":false,""view_perspective"":false,""view_side"":true,""view_top"":false},""question6"":{""angle_match"":true,""view_frontal"":false,""view_perspective"":false,""view_side"":true,""view_top"":false},""question7"":{""angle_match"":true,""view_frontal"":false,""view_perspective"":false,""view_side"":true,""view_top"":false},""question8"":{""angle_match"":true,""view_frontal"":false,""view_perspective"":false,""view_side"":true,""view_top"":false},""question9"":{""angle_match"":true,""view_frontal"":false,""view_perspective"":false,""view_side"":true,""view_top"":false}}]"
"3EPG8DX9MC44H21E7R59PC6YFNKP59","3BHRGUFAI0A6J7Y48A1RI398KZYCSF","Categorize images based on object's view.","Review 10 animal’s line-arts and judge if it has same or different views. Identify view for each tactile. (10 pairs)","tactile, image review, accessibility, animals","$0.05","Tue Mar 03 20:32:22 PST 2026","7","BatchId:5376447;OriginalHitTemplateId:928390873;","3600","2592000","Mon Mar 23 21:32:22 PDT 2026","","","32SCWG5HJAI2MQZL2CKF52GR3F26PM","ALJH5865ISWT1","Submitted","Tue Mar 03 20:38:49 PST 2026","Tue Mar 03 21:03:19 PST 2026","Thu Apr 02 22:03:19 PDT 2026","","","","1470","100% (2/2)","100% (2/2)","0% (0/0)","Llama","https://f1qv-main-data.s3.us-east-1.amazonaws.com/amt/main_task_F1QV/Llama/Natural/5.jpg","https://f1qv-main-data.s3.us-east-1.amazonaws.com/amt/main_task_F1QV/Llama/Tactile/5.jpg","","Teddy Bear","https://f1qv-main-data.s3.us-east-1.amazonaws.com/amt/main_task_F1QV/Teddy Bear/Natural/12_2.png","https://f1qv-main-data.s3.us-east-1.amazonaws.com/amt/main_task_F1QV/Teddy Bear/Tactile/12.jpeg","","Bird","https://f1qv-main-data.s3.us-east-1.amazonaws.com/amt/main_task_F1QV/Bird/Natural/7_Bird.jpg","https://f1qv-main-data.s3.us-east-1.amazonaws.com/amt/main_task_F1QV/Bird/Tactile/7.jpg","","Teddy Bear","https://f1qv-main-data.s3.us-east-1.amazonaws.com/amt/main_task_F1QV/Teddy Bear/Natural/1.jpg","https://f1qv-main-data.s3.us-east-1.amazonaws.com/amt/main_task_F1QV/Teddy Bear/Tactile/1.jpeg","","Cat","https://f1qv-main-data.s3.us-east-1.amazonaws.com/amt/main_task_F1QV/Cat/Natural/cat_11.jpg","https://f1qv-main-data.s3.us-east-1.amazonaws.com/amt/main_task_F1QV/Cat/Tactile/11.jpg","","Bat","https://f1qv-main-data.s3.us-east-1.amazonaws.com/amt/main_task_F1QV/Bat/Natural/9_3.jpg","https://f1qv-main-data.s3.us-east-1.amazonaws.com/amt/main_task_F1QV/Bat/Tactile/9.jpeg","","Giraffe","https://f1qv-main-data.s3.us-east-1.amazonaws.com/amt/main_task_F1QV/Giraffe/Natural/3_Giraffe.jpeg","https://f1qv-main-data.s3.us-east-1.amazonaws.com/amt/main_task_F1QV/Giraffe/Tactile/3.png","","Dinosaur","https://f1qv-main-data.s3.us-east-1.amazonaws.com/amt/main_task_F1QV/Dinosaur/Natural/7_Dinosaur.jpeg","https://f1qv-main-data.s3.us-east-1.amazonaws.com/amt/main_task_F1QV/Dinosaur/Tactile/7.jpg","","Cat","https://f1qv-main-data.s3.us-east-1.amazonaws.com/amt/main_task_F1QV/Cat/Natural/cat_16.jpg","https://f1qv-main-data.s3.us-east-1.amazonaws.com/amt/main_task_F1QV/Cat/Tactile/16.jpg","","Dog","https://f1qv-main-data.s3.us-east-1.amazonaws.com/amt/main_task_F1QV/Dog/Natural/8_Dog(2).jpg","https://f1qv-main-data.s3.us-east-1.amazonaws.com/amt/main_task_F1QV/Dog/Tactile/8.jpg","","[{""question1"":{""angle_match"":true,""view_frontal"":true,""view_perspective"":false,""view_side"":false,""view_top"":false},""question10"":{""angle_match"":true,""view_frontal"":false,""view_perspective"":false,""view_side"":true,""view_top"":false},""question2"":{""angle_match"":true,""view_frontal"":true,""view_perspective"":false,""view_side"":false,""view_top"":false},""question3"":{""angle_match"":true,""view_frontal"":false,""view_perspective"":false,""view_side"":true,""view_top"":false},""question4"":{""angle_match"":true,""view_frontal"":true,""view_perspective"":false,""view_side"":false,""view_top"":false},""question5"":{""angle_match"":true,""view_frontal"":false,""view_perspective"":false,""view_side"":false,""view_top"":true},""question6"":{""angle_match"":true,""view_frontal"":false,""view_perspective"":false,""view_side"":true,""view_top"":false},""question7"":{""angle_match"":true,""view_frontal"":false,""view_perspective"":false,""view_side"":true,""view_top"":false},""question8"":{""angle_match"":true,""view_frontal"":false,""view_perspective"":false,""view_side"":true,""view_top"":false},""question9"":{""angle_match"":true,""view_frontal"":true,""view_perspective"":false,""view_side"":false,""view_top"":false}}]"
"3EPG8DX9MC44H21E7R59PC6YFNKP59","3BHRGUFAI0A6J7Y48A1RI398KZYCSF","Categorize images based on object's view.","Review 10 animal’s line-arts and judge if it has same or different views. Identify view for each tactile. (10 pairs)","tactile, image review, accessibility, animals","$0.05","Tue Mar 03 20:32:22 PST 2026","7","BatchId:5376447;OriginalHitTemplateId:928390873;","3600","2592000","Mon Mar 23 21:32:22 PDT 2026","","","3H0W84IWCDGRBI8FLM72ML8JLVFER8","A22YCS3UW15WOO","Submitted","Tue Mar 03 20:40:01 PST 2026","Tue Mar 03 21:36:20 PST 2026","Thu Apr 02 22:36:20 PDT 2026","","","","3379","100% (60/60)","100% (12/12)","0% (0/0)","Llama","https://f1qv-main-data.s3.us-east-1.amazonaws.com/amt/main_task_F1QV/Llama/Natural/5.jpg","https://f1qv-main-data.s3.us-east-1.amazonaws.com/amt/main_task_F1QV/Llama/Tactile/5.jpg","","Teddy Bear","https://f1qv-main-data.s3.us-east-1.amazonaws.com/amt/main_task_F1QV/Teddy Bear/Natural/12_2.png","https://f1qv-main-data.s3.us-east-1.amazonaws.com/amt/main_task_F1QV/Teddy Bear/Tactile/12.jpeg","","Bird","https://f1qv-main-data.s3.us-east-1.amazonaws.com/amt/main_task_F1QV/Bird/Natural/7_Bird.jpg","https://f1qv-main-data.s3.us-east-1.amazonaws.com/amt/main_task_F1QV/Bird/Tactile/7.jpg","","Teddy Bear","https://f1qv-main-data.s3.us-east-1.amazonaws.com/amt/main_task_F1QV/Teddy Bear/Natural/1.jpg","https://f1qv-main-data.s3.us-east-1.amazonaws.com/amt/main_task_F1QV/Teddy Bear/Tactile/1.jpeg","","Cat","https://f1qv-main-data.s3.us-east-1.amazonaws.com/amt/main_task_F1QV/Cat/Natural/cat_11.jpg","https://f1qv-main-data.s3.us-east-1.amazonaws.com/amt/main_task_F1QV/Cat/Tactile/11.jpg","","Bat","https://f1qv-main-data.s3.us-east-1.amazonaws.com/amt/main_task_F1QV/Bat/Natural/9_3.jpg","https://f1qv-main-data.s3.us-east-1.amazonaws.com/amt/main_task_F1QV/Bat/Tactile/9.jpeg","","Giraffe","https://f1qv-main-data.s3.us-east-1.amazonaws.com/amt/main_task_F1QV/Giraffe/Natural/3_Giraffe.jpeg","https://f1qv-main-data.s3.us-east-1.amazonaws.com/amt/main_task_F1QV/Giraffe/Tactile/3.png","","Dinosaur","https://f1qv-main-data.s3.us-east-1.amazonaws.com/amt/main_task_F1QV/Dinosaur/Natural/7_Dinosaur.jpeg","https://f1qv-main-data.s3.us-east-1.amazonaws.com/amt/main_task_F1QV/Dinosaur/Tactile/7.jpg","","Cat","https://f1qv-main-data.s3.us-east-1.amazonaws.com/amt/main_task_F1QV/Cat/Natural/cat_16.jpg","https://f1qv-main-data.s3.us-east-1.amazonaws.com/amt/main_task_F1QV/Cat/Tactile/16.jpg","","Dog","https://f1qv-main-data.s3.us-east-1.amazonaws.com/amt/main_task_F1QV/Dog/Natural/8_Dog(2).jpg","https://f1qv-main-data.s3.us-east-1.amazonaws.com/amt/main_task_F1QV/Dog/Tactile/8.jpg","","[{""question1"":{""angle_match"":true,""view_frontal"":true,""view_perspective"":false,""view_side"":false,""view_top"":false},""question10"":{""angle_match"":true,""view_frontal"":false,""view_perspective"":false,""view_side"":true,""view_top"":false},""question2"":{""angle_match"":true,""view_frontal"":true,""view_perspective"":false,""view_side"":false,""view_top"":false},""question3"":{""angle_match"":true,""view_frontal"":false,""view_perspective"":false,""view_side"":true,""view_top"":false},""question4"":{""angle_match"":true,""view_frontal"":true,""view_perspective"":false,""view_side"":false,""view_top"":false},""question5"":{""angle_match"":true,""view_frontal"":false,""view_perspective"":false,""view_side"":false,""view_top"":false},""question6"":{""angle_match"":true,""view_frontal"":false,""view_perspective"":false,""view_side"":true,""view_top"":false},""question7"":{""angle_match"":true,""view_frontal"":false,""view_perspective"":false,""view_side"":true,""view_top"":false},""question8"":{""angle_match"":true,""view_frontal"":true,""view_perspective"":false,""view_side"":false,""view_top"":false},""question9"":{""angle_match"":false,""view_frontal"":false,""view_perspective"":true,""view_side"":false,""view_top"":false}}]"
"3V7ICJJA02UKHPW4AH4YP0VVYNAB45","3BHRGUFAI0A6J7Y48A1RI398KZYCSF","Categorize images based on object's view.","Review 10 animal’s line-arts and judge if it has same or different views. Identify view for each tactile. (10 pairs)","tactile, image review, accessibility, animals","$0.05","Tue Mar 03 20:32:22 PST 2026","7","BatchId:5376447;OriginalHitTemplateId:928390873;","3600","2592000","Mon Mar 23 21:32:22 PDT 2026","","","3QAPZX2QOXRBG8C0YPTM0OY7F2O20U","A3OLY20VMA8SPJ","Submitted","Tue Mar 03 20:38:57 PST 2026","Tue Mar 03 20:44:50 PST 2026","Thu Apr 02 21:44:50 PDT 2026","","","","353","100% (15/15)","100% (15/15)","0% (0/0)","Crab","https://f1qv-main-data.s3.us-east-1.amazonaws.com/amt/main_task_F1QV/Crab/Natural/Crab_2.jpg","https://f1qv-main-data.s3.us-east-1.amazonaws.com/amt/main_task_F1QV/Crab/Tactile/2.jpeg","","Beluga Whale","https://f1qv-main-data.s3.us-east-1.amazonaws.com/amt/main_task_F1QV/Beluga Whale/Natural/Beluga_11.jpg","https://f1qv-main-data.s3.us-east-1.amazonaws.com/amt/main_task_F1QV/Beluga Whale/Tactile/11.jpg","","Fish","https://f1qv-main-data.s3.us-east-1.amazonaws.com/amt/main_task_F1QV/Fish/Natural/22_FISH.png","https://f1qv-main-data.s3.us-east-1.amazonaws.com/amt/main_task_F1QV/Fish/Tactile/22.jpg","","Cat","https://f1qv-main-data.s3.us-east-1.amazonaws.com/amt/main_task_F1QV/Cat/Natural/cat_13.jpeg","https://f1qv-main-data.s3.us-east-1.amazonaws.com/amt/main_task_F1QV/Cat/Tactile/13.jpg","","Rabbit","https://f1qv-main-data.s3.us-east-1.amazonaws.com/amt/main_task_F1QV/Rabbit/Natural/10.png","https://f1qv-main-data.s3.us-east-1.amazonaws.com/amt/main_task_F1QV/Rabbit/Tactile/10.jpg","","Dog","https://f1qv-main-data.s3.us-east-1.amazonaws.com/amt/main_task_F1QV/Dog/Natural/5_Dog.jpg","https://f1qv-main-data.s3.us-east-1.amazonaws.com/amt/main_task_F1QV/Dog/Tactile/5.jpg","","Fish","https://f1qv-main-data.s3.us-east-1.amazonaws.com/amt/main_task_F1QV/Fish/Natural/15_fish.jpg","https://f1qv-main-data.s3.us-east-1.amazonaws.com/amt/main_task_F1QV/Fish/Tactile/15.jpg","","Bee","https://f1qv-main-data.s3.us-east-1.amazonaws.com/amt/main_task_F1QV/Bee/Natural/Bee_3.jpg","https://f1qv-main-data.s3.us-east-1.amazonaws.com/amt/main_task_F1QV/Bee/Tactile/3.jpg","","Fish","https://f1qv-main-data.s3.us-east-1.amazonaws.com/amt/main_task_F1QV/Fish/Natural/17_fish.jpg","https://f1qv-main-data.s3.us-east-1.amazonaws.com/amt/main_task_F1QV/Fish/Tactile/17.jpg","","Duck","https://f1qv-main-data.s3.us-east-1.amazonaws.com/amt/main_task_F1QV/Duck/Natural/12_Duck.jpg","https://f1qv-main-data.s3.us-east-1.amazonaws.com/amt/main_task_F1QV/Duck/Tactile/12.jpg","","[{""question1"":{""angle_match"":true,""view_frontal"":false,""view_perspective"":true,""view_side"":false,""view_top"":false},""question10"":{""angle_match"":true,""view_frontal"":false,""view_perspective"":false,""view_side"":true,""view_top"":false},""question2"":{""angle_match"":true,""view_frontal"":false,""view_perspective"":false,""view_side"":false,""view_top"":true},""question3"":{""angle_match"":true,""view_frontal"":false,""view_perspective"":false,""view_side"":true,""view_top"":false},""question4"":{""angle_match"":true,""view_frontal"":false,""view_perspective"":false,""view_side"":true,""view_top"":false},""question5"":{""angle_match"":true,""view_frontal"":false,""view_perspective"":false,""view_side"":true,""view_top"":false},""question6"":{""angle_match"":true,""view_frontal"":false,""view_perspective"":false,""view_side"":true,""view_top"":false},""question7"":{""angle_match"":true,""view_frontal"":false,""view_perspective"":false,""view_side"":true,""view_top"":false},""question8"":{""angle_match"":true,""view_frontal"":false,""view_perspective"":false,""view_side"":false,""view_top"":true},""question9"":{""angle_match"":true,""view_frontal"":false,""view_perspective"":false,""view_side"":true,""view_top"":false}}]"
"3V7ICJJA02UKHPW4AH4YP0VVYNAB45","3BHRGUFAI0A6J7Y48A1RI398KZYCSF","Categorize images based on object's view.","Review 10 animal’s line-arts and judge if it has same or different views. Identify view for each tactile. (10 pairs)","tactile, image review, accessibility, animals","$0.05","Tue Mar 03 20:32:22 PST 2026","7","BatchId:5376447;OriginalHitTemplateId:928390873;","3600","2592000","Mon Mar 23 21:32:22 PDT 2026","","","3A7Y0R2P3H2JJUGJ8MOL8J7ZRLYXJC","A10XLF9Z0J3HN0","Submitted","Tue Mar 03 20:59:49 PST 2026","Tue Mar 03 21:02:08 PST 2026","Thu Apr 02 22:02:08 PDT 2026","","","","139","0% (0/0)","0% (0/0)","0% (0/0)","Crab","https://f1qv-main-data.s3.us-east-1.amazonaws.com/amt/main_task_F1QV/Crab/Natural/Crab_2.jpg","https://f1qv-main-data.s3.us-east-1.amazonaws.com/amt/main_task_F1QV/Crab/Tactile/2.jpeg","","Beluga Whale","https://f1qv-main-data.s3.us-east-1.amazonaws.com/amt/main_task_F1QV/Beluga Whale/Natural/Beluga_11.jpg","https://f1qv-main-data.s3.us-east-1.amazonaws.com/amt/main_task_F1QV/Beluga Whale/Tactile/11.jpg","","Fish","https://f1qv-main-data.s3.us-east-1.amazonaws.com/amt/main_task_F1QV/Fish/Natural/22_FISH.png","https://f1qv-main-data.s3.us-east-1.amazonaws.com/amt/main_task_F1QV/Fish/Tactile/22.jpg","","Cat","https://f1qv-main-data.s3.us-east-1.amazonaws.com/amt/main_task_F1QV/Cat/Natural/cat_13.jpeg","https://f1qv-main-data.s3.us-east-1.amazonaws.com/amt/main_task_F1QV/Cat/Tactile/13.jpg","","Rabbit","https://f1qv-main-data.s3.us-east-1.amazonaws.com/amt/main_task_F1QV/Rabbit/Natural/10.png","https://f1qv-main-data.s3.us-east-1.amazonaws.com/amt/main_task_F1QV/Rabbit/Tactile/10.jpg","","Dog","https://f1qv-main-data.s3.us-east-1.amazonaws.com/amt/main_task_F1QV/Dog/Natural/5_Dog.jpg","https://f1qv-main-data.s3.us-east-1.amazonaws.com/amt/main_task_F1QV/Dog/Tactile/5.jpg","","Fish","https://f1qv-main-data.s3.us-east-1.amazonaws.com/amt/main_task_F1QV/Fish/Natural/15_fish.jpg","https://f1qv-main-data.s3.us-east-1.amazonaws.com/amt/main_task_F1QV/Fish/Tactile/15.jpg","","Bee","https://f1qv-main-data.s3.us-east-1.amazonaws.com/amt/main_task_F1QV/Bee/Natural/Bee_3.jpg","https://f1qv-main-data.s3.us-east-1.amazonaws.com/amt/main_task_F1QV/Bee/Tactile/3.jpg","","Fish","https://f1qv-main-data.s3.us-east-1.amazonaws.com/amt/main_task_F1QV/Fish/Natural/17_fish.jpg","https://f1qv-main-data.s3.us-east-1.amazonaws.com/amt/main_task_F1QV/Fish/Tactile/17.jpg","","Duck","https://f1qv-main-data.s3.us-east-1.amazonaws.com/amt/main_task_F1QV/Duck/Natural/12_Duck.jpg","https://f1qv-main-data.s3.us-east-1.amazonaws.com/amt/main_task_F1QV/Duck/Tactile/12.jpg","","[{""question1"":{""angle_match"":true,""view_frontal"":true,""view_perspective"":false,""view_side"":false,""view_top"":false},""question10"":{""angle_match"":true,""view_frontal"":false,""view_perspective"":false,""view_side"":true,""view_top"":false},""question2"":{""angle_match"":true,""view_frontal"":false,""view_perspective"":false,""view_side"":false,""view_top"":true},""question3"":{""angle_match"":true,""view_frontal"":false,""view_perspective"":false,""view_side"":true,""view_top"":false},""question4"":{""angle_match"":true,""view_frontal"":false,""view_perspective"":false,""view_side"":true,""view_top"":false},""question5"":{""angle_match"":true,""view_frontal"":false,""view_perspective"":false,""view_side"":true,""view_top"":false},""question6"":{""angle_match"":true,""view_frontal"":false,""view_perspective"":false,""view_side"":true,""view_top"":false},""question7"":{""angle_match"":true,""view_frontal"":false,""view_perspective"":false,""view_side"":true,""view_top"":false},""question8"":{""angle_match"":true,""view_frontal"":true,""view_perspective"":false,""view_side"":false,""view_top"":false},""question9"":{""angle_match"":true,""view_frontal"":false,""view_perspective"":false,""view_side"":true,""view_top"":false}}]"
"3V7ICJJA02UKHPW4AH4YP0VVYNAB45","3BHRGUFAI0A6J7Y48A1RI398KZYCSF","Categorize images based on object's view.","Review 10 animal’s line-arts and judge if it has same or different views. Identify view for each tactile. (10 pairs)","tactile, image review, accessibility, animals","$0.05","Tue Mar 03 20:32:22 PST 2026","7","BatchId:5376447;OriginalHitTemplateId:928390873;","3600","2592000","Mon Mar 23 21:32:22 PDT 2026","","","3RUIQRXJC42UEQNUXOXAD4P4O1TLLG","A2V3XARMPINRM8","Submitted","Tue Mar 03 20:42:31 PST 2026","Tue Mar 03 21:02:21 PST 2026","Thu Apr 02 22:02:21 PDT 2026","","","","1190","100% (1/1)","100% (1/1)","100% (1/1)","Crab","https://f1qv-main-data.s3.us-east-1.amazonaws.com/amt/main_task_F1QV/Crab/Natural/Crab_2.jpg","https://f1qv-main-data.s3.us-east-1.amazonaws.com/amt/main_task_F1QV/Crab/Tactile/2.jpeg","","Beluga Whale","https://f1qv-main-data.s3.us-east-1.amazonaws.com/amt/main_task_F1QV/Beluga Whale/Natural/Beluga_11.jpg","https://f1qv-main-data.s3.us-east-1.amazonaws.com/amt/main_task_F1QV/Beluga Whale/Tactile/11.jpg","","Fish","https://f1qv-main-data.s3.us-east-1.amazonaws.com/amt/main_task_F1QV/Fish/Natural/22_FISH.png","https://f1qv-main-data.s3.us-east-1.amazonaws.com/amt/main_task_F1QV/Fish/Tactile/22.jpg","","Cat","https://f1qv-main-data.s3.us-east-1.amazonaws.com/amt/main_task_F1QV/Cat/Natural/cat_13.jpeg","https://f1qv-main-data.s3.us-east-1.amazonaws.com/amt/main_task_F1QV/Cat/Tactile/13.jpg","","Rabbit","https://f1qv-main-data.s3.us-east-1.amazonaws.com/amt/main_task_F1QV/Rabbit/Natural/10.png","https://f1qv-main-data.s3.us-east-1.amazonaws.com/amt/main_task_F1QV/Rabbit/Tactile/10.jpg","","Dog","https://f1qv-main-data.s3.us-east-1.amazonaws.com/amt/main_task_F1QV/Dog/Natural/5_Dog.jpg","https://f1qv-main-data.s3.us-east-1.amazonaws.com/amt/main_task_F1QV/Dog/Tactile/5.jpg","","Fish","https://f1qv-main-data.s3.us-east-1.amazonaws.com/amt/main_task_F1QV/Fish/Natural/15_fish.jpg","https://f1qv-main-data.s3.us-east-1.amazonaws.com/amt/main_task_F1QV/Fish/Tactile/15.jpg","","Bee","https://f1qv-main-data.s3.us-east-1.amazonaws.com/amt/main_task_F1QV/Bee/Natural/Bee_3.jpg","https://f1qv-main-data.s3.us-east-1.amazonaws.com/amt/main_task_F1QV/Bee/Tactile/3.jpg","","Fish","https://f1qv-main-data.s3.us-east-1.amazonaws.com/amt/main_task_F1QV/Fish/Natural/17_fish.jpg","https://f1qv-main-data.s3.us-east-1.amazonaws.com/amt/main_task_F1QV/Fish/Tactile/17.jpg","","Duck","https://f1qv-main-data.s3.us-east-1.amazonaws.com/amt/main_task_F1QV/Duck/Natural/12_Duck.jpg","https://f1qv-main-data.s3.us-east-1.amazonaws.com/amt/main_task_F1QV/Duck/Tactile/12.jpg","","[{""question1"":{""angle_match"":true,""view_frontal"":false,""view_perspective"":false,""view_side"":false,""view_top"":false},""question10"":{""angle_match"":true,""view_frontal"":false,""view_perspective"":false,""view_side"":true,""view_top"":false},""question2"":{""angle_match"":true,""view_frontal"":true,""view_perspective"":false,""view_side"":false,""view_top"":false},""question3"":{""angle_match"":true,""view_frontal"":false,""view_perspective"":false,""view_side"":true,""view_top"":false},""question4"":{""angle_match"":true,""view_frontal"":false,""view_perspective"":false,""view_side"":false,""view_top"":true},""question5"":{""angle_match"":true,""view_frontal"":false,""view_perspective"":false,""view_side"":true,""view_top"":false},""question6"":{""angle_match"":true,""view_frontal"":false,""view_perspective"":false,""view_side"":true,""view_top"":false},""question7"":{""angle_match"":true,""view_frontal"":false,""view_perspective"":false,""view_side"":true,""view_top"":false},""question8"":{""angle_match"":true,""view_frontal"":false,""view_perspective"":false,""view_side"":false,""view_top"":false},""question9"":{""angle_match"":false,""view_frontal"":false,""view_perspective"":false,""view_side"":true,""view_top"":false}}]"
"3V7ICJJA02UKHPW4AH4YP0VVYNAB45","3BHRGUFAI0A6J7Y48A1RI398KZYCSF","Categorize images based on object's view.","Review 10 animal’s line-arts and judge if it has same or different views. Identify view for each tactile. (10 pairs)","tactile, image review, accessibility, animals","$0.05","Tue Mar 03 20:32:22 PST 2026","7","BatchId:5376447;OriginalHitTemplateId:928390873;","3600","2592000","Mon Mar 23 21:32:22 PDT 2026","","","3RRCEFRB8FQM39UX0J9ZDKROQLM4BL","A3SA9LY6RXKFOI","Submitted","Tue Mar 03 20:45:00 PST 2026","Tue Mar 03 21:03:29 PST 2026","Thu Apr 02 22:03:29 PDT 2026","","","","1109","0% (0/0)","0% (0/0)","0% (0/0)","Crab","https://f1qv-main-data.s3.us-east-1.amazonaws.com/amt/main_task_F1QV/Crab/Natural/Crab_2.jpg","https://f1qv-main-data.s3.us-east-1.amazonaws.com/amt/main_task_F1QV/Crab/Tactile/2.jpeg","","Beluga Whale","https://f1qv-main-data.s3.us-east-1.amazonaws.com/amt/main_task_F1QV/Beluga Whale/Natural/Beluga_11.jpg","https://f1qv-main-data.s3.us-east-1.amazonaws.com/amt/main_task_F1QV/Beluga Whale/Tactile/11.jpg","","Fish","https://f1qv-main-data.s3.us-east-1.amazonaws.com/amt/main_task_F1QV/Fish/Natural/22_FISH.png","https://f1qv-main-data.s3.us-east-1.amazonaws.com/amt/main_task_F1QV/Fish/Tactile/22.jpg","","Cat","https://f1qv-main-data.s3.us-east-1.amazonaws.com/amt/main_task_F1QV/Cat/Natural/cat_13.jpeg","https://f1qv-main-data.s3.us-east-1.amazonaws.com/amt/main_task_F1QV/Cat/Tactile/13.jpg","","Rabbit","https://f1qv-main-data.s3.us-east-1.amazonaws.com/amt/main_task_F1QV/Rabbit/Natural/10.png","https://f1qv-main-data.s3.us-east-1.amazonaws.com/amt/main_task_F1QV/Rabbit/Tactile/10.jpg","","Dog","https://f1qv-main-data.s3.us-east-1.amazonaws.com/amt/main_task_F1QV/Dog/Natural/5_Dog.jpg","https://f1qv-main-data.s3.us-east-1.amazonaws.com/amt/main_task_F1QV/Dog/Tactile/5.jpg","","Fish","https://f1qv-main-data.s3.us-east-1.amazonaws.com/amt/main_task_F1QV/Fish/Natural/15_fish.jpg","https://f1qv-main-data.s3.us-east-1.amazonaws.com/amt/main_task_F1QV/Fish/Tactile/15.jpg","","Bee","https://f1qv-main-data.s3.us-east-1.amazonaws.com/amt/main_task_F1QV/Bee/Natural/Bee_3.jpg","https://f1qv-main-data.s3.us-east-1.amazonaws.com/amt/main_task_F1QV/Bee/Tactile/3.jpg","","Fish","https://f1qv-main-data.s3.us-east-1.amazonaws.com/amt/main_task_F1QV/Fish/Natural/17_fish.jpg","https://f1qv-main-data.s3.us-east-1.amazonaws.com/amt/main_task_F1QV/Fish/Tactile/17.jpg","","Duck","https://f1qv-main-data.s3.us-east-1.amazonaws.com/amt/main_task_F1QV/Duck/Natural/12_Duck.jpg","https://f1qv-main-data.s3.us-east-1.amazonaws.com/amt/main_task_F1QV/Duck/Tactile/12.jpg","","[{""question1"":{""angle_match"":true,""view_frontal"":true,""view_perspective"":false,""view_side"":false,""view_top"":false},""question10"":{""angle_match"":true,""view_frontal"":false,""view_perspective"":false,""view_side"":true,""view_top"":false},""question2"":{""angle_match"":true,""view_frontal"":false,""view_perspective"":false,""view_side"":true,""view_top"":false},""question3"":{""angle_match"":true,""view_frontal"":false,""view_perspective"":false,""view_side"":true,""view_top"":false},""question4"":{""angle_match"":true,""view_frontal"":false,""view_perspective"":false,""view_side"":true,""view_top"":false},""question5"":{""angle_match"":true,""view_frontal"":false,""view_perspective"":false,""view_side"":true,""view_top"":false},""question6"":{""angle_match"":true,""view_frontal"":false,""view_perspective"":false,""view_side"":true,""view_top"":false},""question7"":{""angle_match"":true,""view_frontal"":false,""view_perspective"":false,""view_side"":true,""view_top"":false},""question8"":{""angle_match"":true,""view_frontal"":true,""view_perspective"":false,""view_side"":false,""view_top"":false},""question9"":{""angle_match"":true,""view_frontal"":false,""view_perspective"":false,""view_side"":true,""view_top"":false}}]"
"3V7ICJJA02UKHPW4AH4YP0VVYNAB45","3BHRGUFAI0A6J7Y48A1RI398KZYCSF","Categorize images based on object's view.","Review 10 animal’s line-arts and judge if it has same or different views. Identify view for each tactile. (10 pairs)","tactile, image review, accessibility, animals","$0.05","Tue Mar 03 20:32:22 PST 2026","7","BatchId:5376447;OriginalHitTemplateId:928390873;","3600","2592000","Mon Mar 23 21:32:22 PDT 2026","","","3PW9OPU9QJYBNXXIU8XMETHHKUV12X","A1MYCZT6OX9G20","Submitted","Tue Mar 03 20:39:42 PST 2026","Tue Mar 03 21:10:44 PST 2026","Thu Apr 02 22:10:44 PDT 2026","","","","1862","100% (9/9)","0% (0/0)","0% (0/0)","Crab","https://f1qv-main-data.s3.us-east-1.amazonaws.com/amt/main_task_F1QV/Crab/Natural/Crab_2.jpg","https://f1qv-main-data.s3.us-east-1.amazonaws.com/amt/main_task_F1QV/Crab/Tactile/2.jpeg","","Beluga Whale","https://f1qv-main-data.s3.us-east-1.amazonaws.com/amt/main_task_F1QV/Beluga Whale/Natural/Beluga_11.jpg","https://f1qv-main-data.s3.us-east-1.amazonaws.com/amt/main_task_F1QV/Beluga Whale/Tactile/11.jpg","","Fish","https://f1qv-main-data.s3.us-east-1.amazonaws.com/amt/main_task_F1QV/Fish/Natural/22_FISH.png","https://f1qv-main-data.s3.us-east-1.amazonaws.com/amt/main_task_F1QV/Fish/Tactile/22.jpg","","Cat","https://f1qv-main-data.s3.us-east-1.amazonaws.com/amt/main_task_F1QV/Cat/Natural/cat_13.jpeg","https://f1qv-main-data.s3.us-east-1.amazonaws.com/amt/main_task_F1QV/Cat/Tactile/13.jpg","","Rabbit","https://f1qv-main-data.s3.us-east-1.amazonaws.com/amt/main_task_F1QV/Rabbit/Natural/10.png","https://f1qv-main-data.s3.us-east-1.amazonaws.com/amt/main_task_F1QV/Rabbit/Tactile/10.jpg","","Dog","https://f1qv-main-data.s3.us-east-1.amazonaws.com/amt/main_task_F1QV/Dog/Natural/5_Dog.jpg","https://f1qv-main-data.s3.us-east-1.amazonaws.com/amt/main_task_F1QV/Dog/Tactile/5.jpg","","Fish","https://f1qv-main-data.s3.us-east-1.amazonaws.com/amt/main_task_F1QV/Fish/Natural/15_fish.jpg","https://f1qv-main-data.s3.us-east-1.amazonaws.com/amt/main_task_F1QV/Fish/Tactile/15.jpg","","Bee","https://f1qv-main-data.s3.us-east-1.amazonaws.com/amt/main_task_F1QV/Bee/Natural/Bee_3.jpg","https://f1qv-main-data.s3.us-east-1.amazonaws.com/amt/main_task_F1QV/Bee/Tactile/3.jpg","","Fish","https://f1qv-main-data.s3.us-east-1.amazonaws.com/amt/main_task_F1QV/Fish/Natural/17_fish.jpg","https://f1qv-main-data.s3.us-east-1.amazonaws.com/amt/main_task_F1QV/Fish/Tactile/17.jpg","","Duck","https://f1qv-main-data.s3.us-east-1.amazonaws.com/amt/main_task_F1QV/Duck/Natural/12_Duck.jpg","https://f1qv-main-data.s3.us-east-1.amazonaws.com/amt/main_task_F1QV/Duck/Tactile/12.jpg","","[{""question1"":{""angle_match"":true,""view_frontal"":false,""view_perspective"":false,""view_side"":false,""view_top"":true},""question10"":{""angle_match"":true,""view_frontal"":false,""view_perspective"":false,""view_side"":true,""view_top"":false},""question2"":{""angle_match"":true,""view_frontal"":true,""view_perspective"":false,""view_side"":false,""view_top"":false},""question3"":{""angle_match"":true,""view_frontal"":false,""view_perspective"":false,""view_side"":true,""view_top"":false},""question4"":{""angle_match"":true,""view_frontal"":false,""view_perspective"":false,""view_side"":true,""view_top"":false},""question5"":{""angle_match"":true,""view_frontal"":false,""view_perspective"":false,""view_side"":true,""view_top"":false},""question6"":{""angle_match"":true,""view_frontal"":false,""view_perspective"":false,""view_side"":true,""view_top"":false},""question7"":{""angle_match"":true,""view_frontal"":false,""view_perspective"":false,""view_side"":true,""view_top"":false},""question8"":{""angle_match"":true,""view_frontal"":false,""view_perspective"":false,""view_side"":false,""view_top"":true},""question9"":{""angle_match"":true,""view_frontal"":false,""view_perspective"":true,""view_side"":false,""view_top"":false}}]"
"3V7ICJJA02UKHPW4AH4YP0VVYNAB45","3BHRGUFAI0A6J7Y48A1RI398KZYCSF","Categorize images based on object's view.","Review 10 animal’s line-arts and judge if it has same or different views. Identify view for each tactile. (10 pairs)","tactile, image review, accessibility, animals","$0.05","Tue Mar 03 20:32:22 PST 2026","7","BatchId:5376447;OriginalHitTemplateId:928390873;","3600","2592000","Mon Mar 23 21:32:22 PDT 2026","","","3COPXFW7Y4Q9L5KA4GEGFLL94BRKPC","AWGGLWWAXQGN0","Submitted","Tue Mar 03 20:45:22 PST 2026","Tue Mar 03 21:11:42 PST 2026","Thu Apr 02 22:11:42 PDT 2026","","","","1580","100% (2/2)","100% (2/2)","0% (0/0)","Crab","https://f1qv-main-data.s3.us-east-1.amazonaws.com/amt/main_task_F1QV/Crab/Natural/Crab_2.jpg","https://f1qv-main-data.s3.us-east-1.amazonaws.com/amt/main_task_F1QV/Crab/Tactile/2.jpeg","","Beluga Whale","https://f1qv-main-data.s3.us-east-1.amazonaws.com/amt/main_task_F1QV/Beluga Whale/Natural/Beluga_11.jpg","https://f1qv-main-data.s3.us-east-1.amazonaws.com/amt/main_task_F1QV/Beluga Whale/Tactile/11.jpg","","Fish","https://f1qv-main-data.s3.us-east-1.amazonaws.com/amt/main_task_F1QV/Fish/Natural/22_FISH.png","https://f1qv-main-data.s3.us-east-1.amazonaws.com/amt/main_task_F1QV/Fish/Tactile/22.jpg","","Cat","https://f1qv-main-data.s3.us-east-1.amazonaws.com/amt/main_task_F1QV/Cat/Natural/cat_13.jpeg","https://f1qv-main-data.s3.us-east-1.amazonaws.com/amt/main_task_F1QV/Cat/Tactile/13.jpg","","Rabbit","https://f1qv-main-data.s3.us-east-1.amazonaws.com/amt/main_task_F1QV/Rabbit/Natural/10.png","https://f1qv-main-data.s3.us-east-1.amazonaws.com/amt/main_task_F1QV/Rabbit/Tactile/10.jpg","","Dog","https://f1qv-main-data.s3.us-east-1.amazonaws.com/amt/main_task_F1QV/Dog/Natural/5_Dog.jpg","https://f1qv-main-data.s3.us-east-1.amazonaws.com/amt/main_task_F1QV/Dog/Tactile/5.jpg","","Fish","https://f1qv-main-data.s3.us-east-1.amazonaws.com/amt/main_task_F1QV/Fish/Natural/15_fish.jpg","https://f1qv-main-data.s3.us-east-1.amazonaws.com/amt/main_task_F1QV/Fish/Tactile/15.jpg","","Bee","https://f1qv-main-data.s3.us-east-1.amazonaws.com/amt/main_task_F1QV/Bee/Natural/Bee_3.jpg","https://f1qv-main-data.s3.us-east-1.amazonaws.com/amt/main_task_F1QV/Bee/Tactile/3.jpg","","Fish","https://f1qv-main-data.s3.us-east-1.amazonaws.com/amt/main_task_F1QV/Fish/Natural/17_fish.jpg","https://f1qv-main-data.s3.us-east-1.amazonaws.com/amt/main_task_F1QV/Fish/Tactile/17.jpg","","Duck","https://f1qv-main-data.s3.us-east-1.amazonaws.com/amt/main_task_F1QV/Duck/Natural/12_Duck.jpg","https://f1qv-main-data.s3.us-east-1.amazonaws.com/amt/main_task_F1QV/Duck/Tactile/12.jpg","","[{""question1"":{""angle_match"":true,""view_frontal"":true,""view_perspective"":false,""view_side"":false,""view_top"":false},""question10"":{""angle_match"":true,""view_frontal"":false,""view_perspective"":false,""view_side"":true,""view_top"":false},""question2"":{""angle_match"":true,""view_frontal"":false,""view_perspective"":false,""view_side"":true,""view_top"":false},""question3"":{""angle_match"":true,""view_frontal"":false,""view_perspective"":false,""view_side"":true,""view_top"":false},""question4"":{""angle_match"":true,""view_frontal"":false,""view_perspective"":false,""view_side"":false,""view_top"":true},""question5"":{""angle_match"":true,""view_frontal"":false,""view_perspective"":false,""view_side"":true,""view_top"":false},""question6"":{""angle_match"":true,""view_frontal"":true,""view_perspective"":false,""view_side"":false,""view_top"":false},""question7"":{""angle_match"":true,""view_frontal"":false,""view_perspective"":false,""view_side"":true,""view_top"":false},""question8"":{""angle_match"":false,""view_frontal"":false,""view_perspective"":true,""view_side"":false,""view_top"":false},""question9"":{""angle_match"":true,""view_frontal"":true,""view_perspective"":false,""view_side"":false,""view_top"":false}}]"
"3V7ICJJA02UKHPW4AH4YP0VVYNAB45","3BHRGUFAI0A6J7Y48A1RI398KZYCSF","Categorize images based on object's view.","Review 10 animal’s line-arts and judge if it has same or different views. Identify view for each tactile. (10 pairs)","tactile, image review, accessibility, animals","$0.05","Tue Mar 03 20:32:22 PST 2026","7","BatchId:5376447;OriginalHitTemplateId:928390873;","3600","2592000","Mon Mar 23 21:32:22 PDT 2026","","","3LYA37P8JJ17HBJ0LBWFK1GKN7CBKI","A3HYU8WSD2QPTK","Submitted","Tue Mar 03 20:45:11 PST 2026","Tue Mar 03 21:15:22 PST 2026","Thu Apr 02 22:15:22 PDT 2026","","","","1811","100% (15/15)","100% (15/15)","0% (0/0)","Crab","https://f1qv-main-data.s3.us-east-1.amazonaws.com/amt/main_task_F1QV/Crab/Natural/Crab_2.jpg","https://f1qv-main-data.s3.us-east-1.amazonaws.com/amt/main_task_F1QV/Crab/Tactile/2.jpeg","","Beluga Whale","https://f1qv-main-data.s3.us-east-1.amazonaws.com/amt/main_task_F1QV/Beluga Whale/Natural/Beluga_11.jpg","https://f1qv-main-data.s3.us-east-1.amazonaws.com/amt/main_task_F1QV/Beluga Whale/Tactile/11.jpg","","Fish","https://f1qv-main-data.s3.us-east-1.amazonaws.com/amt/main_task_F1QV/Fish/Natural/22_FISH.png","https://f1qv-main-data.s3.us-east-1.amazonaws.com/amt/main_task_F1QV/Fish/Tactile/22.jpg","","Cat","https://f1qv-main-data.s3.us-east-1.amazonaws.com/amt/main_task_F1QV/Cat/Natural/cat_13.jpeg","https://f1qv-main-data.s3.us-east-1.amazonaws.com/amt/main_task_F1QV/Cat/Tactile/13.jpg","","Rabbit","https://f1qv-main-data.s3.us-east-1.amazonaws.com/amt/main_task_F1QV/Rabbit/Natural/10.png","https://f1qv-main-data.s3.us-east-1.amazonaws.com/amt/main_task_F1QV/Rabbit/Tactile/10.jpg","","Dog","https://f1qv-main-data.s3.us-east-1.amazonaws.com/amt/main_task_F1QV/Dog/Natural/5_Dog.jpg","https://f1qv-main-data.s3.us-east-1.amazonaws.com/amt/main_task_F1QV/Dog/Tactile/5.jpg","","Fish","https://f1qv-main-data.s3.us-east-1.amazonaws.com/amt/main_task_F1QV/Fish/Natural/15_fish.jpg","https://f1qv-main-data.s3.us-east-1.amazonaws.com/amt/main_task_F1QV/Fish/Tactile/15.jpg","","Bee","https://f1qv-main-data.s3.us-east-1.amazonaws.com/amt/main_task_F1QV/Bee/Natural/Bee_3.jpg","https://f1qv-main-data.s3.us-east-1.amazonaws.com/amt/main_task_F1QV/Bee/Tactile/3.jpg","","Fish","https://f1qv-main-data.s3.us-east-1.amazonaws.com/amt/main_task_F1QV/Fish/Natural/17_fish.jpg","https://f1qv-main-data.s3.us-east-1.amazonaws.com/amt/main_task_F1QV/Fish/Tactile/17.jpg","","Duck","https://f1qv-main-data.s3.us-east-1.amazonaws.com/amt/main_task_F1QV/Duck/Natural/12_Duck.jpg","https://f1qv-main-data.s3.us-east-1.amazonaws.com/amt/main_task_F1QV/Duck/Tactile/12.jpg","","[{""question1"":{""angle_match"":true,""view_frontal"":false,""view_perspective"":false,""view_side"":true,""view_top"":false},""question10"":{""angle_match"":true,""view_frontal"":false,""view_perspective"":false,""view_side"":true,""view_top"":false},""question2"":{""angle_match"":true,""view_frontal"":true,""view_perspective"":false,""view_side"":false,""view_top"":false},""question3"":{""angle_match"":true,""view_frontal"":true,""view_perspective"":false,""view_side"":false,""view_top"":false},""question4"":{""angle_match"":true,""view_frontal"":false,""view_perspective"":false,""view_side"":false,""view_top"":true},""question5"":{""angle_match"":true,""view_frontal"":false,""view_perspective"":false,""view_side"":true,""view_top"":false},""question6"":{""angle_match"":true,""view_frontal"":false,""view_perspective"":false,""view_side"":true,""view_top"":false},""question7"":{""angle_match"":true,""view_frontal"":false,""view_perspective"":false,""view_side"":true,""view_top"":false},""question8"":{""angle_match"":true,""view_frontal"":false,""view_perspective"":true,""view_side"":false,""view_top"":false},""question9"":{""angle_match"":true,""view_frontal"":false,""view_perspective"":false,""view_side"":false,""view_top"":true}}]"
"368IUKXGBXM0061SCAFEHIKYBIVP6P","3BHRGUFAI0A6J7Y48A1RI398KZYCSF","Categorize images based on object's view.","Review 10 animal’s line-arts and judge if it has same or different views. Identify view for each tactile. (10 pairs)","tactile, image review, accessibility, animals","$0.05","Tue Mar 03 20:32:22 PST 2026","7","BatchId:5376447;OriginalHitTemplateId:928390873;","3600","2592000","Mon Mar 23 21:32:22 PDT 2026","","","3NJM2BJS5PKR278MC3XIR281Z1DPCX","A3OLY20VMA8SPJ","Submitted","Tue Mar 03 20:39:01 PST 2026","Tue Mar 03 20:46:38 PST 2026","Thu Apr 02 21:46:38 PDT 2026","","","","457","100% (15/15)","100% (15/15)","0% (0/0)","Fox","https://f1qv-main-data.s3.us-east-1.amazonaws.com/amt/main_task_F1QV/Fox/Natural/Fox_10.jpg","https://f1qv-main-data.s3.us-east-1.amazonaws.com/amt/main_task_F1QV/Fox/Tactile/10.jpg","","Bird","https://f1qv-main-data.s3.us-east-1.amazonaws.com/amt/main_task_F1QV/Bird/Natural/17_Bird(2)_Edited.jpg","https://f1qv-main-data.s3.us-east-1.amazonaws.com/amt/main_task_F1QV/Bird/Tactile/17.jpg","","Elephant","https://f1qv-main-data.s3.us-east-1.amazonaws.com/amt/main_task_F1QV/Elephant/Natural/10_Elephant (2).jpeg","https://f1qv-main-data.s3.us-east-1.amazonaws.com/amt/main_task_F1QV/Elephant/Tactile/10.jpg","","Cat","https://f1qv-main-data.s3.us-east-1.amazonaws.com/amt/main_task_F1QV/Cat/Natural/cat_22(2).jpeg","https://f1qv-main-data.s3.us-east-1.amazonaws.com/amt/main_task_F1QV/Cat/Tactile/22.jpg","","Rabbit","https://f1qv-main-data.s3.us-east-1.amazonaws.com/amt/main_task_F1QV/Rabbit/Natural/5.png","https://f1qv-main-data.s3.us-east-1.amazonaws.com/amt/main_task_F1QV/Rabbit/Tactile/5.jpg","","Bird","https://f1qv-main-data.s3.us-east-1.amazonaws.com/amt/main_task_F1QV/Bird/Natural/19_Bird(3).jpg","https://f1qv-main-data.s3.us-east-1.amazonaws.com/amt/main_task_F1QV/Bird/Tactile/19.jpg","","Penguin","https://f1qv-main-data.s3.us-east-1.amazonaws.com/amt/main_task_F1QV/Penguin/Natural/12.jpg","https://f1qv-main-data.s3.us-east-1.amazonaws.com/amt/main_task_F1QV/Penguin/Tactile/12.jpeg","","Duck","https://f1qv-main-data.s3.us-east-1.amazonaws.com/amt/main_task_F1QV/Duck/Natural/7_Duck.png","https://f1qv-main-data.s3.us-east-1.amazonaws.com/amt/main_task_F1QV/Duck/Tactile/7.jpg","","Llama","https://f1qv-main-data.s3.us-east-1.amazonaws.com/amt/main_task_F1QV/Llama/Natural/9.jpg","https://f1qv-main-data.s3.us-east-1.amazonaws.com/amt/main_task_F1QV/Llama/Tactile/9.jpg","","Bat","https://f1qv-main-data.s3.us-east-1.amazonaws.com/amt/main_task_F1QV/Bat/Natural/3_2.png","https://f1qv-main-data.s3.us-east-1.amazonaws.com/amt/main_task_F1QV/Bat/Tactile/3.jpeg","","[{""question1"":{""angle_match"":true,""view_frontal"":false,""view_perspective"":false,""view_side"":true,""view_top"":false},""question10"":{""angle_match"":true,""view_frontal"":false,""view_perspective"":false,""view_side"":false,""view_top"":true},""question2"":{""angle_match"":true,""view_frontal"":false,""view_perspective"":false,""view_side"":true,""view_top"":false},""question3"":{""angle_match"":true,""view_frontal"":false,""view_perspective"":false,""view_side"":true,""view_top"":false},""question4"":{""angle_match"":true,""view_frontal"":false,""view_perspective"":false,""view_side"":false,""view_top"":true},""question5"":{""angle_match"":true,""view_frontal"":false,""view_perspective"":false,""view_side"":false,""view_top"":true},""question6"":{""angle_match"":true,""view_frontal"":false,""view_perspective"":false,""view_side"":true,""view_top"":false},""question7"":{""angle_match"":true,""view_frontal"":false,""view_perspective"":false,""view_side"":false,""view_top"":true},""question8"":{""angle_match"":true,""view_frontal"":false,""view_perspective"":false,""view_side"":true,""view_top"":false},""question9"":{""angle_match"":true,""view_frontal"":false,""view_perspective"":false,""view_side"":true,""view_top"":false}}]"
"368IUKXGBXM0061SCAFEHIKYBIVP6P","3BHRGUFAI0A6J7Y48A1RI398KZYCSF","Categorize images based on object's view.","Review 10 animal’s line-arts and judge if it has same or different views. Identify view for each tactile. (10 pairs)","tactile, image review, accessibility, animals","$0.05","Tue Mar 03 20:32:22 PST 2026","7","BatchId:5376447;OriginalHitTemplateId:928390873;","3600","2592000","Mon Mar 23 21:32:22 PDT 2026","","","36H9ULYP7V82J8PY8SIZ2C7SNG3FJ4","AB91OPDEOAWGJ","Submitted","Tue Mar 03 20:43:58 PST 2026","Tue Mar 03 20:48:34 PST 2026","Thu Apr 02 21:48:34 PDT 2026","","","","276","100% (17/17)","100% (4/4)","0% (0/0)","Fox","https://f1qv-main-data.s3.us-east-1.amazonaws.com/amt/main_task_F1QV/Fox/Natural/Fox_10.jpg","https://f1qv-main-data.s3.us-east-1.amazonaws.com/amt/main_task_F1QV/Fox/Tactile/10.jpg","","Bird","https://f1qv-main-data.s3.us-east-1.amazonaws.com/amt/main_task_F1QV/Bird/Natural/17_Bird(2)_Edited.jpg","https://f1qv-main-data.s3.us-east-1.amazonaws.com/amt/main_task_F1QV/Bird/Tactile/17.jpg","","Elephant","https://f1qv-main-data.s3.us-east-1.amazonaws.com/amt/main_task_F1QV/Elephant/Natural/10_Elephant (2).jpeg","https://f1qv-main-data.s3.us-east-1.amazonaws.com/amt/main_task_F1QV/Elephant/Tactile/10.jpg","","Cat","https://f1qv-main-data.s3.us-east-1.amazonaws.com/amt/main_task_F1QV/Cat/Natural/cat_22(2).jpeg","https://f1qv-main-data.s3.us-east-1.amazonaws.com/amt/main_task_F1QV/Cat/Tactile/22.jpg","","Rabbit","https://f1qv-main-data.s3.us-east-1.amazonaws.com/amt/main_task_F1QV/Rabbit/Natural/5.png","https://f1qv-main-data.s3.us-east-1.amazonaws.com/amt/main_task_F1QV/Rabbit/Tactile/5.jpg","","Bird","https://f1qv-main-data.s3.us-east-1.amazonaws.com/amt/main_task_F1QV/Bird/Natural/19_Bird(3).jpg","https://f1qv-main-data.s3.us-east-1.amazonaws.com/amt/main_task_F1QV/Bird/Tactile/19.jpg","","Penguin","https://f1qv-main-data.s3.us-east-1.amazonaws.com/amt/main_task_F1QV/Penguin/Natural/12.jpg","https://f1qv-main-data.s3.us-east-1.amazonaws.com/amt/main_task_F1QV/Penguin/Tactile/12.jpeg","","Duck","https://f1qv-main-data.s3.us-east-1.amazonaws.com/amt/main_task_F1QV/Duck/Natural/7_Duck.png","https://f1qv-main-data.s3.us-east-1.amazonaws.com/amt/main_task_F1QV/Duck/Tactile/7.jpg","","Llama","https://f1qv-main-data.s3.us-east-1.amazonaws.com/amt/main_task_F1QV/Llama/Natural/9.jpg","https://f1qv-main-data.s3.us-east-1.amazonaws.com/amt/main_task_F1QV/Llama/Tactile/9.jpg","","Bat","https://f1qv-main-data.s3.us-east-1.amazonaws.com/amt/main_task_F1QV/Bat/Natural/3_2.png","https://f1qv-main-data.s3.us-east-1.amazonaws.com/amt/main_task_F1QV/Bat/Tactile/3.jpeg","","[{""question1"":{""angle_match"":true,""view_frontal"":false,""view_perspective"":true,""view_side"":false,""view_top"":false},""question10"":{""angle_match"":true,""view_frontal"":false,""view_perspective"":false,""view_side"":true,""view_top"":false},""question2"":{""angle_match"":true,""view_frontal"":false,""view_perspective"":false,""view_side"":true,""view_top"":false},""question3"":{""angle_match"":true,""view_frontal"":false,""view_perspective"":false,""view_side"":true,""view_top"":false},""question4"":{""angle_match"":true,""view_frontal"":true,""view_perspective"":false,""view_side"":false,""view_top"":false},""question5"":{""angle_match"":true,""view_frontal"":true,""view_perspective"":false,""view_side"":false,""view_top"":false},""question6"":{""angle_match"":true,""view_frontal"":false,""view_perspective"":false,""view_side"":true,""view_top"":false},""question7"":{""angle_match"":true,""view_frontal"":true,""view_perspective"":false,""view_side"":false,""view_top"":false},""question8"":{""angle_match"":true,""view_frontal"":false,""view_perspective"":false,""view_side"":true,""view_top"":false},""question9"":{""angle_match"":true,""view_frontal"":true,""view_perspective"":false,""view_side"":false,""view_top"":false}}]"
"368IUKXGBXM0061SCAFEHIKYBIVP6P","3BHRGUFAI0A6J7Y48A1RI398KZYCSF","Categorize images based on object's view.","Review 10 animal’s line-arts and judge if it has same or different views. Identify view for each tactile. (10 pairs)","tactile, image review, accessibility, animals","$0.05","Tue Mar 03 20:32:22 PST 2026","7","BatchId:5376447;OriginalHitTemplateId:928390873;","3600","2592000","Mon Mar 23 21:32:22 PDT 2026","","","34T446B1DTSOEQ42VIISC17TRU6C0K","A1E8TZHMLQMG4L","Submitted","Tue Mar 03 20:45:33 PST 2026","Tue Mar 03 20:50:46 PST 2026","Thu Apr 02 21:50:46 PDT 2026","","","","313","100% (22/22)","0% (0/0)","0% (0/0)","Fox","https://f1qv-main-data.s3.us-east-1.amazonaws.com/amt/main_task_F1QV/Fox/Natural/Fox_10.jpg","https://f1qv-main-data.s3.us-east-1.amazonaws.com/amt/main_task_F1QV/Fox/Tactile/10.jpg","","Bird","https://f1qv-main-data.s3.us-east-1.amazonaws.com/amt/main_task_F1QV/Bird/Natural/17_Bird(2)_Edited.jpg","https://f1qv-main-data.s3.us-east-1.amazonaws.com/amt/main_task_F1QV/Bird/Tactile/17.jpg","","Elephant","https://f1qv-main-data.s3.us-east-1.amazonaws.com/amt/main_task_F1QV/Elephant/Natural/10_Elephant (2).jpeg","https://f1qv-main-data.s3.us-east-1.amazonaws.com/amt/main_task_F1QV/Elephant/Tactile/10.jpg","","Cat","https://f1qv-main-data.s3.us-east-1.amazonaws.com/amt/main_task_F1QV/Cat/Natural/cat_22(2).jpeg","https://f1qv-main-data.s3.us-east-1.amazonaws.com/amt/main_task_F1QV/Cat/Tactile/22.jpg","","Rabbit","https://f1qv-main-data.s3.us-east-1.amazonaws.com/amt/main_task_F1QV/Rabbit/Natural/5.png","https://f1qv-main-data.s3.us-east-1.amazonaws.com/amt/main_task_F1QV/Rabbit/Tactile/5.jpg","","Bird","https://f1qv-main-data.s3.us-east-1.amazonaws.com/amt/main_task_F1QV/Bird/Natural/19_Bird(3).jpg","https://f1qv-main-data.s3.us-east-1.amazonaws.com/amt/main_task_F1QV/Bird/Tactile/19.jpg","","Penguin","https://f1qv-main-data.s3.us-east-1.amazonaws.com/amt/main_task_F1QV/Penguin/Natural/12.jpg","https://f1qv-main-data.s3.us-east-1.amazonaws.com/amt/main_task_F1QV/Penguin/Tactile/12.jpeg","","Duck","https://f1qv-main-data.s3.us-east-1.amazonaws.com/amt/main_task_F1QV/Duck/Natural/7_Duck.png","https://f1qv-main-data.s3.us-east-1.amazonaws.com/amt/main_task_F1QV/Duck/Tactile/7.jpg","","Llama","https://f1qv-main-data.s3.us-east-1.amazonaws.com/amt/main_task_F1QV/Llama/Natural/9.jpg","https://f1qv-main-data.s3.us-east-1.amazonaws.com/amt/main_task_F1QV/Llama/Tactile/9.jpg","","Bat","https://f1qv-main-data.s3.us-east-1.amazonaws.com/amt/main_task_F1QV/Bat/Natural/3_2.png","https://f1qv-main-data.s3.us-east-1.amazonaws.com/amt/main_task_F1QV/Bat/Tactile/3.jpeg","","[{""question1"":{""angle_match"":true,""view_frontal"":false,""view_perspective"":false,""view_side"":true,""view_top"":false},""question10"":{""angle_match"":true,""view_frontal"":false,""view_perspective"":false,""view_side"":true,""view_top"":false},""question2"":{""angle_match"":true,""view_frontal"":false,""view_perspective"":false,""view_side"":true,""view_top"":false},""question3"":{""angle_match"":true,""view_frontal"":false,""view_perspective"":false,""view_side"":true,""view_top"":false},""question4"":{""angle_match"":true,""view_frontal"":false,""view_perspective"":false,""view_side"":true,""view_top"":false},""question5"":{""angle_match"":true,""view_frontal"":false,""view_perspective"":false,""view_side"":true,""view_top"":false},""question6"":{""angle_match"":true,""view_frontal"":false,""view_perspective"":false,""view_side"":true,""view_top"":false},""question7"":{""angle_match"":true,""view_frontal"":false,""view_perspective"":false,""view_side"":true,""view_top"":false},""question8"":{""angle_match"":true,""view_frontal"":false,""view_perspective"":false,""view_side"":true,""view_top"":false},""question9"":{""angle_match"":true,""view_frontal"":false,""view_perspective"":false,""view_side"":true,""view_top"":false}}]"
"368IUKXGBXM0061SCAFEHIKYBIVP6P","3BHRGUFAI0A6J7Y48A1RI398KZYCSF","Categorize images based on object's view.","Review 10 animal’s line-arts and judge if it has same or different views. Identify view for each tactile. (10 pairs)","tactile, image review, accessibility, animals","$0.05","Tue Mar 03 20:32:22 PST 2026","7","BatchId:5376447;OriginalHitTemplateId:928390873;","3600","2592000","Mon Mar 23 21:32:22 PDT 2026","","","3EJJQNKUAKJ3VSZHBNF87O5WDC9RH5","A3CWVU18V57686","Submitted","Tue Mar 03 20:42:34 PST 2026","Tue Mar 03 20:59:24 PST 2026","Thu Apr 02 21:59:24 PDT 2026","","","","1010","0% (0/0)","0% (0/0)","0% (0/0)","Fox","https://f1qv-main-data.s3.us-east-1.amazonaws.com/amt/main_task_F1QV/Fox/Natural/Fox_10.jpg","https://f1qv-main-data.s3.us-east-1.amazonaws.com/amt/main_task_F1QV/Fox/Tactile/10.jpg","","Bird","https://f1qv-main-data.s3.us-east-1.amazonaws.com/amt/main_task_F1QV/Bird/Natural/17_Bird(2)_Edited.jpg","https://f1qv-main-data.s3.us-east-1.amazonaws.com/amt/main_task_F1QV/Bird/Tactile/17.jpg","","Elephant","https://f1qv-main-data.s3.us-east-1.amazonaws.com/amt/main_task_F1QV/Elephant/Natural/10_Elephant (2).jpeg","https://f1qv-main-data.s3.us-east-1.amazonaws.com/amt/main_task_F1QV/Elephant/Tactile/10.jpg","","Cat","https://f1qv-main-data.s3.us-east-1.amazonaws.com/amt/main_task_F1QV/Cat/Natural/cat_22(2).jpeg","https://f1qv-main-data.s3.us-east-1.amazonaws.com/amt/main_task_F1QV/Cat/Tactile/22.jpg","","Rabbit","https://f1qv-main-data.s3.us-east-1.amazonaws.com/amt/main_task_F1QV/Rabbit/Natural/5.png","https://f1qv-main-data.s3.us-east-1.amazonaws.com/amt/main_task_F1QV/Rabbit/Tactile/5.jpg","","Bird","https://f1qv-main-data.s3.us-east-1.amazonaws.com/amt/main_task_F1QV/Bird/Natural/19_Bird(3).jpg","https://f1qv-main-data.s3.us-east-1.amazonaws.com/amt/main_task_F1QV/Bird/Tactile/19.jpg","","Penguin","https://f1qv-main-data.s3.us-east-1.amazonaws.com/amt/main_task_F1QV/Penguin/Natural/12.jpg","https://f1qv-main-data.s3.us-east-1.amazonaws.com/amt/main_task_F1QV/Penguin/Tactile/12.jpeg","","Duck","https://f1qv-main-data.s3.us-east-1.amazonaws.com/amt/main_task_F1QV/Duck/Natural/7_Duck.png","https://f1qv-main-data.s3.us-east-1.amazonaws.com/amt/main_task_F1QV/Duck/Tactile/7.jpg","","Llama","https://f1qv-main-data.s3.us-east-1.amazonaws.com/amt/main_task_F1QV/Llama/Natural/9.jpg","https://f1qv-main-data.s3.us-east-1.amazonaws.com/amt/main_task_F1QV/Llama/Tactile/9.jpg","","Bat","https://f1qv-main-data.s3.us-east-1.amazonaws.com/amt/main_task_F1QV/Bat/Natural/3_2.png","https://f1qv-main-data.s3.us-east-1.amazonaws.com/amt/main_task_F1QV/Bat/Tactile/3.jpeg","","[{""question1"":{""angle_match"":true,""view_frontal"":false,""view_perspective"":false,""view_side"":true,""view_top"":false},""question10"":{""angle_match"":true,""view_frontal"":false,""view_perspective"":false,""view_side"":true,""view_top"":false},""question2"":{""angle_match"":true,""view_frontal"":false,""view_perspective"":false,""view_side"":true,""view_top"":false},""question3"":{""angle_match"":true,""view_frontal"":false,""view_perspective"":false,""view_side"":true,""view_top"":false},""question4"":{""angle_match"":true,""view_frontal"":false,""view_perspective"":true,""view_side"":false,""view_top"":false},""question5"":{""angle_match"":true,""view_frontal"":true,""view_perspective"":false,""view_side"":false,""view_top"":false},""question6"":{""angle_match"":true,""view_frontal"":false,""view_perspective"":false,""view_side"":true,""view_top"":false},""question7"":{""angle_match"":true,""view_frontal"":false,""view_perspective"":false,""view_side"":true,""view_top"":false},""question8"":{""angle_match"":true,""view_frontal"":false,""view_perspective"":false,""view_side"":true,""view_top"":false},""question9"":{""angle_match"":true,""view_frontal"":false,""view_perspective"":false,""view_side"":true,""view_top"":false}}]"
"368IUKXGBXM0061SCAFEHIKYBIVP6P","3BHRGUFAI0A6J7Y48A1RI398KZYCSF","Categorize images based on object's view.","Review 10 animal’s line-arts and judge if it has same or different views. Identify view for each tactile. (10 pairs)","tactile, image review, accessibility, animals","$0.05","Tue Mar 03 20:32:22 PST 2026","7","BatchId:5376447;OriginalHitTemplateId:928390873;","3600","2592000","Mon Mar 23 21:32:22 PDT 2026","","","33SA9F9TSQ8WJEP1KGH89KG0DBYEWH","AANFSTZSFMWNW","Submitted","Tue Mar 03 20:45:22 PST 2026","Tue Mar 03 21:04:06 PST 2026","Thu Apr 02 22:04:06 PDT 2026","","","","1124","98% (96/98)","90% (19/21)","100% (18/18)","Fox","https://f1qv-main-data.s3.us-east-1.amazonaws.com/amt/main_task_F1QV/Fox/Natural/Fox_10.jpg","https://f1qv-main-data.s3.us-east-1.amazonaws.com/amt/main_task_F1QV/Fox/Tactile/10.jpg","","Bird","https://f1qv-main-data.s3.us-east-1.amazonaws.com/amt/main_task_F1QV/Bird/Natural/17_Bird(2)_Edited.jpg","https://f1qv-main-data.s3.us-east-1.amazonaws.com/amt/main_task_F1QV/Bird/Tactile/17.jpg","","Elephant","https://f1qv-main-data.s3.us-east-1.amazonaws.com/amt/main_task_F1QV/Elephant/Natural/10_Elephant (2).jpeg","https://f1qv-main-data.s3.us-east-1.amazonaws.com/amt/main_task_F1QV/Elephant/Tactile/10.jpg","","Cat","https://f1qv-main-data.s3.us-east-1.amazonaws.com/amt/main_task_F1QV/Cat/Natural/cat_22(2).jpeg","https://f1qv-main-data.s3.us-east-1.amazonaws.com/amt/main_task_F1QV/Cat/Tactile/22.jpg","","Rabbit","https://f1qv-main-data.s3.us-east-1.amazonaws.com/amt/main_task_F1QV/Rabbit/Natural/5.png","https://f1qv-main-data.s3.us-east-1.amazonaws.com/amt/main_task_F1QV/Rabbit/Tactile/5.jpg","","Bird","https://f1qv-main-data.s3.us-east-1.amazonaws.com/amt/main_task_F1QV/Bird/Natural/19_Bird(3).jpg","https://f1qv-main-data.s3.us-east-1.amazonaws.com/amt/main_task_F1QV/Bird/Tactile/19.jpg","","Penguin","https://f1qv-main-data.s3.us-east-1.amazonaws.com/amt/main_task_F1QV/Penguin/Natural/12.jpg","https://f1qv-main-data.s3.us-east-1.amazonaws.com/amt/main_task_F1QV/Penguin/Tactile/12.jpeg","","Duck","https://f1qv-main-data.s3.us-east-1.amazonaws.com/amt/main_task_F1QV/Duck/Natural/7_Duck.png","https://f1qv-main-data.s3.us-east-1.amazonaws.com/amt/main_task_F1QV/Duck/Tactile/7.jpg","","Llama","https://f1qv-main-data.s3.us-east-1.amazonaws.com/amt/main_task_F1QV/Llama/Natural/9.jpg","https://f1qv-main-data.s3.us-east-1.amazonaws.com/amt/main_task_F1QV/Llama/Tactile/9.jpg","","Bat","https://f1qv-main-data.s3.us-east-1.amazonaws.com/amt/main_task_F1QV/Bat/Natural/3_2.png","https://f1qv-main-data.s3.us-east-1.amazonaws.com/amt/main_task_F1QV/Bat/Tactile/3.jpeg","","[{""question1"":{""angle_match"":true,""view_frontal"":true,""view_perspective"":false,""view_side"":false,""view_top"":false},""question10"":{""angle_match"":true,""view_frontal"":false,""view_perspective"":false,""view_side"":true,""view_top"":false},""question2"":{""angle_match"":true,""view_frontal"":false,""view_perspective"":false,""view_side"":true,""view_top"":false},""question3"":{""angle_match"":true,""view_frontal"":false,""view_perspective"":false,""view_side"":true,""view_top"":false},""question4"":{""angle_match"":true,""view_frontal"":false,""view_perspective"":false,""view_side"":true,""view_top"":false},""question5"":{""angle_match"":true,""view_frontal"":false,""view_perspective"":false,""view_side"":true,""view_top"":false},""question6"":{""angle_match"":true,""view_frontal"":false,""view_perspective"":false,""view_side"":true,""view_top"":false},""question7"":{""angle_match"":false,""view_frontal"":true,""view_perspective"":false,""view_side"":false,""view_top"":false},""question8"":{""angle_match"":true,""view_frontal"":false,""view_perspective"":false,""view_side"":true,""view_top"":false},""question9"":{""angle_match"":true,""view_frontal"":false,""view_perspective"":false,""view_side"":true,""view_top"":false}}]"
"368IUKXGBXM0061SCAFEHIKYBIVP6P","3BHRGUFAI0A6J7Y48A1RI398KZYCSF","Categorize images based on object's view.","Review 10 animal’s line-arts and judge if it has same or different views. Identify view for each tactile. (10 pairs)","tactile, image review, accessibility, animals","$0.05","Tue Mar 03 20:32:22 PST 2026","7","BatchId:5376447;OriginalHitTemplateId:928390873;","3600","2592000","Mon Mar 23 21:32:22 PDT 2026","","","3BXQMRHWLSCH3YS96EQQ440C1W8MU7","A22YCS3UW15WOO","Submitted","Tue Mar 03 20:38:44 PST 2026","Tue Mar 03 21:10:02 PST 2026","Thu Apr 02 22:10:02 PDT 2026","","","","1878","100% (60/60)","100% (12/12)","0% (0/0)","Fox","https://f1qv-main-data.s3.us-east-1.amazonaws.com/amt/main_task_F1QV/Fox/Natural/Fox_10.jpg","https://f1qv-main-data.s3.us-east-1.amazonaws.com/amt/main_task_F1QV/Fox/Tactile/10.jpg","","Bird","https://f1qv-main-data.s3.us-east-1.amazonaws.com/amt/main_task_F1QV/Bird/Natural/17_Bird(2)_Edited.jpg","https://f1qv-main-data.s3.us-east-1.amazonaws.com/amt/main_task_F1QV/Bird/Tactile/17.jpg","","Elephant","https://f1qv-main-data.s3.us-east-1.amazonaws.com/amt/main_task_F1QV/Elephant/Natural/10_Elephant (2).jpeg","https://f1qv-main-data.s3.us-east-1.amazonaws.com/amt/main_task_F1QV/Elephant/Tactile/10.jpg","","Cat","https://f1qv-main-data.s3.us-east-1.amazonaws.com/amt/main_task_F1QV/Cat/Natural/cat_22(2).jpeg","https://f1qv-main-data.s3.us-east-1.amazonaws.com/amt/main_task_F1QV/Cat/Tactile/22.jpg","","Rabbit","https://f1qv-main-data.s3.us-east-1.amazonaws.com/amt/main_task_F1QV/Rabbit/Natural/5.png","https://f1qv-main-data.s3.us-east-1.amazonaws.com/amt/main_task_F1QV/Rabbit/Tactile/5.jpg","","Bird","https://f1qv-main-data.s3.us-east-1.amazonaws.com/amt/main_task_F1QV/Bird/Natural/19_Bird(3).jpg","https://f1qv-main-data.s3.us-east-1.amazonaws.com/amt/main_task_F1QV/Bird/Tactile/19.jpg","","Penguin","https://f1qv-main-data.s3.us-east-1.amazonaws.com/amt/main_task_F1QV/Penguin/Natural/12.jpg","https://f1qv-main-data.s3.us-east-1.amazonaws.com/amt/main_task_F1QV/Penguin/Tactile/12.jpeg","","Duck","https://f1qv-main-data.s3.us-east-1.amazonaws.com/amt/main_task_F1QV/Duck/Natural/7_Duck.png","https://f1qv-main-data.s3.us-east-1.amazonaws.com/amt/main_task_F1QV/Duck/Tactile/7.jpg","","Llama","https://f1qv-main-data.s3.us-east-1.amazonaws.com/amt/main_task_F1QV/Llama/Natural/9.jpg","https://f1qv-main-data.s3.us-east-1.amazonaws.com/amt/main_task_F1QV/Llama/Tactile/9.jpg","","Bat","https://f1qv-main-data.s3.us-east-1.amazonaws.com/amt/main_task_F1QV/Bat/Natural/3_2.png","https://f1qv-main-data.s3.us-east-1.amazonaws.com/amt/main_task_F1QV/Bat/Tactile/3.jpeg","","[{""question1"":{""angle_match"":true,""view_frontal"":false,""view_perspective"":false,""view_side"":true,""view_top"":false},""question10"":{""angle_match"":true,""view_frontal"":true,""view_perspective"":false,""view_side"":false,""view_top"":false},""question2"":{""angle_match"":false,""view_frontal"":false,""view_perspective"":true,""view_side"":false,""view_top"":false},""question3"":{""angle_match"":true,""view_frontal"":false,""view_perspective"":false,""view_side"":true,""view_top"":false},""question4"":{""angle_match"":true,""view_frontal"":false,""view_perspective"":false,""view_side"":false,""view_top"":false},""question5"":{""angle_match"":false,""view_frontal"":true,""view_perspective"":false,""view_side"":false,""view_top"":false},""question6"":{""angle_match"":true,""view_frontal"":false,""view_perspective"":false,""view_side"":true,""view_top"":false},""question7"":{""angle_match"":false,""view_frontal"":true,""view_perspective"":false,""view_side"":false,""view_top"":false},""question8"":{""angle_match"":true,""view_frontal"":false,""view_perspective"":false,""view_side"":true,""view_top"":false},""question9"":{""angle_match"":false,""view_frontal"":true,""view_perspective"":false,""view_side"":false,""view_top"":false}}]"
"368IUKXGBXM0061SCAFEHIKYBIVP6P","3BHRGUFAI0A6J7Y48A1RI398KZYCSF","Categorize images based on object's view.","Review 10 animal’s line-arts and judge if it has same or different views. Identify view for each tactile. (10 pairs)","tactile, image review, accessibility, animals","$0.05","Tue Mar 03 20:32:22 PST 2026","7","BatchId:5376447;OriginalHitTemplateId:928390873;","3600","2592000","Mon Mar 23 21:32:22 PDT 2026","","","3NGI5ARFUMJ7F4YOW68YA6PAV51P1O","ALJH5865ISWT1","Submitted","Tue Mar 03 21:00:52 PST 2026","Tue Mar 03 21:39:30 PST 2026","Thu Apr 02 22:39:30 PDT 2026","","","","2318","100% (2/2)","100% (2/2)","0% (0/0)","Fox","https://f1qv-main-data.s3.us-east-1.amazonaws.com/amt/main_task_F1QV/Fox/Natural/Fox_10.jpg","https://f1qv-main-data.s3.us-east-1.amazonaws.com/amt/main_task_F1QV/Fox/Tactile/10.jpg","","Bird","https://f1qv-main-data.s3.us-east-1.amazonaws.com/amt/main_task_F1QV/Bird/Natural/17_Bird(2)_Edited.jpg","https://f1qv-main-data.s3.us-east-1.amazonaws.com/amt/main_task_F1QV/Bird/Tactile/17.jpg","","Elephant","https://f1qv-main-data.s3.us-east-1.amazonaws.com/amt/main_task_F1QV/Elephant/Natural/10_Elephant (2).jpeg","https://f1qv-main-data.s3.us-east-1.amazonaws.com/amt/main_task_F1QV/Elephant/Tactile/10.jpg","","Cat","https://f1qv-main-data.s3.us-east-1.amazonaws.com/amt/main_task_F1QV/Cat/Natural/cat_22(2).jpeg","https://f1qv-main-data.s3.us-east-1.amazonaws.com/amt/main_task_F1QV/Cat/Tactile/22.jpg","","Rabbit","https://f1qv-main-data.s3.us-east-1.amazonaws.com/amt/main_task_F1QV/Rabbit/Natural/5.png","https://f1qv-main-data.s3.us-east-1.amazonaws.com/amt/main_task_F1QV/Rabbit/Tactile/5.jpg","","Bird","https://f1qv-main-data.s3.us-east-1.amazonaws.com/amt/main_task_F1QV/Bird/Natural/19_Bird(3).jpg","https://f1qv-main-data.s3.us-east-1.amazonaws.com/amt/main_task_F1QV/Bird/Tactile/19.jpg","","Penguin","https://f1qv-main-data.s3.us-east-1.amazonaws.com/amt/main_task_F1QV/Penguin/Natural/12.jpg","https://f1qv-main-data.s3.us-east-1.amazonaws.com/amt/main_task_F1QV/Penguin/Tactile/12.jpeg","","Duck","https://f1qv-main-data.s3.us-east-1.amazonaws.com/amt/main_task_F1QV/Duck/Natural/7_Duck.png","https://f1qv-main-data.s3.us-east-1.amazonaws.com/amt/main_task_F1QV/Duck/Tactile/7.jpg","","Llama","https://f1qv-main-data.s3.us-east-1.amazonaws.com/amt/main_task_F1QV/Llama/Natural/9.jpg","https://f1qv-main-data.s3.us-east-1.amazonaws.com/amt/main_task_F1QV/Llama/Tactile/9.jpg","","Bat","https://f1qv-main-data.s3.us-east-1.amazonaws.com/amt/main_task_F1QV/Bat/Natural/3_2.png","https://f1qv-main-data.s3.us-east-1.amazonaws.com/amt/main_task_F1QV/Bat/Tactile/3.jpeg","","[{""question1"":{""angle_match"":true,""view_frontal"":false,""view_perspective"":false,""view_side"":true,""view_top"":false},""question10"":{""angle_match"":true,""view_frontal"":true,""view_perspective"":false,""view_side"":false,""view_top"":false},""question2"":{""angle_match"":true,""view_frontal"":false,""view_perspective"":false,""view_side"":true,""view_top"":false},""question3"":{""angle_match"":true,""view_frontal"":false,""view_perspective"":false,""view_side"":true,""view_top"":false},""question4"":{""angle_match"":true,""view_frontal"":false,""view_perspective"":true,""view_side"":false,""view_top"":false},""question5"":{""angle_match"":true,""view_frontal"":true,""view_perspective"":false,""view_side"":false,""view_top"":false},""question6"":{""angle_match"":true,""view_frontal"":false,""view_perspective"":false,""view_side"":true,""view_top"":false},""question7"":{""angle_match"":true,""view_frontal"":false,""view_perspective"":false,""view_side"":true,""view_top"":false},""question8"":{""angle_match"":true,""view_frontal"":false,""view_perspective"":false,""view_side"":true,""view_top"":false},""question9"":{""angle_match"":true,""view_frontal"":false,""view_perspective"":false,""view_side"":true,""view_top"":false}}]"
"3NZ1E5QA7RF2D804OMN8US19YJ5B5A","3BHRGUFAI0A6J7Y48A1RI398KZYCSF","Categorize images based on object's view.","Review 10 animal’s line-arts and judge if it has same or different views. Identify view for each tactile. (10 pairs)","tactile, image review, accessibility, animals","$0.05","Tue Mar 03 20:32:22 PST 2026","7","BatchId:5376447;OriginalHitTemplateId:928390873;","3600","2592000","Mon Mar 23 21:32:22 PDT 2026","","","3HSYG7LRCCC8AENURO98J4ZAA1KKKA","A1E8TZHMLQMG4L","Submitted","Tue Mar 03 20:44:24 PST 2026","Tue Mar 03 20:47:06 PST 2026","Thu Apr 02 21:47:06 PDT 2026","","","","162","100% (22/22)","0% (0/0)","0% (0/0)","Giraffe","https://f1qv-main-data.s3.us-east-1.amazonaws.com/amt/main_task_F1QV/Giraffe/Natural/10_Giraffe.jpg","https://f1qv-main-data.s3.us-east-1.amazonaws.com/amt/main_task_F1QV/Giraffe/Tactile/10.jpeg","","Fox","https://f1qv-main-data.s3.us-east-1.amazonaws.com/amt/main_task_F1QV/Fox/Natural/Fox_11.jpg","https://f1qv-main-data.s3.us-east-1.amazonaws.com/amt/main_task_F1QV/Fox/Tactile/11.png","","Duck","https://f1qv-main-data.s3.us-east-1.amazonaws.com/amt/main_task_F1QV/Duck/Natural/10_Duck(2).jpg","https://f1qv-main-data.s3.us-east-1.amazonaws.com/amt/main_task_F1QV/Duck/Tactile/10.jpg","","Bee","https://f1qv-main-data.s3.us-east-1.amazonaws.com/amt/main_task_F1QV/Bee/Natural/Bee_4.jpg","https://f1qv-main-data.s3.us-east-1.amazonaws.com/amt/main_task_F1QV/Bee/Tactile/4.jpg","","Bird","https://f1qv-main-data.s3.us-east-1.amazonaws.com/amt/main_task_F1QV/Bird/Natural/1_Bird_Edited.jpg","https://f1qv-main-data.s3.us-east-1.amazonaws.com/amt/main_task_F1QV/Bird/Tactile/1.jpg","","Bird","https://f1qv-main-data.s3.us-east-1.amazonaws.com/amt/main_task_F1QV/Bird/Natural/20_Bird(2).jpg","https://f1qv-main-data.s3.us-east-1.amazonaws.com/amt/main_task_F1QV/Bird/Tactile/20.jpg","","Cat","https://f1qv-main-data.s3.us-east-1.amazonaws.com/amt/main_task_F1QV/Cat/Natural/cat_12.jpg","https://f1qv-main-data.s3.us-east-1.amazonaws.com/amt/main_task_F1QV/Cat/Tactile/12.jpg","","Llama","https://f1qv-main-data.s3.us-east-1.amazonaws.com/amt/main_task_F1QV/Llama/Natural/8_2.jpg","https://f1qv-main-data.s3.us-east-1.amazonaws.com/amt/main_task_F1QV/Llama/Tactile/8.jpg","","Dog","https://f1qv-main-data.s3.us-east-1.amazonaws.com/amt/main_task_F1QV/Dog/Natural/4_Dog_Edited.jpg","https://f1qv-main-data.s3.us-east-1.amazonaws.com/amt/main_task_F1QV/Dog/Tactile/4.jpg","","Bat","https://f1qv-main-data.s3.us-east-1.amazonaws.com/amt/main_task_F1QV/Bat/Natural/5.jpg","https://f1qv-main-data.s3.us-east-1.amazonaws.com/amt/main_task_F1QV/Bat/Tactile/5.png","","[{""question1"":{""angle_match"":true,""view_frontal"":false,""view_perspective"":false,""view_side"":false,""view_top"":false},""question10"":{""angle_match"":true,""view_frontal"":false,""view_perspective"":false,""view_side"":false,""view_top"":false},""question2"":{""angle_match"":true,""view_frontal"":false,""view_perspective"":false,""view_side"":true,""view_top"":false},""question3"":{""angle_match"":true,""view_frontal"":true,""view_perspective"":false,""view_side"":false,""view_top"":false},""question4"":{""angle_match"":true,""view_frontal"":false,""view_perspective"":false,""view_side"":true,""view_top"":false},""question5"":{""angle_match"":true,""view_frontal"":false,""view_perspective"":false,""view_side"":true,""view_top"":false},""question6"":{""angle_match"":true,""view_frontal"":false,""view_perspective"":false,""view_side"":false,""view_top"":false},""question7"":{""angle_match"":true,""view_frontal"":false,""view_perspective"":false,""view_side"":false,""view_top"":false},""question8"":{""angle_match"":true,""view_frontal"":false,""view_perspective"":false,""view_side"":false,""view_top"":false},""question9"":{""angle_match"":true,""view_frontal"":false,""view_perspective"":false,""view_side"":false,""view_top"":false}}]"
"3NZ1E5QA7RF2D804OMN8US19YJ5B5A","3BHRGUFAI0A6J7Y48A1RI398KZYCSF","Categorize images based on object's view.","Review 10 animal’s line-arts and judge if it has same or different views. Identify view for each tactile. (10 pairs)","tactile, image review, accessibility, animals","$0.05","Tue Mar 03 20:32:22 PST 2026","7","BatchId:5376447;OriginalHitTemplateId:928390873;","3600","2592000","Mon Mar 23 21:32:22 PDT 2026","","","32SCWG5HJAI2MQZL2CKF52GR3G56PR","A2V3XARMPINRM8","Submitted","Tue Mar 03 20:42:08 PST 2026","Tue Mar 03 20:50:58 PST 2026","Thu Apr 02 21:50:58 PDT 2026","","","","530","100% (1/1)","100% (1/1)","100% (1/1)","Giraffe","https://f1qv-main-data.s3.us-east-1.amazonaws.com/amt/main_task_F1QV/Giraffe/Natural/10_Giraffe.jpg","https://f1qv-main-data.s3.us-east-1.amazonaws.com/amt/main_task_F1QV/Giraffe/Tactile/10.jpeg","","Fox","https://f1qv-main-data.s3.us-east-1.amazonaws.com/amt/main_task_F1QV/Fox/Natural/Fox_11.jpg","https://f1qv-main-data.s3.us-east-1.amazonaws.com/amt/main_task_F1QV/Fox/Tactile/11.png","","Duck","https://f1qv-main-data.s3.us-east-1.amazonaws.com/amt/main_task_F1QV/Duck/Natural/10_Duck(2).jpg","https://f1qv-main-data.s3.us-east-1.amazonaws.com/amt/main_task_F1QV/Duck/Tactile/10.jpg","","Bee","https://f1qv-main-data.s3.us-east-1.amazonaws.com/amt/main_task_F1QV/Bee/Natural/Bee_4.jpg","https://f1qv-main-data.s3.us-east-1.amazonaws.com/amt/main_task_F1QV/Bee/Tactile/4.jpg","","Bird","https://f1qv-main-data.s3.us-east-1.amazonaws.com/amt/main_task_F1QV/Bird/Natural/1_Bird_Edited.jpg","https://f1qv-main-data.s3.us-east-1.amazonaws.com/amt/main_task_F1QV/Bird/Tactile/1.jpg","","Bird","https://f1qv-main-data.s3.us-east-1.amazonaws.com/amt/main_task_F1QV/Bird/Natural/20_Bird(2).jpg","https://f1qv-main-data.s3.us-east-1.amazonaws.com/amt/main_task_F1QV/Bird/Tactile/20.jpg","","Cat","https://f1qv-main-data.s3.us-east-1.amazonaws.com/amt/main_task_F1QV/Cat/Natural/cat_12.jpg","https://f1qv-main-data.s3.us-east-1.amazonaws.com/amt/main_task_F1QV/Cat/Tactile/12.jpg","","Llama","https://f1qv-main-data.s3.us-east-1.amazonaws.com/amt/main_task_F1QV/Llama/Natural/8_2.jpg","https://f1qv-main-data.s3.us-east-1.amazonaws.com/amt/main_task_F1QV/Llama/Tactile/8.jpg","","Dog","https://f1qv-main-data.s3.us-east-1.amazonaws.com/amt/main_task_F1QV/Dog/Natural/4_Dog_Edited.jpg","https://f1qv-main-data.s3.us-east-1.amazonaws.com/amt/main_task_F1QV/Dog/Tactile/4.jpg","","Bat","https://f1qv-main-data.s3.us-east-1.amazonaws.com/amt/main_task_F1QV/Bat/Natural/5.jpg","https://f1qv-main-data.s3.us-east-1.amazonaws.com/amt/main_task_F1QV/Bat/Tactile/5.png","","[{""question1"":{""angle_match"":true,""view_frontal"":false,""view_perspective"":false,""view_side"":true,""view_top"":false},""question10"":{""angle_match"":true,""view_frontal"":true,""view_perspective"":false,""view_side"":false,""view_top"":false},""question2"":{""angle_match"":true,""view_frontal"":true,""view_perspective"":false,""view_side"":false,""view_top"":false},""question3"":{""angle_match"":true,""view_frontal"":false,""view_perspective"":false,""view_side"":true,""view_top"":false},""question4"":{""angle_match"":true,""view_frontal"":false,""view_perspective"":false,""view_side"":true,""view_top"":false},""question5"":{""angle_match"":true,""view_frontal"":false,""view_perspective"":false,""view_side"":true,""view_top"":false},""question6"":{""angle_match"":true,""view_frontal"":false,""view_perspective"":false,""view_side"":true,""view_top"":false},""question7"":{""angle_match"":true,""view_frontal"":true,""view_perspective"":false,""view_side"":false,""view_top"":false},""question8"":{""angle_match"":true,""view_frontal"":false,""view_perspective"":false,""view_side"":true,""view_top"":false},""question9"":{""angle_match"":true,""view_frontal"":true,""view_perspective"":false,""view_side"":false,""view_top"":false}}]"
"3NZ1E5QA7RF2D804OMN8US19YJ5B5A","3BHRGUFAI0A6J7Y48A1RI398KZYCSF","Categorize images based on object's view.","Review 10 animal’s line-arts and judge if it has same or different views. Identify view for each tactile. (10 pairs)","tactile, image review, accessibility, animals","$0.05","Tue Mar 03 20:32:22 PST 2026","7","BatchId:5376447;OriginalHitTemplateId:928390873;","3600","2592000","Mon Mar 23 21:32:22 PDT 2026","","","3PDJHANYLYUA991XJZCAWTE0HOS6HH","ALJH5865ISWT1","Submitted","Tue Mar 03 20:38:46 PST 2026","Tue Mar 03 20:52:30 PST 2026","Thu Apr 02 21:52:30 PDT 2026","","","","824","100% (2/2)","100% (2/2)","0% (0/0)","Giraffe","https://f1qv-main-data.s3.us-east-1.amazonaws.com/amt/main_task_F1QV/Giraffe/Natural/10_Giraffe.jpg","https://f1qv-main-data.s3.us-east-1.amazonaws.com/amt/main_task_F1QV/Giraffe/Tactile/10.jpeg","","Fox","https://f1qv-main-data.s3.us-east-1.amazonaws.com/amt/main_task_F1QV/Fox/Natural/Fox_11.jpg","https://f1qv-main-data.s3.us-east-1.amazonaws.com/amt/main_task_F1QV/Fox/Tactile/11.png","","Duck","https://f1qv-main-data.s3.us-east-1.amazonaws.com/amt/main_task_F1QV/Duck/Natural/10_Duck(2).jpg","https://f1qv-main-data.s3.us-east-1.amazonaws.com/amt/main_task_F1QV/Duck/Tactile/10.jpg","","Bee","https://f1qv-main-data.s3.us-east-1.amazonaws.com/amt/main_task_F1QV/Bee/Natural/Bee_4.jpg","https://f1qv-main-data.s3.us-east-1.amazonaws.com/amt/main_task_F1QV/Bee/Tactile/4.jpg","","Bird","https://f1qv-main-data.s3.us-east-1.amazonaws.com/amt/main_task_F1QV/Bird/Natural/1_Bird_Edited.jpg","https://f1qv-main-data.s3.us-east-1.amazonaws.com/amt/main_task_F1QV/Bird/Tactile/1.jpg","","Bird","https://f1qv-main-data.s3.us-east-1.amazonaws.com/amt/main_task_F1QV/Bird/Natural/20_Bird(2).jpg","https://f1qv-main-data.s3.us-east-1.amazonaws.com/amt/main_task_F1QV/Bird/Tactile/20.jpg","","Cat","https://f1qv-main-data.s3.us-east-1.amazonaws.com/amt/main_task_F1QV/Cat/Natural/cat_12.jpg","https://f1qv-main-data.s3.us-east-1.amazonaws.com/amt/main_task_F1QV/Cat/Tactile/12.jpg","","Llama","https://f1qv-main-data.s3.us-east-1.amazonaws.com/amt/main_task_F1QV/Llama/Natural/8_2.jpg","https://f1qv-main-data.s3.us-east-1.amazonaws.com/amt/main_task_F1QV/Llama/Tactile/8.jpg","","Dog","https://f1qv-main-data.s3.us-east-1.amazonaws.com/amt/main_task_F1QV/Dog/Natural/4_Dog_Edited.jpg","https://f1qv-main-data.s3.us-east-1.amazonaws.com/amt/main_task_F1QV/Dog/Tactile/4.jpg","","Bat","https://f1qv-main-data.s3.us-east-1.amazonaws.com/amt/main_task_F1QV/Bat/Natural/5.jpg","https://f1qv-main-data.s3.us-east-1.amazonaws.com/amt/main_task_F1QV/Bat/Tactile/5.png","","[{""question1"":{""angle_match"":false,""view_frontal"":false,""view_perspective"":true,""view_side"":false,""view_top"":false},""question10"":{""angle_match"":true,""view_frontal"":true,""view_perspective"":false,""view_side"":false,""view_top"":false},""question2"":{""angle_match"":true,""view_frontal"":true,""view_perspective"":false,""view_side"":false,""view_top"":false},""question3"":{""angle_match"":true,""view_frontal"":false,""view_perspective"":false,""view_side"":true,""view_top"":false},""question4"":{""angle_match"":true,""view_frontal"":false,""view_perspective"":false,""view_side"":true,""view_top"":false},""question5"":{""angle_match"":true,""view_frontal"":false,""view_perspective"":false,""view_side"":true,""view_top"":false},""question6"":{""angle_match"":true,""view_frontal"":false,""view_perspective"":false,""view_side"":true,""view_top"":false},""question7"":{""angle_match"":true,""view_frontal"":true,""view_perspective"":false,""view_side"":false,""view_top"":false},""question8"":{""angle_match"":true,""view_frontal"":false,""view_perspective"":false,""view_side"":true,""view_top"":false},""question9"":{""angle_match"":true,""view_frontal"":true,""view_perspective"":false,""view_side"":false,""view_top"":false}}]"
"3NZ1E5QA7RF2D804OMN8US19YJ5B5A","3BHRGUFAI0A6J7Y48A1RI398KZYCSF","Categorize images based on object's view.","Review 10 animal’s line-arts and judge if it has same or different views. Identify view for each tactile. (10 pairs)","tactile, image review, accessibility, animals","$0.05","Tue Mar 03 20:32:22 PST 2026","7","BatchId:5376447;OriginalHitTemplateId:928390873;","3600","2592000","Mon Mar 23 21:32:22 PDT 2026","","","30LB5CDZO5O1MJFCNW20NZ8E0BL0ZY","A1MYCZT6OX9G20","Submitted","Tue Mar 03 20:37:49 PST 2026","Tue Mar 03 20:53:49 PST 2026","Thu Apr 02 21:53:49 PDT 2026","","","","960","100% (9/9)","0% (0/0)","0% (0/0)","Giraffe","https://f1qv-main-data.s3.us-east-1.amazonaws.com/amt/main_task_F1QV/Giraffe/Natural/10_Giraffe.jpg","https://f1qv-main-data.s3.us-east-1.amazonaws.com/amt/main_task_F1QV/Giraffe/Tactile/10.jpeg","","Fox","https://f1qv-main-data.s3.us-east-1.amazonaws.com/amt/main_task_F1QV/Fox/Natural/Fox_11.jpg","https://f1qv-main-data.s3.us-east-1.amazonaws.com/amt/main_task_F1QV/Fox/Tactile/11.png","","Duck","https://f1qv-main-data.s3.us-east-1.amazonaws.com/amt/main_task_F1QV/Duck/Natural/10_Duck(2).jpg","https://f1qv-main-data.s3.us-east-1.amazonaws.com/amt/main_task_F1QV/Duck/Tactile/10.jpg","","Bee","https://f1qv-main-data.s3.us-east-1.amazonaws.com/amt/main_task_F1QV/Bee/Natural/Bee_4.jpg","https://f1qv-main-data.s3.us-east-1.amazonaws.com/amt/main_task_F1QV/Bee/Tactile/4.jpg","","Bird","https://f1qv-main-data.s3.us-east-1.amazonaws.com/amt/main_task_F1QV/Bird/Natural/1_Bird_Edited.jpg","https://f1qv-main-data.s3.us-east-1.amazonaws.com/amt/main_task_F1QV/Bird/Tactile/1.jpg","","Bird","https://f1qv-main-data.s3.us-east-1.amazonaws.com/amt/main_task_F1QV/Bird/Natural/20_Bird(2).jpg","https://f1qv-main-data.s3.us-east-1.amazonaws.com/amt/main_task_F1QV/Bird/Tactile/20.jpg","","Cat","https://f1qv-main-data.s3.us-east-1.amazonaws.com/amt/main_task_F1QV/Cat/Natural/cat_12.jpg","https://f1qv-main-data.s3.us-east-1.amazonaws.com/amt/main_task_F1QV/Cat/Tactile/12.jpg","","Llama","https://f1qv-main-data.s3.us-east-1.amazonaws.com/amt/main_task_F1QV/Llama/Natural/8_2.jpg","https://f1qv-main-data.s3.us-east-1.amazonaws.com/amt/main_task_F1QV/Llama/Tactile/8.jpg","","Dog","https://f1qv-main-data.s3.us-east-1.amazonaws.com/amt/main_task_F1QV/Dog/Natural/4_Dog_Edited.jpg","https://f1qv-main-data.s3.us-east-1.amazonaws.com/amt/main_task_F1QV/Dog/Tactile/4.jpg","","Bat","https://f1qv-main-data.s3.us-east-1.amazonaws.com/amt/main_task_F1QV/Bat/Natural/5.jpg","https://f1qv-main-data.s3.us-east-1.amazonaws.com/amt/main_task_F1QV/Bat/Tactile/5.png","","[{""question1"":{""angle_match"":false,""view_frontal"":false,""view_perspective"":false,""view_side"":true,""view_top"":false},""question10"":{""angle_match"":true,""view_frontal"":true,""view_perspective"":false,""view_side"":false,""view_top"":false},""question2"":{""angle_match"":true,""view_frontal"":true,""view_perspective"":false,""view_side"":false,""view_top"":false},""question3"":{""angle_match"":true,""view_frontal"":false,""view_perspective"":false,""view_side"":true,""view_top"":false},""question4"":{""angle_match"":true,""view_frontal"":false,""view_perspective"":true,""view_side"":false,""view_top"":false},""question5"":{""angle_match"":true,""view_frontal"":false,""view_perspective"":false,""view_side"":true,""view_top"":false},""question6"":{""angle_match"":true,""view_frontal"":false,""view_perspective"":false,""view_side"":true,""view_top"":false},""question7"":{""angle_match"":true,""view_frontal"":true,""view_perspective"":false,""view_side"":false,""view_top"":false},""question8"":{""angle_match"":true,""view_frontal"":false,""view_perspective"":false,""view_side"":true,""view_top"":false},""question9"":{""angle_match"":true,""view_frontal"":false,""view_perspective"":true,""view_side"":false,""view_top"":false}}]"
"3NZ1E5QA7RF2D804OMN8US19YJ5B5A","3BHRGUFAI0A6J7Y48A1RI398KZYCSF","Categorize images based on object's view.","Review 10 animal’s line-arts and judge if it has same or different views. Identify view for each tactile. (10 pairs)","tactile, image review, accessibility, animals","$0.05","Tue Mar 03 20:32:22 PST 2026","7","BatchId:5376447;OriginalHitTemplateId:928390873;","3600","2592000","Mon Mar 23 21:32:22 PDT 2026","","","3T111IHZ674AGMHYDBRGU778UZ1R9F","A3CWVU18V57686","Submitted","Tue Mar 03 20:42:32 PST 2026","Tue Mar 03 20:57:06 PST 2026","Thu Apr 02 21:57:06 PDT 2026","","","","874","0% (0/0)","0% (0/0)","0% (0/0)","Giraffe","https://f1qv-main-data.s3.us-east-1.amazonaws.com/amt/main_task_F1QV/Giraffe/Natural/10_Giraffe.jpg","https://f1qv-main-data.s3.us-east-1.amazonaws.com/amt/main_task_F1QV/Giraffe/Tactile/10.jpeg","","Fox","https://f1qv-main-data.s3.us-east-1.amazonaws.com/amt/main_task_F1QV/Fox/Natural/Fox_11.jpg","https://f1qv-main-data.s3.us-east-1.amazonaws.com/amt/main_task_F1QV/Fox/Tactile/11.png","","Duck","https://f1qv-main-data.s3.us-east-1.amazonaws.com/amt/main_task_F1QV/Duck/Natural/10_Duck(2).jpg","https://f1qv-main-data.s3.us-east-1.amazonaws.com/amt/main_task_F1QV/Duck/Tactile/10.jpg","","Bee","https://f1qv-main-data.s3.us-east-1.amazonaws.com/amt/main_task_F1QV/Bee/Natural/Bee_4.jpg","https://f1qv-main-data.s3.us-east-1.amazonaws.com/amt/main_task_F1QV/Bee/Tactile/4.jpg","","Bird","https://f1qv-main-data.s3.us-east-1.amazonaws.com/amt/main_task_F1QV/Bird/Natural/1_Bird_Edited.jpg","https://f1qv-main-data.s3.us-east-1.amazonaws.com/amt/main_task_F1QV/Bird/Tactile/1.jpg","","Bird","https://f1qv-main-data.s3.us-east-1.amazonaws.com/amt/main_task_F1QV/Bird/Natural/20_Bird(2).jpg","https://f1qv-main-data.s3.us-east-1.amazonaws.com/amt/main_task_F1QV/Bird/Tactile/20.jpg","","Cat","https://f1qv-main-data.s3.us-east-1.amazonaws.com/amt/main_task_F1QV/Cat/Natural/cat_12.jpg","https://f1qv-main-data.s3.us-east-1.amazonaws.com/amt/main_task_F1QV/Cat/Tactile/12.jpg","","Llama","https://f1qv-main-data.s3.us-east-1.amazonaws.com/amt/main_task_F1QV/Llama/Natural/8_2.jpg","https://f1qv-main-data.s3.us-east-1.amazonaws.com/amt/main_task_F1QV/Llama/Tactile/8.jpg","","Dog","https://f1qv-main-data.s3.us-east-1.amazonaws.com/amt/main_task_F1QV/Dog/Natural/4_Dog_Edited.jpg","https://f1qv-main-data.s3.us-east-1.amazonaws.com/amt/main_task_F1QV/Dog/Tactile/4.jpg","","Bat","https://f1qv-main-data.s3.us-east-1.amazonaws.com/amt/main_task_F1QV/Bat/Natural/5.jpg","https://f1qv-main-data.s3.us-east-1.amazonaws.com/amt/main_task_F1QV/Bat/Tactile/5.png","","[{""question1"":{""angle_match"":true,""view_frontal"":false,""view_perspective"":false,""view_side"":true,""view_top"":false},""question10"":{""angle_match"":true,""view_frontal"":false,""view_perspective"":false,""view_side"":true,""view_top"":false},""question2"":{""angle_match"":false,""view_frontal"":true,""view_perspective"":false,""view_side"":false,""view_top"":false},""question3"":{""angle_match"":true,""view_frontal"":false,""view_perspective"":false,""view_side"":true,""view_top"":false},""question4"":{""angle_match"":false,""view_frontal"":false,""view_perspective"":false,""view_side"":true,""view_top"":false},""question5"":{""angle_match"":true,""view_frontal"":false,""view_perspective"":false,""view_side"":true,""view_top"":false},""question6"":{""angle_match"":true,""view_frontal"":false,""view_perspective"":false,""view_side"":true,""view_top"":false},""question7"":{""angle_match"":false,""view_frontal"":true,""view_perspective"":false,""view_side"":false,""view_top"":false},""question8"":{""angle_match"":true,""view_frontal"":false,""view_perspective"":false,""view_side"":true,""view_top"":false},""question9"":{""angle_match"":true,""view_frontal"":false,""view_perspective"":false,""view_side"":true,""view_top"":false}}]"
"3NZ1E5QA7RF2D804OMN8US19YJ5B5A","3BHRGUFAI0A6J7Y48A1RI398KZYCSF","Categorize images based on object's view.","Review 10 animal’s line-arts and judge if it has same or different views. Identify view for each tactile. (10 pairs)","tactile, image review, accessibility, animals","$0.05","Tue Mar 03 20:32:22 PST 2026","7","BatchId:5376447;OriginalHitTemplateId:928390873;","3600","2592000","Mon Mar 23 21:32:22 PDT 2026","","","3SB4CE2TKO98I1DFEGB8FK4G1X1XAR","A3OLY20VMA8SPJ","Submitted","Tue Mar 03 20:39:40 PST 2026","Tue Mar 03 20:59:25 PST 2026","Thu Apr 02 21:59:25 PDT 2026","","","","1185","100% (15/15)","100% (15/15)","0% (0/0)","Giraffe","https://f1qv-main-data.s3.us-east-1.amazonaws.com/amt/main_task_F1QV/Giraffe/Natural/10_Giraffe.jpg","https://f1qv-main-data.s3.us-east-1.amazonaws.com/amt/main_task_F1QV/Giraffe/Tactile/10.jpeg","","Fox","https://f1qv-main-data.s3.us-east-1.amazonaws.com/amt/main_task_F1QV/Fox/Natural/Fox_11.jpg","https://f1qv-main-data.s3.us-east-1.amazonaws.com/amt/main_task_F1QV/Fox/Tactile/11.png","","Duck","https://f1qv-main-data.s3.us-east-1.amazonaws.com/amt/main_task_F1QV/Duck/Natural/10_Duck(2).jpg","https://f1qv-main-data.s3.us-east-1.amazonaws.com/amt/main_task_F1QV/Duck/Tactile/10.jpg","","Bee","https://f1qv-main-data.s3.us-east-1.amazonaws.com/amt/main_task_F1QV/Bee/Natural/Bee_4.jpg","https://f1qv-main-data.s3.us-east-1.amazonaws.com/amt/main_task_F1QV/Bee/Tactile/4.jpg","","Bird","https://f1qv-main-data.s3.us-east-1.amazonaws.com/amt/main_task_F1QV/Bird/Natural/1_Bird_Edited.jpg","https://f1qv-main-data.s3.us-east-1.amazonaws.com/amt/main_task_F1QV/Bird/Tactile/1.jpg","","Bird","https://f1qv-main-data.s3.us-east-1.amazonaws.com/amt/main_task_F1QV/Bird/Natural/20_Bird(2).jpg","https://f1qv-main-data.s3.us-east-1.amazonaws.com/amt/main_task_F1QV/Bird/Tactile/20.jpg","","Cat","https://f1qv-main-data.s3.us-east-1.amazonaws.com/amt/main_task_F1QV/Cat/Natural/cat_12.jpg","https://f1qv-main-data.s3.us-east-1.amazonaws.com/amt/main_task_F1QV/Cat/Tactile/12.jpg","","Llama","https://f1qv-main-data.s3.us-east-1.amazonaws.com/amt/main_task_F1QV/Llama/Natural/8_2.jpg","https://f1qv-main-data.s3.us-east-1.amazonaws.com/amt/main_task_F1QV/Llama/Tactile/8.jpg","","Dog","https://f1qv-main-data.s3.us-east-1.amazonaws.com/amt/main_task_F1QV/Dog/Natural/4_Dog_Edited.jpg","https://f1qv-main-data.s3.us-east-1.amazonaws.com/amt/main_task_F1QV/Dog/Tactile/4.jpg","","Bat","https://f1qv-main-data.s3.us-east-1.amazonaws.com/amt/main_task_F1QV/Bat/Natural/5.jpg","https://f1qv-main-data.s3.us-east-1.amazonaws.com/amt/main_task_F1QV/Bat/Tactile/5.png","","[{""question1"":{""angle_match"":true,""view_frontal"":false,""view_perspective"":false,""view_side"":true,""view_top"":false},""question10"":{""angle_match"":true,""view_frontal"":true,""view_perspective"":false,""view_side"":false,""view_top"":false},""question2"":{""angle_match"":true,""view_frontal"":false,""view_perspective"":false,""view_side"":false,""view_top"":true},""question3"":{""angle_match"":true,""view_frontal"":false,""view_perspective"":false,""view_side"":true,""view_top"":false},""question4"":{""angle_match"":true,""view_frontal"":false,""view_perspective"":false,""view_side"":true,""view_top"":false},""question5"":{""angle_match"":true,""view_frontal"":false,""view_perspective"":false,""view_side"":true,""view_top"":false},""question6"":{""angle_match"":true,""view_frontal"":false,""view_perspective"":false,""view_side"":true,""view_top"":false},""question7"":{""angle_match"":true,""view_frontal"":false,""view_perspective"":false,""view_side"":false,""view_top"":true},""question8"":{""angle_match"":true,""view_frontal"":false,""view_perspective"":false,""view_side"":true,""view_top"":false},""question9"":{""angle_match"":true,""view_frontal"":false,""view_perspective"":false,""view_side"":false,""view_top"":true}}]"
"3NZ1E5QA7RF2D804OMN8US19YJ5B5A","3BHRGUFAI0A6J7Y48A1RI398KZYCSF","Categorize images based on object's view.","Review 10 animal’s line-arts and judge if it has same or different views. Identify view for each tactile. (10 pairs)","tactile, image review, accessibility, animals","$0.05","Tue Mar 03 20:32:22 PST 2026","7","BatchId:5376447;OriginalHitTemplateId:928390873;","3600","2592000","Mon Mar 23 21:32:22 PDT 2026","","","3TU5ZICBS6FAQGJOV4W2PL2SE7G8Q5","A33I0A28TLIR6J","Submitted","Tue Mar 03 20:41:28 PST 2026","Tue Mar 03 21:19:58 PST 2026","Thu Apr 02 22:19:58 PDT 2026","","","","2310","100% (1/1)","0% (0/0)","0% (0/0)","Giraffe","https://f1qv-main-data.s3.us-east-1.amazonaws.com/amt/main_task_F1QV/Giraffe/Natural/10_Giraffe.jpg","https://f1qv-main-data.s3.us-east-1.amazonaws.com/amt/main_task_F1QV/Giraffe/Tactile/10.jpeg","","Fox","https://f1qv-main-data.s3.us-east-1.amazonaws.com/amt/main_task_F1QV/Fox/Natural/Fox_11.jpg","https://f1qv-main-data.s3.us-east-1.amazonaws.com/amt/main_task_F1QV/Fox/Tactile/11.png","","Duck","https://f1qv-main-data.s3.us-east-1.amazonaws.com/amt/main_task_F1QV/Duck/Natural/10_Duck(2).jpg","https://f1qv-main-data.s3.us-east-1.amazonaws.com/amt/main_task_F1QV/Duck/Tactile/10.jpg","","Bee","https://f1qv-main-data.s3.us-east-1.amazonaws.com/amt/main_task_F1QV/Bee/Natural/Bee_4.jpg","https://f1qv-main-data.s3.us-east-1.amazonaws.com/amt/main_task_F1QV/Bee/Tactile/4.jpg","","Bird","https://f1qv-main-data.s3.us-east-1.amazonaws.com/amt/main_task_F1QV/Bird/Natural/1_Bird_Edited.jpg","https://f1qv-main-data.s3.us-east-1.amazonaws.com/amt/main_task_F1QV/Bird/Tactile/1.jpg","","Bird","https://f1qv-main-data.s3.us-east-1.amazonaws.com/amt/main_task_F1QV/Bird/Natural/20_Bird(2).jpg","https://f1qv-main-data.s3.us-east-1.amazonaws.com/amt/main_task_F1QV/Bird/Tactile/20.jpg","","Cat","https://f1qv-main-data.s3.us-east-1.amazonaws.com/amt/main_task_F1QV/Cat/Natural/cat_12.jpg","https://f1qv-main-data.s3.us-east-1.amazonaws.com/amt/main_task_F1QV/Cat/Tactile/12.jpg","","Llama","https://f1qv-main-data.s3.us-east-1.amazonaws.com/amt/main_task_F1QV/Llama/Natural/8_2.jpg","https://f1qv-main-data.s3.us-east-1.amazonaws.com/amt/main_task_F1QV/Llama/Tactile/8.jpg","","Dog","https://f1qv-main-data.s3.us-east-1.amazonaws.com/amt/main_task_F1QV/Dog/Natural/4_Dog_Edited.jpg","https://f1qv-main-data.s3.us-east-1.amazonaws.com/amt/main_task_F1QV/Dog/Tactile/4.jpg","","Bat","https://f1qv-main-data.s3.us-east-1.amazonaws.com/amt/main_task_F1QV/Bat/Natural/5.jpg","https://f1qv-main-data.s3.us-east-1.amazonaws.com/amt/main_task_F1QV/Bat/Tactile/5.png","","[{""question1"":{""angle_match"":true,""view_frontal"":false,""view_perspective"":false,""view_side"":true,""view_top"":false},""question10"":{""angle_match"":true,""view_frontal"":true,""view_perspective"":false,""view_side"":false,""view_top"":false},""question2"":{""angle_match"":true,""view_frontal"":true,""view_perspective"":false,""view_side"":false,""view_top"":false},""question3"":{""angle_match"":true,""view_frontal"":false,""view_perspective"":false,""view_side"":true,""view_top"":false},""question4"":{""angle_match"":true,""view_frontal"":false,""view_perspective"":false,""view_side"":true,""view_top"":false},""question5"":{""angle_match"":true,""view_frontal"":false,""view_perspective"":false,""view_side"":true,""view_top"":false},""question6"":{""angle_match"":true,""view_frontal"":false,""view_perspective"":false,""view_side"":true,""view_top"":false},""question7"":{""angle_match"":true,""view_frontal"":true,""view_perspective"":false,""view_side"":false,""view_top"":false},""question8"":{""angle_match"":true,""view_frontal"":false,""view_perspective"":false,""view_side"":true,""view_top"":false},""question9"":{""angle_match"":true,""view_frontal"":true,""view_perspective"":false,""view_side"":false,""view_top"":false}}]"
"3PA41K45WFIJ46FXVKK6NWKU6TFP7O","3BHRGUFAI0A6J7Y48A1RI398KZYCSF","Categorize images based on object's view.","Review 10 animal’s line-arts and judge if it has same or different views. Identify view for each tactile. (10 pairs)","tactile, image review, accessibility, animals","$0.05","Tue Mar 03 20:32:22 PST 2026","7","BatchId:5376447;OriginalHitTemplateId:928390873;","3600","2592000","Mon Mar 23 21:32:22 PDT 2026","","","3EFE17QCS5JFW7ZUQCFDXYASZDOHSD","A3OLY20VMA8SPJ","Submitted","Tue Mar 03 20:38:53 PST 2026","Tue Mar 03 20:41:47 PST 2026","Thu Apr 02 21:41:47 PDT 2026","","","","174","100% (15/15)","100% (15/15)","0% (0/0)","Elephant","https://f1qv-main-data.s3.us-east-1.amazonaws.com/amt/main_task_F1QV/Elephant/Natural/5_Elephant.jpeg","https://f1qv-main-data.s3.us-east-1.amazonaws.com/amt/main_task_F1QV/Elephant/Tactile/5.jpg","","Dinosaur","https://f1qv-main-data.s3.us-east-1.amazonaws.com/amt/main_task_F1QV/Dinosaur/Natural/4_Dinosaur.jpeg","https://f1qv-main-data.s3.us-east-1.amazonaws.com/amt/main_task_F1QV/Dinosaur/Tactile/4.jpg","","Dog","https://f1qv-main-data.s3.us-east-1.amazonaws.com/amt/main_task_F1QV/Dog/Natural/11_Dog.jpg","https://f1qv-main-data.s3.us-east-1.amazonaws.com/amt/main_task_F1QV/Dog/Tactile/11.jpg","","Penguin","https://f1qv-main-data.s3.us-east-1.amazonaws.com/amt/main_task_F1QV/Penguin/Natural/6.jpg","https://f1qv-main-data.s3.us-east-1.amazonaws.com/amt/main_task_F1QV/Penguin/Tactile/6.jpeg","","Dinosaur","https://f1qv-main-data.s3.us-east-1.amazonaws.com/amt/main_task_F1QV/Dinosaur/Natural/16_Dinosaur.jpg","https://f1qv-main-data.s3.us-east-1.amazonaws.com/amt/main_task_F1QV/Dinosaur/Tactile/16.jpg","","Horse","https://f1qv-main-data.s3.us-east-1.amazonaws.com/amt/main_task_F1QV/Horse/Natural/8_Horse.jpeg","https://f1qv-main-data.s3.us-east-1.amazonaws.com/amt/main_task_F1QV/Horse/Tactile/8.jpg","","Jellyfish","https://f1qv-main-data.s3.us-east-1.amazonaws.com/amt/main_task_F1QV/Jellyfish/Natural/5_2.png","https://f1qv-main-data.s3.us-east-1.amazonaws.com/amt/main_task_F1QV/Jellyfish/Tactile/5.jpg","","Giraffe","https://f1qv-main-data.s3.us-east-1.amazonaws.com/amt/main_task_F1QV/Giraffe/Natural/6_Giraffe.jpg","https://f1qv-main-data.s3.us-east-1.amazonaws.com/amt/main_task_F1QV/Giraffe/Tactile/6.jpeg","","Cat","https://f1qv-main-data.s3.us-east-1.amazonaws.com/amt/main_task_F1QV/Cat/Natural/cat_6.jpeg","https://f1qv-main-data.s3.us-east-1.amazonaws.com/amt/main_task_F1QV/Cat/Tactile/6.jpg","","Llama","https://f1qv-main-data.s3.us-east-1.amazonaws.com/amt/main_task_F1QV/Llama/Natural/1.jpg","https://f1qv-main-data.s3.us-east-1.amazonaws.com/amt/main_task_F1QV/Llama/Tactile/1.jpg","","[{""question1"":{""angle_match"":false,""view_frontal"":false,""view_perspective"":false,""view_side"":true,""view_top"":false},""question10"":{""angle_match"":false,""view_frontal"":false,""view_perspective"":false,""view_side"":true,""view_top"":false},""question2"":{""angle_match"":false,""view_frontal"":false,""view_perspective"":false,""view_side"":true,""view_top"":false},""question3"":{""angle_match"":false,""view_frontal"":false,""view_perspective"":false,""view_side"":true,""view_top"":false},""question4"":{""angle_match"":false,""view_frontal"":false,""view_perspective"":false,""view_side"":true,""view_top"":false},""question5"":{""angle_match"":false,""view_frontal"":true,""view_perspective"":false,""view_side"":false,""view_top"":false},""question6"":{""angle_match"":false,""view_frontal"":false,""view_perspective"":false,""view_side"":true,""view_top"":false},""question7"":{""angle_match"":false,""view_frontal"":true,""view_perspective"":false,""view_side"":false,""view_top"":false},""question8"":{""angle_match"":false,""view_frontal"":false,""view_perspective"":false,""view_side"":true,""view_top"":false},""question9"":{""angle_match"":true,""view_frontal"":false,""view_perspective"":false,""view_side"":false,""view_top"":false}}]"
"3PA41K45WFIJ46FXVKK6NWKU6TFP7O","3BHRGUFAI0A6J7Y48A1RI398KZYCSF","Categorize images based on object's view.","Review 10 animal’s line-arts and judge if it has same or different views. Identify view for each tactile. (10 pairs)","tactile, image review, accessibility, animals","$0.05","Tue Mar 03 20:32:22 PST 2026","7","BatchId:5376447;OriginalHitTemplateId:928390873;","3600","2592000","Mon Mar 23 21:32:22 PDT 2026","","","3H7Z272LY0LK5B2SPGQHULYOTBVLPF","A1E8TZHMLQMG4L","Submitted","Tue Mar 03 20:43:56 PST 2026","Tue Mar 03 20:44:59 PST 2026","Thu Apr 02 21:44:59 PDT 2026","","","","63","100% (22/22)","0% (0/0)","0% (0/0)","Elephant","https://f1qv-main-data.s3.us-east-1.amazonaws.com/amt/main_task_F1QV/Elephant/Natural/5_Elephant.jpeg","https://f1qv-main-data.s3.us-east-1.amazonaws.com/amt/main_task_F1QV/Elephant/Tactile/5.jpg","","Dinosaur","https://f1qv-main-data.s3.us-east-1.amazonaws.com/amt/main_task_F1QV/Dinosaur/Natural/4_Dinosaur.jpeg","https://f1qv-main-data.s3.us-east-1.amazonaws.com/amt/main_task_F1QV/Dinosaur/Tactile/4.jpg","","Dog","https://f1qv-main-data.s3.us-east-1.amazonaws.com/amt/main_task_F1QV/Dog/Natural/11_Dog.jpg","https://f1qv-main-data.s3.us-east-1.amazonaws.com/amt/main_task_F1QV/Dog/Tactile/11.jpg","","Penguin","https://f1qv-main-data.s3.us-east-1.amazonaws.com/amt/main_task_F1QV/Penguin/Natural/6.jpg","https://f1qv-main-data.s3.us-east-1.amazonaws.com/amt/main_task_F1QV/Penguin/Tactile/6.jpeg","","Dinosaur","https://f1qv-main-data.s3.us-east-1.amazonaws.com/amt/main_task_F1QV/Dinosaur/Natural/16_Dinosaur.jpg","https://f1qv-main-data.s3.us-east-1.amazonaws.com/amt/main_task_F1QV/Dinosaur/Tactile/16.jpg","","Horse","https://f1qv-main-data.s3.us-east-1.amazonaws.com/amt/main_task_F1QV/Horse/Natural/8_Horse.jpeg","https://f1qv-main-data.s3.us-east-1.amazonaws.com/amt/main_task_F1QV/Horse/Tactile/8.jpg","","Jellyfish","https://f1qv-main-data.s3.us-east-1.amazonaws.com/amt/main_task_F1QV/Jellyfish/Natural/5_2.png","https://f1qv-main-data.s3.us-east-1.amazonaws.com/amt/main_task_F1QV/Jellyfish/Tactile/5.jpg","","Giraffe","https://f1qv-main-data.s3.us-east-1.amazonaws.com/amt/main_task_F1QV/Giraffe/Natural/6_Giraffe.jpg","https://f1qv-main-data.s3.us-east-1.amazonaws.com/amt/main_task_F1QV/Giraffe/Tactile/6.jpeg","","Cat","https://f1qv-main-data.s3.us-east-1.amazonaws.com/amt/main_task_F1QV/Cat/Natural/cat_6.jpeg","https://f1qv-main-data.s3.us-east-1.amazonaws.com/amt/main_task_F1QV/Cat/Tactile/6.jpg","","Llama","https://f1qv-main-data.s3.us-east-1.amazonaws.com/amt/main_task_F1QV/Llama/Natural/1.jpg","https://f1qv-main-data.s3.us-east-1.amazonaws.com/amt/main_task_F1QV/Llama/Tactile/1.jpg","","[{""question1"":{""angle_match"":true,""view_frontal"":false,""view_perspective"":false,""view_side"":false,""view_top"":false},""question10"":{""angle_match"":true,""view_frontal"":false,""view_perspective"":false,""view_side"":false,""view_top"":false},""question2"":{""angle_match"":true,""view_frontal"":false,""view_perspective"":false,""view_side"":false,""view_top"":false},""question3"":{""angle_match"":true,""view_frontal"":false,""view_perspective"":false,""view_side"":false,""view_top"":false},""question4"":{""angle_match"":true,""view_frontal"":false,""view_perspective"":false,""view_side"":false,""view_top"":false},""question5"":{""angle_match"":true,""view_frontal"":false,""view_perspective"":false,""view_side"":false,""view_top"":false},""question6"":{""angle_match"":true,""view_frontal"":false,""view_perspective"":false,""view_side"":false,""view_top"":false},""question7"":{""angle_match"":true,""view_frontal"":false,""view_perspective"":false,""view_side"":false,""view_top"":false},""question8"":{""angle_match"":true,""view_frontal"":false,""view_perspective"":false,""view_side"":false,""view_top"":false},""question9"":{""angle_match"":true,""view_frontal"":false,""view_perspective"":false,""view_side"":false,""view_top"":false}}]"
"3PA41K45WFIJ46FXVKK6NWKU6TFP7O","3BHRGUFAI0A6J7Y48A1RI398KZYCSF","Categorize images based on object's view.","Review 10 animal’s line-arts and judge if it has same or different views. Identify view for each tactile. (10 pairs)","tactile, image review, accessibility, animals","$0.05","Tue Mar 03 20:32:22 PST 2026","7","BatchId:5376447;OriginalHitTemplateId:928390873;","3600","2592000","Mon Mar 23 21:32:22 PDT 2026","","","384PI804YLF4L7TYS48SR6BBDXR0S1","AAISLVE5U7EPM","Submitted","Tue Mar 03 20:43:04 PST 2026","Tue Mar 03 20:46:28 PST 2026","Thu Apr 02 21:46:28 PDT 2026","","","","204","0% (0/0)","0% (0/0)","0% (0/0)","Elephant","https://f1qv-main-data.s3.us-east-1.amazonaws.com/amt/main_task_F1QV/Elephant/Natural/5_Elephant.jpeg","https://f1qv-main-data.s3.us-east-1.amazonaws.com/amt/main_task_F1QV/Elephant/Tactile/5.jpg","","Dinosaur","https://f1qv-main-data.s3.us-east-1.amazonaws.com/amt/main_task_F1QV/Dinosaur/Natural/4_Dinosaur.jpeg","https://f1qv-main-data.s3.us-east-1.amazonaws.com/amt/main_task_F1QV/Dinosaur/Tactile/4.jpg","","Dog","https://f1qv-main-data.s3.us-east-1.amazonaws.com/amt/main_task_F1QV/Dog/Natural/11_Dog.jpg","https://f1qv-main-data.s3.us-east-1.amazonaws.com/amt/main_task_F1QV/Dog/Tactile/11.jpg","","Penguin","https://f1qv-main-data.s3.us-east-1.amazonaws.com/amt/main_task_F1QV/Penguin/Natural/6.jpg","https://f1qv-main-data.s3.us-east-1.amazonaws.com/amt/main_task_F1QV/Penguin/Tactile/6.jpeg","","Dinosaur","https://f1qv-main-data.s3.us-east-1.amazonaws.com/amt/main_task_F1QV/Dinosaur/Natural/16_Dinosaur.jpg","https://f1qv-main-data.s3.us-east-1.amazonaws.com/amt/main_task_F1QV/Dinosaur/Tactile/16.jpg","","Horse","https://f1qv-main-data.s3.us-east-1.amazonaws.com/amt/main_task_F1QV/Horse/Natural/8_Horse.jpeg","https://f1qv-main-data.s3.us-east-1.amazonaws.com/amt/main_task_F1QV/Horse/Tactile/8.jpg","","Jellyfish","https://f1qv-main-data.s3.us-east-1.amazonaws.com/amt/main_task_F1QV/Jellyfish/Natural/5_2.png","https://f1qv-main-data.s3.us-east-1.amazonaws.com/amt/main_task_F1QV/Jellyfish/Tactile/5.jpg","","Giraffe","https://f1qv-main-data.s3.us-east-1.amazonaws.com/amt/main_task_F1QV/Giraffe/Natural/6_Giraffe.jpg","https://f1qv-main-data.s3.us-east-1.amazonaws.com/amt/main_task_F1QV/Giraffe/Tactile/6.jpeg","","Cat","https://f1qv-main-data.s3.us-east-1.amazonaws.com/amt/main_task_F1QV/Cat/Natural/cat_6.jpeg","https://f1qv-main-data.s3.us-east-1.amazonaws.com/amt/main_task_F1QV/Cat/Tactile/6.jpg","","Llama","https://f1qv-main-data.s3.us-east-1.amazonaws.com/amt/main_task_F1QV/Llama/Natural/1.jpg","https://f1qv-main-data.s3.us-east-1.amazonaws.com/amt/main_task_F1QV/Llama/Tactile/1.jpg","","[{""question1"":{""angle_match"":false,""view_frontal"":false,""view_perspective"":false,""view_side"":true,""view_top"":false},""question10"":{""angle_match"":true,""view_frontal"":true,""view_perspective"":false,""view_side"":false,""view_top"":false},""question2"":{""angle_match"":false,""view_frontal"":false,""view_perspective"":false,""view_side"":true,""view_top"":false},""question3"":{""angle_match"":false,""view_frontal"":false,""view_perspective"":false,""view_side"":true,""view_top"":false},""question4"":{""angle_match"":true,""view_frontal"":false,""view_perspective"":false,""view_side"":true,""view_top"":false},""question5"":{""angle_match"":true,""view_frontal"":false,""view_perspective"":false,""view_side"":true,""view_top"":false},""question6"":{""angle_match"":true,""view_frontal"":false,""view_perspective"":false,""view_side"":true,""view_top"":false},""question7"":{""angle_match"":true,""view_frontal"":true,""view_perspective"":false,""view_side"":false,""view_top"":false},""question8"":{""angle_match"":true,""view_frontal"":false,""view_perspective"":false,""view_side"":true,""view_top"":false},""question9"":{""angle_match"":true,""view_frontal"":true,""view_perspective"":false,""view_side"":false,""view_top"":false}}]"
"3PA41K45WFIJ46FXVKK6NWKU6TFP7O","3BHRGUFAI0A6J7Y48A1RI398KZYCSF","Categorize images based on object's view.","Review 10 animal’s line-arts and judge if it has same or different views. Identify view for each tactile. (10 pairs)","tactile, image review, accessibility, animals","$0.05","Tue Mar 03 20:32:22 PST 2026","7","BatchId:5376447;OriginalHitTemplateId:928390873;","3600","2592000","Mon Mar 23 21:32:22 PDT 2026","","","3907X2AHGTJE4PGKFA8CFPZFNB4P2U","AWGGLWWAXQGN0","Submitted","Tue Mar 03 20:43:54 PST 2026","Tue Mar 03 21:06:27 PST 2026","Thu Apr 02 22:06:27 PDT 2026","","","","1353","100% (2/2)","100% (2/2)","0% (0/0)","Elephant","https://f1qv-main-data.s3.us-east-1.amazonaws.com/amt/main_task_F1QV/Elephant/Natural/5_Elephant.jpeg","https://f1qv-main-data.s3.us-east-1.amazonaws.com/amt/main_task_F1QV/Elephant/Tactile/5.jpg","","Dinosaur","https://f1qv-main-data.s3.us-east-1.amazonaws.com/amt/main_task_F1QV/Dinosaur/Natural/4_Dinosaur.jpeg","https://f1qv-main-data.s3.us-east-1.amazonaws.com/amt/main_task_F1QV/Dinosaur/Tactile/4.jpg","","Dog","https://f1qv-main-data.s3.us-east-1.amazonaws.com/amt/main_task_F1QV/Dog/Natural/11_Dog.jpg","https://f1qv-main-data.s3.us-east-1.amazonaws.com/amt/main_task_F1QV/Dog/Tactile/11.jpg","","Penguin","https://f1qv-main-data.s3.us-east-1.amazonaws.com/amt/main_task_F1QV/Penguin/Natural/6.jpg","https://f1qv-main-data.s3.us-east-1.amazonaws.com/amt/main_task_F1QV/Penguin/Tactile/6.jpeg","","Dinosaur","https://f1qv-main-data.s3.us-east-1.amazonaws.com/amt/main_task_F1QV/Dinosaur/Natural/16_Dinosaur.jpg","https://f1qv-main-data.s3.us-east-1.amazonaws.com/amt/main_task_F1QV/Dinosaur/Tactile/16.jpg","","Horse","https://f1qv-main-data.s3.us-east-1.amazonaws.com/amt/main_task_F1QV/Horse/Natural/8_Horse.jpeg","https://f1qv-main-data.s3.us-east-1.amazonaws.com/amt/main_task_F1QV/Horse/Tactile/8.jpg","","Jellyfish","https://f1qv-main-data.s3.us-east-1.amazonaws.com/amt/main_task_F1QV/Jellyfish/Natural/5_2.png","https://f1qv-main-data.s3.us-east-1.amazonaws.com/amt/main_task_F1QV/Jellyfish/Tactile/5.jpg","","Giraffe","https://f1qv-main-data.s3.us-east-1.amazonaws.com/amt/main_task_F1QV/Giraffe/Natural/6_Giraffe.jpg","https://f1qv-main-data.s3.us-east-1.amazonaws.com/amt/main_task_F1QV/Giraffe/Tactile/6.jpeg","","Cat","https://f1qv-main-data.s3.us-east-1.amazonaws.com/amt/main_task_F1QV/Cat/Natural/cat_6.jpeg","https://f1qv-main-data.s3.us-east-1.amazonaws.com/amt/main_task_F1QV/Cat/Tactile/6.jpg","","Llama","https://f1qv-main-data.s3.us-east-1.amazonaws.com/amt/main_task_F1QV/Llama/Natural/1.jpg","https://f1qv-main-data.s3.us-east-1.amazonaws.com/amt/main_task_F1QV/Llama/Tactile/1.jpg","","[{""question1"":{""angle_match"":true,""view_frontal"":false,""view_perspective"":false,""view_side"":true,""view_top"":false},""question10"":{""angle_match"":true,""view_frontal"":false,""view_perspective"":false,""view_side"":true,""view_top"":false},""question2"":{""angle_match"":true,""view_frontal"":false,""view_perspective"":false,""view_side"":true,""view_top"":false},""question3"":{""angle_match"":true,""view_frontal"":false,""view_perspective"":false,""view_side"":true,""view_top"":false},""question4"":{""angle_match"":false,""view_frontal"":false,""view_perspective"":true,""view_side"":false,""view_top"":false},""question5"":{""angle_match"":true,""view_frontal"":false,""view_perspective"":false,""view_side"":true,""view_top"":false},""question6"":{""angle_match"":true,""view_frontal"":false,""view_perspective"":false,""view_side"":true,""view_top"":false},""question7"":{""angle_match"":true,""view_frontal"":true,""view_perspective"":false,""view_side"":false,""view_top"":false},""question8"":{""angle_match"":true,""view_frontal"":false,""view_perspective"":false,""view_side"":true,""view_top"":false},""question9"":{""angle_match"":true,""view_frontal"":true,""view_perspective"":false,""view_side"":false,""view_top"":false}}]"
"3PA41K45WFIJ46FXVKK6NWKU6TFP7O","3BHRGUFAI0A6J7Y48A1RI398KZYCSF","Categorize images based on object's view.","Review 10 animal’s line-arts and judge if it has same or different views. Identify view for each tactile. (10 pairs)","tactile, image review, accessibility, animals","$0.05","Tue Mar 03 20:32:22 PST 2026","7","BatchId:5376447;OriginalHitTemplateId:928390873;","3600","2592000","Mon Mar 23 21:32:22 PDT 2026","","","3NC5L260NH0GKJGVO5A4A8OEM98OFP","A1MYCZT6OX9G20","Submitted","Tue Mar 03 20:38:03 PST 2026","Tue Mar 03 21:07:47 PST 2026","Thu Apr 02 22:07:47 PDT 2026","","","","1784","100% (9/9)","0% (0/0)","0% (0/0)","Elephant","https://f1qv-main-data.s3.us-east-1.amazonaws.com/amt/main_task_F1QV/Elephant/Natural/5_Elephant.jpeg","https://f1qv-main-data.s3.us-east-1.amazonaws.com/amt/main_task_F1QV/Elephant/Tactile/5.jpg","","Dinosaur","https://f1qv-main-data.s3.us-east-1.amazonaws.com/amt/main_task_F1QV/Dinosaur/Natural/4_Dinosaur.jpeg","https://f1qv-main-data.s3.us-east-1.amazonaws.com/amt/main_task_F1QV/Dinosaur/Tactile/4.jpg","","Dog","https://f1qv-main-data.s3.us-east-1.amazonaws.com/amt/main_task_F1QV/Dog/Natural/11_Dog.jpg","https://f1qv-main-data.s3.us-east-1.amazonaws.com/amt/main_task_F1QV/Dog/Tactile/11.jpg","","Penguin","https://f1qv-main-data.s3.us-east-1.amazonaws.com/amt/main_task_F1QV/Penguin/Natural/6.jpg","https://f1qv-main-data.s3.us-east-1.amazonaws.com/amt/main_task_F1QV/Penguin/Tactile/6.jpeg","","Dinosaur","https://f1qv-main-data.s3.us-east-1.amazonaws.com/amt/main_task_F1QV/Dinosaur/Natural/16_Dinosaur.jpg","https://f1qv-main-data.s3.us-east-1.amazonaws.com/amt/main_task_F1QV/Dinosaur/Tactile/16.jpg","","Horse","https://f1qv-main-data.s3.us-east-1.amazonaws.com/amt/main_task_F1QV/Horse/Natural/8_Horse.jpeg","https://f1qv-main-data.s3.us-east-1.amazonaws.com/amt/main_task_F1QV/Horse/Tactile/8.jpg","","Jellyfish","https://f1qv-main-data.s3.us-east-1.amazonaws.com/amt/main_task_F1QV/Jellyfish/Natural/5_2.png","https://f1qv-main-data.s3.us-east-1.amazonaws.com/amt/main_task_F1QV/Jellyfish/Tactile/5.jpg","","Giraffe","https://f1qv-main-data.s3.us-east-1.amazonaws.com/amt/main_task_F1QV/Giraffe/Natural/6_Giraffe.jpg","https://f1qv-main-data.s3.us-east-1.amazonaws.com/amt/main_task_F1QV/Giraffe/Tactile/6.jpeg","","Cat","https://f1qv-main-data.s3.us-east-1.amazonaws.com/amt/main_task_F1QV/Cat/Natural/cat_6.jpeg","https://f1qv-main-data.s3.us-east-1.amazonaws.com/amt/main_task_F1QV/Cat/Tactile/6.jpg","","Llama","https://f1qv-main-data.s3.us-east-1.amazonaws.com/amt/main_task_F1QV/Llama/Natural/1.jpg","https://f1qv-main-data.s3.us-east-1.amazonaws.com/amt/main_task_F1QV/Llama/Tactile/1.jpg","","[{""question1"":{""angle_match"":true,""view_frontal"":false,""view_perspective"":false,""view_side"":true,""view_top"":false},""question10"":{""angle_match"":true,""view_frontal"":false,""view_perspective"":false,""view_side"":true,""view_top"":false},""question2"":{""angle_match"":true,""view_frontal"":false,""view_perspective"":false,""view_side"":true,""view_top"":false},""question3"":{""angle_match"":true,""view_frontal"":false,""view_perspective"":false,""view_side"":true,""view_top"":false},""question4"":{""angle_match"":true,""view_frontal"":false,""view_perspective"":false,""view_side"":true,""view_top"":false},""question5"":{""angle_match"":true,""view_frontal"":false,""view_perspective"":true,""view_side"":false,""view_top"":false},""question6"":{""angle_match"":true,""view_frontal"":false,""view_perspective"":false,""view_side"":true,""view_top"":false},""question7"":{""angle_match"":true,""view_frontal"":true,""view_perspective"":false,""view_side"":false,""view_top"":false},""question8"":{""angle_match"":true,""view_frontal"":false,""view_perspective"":true,""view_side"":false,""view_top"":false},""question9"":{""angle_match"":true,""view_frontal"":false,""view_perspective"":true,""view_side"":false,""view_top"":false}}]"
"3PA41K45WFIJ46FXVKK6NWKU6TFP7O","3BHRGUFAI0A6J7Y48A1RI398KZYCSF","Categorize images based on object's view.","Review 10 animal’s line-arts and judge if it has same or different views. Identify view for each tactile. (10 pairs)","tactile, image review, accessibility, animals","$0.05","Tue Mar 03 20:32:22 PST 2026","7","BatchId:5376447;OriginalHitTemplateId:928390873;","3600","2592000","Mon Mar 23 21:32:22 PDT 2026","","","3DOCMVPBUGSAQQT0LET43OXIYRSNNL","A33I0A28TLIR6J","Submitted","Tue Mar 03 20:41:43 PST 2026","Tue Mar 03 21:30:23 PST 2026","Thu Apr 02 22:30:23 PDT 2026","","","","2920","100% (1/1)","0% (0/0)","0% (0/0)","Elephant","https://f1qv-main-data.s3.us-east-1.amazonaws.com/amt/main_task_F1QV/Elephant/Natural/5_Elephant.jpeg","https://f1qv-main-data.s3.us-east-1.amazonaws.com/amt/main_task_F1QV/Elephant/Tactile/5.jpg","","Dinosaur","https://f1qv-main-data.s3.us-east-1.amazonaws.com/amt/main_task_F1QV/Dinosaur/Natural/4_Dinosaur.jpeg","https://f1qv-main-data.s3.us-east-1.amazonaws.com/amt/main_task_F1QV/Dinosaur/Tactile/4.jpg","","Dog","https://f1qv-main-data.s3.us-east-1.amazonaws.com/amt/main_task_F1QV/Dog/Natural/11_Dog.jpg","https://f1qv-main-data.s3.us-east-1.amazonaws.com/amt/main_task_F1QV/Dog/Tactile/11.jpg","","Penguin","https://f1qv-main-data.s3.us-east-1.amazonaws.com/amt/main_task_F1QV/Penguin/Natural/6.jpg","https://f1qv-main-data.s3.us-east-1.amazonaws.com/amt/main_task_F1QV/Penguin/Tactile/6.jpeg","","Dinosaur","https://f1qv-main-data.s3.us-east-1.amazonaws.com/amt/main_task_F1QV/Dinosaur/Natural/16_Dinosaur.jpg","https://f1qv-main-data.s3.us-east-1.amazonaws.com/amt/main_task_F1QV/Dinosaur/Tactile/16.jpg","","Horse","https://f1qv-main-data.s3.us-east-1.amazonaws.com/amt/main_task_F1QV/Horse/Natural/8_Horse.jpeg","https://f1qv-main-data.s3.us-east-1.amazonaws.com/amt/main_task_F1QV/Horse/Tactile/8.jpg","","Jellyfish","https://f1qv-main-data.s3.us-east-1.amazonaws.com/amt/main_task_F1QV/Jellyfish/Natural/5_2.png","https://f1qv-main-data.s3.us-east-1.amazonaws.com/amt/main_task_F1QV/Jellyfish/Tactile/5.jpg","","Giraffe","https://f1qv-main-data.s3.us-east-1.amazonaws.com/amt/main_task_F1QV/Giraffe/Natural/6_Giraffe.jpg","https://f1qv-main-data.s3.us-east-1.amazonaws.com/amt/main_task_F1QV/Giraffe/Tactile/6.jpeg","","Cat","https://f1qv-main-data.s3.us-east-1.amazonaws.com/amt/main_task_F1QV/Cat/Natural/cat_6.jpeg","https://f1qv-main-data.s3.us-east-1.amazonaws.com/amt/main_task_F1QV/Cat/Tactile/6.jpg","","Llama","https://f1qv-main-data.s3.us-east-1.amazonaws.com/amt/main_task_F1QV/Llama/Natural/1.jpg","https://f1qv-main-data.s3.us-east-1.amazonaws.com/amt/main_task_F1QV/Llama/Tactile/1.jpg","","[{""question1"":{""angle_match"":true,""view_frontal"":false,""view_perspective"":false,""view_side"":true,""view_top"":false},""question10"":{""angle_match"":true,""view_frontal"":true,""view_perspective"":false,""view_side"":false,""view_top"":false},""question2"":{""angle_match"":true,""view_frontal"":false,""view_perspective"":false,""view_side"":true,""view_top"":false},""question3"":{""angle_match"":true,""view_frontal"":false,""view_perspective"":false,""view_side"":true,""view_top"":false},""question4"":{""angle_match"":true,""view_frontal"":false,""view_perspective"":false,""view_side"":true,""view_top"":false},""question5"":{""angle_match"":true,""view_frontal"":false,""view_perspective"":false,""view_side"":true,""view_top"":false},""question6"":{""angle_match"":true,""view_frontal"":false,""view_perspective"":false,""view_side"":true,""view_top"":false},""question7"":{""angle_match"":true,""view_frontal"":true,""view_perspective"":false,""view_side"":false,""view_top"":false},""question8"":{""angle_match"":true,""view_frontal"":false,""view_perspective"":false,""view_side"":true,""view_top"":false},""question9"":{""angle_match"":true,""view_frontal"":true,""view_perspective"":false,""view_side"":false,""view_top"":false}}]"
"3PA41K45WFIJ46FXVKK6NWKU6TFP7O","3BHRGUFAI0A6J7Y48A1RI398KZYCSF","Categorize images based on object's view.","Review 10 animal’s line-arts and judge if it has same or different views. Identify view for each tactile. (10 pairs)","tactile, image review, accessibility, animals","$0.05","Tue Mar 03 20:32:22 PST 2026","7","BatchId:5376447;OriginalHitTemplateId:928390873;","3600","2592000","Mon Mar 23 21:32:22 PDT 2026","","","3II4UPYCPCLM7BFFCC7IBDGTPXBQDP","ALJH5865ISWT1","Submitted","Tue Mar 03 20:39:05 PST 2026","Tue Mar 03 21:35:59 PST 2026","Thu Apr 02 22:35:59 PDT 2026","","","","3414","100% (2/2)","100% (2/2)","0% (0/0)","Elephant","https://f1qv-main-data.s3.us-east-1.amazonaws.com/amt/main_task_F1QV/Elephant/Natural/5_Elephant.jpeg","https://f1qv-main-data.s3.us-east-1.amazonaws.com/amt/main_task_F1QV/Elephant/Tactile/5.jpg","","Dinosaur","https://f1qv-main-data.s3.us-east-1.amazonaws.com/amt/main_task_F1QV/Dinosaur/Natural/4_Dinosaur.jpeg","https://f1qv-main-data.s3.us-east-1.amazonaws.com/amt/main_task_F1QV/Dinosaur/Tactile/4.jpg","","Dog","https://f1qv-main-data.s3.us-east-1.amazonaws.com/amt/main_task_F1QV/Dog/Natural/11_Dog.jpg","https://f1qv-main-data.s3.us-east-1.amazonaws.com/amt/main_task_F1QV/Dog/Tactile/11.jpg","","Penguin","https://f1qv-main-data.s3.us-east-1.amazonaws.com/amt/main_task_F1QV/Penguin/Natural/6.jpg","https://f1qv-main-data.s3.us-east-1.amazonaws.com/amt/main_task_F1QV/Penguin/Tactile/6.jpeg","","Dinosaur","https://f1qv-main-data.s3.us-east-1.amazonaws.com/amt/main_task_F1QV/Dinosaur/Natural/16_Dinosaur.jpg","https://f1qv-main-data.s3.us-east-1.amazonaws.com/amt/main_task_F1QV/Dinosaur/Tactile/16.jpg","","Horse","https://f1qv-main-data.s3.us-east-1.amazonaws.com/amt/main_task_F1QV/Horse/Natural/8_Horse.jpeg","https://f1qv-main-data.s3.us-east-1.amazonaws.com/amt/main_task_F1QV/Horse/Tactile/8.jpg","","Jellyfish","https://f1qv-main-data.s3.us-east-1.amazonaws.com/amt/main_task_F1QV/Jellyfish/Natural/5_2.png","https://f1qv-main-data.s3.us-east-1.amazonaws.com/amt/main_task_F1QV/Jellyfish/Tactile/5.jpg","","Giraffe","https://f1qv-main-data.s3.us-east-1.amazonaws.com/amt/main_task_F1QV/Giraffe/Natural/6_Giraffe.jpg","https://f1qv-main-data.s3.us-east-1.amazonaws.com/amt/main_task_F1QV/Giraffe/Tactile/6.jpeg","","Cat","https://f1qv-main-data.s3.us-east-1.amazonaws.com/amt/main_task_F1QV/Cat/Natural/cat_6.jpeg","https://f1qv-main-data.s3.us-east-1.amazonaws.com/amt/main_task_F1QV/Cat/Tactile/6.jpg","","Llama","https://f1qv-main-data.s3.us-east-1.amazonaws.com/amt/main_task_F1QV/Llama/Natural/1.jpg","https://f1qv-main-data.s3.us-east-1.amazonaws.com/amt/main_task_F1QV/Llama/Tactile/1.jpg","","[{""question1"":{""angle_match"":true,""view_frontal"":false,""view_perspective"":false,""view_side"":true,""view_top"":false},""question10"":{""angle_match"":true,""view_frontal"":false,""view_perspective"":false,""view_side"":true,""view_top"":false},""question2"":{""angle_match"":true,""view_frontal"":false,""view_perspective"":false,""view_side"":true,""view_top"":false},""question3"":{""angle_match"":true,""view_frontal"":false,""view_perspective"":false,""view_side"":true,""view_top"":false},""question4"":{""angle_match"":true,""view_frontal"":false,""view_perspective"":false,""view_side"":true,""view_top"":false},""question5"":{""angle_match"":true,""view_frontal"":false,""view_perspective"":false,""view_side"":true,""view_top"":false},""question6"":{""angle_match"":true,""view_frontal"":false,""view_perspective"":false,""view_side"":true,""view_top"":false},""question7"":{""angle_match"":true,""view_frontal"":false,""view_perspective"":false,""view_side"":true,""view_top"":false},""question8"":{""angle_match"":true,""view_frontal"":false,""view_perspective"":false,""view_side"":true,""view_top"":false},""question9"":{""angle_match"":true,""view_frontal"":true,""view_perspective"":false,""view_side"":false,""view_top"":false}}]"
"3FI30CQHWCXYWC0IT5XDMYF9UEGB6Q","3BHRGUFAI0A6J7Y48A1RI398KZYCSF","Categorize images based on object's view.","Review 10 animal’s line-arts and judge if it has same or different views. Identify view for each tactile. (10 pairs)","tactile, image review, accessibility, animals","$0.05","Tue Mar 03 20:32:22 PST 2026","7","BatchId:5376447;OriginalHitTemplateId:928390873;","3600","2592000","Mon Mar 23 21:32:22 PDT 2026","","","3Z9WI9EO0S2H8OMML36B6CJIIJCHKX","A3OLY20VMA8SPJ","Submitted","Tue Mar 03 20:38:58 PST 2026","Tue Mar 03 20:45:40 PST 2026","Thu Apr 02 21:45:40 PDT 2026","","","","402","100% (15/15)","100% (15/15)","0% (0/0)","Fish","https://f1qv-main-data.s3.us-east-1.amazonaws.com/amt/main_task_F1QV/Fish/Natural/23_fish.png","https://f1qv-main-data.s3.us-east-1.amazonaws.com/amt/main_task_F1QV/Fish/Tactile/23.jpg","","Crab","https://f1qv-main-data.s3.us-east-1.amazonaws.com/amt/main_task_F1QV/Crab/Natural/Crab_3.jpg","https://f1qv-main-data.s3.us-east-1.amazonaws.com/amt/main_task_F1QV/Crab/Tactile/3.jpeg","","Horse","https://f1qv-main-data.s3.us-east-1.amazonaws.com/amt/main_task_F1QV/Horse/Natural/21_Horse.jpeg","https://f1qv-main-data.s3.us-east-1.amazonaws.com/amt/main_task_F1QV/Horse/Tactile/21.jpg","","Beluga Whale","https://f1qv-main-data.s3.us-east-1.amazonaws.com/amt/main_task_F1QV/Beluga Whale/Natural/Beluga_10.jpg","https://f1qv-main-data.s3.us-east-1.amazonaws.com/amt/main_task_F1QV/Beluga Whale/Tactile/10.jpg","","Bat","https://f1qv-main-data.s3.us-east-1.amazonaws.com/amt/main_task_F1QV/Bat/Natural/7_2.png","https://f1qv-main-data.s3.us-east-1.amazonaws.com/amt/main_task_F1QV/Bat/Tactile/7.jpeg","","Beluga Whale","https://f1qv-main-data.s3.us-east-1.amazonaws.com/amt/main_task_F1QV/Beluga Whale/Natural/Beluga_1.jpeg","https://f1qv-main-data.s3.us-east-1.amazonaws.com/amt/main_task_F1QV/Beluga Whale/Tactile/1.png","","Jellyfish","https://f1qv-main-data.s3.us-east-1.amazonaws.com/amt/main_task_F1QV/Jellyfish/Natural/1.jpg","https://f1qv-main-data.s3.us-east-1.amazonaws.com/amt/main_task_F1QV/Jellyfish/Tactile/1.png","","Dog","https://f1qv-main-data.s3.us-east-1.amazonaws.com/amt/main_task_F1QV/Dog/Natural/8_Dog(3).jpg","https://f1qv-main-data.s3.us-east-1.amazonaws.com/amt/main_task_F1QV/Dog/Tactile/8.jpg","","Duck","https://f1qv-main-data.s3.us-east-1.amazonaws.com/amt/main_task_F1QV/Duck/Natural/2_Duck.jpg","https://f1qv-main-data.s3.us-east-1.amazonaws.com/amt/main_task_F1QV/Duck/Tactile/2.jpg","","Duck","https://f1qv-main-data.s3.us-east-1.amazonaws.com/amt/main_task_F1QV/Duck/Natural/2_Duck_refined.jpg","https://f1qv-main-data.s3.us-east-1.amazonaws.com/amt/main_task_F1QV/Duck/Tactile/2_refined.png","","[{""question1"":{""angle_match"":true,""view_frontal"":false,""view_perspective"":false,""view_side"":true,""view_top"":false},""question10"":{""angle_match"":true,""view_frontal"":false,""view_perspective"":false,""view_side"":true,""view_top"":false},""question2"":{""angle_match"":true,""view_frontal"":false,""view_perspective"":false,""view_side"":false,""view_top"":true},""question3"":{""angle_match"":true,""view_frontal"":false,""view_perspective"":false,""view_side"":true,""view_top"":false},""question4"":{""angle_match"":true,""view_frontal"":false,""view_perspective"":false,""view_side"":true,""view_top"":false},""question5"":{""angle_match"":true,""view_frontal"":true,""view_perspective"":false,""view_side"":false,""view_top"":false},""question6"":{""angle_match"":true,""view_frontal"":false,""view_perspective"":false,""view_side"":true,""view_top"":false},""question7"":{""angle_match"":true,""view_frontal"":false,""view_perspective"":true,""view_side"":false,""view_top"":false},""question8"":{""angle_match"":true,""view_frontal"":false,""view_perspective"":false,""view_side"":true,""view_top"":false},""question9"":{""angle_match"":true,""view_frontal"":false,""view_perspective"":false,""view_side"":true,""view_top"":false}}]"
"3FI30CQHWCXYWC0IT5XDMYF9UEGB6Q","3BHRGUFAI0A6J7Y48A1RI398KZYCSF","Categorize images based on object's view.","Review 10 animal’s line-arts and judge if it has same or different views. Identify view for each tactile. (10 pairs)","tactile, image review, accessibility, animals","$0.05","Tue Mar 03 20:32:22 PST 2026","7","BatchId:5376447;OriginalHitTemplateId:928390873;","3600","2592000","Mon Mar 23 21:32:22 PDT 2026","","","31Z0PCVWVDTJII6X23YRGQHKNUB7TX","AWGGLWWAXQGN0","Submitted","Tue Mar 03 20:43:08 PST 2026","Tue Mar 03 20:46:30 PST 2026","Thu Apr 02 21:46:30 PDT 2026","","","","202","100% (2/2)","100% (2/2)","0% (0/0)","Fish","https://f1qv-main-data.s3.us-east-1.amazonaws.com/amt/main_task_F1QV/Fish/Natural/23_fish.png","https://f1qv-main-data.s3.us-east-1.amazonaws.com/amt/main_task_F1QV/Fish/Tactile/23.jpg","","Crab","https://f1qv-main-data.s3.us-east-1.amazonaws.com/amt/main_task_F1QV/Crab/Natural/Crab_3.jpg","https://f1qv-main-data.s3.us-east-1.amazonaws.com/amt/main_task_F1QV/Crab/Tactile/3.jpeg","","Horse","https://f1qv-main-data.s3.us-east-1.amazonaws.com/amt/main_task_F1QV/Horse/Natural/21_Horse.jpeg","https://f1qv-main-data.s3.us-east-1.amazonaws.com/amt/main_task_F1QV/Horse/Tactile/21.jpg","","Beluga Whale","https://f1qv-main-data.s3.us-east-1.amazonaws.com/amt/main_task_F1QV/Beluga Whale/Natural/Beluga_10.jpg","https://f1qv-main-data.s3.us-east-1.amazonaws.com/amt/main_task_F1QV/Beluga Whale/Tactile/10.jpg","","Bat","https://f1qv-main-data.s3.us-east-1.amazonaws.com/amt/main_task_F1QV/Bat/Natural/7_2.png","https://f1qv-main-data.s3.us-east-1.amazonaws.com/amt/main_task_F1QV/Bat/Tactile/7.jpeg","","Beluga Whale","https://f1qv-main-data.s3.us-east-1.amazonaws.com/amt/main_task_F1QV/Beluga Whale/Natural/Beluga_1.jpeg","https://f1qv-main-data.s3.us-east-1.amazonaws.com/amt/main_task_F1QV/Beluga Whale/Tactile/1.png","","Jellyfish","https://f1qv-main-data.s3.us-east-1.amazonaws.com/amt/main_task_F1QV/Jellyfish/Natural/1.jpg","https://f1qv-main-data.s3.us-east-1.amazonaws.com/amt/main_task_F1QV/Jellyfish/Tactile/1.png","","Dog","https://f1qv-main-data.s3.us-east-1.amazonaws.com/amt/main_task_F1QV/Dog/Natural/8_Dog(3).jpg","https://f1qv-main-data.s3.us-east-1.amazonaws.com/amt/main_task_F1QV/Dog/Tactile/8.jpg","","Duck","https://f1qv-main-data.s3.us-east-1.amazonaws.com/amt/main_task_F1QV/Duck/Natural/2_Duck.jpg","https://f1qv-main-data.s3.us-east-1.amazonaws.com/amt/main_task_F1QV/Duck/Tactile/2.jpg","","Duck","https://f1qv-main-data.s3.us-east-1.amazonaws.com/amt/main_task_F1QV/Duck/Natural/2_Duck_refined.jpg","https://f1qv-main-data.s3.us-east-1.amazonaws.com/amt/main_task_F1QV/Duck/Tactile/2_refined.png","","[{""question1"":{""angle_match"":true,""view_frontal"":false,""view_perspective"":false,""view_side"":false,""view_top"":false},""question10"":{""angle_match"":true,""view_frontal"":false,""view_perspective"":false,""view_side"":true,""view_top"":false},""question2"":{""angle_match"":true,""view_frontal"":false,""view_perspective"":false,""view_side"":false,""view_top"":false},""question3"":{""angle_match"":true,""view_frontal"":false,""view_perspective"":false,""view_side"":false,""view_top"":false},""question4"":{""angle_match"":true,""view_frontal"":false,""view_perspective"":true,""view_side"":false,""view_top"":false},""question5"":{""angle_match"":true,""view_frontal"":false,""view_perspective"":false,""view_side"":false,""view_top"":false},""question6"":{""angle_match"":true,""view_frontal"":false,""view_perspective"":false,""view_side"":true,""view_top"":false},""question7"":{""angle_match"":true,""view_frontal"":false,""view_perspective"":false,""view_side"":false,""view_top"":false},""question8"":{""angle_match"":true,""view_frontal"":false,""view_perspective"":false,""view_side"":true,""view_top"":false},""question9"":{""angle_match"":true,""view_frontal"":false,""view_perspective"":false,""view_side"":false,""view_top"":false}}]"
"3FI30CQHWCXYWC0IT5XDMYF9UEGB6Q","3BHRGUFAI0A6J7Y48A1RI398KZYCSF","Categorize images based on object's view.","Review 10 animal’s line-arts and judge if it has same or different views. Identify view for each tactile. (10 pairs)","tactile, image review, accessibility, animals","$0.05","Tue Mar 03 20:32:22 PST 2026","7","BatchId:5376447;OriginalHitTemplateId:928390873;","3600","2592000","Mon Mar 23 21:32:22 PDT 2026","","","3JNQLM5FUX0OD41MNIF5Y8QVI142LA","AB91OPDEOAWGJ","Submitted","Tue Mar 03 20:44:25 PST 2026","Tue Mar 03 20:52:41 PST 2026","Thu Apr 02 21:52:41 PDT 2026","","","","496","100% (17/17)","100% (4/4)","0% (0/0)","Fish","https://f1qv-main-data.s3.us-east-1.amazonaws.com/amt/main_task_F1QV/Fish/Natural/23_fish.png","https://f1qv-main-data.s3.us-east-1.amazonaws.com/amt/main_task_F1QV/Fish/Tactile/23.jpg","","Crab","https://f1qv-main-data.s3.us-east-1.amazonaws.com/amt/main_task_F1QV/Crab/Natural/Crab_3.jpg","https://f1qv-main-data.s3.us-east-1.amazonaws.com/amt/main_task_F1QV/Crab/Tactile/3.jpeg","","Horse","https://f1qv-main-data.s3.us-east-1.amazonaws.com/amt/main_task_F1QV/Horse/Natural/21_Horse.jpeg","https://f1qv-main-data.s3.us-east-1.amazonaws.com/amt/main_task_F1QV/Horse/Tactile/21.jpg","","Beluga Whale","https://f1qv-main-data.s3.us-east-1.amazonaws.com/amt/main_task_F1QV/Beluga Whale/Natural/Beluga_10.jpg","https://f1qv-main-data.s3.us-east-1.amazonaws.com/amt/main_task_F1QV/Beluga Whale/Tactile/10.jpg","","Bat","https://f1qv-main-data.s3.us-east-1.amazonaws.com/amt/main_task_F1QV/Bat/Natural/7_2.png","https://f1qv-main-data.s3.us-east-1.amazonaws.com/amt/main_task_F1QV/Bat/Tactile/7.jpeg","","Beluga Whale","https://f1qv-main-data.s3.us-east-1.amazonaws.com/amt/main_task_F1QV/Beluga Whale/Natural/Beluga_1.jpeg","https://f1qv-main-data.s3.us-east-1.amazonaws.com/amt/main_task_F1QV/Beluga Whale/Tactile/1.png","","Jellyfish","https://f1qv-main-data.s3.us-east-1.amazonaws.com/amt/main_task_F1QV/Jellyfish/Natural/1.jpg","https://f1qv-main-data.s3.us-east-1.amazonaws.com/amt/main_task_F1QV/Jellyfish/Tactile/1.png","","Dog","https://f1qv-main-data.s3.us-east-1.amazonaws.com/amt/main_task_F1QV/Dog/Natural/8_Dog(3).jpg","https://f1qv-main-data.s3.us-east-1.amazonaws.com/amt/main_task_F1QV/Dog/Tactile/8.jpg","","Duck","https://f1qv-main-data.s3.us-east-1.amazonaws.com/amt/main_task_F1QV/Duck/Natural/2_Duck.jpg","https://f1qv-main-data.s3.us-east-1.amazonaws.com/amt/main_task_F1QV/Duck/Tactile/2.jpg","","Duck","https://f1qv-main-data.s3.us-east-1.amazonaws.com/amt/main_task_F1QV/Duck/Natural/2_Duck_refined.jpg","https://f1qv-main-data.s3.us-east-1.amazonaws.com/amt/main_task_F1QV/Duck/Tactile/2_refined.png","","[{""question1"":{""angle_match"":true,""view_frontal"":false,""view_perspective"":false,""view_side"":true,""view_top"":false},""question10"":{""angle_match"":true,""view_frontal"":false,""view_perspective"":false,""view_side"":true,""view_top"":false},""question2"":{""angle_match"":true,""view_frontal"":true,""view_perspective"":false,""view_side"":false,""view_top"":false},""question3"":{""angle_match"":true,""view_frontal"":false,""view_perspective"":false,""view_side"":true,""view_top"":false},""question4"":{""angle_match"":true,""view_frontal"":false,""view_perspective"":false,""view_side"":true,""view_top"":false},""question5"":{""angle_match"":true,""view_frontal"":true,""view_perspective"":false,""view_side"":false,""view_top"":false},""question6"":{""angle_match"":true,""view_frontal"":false,""view_perspective"":false,""view_side"":true,""view_top"":false},""question7"":{""angle_match"":true,""view_frontal"":false,""view_perspective"":false,""view_side"":true,""view_top"":false},""question8"":{""angle_match"":true,""view_frontal"":false,""view_perspective"":false,""view_side"":true,""view_top"":false},""question9"":{""angle_match"":true,""view_frontal"":false,""view_perspective"":false,""view_side"":true,""view_top"":false}}]"
"3FI30CQHWCXYWC0IT5XDMYF9UEGB6Q","3BHRGUFAI0A6J7Y48A1RI398KZYCSF","Categorize images based on object's view.","Review 10 animal’s line-arts and judge if it has same or different views. Identify view for each tactile. (10 pairs)","tactile, image review, accessibility, animals","$0.05","Tue Mar 03 20:32:22 PST 2026","7","BatchId:5376447;OriginalHitTemplateId:928390873;","3600","2592000","Mon Mar 23 21:32:22 PDT 2026","","","3VNL7UK1Y8XWXBL3KMW34IU1LHOFT1","A1MYCZT6OX9G20","Submitted","Tue Mar 03 20:37:46 PST 2026","Tue Mar 03 20:52:52 PST 2026","Thu Apr 02 21:52:52 PDT 2026","","","","906","100% (9/9)","0% (0/0)","0% (0/0)","Fish","https://f1qv-main-data.s3.us-east-1.amazonaws.com/amt/main_task_F1QV/Fish/Natural/23_fish.png","https://f1qv-main-data.s3.us-east-1.amazonaws.com/amt/main_task_F1QV/Fish/Tactile/23.jpg","","Crab","https://f1qv-main-data.s3.us-east-1.amazonaws.com/amt/main_task_F1QV/Crab/Natural/Crab_3.jpg","https://f1qv-main-data.s3.us-east-1.amazonaws.com/amt/main_task_F1QV/Crab/Tactile/3.jpeg","","Horse","https://f1qv-main-data.s3.us-east-1.amazonaws.com/amt/main_task_F1QV/Horse/Natural/21_Horse.jpeg","https://f1qv-main-data.s3.us-east-1.amazonaws.com/amt/main_task_F1QV/Horse/Tactile/21.jpg","","Beluga Whale","https://f1qv-main-data.s3.us-east-1.amazonaws.com/amt/main_task_F1QV/Beluga Whale/Natural/Beluga_10.jpg","https://f1qv-main-data.s3.us-east-1.amazonaws.com/amt/main_task_F1QV/Beluga Whale/Tactile/10.jpg","","Bat","https://f1qv-main-data.s3.us-east-1.amazonaws.com/amt/main_task_F1QV/Bat/Natural/7_2.png","https://f1qv-main-data.s3.us-east-1.amazonaws.com/amt/main_task_F1QV/Bat/Tactile/7.jpeg","","Beluga Whale","https://f1qv-main-data.s3.us-east-1.amazonaws.com/amt/main_task_F1QV/Beluga Whale/Natural/Beluga_1.jpeg","https://f1qv-main-data.s3.us-east-1.amazonaws.com/amt/main_task_F1QV/Beluga Whale/Tactile/1.png","","Jellyfish","https://f1qv-main-data.s3.us-east-1.amazonaws.com/amt/main_task_F1QV/Jellyfish/Natural/1.jpg","https://f1qv-main-data.s3.us-east-1.amazonaws.com/amt/main_task_F1QV/Jellyfish/Tactile/1.png","","Dog","https://f1qv-main-data.s3.us-east-1.amazonaws.com/amt/main_task_F1QV/Dog/Natural/8_Dog(3).jpg","https://f1qv-main-data.s3.us-east-1.amazonaws.com/amt/main_task_F1QV/Dog/Tactile/8.jpg","","Duck","https://f1qv-main-data.s3.us-east-1.amazonaws.com/amt/main_task_F1QV/Duck/Natural/2_Duck.jpg","https://f1qv-main-data.s3.us-east-1.amazonaws.com/amt/main_task_F1QV/Duck/Tactile/2.jpg","","Duck","https://f1qv-main-data.s3.us-east-1.amazonaws.com/amt/main_task_F1QV/Duck/Natural/2_Duck_refined.jpg","https://f1qv-main-data.s3.us-east-1.amazonaws.com/amt/main_task_F1QV/Duck/Tactile/2_refined.png","","[{""question1"":{""angle_match"":true,""view_frontal"":false,""view_perspective"":false,""view_side"":true,""view_top"":false},""question10"":{""angle_match"":true,""view_frontal"":false,""view_perspective"":false,""view_side"":true,""view_top"":false},""question2"":{""angle_match"":true,""view_frontal"":false,""view_perspective"":false,""view_side"":false,""view_top"":true},""question3"":{""angle_match"":true,""view_frontal"":false,""view_perspective"":false,""view_side"":true,""view_top"":false},""question4"":{""angle_match"":true,""view_frontal"":false,""view_perspective"":false,""view_side"":false,""view_top"":true},""question5"":{""angle_match"":true,""view_frontal"":false,""view_perspective"":false,""view_side"":false,""view_top"":true},""question6"":{""angle_match"":true,""view_frontal"":false,""view_perspective"":true,""view_side"":false,""view_top"":false},""question7"":{""angle_match"":true,""view_frontal"":false,""view_perspective"":false,""view_side"":false,""view_top"":true},""question8"":{""angle_match"":true,""view_frontal"":false,""view_perspective"":false,""view_side"":true,""view_top"":false},""question9"":{""angle_match"":true,""view_frontal"":false,""view_perspective"":false,""view_side"":true,""view_top"":false}}]"
"3FI30CQHWCXYWC0IT5XDMYF9UEGB6Q","3BHRGUFAI0A6J7Y48A1RI398KZYCSF","Categorize images based on object's view.","Review 10 animal’s line-arts and judge if it has same or different views. Identify view for each tactile. (10 pairs)","tactile, image review, accessibility, animals","$0.05","Tue Mar 03 20:32:22 PST 2026","7","BatchId:5376447;OriginalHitTemplateId:928390873;","3600","2592000","Mon Mar 23 21:32:22 PDT 2026","","","3KIBXJ1WEY8R0589PG11QLGJU6VKOV","A3SA9LY6RXKFOI","Submitted","Tue Mar 03 20:45:22 PST 2026","Tue Mar 03 21:04:53 PST 2026","Thu Apr 02 22:04:53 PDT 2026","","","","1171","0% (0/0)","0% (0/0)","0% (0/0)","Fish","https://f1qv-main-data.s3.us-east-1.amazonaws.com/amt/main_task_F1QV/Fish/Natural/23_fish.png","https://f1qv-main-data.s3.us-east-1.amazonaws.com/amt/main_task_F1QV/Fish/Tactile/23.jpg","","Crab","https://f1qv-main-data.s3.us-east-1.amazonaws.com/amt/main_task_F1QV/Crab/Natural/Crab_3.jpg","https://f1qv-main-data.s3.us-east-1.amazonaws.com/amt/main_task_F1QV/Crab/Tactile/3.jpeg","","Horse","https://f1qv-main-data.s3.us-east-1.amazonaws.com/amt/main_task_F1QV/Horse/Natural/21_Horse.jpeg","https://f1qv-main-data.s3.us-east-1.amazonaws.com/amt/main_task_F1QV/Horse/Tactile/21.jpg","","Beluga Whale","https://f1qv-main-data.s3.us-east-1.amazonaws.com/amt/main_task_F1QV/Beluga Whale/Natural/Beluga_10.jpg","https://f1qv-main-data.s3.us-east-1.amazonaws.com/amt/main_task_F1QV/Beluga Whale/Tactile/10.jpg","","Bat","https://f1qv-main-data.s3.us-east-1.amazonaws.com/amt/main_task_F1QV/Bat/Natural/7_2.png","https://f1qv-main-data.s3.us-east-1.amazonaws.com/amt/main_task_F1QV/Bat/Tactile/7.jpeg","","Beluga Whale","https://f1qv-main-data.s3.us-east-1.amazonaws.com/amt/main_task_F1QV/Beluga Whale/Natural/Beluga_1.jpeg","https://f1qv-main-data.s3.us-east-1.amazonaws.com/amt/main_task_F1QV/Beluga Whale/Tactile/1.png","","Jellyfish","https://f1qv-main-data.s3.us-east-1.amazonaws.com/amt/main_task_F1QV/Jellyfish/Natural/1.jpg","https://f1qv-main-data.s3.us-east-1.amazonaws.com/amt/main_task_F1QV/Jellyfish/Tactile/1.png","","Dog","https://f1qv-main-data.s3.us-east-1.amazonaws.com/amt/main_task_F1QV/Dog/Natural/8_Dog(3).jpg","https://f1qv-main-data.s3.us-east-1.amazonaws.com/amt/main_task_F1QV/Dog/Tactile/8.jpg","","Duck","https://f1qv-main-data.s3.us-east-1.amazonaws.com/amt/main_task_F1QV/Duck/Natural/2_Duck.jpg","https://f1qv-main-data.s3.us-east-1.amazonaws.com/amt/main_task_F1QV/Duck/Tactile/2.jpg","","Duck","https://f1qv-main-data.s3.us-east-1.amazonaws.com/amt/main_task_F1QV/Duck/Natural/2_Duck_refined.jpg","https://f1qv-main-data.s3.us-east-1.amazonaws.com/amt/main_task_F1QV/Duck/Tactile/2_refined.png","","[{""question1"":{""angle_match"":true,""view_frontal"":false,""view_perspective"":false,""view_side"":true,""view_top"":false},""question10"":{""angle_match"":true,""view_frontal"":true,""view_perspective"":false,""view_side"":false,""view_top"":false},""question2"":{""angle_match"":true,""view_frontal"":true,""view_perspective"":false,""view_side"":false,""view_top"":false},""question3"":{""angle_match"":true,""view_frontal"":false,""view_perspective"":false,""view_side"":true,""view_top"":false},""question4"":{""angle_match"":true,""view_frontal"":false,""view_perspective"":false,""view_side"":true,""view_top"":false},""question5"":{""angle_match"":true,""view_frontal"":false,""view_perspective"":false,""view_side"":true,""view_top"":false},""question6"":{""angle_match"":true,""view_frontal"":false,""view_perspective"":false,""view_side"":true,""view_top"":false},""question7"":{""angle_match"":true,""view_frontal"":true,""view_perspective"":false,""view_side"":false,""view_top"":false},""question8"":{""angle_match"":true,""view_frontal"":true,""view_perspective"":false,""view_side"":false,""view_top"":false},""question9"":{""angle_match"":true,""view_frontal"":true,""view_perspective"":false,""view_side"":false,""view_top"":false}}]"
"3FI30CQHWCXYWC0IT5XDMYF9UEGB6Q","3BHRGUFAI0A6J7Y48A1RI398KZYCSF","Categorize images based on object's view.","Review 10 animal’s line-arts and judge if it has same or different views. Identify view for each tactile. (10 pairs)","tactile, image review, accessibility, animals","$0.05","Tue Mar 03 20:32:22 PST 2026","7","BatchId:5376447;OriginalHitTemplateId:928390873;","3600","2592000","Mon Mar 23 21:32:22 PDT 2026","","","32KTQ2V7S6TJJ64683VZ88DYOC1M9L","A33I0A28TLIR6J","Submitted","Tue Mar 03 20:41:39 PST 2026","Tue Mar 03 21:27:20 PST 2026","Thu Apr 02 22:27:20 PDT 2026","","","","2741","100% (1/1)","0% (0/0)","0% (0/0)","Fish","https://f1qv-main-data.s3.us-east-1.amazonaws.com/amt/main_task_F1QV/Fish/Natural/23_fish.png","https://f1qv-main-data.s3.us-east-1.amazonaws.com/amt/main_task_F1QV/Fish/Tactile/23.jpg","","Crab","https://f1qv-main-data.s3.us-east-1.amazonaws.com/amt/main_task_F1QV/Crab/Natural/Crab_3.jpg","https://f1qv-main-data.s3.us-east-1.amazonaws.com/amt/main_task_F1QV/Crab/Tactile/3.jpeg","","Horse","https://f1qv-main-data.s3.us-east-1.amazonaws.com/amt/main_task_F1QV/Horse/Natural/21_Horse.jpeg","https://f1qv-main-data.s3.us-east-1.amazonaws.com/amt/main_task_F1QV/Horse/Tactile/21.jpg","","Beluga Whale","https://f1qv-main-data.s3.us-east-1.amazonaws.com/amt/main_task_F1QV/Beluga Whale/Natural/Beluga_10.jpg","https://f1qv-main-data.s3.us-east-1.amazonaws.com/amt/main_task_F1QV/Beluga Whale/Tactile/10.jpg","","Bat","https://f1qv-main-data.s3.us-east-1.amazonaws.com/amt/main_task_F1QV/Bat/Natural/7_2.png","https://f1qv-main-data.s3.us-east-1.amazonaws.com/amt/main_task_F1QV/Bat/Tactile/7.jpeg","","Beluga Whale","https://f1qv-main-data.s3.us-east-1.amazonaws.com/amt/main_task_F1QV/Beluga Whale/Natural/Beluga_1.jpeg","https://f1qv-main-data.s3.us-east-1.amazonaws.com/amt/main_task_F1QV/Beluga Whale/Tactile/1.png","","Jellyfish","https://f1qv-main-data.s3.us-east-1.amazonaws.com/amt/main_task_F1QV/Jellyfish/Natural/1.jpg","https://f1qv-main-data.s3.us-east-1.amazonaws.com/amt/main_task_F1QV/Jellyfish/Tactile/1.png","","Dog","https://f1qv-main-data.s3.us-east-1.amazonaws.com/amt/main_task_F1QV/Dog/Natural/8_Dog(3).jpg","https://f1qv-main-data.s3.us-east-1.amazonaws.com/amt/main_task_F1QV/Dog/Tactile/8.jpg","","Duck","https://f1qv-main-data.s3.us-east-1.amazonaws.com/amt/main_task_F1QV/Duck/Natural/2_Duck.jpg","https://f1qv-main-data.s3.us-east-1.amazonaws.com/amt/main_task_F1QV/Duck/Tactile/2.jpg","","Duck","https://f1qv-main-data.s3.us-east-1.amazonaws.com/amt/main_task_F1QV/Duck/Natural/2_Duck_refined.jpg","https://f1qv-main-data.s3.us-east-1.amazonaws.com/amt/main_task_F1QV/Duck/Tactile/2_refined.png","","[{""question1"":{""angle_match"":true,""view_frontal"":false,""view_perspective"":false,""view_side"":false,""view_top"":false},""question10"":{""angle_match"":true,""view_frontal"":false,""view_perspective"":false,""view_side"":true,""view_top"":false},""question2"":{""angle_match"":true,""view_frontal"":false,""view_perspective"":false,""view_side"":false,""view_top"":true},""question3"":{""angle_match"":true,""view_frontal"":false,""view_perspective"":false,""view_side"":true,""view_top"":false},""question4"":{""angle_match"":true,""view_frontal"":false,""view_perspective"":true,""view_side"":false,""view_top"":false},""question5"":{""angle_match"":true,""view_frontal"":true,""view_perspective"":false,""view_side"":false,""view_top"":false},""question6"":{""angle_match"":false,""view_frontal"":false,""view_perspective"":false,""view_side"":true,""view_top"":false},""question7"":{""angle_match"":true,""view_frontal"":true,""view_perspective"":false,""view_side"":false,""view_top"":false},""question8"":{""angle_match"":true,""view_frontal"":false,""view_perspective"":false,""view_side"":true,""view_top"":false},""question9"":{""angle_match"":true,""view_frontal"":false,""view_perspective"":false,""view_side"":true,""view_top"":false}}]"
"3FI30CQHWCXYWC0IT5XDMYF9UEGB6Q","3BHRGUFAI0A6J7Y48A1RI398KZYCSF","Categorize images based on object's view.","Review 10 animal’s line-arts and judge if it has same or different views. Identify view for each tactile. (10 pairs)","tactile, image review, accessibility, animals","$0.05","Tue Mar 03 20:32:22 PST 2026","7","BatchId:5376447;OriginalHitTemplateId:928390873;","3600","2592000","Mon Mar 23 21:32:22 PDT 2026","","","3TR2532VJI860FWN7ZFV86UFUHYJ63","ALJH5865ISWT1","Submitted","Tue Mar 03 20:41:08 PST 2026","Tue Mar 03 21:38:23 PST 2026","Thu Apr 02 22:38:23 PDT 2026","","","","3435","100% (2/2)","100% (2/2)","0% (0/0)","Fish","https://f1qv-main-data.s3.us-east-1.amazonaws.com/amt/main_task_F1QV/Fish/Natural/23_fish.png","https://f1qv-main-data.s3.us-east-1.amazonaws.com/amt/main_task_F1QV/Fish/Tactile/23.jpg","","Crab","https://f1qv-main-data.s3.us-east-1.amazonaws.com/amt/main_task_F1QV/Crab/Natural/Crab_3.jpg","https://f1qv-main-data.s3.us-east-1.amazonaws.com/amt/main_task_F1QV/Crab/Tactile/3.jpeg","","Horse","https://f1qv-main-data.s3.us-east-1.amazonaws.com/amt/main_task_F1QV/Horse/Natural/21_Horse.jpeg","https://f1qv-main-data.s3.us-east-1.amazonaws.com/amt/main_task_F1QV/Horse/Tactile/21.jpg","","Beluga Whale","https://f1qv-main-data.s3.us-east-1.amazonaws.com/amt/main_task_F1QV/Beluga Whale/Natural/Beluga_10.jpg","https://f1qv-main-data.s3.us-east-1.amazonaws.com/amt/main_task_F1QV/Beluga Whale/Tactile/10.jpg","","Bat","https://f1qv-main-data.s3.us-east-1.amazonaws.com/amt/main_task_F1QV/Bat/Natural/7_2.png","https://f1qv-main-data.s3.us-east-1.amazonaws.com/amt/main_task_F1QV/Bat/Tactile/7.jpeg","","Beluga Whale","https://f1qv-main-data.s3.us-east-1.amazonaws.com/amt/main_task_F1QV/Beluga Whale/Natural/Beluga_1.jpeg","https://f1qv-main-data.s3.us-east-1.amazonaws.com/amt/main_task_F1QV/Beluga Whale/Tactile/1.png","","Jellyfish","https://f1qv-main-data.s3.us-east-1.amazonaws.com/amt/main_task_F1QV/Jellyfish/Natural/1.jpg","https://f1qv-main-data.s3.us-east-1.amazonaws.com/amt/main_task_F1QV/Jellyfish/Tactile/1.png","","Dog","https://f1qv-main-data.s3.us-east-1.amazonaws.com/amt/main_task_F1QV/Dog/Natural/8_Dog(3).jpg","https://f1qv-main-data.s3.us-east-1.amazonaws.com/amt/main_task_F1QV/Dog/Tactile/8.jpg","","Duck","https://f1qv-main-data.s3.us-east-1.amazonaws.com/amt/main_task_F1QV/Duck/Natural/2_Duck.jpg","https://f1qv-main-data.s3.us-east-1.amazonaws.com/amt/main_task_F1QV/Duck/Tactile/2.jpg","","Duck","https://f1qv-main-data.s3.us-east-1.amazonaws.com/amt/main_task_F1QV/Duck/Natural/2_Duck_refined.jpg","https://f1qv-main-data.s3.us-east-1.amazonaws.com/amt/main_task_F1QV/Duck/Tactile/2_refined.png","","[{""question1"":{""angle_match"":true,""view_frontal"":false,""view_perspective"":false,""view_side"":true,""view_top"":false},""question10"":{""angle_match"":true,""view_frontal"":false,""view_perspective"":false,""view_side"":true,""view_top"":false},""question2"":{""angle_match"":true,""view_frontal"":false,""view_perspective"":false,""view_side"":false,""view_top"":true},""question3"":{""angle_match"":true,""view_frontal"":false,""view_perspective"":false,""view_side"":true,""view_top"":false},""question4"":{""angle_match"":true,""view_frontal"":true,""view_perspective"":false,""view_side"":false,""view_top"":false},""question5"":{""angle_match"":true,""view_frontal"":true,""view_perspective"":false,""view_side"":false,""view_top"":false},""question6"":{""angle_match"":true,""view_frontal"":false,""view_perspective"":false,""view_side"":true,""view_top"":false},""question7"":{""angle_match"":true,""view_frontal"":false,""view_perspective"":false,""view_side"":true,""view_top"":false},""question8"":{""angle_match"":true,""view_frontal"":false,""view_perspective"":false,""view_side"":true,""view_top"":false},""question9"":{""angle_match"":true,""view_frontal"":false,""view_perspective"":false,""view_side"":true,""view_top"":false}}]"
"3RWB1RTQEB1N4KKG5PCC1WGPHDLP8B","3BHRGUFAI0A6J7Y48A1RI398KZYCSF","Categorize images based on object's view.","Review 10 animal’s line-arts and judge if it has same or different views. Identify view for each tactile. (10 pairs)","tactile, image review, accessibility, animals","$0.05","Tue Mar 03 20:32:23 PST 2026","7","BatchId:5376447;OriginalHitTemplateId:928390873;","3600","2592000","Mon Mar 23 21:32:23 PDT 2026","","","3SLE99ER1GR266IMLCZP7G4XRGNBZ2","A3CWVU18V57686","Submitted","Tue Mar 03 20:42:24 PST 2026","Tue Mar 03 20:48:34 PST 2026","Thu Apr 02 21:48:34 PDT 2026","","","","370","0% (0/0)","0% (0/0)","0% (0/0)","Cat","https://f1qv-main-data.s3.us-east-1.amazonaws.com/amt/main_task_F1QV/Cat/Natural/cat_17.jpg","https://f1qv-main-data.s3.us-east-1.amazonaws.com/amt/main_task_F1QV/Cat/Tactile/17.jpg","","Duck","https://f1qv-main-data.s3.us-east-1.amazonaws.com/amt/main_task_F1QV/Duck/Natural/3_Duck.jpg","https://f1qv-main-data.s3.us-east-1.amazonaws.com/amt/main_task_F1QV/Duck/Tactile/3.jpg","","Beluga Whale","https://f1qv-main-data.s3.us-east-1.amazonaws.com/amt/main_task_F1QV/Beluga Whale/Natural/Beluga_9.jpg","https://f1qv-main-data.s3.us-east-1.amazonaws.com/amt/main_task_F1QV/Beluga Whale/Tactile/9.jpg","","Rabbit","https://f1qv-main-data.s3.us-east-1.amazonaws.com/amt/main_task_F1QV/Rabbit/Natural/1.png","https://f1qv-main-data.s3.us-east-1.amazonaws.com/amt/main_task_F1QV/Rabbit/Tactile/1.jpg","","Horse","https://f1qv-main-data.s3.us-east-1.amazonaws.com/amt/main_task_F1QV/Horse/Natural/9_Horse.jpeg","https://f1qv-main-data.s3.us-east-1.amazonaws.com/amt/main_task_F1QV/Horse/Tactile/9.jpg","","Crab","https://f1qv-main-data.s3.us-east-1.amazonaws.com/amt/main_task_F1QV/Crab/Natural/Crab_1.jpg","https://f1qv-main-data.s3.us-east-1.amazonaws.com/amt/main_task_F1QV/Crab/Tactile/1.jpeg","","Fish","https://f1qv-main-data.s3.us-east-1.amazonaws.com/amt/main_task_F1QV/Fish/Natural/30_FISH.png","https://f1qv-main-data.s3.us-east-1.amazonaws.com/amt/main_task_F1QV/Fish/Tactile/30.jpg","","Cat","https://f1qv-main-data.s3.us-east-1.amazonaws.com/amt/main_task_F1QV/Cat/Natural/cat_7.jpeg","https://f1qv-main-data.s3.us-east-1.amazonaws.com/amt/main_task_F1QV/Cat/Tactile/7.jpg","","Dinosaur","https://f1qv-main-data.s3.us-east-1.amazonaws.com/amt/main_task_F1QV/Dinosaur/Natural/6_Dinosaur.jpeg","https://f1qv-main-data.s3.us-east-1.amazonaws.com/amt/main_task_F1QV/Dinosaur/Tactile/6.jpg","","Bee","https://f1qv-main-data.s3.us-east-1.amazonaws.com/amt/main_task_F1QV/Bee/Natural/Bee_12.jpg","https://f1qv-main-data.s3.us-east-1.amazonaws.com/amt/main_task_F1QV/Bee/Tactile/12.jpg","","[{""question1"":{""angle_match"":false,""view_frontal"":false,""view_perspective"":false,""view_side"":false,""view_top"":true},""question10"":{""angle_match"":false,""view_frontal"":false,""view_perspective"":false,""view_side"":true,""view_top"":false},""question2"":{""angle_match"":false,""view_frontal"":false,""view_perspective"":false,""view_side"":true,""view_top"":false},""question3"":{""angle_match"":false,""view_frontal"":true,""view_perspective"":false,""view_side"":false,""view_top"":false},""question4"":{""angle_match"":false,""view_frontal"":true,""view_perspective"":false,""view_side"":false,""view_top"":false},""question5"":{""angle_match"":true,""view_frontal"":false,""view_perspective"":false,""view_side"":true,""view_top"":false},""question6"":{""angle_match"":false,""view_frontal"":true,""view_perspective"":false,""view_side"":false,""view_top"":false},""question7"":{""angle_match"":false,""view_frontal"":true,""view_perspective"":false,""view_side"":false,""view_top"":false},""question8"":{""angle_match"":false,""view_frontal"":false,""view_perspective"":true,""view_side"":false,""view_top"":false},""question9"":{""angle_match"":false,""view_frontal"":false,""view_perspective"":false,""view_side"":true,""view_top"":false}}]"
"3RWB1RTQEB1N4KKG5PCC1WGPHDLP8B","3BHRGUFAI0A6J7Y48A1RI398KZYCSF","Categorize images based on object's view.","Review 10 animal’s line-arts and judge if it has same or different views. Identify view for each tactile. (10 pairs)","tactile, image review, accessibility, animals","$0.05","Tue Mar 03 20:32:23 PST 2026","7","BatchId:5376447;OriginalHitTemplateId:928390873;","3600","2592000","Mon Mar 23 21:32:23 PDT 2026","","","30MVJZJNIFRTIYYL56I7SGLHKH49J0","A3OLY20VMA8SPJ","Submitted","Tue Mar 03 20:39:09 PST 2026","Tue Mar 03 20:49:18 PST 2026","Thu Apr 02 21:49:18 PDT 2026","","","","609","100% (15/15)","100% (15/15)","0% (0/0)","Cat","https://f1qv-main-data.s3.us-east-1.amazonaws.com/amt/main_task_F1QV/Cat/Natural/cat_17.jpg","https://f1qv-main-data.s3.us-east-1.amazonaws.com/amt/main_task_F1QV/Cat/Tactile/17.jpg","","Duck","https://f1qv-main-data.s3.us-east-1.amazonaws.com/amt/main_task_F1QV/Duck/Natural/3_Duck.jpg","https://f1qv-main-data.s3.us-east-1.amazonaws.com/amt/main_task_F1QV/Duck/Tactile/3.jpg","","Beluga Whale","https://f1qv-main-data.s3.us-east-1.amazonaws.com/amt/main_task_F1QV/Beluga Whale/Natural/Beluga_9.jpg","https://f1qv-main-data.s3.us-east-1.amazonaws.com/amt/main_task_F1QV/Beluga Whale/Tactile/9.jpg","","Rabbit","https://f1qv-main-data.s3.us-east-1.amazonaws.com/amt/main_task_F1QV/Rabbit/Natural/1.png","https://f1qv-main-data.s3.us-east-1.amazonaws.com/amt/main_task_F1QV/Rabbit/Tactile/1.jpg","","Horse","https://f1qv-main-data.s3.us-east-1.amazonaws.com/amt/main_task_F1QV/Horse/Natural/9_Horse.jpeg","https://f1qv-main-data.s3.us-east-1.amazonaws.com/amt/main_task_F1QV/Horse/Tactile/9.jpg","","Crab","https://f1qv-main-data.s3.us-east-1.amazonaws.com/amt/main_task_F1QV/Crab/Natural/Crab_1.jpg","https://f1qv-main-data.s3.us-east-1.amazonaws.com/amt/main_task_F1QV/Crab/Tactile/1.jpeg","","Fish","https://f1qv-main-data.s3.us-east-1.amazonaws.com/amt/main_task_F1QV/Fish/Natural/30_FISH.png","https://f1qv-main-data.s3.us-east-1.amazonaws.com/amt/main_task_F1QV/Fish/Tactile/30.jpg","","Cat","https://f1qv-main-data.s3.us-east-1.amazonaws.com/amt/main_task_F1QV/Cat/Natural/cat_7.jpeg","https://f1qv-main-data.s3.us-east-1.amazonaws.com/amt/main_task_F1QV/Cat/Tactile/7.jpg","","Dinosaur","https://f1qv-main-data.s3.us-east-1.amazonaws.com/amt/main_task_F1QV/Dinosaur/Natural/6_Dinosaur.jpeg","https://f1qv-main-data.s3.us-east-1.amazonaws.com/amt/main_task_F1QV/Dinosaur/Tactile/6.jpg","","Bee","https://f1qv-main-data.s3.us-east-1.amazonaws.com/amt/main_task_F1QV/Bee/Natural/Bee_12.jpg","https://f1qv-main-data.s3.us-east-1.amazonaws.com/amt/main_task_F1QV/Bee/Tactile/12.jpg","","[{""question1"":{""angle_match"":true,""view_frontal"":false,""view_perspective"":true,""view_side"":false,""view_top"":false},""question10"":{""angle_match"":true,""view_frontal"":false,""view_perspective"":false,""view_side"":true,""view_top"":false},""question2"":{""angle_match"":true,""view_frontal"":false,""view_perspective"":false,""view_side"":true,""view_top"":false},""question3"":{""angle_match"":true,""view_frontal"":false,""view_perspective"":false,""view_side"":true,""view_top"":false},""question4"":{""angle_match"":true,""view_frontal"":false,""view_perspective"":false,""view_side"":true,""view_top"":false},""question5"":{""angle_match"":true,""view_frontal"":false,""view_perspective"":false,""view_side"":true,""view_top"":false},""question6"":{""angle_match"":true,""view_frontal"":true,""view_perspective"":false,""view_side"":false,""view_top"":false},""question7"":{""angle_match"":true,""view_frontal"":false,""view_perspective"":false,""view_side"":true,""view_top"":false},""question8"":{""angle_match"":true,""view_frontal"":false,""view_perspective"":false,""view_side"":false,""view_top"":true},""question9"":{""angle_match"":true,""view_frontal"":true,""view_perspective"":false,""view_side"":false,""view_top"":false}}]"
"3RWB1RTQEB1N4KKG5PCC1WGPHDLP8B","3BHRGUFAI0A6J7Y48A1RI398KZYCSF","Categorize images based on object's view.","Review 10 animal’s line-arts and judge if it has same or different views. Identify view for each tactile. (10 pairs)","tactile, image review, accessibility, animals","$0.05","Tue Mar 03 20:32:23 PST 2026","7","BatchId:5376447;OriginalHitTemplateId:928390873;","3600","2592000","Mon Mar 23 21:32:23 PDT 2026","","","3Z4XG4ZF515UZDK0HIRUJTYLB9Z8XW","A1MYCZT6OX9G20","Submitted","Tue Mar 03 20:37:44 PST 2026","Tue Mar 03 20:49:39 PST 2026","Thu Apr 02 21:49:39 PDT 2026","","","","715","100% (9/9)","0% (0/0)","0% (0/0)","Cat","https://f1qv-main-data.s3.us-east-1.amazonaws.com/amt/main_task_F1QV/Cat/Natural/cat_17.jpg","https://f1qv-main-data.s3.us-east-1.amazonaws.com/amt/main_task_F1QV/Cat/Tactile/17.jpg","","Duck","https://f1qv-main-data.s3.us-east-1.amazonaws.com/amt/main_task_F1QV/Duck/Natural/3_Duck.jpg","https://f1qv-main-data.s3.us-east-1.amazonaws.com/amt/main_task_F1QV/Duck/Tactile/3.jpg","","Beluga Whale","https://f1qv-main-data.s3.us-east-1.amazonaws.com/amt/main_task_F1QV/Beluga Whale/Natural/Beluga_9.jpg","https://f1qv-main-data.s3.us-east-1.amazonaws.com/amt/main_task_F1QV/Beluga Whale/Tactile/9.jpg","","Rabbit","https://f1qv-main-data.s3.us-east-1.amazonaws.com/amt/main_task_F1QV/Rabbit/Natural/1.png","https://f1qv-main-data.s3.us-east-1.amazonaws.com/amt/main_task_F1QV/Rabbit/Tactile/1.jpg","","Horse","https://f1qv-main-data.s3.us-east-1.amazonaws.com/amt/main_task_F1QV/Horse/Natural/9_Horse.jpeg","https://f1qv-main-data.s3.us-east-1.amazonaws.com/amt/main_task_F1QV/Horse/Tactile/9.jpg","","Crab","https://f1qv-main-data.s3.us-east-1.amazonaws.com/amt/main_task_F1QV/Crab/Natural/Crab_1.jpg","https://f1qv-main-data.s3.us-east-1.amazonaws.com/amt/main_task_F1QV/Crab/Tactile/1.jpeg","","Fish","https://f1qv-main-data.s3.us-east-1.amazonaws.com/amt/main_task_F1QV/Fish/Natural/30_FISH.png","https://f1qv-main-data.s3.us-east-1.amazonaws.com/amt/main_task_F1QV/Fish/Tactile/30.jpg","","Cat","https://f1qv-main-data.s3.us-east-1.amazonaws.com/amt/main_task_F1QV/Cat/Natural/cat_7.jpeg","https://f1qv-main-data.s3.us-east-1.amazonaws.com/amt/main_task_F1QV/Cat/Tactile/7.jpg","","Dinosaur","https://f1qv-main-data.s3.us-east-1.amazonaws.com/amt/main_task_F1QV/Dinosaur/Natural/6_Dinosaur.jpeg","https://f1qv-main-data.s3.us-east-1.amazonaws.com/amt/main_task_F1QV/Dinosaur/Tactile/6.jpg","","Bee","https://f1qv-main-data.s3.us-east-1.amazonaws.com/amt/main_task_F1QV/Bee/Natural/Bee_12.jpg","https://f1qv-main-data.s3.us-east-1.amazonaws.com/amt/main_task_F1QV/Bee/Tactile/12.jpg","","[{""question1"":{""angle_match"":true,""view_frontal"":false,""view_perspective"":true,""view_side"":false,""view_top"":false},""question10"":{""angle_match"":true,""view_frontal"":false,""view_perspective"":false,""view_side"":true,""view_top"":false},""question2"":{""angle_match"":true,""view_frontal"":false,""view_perspective"":false,""view_side"":true,""view_top"":false},""question3"":{""angle_match"":true,""view_frontal"":false,""view_perspective"":false,""view_side"":true,""view_top"":false},""question4"":{""angle_match"":true,""view_frontal"":false,""view_perspective"":false,""view_side"":true,""view_top"":false},""question5"":{""angle_match"":true,""view_frontal"":false,""view_perspective"":false,""view_side"":true,""view_top"":false},""question6"":{""angle_match"":true,""view_frontal"":false,""view_perspective"":false,""view_side"":false,""view_top"":true},""question7"":{""angle_match"":true,""view_frontal"":false,""view_perspective"":false,""view_side"":true,""view_top"":false},""question8"":{""angle_match"":true,""view_frontal"":true,""view_perspective"":false,""view_side"":false,""view_top"":false},""question9"":{""angle_match"":true,""view_frontal"":false,""view_perspective"":true,""view_side"":false,""view_top"":false}}]"
"3RWB1RTQEB1N4KKG5PCC1WGPHDLP8B","3BHRGUFAI0A6J7Y48A1RI398KZYCSF","Categorize images based on object's view.","Review 10 animal’s line-arts and judge if it has same or different views. Identify view for each tactile. (10 pairs)","tactile, image review, accessibility, animals","$0.05","Tue Mar 03 20:32:23 PST 2026","7","BatchId:5376447;OriginalHitTemplateId:928390873;","3600","2592000","Mon Mar 23 21:32:23 PDT 2026","","","339ANSOTSYGH4JX6RLOW6OKXIXUIKW","A2V3XARMPINRM8","Submitted","Tue Mar 03 20:42:10 PST 2026","Tue Mar 03 20:52:10 PST 2026","Thu Apr 02 21:52:10 PDT 2026","","","","600","100% (1/1)","100% (1/1)","100% (1/1)","Cat","https://f1qv-main-data.s3.us-east-1.amazonaws.com/amt/main_task_F1QV/Cat/Natural/cat_17.jpg","https://f1qv-main-data.s3.us-east-1.amazonaws.com/amt/main_task_F1QV/Cat/Tactile/17.jpg","","Duck","https://f1qv-main-data.s3.us-east-1.amazonaws.com/amt/main_task_F1QV/Duck/Natural/3_Duck.jpg","https://f1qv-main-data.s3.us-east-1.amazonaws.com/amt/main_task_F1QV/Duck/Tactile/3.jpg","","Beluga Whale","https://f1qv-main-data.s3.us-east-1.amazonaws.com/amt/main_task_F1QV/Beluga Whale/Natural/Beluga_9.jpg","https://f1qv-main-data.s3.us-east-1.amazonaws.com/amt/main_task_F1QV/Beluga Whale/Tactile/9.jpg","","Rabbit","https://f1qv-main-data.s3.us-east-1.amazonaws.com/amt/main_task_F1QV/Rabbit/Natural/1.png","https://f1qv-main-data.s3.us-east-1.amazonaws.com/amt/main_task_F1QV/Rabbit/Tactile/1.jpg","","Horse","https://f1qv-main-data.s3.us-east-1.amazonaws.com/amt/main_task_F1QV/Horse/Natural/9_Horse.jpeg","https://f1qv-main-data.s3.us-east-1.amazonaws.com/amt/main_task_F1QV/Horse/Tactile/9.jpg","","Crab","https://f1qv-main-data.s3.us-east-1.amazonaws.com/amt/main_task_F1QV/Crab/Natural/Crab_1.jpg","https://f1qv-main-data.s3.us-east-1.amazonaws.com/amt/main_task_F1QV/Crab/Tactile/1.jpeg","","Fish","https://f1qv-main-data.s3.us-east-1.amazonaws.com/amt/main_task_F1QV/Fish/Natural/30_FISH.png","https://f1qv-main-data.s3.us-east-1.amazonaws.com/amt/main_task_F1QV/Fish/Tactile/30.jpg","","Cat","https://f1qv-main-data.s3.us-east-1.amazonaws.com/amt/main_task_F1QV/Cat/Natural/cat_7.jpeg","https://f1qv-main-data.s3.us-east-1.amazonaws.com/amt/main_task_F1QV/Cat/Tactile/7.jpg","","Dinosaur","https://f1qv-main-data.s3.us-east-1.amazonaws.com/amt/main_task_F1QV/Dinosaur/Natural/6_Dinosaur.jpeg","https://f1qv-main-data.s3.us-east-1.amazonaws.com/amt/main_task_F1QV/Dinosaur/Tactile/6.jpg","","Bee","https://f1qv-main-data.s3.us-east-1.amazonaws.com/amt/main_task_F1QV/Bee/Natural/Bee_12.jpg","https://f1qv-main-data.s3.us-east-1.amazonaws.com/amt/main_task_F1QV/Bee/Tactile/12.jpg","","[{""question1"":{""angle_match"":true,""view_frontal"":false,""view_perspective"":false,""view_side"":false,""view_top"":true},""question10"":{""angle_match"":true,""view_frontal"":false,""view_perspective"":false,""view_side"":true,""view_top"":false},""question2"":{""angle_match"":true,""view_frontal"":false,""view_perspective"":false,""view_side"":true,""view_top"":false},""question3"":{""angle_match"":true,""view_frontal"":false,""view_perspective"":false,""view_side"":true,""view_top"":false},""question4"":{""angle_match"":true,""view_frontal"":false,""view_perspective"":false,""view_side"":true,""view_top"":false},""question5"":{""angle_match"":true,""view_frontal"":false,""view_perspective"":false,""view_side"":true,""view_top"":false},""question6"":{""angle_match"":true,""view_frontal"":true,""view_perspective"":false,""view_side"":false,""view_top"":false},""question7"":{""angle_match"":true,""view_frontal"":false,""view_perspective"":false,""view_side"":true,""view_top"":false},""question8"":{""angle_match"":true,""view_frontal"":false,""view_perspective"":false,""view_side"":false,""view_top"":true},""question9"":{""angle_match"":true,""view_frontal"":false,""view_perspective"":true,""view_side"":false,""view_top"":false}}]"
"3RWB1RTQEB1N4KKG5PCC1WGPHDLP8B","3BHRGUFAI0A6J7Y48A1RI398KZYCSF","Categorize images based on object's view.","Review 10 animal’s line-arts and judge if it has same or different views. Identify view for each tactile. (10 pairs)","tactile, image review, accessibility, animals","$0.05","Tue Mar 03 20:32:23 PST 2026","7","BatchId:5376447;OriginalHitTemplateId:928390873;","3600","2592000","Mon Mar 23 21:32:23 PDT 2026","","","3ZSANO2JD8LVIB8OVMRDUDYFJYBSFQ","A22YCS3UW15WOO","Submitted","Tue Mar 03 20:38:41 PST 2026","Tue Mar 03 20:52:58 PST 2026","Thu Apr 02 21:52:58 PDT 2026","","","","857","100% (60/60)","100% (12/12)","0% (0/0)","Cat","https://f1qv-main-data.s3.us-east-1.amazonaws.com/amt/main_task_F1QV/Cat/Natural/cat_17.jpg","https://f1qv-main-data.s3.us-east-1.amazonaws.com/amt/main_task_F1QV/Cat/Tactile/17.jpg","","Duck","https://f1qv-main-data.s3.us-east-1.amazonaws.com/amt/main_task_F1QV/Duck/Natural/3_Duck.jpg","https://f1qv-main-data.s3.us-east-1.amazonaws.com/amt/main_task_F1QV/Duck/Tactile/3.jpg","","Beluga Whale","https://f1qv-main-data.s3.us-east-1.amazonaws.com/amt/main_task_F1QV/Beluga Whale/Natural/Beluga_9.jpg","https://f1qv-main-data.s3.us-east-1.amazonaws.com/amt/main_task_F1QV/Beluga Whale/Tactile/9.jpg","","Rabbit","https://f1qv-main-data.s3.us-east-1.amazonaws.com/amt/main_task_F1QV/Rabbit/Natural/1.png","https://f1qv-main-data.s3.us-east-1.amazonaws.com/amt/main_task_F1QV/Rabbit/Tactile/1.jpg","","Horse","https://f1qv-main-data.s3.us-east-1.amazonaws.com/amt/main_task_F1QV/Horse/Natural/9_Horse.jpeg","https://f1qv-main-data.s3.us-east-1.amazonaws.com/amt/main_task_F1QV/Horse/Tactile/9.jpg","","Crab","https://f1qv-main-data.s3.us-east-1.amazonaws.com/amt/main_task_F1QV/Crab/Natural/Crab_1.jpg","https://f1qv-main-data.s3.us-east-1.amazonaws.com/amt/main_task_F1QV/Crab/Tactile/1.jpeg","","Fish","https://f1qv-main-data.s3.us-east-1.amazonaws.com/amt/main_task_F1QV/Fish/Natural/30_FISH.png","https://f1qv-main-data.s3.us-east-1.amazonaws.com/amt/main_task_F1QV/Fish/Tactile/30.jpg","","Cat","https://f1qv-main-data.s3.us-east-1.amazonaws.com/amt/main_task_F1QV/Cat/Natural/cat_7.jpeg","https://f1qv-main-data.s3.us-east-1.amazonaws.com/amt/main_task_F1QV/Cat/Tactile/7.jpg","","Dinosaur","https://f1qv-main-data.s3.us-east-1.amazonaws.com/amt/main_task_F1QV/Dinosaur/Natural/6_Dinosaur.jpeg","https://f1qv-main-data.s3.us-east-1.amazonaws.com/amt/main_task_F1QV/Dinosaur/Tactile/6.jpg","","Bee","https://f1qv-main-data.s3.us-east-1.amazonaws.com/amt/main_task_F1QV/Bee/Natural/Bee_12.jpg","https://f1qv-main-data.s3.us-east-1.amazonaws.com/amt/main_task_F1QV/Bee/Tactile/12.jpg","","[{""question1"":{""angle_match"":true,""view_frontal"":false,""view_perspective"":false,""view_side"":false,""view_top"":true},""question10"":{""angle_match"":true,""view_frontal"":false,""view_perspective"":false,""view_side"":true,""view_top"":false},""question2"":{""angle_match"":true,""view_frontal"":false,""view_perspective"":false,""view_side"":true,""view_top"":false},""question3"":{""angle_match"":false,""view_frontal"":false,""view_perspective"":true,""view_side"":false,""view_top"":false},""question4"":{""angle_match"":true,""view_frontal"":false,""view_perspective"":false,""view_side"":true,""view_top"":false},""question5"":{""angle_match"":true,""view_frontal"":false,""view_perspective"":false,""view_side"":false,""view_top"":false},""question6"":{""angle_match"":true,""view_frontal"":true,""view_perspective"":false,""view_side"":false,""view_top"":false},""question7"":{""angle_match"":true,""view_frontal"":false,""view_perspective"":false,""view_side"":true,""view_top"":false},""question8"":{""angle_match"":true,""view_frontal"":false,""view_perspective"":false,""view_side"":false,""view_top"":true},""question9"":{""angle_match"":true,""view_frontal"":false,""view_perspective"":false,""view_side"":false,""view_top"":true}}]"
"3RWB1RTQEB1N4KKG5PCC1WGPHDLP8B","3BHRGUFAI0A6J7Y48A1RI398KZYCSF","Categorize images based on object's view.","Review 10 animal’s line-arts and judge if it has same or different views. Identify view for each tactile. (10 pairs)","tactile, image review, accessibility, animals","$0.05","Tue Mar 03 20:32:23 PST 2026","7","BatchId:5376447;OriginalHitTemplateId:928390873;","3600","2592000","Mon Mar 23 21:32:23 PDT 2026","","","3570Y55X0IXYSXGS5CPKUKMS1Y8GYS","ALJH5865ISWT1","Submitted","Tue Mar 03 20:38:47 PST 2026","Tue Mar 03 20:58:06 PST 2026","Thu Apr 02 21:58:06 PDT 2026","","","","1159","100% (2/2)","100% (2/2)","0% (0/0)","Cat","https://f1qv-main-data.s3.us-east-1.amazonaws.com/amt/main_task_F1QV/Cat/Natural/cat_17.jpg","https://f1qv-main-data.s3.us-east-1.amazonaws.com/amt/main_task_F1QV/Cat/Tactile/17.jpg","","Duck","https://f1qv-main-data.s3.us-east-1.amazonaws.com/amt/main_task_F1QV/Duck/Natural/3_Duck.jpg","https://f1qv-main-data.s3.us-east-1.amazonaws.com/amt/main_task_F1QV/Duck/Tactile/3.jpg","","Beluga Whale","https://f1qv-main-data.s3.us-east-1.amazonaws.com/amt/main_task_F1QV/Beluga Whale/Natural/Beluga_9.jpg","https://f1qv-main-data.s3.us-east-1.amazonaws.com/amt/main_task_F1QV/Beluga Whale/Tactile/9.jpg","","Rabbit","https://f1qv-main-data.s3.us-east-1.amazonaws.com/amt/main_task_F1QV/Rabbit/Natural/1.png","https://f1qv-main-data.s3.us-east-1.amazonaws.com/amt/main_task_F1QV/Rabbit/Tactile/1.jpg","","Horse","https://f1qv-main-data.s3.us-east-1.amazonaws.com/amt/main_task_F1QV/Horse/Natural/9_Horse.jpeg","https://f1qv-main-data.s3.us-east-1.amazonaws.com/amt/main_task_F1QV/Horse/Tactile/9.jpg","","Crab","https://f1qv-main-data.s3.us-east-1.amazonaws.com/amt/main_task_F1QV/Crab/Natural/Crab_1.jpg","https://f1qv-main-data.s3.us-east-1.amazonaws.com/amt/main_task_F1QV/Crab/Tactile/1.jpeg","","Fish","https://f1qv-main-data.s3.us-east-1.amazonaws.com/amt/main_task_F1QV/Fish/Natural/30_FISH.png","https://f1qv-main-data.s3.us-east-1.amazonaws.com/amt/main_task_F1QV/Fish/Tactile/30.jpg","","Cat","https://f1qv-main-data.s3.us-east-1.amazonaws.com/amt/main_task_F1QV/Cat/Natural/cat_7.jpeg","https://f1qv-main-data.s3.us-east-1.amazonaws.com/amt/main_task_F1QV/Cat/Tactile/7.jpg","","Dinosaur","https://f1qv-main-data.s3.us-east-1.amazonaws.com/amt/main_task_F1QV/Dinosaur/Natural/6_Dinosaur.jpeg","https://f1qv-main-data.s3.us-east-1.amazonaws.com/amt/main_task_F1QV/Dinosaur/Tactile/6.jpg","","Bee","https://f1qv-main-data.s3.us-east-1.amazonaws.com/amt/main_task_F1QV/Bee/Natural/Bee_12.jpg","https://f1qv-main-data.s3.us-east-1.amazonaws.com/amt/main_task_F1QV/Bee/Tactile/12.jpg","","[{""question1"":{""angle_match"":true,""view_frontal"":true,""view_perspective"":false,""view_side"":false,""view_top"":false},""question10"":{""angle_match"":true,""view_frontal"":false,""view_perspective"":false,""view_side"":true,""view_top"":false},""question2"":{""angle_match"":true,""view_frontal"":false,""view_perspective"":false,""view_side"":true,""view_top"":false},""question3"":{""angle_match"":true,""view_frontal"":false,""view_perspective"":false,""view_side"":true,""view_top"":false},""question4"":{""angle_match"":true,""view_frontal"":false,""view_perspective"":false,""view_side"":true,""view_top"":false},""question5"":{""angle_match"":true,""view_frontal"":false,""view_perspective"":false,""view_side"":true,""view_top"":false},""question6"":{""angle_match"":true,""view_frontal"":true,""view_perspective"":false,""view_side"":false,""view_top"":false},""question7"":{""angle_match"":true,""view_frontal"":false,""view_perspective"":false,""view_side"":true,""view_top"":false},""question8"":{""angle_match"":true,""view_frontal"":true,""view_perspective"":false,""view_side"":false,""view_top"":false},""question9"":{""angle_match"":true,""view_frontal"":true,""view_perspective"":false,""view_side"":false,""view_top"":false}}]"
"3RWB1RTQEB1N4KKG5PCC1WGPHDLP8B","3BHRGUFAI0A6J7Y48A1RI398KZYCSF","Categorize images based on object's view.","Review 10 animal’s line-arts and judge if it has same or different views. Identify view for each tactile. (10 pairs)","tactile, image review, accessibility, animals","$0.05","Tue Mar 03 20:32:23 PST 2026","7","BatchId:5376447;OriginalHitTemplateId:928390873;","3600","2592000","Mon Mar 23 21:32:23 PDT 2026","","","3570Y55X0IXYSXGS5CPKUKMS1ZAGYW","A33I0A28TLIR6J","Submitted","Tue Mar 03 20:41:14 PST 2026","Tue Mar 03 21:05:00 PST 2026","Thu Apr 02 22:05:00 PDT 2026","","","","1426","100% (1/1)","0% (0/0)","0% (0/0)","Cat","https://f1qv-main-data.s3.us-east-1.amazonaws.com/amt/main_task_F1QV/Cat/Natural/cat_17.jpg","https://f1qv-main-data.s3.us-east-1.amazonaws.com/amt/main_task_F1QV/Cat/Tactile/17.jpg","","Duck","https://f1qv-main-data.s3.us-east-1.amazonaws.com/amt/main_task_F1QV/Duck/Natural/3_Duck.jpg","https://f1qv-main-data.s3.us-east-1.amazonaws.com/amt/main_task_F1QV/Duck/Tactile/3.jpg","","Beluga Whale","https://f1qv-main-data.s3.us-east-1.amazonaws.com/amt/main_task_F1QV/Beluga Whale/Natural/Beluga_9.jpg","https://f1qv-main-data.s3.us-east-1.amazonaws.com/amt/main_task_F1QV/Beluga Whale/Tactile/9.jpg","","Rabbit","https://f1qv-main-data.s3.us-east-1.amazonaws.com/amt/main_task_F1QV/Rabbit/Natural/1.png","https://f1qv-main-data.s3.us-east-1.amazonaws.com/amt/main_task_F1QV/Rabbit/Tactile/1.jpg","","Horse","https://f1qv-main-data.s3.us-east-1.amazonaws.com/amt/main_task_F1QV/Horse/Natural/9_Horse.jpeg","https://f1qv-main-data.s3.us-east-1.amazonaws.com/amt/main_task_F1QV/Horse/Tactile/9.jpg","","Crab","https://f1qv-main-data.s3.us-east-1.amazonaws.com/amt/main_task_F1QV/Crab/Natural/Crab_1.jpg","https://f1qv-main-data.s3.us-east-1.amazonaws.com/amt/main_task_F1QV/Crab/Tactile/1.jpeg","","Fish","https://f1qv-main-data.s3.us-east-1.amazonaws.com/amt/main_task_F1QV/Fish/Natural/30_FISH.png","https://f1qv-main-data.s3.us-east-1.amazonaws.com/amt/main_task_F1QV/Fish/Tactile/30.jpg","","Cat","https://f1qv-main-data.s3.us-east-1.amazonaws.com/amt/main_task_F1QV/Cat/Natural/cat_7.jpeg","https://f1qv-main-data.s3.us-east-1.amazonaws.com/amt/main_task_F1QV/Cat/Tactile/7.jpg","","Dinosaur","https://f1qv-main-data.s3.us-east-1.amazonaws.com/amt/main_task_F1QV/Dinosaur/Natural/6_Dinosaur.jpeg","https://f1qv-main-data.s3.us-east-1.amazonaws.com/amt/main_task_F1QV/Dinosaur/Tactile/6.jpg","","Bee","https://f1qv-main-data.s3.us-east-1.amazonaws.com/amt/main_task_F1QV/Bee/Natural/Bee_12.jpg","https://f1qv-main-data.s3.us-east-1.amazonaws.com/amt/main_task_F1QV/Bee/Tactile/12.jpg","","[{""question1"":{""angle_match"":true,""view_frontal"":true,""view_perspective"":false,""view_side"":false,""view_top"":false},""question10"":{""angle_match"":true,""view_frontal"":false,""view_perspective"":false,""view_side"":true,""view_top"":false},""question2"":{""angle_match"":true,""view_frontal"":false,""view_perspective"":false,""view_side"":true,""view_top"":false},""question3"":{""angle_match"":true,""view_frontal"":false,""view_perspective"":false,""view_side"":true,""view_top"":false},""question4"":{""angle_match"":true,""view_frontal"":false,""view_perspective"":false,""view_side"":true,""view_top"":false},""question5"":{""angle_match"":true,""view_frontal"":false,""view_perspective"":false,""view_side"":true,""view_top"":false},""question6"":{""angle_match"":true,""view_frontal"":true,""view_perspective"":false,""view_side"":false,""view_top"":false},""question7"":{""angle_match"":true,""view_frontal"":false,""view_perspective"":false,""view_side"":true,""view_top"":false},""question8"":{""angle_match"":true,""view_frontal"":true,""view_perspective"":false,""view_side"":false,""view_top"":false},""question9"":{""angle_match"":true,""view_frontal"":true,""view_perspective"":false,""view_side"":false,""view_top"":false}}]"
"3D3B8GE8AU5NIP3QAHIQ1SB01J3P90","3BHRGUFAI0A6J7Y48A1RI398KZYCSF","Categorize images based on object's view.","Review 10 animal’s line-arts and judge if it has same or different views. Identify view for each tactile. (10 pairs)","tactile, image review, accessibility, animals","$0.05","Tue Mar 03 20:32:23 PST 2026","7","BatchId:5376447;OriginalHitTemplateId:928390873;","3600","2592000","Mon Mar 23 21:32:23 PDT 2026","","","3H0W84IWCDGRBI8FLM72ML8JLWIREQ","A1E8TZHMLQMG4L","Submitted","Tue Mar 03 20:44:00 PST 2026","Tue Mar 03 20:46:26 PST 2026","Thu Apr 02 21:46:26 PDT 2026","","","","146","100% (22/22)","0% (0/0)","0% (0/0)","Giraffe","https://f1qv-main-data.s3.us-east-1.amazonaws.com/amt/main_task_F1QV/Giraffe/Natural/7_Giraffe.jpg","https://f1qv-main-data.s3.us-east-1.amazonaws.com/amt/main_task_F1QV/Giraffe/Tactile/7.jpeg","","Cat","https://f1qv-main-data.s3.us-east-1.amazonaws.com/amt/main_task_F1QV/Cat/Natural/cat_1.jpg","https://f1qv-main-data.s3.us-east-1.amazonaws.com/amt/main_task_F1QV/Cat/Tactile/1.jpg","","Cat","https://f1qv-main-data.s3.us-east-1.amazonaws.com/amt/main_task_F1QV/Cat/Natural/cat_20.jpg","https://f1qv-main-data.s3.us-east-1.amazonaws.com/amt/main_task_F1QV/Cat/Tactile/20.jpg","","Bird","https://f1qv-main-data.s3.us-east-1.amazonaws.com/amt/main_task_F1QV/Bird/Natural/15_Bird_Edited.jpg","https://f1qv-main-data.s3.us-east-1.amazonaws.com/amt/main_task_F1QV/Bird/Tactile/15.jpg","","Bee","https://f1qv-main-data.s3.us-east-1.amazonaws.com/amt/main_task_F1QV/Bee/Natural/Bee_9.jpg","https://f1qv-main-data.s3.us-east-1.amazonaws.com/amt/main_task_F1QV/Bee/Tactile/9.jpg","","Dog","https://f1qv-main-data.s3.us-east-1.amazonaws.com/amt/main_task_F1QV/Dog/Natural/13_Dog.jpg","https://f1qv-main-data.s3.us-east-1.amazonaws.com/amt/main_task_F1QV/Dog/Tactile/13.jpg","","Elephant","https://f1qv-main-data.s3.us-east-1.amazonaws.com/amt/main_task_F1QV/Elephant/Natural/19_Elephant.jpeg","https://f1qv-main-data.s3.us-east-1.amazonaws.com/amt/main_task_F1QV/Elephant/Tactile/19.jpg","","Dog","https://f1qv-main-data.s3.us-east-1.amazonaws.com/amt/main_task_F1QV/Dog/Natural/21_Dog(2).jpg","https://f1qv-main-data.s3.us-east-1.amazonaws.com/amt/main_task_F1QV/Dog/Tactile/21.jpg","","Giraffe","https://f1qv-main-data.s3.us-east-1.amazonaws.com/amt/main_task_F1QV/Giraffe/Natural/4_Giraffe(2).jpg","https://f1qv-main-data.s3.us-east-1.amazonaws.com/amt/main_task_F1QV/Giraffe/Tactile/4.jpeg","","Penguin","https://f1qv-main-data.s3.us-east-1.amazonaws.com/amt/main_task_F1QV/Penguin/Natural/8.jpg","https://f1qv-main-data.s3.us-east-1.amazonaws.com/amt/main_task_F1QV/Penguin/Tactile/8.jpeg","","[{""question1"":{""angle_match"":true,""view_frontal"":false,""view_perspective"":false,""view_side"":false,""view_top"":false},""question10"":{""angle_match"":true,""view_frontal"":true,""view_perspective"":false,""view_side"":false,""view_top"":false},""question2"":{""angle_match"":true,""view_frontal"":false,""view_perspective"":false,""view_side"":false,""view_top"":false},""question3"":{""angle_match"":true,""view_frontal"":false,""view_perspective"":false,""view_side"":false,""view_top"":false},""question4"":{""angle_match"":true,""view_frontal"":false,""view_perspective"":false,""view_side"":false,""view_top"":false},""question5"":{""angle_match"":true,""view_frontal"":true,""view_perspective"":false,""view_side"":false,""view_top"":false},""question6"":{""angle_match"":true,""view_frontal"":false,""view_perspective"":false,""view_side"":true,""view_top"":false},""question7"":{""angle_match"":true,""view_frontal"":false,""view_perspective"":false,""view_side"":false,""view_top"":true},""question8"":{""angle_match"":true,""view_frontal"":false,""view_perspective"":false,""view_side"":true,""view_top"":false},""question9"":{""angle_match"":true,""view_frontal"":false,""view_perspective"":false,""view_side"":true,""view_top"":false}}]"
"3D3B8GE8AU5NIP3QAHIQ1SB01J3P90","3BHRGUFAI0A6J7Y48A1RI398KZYCSF","Categorize images based on object's view.","Review 10 animal’s line-arts and judge if it has same or different views. Identify view for each tactile. (10 pairs)","tactile, image review, accessibility, animals","$0.05","Tue Mar 03 20:32:23 PST 2026","7","BatchId:5376447;OriginalHitTemplateId:928390873;","3600","2592000","Mon Mar 23 21:32:23 PDT 2026","","","30JNVC0OS2Y3JRKHY8Q82YVRHP4HQP","A3OLY20VMA8SPJ","Submitted","Tue Mar 03 20:39:04 PST 2026","Tue Mar 03 20:47:18 PST 2026","Thu Apr 02 21:47:18 PDT 2026","","","","494","100% (15/15)","100% (15/15)","0% (0/0)","Giraffe","https://f1qv-main-data.s3.us-east-1.amazonaws.com/amt/main_task_F1QV/Giraffe/Natural/7_Giraffe.jpg","https://f1qv-main-data.s3.us-east-1.amazonaws.com/amt/main_task_F1QV/Giraffe/Tactile/7.jpeg","","Cat","https://f1qv-main-data.s3.us-east-1.amazonaws.com/amt/main_task_F1QV/Cat/Natural/cat_1.jpg","https://f1qv-main-data.s3.us-east-1.amazonaws.com/amt/main_task_F1QV/Cat/Tactile/1.jpg","","Cat","https://f1qv-main-data.s3.us-east-1.amazonaws.com/amt/main_task_F1QV/Cat/Natural/cat_20.jpg","https://f1qv-main-data.s3.us-east-1.amazonaws.com/amt/main_task_F1QV/Cat/Tactile/20.jpg","","Bird","https://f1qv-main-data.s3.us-east-1.amazonaws.com/amt/main_task_F1QV/Bird/Natural/15_Bird_Edited.jpg","https://f1qv-main-data.s3.us-east-1.amazonaws.com/amt/main_task_F1QV/Bird/Tactile/15.jpg","","Bee","https://f1qv-main-data.s3.us-east-1.amazonaws.com/amt/main_task_F1QV/Bee/Natural/Bee_9.jpg","https://f1qv-main-data.s3.us-east-1.amazonaws.com/amt/main_task_F1QV/Bee/Tactile/9.jpg","","Dog","https://f1qv-main-data.s3.us-east-1.amazonaws.com/amt/main_task_F1QV/Dog/Natural/13_Dog.jpg","https://f1qv-main-data.s3.us-east-1.amazonaws.com/amt/main_task_F1QV/Dog/Tactile/13.jpg","","Elephant","https://f1qv-main-data.s3.us-east-1.amazonaws.com/amt/main_task_F1QV/Elephant/Natural/19_Elephant.jpeg","https://f1qv-main-data.s3.us-east-1.amazonaws.com/amt/main_task_F1QV/Elephant/Tactile/19.jpg","","Dog","https://f1qv-main-data.s3.us-east-1.amazonaws.com/amt/main_task_F1QV/Dog/Natural/21_Dog(2).jpg","https://f1qv-main-data.s3.us-east-1.amazonaws.com/amt/main_task_F1QV/Dog/Tactile/21.jpg","","Giraffe","https://f1qv-main-data.s3.us-east-1.amazonaws.com/amt/main_task_F1QV/Giraffe/Natural/4_Giraffe(2).jpg","https://f1qv-main-data.s3.us-east-1.amazonaws.com/amt/main_task_F1QV/Giraffe/Tactile/4.jpeg","","Penguin","https://f1qv-main-data.s3.us-east-1.amazonaws.com/amt/main_task_F1QV/Penguin/Natural/8.jpg","https://f1qv-main-data.s3.us-east-1.amazonaws.com/amt/main_task_F1QV/Penguin/Tactile/8.jpeg","","[{""question1"":{""angle_match"":true,""view_frontal"":false,""view_perspective"":false,""view_side"":true,""view_top"":false},""question10"":{""angle_match"":true,""view_frontal"":false,""view_perspective"":false,""view_side"":false,""view_top"":true},""question2"":{""angle_match"":true,""view_frontal"":false,""view_perspective"":false,""view_side"":true,""view_top"":false},""question3"":{""angle_match"":true,""view_frontal"":false,""view_perspective"":false,""view_side"":true,""view_top"":false},""question4"":{""angle_match"":true,""view_frontal"":false,""view_perspective"":false,""view_side"":false,""view_top"":true},""question5"":{""angle_match"":true,""view_frontal"":false,""view_perspective"":false,""view_side"":false,""view_top"":true},""question6"":{""angle_match"":true,""view_frontal"":false,""view_perspective"":false,""view_side"":true,""view_top"":false},""question7"":{""angle_match"":true,""view_frontal"":false,""view_perspective"":false,""view_side"":true,""view_top"":false},""question8"":{""angle_match"":true,""view_frontal"":false,""view_perspective"":false,""view_side"":false,""view_top"":true},""question9"":{""angle_match"":true,""view_frontal"":false,""view_perspective"":false,""view_side"":true,""view_top"":false}}]"
"3D3B8GE8AU5NIP3QAHIQ1SB01J3P90","3BHRGUFAI0A6J7Y48A1RI398KZYCSF","Categorize images based on object's view.","Review 10 animal’s line-arts and judge if it has same or different views. Identify view for each tactile. (10 pairs)","tactile, image review, accessibility, animals","$0.05","Tue Mar 03 20:32:23 PST 2026","7","BatchId:5376447;OriginalHitTemplateId:928390873;","3600","2592000","Mon Mar 23 21:32:23 PDT 2026","","","3VP0C6EFT9AW1N28AWSNOYMWYBW6MX","AB91OPDEOAWGJ","Submitted","Tue Mar 03 20:44:59 PST 2026","Tue Mar 03 20:54:32 PST 2026","Thu Apr 02 21:54:32 PDT 2026","","","","573","100% (17/17)","100% (4/4)","0% (0/0)","Giraffe","https://f1qv-main-data.s3.us-east-1.amazonaws.com/amt/main_task_F1QV/Giraffe/Natural/7_Giraffe.jpg","https://f1qv-main-data.s3.us-east-1.amazonaws.com/amt/main_task_F1QV/Giraffe/Tactile/7.jpeg","","Cat","https://f1qv-main-data.s3.us-east-1.amazonaws.com/amt/main_task_F1QV/Cat/Natural/cat_1.jpg","https://f1qv-main-data.s3.us-east-1.amazonaws.com/amt/main_task_F1QV/Cat/Tactile/1.jpg","","Cat","https://f1qv-main-data.s3.us-east-1.amazonaws.com/amt/main_task_F1QV/Cat/Natural/cat_20.jpg","https://f1qv-main-data.s3.us-east-1.amazonaws.com/amt/main_task_F1QV/Cat/Tactile/20.jpg","","Bird","https://f1qv-main-data.s3.us-east-1.amazonaws.com/amt/main_task_F1QV/Bird/Natural/15_Bird_Edited.jpg","https://f1qv-main-data.s3.us-east-1.amazonaws.com/amt/main_task_F1QV/Bird/Tactile/15.jpg","","Bee","https://f1qv-main-data.s3.us-east-1.amazonaws.com/amt/main_task_F1QV/Bee/Natural/Bee_9.jpg","https://f1qv-main-data.s3.us-east-1.amazonaws.com/amt/main_task_F1QV/Bee/Tactile/9.jpg","","Dog","https://f1qv-main-data.s3.us-east-1.amazonaws.com/amt/main_task_F1QV/Dog/Natural/13_Dog.jpg","https://f1qv-main-data.s3.us-east-1.amazonaws.com/amt/main_task_F1QV/Dog/Tactile/13.jpg","","Elephant","https://f1qv-main-data.s3.us-east-1.amazonaws.com/amt/main_task_F1QV/Elephant/Natural/19_Elephant.jpeg","https://f1qv-main-data.s3.us-east-1.amazonaws.com/amt/main_task_F1QV/Elephant/Tactile/19.jpg","","Dog","https://f1qv-main-data.s3.us-east-1.amazonaws.com/amt/main_task_F1QV/Dog/Natural/21_Dog(2).jpg","https://f1qv-main-data.s3.us-east-1.amazonaws.com/amt/main_task_F1QV/Dog/Tactile/21.jpg","","Giraffe","https://f1qv-main-data.s3.us-east-1.amazonaws.com/amt/main_task_F1QV/Giraffe/Natural/4_Giraffe(2).jpg","https://f1qv-main-data.s3.us-east-1.amazonaws.com/amt/main_task_F1QV/Giraffe/Tactile/4.jpeg","","Penguin","https://f1qv-main-data.s3.us-east-1.amazonaws.com/amt/main_task_F1QV/Penguin/Natural/8.jpg","https://f1qv-main-data.s3.us-east-1.amazonaws.com/amt/main_task_F1QV/Penguin/Tactile/8.jpeg","","[{""question1"":{""angle_match"":true,""view_frontal"":false,""view_perspective"":false,""view_side"":true,""view_top"":false},""question10"":{""angle_match"":true,""view_frontal"":true,""view_perspective"":false,""view_side"":false,""view_top"":false},""question2"":{""angle_match"":true,""view_frontal"":false,""view_perspective"":false,""view_side"":true,""view_top"":false},""question3"":{""angle_match"":true,""view_frontal"":false,""view_perspective"":false,""view_side"":true,""view_top"":false},""question4"":{""angle_match"":true,""view_frontal"":true,""view_perspective"":false,""view_side"":false,""view_top"":false},""question5"":{""angle_match"":true,""view_frontal"":true,""view_perspective"":false,""view_side"":false,""view_top"":false},""question6"":{""angle_match"":true,""view_frontal"":false,""view_perspective"":false,""view_side"":true,""view_top"":false},""question7"":{""angle_match"":true,""view_frontal"":false,""view_perspective"":false,""view_side"":true,""view_top"":false},""question8"":{""angle_match"":true,""view_frontal"":true,""view_perspective"":false,""view_side"":false,""view_top"":false},""question9"":{""angle_match"":true,""view_frontal"":false,""view_perspective"":false,""view_side"":true,""view_top"":false}}]"
"3D3B8GE8AU5NIP3QAHIQ1SB01J3P90","3BHRGUFAI0A6J7Y48A1RI398KZYCSF","Categorize images based on object's view.","Review 10 animal’s line-arts and judge if it has same or different views. Identify view for each tactile. (10 pairs)","tactile, image review, accessibility, animals","$0.05","Tue Mar 03 20:32:23 PST 2026","7","BatchId:5376447;OriginalHitTemplateId:928390873;","3600","2592000","Mon Mar 23 21:32:23 PDT 2026","","","3GGAI1SQFOCLH4B9KN5QAYE6UW1MCX","A1MYCZT6OX9G20","Submitted","Tue Mar 03 20:38:01 PST 2026","Tue Mar 03 21:04:55 PST 2026","Thu Apr 02 22:04:55 PDT 2026","","","","1614","100% (9/9)","0% (0/0)","0% (0/0)","Giraffe","https://f1qv-main-data.s3.us-east-1.amazonaws.com/amt/main_task_F1QV/Giraffe/Natural/7_Giraffe.jpg","https://f1qv-main-data.s3.us-east-1.amazonaws.com/amt/main_task_F1QV/Giraffe/Tactile/7.jpeg","","Cat","https://f1qv-main-data.s3.us-east-1.amazonaws.com/amt/main_task_F1QV/Cat/Natural/cat_1.jpg","https://f1qv-main-data.s3.us-east-1.amazonaws.com/amt/main_task_F1QV/Cat/Tactile/1.jpg","","Cat","https://f1qv-main-data.s3.us-east-1.amazonaws.com/amt/main_task_F1QV/Cat/Natural/cat_20.jpg","https://f1qv-main-data.s3.us-east-1.amazonaws.com/amt/main_task_F1QV/Cat/Tactile/20.jpg","","Bird","https://f1qv-main-data.s3.us-east-1.amazonaws.com/amt/main_task_F1QV/Bird/Natural/15_Bird_Edited.jpg","https://f1qv-main-data.s3.us-east-1.amazonaws.com/amt/main_task_F1QV/Bird/Tactile/15.jpg","","Bee","https://f1qv-main-data.s3.us-east-1.amazonaws.com/amt/main_task_F1QV/Bee/Natural/Bee_9.jpg","https://f1qv-main-data.s3.us-east-1.amazonaws.com/amt/main_task_F1QV/Bee/Tactile/9.jpg","","Dog","https://f1qv-main-data.s3.us-east-1.amazonaws.com/amt/main_task_F1QV/Dog/Natural/13_Dog.jpg","https://f1qv-main-data.s3.us-east-1.amazonaws.com/amt/main_task_F1QV/Dog/Tactile/13.jpg","","Elephant","https://f1qv-main-data.s3.us-east-1.amazonaws.com/amt/main_task_F1QV/Elephant/Natural/19_Elephant.jpeg","https://f1qv-main-data.s3.us-east-1.amazonaws.com/amt/main_task_F1QV/Elephant/Tactile/19.jpg","","Dog","https://f1qv-main-data.s3.us-east-1.amazonaws.com/amt/main_task_F1QV/Dog/Natural/21_Dog(2).jpg","https://f1qv-main-data.s3.us-east-1.amazonaws.com/amt/main_task_F1QV/Dog/Tactile/21.jpg","","Giraffe","https://f1qv-main-data.s3.us-east-1.amazonaws.com/amt/main_task_F1QV/Giraffe/Natural/4_Giraffe(2).jpg","https://f1qv-main-data.s3.us-east-1.amazonaws.com/amt/main_task_F1QV/Giraffe/Tactile/4.jpeg","","Penguin","https://f1qv-main-data.s3.us-east-1.amazonaws.com/amt/main_task_F1QV/Penguin/Natural/8.jpg","https://f1qv-main-data.s3.us-east-1.amazonaws.com/amt/main_task_F1QV/Penguin/Tactile/8.jpeg","","[{""question1"":{""angle_match"":true,""view_frontal"":false,""view_perspective"":true,""view_side"":false,""view_top"":false},""question10"":{""angle_match"":true,""view_frontal"":true,""view_perspective"":false,""view_side"":false,""view_top"":false},""question2"":{""angle_match"":true,""view_frontal"":false,""view_perspective"":false,""view_side"":true,""view_top"":false},""question3"":{""angle_match"":true,""view_frontal"":false,""view_perspective"":false,""view_side"":true,""view_top"":false},""question4"":{""angle_match"":true,""view_frontal"":true,""view_perspective"":false,""view_side"":false,""view_top"":false},""question5"":{""angle_match"":true,""view_frontal"":false,""view_perspective"":false,""view_side"":false,""view_top"":true},""question6"":{""angle_match"":true,""view_frontal"":false,""view_perspective"":false,""view_side"":true,""view_top"":false},""question7"":{""angle_match"":true,""view_frontal"":false,""view_perspective"":false,""view_side"":true,""view_top"":false},""question8"":{""angle_match"":false,""view_frontal"":false,""view_perspective"":true,""view_side"":false,""view_top"":false},""question9"":{""angle_match"":true,""view_frontal"":false,""view_perspective"":true,""view_side"":false,""view_top"":false}}]"
"3D3B8GE8AU5NIP3QAHIQ1SB01J3P90","3BHRGUFAI0A6J7Y48A1RI398KZYCSF","Categorize images based on object's view.","Review 10 animal’s line-arts and judge if it has same or different views. Identify view for each tactile. (10 pairs)","tactile, image review, accessibility, animals","$0.05","Tue Mar 03 20:32:23 PST 2026","7","BatchId:5376447;OriginalHitTemplateId:928390873;","3600","2592000","Mon Mar 23 21:32:23 PDT 2026","","","3DYGAII7QEMVW8I5HLYDB7XI3HGQP7","ALJH5865ISWT1","Submitted","Tue Mar 03 20:41:07 PST 2026","Tue Mar 03 21:37:29 PST 2026","Thu Apr 02 22:37:29 PDT 2026","","","","3382","100% (2/2)","100% (2/2)","0% (0/0)","Giraffe","https://f1qv-main-data.s3.us-east-1.amazonaws.com/amt/main_task_F1QV/Giraffe/Natural/7_Giraffe.jpg","https://f1qv-main-data.s3.us-east-1.amazonaws.com/amt/main_task_F1QV/Giraffe/Tactile/7.jpeg","","Cat","https://f1qv-main-data.s3.us-east-1.amazonaws.com/amt/main_task_F1QV/Cat/Natural/cat_1.jpg","https://f1qv-main-data.s3.us-east-1.amazonaws.com/amt/main_task_F1QV/Cat/Tactile/1.jpg","","Cat","https://f1qv-main-data.s3.us-east-1.amazonaws.com/amt/main_task_F1QV/Cat/Natural/cat_20.jpg","https://f1qv-main-data.s3.us-east-1.amazonaws.com/amt/main_task_F1QV/Cat/Tactile/20.jpg","","Bird","https://f1qv-main-data.s3.us-east-1.amazonaws.com/amt/main_task_F1QV/Bird/Natural/15_Bird_Edited.jpg","https://f1qv-main-data.s3.us-east-1.amazonaws.com/amt/main_task_F1QV/Bird/Tactile/15.jpg","","Bee","https://f1qv-main-data.s3.us-east-1.amazonaws.com/amt/main_task_F1QV/Bee/Natural/Bee_9.jpg","https://f1qv-main-data.s3.us-east-1.amazonaws.com/amt/main_task_F1QV/Bee/Tactile/9.jpg","","Dog","https://f1qv-main-data.s3.us-east-1.amazonaws.com/amt/main_task_F1QV/Dog/Natural/13_Dog.jpg","https://f1qv-main-data.s3.us-east-1.amazonaws.com/amt/main_task_F1QV/Dog/Tactile/13.jpg","","Elephant","https://f1qv-main-data.s3.us-east-1.amazonaws.com/amt/main_task_F1QV/Elephant/Natural/19_Elephant.jpeg","https://f1qv-main-data.s3.us-east-1.amazonaws.com/amt/main_task_F1QV/Elephant/Tactile/19.jpg","","Dog","https://f1qv-main-data.s3.us-east-1.amazonaws.com/amt/main_task_F1QV/Dog/Natural/21_Dog(2).jpg","https://f1qv-main-data.s3.us-east-1.amazonaws.com/amt/main_task_F1QV/Dog/Tactile/21.jpg","","Giraffe","https://f1qv-main-data.s3.us-east-1.amazonaws.com/amt/main_task_F1QV/Giraffe/Natural/4_Giraffe(2).jpg","https://f1qv-main-data.s3.us-east-1.amazonaws.com/amt/main_task_F1QV/Giraffe/Tactile/4.jpeg","","Penguin","https://f1qv-main-data.s3.us-east-1.amazonaws.com/amt/main_task_F1QV/Penguin/Natural/8.jpg","https://f1qv-main-data.s3.us-east-1.amazonaws.com/amt/main_task_F1QV/Penguin/Tactile/8.jpeg","","[{""question1"":{""angle_match"":true,""view_frontal"":false,""view_perspective"":false,""view_side"":true,""view_top"":false},""question10"":{""angle_match"":true,""view_frontal"":true,""view_perspective"":false,""view_side"":false,""view_top"":false},""question2"":{""angle_match"":true,""view_frontal"":false,""view_perspective"":false,""view_side"":true,""view_top"":false},""question3"":{""angle_match"":true,""view_frontal"":false,""view_perspective"":false,""view_side"":true,""view_top"":false},""question4"":{""angle_match"":true,""view_frontal"":true,""view_perspective"":false,""view_side"":false,""view_top"":false},""question5"":{""angle_match"":true,""view_frontal"":false,""view_perspective"":false,""view_side"":false,""view_top"":true},""question6"":{""angle_match"":true,""view_frontal"":false,""view_perspective"":false,""view_side"":true,""view_top"":false},""question7"":{""angle_match"":true,""view_frontal"":false,""view_perspective"":false,""view_side"":true,""view_top"":false},""question8"":{""angle_match"":true,""view_frontal"":true,""view_perspective"":false,""view_side"":false,""view_top"":false},""question9"":{""angle_match"":true,""view_frontal"":false,""view_perspective"":false,""view_side"":true,""view_top"":false}}]"
"3D3B8GE8AU5NIP3QAHIQ1SB01J3P90","3BHRGUFAI0A6J7Y48A1RI398KZYCSF","Categorize images based on object's view.","Review 10 animal’s line-arts and judge if it has same or different views. Identify view for each tactile. (10 pairs)","tactile, image review, accessibility, animals","$0.05","Tue Mar 03 20:32:23 PST 2026","7","BatchId:5376447;OriginalHitTemplateId:928390873;","3600","2592000","Mon Mar 23 21:32:23 PDT 2026","","","3I3WADAZAJIOIMN6ITXVOWX1XGY5OT","A33I0A28TLIR6J","Submitted","Tue Mar 03 20:41:57 PST 2026","Tue Mar 03 21:39:17 PST 2026","Thu Apr 02 22:39:17 PDT 2026","","","","3440","100% (1/1)","0% (0/0)","0% (0/0)","Giraffe","https://f1qv-main-data.s3.us-east-1.amazonaws.com/amt/main_task_F1QV/Giraffe/Natural/7_Giraffe.jpg","https://f1qv-main-data.s3.us-east-1.amazonaws.com/amt/main_task_F1QV/Giraffe/Tactile/7.jpeg","","Cat","https://f1qv-main-data.s3.us-east-1.amazonaws.com/amt/main_task_F1QV/Cat/Natural/cat_1.jpg","https://f1qv-main-data.s3.us-east-1.amazonaws.com/amt/main_task_F1QV/Cat/Tactile/1.jpg","","Cat","https://f1qv-main-data.s3.us-east-1.amazonaws.com/amt/main_task_F1QV/Cat/Natural/cat_20.jpg","https://f1qv-main-data.s3.us-east-1.amazonaws.com/amt/main_task_F1QV/Cat/Tactile/20.jpg","","Bird","https://f1qv-main-data.s3.us-east-1.amazonaws.com/amt/main_task_F1QV/Bird/Natural/15_Bird_Edited.jpg","https://f1qv-main-data.s3.us-east-1.amazonaws.com/amt/main_task_F1QV/Bird/Tactile/15.jpg","","Bee","https://f1qv-main-data.s3.us-east-1.amazonaws.com/amt/main_task_F1QV/Bee/Natural/Bee_9.jpg","https://f1qv-main-data.s3.us-east-1.amazonaws.com/amt/main_task_F1QV/Bee/Tactile/9.jpg","","Dog","https://f1qv-main-data.s3.us-east-1.amazonaws.com/amt/main_task_F1QV/Dog/Natural/13_Dog.jpg","https://f1qv-main-data.s3.us-east-1.amazonaws.com/amt/main_task_F1QV/Dog/Tactile/13.jpg","","Elephant","https://f1qv-main-data.s3.us-east-1.amazonaws.com/amt/main_task_F1QV/Elephant/Natural/19_Elephant.jpeg","https://f1qv-main-data.s3.us-east-1.amazonaws.com/amt/main_task_F1QV/Elephant/Tactile/19.jpg","","Dog","https://f1qv-main-data.s3.us-east-1.amazonaws.com/amt/main_task_F1QV/Dog/Natural/21_Dog(2).jpg","https://f1qv-main-data.s3.us-east-1.amazonaws.com/amt/main_task_F1QV/Dog/Tactile/21.jpg","","Giraffe","https://f1qv-main-data.s3.us-east-1.amazonaws.com/amt/main_task_F1QV/Giraffe/Natural/4_Giraffe(2).jpg","https://f1qv-main-data.s3.us-east-1.amazonaws.com/amt/main_task_F1QV/Giraffe/Tactile/4.jpeg","","Penguin","https://f1qv-main-data.s3.us-east-1.amazonaws.com/amt/main_task_F1QV/Penguin/Natural/8.jpg","https://f1qv-main-data.s3.us-east-1.amazonaws.com/amt/main_task_F1QV/Penguin/Tactile/8.jpeg","","[{""question1"":{""angle_match"":true,""view_frontal"":false,""view_perspective"":false,""view_side"":true,""view_top"":false},""question10"":{""angle_match"":true,""view_frontal"":true,""view_perspective"":false,""view_side"":false,""view_top"":false},""question2"":{""angle_match"":true,""view_frontal"":false,""view_perspective"":false,""view_side"":true,""view_top"":false},""question3"":{""angle_match"":false,""view_frontal"":true,""view_perspective"":false,""view_side"":false,""view_top"":false},""question4"":{""angle_match"":false,""view_frontal"":false,""view_perspective"":false,""view_side"":true,""view_top"":false},""question5"":{""angle_match"":true,""view_frontal"":false,""view_perspective"":false,""view_side"":false,""view_top"":true},""question6"":{""angle_match"":true,""view_frontal"":false,""view_perspective"":false,""view_side"":true,""view_top"":false},""question7"":{""angle_match"":true,""view_frontal"":false,""view_perspective"":false,""view_side"":true,""view_top"":false},""question8"":{""angle_match"":true,""view_frontal"":true,""view_perspective"":false,""view_side"":false,""view_top"":false},""question9"":{""angle_match"":true,""view_frontal"":false,""view_perspective"":false,""view_side"":true,""view_top"":false}}]"
"3D3B8GE8AU5NIP3QAHIQ1SB01J3P90","3BHRGUFAI0A6J7Y48A1RI398KZYCSF","Categorize images based on object's view.","Review 10 animal’s line-arts and judge if it has same or different views. Identify view for each tactile. (10 pairs)","tactile, image review, accessibility, animals","$0.05","Tue Mar 03 20:32:23 PST 2026","7","BatchId:5376447;OriginalHitTemplateId:928390873;","3600","2592000","Mon Mar 23 21:32:23 PDT 2026","","","3N4BPTXIP16MDAS6L2DAPR88CTNUKO","A2KDWBYIB444C2","Submitted","Tue Mar 03 21:40:48 PST 2026","Tue Mar 03 21:48:21 PST 2026","Thu Apr 02 22:48:21 PDT 2026","","","","453","0% (0/0)","0% (0/0)","0% (0/0)","Giraffe","https://f1qv-main-data.s3.us-east-1.amazonaws.com/amt/main_task_F1QV/Giraffe/Natural/7_Giraffe.jpg","https://f1qv-main-data.s3.us-east-1.amazonaws.com/amt/main_task_F1QV/Giraffe/Tactile/7.jpeg","","Cat","https://f1qv-main-data.s3.us-east-1.amazonaws.com/amt/main_task_F1QV/Cat/Natural/cat_1.jpg","https://f1qv-main-data.s3.us-east-1.amazonaws.com/amt/main_task_F1QV/Cat/Tactile/1.jpg","","Cat","https://f1qv-main-data.s3.us-east-1.amazonaws.com/amt/main_task_F1QV/Cat/Natural/cat_20.jpg","https://f1qv-main-data.s3.us-east-1.amazonaws.com/amt/main_task_F1QV/Cat/Tactile/20.jpg","","Bird","https://f1qv-main-data.s3.us-east-1.amazonaws.com/amt/main_task_F1QV/Bird/Natural/15_Bird_Edited.jpg","https://f1qv-main-data.s3.us-east-1.amazonaws.com/amt/main_task_F1QV/Bird/Tactile/15.jpg","","Bee","https://f1qv-main-data.s3.us-east-1.amazonaws.com/amt/main_task_F1QV/Bee/Natural/Bee_9.jpg","https://f1qv-main-data.s3.us-east-1.amazonaws.com/amt/main_task_F1QV/Bee/Tactile/9.jpg","","Dog","https://f1qv-main-data.s3.us-east-1.amazonaws.com/amt/main_task_F1QV/Dog/Natural/13_Dog.jpg","https://f1qv-main-data.s3.us-east-1.amazonaws.com/amt/main_task_F1QV/Dog/Tactile/13.jpg","","Elephant","https://f1qv-main-data.s3.us-east-1.amazonaws.com/amt/main_task_F1QV/Elephant/Natural/19_Elephant.jpeg","https://f1qv-main-data.s3.us-east-1.amazonaws.com/amt/main_task_F1QV/Elephant/Tactile/19.jpg","","Dog","https://f1qv-main-data.s3.us-east-1.amazonaws.com/amt/main_task_F1QV/Dog/Natural/21_Dog(2).jpg","https://f1qv-main-data.s3.us-east-1.amazonaws.com/amt/main_task_F1QV/Dog/Tactile/21.jpg","","Giraffe","https://f1qv-main-data.s3.us-east-1.amazonaws.com/amt/main_task_F1QV/Giraffe/Natural/4_Giraffe(2).jpg","https://f1qv-main-data.s3.us-east-1.amazonaws.com/amt/main_task_F1QV/Giraffe/Tactile/4.jpeg","","Penguin","https://f1qv-main-data.s3.us-east-1.amazonaws.com/amt/main_task_F1QV/Penguin/Natural/8.jpg","https://f1qv-main-data.s3.us-east-1.amazonaws.com/amt/main_task_F1QV/Penguin/Tactile/8.jpeg","","[{""question1"":{""angle_match"":false,""view_frontal"":false,""view_perspective"":true,""view_side"":false,""view_top"":false},""question10"":{""angle_match"":true,""view_frontal"":true,""view_perspective"":false,""view_side"":false,""view_top"":false},""question2"":{""angle_match"":true,""view_frontal"":false,""view_perspective"":false,""view_side"":true,""view_top"":false},""question3"":{""angle_match"":true,""view_frontal"":false,""view_perspective"":false,""view_side"":true,""view_top"":false},""question4"":{""angle_match"":true,""view_frontal"":false,""view_perspective"":true,""view_side"":false,""view_top"":false},""question5"":{""angle_match"":true,""view_frontal"":false,""view_perspective"":false,""view_side"":false,""view_top"":true},""question6"":{""angle_match"":true,""view_frontal"":false,""view_perspective"":false,""view_side"":true,""view_top"":false},""question7"":{""angle_match"":true,""view_frontal"":false,""view_perspective"":false,""view_side"":true,""view_top"":false},""question8"":{""angle_match"":false,""view_frontal"":false,""view_perspective"":true,""view_side"":false,""view_top"":false},""question9"":{""angle_match"":true,""view_frontal"":false,""view_perspective"":false,""view_side"":true,""view_top"":false}}]"
"3K3IX1W4TY51N8DV2NWQXNMK71LPAF","3BHRGUFAI0A6J7Y48A1RI398KZYCSF","Categorize images based on object's view.","Review 10 animal’s line-arts and judge if it has same or different views. Identify view for each tactile. (10 pairs)","tactile, image review, accessibility, animals","$0.05","Tue Mar 03 20:32:23 PST 2026","7","BatchId:5376447;OriginalHitTemplateId:928390873;","3600","2592000","Mon Mar 23 21:32:23 PDT 2026","","","31QTRG6Q3MR45A9R8VF7OT0K2QZYPK","AANFSTZSFMWNW","Submitted","Tue Mar 03 20:44:24 PST 2026","Tue Mar 03 20:50:25 PST 2026","Thu Apr 02 21:50:25 PDT 2026","","","","361","98% (96/98)","90% (19/21)","100% (18/18)","Dog","https://f1qv-main-data.s3.us-east-1.amazonaws.com/amt/main_task_F1QV/Dog/Natural/1_Dog.jpg","https://f1qv-main-data.s3.us-east-1.amazonaws.com/amt/main_task_F1QV/Dog/Tactile/1.jpg","","Penguin","https://f1qv-main-data.s3.us-east-1.amazonaws.com/amt/main_task_F1QV/Penguin/Natural/4.jpg","https://f1qv-main-data.s3.us-east-1.amazonaws.com/amt/main_task_F1QV/Penguin/Tactile/4.png","","Llama","https://f1qv-main-data.s3.us-east-1.amazonaws.com/amt/main_task_F1QV/Llama/Natural/4.jpg","https://f1qv-main-data.s3.us-east-1.amazonaws.com/amt/main_task_F1QV/Llama/Tactile/4.jpg","","Cat","https://f1qv-main-data.s3.us-east-1.amazonaws.com/amt/main_task_F1QV/Cat/Natural/cat_3.jpeg","https://f1qv-main-data.s3.us-east-1.amazonaws.com/amt/main_task_F1QV/Cat/Tactile/3.jpg","","Jellyfish","https://f1qv-main-data.s3.us-east-1.amazonaws.com/amt/main_task_F1QV/Jellyfish/Natural/6.jpg","https://f1qv-main-data.s3.us-east-1.amazonaws.com/amt/main_task_F1QV/Jellyfish/Tactile/6.jpg","","Cat","https://f1qv-main-data.s3.us-east-1.amazonaws.com/amt/main_task_F1QV/Cat/Natural/cat_15.jpg","https://f1qv-main-data.s3.us-east-1.amazonaws.com/amt/main_task_F1QV/Cat/Tactile/15.jpg","","Penguin","https://f1qv-main-data.s3.us-east-1.amazonaws.com/amt/main_task_F1QV/Penguin/Natural/5.jpg","https://f1qv-main-data.s3.us-east-1.amazonaws.com/amt/main_task_F1QV/Penguin/Tactile/5.jpeg","","Jellyfish","https://f1qv-main-data.s3.us-east-1.amazonaws.com/amt/main_task_F1QV/Jellyfish/Natural/9_2.jpg","https://f1qv-main-data.s3.us-east-1.amazonaws.com/amt/main_task_F1QV/Jellyfish/Tactile/9.jpg","","Dog","https://f1qv-main-data.s3.us-east-1.amazonaws.com/amt/main_task_F1QV/Dog/Natural/9_Dog.jpg","https://f1qv-main-data.s3.us-east-1.amazonaws.com/amt/main_task_F1QV/Dog/Tactile/9.jpg","","Jellyfish","https://f1qv-main-data.s3.us-east-1.amazonaws.com/amt/main_task_F1QV/Jellyfish/Natural/3.jpg","https://f1qv-main-data.s3.us-east-1.amazonaws.com/amt/main_task_F1QV/Jellyfish/Tactile/3.jpg","","[{""question1"":{""angle_match"":true,""view_frontal"":false,""view_perspective"":false,""view_side"":true,""view_top"":false},""question10"":{""angle_match"":true,""view_frontal"":false,""view_perspective"":false,""view_side"":true,""view_top"":false},""question2"":{""angle_match"":true,""view_frontal"":false,""view_perspective"":false,""view_side"":false,""view_top"":true},""question3"":{""angle_match"":true,""view_frontal"":false,""view_perspective"":false,""view_side"":false,""view_top"":true},""question4"":{""angle_match"":true,""view_frontal"":false,""view_perspective"":false,""view_side"":true,""view_top"":false},""question5"":{""angle_match"":true,""view_frontal"":false,""view_perspective"":false,""view_side"":true,""view_top"":false},""question6"":{""angle_match"":true,""view_frontal"":true,""view_perspective"":false,""view_side"":false,""view_top"":false},""question7"":{""angle_match"":true,""view_frontal"":false,""view_perspective"":false,""view_side"":true,""view_top"":false},""question8"":{""angle_match"":true,""view_frontal"":false,""view_perspective"":false,""view_side"":true,""view_top"":false},""question9"":{""angle_match"":false,""view_frontal"":true,""view_perspective"":false,""view_side"":false,""view_top"":false}}]"
"3K3IX1W4TY51N8DV2NWQXNMK71LPAF","3BHRGUFAI0A6J7Y48A1RI398KZYCSF","Categorize images based on object's view.","Review 10 animal’s line-arts and judge if it has same or different views. Identify view for each tactile. (10 pairs)","tactile, image review, accessibility, animals","$0.05","Tue Mar 03 20:32:23 PST 2026","7","BatchId:5376447;OriginalHitTemplateId:928390873;","3600","2592000","Mon Mar 23 21:32:23 PDT 2026","","","3Z9WI9EO0S2H8OMML36B6CJIIJCKH0","A3OLY20VMA8SPJ","Submitted","Tue Mar 03 20:39:11 PST 2026","Tue Mar 03 20:50:38 PST 2026","Thu Apr 02 21:50:38 PDT 2026","","","","687","100% (15/15)","100% (15/15)","0% (0/0)","Dog","https://f1qv-main-data.s3.us-east-1.amazonaws.com/amt/main_task_F1QV/Dog/Natural/1_Dog.jpg","https://f1qv-main-data.s3.us-east-1.amazonaws.com/amt/main_task_F1QV/Dog/Tactile/1.jpg","","Penguin","https://f1qv-main-data.s3.us-east-1.amazonaws.com/amt/main_task_F1QV/Penguin/Natural/4.jpg","https://f1qv-main-data.s3.us-east-1.amazonaws.com/amt/main_task_F1QV/Penguin/Tactile/4.png","","Llama","https://f1qv-main-data.s3.us-east-1.amazonaws.com/amt/main_task_F1QV/Llama/Natural/4.jpg","https://f1qv-main-data.s3.us-east-1.amazonaws.com/amt/main_task_F1QV/Llama/Tactile/4.jpg","","Cat","https://f1qv-main-data.s3.us-east-1.amazonaws.com/amt/main_task_F1QV/Cat/Natural/cat_3.jpeg","https://f1qv-main-data.s3.us-east-1.amazonaws.com/amt/main_task_F1QV/Cat/Tactile/3.jpg","","Jellyfish","https://f1qv-main-data.s3.us-east-1.amazonaws.com/amt/main_task_F1QV/Jellyfish/Natural/6.jpg","https://f1qv-main-data.s3.us-east-1.amazonaws.com/amt/main_task_F1QV/Jellyfish/Tactile/6.jpg","","Cat","https://f1qv-main-data.s3.us-east-1.amazonaws.com/amt/main_task_F1QV/Cat/Natural/cat_15.jpg","https://f1qv-main-data.s3.us-east-1.amazonaws.com/amt/main_task_F1QV/Cat/Tactile/15.jpg","","Penguin","https://f1qv-main-data.s3.us-east-1.amazonaws.com/amt/main_task_F1QV/Penguin/Natural/5.jpg","https://f1qv-main-data.s3.us-east-1.amazonaws.com/amt/main_task_F1QV/Penguin/Tactile/5.jpeg","","Jellyfish","https://f1qv-main-data.s3.us-east-1.amazonaws.com/amt/main_task_F1QV/Jellyfish/Natural/9_2.jpg","https://f1qv-main-data.s3.us-east-1.amazonaws.com/amt/main_task_F1QV/Jellyfish/Tactile/9.jpg","","Dog","https://f1qv-main-data.s3.us-east-1.amazonaws.com/amt/main_task_F1QV/Dog/Natural/9_Dog.jpg","https://f1qv-main-data.s3.us-east-1.amazonaws.com/amt/main_task_F1QV/Dog/Tactile/9.jpg","","Jellyfish","https://f1qv-main-data.s3.us-east-1.amazonaws.com/amt/main_task_F1QV/Jellyfish/Natural/3.jpg","https://f1qv-main-data.s3.us-east-1.amazonaws.com/amt/main_task_F1QV/Jellyfish/Tactile/3.jpg","","[{""question1"":{""angle_match"":true,""view_frontal"":false,""view_perspective"":false,""view_side"":false,""view_top"":true},""question10"":{""angle_match"":true,""view_frontal"":true,""view_perspective"":false,""view_side"":false,""view_top"":false},""question2"":{""angle_match"":true,""view_frontal"":false,""view_perspective"":false,""view_side"":true,""view_top"":false},""question3"":{""angle_match"":true,""view_frontal"":false,""view_perspective"":false,""view_side"":false,""view_top"":true},""question4"":{""angle_match"":true,""view_frontal"":false,""view_perspective"":false,""view_side"":true,""view_top"":false},""question5"":{""angle_match"":true,""view_frontal"":true,""view_perspective"":false,""view_side"":false,""view_top"":false},""question6"":{""angle_match"":true,""view_frontal"":false,""view_perspective"":false,""view_side"":false,""view_top"":true},""question7"":{""angle_match"":true,""view_frontal"":false,""view_perspective"":false,""view_side"":true,""view_top"":false},""question8"":{""angle_match"":true,""view_frontal"":true,""view_perspective"":false,""view_side"":false,""view_top"":false},""question9"":{""angle_match"":true,""view_frontal"":false,""view_perspective"":false,""view_side"":true,""view_top"":false}}]"
"3K3IX1W4TY51N8DV2NWQXNMK71LPAF","3BHRGUFAI0A6J7Y48A1RI398KZYCSF","Categorize images based on object's view.","Review 10 animal’s line-arts and judge if it has same or different views. Identify view for each tactile. (10 pairs)","tactile, image review, accessibility, animals","$0.05","Tue Mar 03 20:32:23 PST 2026","7","BatchId:5376447;OriginalHitTemplateId:928390873;","3600","2592000","Mon Mar 23 21:32:23 PDT 2026","","","320DUZ38H008X8LTJCOHKX74OV2GJ3","A3CWVU18V57686","Submitted","Tue Mar 03 20:42:27 PST 2026","Tue Mar 03 20:51:14 PST 2026","Thu Apr 02 21:51:14 PDT 2026","","","","527","0% (0/0)","0% (0/0)","0% (0/0)","Dog","https://f1qv-main-data.s3.us-east-1.amazonaws.com/amt/main_task_F1QV/Dog/Natural/1_Dog.jpg","https://f1qv-main-data.s3.us-east-1.amazonaws.com/amt/main_task_F1QV/Dog/Tactile/1.jpg","","Penguin","https://f1qv-main-data.s3.us-east-1.amazonaws.com/amt/main_task_F1QV/Penguin/Natural/4.jpg","https://f1qv-main-data.s3.us-east-1.amazonaws.com/amt/main_task_F1QV/Penguin/Tactile/4.png","","Llama","https://f1qv-main-data.s3.us-east-1.amazonaws.com/amt/main_task_F1QV/Llama/Natural/4.jpg","https://f1qv-main-data.s3.us-east-1.amazonaws.com/amt/main_task_F1QV/Llama/Tactile/4.jpg","","Cat","https://f1qv-main-data.s3.us-east-1.amazonaws.com/amt/main_task_F1QV/Cat/Natural/cat_3.jpeg","https://f1qv-main-data.s3.us-east-1.amazonaws.com/amt/main_task_F1QV/Cat/Tactile/3.jpg","","Jellyfish","https://f1qv-main-data.s3.us-east-1.amazonaws.com/amt/main_task_F1QV/Jellyfish/Natural/6.jpg","https://f1qv-main-data.s3.us-east-1.amazonaws.com/amt/main_task_F1QV/Jellyfish/Tactile/6.jpg","","Cat","https://f1qv-main-data.s3.us-east-1.amazonaws.com/amt/main_task_F1QV/Cat/Natural/cat_15.jpg","https://f1qv-main-data.s3.us-east-1.amazonaws.com/amt/main_task_F1QV/Cat/Tactile/15.jpg","","Penguin","https://f1qv-main-data.s3.us-east-1.amazonaws.com/amt/main_task_F1QV/Penguin/Natural/5.jpg","https://f1qv-main-data.s3.us-east-1.amazonaws.com/amt/main_task_F1QV/Penguin/Tactile/5.jpeg","","Jellyfish","https://f1qv-main-data.s3.us-east-1.amazonaws.com/amt/main_task_F1QV/Jellyfish/Natural/9_2.jpg","https://f1qv-main-data.s3.us-east-1.amazonaws.com/amt/main_task_F1QV/Jellyfish/Tactile/9.jpg","","Dog","https://f1qv-main-data.s3.us-east-1.amazonaws.com/amt/main_task_F1QV/Dog/Natural/9_Dog.jpg","https://f1qv-main-data.s3.us-east-1.amazonaws.com/amt/main_task_F1QV/Dog/Tactile/9.jpg","","Jellyfish","https://f1qv-main-data.s3.us-east-1.amazonaws.com/amt/main_task_F1QV/Jellyfish/Natural/3.jpg","https://f1qv-main-data.s3.us-east-1.amazonaws.com/amt/main_task_F1QV/Jellyfish/Tactile/3.jpg","","[{""question1"":{""angle_match"":false,""view_frontal"":true,""view_perspective"":false,""view_side"":false,""view_top"":false},""question10"":{""angle_match"":false,""view_frontal"":true,""view_perspective"":false,""view_side"":false,""view_top"":false},""question2"":{""angle_match"":false,""view_frontal"":false,""view_perspective"":false,""view_side"":true,""view_top"":false},""question3"":{""angle_match"":false,""view_frontal"":true,""view_perspective"":false,""view_side"":false,""view_top"":false},""question4"":{""angle_match"":false,""view_frontal"":false,""view_perspective"":false,""view_side"":true,""view_top"":false},""question5"":{""angle_match"":false,""view_frontal"":false,""view_perspective"":false,""view_side"":true,""view_top"":false},""question6"":{""angle_match"":false,""view_frontal"":true,""view_perspective"":false,""view_side"":false,""view_top"":false},""question7"":{""angle_match"":false,""view_frontal"":false,""view_perspective"":false,""view_side"":true,""view_top"":false},""question8"":{""angle_match"":false,""view_frontal"":false,""view_perspective"":false,""view_side"":true,""view_top"":false},""question9"":{""angle_match"":false,""view_frontal"":false,""view_perspective"":false,""view_side"":true,""view_top"":false}}]"
"3K3IX1W4TY51N8DV2NWQXNMK71LPAF","3BHRGUFAI0A6J7Y48A1RI398KZYCSF","Categorize images based on object's view.","Review 10 animal’s line-arts and judge if it has same or different views. Identify view for each tactile. (10 pairs)","tactile, image review, accessibility, animals","$0.05","Tue Mar 03 20:32:23 PST 2026","7","BatchId:5376447;OriginalHitTemplateId:928390873;","3600","2592000","Mon Mar 23 21:32:23 PDT 2026","","","3MMN5BL1XSIX44FQRUUPHVACOKTM36","A2NX92POGATSQU","Submitted","Tue Mar 03 21:02:05 PST 2026","Tue Mar 03 21:13:37 PST 2026","Thu Apr 02 22:13:37 PDT 2026","","","","692","0% (0/0)","0% (0/0)","0% (0/0)","Dog","https://f1qv-main-data.s3.us-east-1.amazonaws.com/amt/main_task_F1QV/Dog/Natural/1_Dog.jpg","https://f1qv-main-data.s3.us-east-1.amazonaws.com/amt/main_task_F1QV/Dog/Tactile/1.jpg","","Penguin","https://f1qv-main-data.s3.us-east-1.amazonaws.com/amt/main_task_F1QV/Penguin/Natural/4.jpg","https://f1qv-main-data.s3.us-east-1.amazonaws.com/amt/main_task_F1QV/Penguin/Tactile/4.png","","Llama","https://f1qv-main-data.s3.us-east-1.amazonaws.com/amt/main_task_F1QV/Llama/Natural/4.jpg","https://f1qv-main-data.s3.us-east-1.amazonaws.com/amt/main_task_F1QV/Llama/Tactile/4.jpg","","Cat","https://f1qv-main-data.s3.us-east-1.amazonaws.com/amt/main_task_F1QV/Cat/Natural/cat_3.jpeg","https://f1qv-main-data.s3.us-east-1.amazonaws.com/amt/main_task_F1QV/Cat/Tactile/3.jpg","","Jellyfish","https://f1qv-main-data.s3.us-east-1.amazonaws.com/amt/main_task_F1QV/Jellyfish/Natural/6.jpg","https://f1qv-main-data.s3.us-east-1.amazonaws.com/amt/main_task_F1QV/Jellyfish/Tactile/6.jpg","","Cat","https://f1qv-main-data.s3.us-east-1.amazonaws.com/amt/main_task_F1QV/Cat/Natural/cat_15.jpg","https://f1qv-main-data.s3.us-east-1.amazonaws.com/amt/main_task_F1QV/Cat/Tactile/15.jpg","","Penguin","https://f1qv-main-data.s3.us-east-1.amazonaws.com/amt/main_task_F1QV/Penguin/Natural/5.jpg","https://f1qv-main-data.s3.us-east-1.amazonaws.com/amt/main_task_F1QV/Penguin/Tactile/5.jpeg","","Jellyfish","https://f1qv-main-data.s3.us-east-1.amazonaws.com/amt/main_task_F1QV/Jellyfish/Natural/9_2.jpg","https://f1qv-main-data.s3.us-east-1.amazonaws.com/amt/main_task_F1QV/Jellyfish/Tactile/9.jpg","","Dog","https://f1qv-main-data.s3.us-east-1.amazonaws.com/amt/main_task_F1QV/Dog/Natural/9_Dog.jpg","https://f1qv-main-data.s3.us-east-1.amazonaws.com/amt/main_task_F1QV/Dog/Tactile/9.jpg","","Jellyfish","https://f1qv-main-data.s3.us-east-1.amazonaws.com/amt/main_task_F1QV/Jellyfish/Natural/3.jpg","https://f1qv-main-data.s3.us-east-1.amazonaws.com/amt/main_task_F1QV/Jellyfish/Tactile/3.jpg","","[{""question1"":{""angle_match"":true,""view_frontal"":true,""view_perspective"":false,""view_side"":false,""view_top"":false},""question10"":{""angle_match"":true,""view_frontal"":false,""view_perspective"":false,""view_side"":true,""view_top"":false},""question2"":{""angle_match"":true,""view_frontal"":false,""view_perspective"":false,""view_side"":true,""view_top"":false},""question3"":{""angle_match"":true,""view_frontal"":true,""view_perspective"":false,""view_side"":false,""view_top"":false},""question4"":{""angle_match"":true,""view_frontal"":false,""view_perspective"":false,""view_side"":true,""view_top"":false},""question5"":{""angle_match"":true,""view_frontal"":false,""view_perspective"":false,""view_side"":true,""view_top"":false},""question6"":{""angle_match"":true,""view_frontal"":true,""view_perspective"":false,""view_side"":false,""view_top"":false},""question7"":{""angle_match"":true,""view_frontal"":false,""view_perspective"":false,""view_side"":true,""view_top"":false},""question8"":{""angle_match"":true,""view_frontal"":false,""view_perspective"":false,""view_side"":true,""view_top"":false},""question9"":{""angle_match"":true,""view_frontal"":false,""view_perspective"":false,""view_side"":true,""view_top"":false}}]"
"3K3IX1W4TY51N8DV2NWQXNMK71LPAF","3BHRGUFAI0A6J7Y48A1RI398KZYCSF","Categorize images based on object's view.","Review 10 animal’s line-arts and judge if it has same or different views. Identify view for each tactile. (10 pairs)","tactile, image review, accessibility, animals","$0.05","Tue Mar 03 20:32:23 PST 2026","7","BatchId:5376447;OriginalHitTemplateId:928390873;","3600","2592000","Mon Mar 23 21:32:23 PDT 2026","","","3JBT3HLQG1G4A0JW4HHQ209M8JZPZW","A1MYCZT6OX9G20","Submitted","Tue Mar 03 20:39:48 PST 2026","Tue Mar 03 21:15:13 PST 2026","Thu Apr 02 22:15:13 PDT 2026","","","","2125","100% (9/9)","0% (0/0)","0% (0/0)","Dog","https://f1qv-main-data.s3.us-east-1.amazonaws.com/amt/main_task_F1QV/Dog/Natural/1_Dog.jpg","https://f1qv-main-data.s3.us-east-1.amazonaws.com/amt/main_task_F1QV/Dog/Tactile/1.jpg","","Penguin","https://f1qv-main-data.s3.us-east-1.amazonaws.com/amt/main_task_F1QV/Penguin/Natural/4.jpg","https://f1qv-main-data.s3.us-east-1.amazonaws.com/amt/main_task_F1QV/Penguin/Tactile/4.png","","Llama","https://f1qv-main-data.s3.us-east-1.amazonaws.com/amt/main_task_F1QV/Llama/Natural/4.jpg","https://f1qv-main-data.s3.us-east-1.amazonaws.com/amt/main_task_F1QV/Llama/Tactile/4.jpg","","Cat","https://f1qv-main-data.s3.us-east-1.amazonaws.com/amt/main_task_F1QV/Cat/Natural/cat_3.jpeg","https://f1qv-main-data.s3.us-east-1.amazonaws.com/amt/main_task_F1QV/Cat/Tactile/3.jpg","","Jellyfish","https://f1qv-main-data.s3.us-east-1.amazonaws.com/amt/main_task_F1QV/Jellyfish/Natural/6.jpg","https://f1qv-main-data.s3.us-east-1.amazonaws.com/amt/main_task_F1QV/Jellyfish/Tactile/6.jpg","","Cat","https://f1qv-main-data.s3.us-east-1.amazonaws.com/amt/main_task_F1QV/Cat/Natural/cat_15.jpg","https://f1qv-main-data.s3.us-east-1.amazonaws.com/amt/main_task_F1QV/Cat/Tactile/15.jpg","","Penguin","https://f1qv-main-data.s3.us-east-1.amazonaws.com/amt/main_task_F1QV/Penguin/Natural/5.jpg","https://f1qv-main-data.s3.us-east-1.amazonaws.com/amt/main_task_F1QV/Penguin/Tactile/5.jpeg","","Jellyfish","https://f1qv-main-data.s3.us-east-1.amazonaws.com/amt/main_task_F1QV/Jellyfish/Natural/9_2.jpg","https://f1qv-main-data.s3.us-east-1.amazonaws.com/amt/main_task_F1QV/Jellyfish/Tactile/9.jpg","","Dog","https://f1qv-main-data.s3.us-east-1.amazonaws.com/amt/main_task_F1QV/Dog/Natural/9_Dog.jpg","https://f1qv-main-data.s3.us-east-1.amazonaws.com/amt/main_task_F1QV/Dog/Tactile/9.jpg","","Jellyfish","https://f1qv-main-data.s3.us-east-1.amazonaws.com/amt/main_task_F1QV/Jellyfish/Natural/3.jpg","https://f1qv-main-data.s3.us-east-1.amazonaws.com/amt/main_task_F1QV/Jellyfish/Tactile/3.jpg","","[{""question1"":{""angle_match"":true,""view_frontal"":true,""view_perspective"":false,""view_side"":false,""view_top"":false},""question10"":{""angle_match"":true,""view_frontal"":true,""view_perspective"":false,""view_side"":false,""view_top"":false},""question2"":{""angle_match"":true,""view_frontal"":false,""view_perspective"":false,""view_side"":true,""view_top"":false},""question3"":{""angle_match"":true,""view_frontal"":true,""view_perspective"":false,""view_side"":false,""view_top"":false},""question4"":{""angle_match"":true,""view_frontal"":false,""view_perspective"":false,""view_side"":true,""view_top"":false},""question5"":{""angle_match"":true,""view_frontal"":false,""view_perspective"":true,""view_side"":false,""view_top"":false},""question6"":{""angle_match"":true,""view_frontal"":false,""view_perspective"":true,""view_side"":false,""view_top"":false},""question7"":{""angle_match"":true,""view_frontal"":false,""view_perspective"":false,""view_side"":true,""view_top"":false},""question8"":{""angle_match"":true,""view_frontal"":true,""view_perspective"":false,""view_side"":false,""view_top"":false},""question9"":{""angle_match"":false,""view_frontal"":false,""view_perspective"":true,""view_side"":false,""view_top"":false}}]"
"3K3IX1W4TY51N8DV2NWQXNMK71LPAF","3BHRGUFAI0A6J7Y48A1RI398KZYCSF","Categorize images based on object's view.","Review 10 animal’s line-arts and judge if it has same or different views. Identify view for each tactile. (10 pairs)","tactile, image review, accessibility, animals","$0.05","Tue Mar 03 20:32:23 PST 2026","7","BatchId:5376447;OriginalHitTemplateId:928390873;","3600","2592000","Mon Mar 23 21:32:23 PDT 2026","","","3PEIJLRY7M75PEGIFL70X917TH7XW7","A2V3XARMPINRM8","Submitted","Tue Mar 03 20:43:25 PST 2026","Tue Mar 03 21:15:22 PST 2026","Thu Apr 02 22:15:22 PDT 2026","","","","1917","100% (1/1)","100% (1/1)","100% (1/1)","Dog","https://f1qv-main-data.s3.us-east-1.amazonaws.com/amt/main_task_F1QV/Dog/Natural/1_Dog.jpg","https://f1qv-main-data.s3.us-east-1.amazonaws.com/amt/main_task_F1QV/Dog/Tactile/1.jpg","","Penguin","https://f1qv-main-data.s3.us-east-1.amazonaws.com/amt/main_task_F1QV/Penguin/Natural/4.jpg","https://f1qv-main-data.s3.us-east-1.amazonaws.com/amt/main_task_F1QV/Penguin/Tactile/4.png","","Llama","https://f1qv-main-data.s3.us-east-1.amazonaws.com/amt/main_task_F1QV/Llama/Natural/4.jpg","https://f1qv-main-data.s3.us-east-1.amazonaws.com/amt/main_task_F1QV/Llama/Tactile/4.jpg","","Cat","https://f1qv-main-data.s3.us-east-1.amazonaws.com/amt/main_task_F1QV/Cat/Natural/cat_3.jpeg","https://f1qv-main-data.s3.us-east-1.amazonaws.com/amt/main_task_F1QV/Cat/Tactile/3.jpg","","Jellyfish","https://f1qv-main-data.s3.us-east-1.amazonaws.com/amt/main_task_F1QV/Jellyfish/Natural/6.jpg","https://f1qv-main-data.s3.us-east-1.amazonaws.com/amt/main_task_F1QV/Jellyfish/Tactile/6.jpg","","Cat","https://f1qv-main-data.s3.us-east-1.amazonaws.com/amt/main_task_F1QV/Cat/Natural/cat_15.jpg","https://f1qv-main-data.s3.us-east-1.amazonaws.com/amt/main_task_F1QV/Cat/Tactile/15.jpg","","Penguin","https://f1qv-main-data.s3.us-east-1.amazonaws.com/amt/main_task_F1QV/Penguin/Natural/5.jpg","https://f1qv-main-data.s3.us-east-1.amazonaws.com/amt/main_task_F1QV/Penguin/Tactile/5.jpeg","","Jellyfish","https://f1qv-main-data.s3.us-east-1.amazonaws.com/amt/main_task_F1QV/Jellyfish/Natural/9_2.jpg","https://f1qv-main-data.s3.us-east-1.amazonaws.com/amt/main_task_F1QV/Jellyfish/Tactile/9.jpg","","Dog","https://f1qv-main-data.s3.us-east-1.amazonaws.com/amt/main_task_F1QV/Dog/Natural/9_Dog.jpg","https://f1qv-main-data.s3.us-east-1.amazonaws.com/amt/main_task_F1QV/Dog/Tactile/9.jpg","","Jellyfish","https://f1qv-main-data.s3.us-east-1.amazonaws.com/amt/main_task_F1QV/Jellyfish/Natural/3.jpg","https://f1qv-main-data.s3.us-east-1.amazonaws.com/amt/main_task_F1QV/Jellyfish/Tactile/3.jpg","","[{""question1"":{""angle_match"":true,""view_frontal"":true,""view_perspective"":false,""view_side"":false,""view_top"":false},""question10"":{""angle_match"":true,""view_frontal"":false,""view_perspective"":false,""view_side"":false,""view_top"":false},""question2"":{""angle_match"":true,""view_frontal"":false,""view_perspective"":false,""view_side"":true,""view_top"":false},""question3"":{""angle_match"":true,""view_frontal"":true,""view_perspective"":false,""view_side"":false,""view_top"":false},""question4"":{""angle_match"":true,""view_frontal"":true,""view_perspective"":false,""view_side"":false,""view_top"":false},""question5"":{""angle_match"":true,""view_frontal"":false,""view_perspective"":false,""view_side"":false,""view_top"":false},""question6"":{""angle_match"":true,""view_frontal"":true,""view_perspective"":false,""view_side"":false,""view_top"":false},""question7"":{""angle_match"":true,""view_frontal"":false,""view_perspective"":false,""view_side"":true,""view_top"":false},""question8"":{""angle_match"":true,""view_frontal"":false,""view_perspective"":false,""view_side"":false,""view_top"":false},""question9"":{""angle_match"":false,""view_frontal"":false,""view_perspective"":true,""view_side"":false,""view_top"":false}}]"
"3K3IX1W4TY51N8DV2NWQXNMK71LPAF","3BHRGUFAI0A6J7Y48A1RI398KZYCSF","Categorize images based on object's view.","Review 10 animal’s line-arts and judge if it has same or different views. Identify view for each tactile. (10 pairs)","tactile, image review, accessibility, animals","$0.05","Tue Mar 03 20:32:23 PST 2026","7","BatchId:5376447;OriginalHitTemplateId:928390873;","3600","2592000","Mon Mar 23 21:32:23 PDT 2026","","","386PBUZZY8BOJ0ZUU3LXXPCCKBLJL7","ALJH5865ISWT1","Submitted","Tue Mar 03 20:39:00 PST 2026","Tue Mar 03 21:32:23 PST 2026","Thu Apr 02 22:32:23 PDT 2026","","","","3203","100% (2/2)","100% (2/2)","0% (0/0)","Dog","https://f1qv-main-data.s3.us-east-1.amazonaws.com/amt/main_task_F1QV/Dog/Natural/1_Dog.jpg","https://f1qv-main-data.s3.us-east-1.amazonaws.com/amt/main_task_F1QV/Dog/Tactile/1.jpg","","Penguin","https://f1qv-main-data.s3.us-east-1.amazonaws.com/amt/main_task_F1QV/Penguin/Natural/4.jpg","https://f1qv-main-data.s3.us-east-1.amazonaws.com/amt/main_task_F1QV/Penguin/Tactile/4.png","","Llama","https://f1qv-main-data.s3.us-east-1.amazonaws.com/amt/main_task_F1QV/Llama/Natural/4.jpg","https://f1qv-main-data.s3.us-east-1.amazonaws.com/amt/main_task_F1QV/Llama/Tactile/4.jpg","","Cat","https://f1qv-main-data.s3.us-east-1.amazonaws.com/amt/main_task_F1QV/Cat/Natural/cat_3.jpeg","https://f1qv-main-data.s3.us-east-1.amazonaws.com/amt/main_task_F1QV/Cat/Tactile/3.jpg","","Jellyfish","https://f1qv-main-data.s3.us-east-1.amazonaws.com/amt/main_task_F1QV/Jellyfish/Natural/6.jpg","https://f1qv-main-data.s3.us-east-1.amazonaws.com/amt/main_task_F1QV/Jellyfish/Tactile/6.jpg","","Cat","https://f1qv-main-data.s3.us-east-1.amazonaws.com/amt/main_task_F1QV/Cat/Natural/cat_15.jpg","https://f1qv-main-data.s3.us-east-1.amazonaws.com/amt/main_task_F1QV/Cat/Tactile/15.jpg","","Penguin","https://f1qv-main-data.s3.us-east-1.amazonaws.com/amt/main_task_F1QV/Penguin/Natural/5.jpg","https://f1qv-main-data.s3.us-east-1.amazonaws.com/amt/main_task_F1QV/Penguin/Tactile/5.jpeg","","Jellyfish","https://f1qv-main-data.s3.us-east-1.amazonaws.com/amt/main_task_F1QV/Jellyfish/Natural/9_2.jpg","https://f1qv-main-data.s3.us-east-1.amazonaws.com/amt/main_task_F1QV/Jellyfish/Tactile/9.jpg","","Dog","https://f1qv-main-data.s3.us-east-1.amazonaws.com/amt/main_task_F1QV/Dog/Natural/9_Dog.jpg","https://f1qv-main-data.s3.us-east-1.amazonaws.com/amt/main_task_F1QV/Dog/Tactile/9.jpg","","Jellyfish","https://f1qv-main-data.s3.us-east-1.amazonaws.com/amt/main_task_F1QV/Jellyfish/Natural/3.jpg","https://f1qv-main-data.s3.us-east-1.amazonaws.com/amt/main_task_F1QV/Jellyfish/Tactile/3.jpg","","[{""question1"":{""angle_match"":true,""view_frontal"":true,""view_perspective"":false,""view_side"":false,""view_top"":false},""question10"":{""angle_match"":true,""view_frontal"":false,""view_perspective"":false,""view_side"":true,""view_top"":false},""question2"":{""angle_match"":true,""view_frontal"":false,""view_perspective"":false,""view_side"":true,""view_top"":false},""question3"":{""angle_match"":true,""view_frontal"":true,""view_perspective"":false,""view_side"":false,""view_top"":false},""question4"":{""angle_match"":true,""view_frontal"":false,""view_perspective"":false,""view_side"":true,""view_top"":false},""question5"":{""angle_match"":true,""view_frontal"":false,""view_perspective"":false,""view_side"":true,""view_top"":false},""question6"":{""angle_match"":true,""view_frontal"":true,""view_perspective"":false,""view_side"":false,""view_top"":false},""question7"":{""angle_match"":true,""view_frontal"":false,""view_perspective"":false,""view_side"":true,""view_top"":false},""question8"":{""angle_match"":true,""view_frontal"":false,""view_perspective"":false,""view_side"":false,""view_top"":true},""question9"":{""angle_match"":true,""view_frontal"":false,""view_perspective"":false,""view_side"":true,""view_top"":false}}]"
"3MYASTQBHZPKLRHMMA2HNTK0X04DQW","3BHRGUFAI0A6J7Y48A1RI398KZYCSF","Categorize images based on object's view.","Review 10 animal’s line-arts and judge if it has same or different views. Identify view for each tactile. (10 pairs)","tactile, image review, accessibility, animals","$0.05","Tue Mar 03 20:32:23 PST 2026","7","BatchId:5376447;OriginalHitTemplateId:928390873;","3600","2592000","Mon Mar 23 21:32:23 PDT 2026","","","3A0EX8ZRO1221G8HPQX6T9VVLLFYBS","ALJH5865ISWT1","Submitted","Tue Mar 03 20:38:44 PST 2026","Tue Mar 03 20:49:06 PST 2026","Thu Apr 02 21:49:06 PDT 2026","","","","622","100% (2/2)","100% (2/2)","0% (0/0)","Bird","https://f1qv-main-data.s3.us-east-1.amazonaws.com/amt/main_task_F1QV/Bird/Natural/2_Bird.jpg","https://f1qv-main-data.s3.us-east-1.amazonaws.com/amt/main_task_F1QV/Bird/Tactile/2.jpg","","Bird","https://f1qv-main-data.s3.us-east-1.amazonaws.com/amt/main_task_F1QV/Bird/Natural/5_Bird.jpg","https://f1qv-main-data.s3.us-east-1.amazonaws.com/amt/main_task_F1QV/Bird/Tactile/5.jpg","","Bird","https://f1qv-main-data.s3.us-east-1.amazonaws.com/amt/main_task_F1QV/Bird/Natural/3_Bird(2).jpg","https://f1qv-main-data.s3.us-east-1.amazonaws.com/amt/main_task_F1QV/Bird/Tactile/3.jpg","","Teddy Bear","https://f1qv-main-data.s3.us-east-1.amazonaws.com/amt/main_task_F1QV/Teddy Bear/Natural/16.jpg","https://f1qv-main-data.s3.us-east-1.amazonaws.com/amt/main_task_F1QV/Teddy Bear/Tactile/16.png","","Horse","https://f1qv-main-data.s3.us-east-1.amazonaws.com/amt/main_task_F1QV/Horse/Natural/6_Horse.jpeg","https://f1qv-main-data.s3.us-east-1.amazonaws.com/amt/main_task_F1QV/Horse/Tactile/6.jpg","","Bird","https://f1qv-main-data.s3.us-east-1.amazonaws.com/amt/main_task_F1QV/Bird/Natural/21_Bird.jpg","https://f1qv-main-data.s3.us-east-1.amazonaws.com/amt/main_task_F1QV/Bird/Tactile/21.jpg","","Bat","https://f1qv-main-data.s3.us-east-1.amazonaws.com/amt/main_task_F1QV/Bat/Natural/10_2.png","https://f1qv-main-data.s3.us-east-1.amazonaws.com/amt/main_task_F1QV/Bat/Tactile/10.jpeg","","Bird","https://f1qv-main-data.s3.us-east-1.amazonaws.com/amt/main_task_F1QV/Bird/Natural/8_Bird_Edited.jpg","https://f1qv-main-data.s3.us-east-1.amazonaws.com/amt/main_task_F1QV/Bird/Tactile/8.jpg","","Elephant","https://f1qv-main-data.s3.us-east-1.amazonaws.com/amt/main_task_F1QV/Elephant/Natural/13_Elephant.jpeg","https://f1qv-main-data.s3.us-east-1.amazonaws.com/amt/main_task_F1QV/Elephant/Tactile/13.jpg","","Camel","https://f1qv-main-data.s3.us-east-1.amazonaws.com/amt/main_task_F1QV/Camel/Natural/Camel_10.jpg","https://f1qv-main-data.s3.us-east-1.amazonaws.com/amt/main_task_F1QV/Camel/Tactile/10.jpg","","[{""question1"":{""angle_match"":true,""view_frontal"":false,""view_perspective"":false,""view_side"":false,""view_top"":true},""question10"":{""angle_match"":true,""view_frontal"":false,""view_perspective"":false,""view_side"":true,""view_top"":false},""question2"":{""angle_match"":true,""view_frontal"":false,""view_perspective"":false,""view_side"":true,""view_top"":false},""question3"":{""angle_match"":true,""view_frontal"":false,""view_perspective"":false,""view_side"":false,""view_top"":false},""question4"":{""angle_match"":true,""view_frontal"":true,""view_perspective"":false,""view_side"":false,""view_top"":false},""question5"":{""angle_match"":true,""view_frontal"":false,""view_perspective"":false,""view_side"":false,""view_top"":false},""question6"":{""angle_match"":true,""view_frontal"":false,""view_perspective"":false,""view_side"":false,""view_top"":true},""question7"":{""angle_match"":true,""view_frontal"":true,""view_perspective"":false,""view_side"":false,""view_top"":false},""question8"":{""angle_match"":true,""view_frontal"":false,""view_perspective"":false,""view_side"":true,""view_top"":false},""question9"":{""angle_match"":true,""view_frontal"":false,""view_perspective"":false,""view_side"":true,""view_top"":false}}]"
"3MYASTQBHZPKLRHMMA2HNTK0X04DQW","3BHRGUFAI0A6J7Y48A1RI398KZYCSF","Categorize images based on object's view.","Review 10 animal’s line-arts and judge if it has same or different views. Identify view for each tactile. (10 pairs)","tactile, image review, accessibility, animals","$0.05","Tue Mar 03 20:32:23 PST 2026","7","BatchId:5376447;OriginalHitTemplateId:928390873;","3600","2592000","Mon Mar 23 21:32:23 PDT 2026","","","30BXRYBRQXB83OG3AHPEUNDD5RQHW0","A3SA9LY6RXKFOI","Submitted","Tue Mar 03 20:45:10 PST 2026","Tue Mar 03 21:04:15 PST 2026","Thu Apr 02 22:04:15 PDT 2026","","","","1145","0% (0/0)","0% (0/0)","0% (0/0)","Bird","https://f1qv-main-data.s3.us-east-1.amazonaws.com/amt/main_task_F1QV/Bird/Natural/2_Bird.jpg","https://f1qv-main-data.s3.us-east-1.amazonaws.com/amt/main_task_F1QV/Bird/Tactile/2.jpg","","Bird","https://f1qv-main-data.s3.us-east-1.amazonaws.com/amt/main_task_F1QV/Bird/Natural/5_Bird.jpg","https://f1qv-main-data.s3.us-east-1.amazonaws.com/amt/main_task_F1QV/Bird/Tactile/5.jpg","","Bird","https://f1qv-main-data.s3.us-east-1.amazonaws.com/amt/main_task_F1QV/Bird/Natural/3_Bird(2).jpg","https://f1qv-main-data.s3.us-east-1.amazonaws.com/amt/main_task_F1QV/Bird/Tactile/3.jpg","","Teddy Bear","https://f1qv-main-data.s3.us-east-1.amazonaws.com/amt/main_task_F1QV/Teddy Bear/Natural/16.jpg","https://f1qv-main-data.s3.us-east-1.amazonaws.com/amt/main_task_F1QV/Teddy Bear/Tactile/16.png","","Horse","https://f1qv-main-data.s3.us-east-1.amazonaws.com/amt/main_task_F1QV/Horse/Natural/6_Horse.jpeg","https://f1qv-main-data.s3.us-east-1.amazonaws.com/amt/main_task_F1QV/Horse/Tactile/6.jpg","","Bird","https://f1qv-main-data.s3.us-east-1.amazonaws.com/amt/main_task_F1QV/Bird/Natural/21_Bird.jpg","https://f1qv-main-data.s3.us-east-1.amazonaws.com/amt/main_task_F1QV/Bird/Tactile/21.jpg","","Bat","https://f1qv-main-data.s3.us-east-1.amazonaws.com/amt/main_task_F1QV/Bat/Natural/10_2.png","https://f1qv-main-data.s3.us-east-1.amazonaws.com/amt/main_task_F1QV/Bat/Tactile/10.jpeg","","Bird","https://f1qv-main-data.s3.us-east-1.amazonaws.com/amt/main_task_F1QV/Bird/Natural/8_Bird_Edited.jpg","https://f1qv-main-data.s3.us-east-1.amazonaws.com/amt/main_task_F1QV/Bird/Tactile/8.jpg","","Elephant","https://f1qv-main-data.s3.us-east-1.amazonaws.com/amt/main_task_F1QV/Elephant/Natural/13_Elephant.jpeg","https://f1qv-main-data.s3.us-east-1.amazonaws.com/amt/main_task_F1QV/Elephant/Tactile/13.jpg","","Camel","https://f1qv-main-data.s3.us-east-1.amazonaws.com/amt/main_task_F1QV/Camel/Natural/Camel_10.jpg","https://f1qv-main-data.s3.us-east-1.amazonaws.com/amt/main_task_F1QV/Camel/Tactile/10.jpg","","[{""question1"":{""angle_match"":true,""view_frontal"":true,""view_perspective"":false,""view_side"":false,""view_top"":false},""question10"":{""angle_match"":true,""view_frontal"":false,""view_perspective"":false,""view_side"":true,""view_top"":false},""question2"":{""angle_match"":true,""view_frontal"":false,""view_perspective"":false,""view_side"":true,""view_top"":false},""question3"":{""angle_match"":true,""view_frontal"":false,""view_perspective"":false,""view_side"":true,""view_top"":false},""question4"":{""angle_match"":true,""view_frontal"":true,""view_perspective"":false,""view_side"":false,""view_top"":false},""question5"":{""angle_match"":true,""view_frontal"":false,""view_perspective"":false,""view_side"":true,""view_top"":false},""question6"":{""angle_match"":true,""view_frontal"":false,""view_perspective"":false,""view_side"":false,""view_top"":true},""question7"":{""angle_match"":true,""view_frontal"":false,""view_perspective"":false,""view_side"":false,""view_top"":true},""question8"":{""angle_match"":true,""view_frontal"":false,""view_perspective"":false,""view_side"":true,""view_top"":false},""question9"":{""angle_match"":true,""view_frontal"":false,""view_perspective"":false,""view_side"":true,""view_top"":false}}]"
"3MYASTQBHZPKLRHMMA2HNTK0X04DQW","3BHRGUFAI0A6J7Y48A1RI398KZYCSF","Categorize images based on object's view.","Review 10 animal’s line-arts and judge if it has same or different views. Identify view for each tactile. (10 pairs)","tactile, image review, accessibility, animals","$0.05","Tue Mar 03 20:32:23 PST 2026","7","BatchId:5376447;OriginalHitTemplateId:928390873;","3600","2592000","Mon Mar 23 21:32:23 PDT 2026","","","31QTRG6Q3MR45A9R8VF7OT0K2Q0PYC","A3HYU8WSD2QPTK","Submitted","Tue Mar 03 20:45:22 PST 2026","Tue Mar 03 21:16:19 PST 2026","Thu Apr 02 22:16:19 PDT 2026","","","","1857","100% (15/15)","100% (15/15)","0% (0/0)","Bird","https://f1qv-main-data.s3.us-east-1.amazonaws.com/amt/main_task_F1QV/Bird/Natural/2_Bird.jpg","https://f1qv-main-data.s3.us-east-1.amazonaws.com/amt/main_task_F1QV/Bird/Tactile/2.jpg","","Bird","https://f1qv-main-data.s3.us-east-1.amazonaws.com/amt/main_task_F1QV/Bird/Natural/5_Bird.jpg","https://f1qv-main-data.s3.us-east-1.amazonaws.com/amt/main_task_F1QV/Bird/Tactile/5.jpg","","Bird","https://f1qv-main-data.s3.us-east-1.amazonaws.com/amt/main_task_F1QV/Bird/Natural/3_Bird(2).jpg","https://f1qv-main-data.s3.us-east-1.amazonaws.com/amt/main_task_F1QV/Bird/Tactile/3.jpg","","Teddy Bear","https://f1qv-main-data.s3.us-east-1.amazonaws.com/amt/main_task_F1QV/Teddy Bear/Natural/16.jpg","https://f1qv-main-data.s3.us-east-1.amazonaws.com/amt/main_task_F1QV/Teddy Bear/Tactile/16.png","","Horse","https://f1qv-main-data.s3.us-east-1.amazonaws.com/amt/main_task_F1QV/Horse/Natural/6_Horse.jpeg","https://f1qv-main-data.s3.us-east-1.amazonaws.com/amt/main_task_F1QV/Horse/Tactile/6.jpg","","Bird","https://f1qv-main-data.s3.us-east-1.amazonaws.com/amt/main_task_F1QV/Bird/Natural/21_Bird.jpg","https://f1qv-main-data.s3.us-east-1.amazonaws.com/amt/main_task_F1QV/Bird/Tactile/21.jpg","","Bat","https://f1qv-main-data.s3.us-east-1.amazonaws.com/amt/main_task_F1QV/Bat/Natural/10_2.png","https://f1qv-main-data.s3.us-east-1.amazonaws.com/amt/main_task_F1QV/Bat/Tactile/10.jpeg","","Bird","https://f1qv-main-data.s3.us-east-1.amazonaws.com/amt/main_task_F1QV/Bird/Natural/8_Bird_Edited.jpg","https://f1qv-main-data.s3.us-east-1.amazonaws.com/amt/main_task_F1QV/Bird/Tactile/8.jpg","","Elephant","https://f1qv-main-data.s3.us-east-1.amazonaws.com/amt/main_task_F1QV/Elephant/Natural/13_Elephant.jpeg","https://f1qv-main-data.s3.us-east-1.amazonaws.com/amt/main_task_F1QV/Elephant/Tactile/13.jpg","","Camel","https://f1qv-main-data.s3.us-east-1.amazonaws.com/amt/main_task_F1QV/Camel/Natural/Camel_10.jpg","https://f1qv-main-data.s3.us-east-1.amazonaws.com/amt/main_task_F1QV/Camel/Tactile/10.jpg","","[{""question1"":{""angle_match"":true,""view_frontal"":false,""view_perspective"":false,""view_side"":true,""view_top"":false},""question10"":{""angle_match"":true,""view_frontal"":false,""view_perspective"":false,""view_side"":true,""view_top"":false},""question2"":{""angle_match"":true,""view_frontal"":false,""view_perspective"":false,""view_side"":true,""view_top"":false},""question3"":{""angle_match"":true,""view_frontal"":false,""view_perspective"":false,""view_side"":true,""view_top"":false},""question4"":{""angle_match"":true,""view_frontal"":true,""view_perspective"":false,""view_side"":false,""view_top"":false},""question5"":{""angle_match"":true,""view_frontal"":false,""view_perspective"":false,""view_side"":true,""view_top"":false},""question6"":{""angle_match"":true,""view_frontal"":false,""view_perspective"":false,""view_side"":true,""view_top"":false},""question7"":{""angle_match"":true,""view_frontal"":true,""view_perspective"":false,""view_side"":false,""view_top"":false},""question8"":{""angle_match"":true,""view_frontal"":false,""view_perspective"":false,""view_side"":true,""view_top"":false},""question9"":{""angle_match"":true,""view_frontal"":false,""view_perspective"":false,""view_side"":true,""view_top"":false}}]"
"3MYASTQBHZPKLRHMMA2HNTK0X04DQW","3BHRGUFAI0A6J7Y48A1RI398KZYCSF","Categorize images based on object's view.","Review 10 animal’s line-arts and judge if it has same or different views. Identify view for each tactile. (10 pairs)","tactile, image review, accessibility, animals","$0.05","Tue Mar 03 20:32:23 PST 2026","7","BatchId:5376447;OriginalHitTemplateId:928390873;","3600","2592000","Mon Mar 23 21:32:23 PDT 2026","","","38SKSKU7SUBSOPFOCL0XLOXC7XBLIE","A1MYCZT6OX9G20","Submitted","Tue Mar 03 21:00:52 PST 2026","Tue Mar 03 21:18:47 PST 2026","Thu Apr 02 22:18:47 PDT 2026","","","","1075","100% (9/9)","0% (0/0)","0% (0/0)","Bird","https://f1qv-main-data.s3.us-east-1.amazonaws.com/amt/main_task_F1QV/Bird/Natural/2_Bird.jpg","https://f1qv-main-data.s3.us-east-1.amazonaws.com/amt/main_task_F1QV/Bird/Tactile/2.jpg","","Bird","https://f1qv-main-data.s3.us-east-1.amazonaws.com/amt/main_task_F1QV/Bird/Natural/5_Bird.jpg","https://f1qv-main-data.s3.us-east-1.amazonaws.com/amt/main_task_F1QV/Bird/Tactile/5.jpg","","Bird","https://f1qv-main-data.s3.us-east-1.amazonaws.com/amt/main_task_F1QV/Bird/Natural/3_Bird(2).jpg","https://f1qv-main-data.s3.us-east-1.amazonaws.com/amt/main_task_F1QV/Bird/Tactile/3.jpg","","Teddy Bear","https://f1qv-main-data.s3.us-east-1.amazonaws.com/amt/main_task_F1QV/Teddy Bear/Natural/16.jpg","https://f1qv-main-data.s3.us-east-1.amazonaws.com/amt/main_task_F1QV/Teddy Bear/Tactile/16.png","","Horse","https://f1qv-main-data.s3.us-east-1.amazonaws.com/amt/main_task_F1QV/Horse/Natural/6_Horse.jpeg","https://f1qv-main-data.s3.us-east-1.amazonaws.com/amt/main_task_F1QV/Horse/Tactile/6.jpg","","Bird","https://f1qv-main-data.s3.us-east-1.amazonaws.com/amt/main_task_F1QV/Bird/Natural/21_Bird.jpg","https://f1qv-main-data.s3.us-east-1.amazonaws.com/amt/main_task_F1QV/Bird/Tactile/21.jpg","","Bat","https://f1qv-main-data.s3.us-east-1.amazonaws.com/amt/main_task_F1QV/Bat/Natural/10_2.png","https://f1qv-main-data.s3.us-east-1.amazonaws.com/amt/main_task_F1QV/Bat/Tactile/10.jpeg","","Bird","https://f1qv-main-data.s3.us-east-1.amazonaws.com/amt/main_task_F1QV/Bird/Natural/8_Bird_Edited.jpg","https://f1qv-main-data.s3.us-east-1.amazonaws.com/amt/main_task_F1QV/Bird/Tactile/8.jpg","","Elephant","https://f1qv-main-data.s3.us-east-1.amazonaws.com/amt/main_task_F1QV/Elephant/Natural/13_Elephant.jpeg","https://f1qv-main-data.s3.us-east-1.amazonaws.com/amt/main_task_F1QV/Elephant/Tactile/13.jpg","","Camel","https://f1qv-main-data.s3.us-east-1.amazonaws.com/amt/main_task_F1QV/Camel/Natural/Camel_10.jpg","https://f1qv-main-data.s3.us-east-1.amazonaws.com/amt/main_task_F1QV/Camel/Tactile/10.jpg","","[{""question1"":{""angle_match"":true,""view_frontal"":false,""view_perspective"":false,""view_side"":false,""view_top"":true},""question10"":{""angle_match"":true,""view_frontal"":false,""view_perspective"":false,""view_side"":true,""view_top"":false},""question2"":{""angle_match"":true,""view_frontal"":false,""view_perspective"":true,""view_side"":false,""view_top"":false},""question3"":{""angle_match"":true,""view_frontal"":false,""view_perspective"":false,""view_side"":true,""view_top"":false},""question4"":{""angle_match"":true,""view_frontal"":true,""view_perspective"":false,""view_side"":false,""view_top"":false},""question5"":{""angle_match"":true,""view_frontal"":false,""view_perspective"":false,""view_side"":true,""view_top"":false},""question6"":{""angle_match"":true,""view_frontal"":false,""view_perspective"":false,""view_side"":false,""view_top"":true},""question7"":{""angle_match"":true,""view_frontal"":true,""view_perspective"":false,""view_side"":false,""view_top"":false},""question8"":{""angle_match"":true,""view_frontal"":false,""view_perspective"":false,""view_side"":true,""view_top"":false},""question9"":{""angle_match"":true,""view_frontal"":false,""view_perspective"":false,""view_side"":true,""view_top"":false}}]"
"3MYASTQBHZPKLRHMMA2HNTK0X04DQW","3BHRGUFAI0A6J7Y48A1RI398KZYCSF","Categorize images based on object's view.","Review 10 animal’s line-arts and judge if it has same or different views. Identify view for each tactile. (10 pairs)","tactile, image review, accessibility, animals","$0.05","Tue Mar 03 20:32:23 PST 2026","7","BatchId:5376447;OriginalHitTemplateId:928390873;","3600","2592000","Mon Mar 23 21:32:23 PDT 2026","","","34S9DKFK8W342PXESG2FK4VP2BYYNO","A2V3XARMPINRM8","Submitted","Tue Mar 03 20:44:38 PST 2026","Tue Mar 03 21:23:06 PST 2026","Thu Apr 02 22:23:06 PDT 2026","","","","2308","100% (1/1)","100% (1/1)","100% (1/1)","Bird","https://f1qv-main-data.s3.us-east-1.amazonaws.com/amt/main_task_F1QV/Bird/Natural/2_Bird.jpg","https://f1qv-main-data.s3.us-east-1.amazonaws.com/amt/main_task_F1QV/Bird/Tactile/2.jpg","","Bird","https://f1qv-main-data.s3.us-east-1.amazonaws.com/amt/main_task_F1QV/Bird/Natural/5_Bird.jpg","https://f1qv-main-data.s3.us-east-1.amazonaws.com/amt/main_task_F1QV/Bird/Tactile/5.jpg","","Bird","https://f1qv-main-data.s3.us-east-1.amazonaws.com/amt/main_task_F1QV/Bird/Natural/3_Bird(2).jpg","https://f1qv-main-data.s3.us-east-1.amazonaws.com/amt/main_task_F1QV/Bird/Tactile/3.jpg","","Teddy Bear","https://f1qv-main-data.s3.us-east-1.amazonaws.com/amt/main_task_F1QV/Teddy Bear/Natural/16.jpg","https://f1qv-main-data.s3.us-east-1.amazonaws.com/amt/main_task_F1QV/Teddy Bear/Tactile/16.png","","Horse","https://f1qv-main-data.s3.us-east-1.amazonaws.com/amt/main_task_F1QV/Horse/Natural/6_Horse.jpeg","https://f1qv-main-data.s3.us-east-1.amazonaws.com/amt/main_task_F1QV/Horse/Tactile/6.jpg","","Bird","https://f1qv-main-data.s3.us-east-1.amazonaws.com/amt/main_task_F1QV/Bird/Natural/21_Bird.jpg","https://f1qv-main-data.s3.us-east-1.amazonaws.com/amt/main_task_F1QV/Bird/Tactile/21.jpg","","Bat","https://f1qv-main-data.s3.us-east-1.amazonaws.com/amt/main_task_F1QV/Bat/Natural/10_2.png","https://f1qv-main-data.s3.us-east-1.amazonaws.com/amt/main_task_F1QV/Bat/Tactile/10.jpeg","","Bird","https://f1qv-main-data.s3.us-east-1.amazonaws.com/amt/main_task_F1QV/Bird/Natural/8_Bird_Edited.jpg","https://f1qv-main-data.s3.us-east-1.amazonaws.com/amt/main_task_F1QV/Bird/Tactile/8.jpg","","Elephant","https://f1qv-main-data.s3.us-east-1.amazonaws.com/amt/main_task_F1QV/Elephant/Natural/13_Elephant.jpeg","https://f1qv-main-data.s3.us-east-1.amazonaws.com/amt/main_task_F1QV/Elephant/Tactile/13.jpg","","Camel","https://f1qv-main-data.s3.us-east-1.amazonaws.com/amt/main_task_F1QV/Camel/Natural/Camel_10.jpg","https://f1qv-main-data.s3.us-east-1.amazonaws.com/amt/main_task_F1QV/Camel/Tactile/10.jpg","","[{""question1"":{""angle_match"":true,""view_frontal"":false,""view_perspective"":false,""view_side"":true,""view_top"":false},""question10"":{""angle_match"":true,""view_frontal"":false,""view_perspective"":false,""view_side"":true,""view_top"":false},""question2"":{""angle_match"":true,""view_frontal"":false,""view_perspective"":false,""view_side"":true,""view_top"":false},""question3"":{""angle_match"":true,""view_frontal"":false,""view_perspective"":false,""view_side"":false,""view_top"":true},""question4"":{""angle_match"":true,""view_frontal"":true,""view_perspective"":false,""view_side"":false,""view_top"":false},""question5"":{""angle_match"":true,""view_frontal"":false,""view_perspective"":false,""view_side"":true,""view_top"":false},""question6"":{""angle_match"":true,""view_frontal"":false,""view_perspective"":false,""view_side"":false,""view_top"":true},""question7"":{""angle_match"":true,""view_frontal"":true,""view_perspective"":false,""view_side"":false,""view_top"":false},""question8"":{""angle_match"":true,""view_frontal"":false,""view_perspective"":false,""view_side"":true,""view_top"":false},""question9"":{""angle_match"":true,""view_frontal"":false,""view_perspective"":false,""view_side"":true,""view_top"":false}}]"
"3MYASTQBHZPKLRHMMA2HNTK0X04DQW","3BHRGUFAI0A6J7Y48A1RI398KZYCSF","Categorize images based on object's view.","Review 10 animal’s line-arts and judge if it has same or different views. Identify view for each tactile. (10 pairs)","tactile, image review, accessibility, animals","$0.05","Tue Mar 03 20:32:23 PST 2026","7","BatchId:5376447;OriginalHitTemplateId:928390873;","3600","2592000","Mon Mar 23 21:32:23 PDT 2026","","","3180JW2OUXQAHBW92G5QG0GFYLMJ5K","A22YCS3UW15WOO","Submitted","Tue Mar 03 20:39:58 PST 2026","Tue Mar 03 21:33:13 PST 2026","Thu Apr 02 22:33:13 PDT 2026","","","","3195","100% (60/60)","100% (12/12)","0% (0/0)","Bird","https://f1qv-main-data.s3.us-east-1.amazonaws.com/amt/main_task_F1QV/Bird/Natural/2_Bird.jpg","https://f1qv-main-data.s3.us-east-1.amazonaws.com/amt/main_task_F1QV/Bird/Tactile/2.jpg","","Bird","https://f1qv-main-data.s3.us-east-1.amazonaws.com/amt/main_task_F1QV/Bird/Natural/5_Bird.jpg","https://f1qv-main-data.s3.us-east-1.amazonaws.com/amt/main_task_F1QV/Bird/Tactile/5.jpg","","Bird","https://f1qv-main-data.s3.us-east-1.amazonaws.com/amt/main_task_F1QV/Bird/Natural/3_Bird(2).jpg","https://f1qv-main-data.s3.us-east-1.amazonaws.com/amt/main_task_F1QV/Bird/Tactile/3.jpg","","Teddy Bear","https://f1qv-main-data.s3.us-east-1.amazonaws.com/amt/main_task_F1QV/Teddy Bear/Natural/16.jpg","https://f1qv-main-data.s3.us-east-1.amazonaws.com/amt/main_task_F1QV/Teddy Bear/Tactile/16.png","","Horse","https://f1qv-main-data.s3.us-east-1.amazonaws.com/amt/main_task_F1QV/Horse/Natural/6_Horse.jpeg","https://f1qv-main-data.s3.us-east-1.amazonaws.com/amt/main_task_F1QV/Horse/Tactile/6.jpg","","Bird","https://f1qv-main-data.s3.us-east-1.amazonaws.com/amt/main_task_F1QV/Bird/Natural/21_Bird.jpg","https://f1qv-main-data.s3.us-east-1.amazonaws.com/amt/main_task_F1QV/Bird/Tactile/21.jpg","","Bat","https://f1qv-main-data.s3.us-east-1.amazonaws.com/amt/main_task_F1QV/Bat/Natural/10_2.png","https://f1qv-main-data.s3.us-east-1.amazonaws.com/amt/main_task_F1QV/Bat/Tactile/10.jpeg","","Bird","https://f1qv-main-data.s3.us-east-1.amazonaws.com/amt/main_task_F1QV/Bird/Natural/8_Bird_Edited.jpg","https://f1qv-main-data.s3.us-east-1.amazonaws.com/amt/main_task_F1QV/Bird/Tactile/8.jpg","","Elephant","https://f1qv-main-data.s3.us-east-1.amazonaws.com/amt/main_task_F1QV/Elephant/Natural/13_Elephant.jpeg","https://f1qv-main-data.s3.us-east-1.amazonaws.com/amt/main_task_F1QV/Elephant/Tactile/13.jpg","","Camel","https://f1qv-main-data.s3.us-east-1.amazonaws.com/amt/main_task_F1QV/Camel/Natural/Camel_10.jpg","https://f1qv-main-data.s3.us-east-1.amazonaws.com/amt/main_task_F1QV/Camel/Tactile/10.jpg","","[{""question1"":{""angle_match"":true,""view_frontal"":false,""view_perspective"":true,""view_side"":false,""view_top"":false},""question10"":{""angle_match"":true,""view_frontal"":false,""view_perspective"":false,""view_side"":true,""view_top"":false},""question2"":{""angle_match"":true,""view_frontal"":false,""view_perspective"":false,""view_side"":true,""view_top"":false},""question3"":{""angle_match"":true,""view_frontal"":false,""view_perspective"":false,""view_side"":true,""view_top"":false},""question4"":{""angle_match"":true,""view_frontal"":true,""view_perspective"":false,""view_side"":false,""view_top"":false},""question5"":{""angle_match"":true,""view_frontal"":false,""view_perspective"":false,""view_side"":true,""view_top"":false},""question6"":{""angle_match"":true,""view_frontal"":false,""view_perspective"":false,""view_side"":false,""view_top"":true},""question7"":{""angle_match"":true,""view_frontal"":false,""view_perspective"":true,""view_side"":false,""view_top"":false},""question8"":{""angle_match"":true,""view_frontal"":false,""view_perspective"":false,""view_side"":true,""view_top"":false},""question9"":{""angle_match"":true,""view_frontal"":false,""view_perspective"":false,""view_side"":true,""view_top"":false}}]"
"3MYASTQBHZPKLRHMMA2HNTK0X04DQW","3BHRGUFAI0A6J7Y48A1RI398KZYCSF","Categorize images based on object's view.","Review 10 animal’s line-arts and judge if it has same or different views. Identify view for each tactile. (10 pairs)","tactile, image review, accessibility, animals","$0.05","Tue Mar 03 20:32:23 PST 2026","7","BatchId:5376447;OriginalHitTemplateId:928390873;","3600","2592000","Mon Mar 23 21:32:23 PDT 2026","","","3G2UL9A036SDGKVL6QQY5GP63N867V","A3OLY20VMA8SPJ","Submitted","Tue Mar 03 21:43:45 PST 2026","Tue Mar 03 21:49:22 PST 2026","Thu Apr 02 22:49:22 PDT 2026","","","","337","100% (15/15)","100% (15/15)","0% (0/0)","Bird","https://f1qv-main-data.s3.us-east-1.amazonaws.com/amt/main_task_F1QV/Bird/Natural/2_Bird.jpg","https://f1qv-main-data.s3.us-east-1.amazonaws.com/amt/main_task_F1QV/Bird/Tactile/2.jpg","","Bird","https://f1qv-main-data.s3.us-east-1.amazonaws.com/amt/main_task_F1QV/Bird/Natural/5_Bird.jpg","https://f1qv-main-data.s3.us-east-1.amazonaws.com/amt/main_task_F1QV/Bird/Tactile/5.jpg","","Bird","https://f1qv-main-data.s3.us-east-1.amazonaws.com/amt/main_task_F1QV/Bird/Natural/3_Bird(2).jpg","https://f1qv-main-data.s3.us-east-1.amazonaws.com/amt/main_task_F1QV/Bird/Tactile/3.jpg","","Teddy Bear","https://f1qv-main-data.s3.us-east-1.amazonaws.com/amt/main_task_F1QV/Teddy Bear/Natural/16.jpg","https://f1qv-main-data.s3.us-east-1.amazonaws.com/amt/main_task_F1QV/Teddy Bear/Tactile/16.png","","Horse","https://f1qv-main-data.s3.us-east-1.amazonaws.com/amt/main_task_F1QV/Horse/Natural/6_Horse.jpeg","https://f1qv-main-data.s3.us-east-1.amazonaws.com/amt/main_task_F1QV/Horse/Tactile/6.jpg","","Bird","https://f1qv-main-data.s3.us-east-1.amazonaws.com/amt/main_task_F1QV/Bird/Natural/21_Bird.jpg","https://f1qv-main-data.s3.us-east-1.amazonaws.com/amt/main_task_F1QV/Bird/Tactile/21.jpg","","Bat","https://f1qv-main-data.s3.us-east-1.amazonaws.com/amt/main_task_F1QV/Bat/Natural/10_2.png","https://f1qv-main-data.s3.us-east-1.amazonaws.com/amt/main_task_F1QV/Bat/Tactile/10.jpeg","","Bird","https://f1qv-main-data.s3.us-east-1.amazonaws.com/amt/main_task_F1QV/Bird/Natural/8_Bird_Edited.jpg","https://f1qv-main-data.s3.us-east-1.amazonaws.com/amt/main_task_F1QV/Bird/Tactile/8.jpg","","Elephant","https://f1qv-main-data.s3.us-east-1.amazonaws.com/amt/main_task_F1QV/Elephant/Natural/13_Elephant.jpeg","https://f1qv-main-data.s3.us-east-1.amazonaws.com/amt/main_task_F1QV/Elephant/Tactile/13.jpg","","Camel","https://f1qv-main-data.s3.us-east-1.amazonaws.com/amt/main_task_F1QV/Camel/Natural/Camel_10.jpg","https://f1qv-main-data.s3.us-east-1.amazonaws.com/amt/main_task_F1QV/Camel/Tactile/10.jpg","","[{""question1"":{""angle_match"":true,""view_frontal"":false,""view_perspective"":false,""view_side"":true,""view_top"":false},""question10"":{""angle_match"":true,""view_frontal"":false,""view_perspective"":false,""view_side"":true,""view_top"":false},""question2"":{""angle_match"":true,""view_frontal"":false,""view_perspective"":false,""view_side"":true,""view_top"":false},""question3"":{""angle_match"":true,""view_frontal"":false,""view_perspective"":false,""view_side"":true,""view_top"":false},""question4"":{""angle_match"":true,""view_frontal"":false,""view_perspective"":false,""view_side"":false,""view_top"":true},""question5"":{""angle_match"":true,""view_frontal"":false,""view_perspective"":false,""view_side"":true,""view_top"":false},""question6"":{""angle_match"":true,""view_frontal"":false,""view_perspective"":false,""view_side"":true,""view_top"":false},""question7"":{""angle_match"":true,""view_frontal"":true,""view_perspective"":false,""view_side"":false,""view_top"":false},""question8"":{""angle_match"":true,""view_frontal"":false,""view_perspective"":false,""view_side"":true,""view_top"":false},""question9"":{""angle_match"":true,""view_frontal"":false,""view_perspective"":false,""view_side"":true,""view_top"":false}}]"
"3KA7IJSNXYJ66IIN81WMSY6QPJ6PBA","3BHRGUFAI0A6J7Y48A1RI398KZYCSF","Categorize images based on object's view.","Review 10 animal’s line-arts and judge if it has same or different views. Identify view for each tactile. (10 pairs)","tactile, image review, accessibility, animals","$0.05","Tue Mar 03 20:32:23 PST 2026","7","BatchId:5376447;OriginalHitTemplateId:928390873;","3600","2592000","Mon Mar 23 21:32:23 PDT 2026","","","308XBLVETBIT4FWVBV5CLD2YIZ4BR9","A3CWVU18V57686","Submitted","Tue Mar 03 20:42:28 PST 2026","Tue Mar 03 20:52:55 PST 2026","Thu Apr 02 21:52:55 PDT 2026","","","","627","0% (0/0)","0% (0/0)","0% (0/0)","Dinosaur","https://f1qv-main-data.s3.us-east-1.amazonaws.com/amt/main_task_F1QV/Dinosaur/Natural/11_Dinosaur.jpg","https://f1qv-main-data.s3.us-east-1.amazonaws.com/amt/main_task_F1QV/Dinosaur/Tactile/11.jpg","","Teddy Bear","https://f1qv-main-data.s3.us-east-1.amazonaws.com/amt/main_task_F1QV/Teddy Bear/Natural/4.jpg","https://f1qv-main-data.s3.us-east-1.amazonaws.com/amt/main_task_F1QV/Teddy Bear/Tactile/4.jpg","","Duck","https://f1qv-main-data.s3.us-east-1.amazonaws.com/amt/main_task_F1QV/Duck/Natural/11_Duck(3)_Edited.jpg","https://f1qv-main-data.s3.us-east-1.amazonaws.com/amt/main_task_F1QV/Duck/Tactile/11.jpg","","Bee","https://f1qv-main-data.s3.us-east-1.amazonaws.com/amt/main_task_F1QV/Bee/Natural/Bee_10.jpg","https://f1qv-main-data.s3.us-east-1.amazonaws.com/amt/main_task_F1QV/Bee/Tactile/10.jpg","","Dinosaur","https://f1qv-main-data.s3.us-east-1.amazonaws.com/amt/main_task_F1QV/Dinosaur/Natural/15_Dinosaur.jpg","https://f1qv-main-data.s3.us-east-1.amazonaws.com/amt/main_task_F1QV/Dinosaur/Tactile/15.jpg","","Bird","https://f1qv-main-data.s3.us-east-1.amazonaws.com/amt/main_task_F1QV/Bird/Natural/16_Bird_Edited.jpg","https://f1qv-main-data.s3.us-east-1.amazonaws.com/amt/main_task_F1QV/Bird/Tactile/16.jpg","","Bee","https://f1qv-main-data.s3.us-east-1.amazonaws.com/amt/main_task_F1QV/Bee/Natural/Bee_1.jpg","https://f1qv-main-data.s3.us-east-1.amazonaws.com/amt/main_task_F1QV/Bee/Tactile/1.jpg","","Fish","https://f1qv-main-data.s3.us-east-1.amazonaws.com/amt/main_task_F1QV/Fish/Natural/24_fish.png","https://f1qv-main-data.s3.us-east-1.amazonaws.com/amt/main_task_F1QV/Fish/Tactile/24.jpg","","Horse","https://f1qv-main-data.s3.us-east-1.amazonaws.com/amt/main_task_F1QV/Horse/Natural/15_Horse.jpeg","https://f1qv-main-data.s3.us-east-1.amazonaws.com/amt/main_task_F1QV/Horse/Tactile/15.jpg","","Bat","https://f1qv-main-data.s3.us-east-1.amazonaws.com/amt/main_task_F1QV/Bat/Natural/6_2.png","https://f1qv-main-data.s3.us-east-1.amazonaws.com/amt/main_task_F1QV/Bat/Tactile/6.jpeg","","[{""question1"":{""angle_match"":false,""view_frontal"":false,""view_perspective"":false,""view_side"":true,""view_top"":false},""question10"":{""angle_match"":true,""view_frontal"":true,""view_perspective"":false,""view_side"":false,""view_top"":false},""question2"":{""angle_match"":false,""view_frontal"":true,""view_perspective"":false,""view_side"":false,""view_top"":false},""question3"":{""angle_match"":true,""view_frontal"":false,""view_perspective"":false,""view_side"":false,""view_top"":false},""question4"":{""angle_match"":false,""view_frontal"":false,""view_perspective"":false,""view_side"":false,""view_top"":true},""question5"":{""angle_match"":false,""view_frontal"":true,""view_perspective"":false,""view_side"":false,""view_top"":false},""question6"":{""angle_match"":false,""view_frontal"":false,""view_perspective"":false,""view_side"":true,""view_top"":false},""question7"":{""angle_match"":false,""view_frontal"":true,""view_perspective"":false,""view_side"":false,""view_top"":false},""question8"":{""angle_match"":false,""view_frontal"":false,""view_perspective"":false,""view_side"":true,""view_top"":false},""question9"":{""angle_match"":true,""view_frontal"":false,""view_perspective"":false,""view_side"":false,""view_top"":false}}]"
"3KA7IJSNXYJ66IIN81WMSY6QPJ6PBA","3BHRGUFAI0A6J7Y48A1RI398KZYCSF","Categorize images based on object's view.","Review 10 animal’s line-arts and judge if it has same or different views. Identify view for each tactile. (10 pairs)","tactile, image review, accessibility, animals","$0.05","Tue Mar 03 20:32:23 PST 2026","7","BatchId:5376447;OriginalHitTemplateId:928390873;","3600","2592000","Mon Mar 23 21:32:23 PDT 2026","","","3ZGVPD4G7MV22SC3LYQA7AAJXMKTZ5","A3OLY20VMA8SPJ","Submitted","Tue Mar 03 20:39:32 PST 2026","Tue Mar 03 20:57:03 PST 2026","Thu Apr 02 21:57:03 PDT 2026","","","","1051","100% (15/15)","100% (15/15)","0% (0/0)","Dinosaur","https://f1qv-main-data.s3.us-east-1.amazonaws.com/amt/main_task_F1QV/Dinosaur/Natural/11_Dinosaur.jpg","https://f1qv-main-data.s3.us-east-1.amazonaws.com/amt/main_task_F1QV/Dinosaur/Tactile/11.jpg","","Teddy Bear","https://f1qv-main-data.s3.us-east-1.amazonaws.com/amt/main_task_F1QV/Teddy Bear/Natural/4.jpg","https://f1qv-main-data.s3.us-east-1.amazonaws.com/amt/main_task_F1QV/Teddy Bear/Tactile/4.jpg","","Duck","https://f1qv-main-data.s3.us-east-1.amazonaws.com/amt/main_task_F1QV/Duck/Natural/11_Duck(3)_Edited.jpg","https://f1qv-main-data.s3.us-east-1.amazonaws.com/amt/main_task_F1QV/Duck/Tactile/11.jpg","","Bee","https://f1qv-main-data.s3.us-east-1.amazonaws.com/amt/main_task_F1QV/Bee/Natural/Bee_10.jpg","https://f1qv-main-data.s3.us-east-1.amazonaws.com/amt/main_task_F1QV/Bee/Tactile/10.jpg","","Dinosaur","https://f1qv-main-data.s3.us-east-1.amazonaws.com/amt/main_task_F1QV/Dinosaur/Natural/15_Dinosaur.jpg","https://f1qv-main-data.s3.us-east-1.amazonaws.com/amt/main_task_F1QV/Dinosaur/Tactile/15.jpg","","Bird","https://f1qv-main-data.s3.us-east-1.amazonaws.com/amt/main_task_F1QV/Bird/Natural/16_Bird_Edited.jpg","https://f1qv-main-data.s3.us-east-1.amazonaws.com/amt/main_task_F1QV/Bird/Tactile/16.jpg","","Bee","https://f1qv-main-data.s3.us-east-1.amazonaws.com/amt/main_task_F1QV/Bee/Natural/Bee_1.jpg","https://f1qv-main-data.s3.us-east-1.amazonaws.com/amt/main_task_F1QV/Bee/Tactile/1.jpg","","Fish","https://f1qv-main-data.s3.us-east-1.amazonaws.com/amt/main_task_F1QV/Fish/Natural/24_fish.png","https://f1qv-main-data.s3.us-east-1.amazonaws.com/amt/main_task_F1QV/Fish/Tactile/24.jpg","","Horse","https://f1qv-main-data.s3.us-east-1.amazonaws.com/amt/main_task_F1QV/Horse/Natural/15_Horse.jpeg","https://f1qv-main-data.s3.us-east-1.amazonaws.com/amt/main_task_F1QV/Horse/Tactile/15.jpg","","Bat","https://f1qv-main-data.s3.us-east-1.amazonaws.com/amt/main_task_F1QV/Bat/Natural/6_2.png","https://f1qv-main-data.s3.us-east-1.amazonaws.com/amt/main_task_F1QV/Bat/Tactile/6.jpeg","","[{""question1"":{""angle_match"":true,""view_frontal"":false,""view_perspective"":false,""view_side"":true,""view_top"":false},""question10"":{""angle_match"":true,""view_frontal"":true,""view_perspective"":false,""view_side"":false,""view_top"":false},""question2"":{""angle_match"":true,""view_frontal"":false,""view_perspective"":false,""view_side"":false,""view_top"":true},""question3"":{""angle_match"":true,""view_frontal"":false,""view_perspective"":false,""view_side"":true,""view_top"":false},""question4"":{""angle_match"":true,""view_frontal"":true,""view_perspective"":false,""view_side"":false,""view_top"":false},""question5"":{""angle_match"":true,""view_frontal"":false,""view_perspective"":false,""view_side"":false,""view_top"":true},""question6"":{""angle_match"":true,""view_frontal"":false,""view_perspective"":false,""view_side"":false,""view_top"":true},""question7"":{""angle_match"":true,""view_frontal"":true,""view_perspective"":false,""view_side"":false,""view_top"":false},""question8"":{""angle_match"":true,""view_frontal"":false,""view_perspective"":false,""view_side"":true,""view_top"":false},""question9"":{""angle_match"":true,""view_frontal"":false,""view_perspective"":false,""view_side"":false,""view_top"":true}}]"
"3KA7IJSNXYJ66IIN81WMSY6QPJ6PBA","3BHRGUFAI0A6J7Y48A1RI398KZYCSF","Categorize images based on object's view.","Review 10 animal’s line-arts and judge if it has same or different views. Identify view for each tactile. (10 pairs)","tactile, image review, accessibility, animals","$0.05","Tue Mar 03 20:32:23 PST 2026","7","BatchId:5376447;OriginalHitTemplateId:928390873;","3600","2592000","Mon Mar 23 21:32:23 PDT 2026","","","31Q0U3WYEITI9YUO0KEHAKYPVAF71H","A1MYCZT6OX9G20","Submitted","Tue Mar 03 20:37:58 PST 2026","Tue Mar 03 21:01:22 PST 2026","Thu Apr 02 22:01:22 PDT 2026","","","","1404","100% (9/9)","0% (0/0)","0% (0/0)","Dinosaur","https://f1qv-main-data.s3.us-east-1.amazonaws.com/amt/main_task_F1QV/Dinosaur/Natural/11_Dinosaur.jpg","https://f1qv-main-data.s3.us-east-1.amazonaws.com/amt/main_task_F1QV/Dinosaur/Tactile/11.jpg","","Teddy Bear","https://f1qv-main-data.s3.us-east-1.amazonaws.com/amt/main_task_F1QV/Teddy Bear/Natural/4.jpg","https://f1qv-main-data.s3.us-east-1.amazonaws.com/amt/main_task_F1QV/Teddy Bear/Tactile/4.jpg","","Duck","https://f1qv-main-data.s3.us-east-1.amazonaws.com/amt/main_task_F1QV/Duck/Natural/11_Duck(3)_Edited.jpg","https://f1qv-main-data.s3.us-east-1.amazonaws.com/amt/main_task_F1QV/Duck/Tactile/11.jpg","","Bee","https://f1qv-main-data.s3.us-east-1.amazonaws.com/amt/main_task_F1QV/Bee/Natural/Bee_10.jpg","https://f1qv-main-data.s3.us-east-1.amazonaws.com/amt/main_task_F1QV/Bee/Tactile/10.jpg","","Dinosaur","https://f1qv-main-data.s3.us-east-1.amazonaws.com/amt/main_task_F1QV/Dinosaur/Natural/15_Dinosaur.jpg","https://f1qv-main-data.s3.us-east-1.amazonaws.com/amt/main_task_F1QV/Dinosaur/Tactile/15.jpg","","Bird","https://f1qv-main-data.s3.us-east-1.amazonaws.com/amt/main_task_F1QV/Bird/Natural/16_Bird_Edited.jpg","https://f1qv-main-data.s3.us-east-1.amazonaws.com/amt/main_task_F1QV/Bird/Tactile/16.jpg","","Bee","https://f1qv-main-data.s3.us-east-1.amazonaws.com/amt/main_task_F1QV/Bee/Natural/Bee_1.jpg","https://f1qv-main-data.s3.us-east-1.amazonaws.com/amt/main_task_F1QV/Bee/Tactile/1.jpg","","Fish","https://f1qv-main-data.s3.us-east-1.amazonaws.com/amt/main_task_F1QV/Fish/Natural/24_fish.png","https://f1qv-main-data.s3.us-east-1.amazonaws.com/amt/main_task_F1QV/Fish/Tactile/24.jpg","","Horse","https://f1qv-main-data.s3.us-east-1.amazonaws.com/amt/main_task_F1QV/Horse/Natural/15_Horse.jpeg","https://f1qv-main-data.s3.us-east-1.amazonaws.com/amt/main_task_F1QV/Horse/Tactile/15.jpg","","Bat","https://f1qv-main-data.s3.us-east-1.amazonaws.com/amt/main_task_F1QV/Bat/Natural/6_2.png","https://f1qv-main-data.s3.us-east-1.amazonaws.com/amt/main_task_F1QV/Bat/Tactile/6.jpeg","","[{""question1"":{""angle_match"":true,""view_frontal"":false,""view_perspective"":false,""view_side"":true,""view_top"":false},""question10"":{""angle_match"":true,""view_frontal"":true,""view_perspective"":false,""view_side"":false,""view_top"":false},""question2"":{""angle_match"":true,""view_frontal"":true,""view_perspective"":false,""view_side"":false,""view_top"":false},""question3"":{""angle_match"":false,""view_frontal"":false,""view_perspective"":true,""view_side"":false,""view_top"":false},""question4"":{""angle_match"":true,""view_frontal"":false,""view_perspective"":false,""view_side"":false,""view_top"":true},""question5"":{""angle_match"":true,""view_frontal"":true,""view_perspective"":false,""view_side"":false,""view_top"":false},""question6"":{""angle_match"":true,""view_frontal"":true,""view_perspective"":false,""view_side"":false,""view_top"":false},""question7"":{""angle_match"":true,""view_frontal"":false,""view_perspective"":false,""view_side"":false,""view_top"":true},""question8"":{""angle_match"":true,""view_frontal"":false,""view_perspective"":false,""view_side"":true,""view_top"":false},""question9"":{""angle_match"":true,""view_frontal"":false,""view_perspective"":true,""view_side"":false,""view_top"":false}}]"
"3KA7IJSNXYJ66IIN81WMSY6QPJ6PBA","3BHRGUFAI0A6J7Y48A1RI398KZYCSF","Categorize images based on object's view.","Review 10 animal’s line-arts and judge if it has same or different views. Identify view for each tactile. (10 pairs)","tactile, image review, accessibility, animals","$0.05","Tue Mar 03 20:32:23 PST 2026","7","BatchId:5376447;OriginalHitTemplateId:928390873;","3600","2592000","Mon Mar 23 21:32:23 PDT 2026","","","3AQF3RZ561WQVDARO9OAT82N19FF6S","ALJH5865ISWT1","Submitted","Tue Mar 03 20:38:48 PST 2026","Tue Mar 03 21:02:36 PST 2026","Thu Apr 02 22:02:36 PDT 2026","","","","1428","100% (2/2)","100% (2/2)","0% (0/0)","Dinosaur","https://f1qv-main-data.s3.us-east-1.amazonaws.com/amt/main_task_F1QV/Dinosaur/Natural/11_Dinosaur.jpg","https://f1qv-main-data.s3.us-east-1.amazonaws.com/amt/main_task_F1QV/Dinosaur/Tactile/11.jpg","","Teddy Bear","https://f1qv-main-data.s3.us-east-1.amazonaws.com/amt/main_task_F1QV/Teddy Bear/Natural/4.jpg","https://f1qv-main-data.s3.us-east-1.amazonaws.com/amt/main_task_F1QV/Teddy Bear/Tactile/4.jpg","","Duck","https://f1qv-main-data.s3.us-east-1.amazonaws.com/amt/main_task_F1QV/Duck/Natural/11_Duck(3)_Edited.jpg","https://f1qv-main-data.s3.us-east-1.amazonaws.com/amt/main_task_F1QV/Duck/Tactile/11.jpg","","Bee","https://f1qv-main-data.s3.us-east-1.amazonaws.com/amt/main_task_F1QV/Bee/Natural/Bee_10.jpg","https://f1qv-main-data.s3.us-east-1.amazonaws.com/amt/main_task_F1QV/Bee/Tactile/10.jpg","","Dinosaur","https://f1qv-main-data.s3.us-east-1.amazonaws.com/amt/main_task_F1QV/Dinosaur/Natural/15_Dinosaur.jpg","https://f1qv-main-data.s3.us-east-1.amazonaws.com/amt/main_task_F1QV/Dinosaur/Tactile/15.jpg","","Bird","https://f1qv-main-data.s3.us-east-1.amazonaws.com/amt/main_task_F1QV/Bird/Natural/16_Bird_Edited.jpg","https://f1qv-main-data.s3.us-east-1.amazonaws.com/amt/main_task_F1QV/Bird/Tactile/16.jpg","","Bee","https://f1qv-main-data.s3.us-east-1.amazonaws.com/amt/main_task_F1QV/Bee/Natural/Bee_1.jpg","https://f1qv-main-data.s3.us-east-1.amazonaws.com/amt/main_task_F1QV/Bee/Tactile/1.jpg","","Fish","https://f1qv-main-data.s3.us-east-1.amazonaws.com/amt/main_task_F1QV/Fish/Natural/24_fish.png","https://f1qv-main-data.s3.us-east-1.amazonaws.com/amt/main_task_F1QV/Fish/Tactile/24.jpg","","Horse","https://f1qv-main-data.s3.us-east-1.amazonaws.com/amt/main_task_F1QV/Horse/Natural/15_Horse.jpeg","https://f1qv-main-data.s3.us-east-1.amazonaws.com/amt/main_task_F1QV/Horse/Tactile/15.jpg","","Bat","https://f1qv-main-data.s3.us-east-1.amazonaws.com/amt/main_task_F1QV/Bat/Natural/6_2.png","https://f1qv-main-data.s3.us-east-1.amazonaws.com/amt/main_task_F1QV/Bat/Tactile/6.jpeg","","[{""question1"":{""angle_match"":true,""view_frontal"":false,""view_perspective"":false,""view_side"":true,""view_top"":false},""question10"":{""angle_match"":true,""view_frontal"":true,""view_perspective"":false,""view_side"":false,""view_top"":false},""question2"":{""angle_match"":true,""view_frontal"":true,""view_perspective"":false,""view_side"":false,""view_top"":false},""question3"":{""angle_match"":true,""view_frontal"":false,""view_perspective"":false,""view_side"":true,""view_top"":false},""question4"":{""angle_match"":true,""view_frontal"":false,""view_perspective"":false,""view_side"":false,""view_top"":true},""question5"":{""angle_match"":true,""view_frontal"":true,""view_perspective"":false,""view_side"":false,""view_top"":false},""question6"":{""angle_match"":true,""view_frontal"":false,""view_perspective"":false,""view_side"":true,""view_top"":false},""question7"":{""angle_match"":true,""view_frontal"":false,""view_perspective"":false,""view_side"":false,""view_top"":true},""question8"":{""angle_match"":true,""view_frontal"":false,""view_perspective"":false,""view_side"":true,""view_top"":false},""question9"":{""angle_match"":true,""view_frontal"":true,""view_perspective"":false,""view_side"":false,""view_top"":false}}]"
"3KA7IJSNXYJ66IIN81WMSY6QPJ6PBA","3BHRGUFAI0A6J7Y48A1RI398KZYCSF","Categorize images based on object's view.","Review 10 animal’s line-arts and judge if it has same or different views. Identify view for each tactile. (10 pairs)","tactile, image review, accessibility, animals","$0.05","Tue Mar 03 20:32:23 PST 2026","7","BatchId:5376447;OriginalHitTemplateId:928390873;","3600","2592000","Mon Mar 23 21:32:23 PDT 2026","","","338JKRMM3ZDBWBD09CTMCYGMD8MHAO","A2V3XARMPINRM8","Submitted","Tue Mar 03 20:43:39 PST 2026","Tue Mar 03 21:16:46 PST 2026","Thu Apr 02 22:16:46 PDT 2026","","","","1987","100% (1/1)","100% (1/1)","100% (1/1)","Dinosaur","https://f1qv-main-data.s3.us-east-1.amazonaws.com/amt/main_task_F1QV/Dinosaur/Natural/11_Dinosaur.jpg","https://f1qv-main-data.s3.us-east-1.amazonaws.com/amt/main_task_F1QV/Dinosaur/Tactile/11.jpg","","Teddy Bear","https://f1qv-main-data.s3.us-east-1.amazonaws.com/amt/main_task_F1QV/Teddy Bear/Natural/4.jpg","https://f1qv-main-data.s3.us-east-1.amazonaws.com/amt/main_task_F1QV/Teddy Bear/Tactile/4.jpg","","Duck","https://f1qv-main-data.s3.us-east-1.amazonaws.com/amt/main_task_F1QV/Duck/Natural/11_Duck(3)_Edited.jpg","https://f1qv-main-data.s3.us-east-1.amazonaws.com/amt/main_task_F1QV/Duck/Tactile/11.jpg","","Bee","https://f1qv-main-data.s3.us-east-1.amazonaws.com/amt/main_task_F1QV/Bee/Natural/Bee_10.jpg","https://f1qv-main-data.s3.us-east-1.amazonaws.com/amt/main_task_F1QV/Bee/Tactile/10.jpg","","Dinosaur","https://f1qv-main-data.s3.us-east-1.amazonaws.com/amt/main_task_F1QV/Dinosaur/Natural/15_Dinosaur.jpg","https://f1qv-main-data.s3.us-east-1.amazonaws.com/amt/main_task_F1QV/Dinosaur/Tactile/15.jpg","","Bird","https://f1qv-main-data.s3.us-east-1.amazonaws.com/amt/main_task_F1QV/Bird/Natural/16_Bird_Edited.jpg","https://f1qv-main-data.s3.us-east-1.amazonaws.com/amt/main_task_F1QV/Bird/Tactile/16.jpg","","Bee","https://f1qv-main-data.s3.us-east-1.amazonaws.com/amt/main_task_F1QV/Bee/Natural/Bee_1.jpg","https://f1qv-main-data.s3.us-east-1.amazonaws.com/amt/main_task_F1QV/Bee/Tactile/1.jpg","","Fish","https://f1qv-main-data.s3.us-east-1.amazonaws.com/amt/main_task_F1QV/Fish/Natural/24_fish.png","https://f1qv-main-data.s3.us-east-1.amazonaws.com/amt/main_task_F1QV/Fish/Tactile/24.jpg","","Horse","https://f1qv-main-data.s3.us-east-1.amazonaws.com/amt/main_task_F1QV/Horse/Natural/15_Horse.jpeg","https://f1qv-main-data.s3.us-east-1.amazonaws.com/amt/main_task_F1QV/Horse/Tactile/15.jpg","","Bat","https://f1qv-main-data.s3.us-east-1.amazonaws.com/amt/main_task_F1QV/Bat/Natural/6_2.png","https://f1qv-main-data.s3.us-east-1.amazonaws.com/amt/main_task_F1QV/Bat/Tactile/6.jpeg","","[{""question1"":{""angle_match"":true,""view_frontal"":false,""view_perspective"":false,""view_side"":true,""view_top"":false},""question10"":{""angle_match"":true,""view_frontal"":true,""view_perspective"":false,""view_side"":false,""view_top"":false},""question2"":{""angle_match"":true,""view_frontal"":true,""view_perspective"":false,""view_side"":false,""view_top"":false},""question3"":{""angle_match"":true,""view_frontal"":false,""view_perspective"":false,""view_side"":true,""view_top"":false},""question4"":{""angle_match"":true,""view_frontal"":false,""view_perspective"":false,""view_side"":false,""view_top"":true},""question5"":{""angle_match"":true,""view_frontal"":true,""view_perspective"":false,""view_side"":false,""view_top"":false},""question6"":{""angle_match"":true,""view_frontal"":false,""view_perspective"":false,""view_side"":true,""view_top"":false},""question7"":{""angle_match"":true,""view_frontal"":false,""view_perspective"":false,""view_side"":false,""view_top"":true},""question8"":{""angle_match"":true,""view_frontal"":false,""view_perspective"":false,""view_side"":true,""view_top"":false},""question9"":{""angle_match"":true,""view_frontal"":false,""view_perspective"":false,""view_side"":true,""view_top"":false}}]"
"3KA7IJSNXYJ66IIN81WMSY6QPJ6PBA","3BHRGUFAI0A6J7Y48A1RI398KZYCSF","Categorize images based on object's view.","Review 10 animal’s line-arts and judge if it has same or different views. Identify view for each tactile. (10 pairs)","tactile, image review, accessibility, animals","$0.05","Tue Mar 03 20:32:23 PST 2026","7","BatchId:5376447;OriginalHitTemplateId:928390873;","3600","2592000","Mon Mar 23 21:32:23 PDT 2026","","","3R6BYFZZQ0Q3ESUNPWX0TLF7YDFFXN","A22YCS3UW15WOO","Submitted","Tue Mar 03 20:39:56 PST 2026","Tue Mar 03 21:31:15 PST 2026","Thu Apr 02 22:31:15 PDT 2026","","","","3079","100% (60/60)","100% (12/12)","0% (0/0)","Dinosaur","https://f1qv-main-data.s3.us-east-1.amazonaws.com/amt/main_task_F1QV/Dinosaur/Natural/11_Dinosaur.jpg","https://f1qv-main-data.s3.us-east-1.amazonaws.com/amt/main_task_F1QV/Dinosaur/Tactile/11.jpg","","Teddy Bear","https://f1qv-main-data.s3.us-east-1.amazonaws.com/amt/main_task_F1QV/Teddy Bear/Natural/4.jpg","https://f1qv-main-data.s3.us-east-1.amazonaws.com/amt/main_task_F1QV/Teddy Bear/Tactile/4.jpg","","Duck","https://f1qv-main-data.s3.us-east-1.amazonaws.com/amt/main_task_F1QV/Duck/Natural/11_Duck(3)_Edited.jpg","https://f1qv-main-data.s3.us-east-1.amazonaws.com/amt/main_task_F1QV/Duck/Tactile/11.jpg","","Bee","https://f1qv-main-data.s3.us-east-1.amazonaws.com/amt/main_task_F1QV/Bee/Natural/Bee_10.jpg","https://f1qv-main-data.s3.us-east-1.amazonaws.com/amt/main_task_F1QV/Bee/Tactile/10.jpg","","Dinosaur","https://f1qv-main-data.s3.us-east-1.amazonaws.com/amt/main_task_F1QV/Dinosaur/Natural/15_Dinosaur.jpg","https://f1qv-main-data.s3.us-east-1.amazonaws.com/amt/main_task_F1QV/Dinosaur/Tactile/15.jpg","","Bird","https://f1qv-main-data.s3.us-east-1.amazonaws.com/amt/main_task_F1QV/Bird/Natural/16_Bird_Edited.jpg","https://f1qv-main-data.s3.us-east-1.amazonaws.com/amt/main_task_F1QV/Bird/Tactile/16.jpg","","Bee","https://f1qv-main-data.s3.us-east-1.amazonaws.com/amt/main_task_F1QV/Bee/Natural/Bee_1.jpg","https://f1qv-main-data.s3.us-east-1.amazonaws.com/amt/main_task_F1QV/Bee/Tactile/1.jpg","","Fish","https://f1qv-main-data.s3.us-east-1.amazonaws.com/amt/main_task_F1QV/Fish/Natural/24_fish.png","https://f1qv-main-data.s3.us-east-1.amazonaws.com/amt/main_task_F1QV/Fish/Tactile/24.jpg","","Horse","https://f1qv-main-data.s3.us-east-1.amazonaws.com/amt/main_task_F1QV/Horse/Natural/15_Horse.jpeg","https://f1qv-main-data.s3.us-east-1.amazonaws.com/amt/main_task_F1QV/Horse/Tactile/15.jpg","","Bat","https://f1qv-main-data.s3.us-east-1.amazonaws.com/amt/main_task_F1QV/Bat/Natural/6_2.png","https://f1qv-main-data.s3.us-east-1.amazonaws.com/amt/main_task_F1QV/Bat/Tactile/6.jpeg","","[{""question1"":{""angle_match"":true,""view_frontal"":false,""view_perspective"":true,""view_side"":false,""view_top"":false},""question10"":{""angle_match"":true,""view_frontal"":true,""view_perspective"":false,""view_side"":false,""view_top"":false},""question2"":{""angle_match"":true,""view_frontal"":true,""view_perspective"":false,""view_side"":false,""view_top"":false},""question3"":{""angle_match"":false,""view_frontal"":false,""view_perspective"":false,""view_side"":true,""view_top"":false},""question4"":{""angle_match"":true,""view_frontal"":true,""view_perspective"":false,""view_side"":false,""view_top"":false},""question5"":{""angle_match"":true,""view_frontal"":true,""view_perspective"":false,""view_side"":false,""view_top"":false},""question6"":{""angle_match"":true,""view_frontal"":true,""view_perspective"":false,""view_side"":false,""view_top"":false},""question7"":{""angle_match"":true,""view_frontal"":true,""view_perspective"":false,""view_side"":false,""view_top"":false},""question8"":{""angle_match"":true,""view_frontal"":false,""view_perspective"":false,""view_side"":true,""view_top"":false},""question9"":{""angle_match"":true,""view_frontal"":false,""view_perspective"":true,""view_side"":false,""view_top"":false}}]"
"3KA7IJSNXYJ66IIN81WMSY6QPJ6PBA","3BHRGUFAI0A6J7Y48A1RI398KZYCSF","Categorize images based on object's view.","Review 10 animal’s line-arts and judge if it has same or different views. Identify view for each tactile. (10 pairs)","tactile, image review, accessibility, animals","$0.05","Tue Mar 03 20:32:23 PST 2026","7","BatchId:5376447;OriginalHitTemplateId:928390873;","3600","2592000","Mon Mar 23 21:32:23 PDT 2026","","","36NEMU28Y8RUV2HE1E5RMSL9MDZWMY","AOX1AK6ABQMCX","Submitted","Tue Mar 03 22:01:19 PST 2026","Tue Mar 03 22:58:29 PST 2026","Thu Apr 02 23:58:29 PDT 2026","","","","3430","0% (0/0)","0% (0/0)","0% (0/0)","Dinosaur","https://f1qv-main-data.s3.us-east-1.amazonaws.com/amt/main_task_F1QV/Dinosaur/Natural/11_Dinosaur.jpg","https://f1qv-main-data.s3.us-east-1.amazonaws.com/amt/main_task_F1QV/Dinosaur/Tactile/11.jpg","","Teddy Bear","https://f1qv-main-data.s3.us-east-1.amazonaws.com/amt/main_task_F1QV/Teddy Bear/Natural/4.jpg","https://f1qv-main-data.s3.us-east-1.amazonaws.com/amt/main_task_F1QV/Teddy Bear/Tactile/4.jpg","","Duck","https://f1qv-main-data.s3.us-east-1.amazonaws.com/amt/main_task_F1QV/Duck/Natural/11_Duck(3)_Edited.jpg","https://f1qv-main-data.s3.us-east-1.amazonaws.com/amt/main_task_F1QV/Duck/Tactile/11.jpg","","Bee","https://f1qv-main-data.s3.us-east-1.amazonaws.com/amt/main_task_F1QV/Bee/Natural/Bee_10.jpg","https://f1qv-main-data.s3.us-east-1.amazonaws.com/amt/main_task_F1QV/Bee/Tactile/10.jpg","","Dinosaur","https://f1qv-main-data.s3.us-east-1.amazonaws.com/amt/main_task_F1QV/Dinosaur/Natural/15_Dinosaur.jpg","https://f1qv-main-data.s3.us-east-1.amazonaws.com/amt/main_task_F1QV/Dinosaur/Tactile/15.jpg","","Bird","https://f1qv-main-data.s3.us-east-1.amazonaws.com/amt/main_task_F1QV/Bird/Natural/16_Bird_Edited.jpg","https://f1qv-main-data.s3.us-east-1.amazonaws.com/amt/main_task_F1QV/Bird/Tactile/16.jpg","","Bee","https://f1qv-main-data.s3.us-east-1.amazonaws.com/amt/main_task_F1QV/Bee/Natural/Bee_1.jpg","https://f1qv-main-data.s3.us-east-1.amazonaws.com/amt/main_task_F1QV/Bee/Tactile/1.jpg","","Fish","https://f1qv-main-data.s3.us-east-1.amazonaws.com/amt/main_task_F1QV/Fish/Natural/24_fish.png","https://f1qv-main-data.s3.us-east-1.amazonaws.com/amt/main_task_F1QV/Fish/Tactile/24.jpg","","Horse","https://f1qv-main-data.s3.us-east-1.amazonaws.com/amt/main_task_F1QV/Horse/Natural/15_Horse.jpeg","https://f1qv-main-data.s3.us-east-1.amazonaws.com/amt/main_task_F1QV/Horse/Tactile/15.jpg","","Bat","https://f1qv-main-data.s3.us-east-1.amazonaws.com/amt/main_task_F1QV/Bat/Natural/6_2.png","https://f1qv-main-data.s3.us-east-1.amazonaws.com/amt/main_task_F1QV/Bat/Tactile/6.jpeg","","[{""question1"":{""angle_match"":true,""view_frontal"":false,""view_perspective"":false,""view_side"":true,""view_top"":false},""question10"":{""angle_match"":true,""view_frontal"":false,""view_perspective"":false,""view_side"":true,""view_top"":false},""question2"":{""angle_match"":false,""view_frontal"":true,""view_perspective"":false,""view_side"":false,""view_top"":false},""question3"":{""angle_match"":true,""view_frontal"":false,""view_perspective"":false,""view_side"":true,""view_top"":false},""question4"":{""angle_match"":true,""view_frontal"":false,""view_perspective"":false,""view_side"":true,""view_top"":false},""question5"":{""angle_match"":true,""view_frontal"":false,""view_perspective"":false,""view_side"":true,""view_top"":false},""question6"":{""angle_match"":true,""view_frontal"":false,""view_perspective"":false,""view_side"":true,""view_top"":false},""question7"":{""angle_match"":true,""view_frontal"":false,""view_perspective"":false,""view_side"":true,""view_top"":false},""question8"":{""angle_match"":true,""view_frontal"":false,""view_perspective"":false,""view_side"":true,""view_top"":false},""question9"":{""angle_match"":false,""view_frontal"":true,""view_perspective"":false,""view_side"":false,""view_top"":false}}]"
"3RZS0FBRXCOPGNATM1SH3IC8746PCH","3BHRGUFAI0A6J7Y48A1RI398KZYCSF","Categorize images based on object's view.","Review 10 animal’s line-arts and judge if it has same or different views. Identify view for each tactile. (10 pairs)","tactile, image review, accessibility, animals","$0.05","Tue Mar 03 20:32:23 PST 2026","7","BatchId:5376447;OriginalHitTemplateId:928390873;","3600","2592000","Mon Mar 23 21:32:23 PDT 2026","","","3I7DHKZYHGEUC9ADJQE512ON5F8F5I","AB91OPDEOAWGJ","Submitted","Tue Mar 03 20:44:12 PST 2026","Tue Mar 03 20:50:22 PST 2026","Thu Apr 02 21:50:22 PDT 2026","","","","370","100% (17/17)","100% (4/4)","0% (0/0)","Jellyfish","https://f1qv-main-data.s3.us-east-1.amazonaws.com/amt/main_task_F1QV/Jellyfish/Natural/8_2.jpg","https://f1qv-main-data.s3.us-east-1.amazonaws.com/amt/main_task_F1QV/Jellyfish/Tactile/8.jpg","","Cat","https://f1qv-main-data.s3.us-east-1.amazonaws.com/amt/main_task_F1QV/Cat/Natural/cat_8.jpeg","https://f1qv-main-data.s3.us-east-1.amazonaws.com/amt/main_task_F1QV/Cat/Tactile/8.jpg","","Beluga Whale","https://f1qv-main-data.s3.us-east-1.amazonaws.com/amt/main_task_F1QV/Beluga Whale/Natural/Beluga_7.jpg","https://f1qv-main-data.s3.us-east-1.amazonaws.com/amt/main_task_F1QV/Beluga Whale/Tactile/7.jpg","","Bat","https://f1qv-main-data.s3.us-east-1.amazonaws.com/amt/main_task_F1QV/Bat/Natural/13_2.jpg","https://f1qv-main-data.s3.us-east-1.amazonaws.com/amt/main_task_F1QV/Bat/Tactile/13.jpeg","","Dog","https://f1qv-main-data.s3.us-east-1.amazonaws.com/amt/main_task_F1QV/Dog/Natural/12_Dog_Edited.jpg","https://f1qv-main-data.s3.us-east-1.amazonaws.com/amt/main_task_F1QV/Dog/Tactile/12.jpg","","Horse","https://f1qv-main-data.s3.us-east-1.amazonaws.com/amt/main_task_F1QV/Horse/Natural/3_Horse.jpeg","https://f1qv-main-data.s3.us-east-1.amazonaws.com/amt/main_task_F1QV/Horse/Tactile/3.png","","Fish","https://f1qv-main-data.s3.us-east-1.amazonaws.com/amt/main_task_F1QV/Fish/Natural/29_fish.png","https://f1qv-main-data.s3.us-east-1.amazonaws.com/amt/main_task_F1QV/Fish/Tactile/29.jpg","","Cat","https://f1qv-main-data.s3.us-east-1.amazonaws.com/amt/main_task_F1QV/Cat/Natural/cat_10.jpg","https://f1qv-main-data.s3.us-east-1.amazonaws.com/amt/main_task_F1QV/Cat/Tactile/10.jpg","","Teddy Bear","https://f1qv-main-data.s3.us-east-1.amazonaws.com/amt/main_task_F1QV/Teddy Bear/Natural/5.jpg","https://f1qv-main-data.s3.us-east-1.amazonaws.com/amt/main_task_F1QV/Teddy Bear/Tactile/5.jpg","","Bat","https://f1qv-main-data.s3.us-east-1.amazonaws.com/amt/main_task_F1QV/Bat/Natural/12.png","https://f1qv-main-data.s3.us-east-1.amazonaws.com/amt/main_task_F1QV/Bat/Tactile/12.jpeg","","[{""question1"":{""angle_match"":true,""view_frontal"":false,""view_perspective"":false,""view_side"":true,""view_top"":false},""question10"":{""angle_match"":true,""view_frontal"":true,""view_perspective"":false,""view_side"":false,""view_top"":false},""question2"":{""angle_match"":true,""view_frontal"":true,""view_perspective"":false,""view_side"":false,""view_top"":false},""question3"":{""angle_match"":true,""view_frontal"":true,""view_perspective"":false,""view_side"":false,""view_top"":false},""question4"":{""angle_match"":true,""view_frontal"":true,""view_perspective"":false,""view_side"":false,""view_top"":false},""question5"":{""angle_match"":true,""view_frontal"":false,""view_perspective"":false,""view_side"":true,""view_top"":false},""question6"":{""angle_match"":true,""view_frontal"":false,""view_perspective"":false,""view_side"":true,""view_top"":false},""question7"":{""angle_match"":true,""view_frontal"":false,""view_perspective"":false,""view_side"":true,""view_top"":false},""question8"":{""angle_match"":true,""view_frontal"":false,""view_perspective"":false,""view_side"":true,""view_top"":false},""question9"":{""angle_match"":true,""view_frontal"":false,""view_perspective"":false,""view_side"":true,""view_top"":false}}]"
"3RZS0FBRXCOPGNATM1SH3IC8746PCH","3BHRGUFAI0A6J7Y48A1RI398KZYCSF","Categorize images based on object's view.","Review 10 animal’s line-arts and judge if it has same or different views. Identify view for each tactile. (10 pairs)","tactile, image review, accessibility, animals","$0.05","Tue Mar 03 20:32:23 PST 2026","7","BatchId:5376447;OriginalHitTemplateId:928390873;","3600","2592000","Mon Mar 23 21:32:23 PDT 2026","","","32M8BPYGBM0C2X1N1U3H8WS4BGCIGS","A33I0A28TLIR6J","Submitted","Tue Mar 03 20:40:58 PST 2026","Tue Mar 03 20:59:30 PST 2026","Thu Apr 02 21:59:30 PDT 2026","","","","1112","100% (1/1)","0% (0/0)","0% (0/0)","Jellyfish","https://f1qv-main-data.s3.us-east-1.amazonaws.com/amt/main_task_F1QV/Jellyfish/Natural/8_2.jpg","https://f1qv-main-data.s3.us-east-1.amazonaws.com/amt/main_task_F1QV/Jellyfish/Tactile/8.jpg","","Cat","https://f1qv-main-data.s3.us-east-1.amazonaws.com/amt/main_task_F1QV/Cat/Natural/cat_8.jpeg","https://f1qv-main-data.s3.us-east-1.amazonaws.com/amt/main_task_F1QV/Cat/Tactile/8.jpg","","Beluga Whale","https://f1qv-main-data.s3.us-east-1.amazonaws.com/amt/main_task_F1QV/Beluga Whale/Natural/Beluga_7.jpg","https://f1qv-main-data.s3.us-east-1.amazonaws.com/amt/main_task_F1QV/Beluga Whale/Tactile/7.jpg","","Bat","https://f1qv-main-data.s3.us-east-1.amazonaws.com/amt/main_task_F1QV/Bat/Natural/13_2.jpg","https://f1qv-main-data.s3.us-east-1.amazonaws.com/amt/main_task_F1QV/Bat/Tactile/13.jpeg","","Dog","https://f1qv-main-data.s3.us-east-1.amazonaws.com/amt/main_task_F1QV/Dog/Natural/12_Dog_Edited.jpg","https://f1qv-main-data.s3.us-east-1.amazonaws.com/amt/main_task_F1QV/Dog/Tactile/12.jpg","","Horse","https://f1qv-main-data.s3.us-east-1.amazonaws.com/amt/main_task_F1QV/Horse/Natural/3_Horse.jpeg","https://f1qv-main-data.s3.us-east-1.amazonaws.com/amt/main_task_F1QV/Horse/Tactile/3.png","","Fish","https://f1qv-main-data.s3.us-east-1.amazonaws.com/amt/main_task_F1QV/Fish/Natural/29_fish.png","https://f1qv-main-data.s3.us-east-1.amazonaws.com/amt/main_task_F1QV/Fish/Tactile/29.jpg","","Cat","https://f1qv-main-data.s3.us-east-1.amazonaws.com/amt/main_task_F1QV/Cat/Natural/cat_10.jpg","https://f1qv-main-data.s3.us-east-1.amazonaws.com/amt/main_task_F1QV/Cat/Tactile/10.jpg","","Teddy Bear","https://f1qv-main-data.s3.us-east-1.amazonaws.com/amt/main_task_F1QV/Teddy Bear/Natural/5.jpg","https://f1qv-main-data.s3.us-east-1.amazonaws.com/amt/main_task_F1QV/Teddy Bear/Tactile/5.jpg","","Bat","https://f1qv-main-data.s3.us-east-1.amazonaws.com/amt/main_task_F1QV/Bat/Natural/12.png","https://f1qv-main-data.s3.us-east-1.amazonaws.com/amt/main_task_F1QV/Bat/Tactile/12.jpeg","","[{""question1"":{""angle_match"":true,""view_frontal"":false,""view_perspective"":false,""view_side"":true,""view_top"":false},""question10"":{""angle_match"":true,""view_frontal"":true,""view_perspective"":false,""view_side"":false,""view_top"":false},""question2"":{""angle_match"":true,""view_frontal"":true,""view_perspective"":false,""view_side"":false,""view_top"":false},""question3"":{""angle_match"":true,""view_frontal"":false,""view_perspective"":false,""view_side"":true,""view_top"":false},""question4"":{""angle_match"":true,""view_frontal"":true,""view_perspective"":false,""view_side"":false,""view_top"":false},""question5"":{""angle_match"":true,""view_frontal"":false,""view_perspective"":false,""view_side"":true,""view_top"":false},""question6"":{""angle_match"":true,""view_frontal"":false,""view_perspective"":false,""view_side"":true,""view_top"":false},""question7"":{""angle_match"":true,""view_frontal"":false,""view_perspective"":false,""view_side"":true,""view_top"":false},""question8"":{""angle_match"":true,""view_frontal"":false,""view_perspective"":false,""view_side"":true,""view_top"":false},""question9"":{""angle_match"":true,""view_frontal"":true,""view_perspective"":false,""view_side"":false,""view_top"":false}}]"
"3RZS0FBRXCOPGNATM1SH3IC8746PCH","3BHRGUFAI0A6J7Y48A1RI398KZYCSF","Categorize images based on object's view.","Review 10 animal’s line-arts and judge if it has same or different views. Identify view for each tactile. (10 pairs)","tactile, image review, accessibility, animals","$0.05","Tue Mar 03 20:32:23 PST 2026","7","BatchId:5376447;OriginalHitTemplateId:928390873;","3600","2592000","Mon Mar 23 21:32:23 PDT 2026","","","3IGI0VL650YS8BTCMTTHIDXNO0UONW","A1MYCZT6OX9G20","Submitted","Tue Mar 03 20:37:59 PST 2026","Tue Mar 03 21:02:59 PST 2026","Thu Apr 02 22:02:59 PDT 2026","","","","1500","100% (9/9)","0% (0/0)","0% (0/0)","Jellyfish","https://f1qv-main-data.s3.us-east-1.amazonaws.com/amt/main_task_F1QV/Jellyfish/Natural/8_2.jpg","https://f1qv-main-data.s3.us-east-1.amazonaws.com/amt/main_task_F1QV/Jellyfish/Tactile/8.jpg","","Cat","https://f1qv-main-data.s3.us-east-1.amazonaws.com/amt/main_task_F1QV/Cat/Natural/cat_8.jpeg","https://f1qv-main-data.s3.us-east-1.amazonaws.com/amt/main_task_F1QV/Cat/Tactile/8.jpg","","Beluga Whale","https://f1qv-main-data.s3.us-east-1.amazonaws.com/amt/main_task_F1QV/Beluga Whale/Natural/Beluga_7.jpg","https://f1qv-main-data.s3.us-east-1.amazonaws.com/amt/main_task_F1QV/Beluga Whale/Tactile/7.jpg","","Bat","https://f1qv-main-data.s3.us-east-1.amazonaws.com/amt/main_task_F1QV/Bat/Natural/13_2.jpg","https://f1qv-main-data.s3.us-east-1.amazonaws.com/amt/main_task_F1QV/Bat/Tactile/13.jpeg","","Dog","https://f1qv-main-data.s3.us-east-1.amazonaws.com/amt/main_task_F1QV/Dog/Natural/12_Dog_Edited.jpg","https://f1qv-main-data.s3.us-east-1.amazonaws.com/amt/main_task_F1QV/Dog/Tactile/12.jpg","","Horse","https://f1qv-main-data.s3.us-east-1.amazonaws.com/amt/main_task_F1QV/Horse/Natural/3_Horse.jpeg","https://f1qv-main-data.s3.us-east-1.amazonaws.com/amt/main_task_F1QV/Horse/Tactile/3.png","","Fish","https://f1qv-main-data.s3.us-east-1.amazonaws.com/amt/main_task_F1QV/Fish/Natural/29_fish.png","https://f1qv-main-data.s3.us-east-1.amazonaws.com/amt/main_task_F1QV/Fish/Tactile/29.jpg","","Cat","https://f1qv-main-data.s3.us-east-1.amazonaws.com/amt/main_task_F1QV/Cat/Natural/cat_10.jpg","https://f1qv-main-data.s3.us-east-1.amazonaws.com/amt/main_task_F1QV/Cat/Tactile/10.jpg","","Teddy Bear","https://f1qv-main-data.s3.us-east-1.amazonaws.com/amt/main_task_F1QV/Teddy Bear/Natural/5.jpg","https://f1qv-main-data.s3.us-east-1.amazonaws.com/amt/main_task_F1QV/Teddy Bear/Tactile/5.jpg","","Bat","https://f1qv-main-data.s3.us-east-1.amazonaws.com/amt/main_task_F1QV/Bat/Natural/12.png","https://f1qv-main-data.s3.us-east-1.amazonaws.com/amt/main_task_F1QV/Bat/Tactile/12.jpeg","","[{""question1"":{""angle_match"":true,""view_frontal"":false,""view_perspective"":false,""view_side"":true,""view_top"":false},""question10"":{""angle_match"":true,""view_frontal"":true,""view_perspective"":false,""view_side"":false,""view_top"":false},""question2"":{""angle_match"":true,""view_frontal"":true,""view_perspective"":false,""view_side"":false,""view_top"":false},""question3"":{""angle_match"":true,""view_frontal"":false,""view_perspective"":false,""view_side"":true,""view_top"":false},""question4"":{""angle_match"":true,""view_frontal"":false,""view_perspective"":true,""view_side"":false,""view_top"":false},""question5"":{""angle_match"":true,""view_frontal"":false,""view_perspective"":false,""view_side"":true,""view_top"":false},""question6"":{""angle_match"":false,""view_frontal"":false,""view_perspective"":false,""view_side"":true,""view_top"":false},""question7"":{""angle_match"":true,""view_frontal"":false,""view_perspective"":true,""view_side"":false,""view_top"":false},""question8"":{""angle_match"":true,""view_frontal"":false,""view_perspective"":false,""view_side"":true,""view_top"":false},""question9"":{""angle_match"":true,""view_frontal"":true,""view_perspective"":false,""view_side"":false,""view_top"":false}}]"
"3RZS0FBRXCOPGNATM1SH3IC8746PCH","3BHRGUFAI0A6J7Y48A1RI398KZYCSF","Categorize images based on object's view.","Review 10 animal’s line-arts and judge if it has same or different views. Identify view for each tactile. (10 pairs)","tactile, image review, accessibility, animals","$0.05","Tue Mar 03 20:32:23 PST 2026","7","BatchId:5376447;OriginalHitTemplateId:928390873;","3600","2592000","Mon Mar 23 21:32:23 PDT 2026","","","37XITHEITPNCEKO1PV17WX8G0K4RCW","A3CWVU18V57686","Submitted","Tue Mar 03 20:42:40 PST 2026","Tue Mar 03 21:06:43 PST 2026","Thu Apr 02 22:06:43 PDT 2026","","","","1443","0% (0/0)","0% (0/0)","0% (0/0)","Jellyfish","https://f1qv-main-data.s3.us-east-1.amazonaws.com/amt/main_task_F1QV/Jellyfish/Natural/8_2.jpg","https://f1qv-main-data.s3.us-east-1.amazonaws.com/amt/main_task_F1QV/Jellyfish/Tactile/8.jpg","","Cat","https://f1qv-main-data.s3.us-east-1.amazonaws.com/amt/main_task_F1QV/Cat/Natural/cat_8.jpeg","https://f1qv-main-data.s3.us-east-1.amazonaws.com/amt/main_task_F1QV/Cat/Tactile/8.jpg","","Beluga Whale","https://f1qv-main-data.s3.us-east-1.amazonaws.com/amt/main_task_F1QV/Beluga Whale/Natural/Beluga_7.jpg","https://f1qv-main-data.s3.us-east-1.amazonaws.com/amt/main_task_F1QV/Beluga Whale/Tactile/7.jpg","","Bat","https://f1qv-main-data.s3.us-east-1.amazonaws.com/amt/main_task_F1QV/Bat/Natural/13_2.jpg","https://f1qv-main-data.s3.us-east-1.amazonaws.com/amt/main_task_F1QV/Bat/Tactile/13.jpeg","","Dog","https://f1qv-main-data.s3.us-east-1.amazonaws.com/amt/main_task_F1QV/Dog/Natural/12_Dog_Edited.jpg","https://f1qv-main-data.s3.us-east-1.amazonaws.com/amt/main_task_F1QV/Dog/Tactile/12.jpg","","Horse","https://f1qv-main-data.s3.us-east-1.amazonaws.com/amt/main_task_F1QV/Horse/Natural/3_Horse.jpeg","https://f1qv-main-data.s3.us-east-1.amazonaws.com/amt/main_task_F1QV/Horse/Tactile/3.png","","Fish","https://f1qv-main-data.s3.us-east-1.amazonaws.com/amt/main_task_F1QV/Fish/Natural/29_fish.png","https://f1qv-main-data.s3.us-east-1.amazonaws.com/amt/main_task_F1QV/Fish/Tactile/29.jpg","","Cat","https://f1qv-main-data.s3.us-east-1.amazonaws.com/amt/main_task_F1QV/Cat/Natural/cat_10.jpg","https://f1qv-main-data.s3.us-east-1.amazonaws.com/amt/main_task_F1QV/Cat/Tactile/10.jpg","","Teddy Bear","https://f1qv-main-data.s3.us-east-1.amazonaws.com/amt/main_task_F1QV/Teddy Bear/Natural/5.jpg","https://f1qv-main-data.s3.us-east-1.amazonaws.com/amt/main_task_F1QV/Teddy Bear/Tactile/5.jpg","","Bat","https://f1qv-main-data.s3.us-east-1.amazonaws.com/amt/main_task_F1QV/Bat/Natural/12.png","https://f1qv-main-data.s3.us-east-1.amazonaws.com/amt/main_task_F1QV/Bat/Tactile/12.jpeg","","[{""question1"":{""angle_match"":true,""view_frontal"":false,""view_perspective"":false,""view_side"":true,""view_top"":false},""question10"":{""angle_match"":true,""view_frontal"":false,""view_perspective"":false,""view_side"":true,""view_top"":false},""question2"":{""angle_match"":false,""view_frontal"":true,""view_perspective"":false,""view_side"":false,""view_top"":false},""question3"":{""angle_match"":true,""view_frontal"":false,""view_perspective"":false,""view_side"":true,""view_top"":false},""question4"":{""angle_match"":true,""view_frontal"":false,""view_perspective"":false,""view_side"":true,""view_top"":false},""question5"":{""angle_match"":false,""view_frontal"":false,""view_perspective"":false,""view_side"":false,""view_top"":true},""question6"":{""angle_match"":true,""view_frontal"":false,""view_perspective"":false,""view_side"":true,""view_top"":false},""question7"":{""angle_match"":true,""view_frontal"":false,""view_perspective"":false,""view_side"":true,""view_top"":false},""question8"":{""angle_match"":true,""view_frontal"":false,""view_perspective"":false,""view_side"":true,""view_top"":false},""question9"":{""angle_match"":false,""view_frontal"":true,""view_perspective"":false,""view_side"":false,""view_top"":false}}]"
"3RZS0FBRXCOPGNATM1SH3IC8746PCH","3BHRGUFAI0A6J7Y48A1RI398KZYCSF","Categorize images based on object's view.","Review 10 animal’s line-arts and judge if it has same or different views. Identify view for each tactile. (10 pairs)","tactile, image review, accessibility, animals","$0.05","Tue Mar 03 20:32:23 PST 2026","7","BatchId:5376447;OriginalHitTemplateId:928390873;","3600","2592000","Mon Mar 23 21:32:23 PDT 2026","","","3VE8AYVF9FBDZRTFHOL8DMYE759F8K","A2V3XARMPINRM8","Submitted","Tue Mar 03 20:43:55 PST 2026","Tue Mar 03 21:17:58 PST 2026","Thu Apr 02 22:17:58 PDT 2026","","","","2043","100% (1/1)","100% (1/1)","100% (1/1)","Jellyfish","https://f1qv-main-data.s3.us-east-1.amazonaws.com/amt/main_task_F1QV/Jellyfish/Natural/8_2.jpg","https://f1qv-main-data.s3.us-east-1.amazonaws.com/amt/main_task_F1QV/Jellyfish/Tactile/8.jpg","","Cat","https://f1qv-main-data.s3.us-east-1.amazonaws.com/amt/main_task_F1QV/Cat/Natural/cat_8.jpeg","https://f1qv-main-data.s3.us-east-1.amazonaws.com/amt/main_task_F1QV/Cat/Tactile/8.jpg","","Beluga Whale","https://f1qv-main-data.s3.us-east-1.amazonaws.com/amt/main_task_F1QV/Beluga Whale/Natural/Beluga_7.jpg","https://f1qv-main-data.s3.us-east-1.amazonaws.com/amt/main_task_F1QV/Beluga Whale/Tactile/7.jpg","","Bat","https://f1qv-main-data.s3.us-east-1.amazonaws.com/amt/main_task_F1QV/Bat/Natural/13_2.jpg","https://f1qv-main-data.s3.us-east-1.amazonaws.com/amt/main_task_F1QV/Bat/Tactile/13.jpeg","","Dog","https://f1qv-main-data.s3.us-east-1.amazonaws.com/amt/main_task_F1QV/Dog/Natural/12_Dog_Edited.jpg","https://f1qv-main-data.s3.us-east-1.amazonaws.com/amt/main_task_F1QV/Dog/Tactile/12.jpg","","Horse","https://f1qv-main-data.s3.us-east-1.amazonaws.com/amt/main_task_F1QV/Horse/Natural/3_Horse.jpeg","https://f1qv-main-data.s3.us-east-1.amazonaws.com/amt/main_task_F1QV/Horse/Tactile/3.png","","Fish","https://f1qv-main-data.s3.us-east-1.amazonaws.com/amt/main_task_F1QV/Fish/Natural/29_fish.png","https://f1qv-main-data.s3.us-east-1.amazonaws.com/amt/main_task_F1QV/Fish/Tactile/29.jpg","","Cat","https://f1qv-main-data.s3.us-east-1.amazonaws.com/amt/main_task_F1QV/Cat/Natural/cat_10.jpg","https://f1qv-main-data.s3.us-east-1.amazonaws.com/amt/main_task_F1QV/Cat/Tactile/10.jpg","","Teddy Bear","https://f1qv-main-data.s3.us-east-1.amazonaws.com/amt/main_task_F1QV/Teddy Bear/Natural/5.jpg","https://f1qv-main-data.s3.us-east-1.amazonaws.com/amt/main_task_F1QV/Teddy Bear/Tactile/5.jpg","","Bat","https://f1qv-main-data.s3.us-east-1.amazonaws.com/amt/main_task_F1QV/Bat/Natural/12.png","https://f1qv-main-data.s3.us-east-1.amazonaws.com/amt/main_task_F1QV/Bat/Tactile/12.jpeg","","[{""question1"":{""angle_match"":true,""view_frontal"":false,""view_perspective"":false,""view_side"":false,""view_top"":false},""question10"":{""angle_match"":true,""view_frontal"":true,""view_perspective"":false,""view_side"":false,""view_top"":false},""question2"":{""angle_match"":true,""view_frontal"":true,""view_perspective"":false,""view_side"":false,""view_top"":false},""question3"":{""angle_match"":true,""view_frontal"":false,""view_perspective"":false,""view_side"":true,""view_top"":false},""question4"":{""angle_match"":true,""view_frontal"":false,""view_perspective"":false,""view_side"":false,""view_top"":true},""question5"":{""angle_match"":true,""view_frontal"":false,""view_perspective"":false,""view_side"":false,""view_top"":true},""question6"":{""angle_match"":true,""view_frontal"":false,""view_perspective"":false,""view_side"":true,""view_top"":false},""question7"":{""angle_match"":true,""view_frontal"":false,""view_perspective"":false,""view_side"":true,""view_top"":false},""question8"":{""angle_match"":true,""view_frontal"":false,""view_perspective"":false,""view_side"":true,""view_top"":false},""question9"":{""angle_match"":true,""view_frontal"":true,""view_perspective"":false,""view_side"":false,""view_top"":false}}]"
"3RZS0FBRXCOPGNATM1SH3IC8746PCH","3BHRGUFAI0A6J7Y48A1RI398KZYCSF","Categorize images based on object's view.","Review 10 animal’s line-arts and judge if it has same or different views. Identify view for each tactile. (10 pairs)","tactile, image review, accessibility, animals","$0.05","Tue Mar 03 20:32:23 PST 2026","7","BatchId:5376447;OriginalHitTemplateId:928390873;","3600","2592000","Mon Mar 23 21:32:23 PDT 2026","","","34HJIJKLQYA1CNS3500ZEWLVTDD4V2","AQ310YX22A2T2","Submitted","Tue Mar 03 21:00:52 PST 2026","Tue Mar 03 21:27:42 PST 2026","Thu Apr 02 22:27:42 PDT 2026","","","","1610","100% (65/65)","100% (8/8)","0% (0/0)","Jellyfish","https://f1qv-main-data.s3.us-east-1.amazonaws.com/amt/main_task_F1QV/Jellyfish/Natural/8_2.jpg","https://f1qv-main-data.s3.us-east-1.amazonaws.com/amt/main_task_F1QV/Jellyfish/Tactile/8.jpg","","Cat","https://f1qv-main-data.s3.us-east-1.amazonaws.com/amt/main_task_F1QV/Cat/Natural/cat_8.jpeg","https://f1qv-main-data.s3.us-east-1.amazonaws.com/amt/main_task_F1QV/Cat/Tactile/8.jpg","","Beluga Whale","https://f1qv-main-data.s3.us-east-1.amazonaws.com/amt/main_task_F1QV/Beluga Whale/Natural/Beluga_7.jpg","https://f1qv-main-data.s3.us-east-1.amazonaws.com/amt/main_task_F1QV/Beluga Whale/Tactile/7.jpg","","Bat","https://f1qv-main-data.s3.us-east-1.amazonaws.com/amt/main_task_F1QV/Bat/Natural/13_2.jpg","https://f1qv-main-data.s3.us-east-1.amazonaws.com/amt/main_task_F1QV/Bat/Tactile/13.jpeg","","Dog","https://f1qv-main-data.s3.us-east-1.amazonaws.com/amt/main_task_F1QV/Dog/Natural/12_Dog_Edited.jpg","https://f1qv-main-data.s3.us-east-1.amazonaws.com/amt/main_task_F1QV/Dog/Tactile/12.jpg","","Horse","https://f1qv-main-data.s3.us-east-1.amazonaws.com/amt/main_task_F1QV/Horse/Natural/3_Horse.jpeg","https://f1qv-main-data.s3.us-east-1.amazonaws.com/amt/main_task_F1QV/Horse/Tactile/3.png","","Fish","https://f1qv-main-data.s3.us-east-1.amazonaws.com/amt/main_task_F1QV/Fish/Natural/29_fish.png","https://f1qv-main-data.s3.us-east-1.amazonaws.com/amt/main_task_F1QV/Fish/Tactile/29.jpg","","Cat","https://f1qv-main-data.s3.us-east-1.amazonaws.com/amt/main_task_F1QV/Cat/Natural/cat_10.jpg","https://f1qv-main-data.s3.us-east-1.amazonaws.com/amt/main_task_F1QV/Cat/Tactile/10.jpg","","Teddy Bear","https://f1qv-main-data.s3.us-east-1.amazonaws.com/amt/main_task_F1QV/Teddy Bear/Natural/5.jpg","https://f1qv-main-data.s3.us-east-1.amazonaws.com/amt/main_task_F1QV/Teddy Bear/Tactile/5.jpg","","Bat","https://f1qv-main-data.s3.us-east-1.amazonaws.com/amt/main_task_F1QV/Bat/Natural/12.png","https://f1qv-main-data.s3.us-east-1.amazonaws.com/amt/main_task_F1QV/Bat/Tactile/12.jpeg","","[{""question1"":{""angle_match"":true,""view_frontal"":false,""view_perspective"":false,""view_side"":false,""view_top"":true},""question10"":{""angle_match"":true,""view_frontal"":true,""view_perspective"":false,""view_side"":false,""view_top"":false},""question2"":{""angle_match"":false,""view_frontal"":false,""view_perspective"":true,""view_side"":false,""view_top"":false},""question3"":{""angle_match"":true,""view_frontal"":false,""view_perspective"":false,""view_side"":false,""view_top"":true},""question4"":{""angle_match"":true,""view_frontal"":false,""view_perspective"":false,""view_side"":false,""view_top"":true},""question5"":{""angle_match"":false,""view_frontal"":false,""view_perspective"":true,""view_side"":false,""view_top"":false},""question6"":{""angle_match"":false,""view_frontal"":false,""view_perspective"":true,""view_side"":false,""view_top"":false},""question7"":{""angle_match"":true,""view_frontal"":false,""view_perspective"":false,""view_side"":true,""view_top"":false},""question8"":{""angle_match"":true,""view_frontal"":false,""view_perspective"":false,""view_side"":true,""view_top"":false},""question9"":{""angle_match"":true,""view_frontal"":true,""view_perspective"":false,""view_side"":false,""view_top"":false}}]"
"3RZS0FBRXCOPGNATM1SH3IC8746PCH","3BHRGUFAI0A6J7Y48A1RI398KZYCSF","Categorize images based on object's view.","Review 10 animal’s line-arts and judge if it has same or different views. Identify view for each tactile. (10 pairs)","tactile, image review, accessibility, animals","$0.05","Tue Mar 03 20:32:23 PST 2026","7","BatchId:5376447;OriginalHitTemplateId:928390873;","3600","2592000","Mon Mar 23 21:32:23 PDT 2026","","","3IRIK4HM43YJS1QHX7Y9L2HK4WO6C9","A22YCS3UW15WOO","Submitted","Tue Mar 03 20:39:57 PST 2026","Tue Mar 03 21:32:22 PST 2026","Thu Apr 02 22:32:22 PDT 2026","","","","3145","100% (60/60)","100% (12/12)","0% (0/0)","Jellyfish","https://f1qv-main-data.s3.us-east-1.amazonaws.com/amt/main_task_F1QV/Jellyfish/Natural/8_2.jpg","https://f1qv-main-data.s3.us-east-1.amazonaws.com/amt/main_task_F1QV/Jellyfish/Tactile/8.jpg","","Cat","https://f1qv-main-data.s3.us-east-1.amazonaws.com/amt/main_task_F1QV/Cat/Natural/cat_8.jpeg","https://f1qv-main-data.s3.us-east-1.amazonaws.com/amt/main_task_F1QV/Cat/Tactile/8.jpg","","Beluga Whale","https://f1qv-main-data.s3.us-east-1.amazonaws.com/amt/main_task_F1QV/Beluga Whale/Natural/Beluga_7.jpg","https://f1qv-main-data.s3.us-east-1.amazonaws.com/amt/main_task_F1QV/Beluga Whale/Tactile/7.jpg","","Bat","https://f1qv-main-data.s3.us-east-1.amazonaws.com/amt/main_task_F1QV/Bat/Natural/13_2.jpg","https://f1qv-main-data.s3.us-east-1.amazonaws.com/amt/main_task_F1QV/Bat/Tactile/13.jpeg","","Dog","https://f1qv-main-data.s3.us-east-1.amazonaws.com/amt/main_task_F1QV/Dog/Natural/12_Dog_Edited.jpg","https://f1qv-main-data.s3.us-east-1.amazonaws.com/amt/main_task_F1QV/Dog/Tactile/12.jpg","","Horse","https://f1qv-main-data.s3.us-east-1.amazonaws.com/amt/main_task_F1QV/Horse/Natural/3_Horse.jpeg","https://f1qv-main-data.s3.us-east-1.amazonaws.com/amt/main_task_F1QV/Horse/Tactile/3.png","","Fish","https://f1qv-main-data.s3.us-east-1.amazonaws.com/amt/main_task_F1QV/Fish/Natural/29_fish.png","https://f1qv-main-data.s3.us-east-1.amazonaws.com/amt/main_task_F1QV/Fish/Tactile/29.jpg","","Cat","https://f1qv-main-data.s3.us-east-1.amazonaws.com/amt/main_task_F1QV/Cat/Natural/cat_10.jpg","https://f1qv-main-data.s3.us-east-1.amazonaws.com/amt/main_task_F1QV/Cat/Tactile/10.jpg","","Teddy Bear","https://f1qv-main-data.s3.us-east-1.amazonaws.com/amt/main_task_F1QV/Teddy Bear/Natural/5.jpg","https://f1qv-main-data.s3.us-east-1.amazonaws.com/amt/main_task_F1QV/Teddy Bear/Tactile/5.jpg","","Bat","https://f1qv-main-data.s3.us-east-1.amazonaws.com/amt/main_task_F1QV/Bat/Natural/12.png","https://f1qv-main-data.s3.us-east-1.amazonaws.com/amt/main_task_F1QV/Bat/Tactile/12.jpeg","","[{""question1"":{""angle_match"":true,""view_frontal"":false,""view_perspective"":false,""view_side"":true,""view_top"":false},""question10"":{""angle_match"":true,""view_frontal"":true,""view_perspective"":false,""view_side"":false,""view_top"":false},""question2"":{""angle_match"":true,""view_frontal"":true,""view_perspective"":false,""view_side"":false,""view_top"":false},""question3"":{""angle_match"":true,""view_frontal"":false,""view_perspective"":false,""view_side"":true,""view_top"":false},""question4"":{""angle_match"":true,""view_frontal"":false,""view_perspective"":true,""view_side"":false,""view_top"":false},""question5"":{""angle_match"":true,""view_frontal"":true,""view_perspective"":false,""view_side"":false,""view_top"":false},""question6"":{""angle_match"":false,""view_frontal"":false,""view_perspective"":false,""view_side"":true,""view_top"":false},""question7"":{""angle_match"":true,""view_frontal"":false,""view_perspective"":true,""view_side"":false,""view_top"":false},""question8"":{""angle_match"":true,""view_frontal"":false,""view_perspective"":true,""view_side"":false,""view_top"":false},""question9"":{""angle_match"":true,""view_frontal"":true,""view_perspective"":false,""view_side"":false,""view_top"":false}}]"
"30EMX9PEWCX4CD296VD9M6URZXMKS5","3BHRGUFAI0A6J7Y48A1RI398KZYCSF","Categorize images based on object's view.","Review 10 animal’s line-arts and judge if it has same or different views. Identify view for each tactile. (10 pairs)","tactile, image review, accessibility, animals","$0.05","Tue Mar 03 20:32:23 PST 2026","7","BatchId:5376447;OriginalHitTemplateId:928390873;","3600","2592000","Mon Mar 23 21:32:23 PDT 2026","","","3PQ8K71NIQYWMO5M36JUVCTI0CSAA0","A3OLY20VMA8SPJ","Submitted","Tue Mar 03 20:38:53 PST 2026","Tue Mar 03 20:42:36 PST 2026","Thu Apr 02 21:42:36 PDT 2026","","","","223","100% (15/15)","100% (15/15)","0% (0/0)","Penguin","https://f1qv-main-data.s3.us-east-1.amazonaws.com/amt/main_task_F1QV/Penguin/Natural/11.jpg","https://f1qv-main-data.s3.us-east-1.amazonaws.com/amt/main_task_F1QV/Penguin/Tactile/11.jpeg","","Bee","https://f1qv-main-data.s3.us-east-1.amazonaws.com/amt/main_task_F1QV/Bee/Natural/Bee_5.jpg","https://f1qv-main-data.s3.us-east-1.amazonaws.com/amt/main_task_F1QV/Bee/Tactile/5.jpg","","Penguin","https://f1qv-main-data.s3.us-east-1.amazonaws.com/amt/main_task_F1QV/Penguin/Natural/9.jpg","https://f1qv-main-data.s3.us-east-1.amazonaws.com/amt/main_task_F1QV/Penguin/Tactile/9.jpeg","","Elephant","https://f1qv-main-data.s3.us-east-1.amazonaws.com/amt/main_task_F1QV/Elephant/Natural/6_Elephant.jpeg","https://f1qv-main-data.s3.us-east-1.amazonaws.com/amt/main_task_F1QV/Elephant/Tactile/6.jpg","","Teddy Bear","https://f1qv-main-data.s3.us-east-1.amazonaws.com/amt/main_task_F1QV/Teddy Bear/Natural/7.jpg","https://f1qv-main-data.s3.us-east-1.amazonaws.com/amt/main_task_F1QV/Teddy Bear/Tactile/7.jpeg","","Elephant","https://f1qv-main-data.s3.us-east-1.amazonaws.com/amt/main_task_F1QV/Elephant/Natural/9_Elephant.jpeg","https://f1qv-main-data.s3.us-east-1.amazonaws.com/amt/main_task_F1QV/Elephant/Tactile/9.jpg","","Dog","https://f1qv-main-data.s3.us-east-1.amazonaws.com/amt/main_task_F1QV/Dog/Natural/18_Dog.jpg","https://f1qv-main-data.s3.us-east-1.amazonaws.com/amt/main_task_F1QV/Dog/Tactile/18.jpg","","Fox","https://f1qv-main-data.s3.us-east-1.amazonaws.com/amt/main_task_F1QV/Fox/Natural/Fox_4.jpeg","https://f1qv-main-data.s3.us-east-1.amazonaws.com/amt/main_task_F1QV/Fox/Tactile/4.jpg","","Cat","https://f1qv-main-data.s3.us-east-1.amazonaws.com/amt/main_task_F1QV/Cat/Natural/cat_21.jpg","https://f1qv-main-data.s3.us-east-1.amazonaws.com/amt/main_task_F1QV/Cat/Tactile/21.jpg","","Dog","https://f1qv-main-data.s3.us-east-1.amazonaws.com/amt/main_task_F1QV/Dog/Natural/7_Dog.jpg","https://f1qv-main-data.s3.us-east-1.amazonaws.com/amt/main_task_F1QV/Dog/Tactile/7.jpg","","[{""question1"":{""angle_match"":false,""view_frontal"":true,""view_perspective"":false,""view_side"":false,""view_top"":false},""question10"":{""angle_match"":false,""view_frontal"":false,""view_perspective"":false,""view_side"":true,""view_top"":false},""question2"":{""angle_match"":false,""view_frontal"":false,""view_perspective"":false,""view_side"":false,""view_top"":true},""question3"":{""angle_match"":false,""view_frontal"":false,""view_perspective"":false,""view_side"":true,""view_top"":false},""question4"":{""angle_match"":false,""view_frontal"":false,""view_perspective"":true,""view_side"":false,""view_top"":false},""question5"":{""angle_match"":false,""view_frontal"":false,""view_perspective"":false,""view_side"":false,""view_top"":true},""question6"":{""angle_match"":false,""view_frontal"":false,""view_perspective"":false,""view_side"":false,""view_top"":true},""question7"":{""angle_match"":false,""view_frontal"":false,""view_perspective"":false,""view_side"":true,""view_top"":false},""question8"":{""angle_match"":true,""view_frontal"":false,""view_perspective"":false,""view_side"":false,""view_top"":false},""question9"":{""angle_match"":false,""view_frontal"":false,""view_perspective"":false,""view_side"":true,""view_top"":false}}]"
"30EMX9PEWCX4CD296VD9M6URZXMKS5","3BHRGUFAI0A6J7Y48A1RI398KZYCSF","Categorize images based on object's view.","Review 10 animal’s line-arts and judge if it has same or different views. Identify view for each tactile. (10 pairs)","tactile, image review, accessibility, animals","$0.05","Tue Mar 03 20:32:23 PST 2026","7","BatchId:5376447;OriginalHitTemplateId:928390873;","3600","2592000","Mon Mar 23 21:32:23 PDT 2026","","","3RJSC4XJ2T83F5VNG8VKYV1JZDK050","AB91OPDEOAWGJ","Submitted","Tue Mar 03 20:44:10 PST 2026","Tue Mar 03 20:49:27 PST 2026","Thu Apr 02 21:49:27 PDT 2026","","","","317","100% (17/17)","100% (4/4)","0% (0/0)","Penguin","https://f1qv-main-data.s3.us-east-1.amazonaws.com/amt/main_task_F1QV/Penguin/Natural/11.jpg","https://f1qv-main-data.s3.us-east-1.amazonaws.com/amt/main_task_F1QV/Penguin/Tactile/11.jpeg","","Bee","https://f1qv-main-data.s3.us-east-1.amazonaws.com/amt/main_task_F1QV/Bee/Natural/Bee_5.jpg","https://f1qv-main-data.s3.us-east-1.amazonaws.com/amt/main_task_F1QV/Bee/Tactile/5.jpg","","Penguin","https://f1qv-main-data.s3.us-east-1.amazonaws.com/amt/main_task_F1QV/Penguin/Natural/9.jpg","https://f1qv-main-data.s3.us-east-1.amazonaws.com/amt/main_task_F1QV/Penguin/Tactile/9.jpeg","","Elephant","https://f1qv-main-data.s3.us-east-1.amazonaws.com/amt/main_task_F1QV/Elephant/Natural/6_Elephant.jpeg","https://f1qv-main-data.s3.us-east-1.amazonaws.com/amt/main_task_F1QV/Elephant/Tactile/6.jpg","","Teddy Bear","https://f1qv-main-data.s3.us-east-1.amazonaws.com/amt/main_task_F1QV/Teddy Bear/Natural/7.jpg","https://f1qv-main-data.s3.us-east-1.amazonaws.com/amt/main_task_F1QV/Teddy Bear/Tactile/7.jpeg","","Elephant","https://f1qv-main-data.s3.us-east-1.amazonaws.com/amt/main_task_F1QV/Elephant/Natural/9_Elephant.jpeg","https://f1qv-main-data.s3.us-east-1.amazonaws.com/amt/main_task_F1QV/Elephant/Tactile/9.jpg","","Dog","https://f1qv-main-data.s3.us-east-1.amazonaws.com/amt/main_task_F1QV/Dog/Natural/18_Dog.jpg","https://f1qv-main-data.s3.us-east-1.amazonaws.com/amt/main_task_F1QV/Dog/Tactile/18.jpg","","Fox","https://f1qv-main-data.s3.us-east-1.amazonaws.com/amt/main_task_F1QV/Fox/Natural/Fox_4.jpeg","https://f1qv-main-data.s3.us-east-1.amazonaws.com/amt/main_task_F1QV/Fox/Tactile/4.jpg","","Cat","https://f1qv-main-data.s3.us-east-1.amazonaws.com/amt/main_task_F1QV/Cat/Natural/cat_21.jpg","https://f1qv-main-data.s3.us-east-1.amazonaws.com/amt/main_task_F1QV/Cat/Tactile/21.jpg","","Dog","https://f1qv-main-data.s3.us-east-1.amazonaws.com/amt/main_task_F1QV/Dog/Natural/7_Dog.jpg","https://f1qv-main-data.s3.us-east-1.amazonaws.com/amt/main_task_F1QV/Dog/Tactile/7.jpg","","[{""question1"":{""angle_match"":true,""view_frontal"":false,""view_perspective"":false,""view_side"":true,""view_top"":false},""question10"":{""angle_match"":true,""view_frontal"":false,""view_perspective"":false,""view_side"":true,""view_top"":false},""question2"":{""angle_match"":true,""view_frontal"":true,""view_perspective"":false,""view_side"":false,""view_top"":false},""question3"":{""angle_match"":true,""view_frontal"":false,""view_perspective"":false,""view_side"":true,""view_top"":false},""question4"":{""angle_match"":true,""view_frontal"":false,""view_perspective"":false,""view_side"":true,""view_top"":false},""question5"":{""angle_match"":true,""view_frontal"":true,""view_perspective"":false,""view_side"":false,""view_top"":false},""question6"":{""angle_match"":true,""view_frontal"":true,""view_perspective"":false,""view_side"":false,""view_top"":false},""question7"":{""angle_match"":true,""view_frontal"":false,""view_perspective"":false,""view_side"":true,""view_top"":false},""question8"":{""angle_match"":true,""view_frontal"":false,""view_perspective"":true,""view_side"":false,""view_top"":false},""question9"":{""angle_match"":true,""view_frontal"":true,""view_perspective"":false,""view_side"":false,""view_top"":false}}]"
"30EMX9PEWCX4CD296VD9M6URZXMKS5","3BHRGUFAI0A6J7Y48A1RI398KZYCSF","Categorize images based on object's view.","Review 10 animal’s line-arts and judge if it has same or different views. Identify view for each tactile. (10 pairs)","tactile, image review, accessibility, animals","$0.05","Tue Mar 03 20:32:23 PST 2026","7","BatchId:5376447;OriginalHitTemplateId:928390873;","3600","2592000","Mon Mar 23 21:32:23 PDT 2026","","","3IRIK4HM43YJS1QHX7Y9L2HK4XQC6J","A2V3XARMPINRM8","Submitted","Tue Mar 03 20:42:16 PST 2026","Tue Mar 03 20:56:21 PST 2026","Thu Apr 02 21:56:21 PDT 2026","","","","845","100% (1/1)","100% (1/1)","100% (1/1)","Penguin","https://f1qv-main-data.s3.us-east-1.amazonaws.com/amt/main_task_F1QV/Penguin/Natural/11.jpg","https://f1qv-main-data.s3.us-east-1.amazonaws.com/amt/main_task_F1QV/Penguin/Tactile/11.jpeg","","Bee","https://f1qv-main-data.s3.us-east-1.amazonaws.com/amt/main_task_F1QV/Bee/Natural/Bee_5.jpg","https://f1qv-main-data.s3.us-east-1.amazonaws.com/amt/main_task_F1QV/Bee/Tactile/5.jpg","","Penguin","https://f1qv-main-data.s3.us-east-1.amazonaws.com/amt/main_task_F1QV/Penguin/Natural/9.jpg","https://f1qv-main-data.s3.us-east-1.amazonaws.com/amt/main_task_F1QV/Penguin/Tactile/9.jpeg","","Elephant","https://f1qv-main-data.s3.us-east-1.amazonaws.com/amt/main_task_F1QV/Elephant/Natural/6_Elephant.jpeg","https://f1qv-main-data.s3.us-east-1.amazonaws.com/amt/main_task_F1QV/Elephant/Tactile/6.jpg","","Teddy Bear","https://f1qv-main-data.s3.us-east-1.amazonaws.com/amt/main_task_F1QV/Teddy Bear/Natural/7.jpg","https://f1qv-main-data.s3.us-east-1.amazonaws.com/amt/main_task_F1QV/Teddy Bear/Tactile/7.jpeg","","Elephant","https://f1qv-main-data.s3.us-east-1.amazonaws.com/amt/main_task_F1QV/Elephant/Natural/9_Elephant.jpeg","https://f1qv-main-data.s3.us-east-1.amazonaws.com/amt/main_task_F1QV/Elephant/Tactile/9.jpg","","Dog","https://f1qv-main-data.s3.us-east-1.amazonaws.com/amt/main_task_F1QV/Dog/Natural/18_Dog.jpg","https://f1qv-main-data.s3.us-east-1.amazonaws.com/amt/main_task_F1QV/Dog/Tactile/18.jpg","","Fox","https://f1qv-main-data.s3.us-east-1.amazonaws.com/amt/main_task_F1QV/Fox/Natural/Fox_4.jpeg","https://f1qv-main-data.s3.us-east-1.amazonaws.com/amt/main_task_F1QV/Fox/Tactile/4.jpg","","Cat","https://f1qv-main-data.s3.us-east-1.amazonaws.com/amt/main_task_F1QV/Cat/Natural/cat_21.jpg","https://f1qv-main-data.s3.us-east-1.amazonaws.com/amt/main_task_F1QV/Cat/Tactile/21.jpg","","Dog","https://f1qv-main-data.s3.us-east-1.amazonaws.com/amt/main_task_F1QV/Dog/Natural/7_Dog.jpg","https://f1qv-main-data.s3.us-east-1.amazonaws.com/amt/main_task_F1QV/Dog/Tactile/7.jpg","","[{""question1"":{""angle_match"":true,""view_frontal"":true,""view_perspective"":false,""view_side"":false,""view_top"":false},""question10"":{""angle_match"":true,""view_frontal"":false,""view_perspective"":false,""view_side"":true,""view_top"":false},""question2"":{""angle_match"":true,""view_frontal"":false,""view_perspective"":false,""view_side"":false,""view_top"":true},""question3"":{""angle_match"":true,""view_frontal"":false,""view_perspective"":false,""view_side"":true,""view_top"":false},""question4"":{""angle_match"":true,""view_frontal"":false,""view_perspective"":false,""view_side"":true,""view_top"":false},""question5"":{""angle_match"":false,""view_frontal"":false,""view_perspective"":false,""view_side"":true,""view_top"":false},""question6"":{""angle_match"":true,""view_frontal"":false,""view_perspective"":false,""view_side"":true,""view_top"":false},""question7"":{""angle_match"":true,""view_frontal"":false,""view_perspective"":false,""view_side"":false,""view_top"":true},""question8"":{""angle_match"":false,""view_frontal"":false,""view_perspective"":true,""view_side"":false,""view_top"":false},""question9"":{""angle_match"":true,""view_frontal"":false,""view_perspective"":false,""view_side"":true,""view_top"":false}}]"
"30EMX9PEWCX4CD296VD9M6URZXMKS5","3BHRGUFAI0A6J7Y48A1RI398KZYCSF","Categorize images based on object's view.","Review 10 animal’s line-arts and judge if it has same or different views. Identify view for each tactile. (10 pairs)","tactile, image review, accessibility, animals","$0.05","Tue Mar 03 20:32:23 PST 2026","7","BatchId:5376447;OriginalHitTemplateId:928390873;","3600","2592000","Mon Mar 23 21:32:23 PDT 2026","","","3QL2OFSMAZWRZMW9WOKQND36ZNFCNT","A3CWVU18V57686","Submitted","Tue Mar 03 20:42:31 PST 2026","Tue Mar 03 20:56:21 PST 2026","Thu Apr 02 21:56:21 PDT 2026","","","","830","0% (0/0)","0% (0/0)","0% (0/0)","Penguin","https://f1qv-main-data.s3.us-east-1.amazonaws.com/amt/main_task_F1QV/Penguin/Natural/11.jpg","https://f1qv-main-data.s3.us-east-1.amazonaws.com/amt/main_task_F1QV/Penguin/Tactile/11.jpeg","","Bee","https://f1qv-main-data.s3.us-east-1.amazonaws.com/amt/main_task_F1QV/Bee/Natural/Bee_5.jpg","https://f1qv-main-data.s3.us-east-1.amazonaws.com/amt/main_task_F1QV/Bee/Tactile/5.jpg","","Penguin","https://f1qv-main-data.s3.us-east-1.amazonaws.com/amt/main_task_F1QV/Penguin/Natural/9.jpg","https://f1qv-main-data.s3.us-east-1.amazonaws.com/amt/main_task_F1QV/Penguin/Tactile/9.jpeg","","Elephant","https://f1qv-main-data.s3.us-east-1.amazonaws.com/amt/main_task_F1QV/Elephant/Natural/6_Elephant.jpeg","https://f1qv-main-data.s3.us-east-1.amazonaws.com/amt/main_task_F1QV/Elephant/Tactile/6.jpg","","Teddy Bear","https://f1qv-main-data.s3.us-east-1.amazonaws.com/amt/main_task_F1QV/Teddy Bear/Natural/7.jpg","https://f1qv-main-data.s3.us-east-1.amazonaws.com/amt/main_task_F1QV/Teddy Bear/Tactile/7.jpeg","","Elephant","https://f1qv-main-data.s3.us-east-1.amazonaws.com/amt/main_task_F1QV/Elephant/Natural/9_Elephant.jpeg","https://f1qv-main-data.s3.us-east-1.amazonaws.com/amt/main_task_F1QV/Elephant/Tactile/9.jpg","","Dog","https://f1qv-main-data.s3.us-east-1.amazonaws.com/amt/main_task_F1QV/Dog/Natural/18_Dog.jpg","https://f1qv-main-data.s3.us-east-1.amazonaws.com/amt/main_task_F1QV/Dog/Tactile/18.jpg","","Fox","https://f1qv-main-data.s3.us-east-1.amazonaws.com/amt/main_task_F1QV/Fox/Natural/Fox_4.jpeg","https://f1qv-main-data.s3.us-east-1.amazonaws.com/amt/main_task_F1QV/Fox/Tactile/4.jpg","","Cat","https://f1qv-main-data.s3.us-east-1.amazonaws.com/amt/main_task_F1QV/Cat/Natural/cat_21.jpg","https://f1qv-main-data.s3.us-east-1.amazonaws.com/amt/main_task_F1QV/Cat/Tactile/21.jpg","","Dog","https://f1qv-main-data.s3.us-east-1.amazonaws.com/amt/main_task_F1QV/Dog/Natural/7_Dog.jpg","https://f1qv-main-data.s3.us-east-1.amazonaws.com/amt/main_task_F1QV/Dog/Tactile/7.jpg","","[{""question1"":{""angle_match"":true,""view_frontal"":false,""view_perspective"":false,""view_side"":true,""view_top"":false},""question10"":{""angle_match"":false,""view_frontal"":false,""view_perspective"":false,""view_side"":true,""view_top"":false},""question2"":{""angle_match"":true,""view_frontal"":true,""view_perspective"":false,""view_side"":false,""view_top"":false},""question3"":{""angle_match"":false,""view_frontal"":false,""view_perspective"":false,""view_side"":true,""view_top"":false},""question4"":{""angle_match"":true,""view_frontal"":false,""view_perspective"":false,""view_side"":true,""view_top"":false},""question5"":{""angle_match"":true,""view_frontal"":true,""view_perspective"":false,""view_side"":false,""view_top"":false},""question6"":{""angle_match"":false,""view_frontal"":true,""view_perspective"":false,""view_side"":false,""view_top"":false},""question7"":{""angle_match"":true,""view_frontal"":false,""view_perspective"":false,""view_side"":true,""view_top"":false},""question8"":{""angle_match"":true,""view_frontal"":false,""view_perspective"":false,""view_side"":true,""view_top"":false},""question9"":{""angle_match"":true,""view_frontal"":false,""view_perspective"":false,""view_side"":true,""view_top"":false}}]"
"30EMX9PEWCX4CD296VD9M6URZXMKS5","3BHRGUFAI0A6J7Y48A1RI398KZYCSF","Categorize images based on object's view.","Review 10 animal’s line-arts and judge if it has same or different views. Identify view for each tactile. (10 pairs)","tactile, image review, accessibility, animals","$0.05","Tue Mar 03 20:32:23 PST 2026","7","BatchId:5376447;OriginalHitTemplateId:928390873;","3600","2592000","Mon Mar 23 21:32:23 PDT 2026","","","37TRT2X25J5C6RDI3QW3JMG78H8BJD","A1MYCZT6OX9G20","Submitted","Tue Mar 03 20:39:47 PST 2026","Tue Mar 03 21:14:16 PST 2026","Thu Apr 02 22:14:16 PDT 2026","","","","2069","100% (9/9)","0% (0/0)","0% (0/0)","Penguin","https://f1qv-main-data.s3.us-east-1.amazonaws.com/amt/main_task_F1QV/Penguin/Natural/11.jpg","https://f1qv-main-data.s3.us-east-1.amazonaws.com/amt/main_task_F1QV/Penguin/Tactile/11.jpeg","","Bee","https://f1qv-main-data.s3.us-east-1.amazonaws.com/amt/main_task_F1QV/Bee/Natural/Bee_5.jpg","https://f1qv-main-data.s3.us-east-1.amazonaws.com/amt/main_task_F1QV/Bee/Tactile/5.jpg","","Penguin","https://f1qv-main-data.s3.us-east-1.amazonaws.com/amt/main_task_F1QV/Penguin/Natural/9.jpg","https://f1qv-main-data.s3.us-east-1.amazonaws.com/amt/main_task_F1QV/Penguin/Tactile/9.jpeg","","Elephant","https://f1qv-main-data.s3.us-east-1.amazonaws.com/amt/main_task_F1QV/Elephant/Natural/6_Elephant.jpeg","https://f1qv-main-data.s3.us-east-1.amazonaws.com/amt/main_task_F1QV/Elephant/Tactile/6.jpg","","Teddy Bear","https://f1qv-main-data.s3.us-east-1.amazonaws.com/amt/main_task_F1QV/Teddy Bear/Natural/7.jpg","https://f1qv-main-data.s3.us-east-1.amazonaws.com/amt/main_task_F1QV/Teddy Bear/Tactile/7.jpeg","","Elephant","https://f1qv-main-data.s3.us-east-1.amazonaws.com/amt/main_task_F1QV/Elephant/Natural/9_Elephant.jpeg","https://f1qv-main-data.s3.us-east-1.amazonaws.com/amt/main_task_F1QV/Elephant/Tactile/9.jpg","","Dog","https://f1qv-main-data.s3.us-east-1.amazonaws.com/amt/main_task_F1QV/Dog/Natural/18_Dog.jpg","https://f1qv-main-data.s3.us-east-1.amazonaws.com/amt/main_task_F1QV/Dog/Tactile/18.jpg","","Fox","https://f1qv-main-data.s3.us-east-1.amazonaws.com/amt/main_task_F1QV/Fox/Natural/Fox_4.jpeg","https://f1qv-main-data.s3.us-east-1.amazonaws.com/amt/main_task_F1QV/Fox/Tactile/4.jpg","","Cat","https://f1qv-main-data.s3.us-east-1.amazonaws.com/amt/main_task_F1QV/Cat/Natural/cat_21.jpg","https://f1qv-main-data.s3.us-east-1.amazonaws.com/amt/main_task_F1QV/Cat/Tactile/21.jpg","","Dog","https://f1qv-main-data.s3.us-east-1.amazonaws.com/amt/main_task_F1QV/Dog/Natural/7_Dog.jpg","https://f1qv-main-data.s3.us-east-1.amazonaws.com/amt/main_task_F1QV/Dog/Tactile/7.jpg","","[{""question1"":{""angle_match"":true,""view_frontal"":false,""view_perspective"":true,""view_side"":false,""view_top"":false},""question10"":{""angle_match"":true,""view_frontal"":false,""view_perspective"":false,""view_side"":true,""view_top"":false},""question2"":{""angle_match"":true,""view_frontal"":false,""view_perspective"":false,""view_side"":false,""view_top"":true},""question3"":{""angle_match"":true,""view_frontal"":false,""view_perspective"":true,""view_side"":false,""view_top"":false},""question4"":{""angle_match"":true,""view_frontal"":false,""view_perspective"":false,""view_side"":true,""view_top"":false},""question5"":{""angle_match"":true,""view_frontal"":true,""view_perspective"":false,""view_side"":false,""view_top"":false},""question6"":{""angle_match"":true,""view_frontal"":true,""view_perspective"":false,""view_side"":false,""view_top"":false},""question7"":{""angle_match"":true,""view_frontal"":false,""view_perspective"":false,""view_side"":true,""view_top"":false},""question8"":{""angle_match"":false,""view_frontal"":false,""view_perspective"":true,""view_side"":false,""view_top"":false},""question9"":{""angle_match"":false,""view_frontal"":false,""view_perspective"":true,""view_side"":false,""view_top"":false}}]"
"30EMX9PEWCX4CD296VD9M6URZXMKS5","3BHRGUFAI0A6J7Y48A1RI398KZYCSF","Categorize images based on object's view.","Review 10 animal’s line-arts and judge if it has same or different views. Identify view for each tactile. (10 pairs)","tactile, image review, accessibility, animals","$0.05","Tue Mar 03 20:32:23 PST 2026","7","BatchId:5376447;OriginalHitTemplateId:928390873;","3600","2592000","Mon Mar 23 21:32:23 PDT 2026","","","3300DTYQUVVRZHTF87I2HVYEP9CQEI","ALJH5865ISWT1","Submitted","Tue Mar 03 20:38:51 PST 2026","Tue Mar 03 21:28:00 PST 2026","Thu Apr 02 22:28:00 PDT 2026","","","","2949","100% (2/2)","100% (2/2)","0% (0/0)","Penguin","https://f1qv-main-data.s3.us-east-1.amazonaws.com/amt/main_task_F1QV/Penguin/Natural/11.jpg","https://f1qv-main-data.s3.us-east-1.amazonaws.com/amt/main_task_F1QV/Penguin/Tactile/11.jpeg","","Bee","https://f1qv-main-data.s3.us-east-1.amazonaws.com/amt/main_task_F1QV/Bee/Natural/Bee_5.jpg","https://f1qv-main-data.s3.us-east-1.amazonaws.com/amt/main_task_F1QV/Bee/Tactile/5.jpg","","Penguin","https://f1qv-main-data.s3.us-east-1.amazonaws.com/amt/main_task_F1QV/Penguin/Natural/9.jpg","https://f1qv-main-data.s3.us-east-1.amazonaws.com/amt/main_task_F1QV/Penguin/Tactile/9.jpeg","","Elephant","https://f1qv-main-data.s3.us-east-1.amazonaws.com/amt/main_task_F1QV/Elephant/Natural/6_Elephant.jpeg","https://f1qv-main-data.s3.us-east-1.amazonaws.com/amt/main_task_F1QV/Elephant/Tactile/6.jpg","","Teddy Bear","https://f1qv-main-data.s3.us-east-1.amazonaws.com/amt/main_task_F1QV/Teddy Bear/Natural/7.jpg","https://f1qv-main-data.s3.us-east-1.amazonaws.com/amt/main_task_F1QV/Teddy Bear/Tactile/7.jpeg","","Elephant","https://f1qv-main-data.s3.us-east-1.amazonaws.com/amt/main_task_F1QV/Elephant/Natural/9_Elephant.jpeg","https://f1qv-main-data.s3.us-east-1.amazonaws.com/amt/main_task_F1QV/Elephant/Tactile/9.jpg","","Dog","https://f1qv-main-data.s3.us-east-1.amazonaws.com/amt/main_task_F1QV/Dog/Natural/18_Dog.jpg","https://f1qv-main-data.s3.us-east-1.amazonaws.com/amt/main_task_F1QV/Dog/Tactile/18.jpg","","Fox","https://f1qv-main-data.s3.us-east-1.amazonaws.com/amt/main_task_F1QV/Fox/Natural/Fox_4.jpeg","https://f1qv-main-data.s3.us-east-1.amazonaws.com/amt/main_task_F1QV/Fox/Tactile/4.jpg","","Cat","https://f1qv-main-data.s3.us-east-1.amazonaws.com/amt/main_task_F1QV/Cat/Natural/cat_21.jpg","https://f1qv-main-data.s3.us-east-1.amazonaws.com/amt/main_task_F1QV/Cat/Tactile/21.jpg","","Dog","https://f1qv-main-data.s3.us-east-1.amazonaws.com/amt/main_task_F1QV/Dog/Natural/7_Dog.jpg","https://f1qv-main-data.s3.us-east-1.amazonaws.com/amt/main_task_F1QV/Dog/Tactile/7.jpg","","[{""question1"":{""angle_match"":true,""view_frontal"":true,""view_perspective"":false,""view_side"":false,""view_top"":false},""question10"":{""angle_match"":true,""view_frontal"":false,""view_perspective"":false,""view_side"":true,""view_top"":false},""question2"":{""angle_match"":true,""view_frontal"":false,""view_perspective"":false,""view_side"":false,""view_top"":true},""question3"":{""angle_match"":true,""view_frontal"":false,""view_perspective"":false,""view_side"":true,""view_top"":false},""question4"":{""angle_match"":true,""view_frontal"":false,""view_perspective"":false,""view_side"":true,""view_top"":false},""question5"":{""angle_match"":true,""view_frontal"":true,""view_perspective"":false,""view_side"":false,""view_top"":false},""question6"":{""angle_match"":true,""view_frontal"":true,""view_perspective"":false,""view_side"":false,""view_top"":false},""question7"":{""angle_match"":true,""view_frontal"":false,""view_perspective"":false,""view_side"":true,""view_top"":false},""question8"":{""angle_match"":true,""view_frontal"":false,""view_perspective"":false,""view_side"":true,""view_top"":false},""question9"":{""angle_match"":true,""view_frontal"":false,""view_perspective"":false,""view_side"":true,""view_top"":false}}]"
"30EMX9PEWCX4CD296VD9M6URZXMKS5","3BHRGUFAI0A6J7Y48A1RI398KZYCSF","Categorize images based on object's view.","Review 10 animal’s line-arts and judge if it has same or different views. Identify view for each tactile. (10 pairs)","tactile, image review, accessibility, animals","$0.05","Tue Mar 03 20:32:23 PST 2026","7","BatchId:5376447;OriginalHitTemplateId:928390873;","3600","2592000","Mon Mar 23 21:32:23 PDT 2026","","","3VJ40NV2RB1Q3OYWJPFTRC3FDIIOTZ","A22YCS3UW15WOO","Submitted","Tue Mar 03 20:40:08 PST 2026","Tue Mar 03 21:39:28 PST 2026","Thu Apr 02 22:39:28 PDT 2026","","","","3560","100% (60/60)","100% (12/12)","0% (0/0)","Penguin","https://f1qv-main-data.s3.us-east-1.amazonaws.com/amt/main_task_F1QV/Penguin/Natural/11.jpg","https://f1qv-main-data.s3.us-east-1.amazonaws.com/amt/main_task_F1QV/Penguin/Tactile/11.jpeg","","Bee","https://f1qv-main-data.s3.us-east-1.amazonaws.com/amt/main_task_F1QV/Bee/Natural/Bee_5.jpg","https://f1qv-main-data.s3.us-east-1.amazonaws.com/amt/main_task_F1QV/Bee/Tactile/5.jpg","","Penguin","https://f1qv-main-data.s3.us-east-1.amazonaws.com/amt/main_task_F1QV/Penguin/Natural/9.jpg","https://f1qv-main-data.s3.us-east-1.amazonaws.com/amt/main_task_F1QV/Penguin/Tactile/9.jpeg","","Elephant","https://f1qv-main-data.s3.us-east-1.amazonaws.com/amt/main_task_F1QV/Elephant/Natural/6_Elephant.jpeg","https://f1qv-main-data.s3.us-east-1.amazonaws.com/amt/main_task_F1QV/Elephant/Tactile/6.jpg","","Teddy Bear","https://f1qv-main-data.s3.us-east-1.amazonaws.com/amt/main_task_F1QV/Teddy Bear/Natural/7.jpg","https://f1qv-main-data.s3.us-east-1.amazonaws.com/amt/main_task_F1QV/Teddy Bear/Tactile/7.jpeg","","Elephant","https://f1qv-main-data.s3.us-east-1.amazonaws.com/amt/main_task_F1QV/Elephant/Natural/9_Elephant.jpeg","https://f1qv-main-data.s3.us-east-1.amazonaws.com/amt/main_task_F1QV/Elephant/Tactile/9.jpg","","Dog","https://f1qv-main-data.s3.us-east-1.amazonaws.com/amt/main_task_F1QV/Dog/Natural/18_Dog.jpg","https://f1qv-main-data.s3.us-east-1.amazonaws.com/amt/main_task_F1QV/Dog/Tactile/18.jpg","","Fox","https://f1qv-main-data.s3.us-east-1.amazonaws.com/amt/main_task_F1QV/Fox/Natural/Fox_4.jpeg","https://f1qv-main-data.s3.us-east-1.amazonaws.com/amt/main_task_F1QV/Fox/Tactile/4.jpg","","Cat","https://f1qv-main-data.s3.us-east-1.amazonaws.com/amt/main_task_F1QV/Cat/Natural/cat_21.jpg","https://f1qv-main-data.s3.us-east-1.amazonaws.com/amt/main_task_F1QV/Cat/Tactile/21.jpg","","Dog","https://f1qv-main-data.s3.us-east-1.amazonaws.com/amt/main_task_F1QV/Dog/Natural/7_Dog.jpg","https://f1qv-main-data.s3.us-east-1.amazonaws.com/amt/main_task_F1QV/Dog/Tactile/7.jpg","","[{""question1"":{""angle_match"":false,""view_frontal"":true,""view_perspective"":false,""view_side"":false,""view_top"":false},""question10"":{""angle_match"":true,""view_frontal"":true,""view_perspective"":false,""view_side"":false,""view_top"":false},""question2"":{""angle_match"":true,""view_frontal"":true,""view_perspective"":false,""view_side"":false,""view_top"":false},""question3"":{""angle_match"":true,""view_frontal"":false,""view_perspective"":true,""view_side"":false,""view_top"":false},""question4"":{""angle_match"":true,""view_frontal"":false,""view_perspective"":false,""view_side"":true,""view_top"":false},""question5"":{""angle_match"":false,""view_frontal"":true,""view_perspective"":false,""view_side"":false,""view_top"":false},""question6"":{""angle_match"":true,""view_frontal"":true,""view_perspective"":false,""view_side"":false,""view_top"":false},""question7"":{""angle_match"":true,""view_frontal"":false,""view_perspective"":false,""view_side"":true,""view_top"":false},""question8"":{""angle_match"":true,""view_frontal"":true,""view_perspective"":false,""view_side"":false,""view_top"":false},""question9"":{""angle_match"":true,""view_frontal"":false,""view_perspective"":false,""view_side"":true,""view_top"":false}}]"
"39KV3A5D20LGHYVPN1O0I1P5TDM7SM","3BHRGUFAI0A6J7Y48A1RI398KZYCSF","Categorize images based on object's view.","Review 10 animal’s line-arts and judge if it has same or different views. Identify view for each tactile. (10 pairs)","tactile, image review, accessibility, animals","$0.05","Tue Mar 03 20:32:23 PST 2026","7","BatchId:5376447;OriginalHitTemplateId:928390873;","3600","2592000","Mon Mar 23 21:32:23 PDT 2026","","","3RWE2M8QXAO75U1TK8R6SC15QYK0NQ","AB91OPDEOAWGJ","Submitted","Tue Mar 03 20:44:24 PST 2026","Tue Mar 03 20:51:54 PST 2026","Thu Apr 02 21:51:54 PDT 2026","","","","450","100% (17/17)","100% (4/4)","0% (0/0)","Giraffe","https://f1qv-main-data.s3.us-east-1.amazonaws.com/amt/main_task_F1QV/Giraffe/Natural/1_Giraffe.jpg","https://f1qv-main-data.s3.us-east-1.amazonaws.com/amt/main_task_F1QV/Giraffe/Tactile/1.jpeg","","Horse","https://f1qv-main-data.s3.us-east-1.amazonaws.com/amt/main_task_F1QV/Horse/Natural/17_Horse.jpeg","https://f1qv-main-data.s3.us-east-1.amazonaws.com/amt/main_task_F1QV/Horse/Tactile/17.jpg","","Horse","https://f1qv-main-data.s3.us-east-1.amazonaws.com/amt/main_task_F1QV/Horse/Natural/18_Horse.jpeg","https://f1qv-main-data.s3.us-east-1.amazonaws.com/amt/main_task_F1QV/Horse/Tactile/18.jpg","","Dog","https://f1qv-main-data.s3.us-east-1.amazonaws.com/amt/main_task_F1QV/Dog/Natural/10_Dog.jpg","https://f1qv-main-data.s3.us-east-1.amazonaws.com/amt/main_task_F1QV/Dog/Tactile/10.jpg","","Dog","https://f1qv-main-data.s3.us-east-1.amazonaws.com/amt/main_task_F1QV/Dog/Natural/14_Dog.jpg","https://f1qv-main-data.s3.us-east-1.amazonaws.com/amt/main_task_F1QV/Dog/Tactile/14.jpg","","Llama","https://f1qv-main-data.s3.us-east-1.amazonaws.com/amt/main_task_F1QV/Llama/Natural/7.jpg","https://f1qv-main-data.s3.us-east-1.amazonaws.com/amt/main_task_F1QV/Llama/Tactile/7.jpg","","Elephant","https://f1qv-main-data.s3.us-east-1.amazonaws.com/amt/main_task_F1QV/Elephant/Natural/17_Elephant.jpeg","https://f1qv-main-data.s3.us-east-1.amazonaws.com/amt/main_task_F1QV/Elephant/Tactile/17.jpg","","Bat","https://f1qv-main-data.s3.us-east-1.amazonaws.com/amt/main_task_F1QV/Bat/Natural/11_2.png","https://f1qv-main-data.s3.us-east-1.amazonaws.com/amt/main_task_F1QV/Bat/Tactile/11.jpeg","","Horse","https://f1qv-main-data.s3.us-east-1.amazonaws.com/amt/main_task_F1QV/Horse/Natural/20_Horse.jpeg","https://f1qv-main-data.s3.us-east-1.amazonaws.com/amt/main_task_F1QV/Horse/Tactile/20.jpg","","Bee","https://f1qv-main-data.s3.us-east-1.amazonaws.com/amt/main_task_F1QV/Bee/Natural/Bee_6.jpg","https://f1qv-main-data.s3.us-east-1.amazonaws.com/amt/main_task_F1QV/Bee/Tactile/6.png","","[{""question1"":{""angle_match"":true,""view_frontal"":true,""view_perspective"":false,""view_side"":false,""view_top"":false},""question10"":{""angle_match"":true,""view_frontal"":true,""view_perspective"":false,""view_side"":false,""view_top"":false},""question2"":{""angle_match"":true,""view_frontal"":false,""view_perspective"":false,""view_side"":true,""view_top"":false},""question3"":{""angle_match"":true,""view_frontal"":false,""view_perspective"":false,""view_side"":true,""view_top"":false},""question4"":{""angle_match"":true,""view_frontal"":false,""view_perspective"":false,""view_side"":true,""view_top"":false},""question5"":{""angle_match"":true,""view_frontal"":false,""view_perspective"":false,""view_side"":true,""view_top"":false},""question6"":{""angle_match"":true,""view_frontal"":false,""view_perspective"":false,""view_side"":true,""view_top"":false},""question7"":{""angle_match"":true,""view_frontal"":false,""view_perspective"":false,""view_side"":true,""view_top"":false},""question8"":{""angle_match"":true,""view_frontal"":false,""view_perspective"":false,""view_side"":true,""view_top"":false},""question9"":{""angle_match"":true,""view_frontal"":true,""view_perspective"":false,""view_side"":false,""view_top"":false}}]"
"39KV3A5D20LGHYVPN1O0I1P5TDM7SM","3BHRGUFAI0A6J7Y48A1RI398KZYCSF","Categorize images based on object's view.","Review 10 animal’s line-arts and judge if it has same or different views. Identify view for each tactile. (10 pairs)","tactile, image review, accessibility, animals","$0.05","Tue Mar 03 20:32:23 PST 2026","7","BatchId:5376447;OriginalHitTemplateId:928390873;","3600","2592000","Mon Mar 23 21:32:23 PDT 2026","","","3MX2NQ3YD28BCV1YJKKR79OU9K45XZ","AWGGLWWAXQGN0","Submitted","Tue Mar 03 20:43:24 PST 2026","Tue Mar 03 20:52:23 PST 2026","Thu Apr 02 21:52:23 PDT 2026","","","","539","100% (2/2)","100% (2/2)","0% (0/0)","Giraffe","https://f1qv-main-data.s3.us-east-1.amazonaws.com/amt/main_task_F1QV/Giraffe/Natural/1_Giraffe.jpg","https://f1qv-main-data.s3.us-east-1.amazonaws.com/amt/main_task_F1QV/Giraffe/Tactile/1.jpeg","","Horse","https://f1qv-main-data.s3.us-east-1.amazonaws.com/amt/main_task_F1QV/Horse/Natural/17_Horse.jpeg","https://f1qv-main-data.s3.us-east-1.amazonaws.com/amt/main_task_F1QV/Horse/Tactile/17.jpg","","Horse","https://f1qv-main-data.s3.us-east-1.amazonaws.com/amt/main_task_F1QV/Horse/Natural/18_Horse.jpeg","https://f1qv-main-data.s3.us-east-1.amazonaws.com/amt/main_task_F1QV/Horse/Tactile/18.jpg","","Dog","https://f1qv-main-data.s3.us-east-1.amazonaws.com/amt/main_task_F1QV/Dog/Natural/10_Dog.jpg","https://f1qv-main-data.s3.us-east-1.amazonaws.com/amt/main_task_F1QV/Dog/Tactile/10.jpg","","Dog","https://f1qv-main-data.s3.us-east-1.amazonaws.com/amt/main_task_F1QV/Dog/Natural/14_Dog.jpg","https://f1qv-main-data.s3.us-east-1.amazonaws.com/amt/main_task_F1QV/Dog/Tactile/14.jpg","","Llama","https://f1qv-main-data.s3.us-east-1.amazonaws.com/amt/main_task_F1QV/Llama/Natural/7.jpg","https://f1qv-main-data.s3.us-east-1.amazonaws.com/amt/main_task_F1QV/Llama/Tactile/7.jpg","","Elephant","https://f1qv-main-data.s3.us-east-1.amazonaws.com/amt/main_task_F1QV/Elephant/Natural/17_Elephant.jpeg","https://f1qv-main-data.s3.us-east-1.amazonaws.com/amt/main_task_F1QV/Elephant/Tactile/17.jpg","","Bat","https://f1qv-main-data.s3.us-east-1.amazonaws.com/amt/main_task_F1QV/Bat/Natural/11_2.png","https://f1qv-main-data.s3.us-east-1.amazonaws.com/amt/main_task_F1QV/Bat/Tactile/11.jpeg","","Horse","https://f1qv-main-data.s3.us-east-1.amazonaws.com/amt/main_task_F1QV/Horse/Natural/20_Horse.jpeg","https://f1qv-main-data.s3.us-east-1.amazonaws.com/amt/main_task_F1QV/Horse/Tactile/20.jpg","","Bee","https://f1qv-main-data.s3.us-east-1.amazonaws.com/amt/main_task_F1QV/Bee/Natural/Bee_6.jpg","https://f1qv-main-data.s3.us-east-1.amazonaws.com/amt/main_task_F1QV/Bee/Tactile/6.png","","[{""question1"":{""angle_match"":true,""view_frontal"":false,""view_perspective"":false,""view_side"":false,""view_top"":true},""question10"":{""angle_match"":true,""view_frontal"":true,""view_perspective"":false,""view_side"":false,""view_top"":false},""question2"":{""angle_match"":true,""view_frontal"":false,""view_perspective"":false,""view_side"":false,""view_top"":false},""question3"":{""angle_match"":true,""view_frontal"":false,""view_perspective"":false,""view_side"":true,""view_top"":false},""question4"":{""angle_match"":true,""view_frontal"":true,""view_perspective"":false,""view_side"":false,""view_top"":false},""question5"":{""angle_match"":true,""view_frontal"":false,""view_perspective"":false,""view_side"":true,""view_top"":false},""question6"":{""angle_match"":true,""view_frontal"":false,""view_perspective"":false,""view_side"":true,""view_top"":false},""question7"":{""angle_match"":true,""view_frontal"":false,""view_perspective"":false,""view_side"":true,""view_top"":false},""question8"":{""angle_match"":false,""view_frontal"":false,""view_perspective"":true,""view_side"":false,""view_top"":false},""question9"":{""angle_match"":true,""view_frontal"":false,""view_perspective"":false,""view_side"":true,""view_top"":false}}]"
"39KV3A5D20LGHYVPN1O0I1P5TDM7SM","3BHRGUFAI0A6J7Y48A1RI398KZYCSF","Categorize images based on object's view.","Review 10 animal’s line-arts and judge if it has same or different views. Identify view for each tactile. (10 pairs)","tactile, image review, accessibility, animals","$0.05","Tue Mar 03 20:32:23 PST 2026","7","BatchId:5376447;OriginalHitTemplateId:928390873;","3600","2592000","Mon Mar 23 21:32:23 PDT 2026","","","38SKSKU7SUBSOPFOCL0XLOXC7X1IL1","AANFSTZSFMWNW","Submitted","Tue Mar 03 20:44:37 PST 2026","Tue Mar 03 20:52:48 PST 2026","Thu Apr 02 21:52:48 PDT 2026","","","","491","98% (96/98)","90% (19/21)","100% (18/18)","Giraffe","https://f1qv-main-data.s3.us-east-1.amazonaws.com/amt/main_task_F1QV/Giraffe/Natural/1_Giraffe.jpg","https://f1qv-main-data.s3.us-east-1.amazonaws.com/amt/main_task_F1QV/Giraffe/Tactile/1.jpeg","","Horse","https://f1qv-main-data.s3.us-east-1.amazonaws.com/amt/main_task_F1QV/Horse/Natural/17_Horse.jpeg","https://f1qv-main-data.s3.us-east-1.amazonaws.com/amt/main_task_F1QV/Horse/Tactile/17.jpg","","Horse","https://f1qv-main-data.s3.us-east-1.amazonaws.com/amt/main_task_F1QV/Horse/Natural/18_Horse.jpeg","https://f1qv-main-data.s3.us-east-1.amazonaws.com/amt/main_task_F1QV/Horse/Tactile/18.jpg","","Dog","https://f1qv-main-data.s3.us-east-1.amazonaws.com/amt/main_task_F1QV/Dog/Natural/10_Dog.jpg","https://f1qv-main-data.s3.us-east-1.amazonaws.com/amt/main_task_F1QV/Dog/Tactile/10.jpg","","Dog","https://f1qv-main-data.s3.us-east-1.amazonaws.com/amt/main_task_F1QV/Dog/Natural/14_Dog.jpg","https://f1qv-main-data.s3.us-east-1.amazonaws.com/amt/main_task_F1QV/Dog/Tactile/14.jpg","","Llama","https://f1qv-main-data.s3.us-east-1.amazonaws.com/amt/main_task_F1QV/Llama/Natural/7.jpg","https://f1qv-main-data.s3.us-east-1.amazonaws.com/amt/main_task_F1QV/Llama/Tactile/7.jpg","","Elephant","https://f1qv-main-data.s3.us-east-1.amazonaws.com/amt/main_task_F1QV/Elephant/Natural/17_Elephant.jpeg","https://f1qv-main-data.s3.us-east-1.amazonaws.com/amt/main_task_F1QV/Elephant/Tactile/17.jpg","","Bat","https://f1qv-main-data.s3.us-east-1.amazonaws.com/amt/main_task_F1QV/Bat/Natural/11_2.png","https://f1qv-main-data.s3.us-east-1.amazonaws.com/amt/main_task_F1QV/Bat/Tactile/11.jpeg","","Horse","https://f1qv-main-data.s3.us-east-1.amazonaws.com/amt/main_task_F1QV/Horse/Natural/20_Horse.jpeg","https://f1qv-main-data.s3.us-east-1.amazonaws.com/amt/main_task_F1QV/Horse/Tactile/20.jpg","","Bee","https://f1qv-main-data.s3.us-east-1.amazonaws.com/amt/main_task_F1QV/Bee/Natural/Bee_6.jpg","https://f1qv-main-data.s3.us-east-1.amazonaws.com/amt/main_task_F1QV/Bee/Tactile/6.png","","[{""question1"":{""angle_match"":true,""view_frontal"":false,""view_perspective"":false,""view_side"":false,""view_top"":true},""question10"":{""angle_match"":true,""view_frontal"":false,""view_perspective"":false,""view_side"":false,""view_top"":true},""question2"":{""angle_match"":true,""view_frontal"":false,""view_perspective"":false,""view_side"":true,""view_top"":false},""question3"":{""angle_match"":true,""view_frontal"":false,""view_perspective"":false,""view_side"":true,""view_top"":false},""question4"":{""angle_match"":true,""view_frontal"":false,""view_perspective"":false,""view_side"":true,""view_top"":false},""question5"":{""angle_match"":true,""view_frontal"":false,""view_perspective"":false,""view_side"":true,""view_top"":false},""question6"":{""angle_match"":true,""view_frontal"":false,""view_perspective"":false,""view_side"":true,""view_top"":false},""question7"":{""angle_match"":true,""view_frontal"":false,""view_perspective"":false,""view_side"":true,""view_top"":false},""question8"":{""angle_match"":true,""view_frontal"":false,""view_perspective"":false,""view_side"":true,""view_top"":false},""question9"":{""angle_match"":true,""view_frontal"":false,""view_perspective"":false,""view_side"":true,""view_top"":false}}]"
"39KV3A5D20LGHYVPN1O0I1P5TDM7SM","3BHRGUFAI0A6J7Y48A1RI398KZYCSF","Categorize images based on object's view.","Review 10 animal’s line-arts and judge if it has same or different views. Identify view for each tactile. (10 pairs)","tactile, image review, accessibility, animals","$0.05","Tue Mar 03 20:32:23 PST 2026","7","BatchId:5376447;OriginalHitTemplateId:928390873;","3600","2592000","Mon Mar 23 21:32:23 PDT 2026","","","3BEFOD78XZ7IM0YUR8Z8R02I2KOM4Q","A3CWVU18V57686","Submitted","Tue Mar 03 20:42:29 PST 2026","Tue Mar 03 20:54:36 PST 2026","Thu Apr 02 21:54:36 PDT 2026","","","","727","0% (0/0)","0% (0/0)","0% (0/0)","Giraffe","https://f1qv-main-data.s3.us-east-1.amazonaws.com/amt/main_task_F1QV/Giraffe/Natural/1_Giraffe.jpg","https://f1qv-main-data.s3.us-east-1.amazonaws.com/amt/main_task_F1QV/Giraffe/Tactile/1.jpeg","","Horse","https://f1qv-main-data.s3.us-east-1.amazonaws.com/amt/main_task_F1QV/Horse/Natural/17_Horse.jpeg","https://f1qv-main-data.s3.us-east-1.amazonaws.com/amt/main_task_F1QV/Horse/Tactile/17.jpg","","Horse","https://f1qv-main-data.s3.us-east-1.amazonaws.com/amt/main_task_F1QV/Horse/Natural/18_Horse.jpeg","https://f1qv-main-data.s3.us-east-1.amazonaws.com/amt/main_task_F1QV/Horse/Tactile/18.jpg","","Dog","https://f1qv-main-data.s3.us-east-1.amazonaws.com/amt/main_task_F1QV/Dog/Natural/10_Dog.jpg","https://f1qv-main-data.s3.us-east-1.amazonaws.com/amt/main_task_F1QV/Dog/Tactile/10.jpg","","Dog","https://f1qv-main-data.s3.us-east-1.amazonaws.com/amt/main_task_F1QV/Dog/Natural/14_Dog.jpg","https://f1qv-main-data.s3.us-east-1.amazonaws.com/amt/main_task_F1QV/Dog/Tactile/14.jpg","","Llama","https://f1qv-main-data.s3.us-east-1.amazonaws.com/amt/main_task_F1QV/Llama/Natural/7.jpg","https://f1qv-main-data.s3.us-east-1.amazonaws.com/amt/main_task_F1QV/Llama/Tactile/7.jpg","","Elephant","https://f1qv-main-data.s3.us-east-1.amazonaws.com/amt/main_task_F1QV/Elephant/Natural/17_Elephant.jpeg","https://f1qv-main-data.s3.us-east-1.amazonaws.com/amt/main_task_F1QV/Elephant/Tactile/17.jpg","","Bat","https://f1qv-main-data.s3.us-east-1.amazonaws.com/amt/main_task_F1QV/Bat/Natural/11_2.png","https://f1qv-main-data.s3.us-east-1.amazonaws.com/amt/main_task_F1QV/Bat/Tactile/11.jpeg","","Horse","https://f1qv-main-data.s3.us-east-1.amazonaws.com/amt/main_task_F1QV/Horse/Natural/20_Horse.jpeg","https://f1qv-main-data.s3.us-east-1.amazonaws.com/amt/main_task_F1QV/Horse/Tactile/20.jpg","","Bee","https://f1qv-main-data.s3.us-east-1.amazonaws.com/amt/main_task_F1QV/Bee/Natural/Bee_6.jpg","https://f1qv-main-data.s3.us-east-1.amazonaws.com/amt/main_task_F1QV/Bee/Tactile/6.png","","[{""question1"":{""angle_match"":false,""view_frontal"":false,""view_perspective"":false,""view_side"":true,""view_top"":false},""question10"":{""angle_match"":true,""view_frontal"":false,""view_perspective"":false,""view_side"":true,""view_top"":false},""question2"":{""angle_match"":false,""view_frontal"":false,""view_perspective"":false,""view_side"":true,""view_top"":false},""question3"":{""angle_match"":false,""view_frontal"":false,""view_perspective"":false,""view_side"":true,""view_top"":false},""question4"":{""angle_match"":false,""view_frontal"":true,""view_perspective"":false,""view_side"":false,""view_top"":false},""question5"":{""angle_match"":false,""view_frontal"":false,""view_perspective"":false,""view_side"":true,""view_top"":false},""question6"":{""angle_match"":false,""view_frontal"":false,""view_perspective"":false,""view_side"":true,""view_top"":false},""question7"":{""angle_match"":false,""view_frontal"":false,""view_perspective"":false,""view_side"":true,""view_top"":false},""question8"":{""angle_match"":true,""view_frontal"":true,""view_perspective"":false,""view_side"":false,""view_top"":false},""question9"":{""angle_match"":true,""view_frontal"":false,""view_perspective"":false,""view_side"":true,""view_top"":false}}]"
"39KV3A5D20LGHYVPN1O0I1P5TDM7SM","3BHRGUFAI0A6J7Y48A1RI398KZYCSF","Categorize images based on object's view.","Review 10 animal’s line-arts and judge if it has same or different views. Identify view for each tactile. (10 pairs)","tactile, image review, accessibility, animals","$0.05","Tue Mar 03 20:32:23 PST 2026","7","BatchId:5376447;OriginalHitTemplateId:928390873;","3600","2592000","Mon Mar 23 21:32:23 PDT 2026","","","31N2WW6RAK4RYUN957QCM5Q3RJG3FF","A2V3XARMPINRM8","Submitted","Tue Mar 03 20:42:22 PST 2026","Tue Mar 03 20:58:16 PST 2026","Thu Apr 02 21:58:16 PDT 2026","","","","954","100% (1/1)","100% (1/1)","100% (1/1)","Giraffe","https://f1qv-main-data.s3.us-east-1.amazonaws.com/amt/main_task_F1QV/Giraffe/Natural/1_Giraffe.jpg","https://f1qv-main-data.s3.us-east-1.amazonaws.com/amt/main_task_F1QV/Giraffe/Tactile/1.jpeg","","Horse","https://f1qv-main-data.s3.us-east-1.amazonaws.com/amt/main_task_F1QV/Horse/Natural/17_Horse.jpeg","https://f1qv-main-data.s3.us-east-1.amazonaws.com/amt/main_task_F1QV/Horse/Tactile/17.jpg","","Horse","https://f1qv-main-data.s3.us-east-1.amazonaws.com/amt/main_task_F1QV/Horse/Natural/18_Horse.jpeg","https://f1qv-main-data.s3.us-east-1.amazonaws.com/amt/main_task_F1QV/Horse/Tactile/18.jpg","","Dog","https://f1qv-main-data.s3.us-east-1.amazonaws.com/amt/main_task_F1QV/Dog/Natural/10_Dog.jpg","https://f1qv-main-data.s3.us-east-1.amazonaws.com/amt/main_task_F1QV/Dog/Tactile/10.jpg","","Dog","https://f1qv-main-data.s3.us-east-1.amazonaws.com/amt/main_task_F1QV/Dog/Natural/14_Dog.jpg","https://f1qv-main-data.s3.us-east-1.amazonaws.com/amt/main_task_F1QV/Dog/Tactile/14.jpg","","Llama","https://f1qv-main-data.s3.us-east-1.amazonaws.com/amt/main_task_F1QV/Llama/Natural/7.jpg","https://f1qv-main-data.s3.us-east-1.amazonaws.com/amt/main_task_F1QV/Llama/Tactile/7.jpg","","Elephant","https://f1qv-main-data.s3.us-east-1.amazonaws.com/amt/main_task_F1QV/Elephant/Natural/17_Elephant.jpeg","https://f1qv-main-data.s3.us-east-1.amazonaws.com/amt/main_task_F1QV/Elephant/Tactile/17.jpg","","Bat","https://f1qv-main-data.s3.us-east-1.amazonaws.com/amt/main_task_F1QV/Bat/Natural/11_2.png","https://f1qv-main-data.s3.us-east-1.amazonaws.com/amt/main_task_F1QV/Bat/Tactile/11.jpeg","","Horse","https://f1qv-main-data.s3.us-east-1.amazonaws.com/amt/main_task_F1QV/Horse/Natural/20_Horse.jpeg","https://f1qv-main-data.s3.us-east-1.amazonaws.com/amt/main_task_F1QV/Horse/Tactile/20.jpg","","Bee","https://f1qv-main-data.s3.us-east-1.amazonaws.com/amt/main_task_F1QV/Bee/Natural/Bee_6.jpg","https://f1qv-main-data.s3.us-east-1.amazonaws.com/amt/main_task_F1QV/Bee/Tactile/6.png","","[{""question1"":{""angle_match"":true,""view_frontal"":false,""view_perspective"":false,""view_side"":false,""view_top"":true},""question10"":{""angle_match"":true,""view_frontal"":false,""view_perspective"":false,""view_side"":false,""view_top"":true},""question2"":{""angle_match"":true,""view_frontal"":false,""view_perspective"":false,""view_side"":true,""view_top"":false},""question3"":{""angle_match"":true,""view_frontal"":false,""view_perspective"":false,""view_side"":true,""view_top"":false},""question4"":{""angle_match"":true,""view_frontal"":true,""view_perspective"":false,""view_side"":false,""view_top"":false},""question5"":{""angle_match"":true,""view_frontal"":false,""view_perspective"":false,""view_side"":true,""view_top"":false},""question6"":{""angle_match"":true,""view_frontal"":false,""view_perspective"":false,""view_side"":true,""view_top"":false},""question7"":{""angle_match"":true,""view_frontal"":false,""view_perspective"":false,""view_side"":true,""view_top"":false},""question8"":{""angle_match"":true,""view_frontal"":true,""view_perspective"":false,""view_side"":false,""view_top"":false},""question9"":{""angle_match"":true,""view_frontal"":false,""view_perspective"":false,""view_side"":true,""view_top"":false}}]"
"39KV3A5D20LGHYVPN1O0I1P5TDM7SM","3BHRGUFAI0A6J7Y48A1RI398KZYCSF","Categorize images based on object's view.","Review 10 animal’s line-arts and judge if it has same or different views. Identify view for each tactile. (10 pairs)","tactile, image review, accessibility, animals","$0.05","Tue Mar 03 20:32:23 PST 2026","7","BatchId:5376447;OriginalHitTemplateId:928390873;","3600","2592000","Mon Mar 23 21:32:23 PDT 2026","","","30BUDKLTY6926VAHOFUZJK3NTDQ5EL","A3OLY20VMA8SPJ","Submitted","Tue Mar 03 20:39:37 PST 2026","Tue Mar 03 20:58:36 PST 2026","Thu Apr 02 21:58:36 PDT 2026","","","","1139","100% (15/15)","100% (15/15)","0% (0/0)","Giraffe","https://f1qv-main-data.s3.us-east-1.amazonaws.com/amt/main_task_F1QV/Giraffe/Natural/1_Giraffe.jpg","https://f1qv-main-data.s3.us-east-1.amazonaws.com/amt/main_task_F1QV/Giraffe/Tactile/1.jpeg","","Horse","https://f1qv-main-data.s3.us-east-1.amazonaws.com/amt/main_task_F1QV/Horse/Natural/17_Horse.jpeg","https://f1qv-main-data.s3.us-east-1.amazonaws.com/amt/main_task_F1QV/Horse/Tactile/17.jpg","","Horse","https://f1qv-main-data.s3.us-east-1.amazonaws.com/amt/main_task_F1QV/Horse/Natural/18_Horse.jpeg","https://f1qv-main-data.s3.us-east-1.amazonaws.com/amt/main_task_F1QV/Horse/Tactile/18.jpg","","Dog","https://f1qv-main-data.s3.us-east-1.amazonaws.com/amt/main_task_F1QV/Dog/Natural/10_Dog.jpg","https://f1qv-main-data.s3.us-east-1.amazonaws.com/amt/main_task_F1QV/Dog/Tactile/10.jpg","","Dog","https://f1qv-main-data.s3.us-east-1.amazonaws.com/amt/main_task_F1QV/Dog/Natural/14_Dog.jpg","https://f1qv-main-data.s3.us-east-1.amazonaws.com/amt/main_task_F1QV/Dog/Tactile/14.jpg","","Llama","https://f1qv-main-data.s3.us-east-1.amazonaws.com/amt/main_task_F1QV/Llama/Natural/7.jpg","https://f1qv-main-data.s3.us-east-1.amazonaws.com/amt/main_task_F1QV/Llama/Tactile/7.jpg","","Elephant","https://f1qv-main-data.s3.us-east-1.amazonaws.com/amt/main_task_F1QV/Elephant/Natural/17_Elephant.jpeg","https://f1qv-main-data.s3.us-east-1.amazonaws.com/amt/main_task_F1QV/Elephant/Tactile/17.jpg","","Bat","https://f1qv-main-data.s3.us-east-1.amazonaws.com/amt/main_task_F1QV/Bat/Natural/11_2.png","https://f1qv-main-data.s3.us-east-1.amazonaws.com/amt/main_task_F1QV/Bat/Tactile/11.jpeg","","Horse","https://f1qv-main-data.s3.us-east-1.amazonaws.com/amt/main_task_F1QV/Horse/Natural/20_Horse.jpeg","https://f1qv-main-data.s3.us-east-1.amazonaws.com/amt/main_task_F1QV/Horse/Tactile/20.jpg","","Bee","https://f1qv-main-data.s3.us-east-1.amazonaws.com/amt/main_task_F1QV/Bee/Natural/Bee_6.jpg","https://f1qv-main-data.s3.us-east-1.amazonaws.com/amt/main_task_F1QV/Bee/Tactile/6.png","","[{""question1"":{""angle_match"":true,""view_frontal"":false,""view_perspective"":false,""view_side"":true,""view_top"":false},""question10"":{""angle_match"":true,""view_frontal"":true,""view_perspective"":false,""view_side"":false,""view_top"":false},""question2"":{""angle_match"":true,""view_frontal"":false,""view_perspective"":false,""view_side"":true,""view_top"":false},""question3"":{""angle_match"":true,""view_frontal"":false,""view_perspective"":false,""view_side"":true,""view_top"":false},""question4"":{""angle_match"":true,""view_frontal"":false,""view_perspective"":false,""view_side"":false,""view_top"":true},""question5"":{""angle_match"":true,""view_frontal"":false,""view_perspective"":false,""view_side"":true,""view_top"":false},""question6"":{""angle_match"":true,""view_frontal"":false,""view_perspective"":false,""view_side"":true,""view_top"":false},""question7"":{""angle_match"":true,""view_frontal"":false,""view_perspective"":false,""view_side"":true,""view_top"":false},""question8"":{""angle_match"":true,""view_frontal"":true,""view_perspective"":false,""view_side"":false,""view_top"":false},""question9"":{""angle_match"":true,""view_frontal"":false,""view_perspective"":false,""view_side"":true,""view_top"":false}}]"
"39KV3A5D20LGHYVPN1O0I1P5TDM7SM","3BHRGUFAI0A6J7Y48A1RI398KZYCSF","Categorize images based on object's view.","Review 10 animal’s line-arts and judge if it has same or different views. Identify view for each tactile. (10 pairs)","tactile, image review, accessibility, animals","$0.05","Tue Mar 03 20:32:23 PST 2026","7","BatchId:5376447;OriginalHitTemplateId:928390873;","3600","2592000","Mon Mar 23 21:32:23 PDT 2026","","","3E47SOBEZJAZLLLIZ87YI57PDNJICF","A22YCS3UW15WOO","Submitted","Tue Mar 03 20:39:55 PST 2026","Tue Mar 03 21:30:11 PST 2026","Thu Apr 02 22:30:11 PDT 2026","","","","3016","100% (60/60)","100% (12/12)","0% (0/0)","Giraffe","https://f1qv-main-data.s3.us-east-1.amazonaws.com/amt/main_task_F1QV/Giraffe/Natural/1_Giraffe.jpg","https://f1qv-main-data.s3.us-east-1.amazonaws.com/amt/main_task_F1QV/Giraffe/Tactile/1.jpeg","","Horse","https://f1qv-main-data.s3.us-east-1.amazonaws.com/amt/main_task_F1QV/Horse/Natural/17_Horse.jpeg","https://f1qv-main-data.s3.us-east-1.amazonaws.com/amt/main_task_F1QV/Horse/Tactile/17.jpg","","Horse","https://f1qv-main-data.s3.us-east-1.amazonaws.com/amt/main_task_F1QV/Horse/Natural/18_Horse.jpeg","https://f1qv-main-data.s3.us-east-1.amazonaws.com/amt/main_task_F1QV/Horse/Tactile/18.jpg","","Dog","https://f1qv-main-data.s3.us-east-1.amazonaws.com/amt/main_task_F1QV/Dog/Natural/10_Dog.jpg","https://f1qv-main-data.s3.us-east-1.amazonaws.com/amt/main_task_F1QV/Dog/Tactile/10.jpg","","Dog","https://f1qv-main-data.s3.us-east-1.amazonaws.com/amt/main_task_F1QV/Dog/Natural/14_Dog.jpg","https://f1qv-main-data.s3.us-east-1.amazonaws.com/amt/main_task_F1QV/Dog/Tactile/14.jpg","","Llama","https://f1qv-main-data.s3.us-east-1.amazonaws.com/amt/main_task_F1QV/Llama/Natural/7.jpg","https://f1qv-main-data.s3.us-east-1.amazonaws.com/amt/main_task_F1QV/Llama/Tactile/7.jpg","","Elephant","https://f1qv-main-data.s3.us-east-1.amazonaws.com/amt/main_task_F1QV/Elephant/Natural/17_Elephant.jpeg","https://f1qv-main-data.s3.us-east-1.amazonaws.com/amt/main_task_F1QV/Elephant/Tactile/17.jpg","","Bat","https://f1qv-main-data.s3.us-east-1.amazonaws.com/amt/main_task_F1QV/Bat/Natural/11_2.png","https://f1qv-main-data.s3.us-east-1.amazonaws.com/amt/main_task_F1QV/Bat/Tactile/11.jpeg","","Horse","https://f1qv-main-data.s3.us-east-1.amazonaws.com/amt/main_task_F1QV/Horse/Natural/20_Horse.jpeg","https://f1qv-main-data.s3.us-east-1.amazonaws.com/amt/main_task_F1QV/Horse/Tactile/20.jpg","","Bee","https://f1qv-main-data.s3.us-east-1.amazonaws.com/amt/main_task_F1QV/Bee/Natural/Bee_6.jpg","https://f1qv-main-data.s3.us-east-1.amazonaws.com/amt/main_task_F1QV/Bee/Tactile/6.png","","[{""question1"":{""angle_match"":false,""view_frontal"":false,""view_perspective"":true,""view_side"":false,""view_top"":false},""question10"":{""angle_match"":true,""view_frontal"":true,""view_perspective"":false,""view_side"":false,""view_top"":false},""question2"":{""angle_match"":true,""view_frontal"":false,""view_perspective"":false,""view_side"":true,""view_top"":false},""question3"":{""angle_match"":true,""view_frontal"":false,""view_perspective"":false,""view_side"":true,""view_top"":false},""question4"":{""angle_match"":true,""view_frontal"":true,""view_perspective"":false,""view_side"":false,""view_top"":false},""question5"":{""angle_match"":true,""view_frontal"":false,""view_perspective"":false,""view_side"":true,""view_top"":false},""question6"":{""angle_match"":false,""view_frontal"":true,""view_perspective"":false,""view_side"":false,""view_top"":false},""question7"":{""angle_match"":true,""view_frontal"":false,""view_perspective"":false,""view_side"":true,""view_top"":false},""question8"":{""angle_match"":true,""view_frontal"":true,""view_perspective"":false,""view_side"":false,""view_top"":false},""question9"":{""angle_match"":true,""view_frontal"":false,""view_perspective"":false,""view_side"":true,""view_top"":false}}]"
"3YKP7CX6HUTH0CENCF25SCF5PP0B7P","3BHRGUFAI0A6J7Y48A1RI398KZYCSF","Categorize images based on object's view.","Review 10 animal’s line-arts and judge if it has same or different views. Identify view for each tactile. (10 pairs)","tactile, image review, accessibility, animals","$0.05","Tue Mar 03 20:32:23 PST 2026","7","BatchId:5376447;OriginalHitTemplateId:928390873;","3600","2592000","Mon Mar 23 21:32:23 PDT 2026","","","3CFJTT4SYM4T94QM8RZN2JFBCDV7IG","AWGGLWWAXQGN0","Submitted","Tue Mar 03 20:43:26 PST 2026","Tue Mar 03 20:54:11 PST 2026","Thu Apr 02 21:54:11 PDT 2026","","","","645","100% (2/2)","100% (2/2)","0% (0/0)","Dog","https://f1qv-main-data.s3.us-east-1.amazonaws.com/amt/main_task_F1QV/Dog/Natural/3_Dog.jpg","https://f1qv-main-data.s3.us-east-1.amazonaws.com/amt/main_task_F1QV/Dog/Tactile/3.jpg","","Beluga Whale","https://f1qv-main-data.s3.us-east-1.amazonaws.com/amt/main_task_F1QV/Beluga Whale/Natural/Beluga_2.jpg","https://f1qv-main-data.s3.us-east-1.amazonaws.com/amt/main_task_F1QV/Beluga Whale/Tactile/2.jpg","","Dinosaur","https://f1qv-main-data.s3.us-east-1.amazonaws.com/amt/main_task_F1QV/Dinosaur/Natural/18_Dinosaur.jpeg","https://f1qv-main-data.s3.us-east-1.amazonaws.com/amt/main_task_F1QV/Dinosaur/Tactile/18.jpg","","Dinosaur","https://f1qv-main-data.s3.us-east-1.amazonaws.com/amt/main_task_F1QV/Dinosaur/Natural/18_Dinosaur_refined.jpeg","https://f1qv-main-data.s3.us-east-1.amazonaws.com/amt/main_task_F1QV/Dinosaur/Tactile/18_refined.png","","Camel","https://f1qv-main-data.s3.us-east-1.amazonaws.com/amt/main_task_F1QV/Camel/Natural/Camel_2.jpg","https://f1qv-main-data.s3.us-east-1.amazonaws.com/amt/main_task_F1QV/Camel/Tactile/2.png","","Bird","https://f1qv-main-data.s3.us-east-1.amazonaws.com/amt/main_task_F1QV/Bird/Natural/9_Bird(2).jpg","https://f1qv-main-data.s3.us-east-1.amazonaws.com/amt/main_task_F1QV/Bird/Tactile/9.jpg","","Dog","https://f1qv-main-data.s3.us-east-1.amazonaws.com/amt/main_task_F1QV/Dog/Natural/15_Dog(2).jpg","https://f1qv-main-data.s3.us-east-1.amazonaws.com/amt/main_task_F1QV/Dog/Tactile/15.jpg","","Dog","https://f1qv-main-data.s3.us-east-1.amazonaws.com/amt/main_task_F1QV/Dog/Natural/13_Dog(3).jpg","https://f1qv-main-data.s3.us-east-1.amazonaws.com/amt/main_task_F1QV/Dog/Tactile/13.jpg","","Jellyfish","https://f1qv-main-data.s3.us-east-1.amazonaws.com/amt/main_task_F1QV/Jellyfish/Natural/7_3.jpg","https://f1qv-main-data.s3.us-east-1.amazonaws.com/amt/main_task_F1QV/Jellyfish/Tactile/7.jpg","","Fox","https://f1qv-main-data.s3.us-east-1.amazonaws.com/amt/main_task_F1QV/Fox/Natural/Fox_12.jpg","https://f1qv-main-data.s3.us-east-1.amazonaws.com/amt/main_task_F1QV/Fox/Tactile/12.jpg","","[{""question1"":{""angle_match"":true,""view_frontal"":true,""view_perspective"":false,""view_side"":false,""view_top"":false},""question10"":{""angle_match"":true,""view_frontal"":false,""view_perspective"":false,""view_side"":true,""view_top"":false},""question2"":{""angle_match"":true,""view_frontal"":false,""view_perspective"":false,""view_side"":true,""view_top"":false},""question3"":{""angle_match"":true,""view_frontal"":true,""view_perspective"":false,""view_side"":false,""view_top"":false},""question4"":{""angle_match"":true,""view_frontal"":false,""view_perspective"":false,""view_side"":false,""view_top"":true},""question5"":{""angle_match"":true,""view_frontal"":false,""view_perspective"":false,""view_side"":false,""view_top"":true},""question6"":{""angle_match"":true,""view_frontal"":false,""view_perspective"":false,""view_side"":true,""view_top"":false},""question7"":{""angle_match"":true,""view_frontal"":false,""view_perspective"":false,""view_side"":true,""view_top"":false},""question8"":{""angle_match"":true,""view_frontal"":true,""view_perspective"":false,""view_side"":false,""view_top"":false},""question9"":{""angle_match"":false,""view_frontal"":false,""view_perspective"":true,""view_side"":false,""view_top"":false}}]"
"3YKP7CX6HUTH0CENCF25SCF5PP0B7P","3BHRGUFAI0A6J7Y48A1RI398KZYCSF","Categorize images based on object's view.","Review 10 animal’s line-arts and judge if it has same or different views. Identify view for each tactile. (10 pairs)","tactile, image review, accessibility, animals","$0.05","Tue Mar 03 20:32:23 PST 2026","7","BatchId:5376447;OriginalHitTemplateId:928390873;","3600","2592000","Mon Mar 23 21:32:23 PDT 2026","","","3SKEMFQB0WJOFDLTIZC5TZQJF0N8KA","A3OLY20VMA8SPJ","Submitted","Tue Mar 03 20:39:34 PST 2026","Tue Mar 03 20:57:31 PST 2026","Thu Apr 02 21:57:31 PDT 2026","","","","1077","100% (15/15)","100% (15/15)","0% (0/0)","Dog","https://f1qv-main-data.s3.us-east-1.amazonaws.com/amt/main_task_F1QV/Dog/Natural/3_Dog.jpg","https://f1qv-main-data.s3.us-east-1.amazonaws.com/amt/main_task_F1QV/Dog/Tactile/3.jpg","","Beluga Whale","https://f1qv-main-data.s3.us-east-1.amazonaws.com/amt/main_task_F1QV/Beluga Whale/Natural/Beluga_2.jpg","https://f1qv-main-data.s3.us-east-1.amazonaws.com/amt/main_task_F1QV/Beluga Whale/Tactile/2.jpg","","Dinosaur","https://f1qv-main-data.s3.us-east-1.amazonaws.com/amt/main_task_F1QV/Dinosaur/Natural/18_Dinosaur.jpeg","https://f1qv-main-data.s3.us-east-1.amazonaws.com/amt/main_task_F1QV/Dinosaur/Tactile/18.jpg","","Dinosaur","https://f1qv-main-data.s3.us-east-1.amazonaws.com/amt/main_task_F1QV/Dinosaur/Natural/18_Dinosaur_refined.jpeg","https://f1qv-main-data.s3.us-east-1.amazonaws.com/amt/main_task_F1QV/Dinosaur/Tactile/18_refined.png","","Camel","https://f1qv-main-data.s3.us-east-1.amazonaws.com/amt/main_task_F1QV/Camel/Natural/Camel_2.jpg","https://f1qv-main-data.s3.us-east-1.amazonaws.com/amt/main_task_F1QV/Camel/Tactile/2.png","","Bird","https://f1qv-main-data.s3.us-east-1.amazonaws.com/amt/main_task_F1QV/Bird/Natural/9_Bird(2).jpg","https://f1qv-main-data.s3.us-east-1.amazonaws.com/amt/main_task_F1QV/Bird/Tactile/9.jpg","","Dog","https://f1qv-main-data.s3.us-east-1.amazonaws.com/amt/main_task_F1QV/Dog/Natural/15_Dog(2).jpg","https://f1qv-main-data.s3.us-east-1.amazonaws.com/amt/main_task_F1QV/Dog/Tactile/15.jpg","","Dog","https://f1qv-main-data.s3.us-east-1.amazonaws.com/amt/main_task_F1QV/Dog/Natural/13_Dog(3).jpg","https://f1qv-main-data.s3.us-east-1.amazonaws.com/amt/main_task_F1QV/Dog/Tactile/13.jpg","","Jellyfish","https://f1qv-main-data.s3.us-east-1.amazonaws.com/amt/main_task_F1QV/Jellyfish/Natural/7_3.jpg","https://f1qv-main-data.s3.us-east-1.amazonaws.com/amt/main_task_F1QV/Jellyfish/Tactile/7.jpg","","Fox","https://f1qv-main-data.s3.us-east-1.amazonaws.com/amt/main_task_F1QV/Fox/Natural/Fox_12.jpg","https://f1qv-main-data.s3.us-east-1.amazonaws.com/amt/main_task_F1QV/Fox/Tactile/12.jpg","","[{""question1"":{""angle_match"":true,""view_frontal"":false,""view_perspective"":false,""view_side"":true,""view_top"":false},""question10"":{""angle_match"":true,""view_frontal"":false,""view_perspective"":false,""view_side"":true,""view_top"":false},""question2"":{""angle_match"":true,""view_frontal"":false,""view_perspective"":false,""view_side"":true,""view_top"":false},""question3"":{""angle_match"":true,""view_frontal"":false,""view_perspective"":false,""view_side"":false,""view_top"":true},""question4"":{""angle_match"":true,""view_frontal"":false,""view_perspective"":false,""view_side"":false,""view_top"":true},""question5"":{""angle_match"":true,""view_frontal"":false,""view_perspective"":false,""view_side"":true,""view_top"":false},""question6"":{""angle_match"":true,""view_frontal"":false,""view_perspective"":false,""view_side"":true,""view_top"":false},""question7"":{""angle_match"":true,""view_frontal"":false,""view_perspective"":false,""view_side"":true,""view_top"":false},""question8"":{""angle_match"":true,""view_frontal"":false,""view_perspective"":false,""view_side"":true,""view_top"":false},""question9"":{""angle_match"":true,""view_frontal"":true,""view_perspective"":false,""view_side"":false,""view_top"":false}}]"
"3YKP7CX6HUTH0CENCF25SCF5PP0B7P","3BHRGUFAI0A6J7Y48A1RI398KZYCSF","Categorize images based on object's view.","Review 10 animal’s line-arts and judge if it has same or different views. Identify view for each tactile. (10 pairs)","tactile, image review, accessibility, animals","$0.05","Tue Mar 03 20:32:23 PST 2026","7","BatchId:5376447;OriginalHitTemplateId:928390873;","3600","2592000","Mon Mar 23 21:32:23 PDT 2026","","","3P4MQ7TPQQQ6O8F6FYJMLYXU0CZBBS","A1MYCZT6OX9G20","Submitted","Tue Mar 03 20:39:44 PST 2026","Tue Mar 03 21:12:23 PST 2026","Thu Apr 02 22:12:23 PDT 2026","","","","1959","100% (9/9)","0% (0/0)","0% (0/0)","Dog","https://f1qv-main-data.s3.us-east-1.amazonaws.com/amt/main_task_F1QV/Dog/Natural/3_Dog.jpg","https://f1qv-main-data.s3.us-east-1.amazonaws.com/amt/main_task_F1QV/Dog/Tactile/3.jpg","","Beluga Whale","https://f1qv-main-data.s3.us-east-1.amazonaws.com/amt/main_task_F1QV/Beluga Whale/Natural/Beluga_2.jpg","https://f1qv-main-data.s3.us-east-1.amazonaws.com/amt/main_task_F1QV/Beluga Whale/Tactile/2.jpg","","Dinosaur","https://f1qv-main-data.s3.us-east-1.amazonaws.com/amt/main_task_F1QV/Dinosaur/Natural/18_Dinosaur.jpeg","https://f1qv-main-data.s3.us-east-1.amazonaws.com/amt/main_task_F1QV/Dinosaur/Tactile/18.jpg","","Dinosaur","https://f1qv-main-data.s3.us-east-1.amazonaws.com/amt/main_task_F1QV/Dinosaur/Natural/18_Dinosaur_refined.jpeg","https://f1qv-main-data.s3.us-east-1.amazonaws.com/amt/main_task_F1QV/Dinosaur/Tactile/18_refined.png","","Camel","https://f1qv-main-data.s3.us-east-1.amazonaws.com/amt/main_task_F1QV/Camel/Natural/Camel_2.jpg","https://f1qv-main-data.s3.us-east-1.amazonaws.com/amt/main_task_F1QV/Camel/Tactile/2.png","","Bird","https://f1qv-main-data.s3.us-east-1.amazonaws.com/amt/main_task_F1QV/Bird/Natural/9_Bird(2).jpg","https://f1qv-main-data.s3.us-east-1.amazonaws.com/amt/main_task_F1QV/Bird/Tactile/9.jpg","","Dog","https://f1qv-main-data.s3.us-east-1.amazonaws.com/amt/main_task_F1QV/Dog/Natural/15_Dog(2).jpg","https://f1qv-main-data.s3.us-east-1.amazonaws.com/amt/main_task_F1QV/Dog/Tactile/15.jpg","","Dog","https://f1qv-main-data.s3.us-east-1.amazonaws.com/amt/main_task_F1QV/Dog/Natural/13_Dog(3).jpg","https://f1qv-main-data.s3.us-east-1.amazonaws.com/amt/main_task_F1QV/Dog/Tactile/13.jpg","","Jellyfish","https://f1qv-main-data.s3.us-east-1.amazonaws.com/amt/main_task_F1QV/Jellyfish/Natural/7_3.jpg","https://f1qv-main-data.s3.us-east-1.amazonaws.com/amt/main_task_F1QV/Jellyfish/Tactile/7.jpg","","Fox","https://f1qv-main-data.s3.us-east-1.amazonaws.com/amt/main_task_F1QV/Fox/Natural/Fox_12.jpg","https://f1qv-main-data.s3.us-east-1.amazonaws.com/amt/main_task_F1QV/Fox/Tactile/12.jpg","","[{""question1"":{""angle_match"":true,""view_frontal"":false,""view_perspective"":false,""view_side"":true,""view_top"":false},""question10"":{""angle_match"":false,""view_frontal"":false,""view_perspective"":true,""view_side"":false,""view_top"":false},""question2"":{""angle_match"":true,""view_frontal"":false,""view_perspective"":false,""view_side"":true,""view_top"":false},""question3"":{""angle_match"":true,""view_frontal"":true,""view_perspective"":false,""view_side"":false,""view_top"":false},""question4"":{""angle_match"":true,""view_frontal"":true,""view_perspective"":false,""view_side"":false,""view_top"":false},""question5"":{""angle_match"":true,""view_frontal"":false,""view_perspective"":true,""view_side"":false,""view_top"":false},""question6"":{""angle_match"":true,""view_frontal"":false,""view_perspective"":false,""view_side"":true,""view_top"":false},""question7"":{""angle_match"":true,""view_frontal"":false,""view_perspective"":false,""view_side"":true,""view_top"":false},""question8"":{""angle_match"":false,""view_frontal"":false,""view_perspective"":true,""view_side"":false,""view_top"":false},""question9"":{""angle_match"":true,""view_frontal"":true,""view_perspective"":false,""view_side"":false,""view_top"":false}}]"
"3YKP7CX6HUTH0CENCF25SCF5PP0B7P","3BHRGUFAI0A6J7Y48A1RI398KZYCSF","Categorize images based on object's view.","Review 10 animal’s line-arts and judge if it has same or different views. Identify view for each tactile. (10 pairs)","tactile, image review, accessibility, animals","$0.05","Tue Mar 03 20:32:23 PST 2026","7","BatchId:5376447;OriginalHitTemplateId:928390873;","3600","2592000","Mon Mar 23 21:32:23 PDT 2026","","","38BQUHLAAPEMQT8CASEH5Y8NJBNOM1","A33I0A28TLIR6J","Submitted","Tue Mar 03 20:41:20 PST 2026","Tue Mar 03 21:17:07 PST 2026","Thu Apr 02 22:17:07 PDT 2026","","","","2147","100% (1/1)","0% (0/0)","0% (0/0)","Dog","https://f1qv-main-data.s3.us-east-1.amazonaws.com/amt/main_task_F1QV/Dog/Natural/3_Dog.jpg","https://f1qv-main-data.s3.us-east-1.amazonaws.com/amt/main_task_F1QV/Dog/Tactile/3.jpg","","Beluga Whale","https://f1qv-main-data.s3.us-east-1.amazonaws.com/amt/main_task_F1QV/Beluga Whale/Natural/Beluga_2.jpg","https://f1qv-main-data.s3.us-east-1.amazonaws.com/amt/main_task_F1QV/Beluga Whale/Tactile/2.jpg","","Dinosaur","https://f1qv-main-data.s3.us-east-1.amazonaws.com/amt/main_task_F1QV/Dinosaur/Natural/18_Dinosaur.jpeg","https://f1qv-main-data.s3.us-east-1.amazonaws.com/amt/main_task_F1QV/Dinosaur/Tactile/18.jpg","","Dinosaur","https://f1qv-main-data.s3.us-east-1.amazonaws.com/amt/main_task_F1QV/Dinosaur/Natural/18_Dinosaur_refined.jpeg","https://f1qv-main-data.s3.us-east-1.amazonaws.com/amt/main_task_F1QV/Dinosaur/Tactile/18_refined.png","","Camel","https://f1qv-main-data.s3.us-east-1.amazonaws.com/amt/main_task_F1QV/Camel/Natural/Camel_2.jpg","https://f1qv-main-data.s3.us-east-1.amazonaws.com/amt/main_task_F1QV/Camel/Tactile/2.png","","Bird","https://f1qv-main-data.s3.us-east-1.amazonaws.com/amt/main_task_F1QV/Bird/Natural/9_Bird(2).jpg","https://f1qv-main-data.s3.us-east-1.amazonaws.com/amt/main_task_F1QV/Bird/Tactile/9.jpg","","Dog","https://f1qv-main-data.s3.us-east-1.amazonaws.com/amt/main_task_F1QV/Dog/Natural/15_Dog(2).jpg","https://f1qv-main-data.s3.us-east-1.amazonaws.com/amt/main_task_F1QV/Dog/Tactile/15.jpg","","Dog","https://f1qv-main-data.s3.us-east-1.amazonaws.com/amt/main_task_F1QV/Dog/Natural/13_Dog(3).jpg","https://f1qv-main-data.s3.us-east-1.amazonaws.com/amt/main_task_F1QV/Dog/Tactile/13.jpg","","Jellyfish","https://f1qv-main-data.s3.us-east-1.amazonaws.com/amt/main_task_F1QV/Jellyfish/Natural/7_3.jpg","https://f1qv-main-data.s3.us-east-1.amazonaws.com/amt/main_task_F1QV/Jellyfish/Tactile/7.jpg","","Fox","https://f1qv-main-data.s3.us-east-1.amazonaws.com/amt/main_task_F1QV/Fox/Natural/Fox_12.jpg","https://f1qv-main-data.s3.us-east-1.amazonaws.com/amt/main_task_F1QV/Fox/Tactile/12.jpg","","[{""question1"":{""angle_match"":true,""view_frontal"":false,""view_perspective"":false,""view_side"":true,""view_top"":false},""question10"":{""angle_match"":true,""view_frontal"":false,""view_perspective"":true,""view_side"":false,""view_top"":false},""question2"":{""angle_match"":true,""view_frontal"":false,""view_perspective"":false,""view_side"":true,""view_top"":false},""question3"":{""angle_match"":true,""view_frontal"":true,""view_perspective"":false,""view_side"":false,""view_top"":false},""question4"":{""angle_match"":true,""view_frontal"":true,""view_perspective"":false,""view_side"":false,""view_top"":false},""question5"":{""angle_match"":true,""view_frontal"":false,""view_perspective"":false,""view_side"":true,""view_top"":false},""question6"":{""angle_match"":true,""view_frontal"":false,""view_perspective"":false,""view_side"":true,""view_top"":false},""question7"":{""angle_match"":true,""view_frontal"":false,""view_perspective"":false,""view_side"":true,""view_top"":false},""question8"":{""angle_match"":true,""view_frontal"":false,""view_perspective"":false,""view_side"":true,""view_top"":false},""question9"":{""angle_match"":true,""view_frontal"":true,""view_perspective"":false,""view_side"":false,""view_top"":false}}]"
"3YKP7CX6HUTH0CENCF25SCF5PP0B7P","3BHRGUFAI0A6J7Y48A1RI398KZYCSF","Categorize images based on object's view.","Review 10 animal’s line-arts and judge if it has same or different views. Identify view for each tactile. (10 pairs)","tactile, image review, accessibility, animals","$0.05","Tue Mar 03 20:32:23 PST 2026","7","BatchId:5376447;OriginalHitTemplateId:928390873;","3600","2592000","Mon Mar 23 21:32:23 PDT 2026","","","3U5NZHP4MKGIJFJ2YVBJ2T5HCTHPH5","ALJH5865ISWT1","Submitted","Tue Mar 03 20:38:54 PST 2026","Tue Mar 03 21:29:49 PST 2026","Thu Apr 02 22:29:49 PDT 2026","","","","3055","100% (2/2)","100% (2/2)","0% (0/0)","Dog","https://f1qv-main-data.s3.us-east-1.amazonaws.com/amt/main_task_F1QV/Dog/Natural/3_Dog.jpg","https://f1qv-main-data.s3.us-east-1.amazonaws.com/amt/main_task_F1QV/Dog/Tactile/3.jpg","","Beluga Whale","https://f1qv-main-data.s3.us-east-1.amazonaws.com/amt/main_task_F1QV/Beluga Whale/Natural/Beluga_2.jpg","https://f1qv-main-data.s3.us-east-1.amazonaws.com/amt/main_task_F1QV/Beluga Whale/Tactile/2.jpg","","Dinosaur","https://f1qv-main-data.s3.us-east-1.amazonaws.com/amt/main_task_F1QV/Dinosaur/Natural/18_Dinosaur.jpeg","https://f1qv-main-data.s3.us-east-1.amazonaws.com/amt/main_task_F1QV/Dinosaur/Tactile/18.jpg","","Dinosaur","https://f1qv-main-data.s3.us-east-1.amazonaws.com/amt/main_task_F1QV/Dinosaur/Natural/18_Dinosaur_refined.jpeg","https://f1qv-main-data.s3.us-east-1.amazonaws.com/amt/main_task_F1QV/Dinosaur/Tactile/18_refined.png","","Camel","https://f1qv-main-data.s3.us-east-1.amazonaws.com/amt/main_task_F1QV/Camel/Natural/Camel_2.jpg","https://f1qv-main-data.s3.us-east-1.amazonaws.com/amt/main_task_F1QV/Camel/Tactile/2.png","","Bird","https://f1qv-main-data.s3.us-east-1.amazonaws.com/amt/main_task_F1QV/Bird/Natural/9_Bird(2).jpg","https://f1qv-main-data.s3.us-east-1.amazonaws.com/amt/main_task_F1QV/Bird/Tactile/9.jpg","","Dog","https://f1qv-main-data.s3.us-east-1.amazonaws.com/amt/main_task_F1QV/Dog/Natural/15_Dog(2).jpg","https://f1qv-main-data.s3.us-east-1.amazonaws.com/amt/main_task_F1QV/Dog/Tactile/15.jpg","","Dog","https://f1qv-main-data.s3.us-east-1.amazonaws.com/amt/main_task_F1QV/Dog/Natural/13_Dog(3).jpg","https://f1qv-main-data.s3.us-east-1.amazonaws.com/amt/main_task_F1QV/Dog/Tactile/13.jpg","","Jellyfish","https://f1qv-main-data.s3.us-east-1.amazonaws.com/amt/main_task_F1QV/Jellyfish/Natural/7_3.jpg","https://f1qv-main-data.s3.us-east-1.amazonaws.com/amt/main_task_F1QV/Jellyfish/Tactile/7.jpg","","Fox","https://f1qv-main-data.s3.us-east-1.amazonaws.com/amt/main_task_F1QV/Fox/Natural/Fox_12.jpg","https://f1qv-main-data.s3.us-east-1.amazonaws.com/amt/main_task_F1QV/Fox/Tactile/12.jpg","","[{""question1"":{""angle_match"":true,""view_frontal"":false,""view_perspective"":false,""view_side"":true,""view_top"":false},""question10"":{""angle_match"":true,""view_frontal"":false,""view_perspective"":false,""view_side"":true,""view_top"":false},""question2"":{""angle_match"":true,""view_frontal"":false,""view_perspective"":false,""view_side"":true,""view_top"":false},""question3"":{""angle_match"":true,""view_frontal"":true,""view_perspective"":false,""view_side"":false,""view_top"":false},""question4"":{""angle_match"":true,""view_frontal"":true,""view_perspective"":false,""view_side"":false,""view_top"":false},""question5"":{""angle_match"":true,""view_frontal"":false,""view_perspective"":false,""view_side"":true,""view_top"":false},""question6"":{""angle_match"":true,""view_frontal"":false,""view_perspective"":false,""view_side"":true,""view_top"":false},""question7"":{""angle_match"":true,""view_frontal"":false,""view_perspective"":false,""view_side"":true,""view_top"":false},""question8"":{""angle_match"":true,""view_frontal"":false,""view_perspective"":false,""view_side"":true,""view_top"":false},""question9"":{""angle_match"":true,""view_frontal"":true,""view_perspective"":false,""view_side"":false,""view_top"":false}}]"
"3YKP7CX6HUTH0CENCF25SCF5PP0B7P","3BHRGUFAI0A6J7Y48A1RI398KZYCSF","Categorize images based on object's view.","Review 10 animal’s line-arts and judge if it has same or different views. Identify view for each tactile. (10 pairs)","tactile, image review, accessibility, animals","$0.05","Tue Mar 03 20:32:23 PST 2026","7","BatchId:5376447;OriginalHitTemplateId:928390873;","3600","2592000","Mon Mar 23 21:32:23 PDT 2026","","","3QHK8ZVMJFWI1H1I6B8GZ1TZC6DLBP","A22YCS3UW15WOO","Submitted","Tue Mar 03 20:40:00 PST 2026","Tue Mar 03 21:35:20 PST 2026","Thu Apr 02 22:35:20 PDT 2026","","","","3320","100% (60/60)","100% (12/12)","0% (0/0)","Dog","https://f1qv-main-data.s3.us-east-1.amazonaws.com/amt/main_task_F1QV/Dog/Natural/3_Dog.jpg","https://f1qv-main-data.s3.us-east-1.amazonaws.com/amt/main_task_F1QV/Dog/Tactile/3.jpg","","Beluga Whale","https://f1qv-main-data.s3.us-east-1.amazonaws.com/amt/main_task_F1QV/Beluga Whale/Natural/Beluga_2.jpg","https://f1qv-main-data.s3.us-east-1.amazonaws.com/amt/main_task_F1QV/Beluga Whale/Tactile/2.jpg","","Dinosaur","https://f1qv-main-data.s3.us-east-1.amazonaws.com/amt/main_task_F1QV/Dinosaur/Natural/18_Dinosaur.jpeg","https://f1qv-main-data.s3.us-east-1.amazonaws.com/amt/main_task_F1QV/Dinosaur/Tactile/18.jpg","","Dinosaur","https://f1qv-main-data.s3.us-east-1.amazonaws.com/amt/main_task_F1QV/Dinosaur/Natural/18_Dinosaur_refined.jpeg","https://f1qv-main-data.s3.us-east-1.amazonaws.com/amt/main_task_F1QV/Dinosaur/Tactile/18_refined.png","","Camel","https://f1qv-main-data.s3.us-east-1.amazonaws.com/amt/main_task_F1QV/Camel/Natural/Camel_2.jpg","https://f1qv-main-data.s3.us-east-1.amazonaws.com/amt/main_task_F1QV/Camel/Tactile/2.png","","Bird","https://f1qv-main-data.s3.us-east-1.amazonaws.com/amt/main_task_F1QV/Bird/Natural/9_Bird(2).jpg","https://f1qv-main-data.s3.us-east-1.amazonaws.com/amt/main_task_F1QV/Bird/Tactile/9.jpg","","Dog","https://f1qv-main-data.s3.us-east-1.amazonaws.com/amt/main_task_F1QV/Dog/Natural/15_Dog(2).jpg","https://f1qv-main-data.s3.us-east-1.amazonaws.com/amt/main_task_F1QV/Dog/Tactile/15.jpg","","Dog","https://f1qv-main-data.s3.us-east-1.amazonaws.com/amt/main_task_F1QV/Dog/Natural/13_Dog(3).jpg","https://f1qv-main-data.s3.us-east-1.amazonaws.com/amt/main_task_F1QV/Dog/Tactile/13.jpg","","Jellyfish","https://f1qv-main-data.s3.us-east-1.amazonaws.com/amt/main_task_F1QV/Jellyfish/Natural/7_3.jpg","https://f1qv-main-data.s3.us-east-1.amazonaws.com/amt/main_task_F1QV/Jellyfish/Tactile/7.jpg","","Fox","https://f1qv-main-data.s3.us-east-1.amazonaws.com/amt/main_task_F1QV/Fox/Natural/Fox_12.jpg","https://f1qv-main-data.s3.us-east-1.amazonaws.com/amt/main_task_F1QV/Fox/Tactile/12.jpg","","[{""question1"":{""angle_match"":true,""view_frontal"":false,""view_perspective"":false,""view_side"":true,""view_top"":false},""question10"":{""angle_match"":true,""view_frontal"":false,""view_perspective"":true,""view_side"":false,""view_top"":false},""question2"":{""angle_match"":true,""view_frontal"":true,""view_perspective"":false,""view_side"":false,""view_top"":false},""question3"":{""angle_match"":true,""view_frontal"":true,""view_perspective"":false,""view_side"":false,""view_top"":false},""question4"":{""angle_match"":true,""view_frontal"":true,""view_perspective"":false,""view_side"":false,""view_top"":false},""question5"":{""angle_match"":true,""view_frontal"":false,""view_perspective"":false,""view_side"":true,""view_top"":false},""question6"":{""angle_match"":true,""view_frontal"":false,""view_perspective"":true,""view_side"":false,""view_top"":false},""question7"":{""angle_match"":true,""view_frontal"":false,""view_perspective"":false,""view_side"":true,""view_top"":false},""question8"":{""angle_match"":false,""view_frontal"":false,""view_perspective"":false,""view_side"":true,""view_top"":false},""question9"":{""angle_match"":true,""view_frontal"":false,""view_perspective"":false,""view_side"":true,""view_top"":false}}]"
"3YKP7CX6HUTH0CENCF25SCF5PP0B7P","3BHRGUFAI0A6J7Y48A1RI398KZYCSF","Categorize images based on object's view.","Review 10 animal’s line-arts and judge if it has same or different views. Identify view for each tactile. (10 pairs)","tactile, image review, accessibility, animals","$0.05","Tue Mar 03 20:32:23 PST 2026","7","BatchId:5376447;OriginalHitTemplateId:928390873;","3600","2592000","Mon Mar 23 21:32:23 PDT 2026","","","3FE2ERCC0QMSBW5P2869M22IOH8OP9","A3F293Q71V7LXQ","Submitted","Tue Mar 03 21:43:44 PST 2026","Tue Mar 03 21:51:26 PST 2026","Thu Apr 02 22:51:26 PDT 2026","","","","462","0% (0/0)","0% (0/0)","0% (0/0)","Dog","https://f1qv-main-data.s3.us-east-1.amazonaws.com/amt/main_task_F1QV/Dog/Natural/3_Dog.jpg","https://f1qv-main-data.s3.us-east-1.amazonaws.com/amt/main_task_F1QV/Dog/Tactile/3.jpg","","Beluga Whale","https://f1qv-main-data.s3.us-east-1.amazonaws.com/amt/main_task_F1QV/Beluga Whale/Natural/Beluga_2.jpg","https://f1qv-main-data.s3.us-east-1.amazonaws.com/amt/main_task_F1QV/Beluga Whale/Tactile/2.jpg","","Dinosaur","https://f1qv-main-data.s3.us-east-1.amazonaws.com/amt/main_task_F1QV/Dinosaur/Natural/18_Dinosaur.jpeg","https://f1qv-main-data.s3.us-east-1.amazonaws.com/amt/main_task_F1QV/Dinosaur/Tactile/18.jpg","","Dinosaur","https://f1qv-main-data.s3.us-east-1.amazonaws.com/amt/main_task_F1QV/Dinosaur/Natural/18_Dinosaur_refined.jpeg","https://f1qv-main-data.s3.us-east-1.amazonaws.com/amt/main_task_F1QV/Dinosaur/Tactile/18_refined.png","","Camel","https://f1qv-main-data.s3.us-east-1.amazonaws.com/amt/main_task_F1QV/Camel/Natural/Camel_2.jpg","https://f1qv-main-data.s3.us-east-1.amazonaws.com/amt/main_task_F1QV/Camel/Tactile/2.png","","Bird","https://f1qv-main-data.s3.us-east-1.amazonaws.com/amt/main_task_F1QV/Bird/Natural/9_Bird(2).jpg","https://f1qv-main-data.s3.us-east-1.amazonaws.com/amt/main_task_F1QV/Bird/Tactile/9.jpg","","Dog","https://f1qv-main-data.s3.us-east-1.amazonaws.com/amt/main_task_F1QV/Dog/Natural/15_Dog(2).jpg","https://f1qv-main-data.s3.us-east-1.amazonaws.com/amt/main_task_F1QV/Dog/Tactile/15.jpg","","Dog","https://f1qv-main-data.s3.us-east-1.amazonaws.com/amt/main_task_F1QV/Dog/Natural/13_Dog(3).jpg","https://f1qv-main-data.s3.us-east-1.amazonaws.com/amt/main_task_F1QV/Dog/Tactile/13.jpg","","Jellyfish","https://f1qv-main-data.s3.us-east-1.amazonaws.com/amt/main_task_F1QV/Jellyfish/Natural/7_3.jpg","https://f1qv-main-data.s3.us-east-1.amazonaws.com/amt/main_task_F1QV/Jellyfish/Tactile/7.jpg","","Fox","https://f1qv-main-data.s3.us-east-1.amazonaws.com/amt/main_task_F1QV/Fox/Natural/Fox_12.jpg","https://f1qv-main-data.s3.us-east-1.amazonaws.com/amt/main_task_F1QV/Fox/Tactile/12.jpg","","[{""question1"":{""angle_match"":true,""view_frontal"":false,""view_perspective"":false,""view_side"":true,""view_top"":false},""question10"":{""angle_match"":true,""view_frontal"":false,""view_perspective"":false,""view_side"":true,""view_top"":false},""question2"":{""angle_match"":true,""view_frontal"":false,""view_perspective"":false,""view_side"":true,""view_top"":false},""question3"":{""angle_match"":true,""view_frontal"":false,""view_perspective"":false,""view_side"":false,""view_top"":true},""question4"":{""angle_match"":true,""view_frontal"":false,""view_perspective"":false,""view_side"":false,""view_top"":true},""question5"":{""angle_match"":true,""view_frontal"":false,""view_perspective"":false,""view_side"":true,""view_top"":false},""question6"":{""angle_match"":true,""view_frontal"":false,""view_perspective"":false,""view_side"":true,""view_top"":false},""question7"":{""angle_match"":true,""view_frontal"":false,""view_perspective"":false,""view_side"":true,""view_top"":false},""question8"":{""angle_match"":true,""view_frontal"":false,""view_perspective"":false,""view_side"":true,""view_top"":false},""question9"":{""angle_match"":true,""view_frontal"":true,""view_perspective"":false,""view_side"":false,""view_top"":false}}]"
"306W7JMRZQCL0QJ6MKUB6CB0096B8C","3BHRGUFAI0A6J7Y48A1RI398KZYCSF","Categorize images based on object's view.","Review 10 animal’s line-arts and judge if it has same or different views. Identify view for each tactile. (10 pairs)","tactile, image review, accessibility, animals","$0.05","Tue Mar 03 20:32:23 PST 2026","7","BatchId:5376447;OriginalHitTemplateId:928390873;","3600","2592000","Mon Mar 23 21:32:23 PDT 2026","","","3R2PKQ87OPMCU7X9CX1CL1C172RIM3","A1E8TZHMLQMG4L","Submitted","Tue Mar 03 20:44:37 PST 2026","Tue Mar 03 20:47:51 PST 2026","Thu Apr 02 21:47:51 PDT 2026","","","","194","100% (22/22)","0% (0/0)","0% (0/0)","Fish","https://f1qv-main-data.s3.us-east-1.amazonaws.com/amt/main_task_F1QV/Fish/Natural/10_fish.jpg","https://f1qv-main-data.s3.us-east-1.amazonaws.com/amt/main_task_F1QV/Fish/Tactile/10.jpg","","Camel","https://f1qv-main-data.s3.us-east-1.amazonaws.com/amt/main_task_F1QV/Camel/Natural/Camel_6.jpg","https://f1qv-main-data.s3.us-east-1.amazonaws.com/amt/main_task_F1QV/Camel/Tactile/6.jpg","","Jellyfish","https://f1qv-main-data.s3.us-east-1.amazonaws.com/amt/main_task_F1QV/Jellyfish/Natural/3_2.jpg","https://f1qv-main-data.s3.us-east-1.amazonaws.com/amt/main_task_F1QV/Jellyfish/Tactile/3.jpg","","Giraffe","https://f1qv-main-data.s3.us-east-1.amazonaws.com/amt/main_task_F1QV/Giraffe/Natural/5_Giraffe.jpg","https://f1qv-main-data.s3.us-east-1.amazonaws.com/amt/main_task_F1QV/Giraffe/Tactile/5.jpeg","","Duck","https://f1qv-main-data.s3.us-east-1.amazonaws.com/amt/main_task_F1QV/Duck/Natural/1_Duck.jpg","https://f1qv-main-data.s3.us-east-1.amazonaws.com/amt/main_task_F1QV/Duck/Tactile/1.jpg","","Bee","https://f1qv-main-data.s3.us-east-1.amazonaws.com/amt/main_task_F1QV/Bee/Natural/Bee_2.jpg","https://f1qv-main-data.s3.us-east-1.amazonaws.com/amt/main_task_F1QV/Bee/Tactile/2.jpg","","Penguin","https://f1qv-main-data.s3.us-east-1.amazonaws.com/amt/main_task_F1QV/Penguin/Natural/2.jpg","https://f1qv-main-data.s3.us-east-1.amazonaws.com/amt/main_task_F1QV/Penguin/Tactile/2.jpeg","","Fish","https://f1qv-main-data.s3.us-east-1.amazonaws.com/amt/main_task_F1QV/Fish/Natural/6_fish.png","https://f1qv-main-data.s3.us-east-1.amazonaws.com/amt/main_task_F1QV/Fish/Tactile/6.jpg","","Bird","https://f1qv-main-data.s3.us-east-1.amazonaws.com/amt/main_task_F1QV/Bird/Natural/13_Bird.jpg","https://f1qv-main-data.s3.us-east-1.amazonaws.com/amt/main_task_F1QV/Bird/Tactile/13.jpg","","Bee","https://f1qv-main-data.s3.us-east-1.amazonaws.com/amt/main_task_F1QV/Bee/Natural/Bee_7.jpg","https://f1qv-main-data.s3.us-east-1.amazonaws.com/amt/main_task_F1QV/Bee/Tactile/7.jpg","","[{""question1"":{""angle_match"":true,""view_frontal"":false,""view_perspective"":false,""view_side"":false,""view_top"":false},""question10"":{""angle_match"":true,""view_frontal"":false,""view_perspective"":false,""view_side"":true,""view_top"":false},""question2"":{""angle_match"":false,""view_frontal"":false,""view_perspective"":false,""view_side"":false,""view_top"":true},""question3"":{""angle_match"":true,""view_frontal"":false,""view_perspective"":false,""view_side"":false,""view_top"":false},""question4"":{""angle_match"":true,""view_frontal"":false,""view_perspective"":false,""view_side"":true,""view_top"":false},""question5"":{""angle_match"":true,""view_frontal"":false,""view_perspective"":false,""view_side"":true,""view_top"":false},""question6"":{""angle_match"":true,""view_frontal"":false,""view_perspective"":false,""view_side"":true,""view_top"":false},""question7"":{""angle_match"":true,""view_frontal"":false,""view_perspective"":false,""view_side"":false,""view_top"":false},""question8"":{""angle_match"":true,""view_frontal"":false,""view_perspective"":false,""view_side"":false,""view_top"":false},""question9"":{""angle_match"":true,""view_frontal"":false,""view_perspective"":false,""view_side"":true,""view_top"":false}}]"
"306W7JMRZQCL0QJ6MKUB6CB0096B8C","3BHRGUFAI0A6J7Y48A1RI398KZYCSF","Categorize images based on object's view.","Review 10 animal’s line-arts and judge if it has same or different views. Identify view for each tactile. (10 pairs)","tactile, image review, accessibility, animals","$0.05","Tue Mar 03 20:32:23 PST 2026","7","BatchId:5376447;OriginalHitTemplateId:928390873;","3600","2592000","Mon Mar 23 21:32:23 PDT 2026","","","3K9FOBBF3AXK2QQF91DPQWTTTWTLNI","A3CWVU18V57686","Submitted","Tue Mar 03 20:42:39 PST 2026","Tue Mar 03 21:05:32 PST 2026","Thu Apr 02 22:05:32 PDT 2026","","","","1373","0% (0/0)","0% (0/0)","0% (0/0)","Fish","https://f1qv-main-data.s3.us-east-1.amazonaws.com/amt/main_task_F1QV/Fish/Natural/10_fish.jpg","https://f1qv-main-data.s3.us-east-1.amazonaws.com/amt/main_task_F1QV/Fish/Tactile/10.jpg","","Camel","https://f1qv-main-data.s3.us-east-1.amazonaws.com/amt/main_task_F1QV/Camel/Natural/Camel_6.jpg","https://f1qv-main-data.s3.us-east-1.amazonaws.com/amt/main_task_F1QV/Camel/Tactile/6.jpg","","Jellyfish","https://f1qv-main-data.s3.us-east-1.amazonaws.com/amt/main_task_F1QV/Jellyfish/Natural/3_2.jpg","https://f1qv-main-data.s3.us-east-1.amazonaws.com/amt/main_task_F1QV/Jellyfish/Tactile/3.jpg","","Giraffe","https://f1qv-main-data.s3.us-east-1.amazonaws.com/amt/main_task_F1QV/Giraffe/Natural/5_Giraffe.jpg","https://f1qv-main-data.s3.us-east-1.amazonaws.com/amt/main_task_F1QV/Giraffe/Tactile/5.jpeg","","Duck","https://f1qv-main-data.s3.us-east-1.amazonaws.com/amt/main_task_F1QV/Duck/Natural/1_Duck.jpg","https://f1qv-main-data.s3.us-east-1.amazonaws.com/amt/main_task_F1QV/Duck/Tactile/1.jpg","","Bee","https://f1qv-main-data.s3.us-east-1.amazonaws.com/amt/main_task_F1QV/Bee/Natural/Bee_2.jpg","https://f1qv-main-data.s3.us-east-1.amazonaws.com/amt/main_task_F1QV/Bee/Tactile/2.jpg","","Penguin","https://f1qv-main-data.s3.us-east-1.amazonaws.com/amt/main_task_F1QV/Penguin/Natural/2.jpg","https://f1qv-main-data.s3.us-east-1.amazonaws.com/amt/main_task_F1QV/Penguin/Tactile/2.jpeg","","Fish","https://f1qv-main-data.s3.us-east-1.amazonaws.com/amt/main_task_F1QV/Fish/Natural/6_fish.png","https://f1qv-main-data.s3.us-east-1.amazonaws.com/amt/main_task_F1QV/Fish/Tactile/6.jpg","","Bird","https://f1qv-main-data.s3.us-east-1.amazonaws.com/amt/main_task_F1QV/Bird/Natural/13_Bird.jpg","https://f1qv-main-data.s3.us-east-1.amazonaws.com/amt/main_task_F1QV/Bird/Tactile/13.jpg","","Bee","https://f1qv-main-data.s3.us-east-1.amazonaws.com/amt/main_task_F1QV/Bee/Natural/Bee_7.jpg","https://f1qv-main-data.s3.us-east-1.amazonaws.com/amt/main_task_F1QV/Bee/Tactile/7.jpg","","[{""question1"":{""angle_match"":true,""view_frontal"":false,""view_perspective"":false,""view_side"":true,""view_top"":false},""question10"":{""angle_match"":false,""view_frontal"":false,""view_perspective"":false,""view_side"":false,""view_top"":true},""question2"":{""angle_match"":true,""view_frontal"":false,""view_perspective"":false,""view_side"":true,""view_top"":false},""question3"":{""angle_match"":false,""view_frontal"":true,""view_perspective"":false,""view_side"":false,""view_top"":false},""question4"":{""angle_match"":true,""view_frontal"":false,""view_perspective"":false,""view_side"":true,""view_top"":false},""question5"":{""angle_match"":true,""view_frontal"":false,""view_perspective"":false,""view_side"":true,""view_top"":false},""question6"":{""angle_match"":false,""view_frontal"":false,""view_perspective"":false,""view_side"":false,""view_top"":true},""question7"":{""angle_match"":false,""view_frontal"":true,""view_perspective"":false,""view_side"":false,""view_top"":false},""question8"":{""angle_match"":true,""view_frontal"":false,""view_perspective"":false,""view_side"":true,""view_top"":false},""question9"":{""angle_match"":true,""view_frontal"":false,""view_perspective"":false,""view_side"":true,""view_top"":false}}]"
"306W7JMRZQCL0QJ6MKUB6CB0096B8C","3BHRGUFAI0A6J7Y48A1RI398KZYCSF","Categorize images based on object's view.","Review 10 animal’s line-arts and judge if it has same or different views. Identify view for each tactile. (10 pairs)","tactile, image review, accessibility, animals","$0.05","Tue Mar 03 20:32:23 PST 2026","7","BatchId:5376447;OriginalHitTemplateId:928390873;","3600","2592000","Mon Mar 23 21:32:23 PDT 2026","","","3DYGAII7QEMVW8I5HLYDB7XI3HIPQ8","AWGGLWWAXQGN0","Submitted","Tue Mar 03 20:44:25 PST 2026","Tue Mar 03 21:10:46 PST 2026","Thu Apr 02 22:10:46 PDT 2026","","","","1581","100% (2/2)","100% (2/2)","0% (0/0)","Fish","https://f1qv-main-data.s3.us-east-1.amazonaws.com/amt/main_task_F1QV/Fish/Natural/10_fish.jpg","https://f1qv-main-data.s3.us-east-1.amazonaws.com/amt/main_task_F1QV/Fish/Tactile/10.jpg","","Camel","https://f1qv-main-data.s3.us-east-1.amazonaws.com/amt/main_task_F1QV/Camel/Natural/Camel_6.jpg","https://f1qv-main-data.s3.us-east-1.amazonaws.com/amt/main_task_F1QV/Camel/Tactile/6.jpg","","Jellyfish","https://f1qv-main-data.s3.us-east-1.amazonaws.com/amt/main_task_F1QV/Jellyfish/Natural/3_2.jpg","https://f1qv-main-data.s3.us-east-1.amazonaws.com/amt/main_task_F1QV/Jellyfish/Tactile/3.jpg","","Giraffe","https://f1qv-main-data.s3.us-east-1.amazonaws.com/amt/main_task_F1QV/Giraffe/Natural/5_Giraffe.jpg","https://f1qv-main-data.s3.us-east-1.amazonaws.com/amt/main_task_F1QV/Giraffe/Tactile/5.jpeg","","Duck","https://f1qv-main-data.s3.us-east-1.amazonaws.com/amt/main_task_F1QV/Duck/Natural/1_Duck.jpg","https://f1qv-main-data.s3.us-east-1.amazonaws.com/amt/main_task_F1QV/Duck/Tactile/1.jpg","","Bee","https://f1qv-main-data.s3.us-east-1.amazonaws.com/amt/main_task_F1QV/Bee/Natural/Bee_2.jpg","https://f1qv-main-data.s3.us-east-1.amazonaws.com/amt/main_task_F1QV/Bee/Tactile/2.jpg","","Penguin","https://f1qv-main-data.s3.us-east-1.amazonaws.com/amt/main_task_F1QV/Penguin/Natural/2.jpg","https://f1qv-main-data.s3.us-east-1.amazonaws.com/amt/main_task_F1QV/Penguin/Tactile/2.jpeg","","Fish","https://f1qv-main-data.s3.us-east-1.amazonaws.com/amt/main_task_F1QV/Fish/Natural/6_fish.png","https://f1qv-main-data.s3.us-east-1.amazonaws.com/amt/main_task_F1QV/Fish/Tactile/6.jpg","","Bird","https://f1qv-main-data.s3.us-east-1.amazonaws.com/amt/main_task_F1QV/Bird/Natural/13_Bird.jpg","https://f1qv-main-data.s3.us-east-1.amazonaws.com/amt/main_task_F1QV/Bird/Tactile/13.jpg","","Bee","https://f1qv-main-data.s3.us-east-1.amazonaws.com/amt/main_task_F1QV/Bee/Natural/Bee_7.jpg","https://f1qv-main-data.s3.us-east-1.amazonaws.com/amt/main_task_F1QV/Bee/Tactile/7.jpg","","[{""question1"":{""angle_match"":true,""view_frontal"":false,""view_perspective"":false,""view_side"":true,""view_top"":false},""question10"":{""angle_match"":true,""view_frontal"":false,""view_perspective"":false,""view_side"":true,""view_top"":false},""question2"":{""angle_match"":true,""view_frontal"":true,""view_perspective"":false,""view_side"":false,""view_top"":false},""question3"":{""angle_match"":true,""view_frontal"":false,""view_perspective"":false,""view_side"":true,""view_top"":false},""question4"":{""angle_match"":true,""view_frontal"":false,""view_perspective"":false,""view_side"":false,""view_top"":true},""question5"":{""angle_match"":true,""view_frontal"":false,""view_perspective"":false,""view_side"":true,""view_top"":false},""question6"":{""angle_match"":true,""view_frontal"":false,""view_perspective"":false,""view_side"":true,""view_top"":false},""question7"":{""angle_match"":true,""view_frontal"":true,""view_perspective"":false,""view_side"":false,""view_top"":false},""question8"":{""angle_match"":true,""view_frontal"":false,""view_perspective"":false,""view_side"":true,""view_top"":false},""question9"":{""angle_match"":true,""view_frontal"":false,""view_perspective"":false,""view_side"":true,""view_top"":false}}]"
"306W7JMRZQCL0QJ6MKUB6CB0096B8C","3BHRGUFAI0A6J7Y48A1RI398KZYCSF","Categorize images based on object's view.","Review 10 animal’s line-arts and judge if it has same or different views. Identify view for each tactile. (10 pairs)","tactile, image review, accessibility, animals","$0.05","Tue Mar 03 20:32:23 PST 2026","7","BatchId:5376447;OriginalHitTemplateId:928390873;","3600","2592000","Mon Mar 23 21:32:23 PDT 2026","","","3JRJSWSMRAZZSGNDAW664N53FI23EY","A1MYCZT6OX9G20","Submitted","Tue Mar 03 20:43:41 PST 2026","Tue Mar 03 21:18:00 PST 2026","Thu Apr 02 22:18:00 PDT 2026","","","","2059","100% (9/9)","0% (0/0)","0% (0/0)","Fish","https://f1qv-main-data.s3.us-east-1.amazonaws.com/amt/main_task_F1QV/Fish/Natural/10_fish.jpg","https://f1qv-main-data.s3.us-east-1.amazonaws.com/amt/main_task_F1QV/Fish/Tactile/10.jpg","","Camel","https://f1qv-main-data.s3.us-east-1.amazonaws.com/amt/main_task_F1QV/Camel/Natural/Camel_6.jpg","https://f1qv-main-data.s3.us-east-1.amazonaws.com/amt/main_task_F1QV/Camel/Tactile/6.jpg","","Jellyfish","https://f1qv-main-data.s3.us-east-1.amazonaws.com/amt/main_task_F1QV/Jellyfish/Natural/3_2.jpg","https://f1qv-main-data.s3.us-east-1.amazonaws.com/amt/main_task_F1QV/Jellyfish/Tactile/3.jpg","","Giraffe","https://f1qv-main-data.s3.us-east-1.amazonaws.com/amt/main_task_F1QV/Giraffe/Natural/5_Giraffe.jpg","https://f1qv-main-data.s3.us-east-1.amazonaws.com/amt/main_task_F1QV/Giraffe/Tactile/5.jpeg","","Duck","https://f1qv-main-data.s3.us-east-1.amazonaws.com/amt/main_task_F1QV/Duck/Natural/1_Duck.jpg","https://f1qv-main-data.s3.us-east-1.amazonaws.com/amt/main_task_F1QV/Duck/Tactile/1.jpg","","Bee","https://f1qv-main-data.s3.us-east-1.amazonaws.com/amt/main_task_F1QV/Bee/Natural/Bee_2.jpg","https://f1qv-main-data.s3.us-east-1.amazonaws.com/amt/main_task_F1QV/Bee/Tactile/2.jpg","","Penguin","https://f1qv-main-data.s3.us-east-1.amazonaws.com/amt/main_task_F1QV/Penguin/Natural/2.jpg","https://f1qv-main-data.s3.us-east-1.amazonaws.com/amt/main_task_F1QV/Penguin/Tactile/2.jpeg","","Fish","https://f1qv-main-data.s3.us-east-1.amazonaws.com/amt/main_task_F1QV/Fish/Natural/6_fish.png","https://f1qv-main-data.s3.us-east-1.amazonaws.com/amt/main_task_F1QV/Fish/Tactile/6.jpg","","Bird","https://f1qv-main-data.s3.us-east-1.amazonaws.com/amt/main_task_F1QV/Bird/Natural/13_Bird.jpg","https://f1qv-main-data.s3.us-east-1.amazonaws.com/amt/main_task_F1QV/Bird/Tactile/13.jpg","","Bee","https://f1qv-main-data.s3.us-east-1.amazonaws.com/amt/main_task_F1QV/Bee/Natural/Bee_7.jpg","https://f1qv-main-data.s3.us-east-1.amazonaws.com/amt/main_task_F1QV/Bee/Tactile/7.jpg","","[{""question1"":{""angle_match"":true,""view_frontal"":false,""view_perspective"":false,""view_side"":true,""view_top"":false},""question10"":{""angle_match"":true,""view_frontal"":false,""view_perspective"":false,""view_side"":false,""view_top"":true},""question2"":{""angle_match"":true,""view_frontal"":false,""view_perspective"":true,""view_side"":false,""view_top"":false},""question3"":{""angle_match"":true,""view_frontal"":true,""view_perspective"":false,""view_side"":false,""view_top"":false},""question4"":{""angle_match"":true,""view_frontal"":false,""view_perspective"":true,""view_side"":false,""view_top"":false},""question5"":{""angle_match"":true,""view_frontal"":false,""view_perspective"":false,""view_side"":true,""view_top"":false},""question6"":{""angle_match"":true,""view_frontal"":false,""view_perspective"":false,""view_side"":false,""view_top"":true},""question7"":{""angle_match"":true,""view_frontal"":true,""view_perspective"":false,""view_side"":false,""view_top"":false},""question8"":{""angle_match"":true,""view_frontal"":false,""view_perspective"":false,""view_side"":true,""view_top"":false},""question9"":{""angle_match"":true,""view_frontal"":false,""view_perspective"":false,""view_side"":true,""view_top"":false}}]"
"306W7JMRZQCL0QJ6MKUB6CB0096B8C","3BHRGUFAI0A6J7Y48A1RI398KZYCSF","Categorize images based on object's view.","Review 10 animal’s line-arts and judge if it has same or different views. Identify view for each tactile. (10 pairs)","tactile, image review, accessibility, animals","$0.05","Tue Mar 03 20:32:23 PST 2026","7","BatchId:5376447;OriginalHitTemplateId:928390873;","3600","2592000","Mon Mar 23 21:32:23 PDT 2026","","","3QAVNHZ3FFIDI7WQ0X8K4Q9TUPTLAX","A33I0A28TLIR6J","Submitted","Tue Mar 03 20:41:23 PST 2026","Tue Mar 03 21:18:05 PST 2026","Thu Apr 02 22:18:05 PDT 2026","","","","2202","100% (1/1)","0% (0/0)","0% (0/0)","Fish","https://f1qv-main-data.s3.us-east-1.amazonaws.com/amt/main_task_F1QV/Fish/Natural/10_fish.jpg","https://f1qv-main-data.s3.us-east-1.amazonaws.com/amt/main_task_F1QV/Fish/Tactile/10.jpg","","Camel","https://f1qv-main-data.s3.us-east-1.amazonaws.com/amt/main_task_F1QV/Camel/Natural/Camel_6.jpg","https://f1qv-main-data.s3.us-east-1.amazonaws.com/amt/main_task_F1QV/Camel/Tactile/6.jpg","","Jellyfish","https://f1qv-main-data.s3.us-east-1.amazonaws.com/amt/main_task_F1QV/Jellyfish/Natural/3_2.jpg","https://f1qv-main-data.s3.us-east-1.amazonaws.com/amt/main_task_F1QV/Jellyfish/Tactile/3.jpg","","Giraffe","https://f1qv-main-data.s3.us-east-1.amazonaws.com/amt/main_task_F1QV/Giraffe/Natural/5_Giraffe.jpg","https://f1qv-main-data.s3.us-east-1.amazonaws.com/amt/main_task_F1QV/Giraffe/Tactile/5.jpeg","","Duck","https://f1qv-main-data.s3.us-east-1.amazonaws.com/amt/main_task_F1QV/Duck/Natural/1_Duck.jpg","https://f1qv-main-data.s3.us-east-1.amazonaws.com/amt/main_task_F1QV/Duck/Tactile/1.jpg","","Bee","https://f1qv-main-data.s3.us-east-1.amazonaws.com/amt/main_task_F1QV/Bee/Natural/Bee_2.jpg","https://f1qv-main-data.s3.us-east-1.amazonaws.com/amt/main_task_F1QV/Bee/Tactile/2.jpg","","Penguin","https://f1qv-main-data.s3.us-east-1.amazonaws.com/amt/main_task_F1QV/Penguin/Natural/2.jpg","https://f1qv-main-data.s3.us-east-1.amazonaws.com/amt/main_task_F1QV/Penguin/Tactile/2.jpeg","","Fish","https://f1qv-main-data.s3.us-east-1.amazonaws.com/amt/main_task_F1QV/Fish/Natural/6_fish.png","https://f1qv-main-data.s3.us-east-1.amazonaws.com/amt/main_task_F1QV/Fish/Tactile/6.jpg","","Bird","https://f1qv-main-data.s3.us-east-1.amazonaws.com/amt/main_task_F1QV/Bird/Natural/13_Bird.jpg","https://f1qv-main-data.s3.us-east-1.amazonaws.com/amt/main_task_F1QV/Bird/Tactile/13.jpg","","Bee","https://f1qv-main-data.s3.us-east-1.amazonaws.com/amt/main_task_F1QV/Bee/Natural/Bee_7.jpg","https://f1qv-main-data.s3.us-east-1.amazonaws.com/amt/main_task_F1QV/Bee/Tactile/7.jpg","","[{""question1"":{""angle_match"":true,""view_frontal"":false,""view_perspective"":false,""view_side"":true,""view_top"":false},""question10"":{""angle_match"":true,""view_frontal"":false,""view_perspective"":false,""view_side"":false,""view_top"":true},""question2"":{""angle_match"":true,""view_frontal"":false,""view_perspective"":true,""view_side"":false,""view_top"":false},""question3"":{""angle_match"":true,""view_frontal"":true,""view_perspective"":false,""view_side"":false,""view_top"":false},""question4"":{""angle_match"":true,""view_frontal"":false,""view_perspective"":true,""view_side"":false,""view_top"":false},""question5"":{""angle_match"":true,""view_frontal"":false,""view_perspective"":false,""view_side"":true,""view_top"":false},""question6"":{""angle_match"":true,""view_frontal"":false,""view_perspective"":false,""view_side"":false,""view_top"":true},""question7"":{""angle_match"":true,""view_frontal"":true,""view_perspective"":false,""view_side"":false,""view_top"":false},""question8"":{""angle_match"":true,""view_frontal"":false,""view_perspective"":false,""view_side"":true,""view_top"":false},""question9"":{""angle_match"":true,""view_frontal"":false,""view_perspective"":false,""view_side"":true,""view_top"":false}}]"
"306W7JMRZQCL0QJ6MKUB6CB0096B8C","3BHRGUFAI0A6J7Y48A1RI398KZYCSF","Categorize images based on object's view.","Review 10 animal’s line-arts and judge if it has same or different views. Identify view for each tactile. (10 pairs)","tactile, image review, accessibility, animals","$0.05","Tue Mar 03 20:32:23 PST 2026","7","BatchId:5376447;OriginalHitTemplateId:928390873;","3600","2592000","Mon Mar 23 21:32:23 PDT 2026","","","3WYGZ5XF4PT6YX02WXIAAQQKRVXKSR","A2V3XARMPINRM8","Submitted","Tue Mar 03 20:44:12 PST 2026","Tue Mar 03 21:22:10 PST 2026","Thu Apr 02 22:22:10 PDT 2026","","","","2278","100% (1/1)","100% (1/1)","100% (1/1)","Fish","https://f1qv-main-data.s3.us-east-1.amazonaws.com/amt/main_task_F1QV/Fish/Natural/10_fish.jpg","https://f1qv-main-data.s3.us-east-1.amazonaws.com/amt/main_task_F1QV/Fish/Tactile/10.jpg","","Camel","https://f1qv-main-data.s3.us-east-1.amazonaws.com/amt/main_task_F1QV/Camel/Natural/Camel_6.jpg","https://f1qv-main-data.s3.us-east-1.amazonaws.com/amt/main_task_F1QV/Camel/Tactile/6.jpg","","Jellyfish","https://f1qv-main-data.s3.us-east-1.amazonaws.com/amt/main_task_F1QV/Jellyfish/Natural/3_2.jpg","https://f1qv-main-data.s3.us-east-1.amazonaws.com/amt/main_task_F1QV/Jellyfish/Tactile/3.jpg","","Giraffe","https://f1qv-main-data.s3.us-east-1.amazonaws.com/amt/main_task_F1QV/Giraffe/Natural/5_Giraffe.jpg","https://f1qv-main-data.s3.us-east-1.amazonaws.com/amt/main_task_F1QV/Giraffe/Tactile/5.jpeg","","Duck","https://f1qv-main-data.s3.us-east-1.amazonaws.com/amt/main_task_F1QV/Duck/Natural/1_Duck.jpg","https://f1qv-main-data.s3.us-east-1.amazonaws.com/amt/main_task_F1QV/Duck/Tactile/1.jpg","","Bee","https://f1qv-main-data.s3.us-east-1.amazonaws.com/amt/main_task_F1QV/Bee/Natural/Bee_2.jpg","https://f1qv-main-data.s3.us-east-1.amazonaws.com/amt/main_task_F1QV/Bee/Tactile/2.jpg","","Penguin","https://f1qv-main-data.s3.us-east-1.amazonaws.com/amt/main_task_F1QV/Penguin/Natural/2.jpg","https://f1qv-main-data.s3.us-east-1.amazonaws.com/amt/main_task_F1QV/Penguin/Tactile/2.jpeg","","Fish","https://f1qv-main-data.s3.us-east-1.amazonaws.com/amt/main_task_F1QV/Fish/Natural/6_fish.png","https://f1qv-main-data.s3.us-east-1.amazonaws.com/amt/main_task_F1QV/Fish/Tactile/6.jpg","","Bird","https://f1qv-main-data.s3.us-east-1.amazonaws.com/amt/main_task_F1QV/Bird/Natural/13_Bird.jpg","https://f1qv-main-data.s3.us-east-1.amazonaws.com/amt/main_task_F1QV/Bird/Tactile/13.jpg","","Bee","https://f1qv-main-data.s3.us-east-1.amazonaws.com/amt/main_task_F1QV/Bee/Natural/Bee_7.jpg","https://f1qv-main-data.s3.us-east-1.amazonaws.com/amt/main_task_F1QV/Bee/Tactile/7.jpg","","[{""question1"":{""angle_match"":true,""view_frontal"":false,""view_perspective"":false,""view_side"":true,""view_top"":false},""question10"":{""angle_match"":true,""view_frontal"":false,""view_perspective"":false,""view_side"":false,""view_top"":true},""question2"":{""angle_match"":true,""view_frontal"":false,""view_perspective"":false,""view_side"":true,""view_top"":false},""question3"":{""angle_match"":true,""view_frontal"":false,""view_perspective"":false,""view_side"":false,""view_top"":false},""question4"":{""angle_match"":true,""view_frontal"":true,""view_perspective"":false,""view_side"":false,""view_top"":false},""question5"":{""angle_match"":true,""view_frontal"":false,""view_perspective"":false,""view_side"":true,""view_top"":false},""question6"":{""angle_match"":true,""view_frontal"":false,""view_perspective"":false,""view_side"":false,""view_top"":true},""question7"":{""angle_match"":true,""view_frontal"":true,""view_perspective"":false,""view_side"":false,""view_top"":false},""question8"":{""angle_match"":true,""view_frontal"":false,""view_perspective"":false,""view_side"":true,""view_top"":false},""question9"":{""angle_match"":true,""view_frontal"":false,""view_perspective"":false,""view_side"":true,""view_top"":false}}]"
"306W7JMRZQCL0QJ6MKUB6CB0096B8C","3BHRGUFAI0A6J7Y48A1RI398KZYCSF","Categorize images based on object's view.","Review 10 animal’s line-arts and judge if it has same or different views. Identify view for each tactile. (10 pairs)","tactile, image review, accessibility, animals","$0.05","Tue Mar 03 20:32:23 PST 2026","7","BatchId:5376447;OriginalHitTemplateId:928390873;","3600","2592000","Mon Mar 23 21:32:23 PDT 2026","","","3LS2AMNW684DB8642LLYM7SSTBIQOM","ALJH5865ISWT1","Submitted","Tue Mar 03 20:39:01 PST 2026","Tue Mar 03 21:32:57 PST 2026","Thu Apr 02 22:32:57 PDT 2026","","","","3236","100% (2/2)","100% (2/2)","0% (0/0)","Fish","https://f1qv-main-data.s3.us-east-1.amazonaws.com/amt/main_task_F1QV/Fish/Natural/10_fish.jpg","https://f1qv-main-data.s3.us-east-1.amazonaws.com/amt/main_task_F1QV/Fish/Tactile/10.jpg","","Camel","https://f1qv-main-data.s3.us-east-1.amazonaws.com/amt/main_task_F1QV/Camel/Natural/Camel_6.jpg","https://f1qv-main-data.s3.us-east-1.amazonaws.com/amt/main_task_F1QV/Camel/Tactile/6.jpg","","Jellyfish","https://f1qv-main-data.s3.us-east-1.amazonaws.com/amt/main_task_F1QV/Jellyfish/Natural/3_2.jpg","https://f1qv-main-data.s3.us-east-1.amazonaws.com/amt/main_task_F1QV/Jellyfish/Tactile/3.jpg","","Giraffe","https://f1qv-main-data.s3.us-east-1.amazonaws.com/amt/main_task_F1QV/Giraffe/Natural/5_Giraffe.jpg","https://f1qv-main-data.s3.us-east-1.amazonaws.com/amt/main_task_F1QV/Giraffe/Tactile/5.jpeg","","Duck","https://f1qv-main-data.s3.us-east-1.amazonaws.com/amt/main_task_F1QV/Duck/Natural/1_Duck.jpg","https://f1qv-main-data.s3.us-east-1.amazonaws.com/amt/main_task_F1QV/Duck/Tactile/1.jpg","","Bee","https://f1qv-main-data.s3.us-east-1.amazonaws.com/amt/main_task_F1QV/Bee/Natural/Bee_2.jpg","https://f1qv-main-data.s3.us-east-1.amazonaws.com/amt/main_task_F1QV/Bee/Tactile/2.jpg","","Penguin","https://f1qv-main-data.s3.us-east-1.amazonaws.com/amt/main_task_F1QV/Penguin/Natural/2.jpg","https://f1qv-main-data.s3.us-east-1.amazonaws.com/amt/main_task_F1QV/Penguin/Tactile/2.jpeg","","Fish","https://f1qv-main-data.s3.us-east-1.amazonaws.com/amt/main_task_F1QV/Fish/Natural/6_fish.png","https://f1qv-main-data.s3.us-east-1.amazonaws.com/amt/main_task_F1QV/Fish/Tactile/6.jpg","","Bird","https://f1qv-main-data.s3.us-east-1.amazonaws.com/amt/main_task_F1QV/Bird/Natural/13_Bird.jpg","https://f1qv-main-data.s3.us-east-1.amazonaws.com/amt/main_task_F1QV/Bird/Tactile/13.jpg","","Bee","https://f1qv-main-data.s3.us-east-1.amazonaws.com/amt/main_task_F1QV/Bee/Natural/Bee_7.jpg","https://f1qv-main-data.s3.us-east-1.amazonaws.com/amt/main_task_F1QV/Bee/Tactile/7.jpg","","[{""question1"":{""angle_match"":true,""view_frontal"":false,""view_perspective"":false,""view_side"":true,""view_top"":false},""question10"":{""angle_match"":true,""view_frontal"":false,""view_perspective"":false,""view_side"":false,""view_top"":true},""question2"":{""angle_match"":true,""view_frontal"":false,""view_perspective"":false,""view_side"":true,""view_top"":false},""question3"":{""angle_match"":true,""view_frontal"":false,""view_perspective"":false,""view_side"":true,""view_top"":false},""question4"":{""angle_match"":true,""view_frontal"":false,""view_perspective"":false,""view_side"":true,""view_top"":false},""question5"":{""angle_match"":true,""view_frontal"":false,""view_perspective"":false,""view_side"":true,""view_top"":false},""question6"":{""angle_match"":true,""view_frontal"":false,""view_perspective"":false,""view_side"":false,""view_top"":true},""question7"":{""angle_match"":true,""view_frontal"":true,""view_perspective"":false,""view_side"":false,""view_top"":false},""question8"":{""angle_match"":true,""view_frontal"":false,""view_perspective"":false,""view_side"":true,""view_top"":false},""question9"":{""angle_match"":true,""view_frontal"":false,""view_perspective"":false,""view_side"":true,""view_top"":false}}]"
"35F6NGNVN0XHWY84C1TQS6LRVW07TB","3BHRGUFAI0A6J7Y48A1RI398KZYCSF","Categorize images based on object's view.","Review 10 animal’s line-arts and judge if it has same or different views. Identify view for each tactile. (10 pairs)","tactile, image review, accessibility, animals","$0.05","Tue Mar 03 20:32:23 PST 2026","7","BatchId:5376447;OriginalHitTemplateId:928390873;","3600","2592000","Mon Mar 23 21:32:23 PDT 2026","","","3S06PH7KTKIYQ7VYRXH3AC8LHLK1D6","A3OLY20VMA8SPJ","Submitted","Tue Mar 03 20:39:06 PST 2026","Tue Mar 03 20:48:40 PST 2026","Thu Apr 02 21:48:40 PDT 2026","","","","574","100% (15/15)","100% (15/15)","0% (0/0)","Bird","https://f1qv-main-data.s3.us-east-1.amazonaws.com/amt/main_task_F1QV/Bird/Natural/14_Bird(2)_Edited.jpg","https://f1qv-main-data.s3.us-east-1.amazonaws.com/amt/main_task_F1QV/Bird/Tactile/14.jpg","","Fox","https://f1qv-main-data.s3.us-east-1.amazonaws.com/amt/main_task_F1QV/Fox/Natural/Fox_7.jpg","https://f1qv-main-data.s3.us-east-1.amazonaws.com/amt/main_task_F1QV/Fox/Tactile/7.jpg","","Dog","https://f1qv-main-data.s3.us-east-1.amazonaws.com/amt/main_task_F1QV/Dog/Natural/15_Dog.jpg","https://f1qv-main-data.s3.us-east-1.amazonaws.com/amt/main_task_F1QV/Dog/Tactile/15.jpg","","Dinosaur","https://f1qv-main-data.s3.us-east-1.amazonaws.com/amt/main_task_F1QV/Dinosaur/Natural/12_Dinosaur.jpg","https://f1qv-main-data.s3.us-east-1.amazonaws.com/amt/main_task_F1QV/Dinosaur/Tactile/12.jpg","","Bird","https://f1qv-main-data.s3.us-east-1.amazonaws.com/amt/main_task_F1QV/Bird/Natural/15_Bird(2)_Edited.jpg","https://f1qv-main-data.s3.us-east-1.amazonaws.com/amt/main_task_F1QV/Bird/Tactile/15.jpg","","Jellyfish","https://f1qv-main-data.s3.us-east-1.amazonaws.com/amt/main_task_F1QV/Jellyfish/Natural/9.jpg","https://f1qv-main-data.s3.us-east-1.amazonaws.com/amt/main_task_F1QV/Jellyfish/Tactile/9.jpg","","Llama","https://f1qv-main-data.s3.us-east-1.amazonaws.com/amt/main_task_F1QV/Llama/Natural/10.jpg","https://f1qv-main-data.s3.us-east-1.amazonaws.com/amt/main_task_F1QV/Llama/Tactile/10.jpg","","Dog","https://f1qv-main-data.s3.us-east-1.amazonaws.com/amt/main_task_F1QV/Dog/Natural/12_Dog(2).jpg","https://f1qv-main-data.s3.us-east-1.amazonaws.com/amt/main_task_F1QV/Dog/Tactile/12.jpg","","Beluga Whale","https://f1qv-main-data.s3.us-east-1.amazonaws.com/amt/main_task_F1QV/Beluga Whale/Natural/Beluga_4.jpg","https://f1qv-main-data.s3.us-east-1.amazonaws.com/amt/main_task_F1QV/Beluga Whale/Tactile/4.jpg","","Llama","https://f1qv-main-data.s3.us-east-1.amazonaws.com/amt/main_task_F1QV/Llama/Natural/6.jpg","https://f1qv-main-data.s3.us-east-1.amazonaws.com/amt/main_task_F1QV/Llama/Tactile/6.jpg","","[{""question1"":{""angle_match"":true,""view_frontal"":false,""view_perspective"":false,""view_side"":true,""view_top"":false},""question10"":{""angle_match"":true,""view_frontal"":false,""view_perspective"":false,""view_side"":true,""view_top"":false},""question2"":{""angle_match"":true,""view_frontal"":false,""view_perspective"":false,""view_side"":false,""view_top"":true},""question3"":{""angle_match"":true,""view_frontal"":false,""view_perspective"":false,""view_side"":true,""view_top"":false},""question4"":{""angle_match"":true,""view_frontal"":false,""view_perspective"":false,""view_side"":true,""view_top"":false},""question5"":{""angle_match"":true,""view_frontal"":false,""view_perspective"":false,""view_side"":true,""view_top"":false},""question6"":{""angle_match"":true,""view_frontal"":true,""view_perspective"":false,""view_side"":false,""view_top"":false},""question7"":{""angle_match"":true,""view_frontal"":false,""view_perspective"":false,""view_side"":false,""view_top"":true},""question8"":{""angle_match"":true,""view_frontal"":false,""view_perspective"":false,""view_side"":true,""view_top"":false},""question9"":{""angle_match"":true,""view_frontal"":false,""view_perspective"":false,""view_side"":true,""view_top"":false}}]"
"35F6NGNVN0XHWY84C1TQS6LRVW07TB","3BHRGUFAI0A6J7Y48A1RI398KZYCSF","Categorize images based on object's view.","Review 10 animal’s line-arts and judge if it has same or different views. Identify view for each tactile. (10 pairs)","tactile, image review, accessibility, animals","$0.05","Tue Mar 03 20:32:23 PST 2026","7","BatchId:5376447;OriginalHitTemplateId:928390873;","3600","2592000","Mon Mar 23 21:32:23 PDT 2026","","","3QRYMNZ7GRV8L3YKIAFGCN3AN9GTNU","AB91OPDEOAWGJ","Submitted","Tue Mar 03 20:44:13 PST 2026","Tue Mar 03 20:51:02 PST 2026","Thu Apr 02 21:51:02 PDT 2026","","","","409","100% (17/17)","100% (4/4)","0% (0/0)","Bird","https://f1qv-main-data.s3.us-east-1.amazonaws.com/amt/main_task_F1QV/Bird/Natural/14_Bird(2)_Edited.jpg","https://f1qv-main-data.s3.us-east-1.amazonaws.com/amt/main_task_F1QV/Bird/Tactile/14.jpg","","Fox","https://f1qv-main-data.s3.us-east-1.amazonaws.com/amt/main_task_F1QV/Fox/Natural/Fox_7.jpg","https://f1qv-main-data.s3.us-east-1.amazonaws.com/amt/main_task_F1QV/Fox/Tactile/7.jpg","","Dog","https://f1qv-main-data.s3.us-east-1.amazonaws.com/amt/main_task_F1QV/Dog/Natural/15_Dog.jpg","https://f1qv-main-data.s3.us-east-1.amazonaws.com/amt/main_task_F1QV/Dog/Tactile/15.jpg","","Dinosaur","https://f1qv-main-data.s3.us-east-1.amazonaws.com/amt/main_task_F1QV/Dinosaur/Natural/12_Dinosaur.jpg","https://f1qv-main-data.s3.us-east-1.amazonaws.com/amt/main_task_F1QV/Dinosaur/Tactile/12.jpg","","Bird","https://f1qv-main-data.s3.us-east-1.amazonaws.com/amt/main_task_F1QV/Bird/Natural/15_Bird(2)_Edited.jpg","https://f1qv-main-data.s3.us-east-1.amazonaws.com/amt/main_task_F1QV/Bird/Tactile/15.jpg","","Jellyfish","https://f1qv-main-data.s3.us-east-1.amazonaws.com/amt/main_task_F1QV/Jellyfish/Natural/9.jpg","https://f1qv-main-data.s3.us-east-1.amazonaws.com/amt/main_task_F1QV/Jellyfish/Tactile/9.jpg","","Llama","https://f1qv-main-data.s3.us-east-1.amazonaws.com/amt/main_task_F1QV/Llama/Natural/10.jpg","https://f1qv-main-data.s3.us-east-1.amazonaws.com/amt/main_task_F1QV/Llama/Tactile/10.jpg","","Dog","https://f1qv-main-data.s3.us-east-1.amazonaws.com/amt/main_task_F1QV/Dog/Natural/12_Dog(2).jpg","https://f1qv-main-data.s3.us-east-1.amazonaws.com/amt/main_task_F1QV/Dog/Tactile/12.jpg","","Beluga Whale","https://f1qv-main-data.s3.us-east-1.amazonaws.com/amt/main_task_F1QV/Beluga Whale/Natural/Beluga_4.jpg","https://f1qv-main-data.s3.us-east-1.amazonaws.com/amt/main_task_F1QV/Beluga Whale/Tactile/4.jpg","","Llama","https://f1qv-main-data.s3.us-east-1.amazonaws.com/amt/main_task_F1QV/Llama/Natural/6.jpg","https://f1qv-main-data.s3.us-east-1.amazonaws.com/amt/main_task_F1QV/Llama/Tactile/6.jpg","","[{""question1"":{""angle_match"":true,""view_frontal"":false,""view_perspective"":false,""view_side"":true,""view_top"":false},""question10"":{""angle_match"":true,""view_frontal"":false,""view_perspective"":false,""view_side"":true,""view_top"":false},""question2"":{""angle_match"":true,""view_frontal"":false,""view_perspective"":true,""view_side"":false,""view_top"":false},""question3"":{""angle_match"":true,""view_frontal"":false,""view_perspective"":false,""view_side"":true,""view_top"":false},""question4"":{""angle_match"":true,""view_frontal"":true,""view_perspective"":false,""view_side"":false,""view_top"":false},""question5"":{""angle_match"":true,""view_frontal"":false,""view_perspective"":false,""view_side"":true,""view_top"":false},""question6"":{""angle_match"":true,""view_frontal"":true,""view_perspective"":false,""view_side"":false,""view_top"":false},""question7"":{""angle_match"":true,""view_frontal"":true,""view_perspective"":false,""view_side"":false,""view_top"":false},""question8"":{""angle_match"":true,""view_frontal"":false,""view_perspective"":false,""view_side"":true,""view_top"":false},""question9"":{""angle_match"":true,""view_frontal"":true,""view_perspective"":false,""view_side"":false,""view_top"":false}}]"
"35F6NGNVN0XHWY84C1TQS6LRVW07TB","3BHRGUFAI0A6J7Y48A1RI398KZYCSF","Categorize images based on object's view.","Review 10 animal’s line-arts and judge if it has same or different views. Identify view for each tactile. (10 pairs)","tactile, image review, accessibility, animals","$0.05","Tue Mar 03 20:32:23 PST 2026","7","BatchId:5376447;OriginalHitTemplateId:928390873;","3600","2592000","Mon Mar 23 21:32:23 PDT 2026","","","3DI28L7YY3S3ID9YNSSNGUQ6HYN1E3","A2V3XARMPINRM8","Submitted","Tue Mar 03 20:42:19 PST 2026","Tue Mar 03 20:57:19 PST 2026","Thu Apr 02 21:57:19 PDT 2026","","","","900","100% (1/1)","100% (1/1)","100% (1/1)","Bird","https://f1qv-main-data.s3.us-east-1.amazonaws.com/amt/main_task_F1QV/Bird/Natural/14_Bird(2)_Edited.jpg","https://f1qv-main-data.s3.us-east-1.amazonaws.com/amt/main_task_F1QV/Bird/Tactile/14.jpg","","Fox","https://f1qv-main-data.s3.us-east-1.amazonaws.com/amt/main_task_F1QV/Fox/Natural/Fox_7.jpg","https://f1qv-main-data.s3.us-east-1.amazonaws.com/amt/main_task_F1QV/Fox/Tactile/7.jpg","","Dog","https://f1qv-main-data.s3.us-east-1.amazonaws.com/amt/main_task_F1QV/Dog/Natural/15_Dog.jpg","https://f1qv-main-data.s3.us-east-1.amazonaws.com/amt/main_task_F1QV/Dog/Tactile/15.jpg","","Dinosaur","https://f1qv-main-data.s3.us-east-1.amazonaws.com/amt/main_task_F1QV/Dinosaur/Natural/12_Dinosaur.jpg","https://f1qv-main-data.s3.us-east-1.amazonaws.com/amt/main_task_F1QV/Dinosaur/Tactile/12.jpg","","Bird","https://f1qv-main-data.s3.us-east-1.amazonaws.com/amt/main_task_F1QV/Bird/Natural/15_Bird(2)_Edited.jpg","https://f1qv-main-data.s3.us-east-1.amazonaws.com/amt/main_task_F1QV/Bird/Tactile/15.jpg","","Jellyfish","https://f1qv-main-data.s3.us-east-1.amazonaws.com/amt/main_task_F1QV/Jellyfish/Natural/9.jpg","https://f1qv-main-data.s3.us-east-1.amazonaws.com/amt/main_task_F1QV/Jellyfish/Tactile/9.jpg","","Llama","https://f1qv-main-data.s3.us-east-1.amazonaws.com/amt/main_task_F1QV/Llama/Natural/10.jpg","https://f1qv-main-data.s3.us-east-1.amazonaws.com/amt/main_task_F1QV/Llama/Tactile/10.jpg","","Dog","https://f1qv-main-data.s3.us-east-1.amazonaws.com/amt/main_task_F1QV/Dog/Natural/12_Dog(2).jpg","https://f1qv-main-data.s3.us-east-1.amazonaws.com/amt/main_task_F1QV/Dog/Tactile/12.jpg","","Beluga Whale","https://f1qv-main-data.s3.us-east-1.amazonaws.com/amt/main_task_F1QV/Beluga Whale/Natural/Beluga_4.jpg","https://f1qv-main-data.s3.us-east-1.amazonaws.com/amt/main_task_F1QV/Beluga Whale/Tactile/4.jpg","","Llama","https://f1qv-main-data.s3.us-east-1.amazonaws.com/amt/main_task_F1QV/Llama/Natural/6.jpg","https://f1qv-main-data.s3.us-east-1.amazonaws.com/amt/main_task_F1QV/Llama/Tactile/6.jpg","","[{""question1"":{""angle_match"":true,""view_frontal"":false,""view_perspective"":false,""view_side"":true,""view_top"":false},""question10"":{""angle_match"":true,""view_frontal"":false,""view_perspective"":false,""view_side"":true,""view_top"":false},""question2"":{""angle_match"":true,""view_frontal"":false,""view_perspective"":false,""view_side"":true,""view_top"":false},""question3"":{""angle_match"":true,""view_frontal"":false,""view_perspective"":false,""view_side"":true,""view_top"":false},""question4"":{""angle_match"":true,""view_frontal"":false,""view_perspective"":false,""view_side"":true,""view_top"":false},""question5"":{""angle_match"":true,""view_frontal"":false,""view_perspective"":false,""view_side"":true,""view_top"":false},""question6"":{""angle_match"":true,""view_frontal"":false,""view_perspective"":false,""view_side"":true,""view_top"":false},""question7"":{""angle_match"":true,""view_frontal"":true,""view_perspective"":false,""view_side"":false,""view_top"":false},""question8"":{""angle_match"":true,""view_frontal"":false,""view_perspective"":false,""view_side"":false,""view_top"":true},""question9"":{""angle_match"":true,""view_frontal"":false,""view_perspective"":false,""view_side"":true,""view_top"":false}}]"
"35F6NGNVN0XHWY84C1TQS6LRVW07TB","3BHRGUFAI0A6J7Y48A1RI398KZYCSF","Categorize images based on object's view.","Review 10 animal’s line-arts and judge if it has same or different views. Identify view for each tactile. (10 pairs)","tactile, image review, accessibility, animals","$0.05","Tue Mar 03 20:32:23 PST 2026","7","BatchId:5376447;OriginalHitTemplateId:928390873;","3600","2592000","Mon Mar 23 21:32:23 PDT 2026","","","3R08VXYT859BAZARX8323AOJRNQ7WI","A1MYCZT6OX9G20","Submitted","Tue Mar 03 20:39:40 PST 2026","Tue Mar 03 21:09:34 PST 2026","Thu Apr 02 22:09:34 PDT 2026","","","","1794","100% (9/9)","0% (0/0)","0% (0/0)","Bird","https://f1qv-main-data.s3.us-east-1.amazonaws.com/amt/main_task_F1QV/Bird/Natural/14_Bird(2)_Edited.jpg","https://f1qv-main-data.s3.us-east-1.amazonaws.com/amt/main_task_F1QV/Bird/Tactile/14.jpg","","Fox","https://f1qv-main-data.s3.us-east-1.amazonaws.com/amt/main_task_F1QV/Fox/Natural/Fox_7.jpg","https://f1qv-main-data.s3.us-east-1.amazonaws.com/amt/main_task_F1QV/Fox/Tactile/7.jpg","","Dog","https://f1qv-main-data.s3.us-east-1.amazonaws.com/amt/main_task_F1QV/Dog/Natural/15_Dog.jpg","https://f1qv-main-data.s3.us-east-1.amazonaws.com/amt/main_task_F1QV/Dog/Tactile/15.jpg","","Dinosaur","https://f1qv-main-data.s3.us-east-1.amazonaws.com/amt/main_task_F1QV/Dinosaur/Natural/12_Dinosaur.jpg","https://f1qv-main-data.s3.us-east-1.amazonaws.com/amt/main_task_F1QV/Dinosaur/Tactile/12.jpg","","Bird","https://f1qv-main-data.s3.us-east-1.amazonaws.com/amt/main_task_F1QV/Bird/Natural/15_Bird(2)_Edited.jpg","https://f1qv-main-data.s3.us-east-1.amazonaws.com/amt/main_task_F1QV/Bird/Tactile/15.jpg","","Jellyfish","https://f1qv-main-data.s3.us-east-1.amazonaws.com/amt/main_task_F1QV/Jellyfish/Natural/9.jpg","https://f1qv-main-data.s3.us-east-1.amazonaws.com/amt/main_task_F1QV/Jellyfish/Tactile/9.jpg","","Llama","https://f1qv-main-data.s3.us-east-1.amazonaws.com/amt/main_task_F1QV/Llama/Natural/10.jpg","https://f1qv-main-data.s3.us-east-1.amazonaws.com/amt/main_task_F1QV/Llama/Tactile/10.jpg","","Dog","https://f1qv-main-data.s3.us-east-1.amazonaws.com/amt/main_task_F1QV/Dog/Natural/12_Dog(2).jpg","https://f1qv-main-data.s3.us-east-1.amazonaws.com/amt/main_task_F1QV/Dog/Tactile/12.jpg","","Beluga Whale","https://f1qv-main-data.s3.us-east-1.amazonaws.com/amt/main_task_F1QV/Beluga Whale/Natural/Beluga_4.jpg","https://f1qv-main-data.s3.us-east-1.amazonaws.com/amt/main_task_F1QV/Beluga Whale/Tactile/4.jpg","","Llama","https://f1qv-main-data.s3.us-east-1.amazonaws.com/amt/main_task_F1QV/Llama/Natural/6.jpg","https://f1qv-main-data.s3.us-east-1.amazonaws.com/amt/main_task_F1QV/Llama/Tactile/6.jpg","","[{""question1"":{""angle_match"":true,""view_frontal"":false,""view_perspective"":false,""view_side"":true,""view_top"":false},""question10"":{""angle_match"":false,""view_frontal"":false,""view_perspective"":true,""view_side"":false,""view_top"":false},""question2"":{""angle_match"":true,""view_frontal"":false,""view_perspective"":true,""view_side"":false,""view_top"":false},""question3"":{""angle_match"":true,""view_frontal"":false,""view_perspective"":false,""view_side"":true,""view_top"":false},""question4"":{""angle_match"":true,""view_frontal"":false,""view_perspective"":true,""view_side"":false,""view_top"":false},""question5"":{""angle_match"":true,""view_frontal"":true,""view_perspective"":false,""view_side"":false,""view_top"":false},""question6"":{""angle_match"":true,""view_frontal"":true,""view_perspective"":false,""view_side"":false,""view_top"":false},""question7"":{""angle_match"":true,""view_frontal"":true,""view_perspective"":false,""view_side"":false,""view_top"":false},""question8"":{""angle_match"":true,""view_frontal"":false,""view_perspective"":true,""view_side"":false,""view_top"":false},""question9"":{""angle_match"":false,""view_frontal"":false,""view_perspective"":true,""view_side"":false,""view_top"":false}}]"
"35F6NGNVN0XHWY84C1TQS6LRVW07TB","3BHRGUFAI0A6J7Y48A1RI398KZYCSF","Categorize images based on object's view.","Review 10 animal’s line-arts and judge if it has same or different views. Identify view for each tactile. (10 pairs)","tactile, image review, accessibility, animals","$0.05","Tue Mar 03 20:32:23 PST 2026","7","BatchId:5376447;OriginalHitTemplateId:928390873;","3600","2592000","Mon Mar 23 21:32:23 PDT 2026","","","3A1COHJ8OC9XDNKLCE98G7ARNJIH8E","ALJH5865ISWT1","Submitted","Tue Mar 03 20:38:50 PST 2026","Tue Mar 03 21:27:17 PST 2026","Thu Apr 02 22:27:17 PDT 2026","","","","2907","100% (2/2)","100% (2/2)","0% (0/0)","Bird","https://f1qv-main-data.s3.us-east-1.amazonaws.com/amt/main_task_F1QV/Bird/Natural/14_Bird(2)_Edited.jpg","https://f1qv-main-data.s3.us-east-1.amazonaws.com/amt/main_task_F1QV/Bird/Tactile/14.jpg","","Fox","https://f1qv-main-data.s3.us-east-1.amazonaws.com/amt/main_task_F1QV/Fox/Natural/Fox_7.jpg","https://f1qv-main-data.s3.us-east-1.amazonaws.com/amt/main_task_F1QV/Fox/Tactile/7.jpg","","Dog","https://f1qv-main-data.s3.us-east-1.amazonaws.com/amt/main_task_F1QV/Dog/Natural/15_Dog.jpg","https://f1qv-main-data.s3.us-east-1.amazonaws.com/amt/main_task_F1QV/Dog/Tactile/15.jpg","","Dinosaur","https://f1qv-main-data.s3.us-east-1.amazonaws.com/amt/main_task_F1QV/Dinosaur/Natural/12_Dinosaur.jpg","https://f1qv-main-data.s3.us-east-1.amazonaws.com/amt/main_task_F1QV/Dinosaur/Tactile/12.jpg","","Bird","https://f1qv-main-data.s3.us-east-1.amazonaws.com/amt/main_task_F1QV/Bird/Natural/15_Bird(2)_Edited.jpg","https://f1qv-main-data.s3.us-east-1.amazonaws.com/amt/main_task_F1QV/Bird/Tactile/15.jpg","","Jellyfish","https://f1qv-main-data.s3.us-east-1.amazonaws.com/amt/main_task_F1QV/Jellyfish/Natural/9.jpg","https://f1qv-main-data.s3.us-east-1.amazonaws.com/amt/main_task_F1QV/Jellyfish/Tactile/9.jpg","","Llama","https://f1qv-main-data.s3.us-east-1.amazonaws.com/amt/main_task_F1QV/Llama/Natural/10.jpg","https://f1qv-main-data.s3.us-east-1.amazonaws.com/amt/main_task_F1QV/Llama/Tactile/10.jpg","","Dog","https://f1qv-main-data.s3.us-east-1.amazonaws.com/amt/main_task_F1QV/Dog/Natural/12_Dog(2).jpg","https://f1qv-main-data.s3.us-east-1.amazonaws.com/amt/main_task_F1QV/Dog/Tactile/12.jpg","","Beluga Whale","https://f1qv-main-data.s3.us-east-1.amazonaws.com/amt/main_task_F1QV/Beluga Whale/Natural/Beluga_4.jpg","https://f1qv-main-data.s3.us-east-1.amazonaws.com/amt/main_task_F1QV/Beluga Whale/Tactile/4.jpg","","Llama","https://f1qv-main-data.s3.us-east-1.amazonaws.com/amt/main_task_F1QV/Llama/Natural/6.jpg","https://f1qv-main-data.s3.us-east-1.amazonaws.com/amt/main_task_F1QV/Llama/Tactile/6.jpg","","[{""question1"":{""angle_match"":true,""view_frontal"":false,""view_perspective"":false,""view_side"":true,""view_top"":false},""question10"":{""angle_match"":true,""view_frontal"":false,""view_perspective"":false,""view_side"":true,""view_top"":false},""question2"":{""angle_match"":true,""view_frontal"":false,""view_perspective"":false,""view_side"":true,""view_top"":false},""question3"":{""angle_match"":true,""view_frontal"":false,""view_perspective"":false,""view_side"":true,""view_top"":false},""question4"":{""angle_match"":true,""view_frontal"":true,""view_perspective"":false,""view_side"":false,""view_top"":false},""question5"":{""angle_match"":true,""view_frontal"":true,""view_perspective"":false,""view_side"":false,""view_top"":false},""question6"":{""angle_match"":true,""view_frontal"":true,""view_perspective"":false,""view_side"":false,""view_top"":false},""question7"":{""angle_match"":true,""view_frontal"":true,""view_perspective"":false,""view_side"":false,""view_top"":false},""question8"":{""angle_match"":true,""view_frontal"":false,""view_perspective"":false,""view_side"":true,""view_top"":false},""question9"":{""angle_match"":true,""view_frontal"":false,""view_perspective"":false,""view_side"":true,""view_top"":false}}]"
"35F6NGNVN0XHWY84C1TQS6LRVW07TB","3BHRGUFAI0A6J7Y48A1RI398KZYCSF","Categorize images based on object's view.","Review 10 animal’s line-arts and judge if it has same or different views. Identify view for each tactile. (10 pairs)","tactile, image review, accessibility, animals","$0.05","Tue Mar 03 20:32:23 PST 2026","7","BatchId:5376447;OriginalHitTemplateId:928390873;","3600","2592000","Mon Mar 23 21:32:23 PDT 2026","","","39OWYR0EQD5SEXKXUSJ2CZMG0KAYFF","A33I0A28TLIR6J","Submitted","Tue Mar 03 20:42:00 PST 2026","Tue Mar 03 21:40:03 PST 2026","Thu Apr 02 22:40:03 PDT 2026","","","","3483","100% (1/1)","0% (0/0)","0% (0/0)","Bird","https://f1qv-main-data.s3.us-east-1.amazonaws.com/amt/main_task_F1QV/Bird/Natural/14_Bird(2)_Edited.jpg","https://f1qv-main-data.s3.us-east-1.amazonaws.com/amt/main_task_F1QV/Bird/Tactile/14.jpg","","Fox","https://f1qv-main-data.s3.us-east-1.amazonaws.com/amt/main_task_F1QV/Fox/Natural/Fox_7.jpg","https://f1qv-main-data.s3.us-east-1.amazonaws.com/amt/main_task_F1QV/Fox/Tactile/7.jpg","","Dog","https://f1qv-main-data.s3.us-east-1.amazonaws.com/amt/main_task_F1QV/Dog/Natural/15_Dog.jpg","https://f1qv-main-data.s3.us-east-1.amazonaws.com/amt/main_task_F1QV/Dog/Tactile/15.jpg","","Dinosaur","https://f1qv-main-data.s3.us-east-1.amazonaws.com/amt/main_task_F1QV/Dinosaur/Natural/12_Dinosaur.jpg","https://f1qv-main-data.s3.us-east-1.amazonaws.com/amt/main_task_F1QV/Dinosaur/Tactile/12.jpg","","Bird","https://f1qv-main-data.s3.us-east-1.amazonaws.com/amt/main_task_F1QV/Bird/Natural/15_Bird(2)_Edited.jpg","https://f1qv-main-data.s3.us-east-1.amazonaws.com/amt/main_task_F1QV/Bird/Tactile/15.jpg","","Jellyfish","https://f1qv-main-data.s3.us-east-1.amazonaws.com/amt/main_task_F1QV/Jellyfish/Natural/9.jpg","https://f1qv-main-data.s3.us-east-1.amazonaws.com/amt/main_task_F1QV/Jellyfish/Tactile/9.jpg","","Llama","https://f1qv-main-data.s3.us-east-1.amazonaws.com/amt/main_task_F1QV/Llama/Natural/10.jpg","https://f1qv-main-data.s3.us-east-1.amazonaws.com/amt/main_task_F1QV/Llama/Tactile/10.jpg","","Dog","https://f1qv-main-data.s3.us-east-1.amazonaws.com/amt/main_task_F1QV/Dog/Natural/12_Dog(2).jpg","https://f1qv-main-data.s3.us-east-1.amazonaws.com/amt/main_task_F1QV/Dog/Tactile/12.jpg","","Beluga Whale","https://f1qv-main-data.s3.us-east-1.amazonaws.com/amt/main_task_F1QV/Beluga Whale/Natural/Beluga_4.jpg","https://f1qv-main-data.s3.us-east-1.amazonaws.com/amt/main_task_F1QV/Beluga Whale/Tactile/4.jpg","","Llama","https://f1qv-main-data.s3.us-east-1.amazonaws.com/amt/main_task_F1QV/Llama/Natural/6.jpg","https://f1qv-main-data.s3.us-east-1.amazonaws.com/amt/main_task_F1QV/Llama/Tactile/6.jpg","","[{""question1"":{""angle_match"":true,""view_frontal"":false,""view_perspective"":false,""view_side"":true,""view_top"":false},""question10"":{""angle_match"":true,""view_frontal"":false,""view_perspective"":false,""view_side"":true,""view_top"":false},""question2"":{""angle_match"":true,""view_frontal"":true,""view_perspective"":false,""view_side"":false,""view_top"":false},""question3"":{""angle_match"":true,""view_frontal"":false,""view_perspective"":false,""view_side"":true,""view_top"":false},""question4"":{""angle_match"":false,""view_frontal"":false,""view_perspective"":true,""view_side"":false,""view_top"":false},""question5"":{""angle_match"":false,""view_frontal"":false,""view_perspective"":false,""view_side"":true,""view_top"":false},""question6"":{""angle_match"":true,""view_frontal"":true,""view_perspective"":false,""view_side"":false,""view_top"":false},""question7"":{""angle_match"":true,""view_frontal"":true,""view_perspective"":false,""view_side"":false,""view_top"":false},""question8"":{""angle_match"":false,""view_frontal"":false,""view_perspective"":true,""view_side"":false,""view_top"":false},""question9"":{""angle_match"":true,""view_frontal"":false,""view_perspective"":false,""view_side"":true,""view_top"":false}}]"
"35F6NGNVN0XHWY84C1TQS6LRVW07TB","3BHRGUFAI0A6J7Y48A1RI398KZYCSF","Categorize images based on object's view.","Review 10 animal’s line-arts and judge if it has same or different views. Identify view for each tactile. (10 pairs)","tactile, image review, accessibility, animals","$0.05","Tue Mar 03 20:32:23 PST 2026","7","BatchId:5376447;OriginalHitTemplateId:928390873;","3600","2592000","Mon Mar 23 21:32:23 PDT 2026","","","3B2X28YI4PT0IWYBJ72EAIB2MDZB6M","A2KDWBYIB444C2","Submitted","Tue Mar 03 21:44:26 PST 2026","Tue Mar 03 21:51:08 PST 2026","Thu Apr 02 22:51:08 PDT 2026","","","","402","0% (0/0)","0% (0/0)","0% (0/0)","Bird","https://f1qv-main-data.s3.us-east-1.amazonaws.com/amt/main_task_F1QV/Bird/Natural/14_Bird(2)_Edited.jpg","https://f1qv-main-data.s3.us-east-1.amazonaws.com/amt/main_task_F1QV/Bird/Tactile/14.jpg","","Fox","https://f1qv-main-data.s3.us-east-1.amazonaws.com/amt/main_task_F1QV/Fox/Natural/Fox_7.jpg","https://f1qv-main-data.s3.us-east-1.amazonaws.com/amt/main_task_F1QV/Fox/Tactile/7.jpg","","Dog","https://f1qv-main-data.s3.us-east-1.amazonaws.com/amt/main_task_F1QV/Dog/Natural/15_Dog.jpg","https://f1qv-main-data.s3.us-east-1.amazonaws.com/amt/main_task_F1QV/Dog/Tactile/15.jpg","","Dinosaur","https://f1qv-main-data.s3.us-east-1.amazonaws.com/amt/main_task_F1QV/Dinosaur/Natural/12_Dinosaur.jpg","https://f1qv-main-data.s3.us-east-1.amazonaws.com/amt/main_task_F1QV/Dinosaur/Tactile/12.jpg","","Bird","https://f1qv-main-data.s3.us-east-1.amazonaws.com/amt/main_task_F1QV/Bird/Natural/15_Bird(2)_Edited.jpg","https://f1qv-main-data.s3.us-east-1.amazonaws.com/amt/main_task_F1QV/Bird/Tactile/15.jpg","","Jellyfish","https://f1qv-main-data.s3.us-east-1.amazonaws.com/amt/main_task_F1QV/Jellyfish/Natural/9.jpg","https://f1qv-main-data.s3.us-east-1.amazonaws.com/amt/main_task_F1QV/Jellyfish/Tactile/9.jpg","","Llama","https://f1qv-main-data.s3.us-east-1.amazonaws.com/amt/main_task_F1QV/Llama/Natural/10.jpg","https://f1qv-main-data.s3.us-east-1.amazonaws.com/amt/main_task_F1QV/Llama/Tactile/10.jpg","","Dog","https://f1qv-main-data.s3.us-east-1.amazonaws.com/amt/main_task_F1QV/Dog/Natural/12_Dog(2).jpg","https://f1qv-main-data.s3.us-east-1.amazonaws.com/amt/main_task_F1QV/Dog/Tactile/12.jpg","","Beluga Whale","https://f1qv-main-data.s3.us-east-1.amazonaws.com/amt/main_task_F1QV/Beluga Whale/Natural/Beluga_4.jpg","https://f1qv-main-data.s3.us-east-1.amazonaws.com/amt/main_task_F1QV/Beluga Whale/Tactile/4.jpg","","Llama","https://f1qv-main-data.s3.us-east-1.amazonaws.com/amt/main_task_F1QV/Llama/Natural/6.jpg","https://f1qv-main-data.s3.us-east-1.amazonaws.com/amt/main_task_F1QV/Llama/Tactile/6.jpg","","[{""question1"":{""angle_match"":true,""view_frontal"":false,""view_perspective"":false,""view_side"":true,""view_top"":false},""question10"":{""angle_match"":true,""view_frontal"":false,""view_perspective"":false,""view_side"":true,""view_top"":false},""question2"":{""angle_match"":true,""view_frontal"":false,""view_perspective"":true,""view_side"":false,""view_top"":false},""question3"":{""angle_match"":true,""view_frontal"":false,""view_perspective"":false,""view_side"":true,""view_top"":false},""question4"":{""angle_match"":true,""view_frontal"":false,""view_perspective"":true,""view_side"":false,""view_top"":false},""question5"":{""angle_match"":true,""view_frontal"":true,""view_perspective"":false,""view_side"":false,""view_top"":false},""question6"":{""angle_match"":true,""view_frontal"":true,""view_perspective"":false,""view_side"":false,""view_top"":false},""question7"":{""angle_match"":true,""view_frontal"":true,""view_perspective"":false,""view_side"":false,""view_top"":false},""question8"":{""angle_match"":false,""view_frontal"":false,""view_perspective"":true,""view_side"":false,""view_top"":false},""question9"":{""angle_match"":false,""view_frontal"":false,""view_perspective"":true,""view_side"":false,""view_top"":false}}]"
"3JYPJ2TAZAMWJZU3D3IIBOXB4HYFPI","3BHRGUFAI0A6J7Y48A1RI398KZYCSF","Categorize images based on object's view.","Review 10 animal’s line-arts and judge if it has same or different views. Identify view for each tactile. (10 pairs)","tactile, image review, accessibility, animals","$0.05","Tue Mar 03 20:32:23 PST 2026","7","BatchId:5376447;OriginalHitTemplateId:928390873;","3600","2592000","Mon Mar 23 21:32:23 PDT 2026","","","3WSELTNVSWG11K4V96ABQHJAO1BTA2","A1E8TZHMLQMG4L","Submitted","Tue Mar 03 20:50:31 PST 2026","Tue Mar 03 20:52:23 PST 2026","Thu Apr 02 21:52:23 PDT 2026","","","","112","100% (22/22)","0% (0/0)","0% (0/0)","Teddy Bear","https://f1qv-main-data.s3.us-east-1.amazonaws.com/amt/main_task_F1QV/Teddy Bear/Natural/3.jpg","https://f1qv-main-data.s3.us-east-1.amazonaws.com/amt/main_task_F1QV/Teddy Bear/Tactile/3.jpeg","","Crab","https://f1qv-main-data.s3.us-east-1.amazonaws.com/amt/main_task_F1QV/Crab/Natural/Crab_10.jpg","https://f1qv-main-data.s3.us-east-1.amazonaws.com/amt/main_task_F1QV/Crab/Tactile/10.jpeg","","Crab","https://f1qv-main-data.s3.us-east-1.amazonaws.com/amt/main_task_F1QV/Crab/Natural/Crab_6.jpg","https://f1qv-main-data.s3.us-east-1.amazonaws.com/amt/main_task_F1QV/Crab/Tactile/6.jpeg","","Horse","https://f1qv-main-data.s3.us-east-1.amazonaws.com/amt/main_task_F1QV/Horse/Natural/12_Horse.jpeg","https://f1qv-main-data.s3.us-east-1.amazonaws.com/amt/main_task_F1QV/Horse/Tactile/12.jpg","","Dog","https://f1qv-main-data.s3.us-east-1.amazonaws.com/amt/main_task_F1QV/Dog/Natural/16_Dog_Edited.jpg","https://f1qv-main-data.s3.us-east-1.amazonaws.com/amt/main_task_F1QV/Dog/Tactile/16.jpg","","Camel","https://f1qv-main-data.s3.us-east-1.amazonaws.com/amt/main_task_F1QV/Camel/Natural/Camel_5.jpg","https://f1qv-main-data.s3.us-east-1.amazonaws.com/amt/main_task_F1QV/Camel/Tactile/5.jpg","","Teddy Bear","https://f1qv-main-data.s3.us-east-1.amazonaws.com/amt/main_task_F1QV/Teddy Bear/Natural/8_2.png","https://f1qv-main-data.s3.us-east-1.amazonaws.com/amt/main_task_F1QV/Teddy Bear/Tactile/8.jpeg","","","","","","","","","","","","","","[{""question1"":{""angle_match"":true,""view_frontal"":false,""view_perspective"":false,""view_side"":false,""view_top"":false},""question10"":{""angle_match"":true,""view_frontal"":false,""view_perspective"":false,""view_side"":false,""view_top"":false},""question2"":{""angle_match"":true,""view_frontal"":false,""view_perspective"":false,""view_side"":false,""view_top"":false},""question3"":{""angle_match"":true,""view_frontal"":false,""view_perspective"":false,""view_side"":false,""view_top"":false},""question4"":{""angle_match"":true,""view_frontal"":false,""view_perspective"":false,""view_side"":true,""view_top"":false},""question5"":{""angle_match"":true,""view_frontal"":false,""view_perspective"":false,""view_side"":true,""view_top"":false},""question6"":{""angle_match"":true,""view_frontal"":false,""view_perspective"":false,""view_side"":true,""view_top"":false},""question7"":{""angle_match"":true,""view_frontal"":false,""view_perspective"":false,""view_side"":true,""view_top"":false},""question8"":{""angle_match"":true,""view_frontal"":false,""view_perspective"":false,""view_side"":false,""view_top"":false},""question9"":{""angle_match"":true,""view_frontal"":false,""view_perspective"":false,""view_side"":false,""view_top"":false}}]"
"3JYPJ2TAZAMWJZU3D3IIBOXB4HYFPI","3BHRGUFAI0A6J7Y48A1RI398KZYCSF","Categorize images based on object's view.","Review 10 animal’s line-arts and judge if it has same or different views. Identify view for each tactile. (10 pairs)","tactile, image review, accessibility, animals","$0.05","Tue Mar 03 20:32:23 PST 2026","7","BatchId:5376447;OriginalHitTemplateId:928390873;","3600","2592000","Mon Mar 23 21:32:23 PDT 2026","","","352YTHGRPORWUMXJ0BJVZVUMLXN4HV","A3OLY20VMA8SPJ","Submitted","Tue Mar 03 20:39:17 PST 2026","Tue Mar 03 20:53:05 PST 2026","Thu Apr 02 21:53:05 PDT 2026","","","","828","100% (15/15)","100% (15/15)","0% (0/0)","Teddy Bear","https://f1qv-main-data.s3.us-east-1.amazonaws.com/amt/main_task_F1QV/Teddy Bear/Natural/3.jpg","https://f1qv-main-data.s3.us-east-1.amazonaws.com/amt/main_task_F1QV/Teddy Bear/Tactile/3.jpeg","","Crab","https://f1qv-main-data.s3.us-east-1.amazonaws.com/amt/main_task_F1QV/Crab/Natural/Crab_10.jpg","https://f1qv-main-data.s3.us-east-1.amazonaws.com/amt/main_task_F1QV/Crab/Tactile/10.jpeg","","Crab","https://f1qv-main-data.s3.us-east-1.amazonaws.com/amt/main_task_F1QV/Crab/Natural/Crab_6.jpg","https://f1qv-main-data.s3.us-east-1.amazonaws.com/amt/main_task_F1QV/Crab/Tactile/6.jpeg","","Horse","https://f1qv-main-data.s3.us-east-1.amazonaws.com/amt/main_task_F1QV/Horse/Natural/12_Horse.jpeg","https://f1qv-main-data.s3.us-east-1.amazonaws.com/amt/main_task_F1QV/Horse/Tactile/12.jpg","","Dog","https://f1qv-main-data.s3.us-east-1.amazonaws.com/amt/main_task_F1QV/Dog/Natural/16_Dog_Edited.jpg","https://f1qv-main-data.s3.us-east-1.amazonaws.com/amt/main_task_F1QV/Dog/Tactile/16.jpg","","Camel","https://f1qv-main-data.s3.us-east-1.amazonaws.com/amt/main_task_F1QV/Camel/Natural/Camel_5.jpg","https://f1qv-main-data.s3.us-east-1.amazonaws.com/amt/main_task_F1QV/Camel/Tactile/5.jpg","","Teddy Bear","https://f1qv-main-data.s3.us-east-1.amazonaws.com/amt/main_task_F1QV/Teddy Bear/Natural/8_2.png","https://f1qv-main-data.s3.us-east-1.amazonaws.com/amt/main_task_F1QV/Teddy Bear/Tactile/8.jpeg","","","","","","","","","","","","","","[{""question1"":{""angle_match"":true,""view_frontal"":false,""view_perspective"":false,""view_side"":false,""view_top"":true},""question10"":{""angle_match"":true,""view_frontal"":false,""view_perspective"":false,""view_side"":false,""view_top"":true},""question2"":{""angle_match"":true,""view_frontal"":true,""view_perspective"":false,""view_side"":false,""view_top"":false},""question3"":{""angle_match"":true,""view_frontal"":true,""view_perspective"":false,""view_side"":false,""view_top"":false},""question4"":{""angle_match"":true,""view_frontal"":false,""view_perspective"":false,""view_side"":true,""view_top"":false},""question5"":{""angle_match"":true,""view_frontal"":false,""view_perspective"":false,""view_side"":true,""view_top"":false},""question6"":{""angle_match"":true,""view_frontal"":false,""view_perspective"":false,""view_side"":true,""view_top"":false},""question7"":{""angle_match"":true,""view_frontal"":false,""view_perspective"":false,""view_side"":true,""view_top"":false},""question8"":{""angle_match"":true,""view_frontal"":false,""view_perspective"":false,""view_side"":true,""view_top"":false},""question9"":{""angle_match"":true,""view_frontal"":false,""view_perspective"":false,""view_side"":true,""view_top"":false}}]"
"3JYPJ2TAZAMWJZU3D3IIBOXB4HYFPI","3BHRGUFAI0A6J7Y48A1RI398KZYCSF","Categorize images based on object's view.","Review 10 animal’s line-arts and judge if it has same or different views. Identify view for each tactile. (10 pairs)","tactile, image review, accessibility, animals","$0.05","Tue Mar 03 20:32:23 PST 2026","7","BatchId:5376447;OriginalHitTemplateId:928390873;","3600","2592000","Mon Mar 23 21:32:23 PDT 2026","","","3570Y55X0IXYSXGS5CPKUKMS1ZBGYX","A2V3XARMPINRM8","Submitted","Tue Mar 03 20:42:25 PST 2026","Tue Mar 03 21:00:19 PST 2026","Thu Apr 02 22:00:19 PDT 2026","","","","1074","100% (1/1)","100% (1/1)","100% (1/1)","Teddy Bear","https://f1qv-main-data.s3.us-east-1.amazonaws.com/amt/main_task_F1QV/Teddy Bear/Natural/3.jpg","https://f1qv-main-data.s3.us-east-1.amazonaws.com/amt/main_task_F1QV/Teddy Bear/Tactile/3.jpeg","","Crab","https://f1qv-main-data.s3.us-east-1.amazonaws.com/amt/main_task_F1QV/Crab/Natural/Crab_10.jpg","https://f1qv-main-data.s3.us-east-1.amazonaws.com/amt/main_task_F1QV/Crab/Tactile/10.jpeg","","Crab","https://f1qv-main-data.s3.us-east-1.amazonaws.com/amt/main_task_F1QV/Crab/Natural/Crab_6.jpg","https://f1qv-main-data.s3.us-east-1.amazonaws.com/amt/main_task_F1QV/Crab/Tactile/6.jpeg","","Horse","https://f1qv-main-data.s3.us-east-1.amazonaws.com/amt/main_task_F1QV/Horse/Natural/12_Horse.jpeg","https://f1qv-main-data.s3.us-east-1.amazonaws.com/amt/main_task_F1QV/Horse/Tactile/12.jpg","","Dog","https://f1qv-main-data.s3.us-east-1.amazonaws.com/amt/main_task_F1QV/Dog/Natural/16_Dog_Edited.jpg","https://f1qv-main-data.s3.us-east-1.amazonaws.com/amt/main_task_F1QV/Dog/Tactile/16.jpg","","Camel","https://f1qv-main-data.s3.us-east-1.amazonaws.com/amt/main_task_F1QV/Camel/Natural/Camel_5.jpg","https://f1qv-main-data.s3.us-east-1.amazonaws.com/amt/main_task_F1QV/Camel/Tactile/5.jpg","","Teddy Bear","https://f1qv-main-data.s3.us-east-1.amazonaws.com/amt/main_task_F1QV/Teddy Bear/Natural/8_2.png","https://f1qv-main-data.s3.us-east-1.amazonaws.com/amt/main_task_F1QV/Teddy Bear/Tactile/8.jpeg","","","","","","","","","","","","","","[{""question1"":{""angle_match"":true,""view_frontal"":true,""view_perspective"":false,""view_side"":false,""view_top"":false},""question10"":{""angle_match"":true,""view_frontal"":true,""view_perspective"":false,""view_side"":false,""view_top"":false},""question2"":{""angle_match"":true,""view_frontal"":true,""view_perspective"":false,""view_side"":false,""view_top"":false},""question3"":{""angle_match"":true,""view_frontal"":false,""view_perspective"":false,""view_side"":false,""view_top"":true},""question4"":{""angle_match"":true,""view_frontal"":false,""view_perspective"":false,""view_side"":true,""view_top"":false},""question5"":{""angle_match"":true,""view_frontal"":false,""view_perspective"":false,""view_side"":true,""view_top"":false},""question6"":{""angle_match"":true,""view_frontal"":false,""view_perspective"":false,""view_side"":true,""view_top"":false},""question7"":{""angle_match"":true,""view_frontal"":true,""view_perspective"":false,""view_side"":false,""view_top"":false},""question8"":{""angle_match"":true,""view_frontal"":false,""view_perspective"":false,""view_side"":true,""view_top"":false},""question9"":{""angle_match"":true,""view_frontal"":false,""view_perspective"":false,""view_side"":true,""view_top"":false}}]"
"3JYPJ2TAZAMWJZU3D3IIBOXB4HYFPI","3BHRGUFAI0A6J7Y48A1RI398KZYCSF","Categorize images based on object's view.","Review 10 animal’s line-arts and judge if it has same or different views. Identify view for each tactile. (10 pairs)","tactile, image review, accessibility, animals","$0.05","Tue Mar 03 20:32:23 PST 2026","7","BatchId:5376447;OriginalHitTemplateId:928390873;","3600","2592000","Mon Mar 23 21:32:23 PDT 2026","","","3SNVL38CJX6QRGB6ZBSAVLM25SBCKP","A2NDG5FO7BCAE5","Submitted","Tue Mar 03 21:00:52 PST 2026","Tue Mar 03 21:07:47 PST 2026","Thu Apr 02 22:07:47 PDT 2026","","","","415","0% (0/0)","0% (0/0)","0% (0/0)","Teddy Bear","https://f1qv-main-data.s3.us-east-1.amazonaws.com/amt/main_task_F1QV/Teddy Bear/Natural/3.jpg","https://f1qv-main-data.s3.us-east-1.amazonaws.com/amt/main_task_F1QV/Teddy Bear/Tactile/3.jpeg","","Crab","https://f1qv-main-data.s3.us-east-1.amazonaws.com/amt/main_task_F1QV/Crab/Natural/Crab_10.jpg","https://f1qv-main-data.s3.us-east-1.amazonaws.com/amt/main_task_F1QV/Crab/Tactile/10.jpeg","","Crab","https://f1qv-main-data.s3.us-east-1.amazonaws.com/amt/main_task_F1QV/Crab/Natural/Crab_6.jpg","https://f1qv-main-data.s3.us-east-1.amazonaws.com/amt/main_task_F1QV/Crab/Tactile/6.jpeg","","Horse","https://f1qv-main-data.s3.us-east-1.amazonaws.com/amt/main_task_F1QV/Horse/Natural/12_Horse.jpeg","https://f1qv-main-data.s3.us-east-1.amazonaws.com/amt/main_task_F1QV/Horse/Tactile/12.jpg","","Dog","https://f1qv-main-data.s3.us-east-1.amazonaws.com/amt/main_task_F1QV/Dog/Natural/16_Dog_Edited.jpg","https://f1qv-main-data.s3.us-east-1.amazonaws.com/amt/main_task_F1QV/Dog/Tactile/16.jpg","","Camel","https://f1qv-main-data.s3.us-east-1.amazonaws.com/amt/main_task_F1QV/Camel/Natural/Camel_5.jpg","https://f1qv-main-data.s3.us-east-1.amazonaws.com/amt/main_task_F1QV/Camel/Tactile/5.jpg","","Teddy Bear","https://f1qv-main-data.s3.us-east-1.amazonaws.com/amt/main_task_F1QV/Teddy Bear/Natural/8_2.png","https://f1qv-main-data.s3.us-east-1.amazonaws.com/amt/main_task_F1QV/Teddy Bear/Tactile/8.jpeg","","","","","","","","","","","","","","[{""question1"":{""angle_match"":false,""view_frontal"":true,""view_perspective"":false,""view_side"":false,""view_top"":false},""question10"":{""angle_match"":true,""view_frontal"":false,""view_perspective"":false,""view_side"":true,""view_top"":false},""question2"":{""angle_match"":false,""view_frontal"":true,""view_perspective"":false,""view_side"":false,""view_top"":false},""question3"":{""angle_match"":false,""view_frontal"":true,""view_perspective"":false,""view_side"":false,""view_top"":false},""question4"":{""angle_match"":true,""view_frontal"":false,""view_perspective"":false,""view_side"":true,""view_top"":false},""question5"":{""angle_match"":true,""view_frontal"":false,""view_perspective"":false,""view_side"":true,""view_top"":false},""question6"":{""angle_match"":true,""view_frontal"":false,""view_perspective"":false,""view_side"":true,""view_top"":false},""question7"":{""angle_match"":false,""view_frontal"":true,""view_perspective"":false,""view_side"":false,""view_top"":false},""question8"":{""angle_match"":true,""view_frontal"":false,""view_perspective"":false,""view_side"":true,""view_top"":false},""question9"":{""angle_match"":true,""view_frontal"":false,""view_perspective"":false,""view_side"":true,""view_top"":false}}]"
"3JYPJ2TAZAMWJZU3D3IIBOXB4HYFPI","3BHRGUFAI0A6J7Y48A1RI398KZYCSF","Categorize images based on object's view.","Review 10 animal’s line-arts and judge if it has same or different views. Identify view for each tactile. (10 pairs)","tactile, image review, accessibility, animals","$0.05","Tue Mar 03 20:32:23 PST 2026","7","BatchId:5376447;OriginalHitTemplateId:928390873;","3600","2592000","Mon Mar 23 21:32:23 PDT 2026","","","3018Q3ZVPB4OL5R35H5GQ2IS0HIARC","A2NX92POGATSQU","Submitted","Tue Mar 03 21:04:10 PST 2026","Tue Mar 03 21:14:59 PST 2026","Thu Apr 02 22:14:59 PDT 2026","","","","649","0% (0/0)","0% (0/0)","0% (0/0)","Teddy Bear","https://f1qv-main-data.s3.us-east-1.amazonaws.com/amt/main_task_F1QV/Teddy Bear/Natural/3.jpg","https://f1qv-main-data.s3.us-east-1.amazonaws.com/amt/main_task_F1QV/Teddy Bear/Tactile/3.jpeg","","Crab","https://f1qv-main-data.s3.us-east-1.amazonaws.com/amt/main_task_F1QV/Crab/Natural/Crab_10.jpg","https://f1qv-main-data.s3.us-east-1.amazonaws.com/amt/main_task_F1QV/Crab/Tactile/10.jpeg","","Crab","https://f1qv-main-data.s3.us-east-1.amazonaws.com/amt/main_task_F1QV/Crab/Natural/Crab_6.jpg","https://f1qv-main-data.s3.us-east-1.amazonaws.com/amt/main_task_F1QV/Crab/Tactile/6.jpeg","","Horse","https://f1qv-main-data.s3.us-east-1.amazonaws.com/amt/main_task_F1QV/Horse/Natural/12_Horse.jpeg","https://f1qv-main-data.s3.us-east-1.amazonaws.com/amt/main_task_F1QV/Horse/Tactile/12.jpg","","Dog","https://f1qv-main-data.s3.us-east-1.amazonaws.com/amt/main_task_F1QV/Dog/Natural/16_Dog_Edited.jpg","https://f1qv-main-data.s3.us-east-1.amazonaws.com/amt/main_task_F1QV/Dog/Tactile/16.jpg","","Camel","https://f1qv-main-data.s3.us-east-1.amazonaws.com/amt/main_task_F1QV/Camel/Natural/Camel_5.jpg","https://f1qv-main-data.s3.us-east-1.amazonaws.com/amt/main_task_F1QV/Camel/Tactile/5.jpg","","Teddy Bear","https://f1qv-main-data.s3.us-east-1.amazonaws.com/amt/main_task_F1QV/Teddy Bear/Natural/8_2.png","https://f1qv-main-data.s3.us-east-1.amazonaws.com/amt/main_task_F1QV/Teddy Bear/Tactile/8.jpeg","","","","","","","","","","","","","","[{""question1"":{""angle_match"":true,""view_frontal"":true,""view_perspective"":false,""view_side"":false,""view_top"":false},""question10"":{""angle_match"":true,""view_frontal"":false,""view_perspective"":false,""view_side"":true,""view_top"":false},""question2"":{""angle_match"":true,""view_frontal"":true,""view_perspective"":false,""view_side"":false,""view_top"":false},""question3"":{""angle_match"":true,""view_frontal"":true,""view_perspective"":false,""view_side"":false,""view_top"":false},""question4"":{""angle_match"":true,""view_frontal"":false,""view_perspective"":false,""view_side"":true,""view_top"":false},""question5"":{""angle_match"":true,""view_frontal"":false,""view_perspective"":false,""view_side"":true,""view_top"":false},""question6"":{""angle_match"":true,""view_frontal"":false,""view_perspective"":false,""view_side"":true,""view_top"":false},""question7"":{""angle_match"":true,""view_frontal"":true,""view_perspective"":false,""view_side"":false,""view_top"":false},""question8"":{""angle_match"":true,""view_frontal"":false,""view_perspective"":false,""view_side"":true,""view_top"":false},""question9"":{""angle_match"":true,""view_frontal"":true,""view_perspective"":false,""view_side"":false,""view_top"":false}}]"
"3JYPJ2TAZAMWJZU3D3IIBOXB4HYFPI","3BHRGUFAI0A6J7Y48A1RI398KZYCSF","Categorize images based on object's view.","Review 10 animal’s line-arts and judge if it has same or different views. Identify view for each tactile. (10 pairs)","tactile, image review, accessibility, animals","$0.05","Tue Mar 03 20:32:23 PST 2026","7","BatchId:5376447;OriginalHitTemplateId:928390873;","3600","2592000","Mon Mar 23 21:32:23 PDT 2026","","","3U5NZHP4MKGIJFJ2YVBJ2T5HCTHHPX","ALJH5865ISWT1","Submitted","Tue Mar 03 20:38:57 PST 2026","Tue Mar 03 21:31:44 PST 2026","Thu Apr 02 22:31:44 PDT 2026","","","","3167","100% (2/2)","100% (2/2)","0% (0/0)","Teddy Bear","https://f1qv-main-data.s3.us-east-1.amazonaws.com/amt/main_task_F1QV/Teddy Bear/Natural/3.jpg","https://f1qv-main-data.s3.us-east-1.amazonaws.com/amt/main_task_F1QV/Teddy Bear/Tactile/3.jpeg","","Crab","https://f1qv-main-data.s3.us-east-1.amazonaws.com/amt/main_task_F1QV/Crab/Natural/Crab_10.jpg","https://f1qv-main-data.s3.us-east-1.amazonaws.com/amt/main_task_F1QV/Crab/Tactile/10.jpeg","","Crab","https://f1qv-main-data.s3.us-east-1.amazonaws.com/amt/main_task_F1QV/Crab/Natural/Crab_6.jpg","https://f1qv-main-data.s3.us-east-1.amazonaws.com/amt/main_task_F1QV/Crab/Tactile/6.jpeg","","Horse","https://f1qv-main-data.s3.us-east-1.amazonaws.com/amt/main_task_F1QV/Horse/Natural/12_Horse.jpeg","https://f1qv-main-data.s3.us-east-1.amazonaws.com/amt/main_task_F1QV/Horse/Tactile/12.jpg","","Dog","https://f1qv-main-data.s3.us-east-1.amazonaws.com/amt/main_task_F1QV/Dog/Natural/16_Dog_Edited.jpg","https://f1qv-main-data.s3.us-east-1.amazonaws.com/amt/main_task_F1QV/Dog/Tactile/16.jpg","","Camel","https://f1qv-main-data.s3.us-east-1.amazonaws.com/amt/main_task_F1QV/Camel/Natural/Camel_5.jpg","https://f1qv-main-data.s3.us-east-1.amazonaws.com/amt/main_task_F1QV/Camel/Tactile/5.jpg","","Teddy Bear","https://f1qv-main-data.s3.us-east-1.amazonaws.com/amt/main_task_F1QV/Teddy Bear/Natural/8_2.png","https://f1qv-main-data.s3.us-east-1.amazonaws.com/amt/main_task_F1QV/Teddy Bear/Tactile/8.jpeg","","","","","","","","","","","","","","[{""question1"":{""angle_match"":true,""view_frontal"":true,""view_perspective"":false,""view_side"":false,""view_top"":false},""question10"":{""angle_match"":true,""view_frontal"":false,""view_perspective"":false,""view_side"":true,""view_top"":false},""question2"":{""angle_match"":true,""view_frontal"":false,""view_perspective"":false,""view_side"":false,""view_top"":true},""question3"":{""angle_match"":true,""view_frontal"":false,""view_perspective"":false,""view_side"":true,""view_top"":false},""question4"":{""angle_match"":true,""view_frontal"":false,""view_perspective"":false,""view_side"":true,""view_top"":false},""question5"":{""angle_match"":true,""view_frontal"":false,""view_perspective"":false,""view_side"":true,""view_top"":false},""question6"":{""angle_match"":true,""view_frontal"":false,""view_perspective"":false,""view_side"":true,""view_top"":false},""question7"":{""angle_match"":true,""view_frontal"":true,""view_perspective"":false,""view_side"":false,""view_top"":false},""question8"":{""angle_match"":true,""view_frontal"":false,""view_perspective"":false,""view_side"":true,""view_top"":false},""question9"":{""angle_match"":true,""view_frontal"":false,""view_perspective"":false,""view_side"":true,""view_top"":false}}]"
"3JYPJ2TAZAMWJZU3D3IIBOXB4HYFPI","3BHRGUFAI0A6J7Y48A1RI398KZYCSF","Categorize images based on object's view.","Review 10 animal’s line-arts and judge if it has same or different views. Identify view for each tactile. (10 pairs)","tactile, image review, accessibility, animals","$0.05","Tue Mar 03 20:32:23 PST 2026","7","BatchId:5376447;OriginalHitTemplateId:928390873;","3600","2592000","Mon Mar 23 21:32:23 PDT 2026","","","333U7HK6J2T5LOB2HMN9EC47B3GJDQ","AQ310YX22A2T2","Submitted","Tue Mar 03 21:23:22 PST 2026","Tue Mar 03 21:51:29 PST 2026","Thu Apr 02 22:51:29 PDT 2026","","","","1687","100% (65/65)","100% (8/8)","0% (0/0)","Teddy Bear","https://f1qv-main-data.s3.us-east-1.amazonaws.com/amt/main_task_F1QV/Teddy Bear/Natural/3.jpg","https://f1qv-main-data.s3.us-east-1.amazonaws.com/amt/main_task_F1QV/Teddy Bear/Tactile/3.jpeg","","Crab","https://f1qv-main-data.s3.us-east-1.amazonaws.com/amt/main_task_F1QV/Crab/Natural/Crab_10.jpg","https://f1qv-main-data.s3.us-east-1.amazonaws.com/amt/main_task_F1QV/Crab/Tactile/10.jpeg","","Crab","https://f1qv-main-data.s3.us-east-1.amazonaws.com/amt/main_task_F1QV/Crab/Natural/Crab_6.jpg","https://f1qv-main-data.s3.us-east-1.amazonaws.com/amt/main_task_F1QV/Crab/Tactile/6.jpeg","","Horse","https://f1qv-main-data.s3.us-east-1.amazonaws.com/amt/main_task_F1QV/Horse/Natural/12_Horse.jpeg","https://f1qv-main-data.s3.us-east-1.amazonaws.com/amt/main_task_F1QV/Horse/Tactile/12.jpg","","Dog","https://f1qv-main-data.s3.us-east-1.amazonaws.com/amt/main_task_F1QV/Dog/Natural/16_Dog_Edited.jpg","https://f1qv-main-data.s3.us-east-1.amazonaws.com/amt/main_task_F1QV/Dog/Tactile/16.jpg","","Camel","https://f1qv-main-data.s3.us-east-1.amazonaws.com/amt/main_task_F1QV/Camel/Natural/Camel_5.jpg","https://f1qv-main-data.s3.us-east-1.amazonaws.com/amt/main_task_F1QV/Camel/Tactile/5.jpg","","Teddy Bear","https://f1qv-main-data.s3.us-east-1.amazonaws.com/amt/main_task_F1QV/Teddy Bear/Natural/8_2.png","https://f1qv-main-data.s3.us-east-1.amazonaws.com/amt/main_task_F1QV/Teddy Bear/Tactile/8.jpeg","","","","","","","","","","","","","","[{""question1"":{""angle_match"":true,""view_frontal"":true,""view_perspective"":false,""view_side"":false,""view_top"":false},""question10"":{""angle_match"":true,""view_frontal"":false,""view_perspective"":false,""view_side"":false,""view_top"":false},""question2"":{""angle_match"":true,""view_frontal"":false,""view_perspective"":false,""view_side"":false,""view_top"":true},""question3"":{""angle_match"":true,""view_frontal"":false,""view_perspective"":false,""view_side"":false,""view_top"":true},""question4"":{""angle_match"":true,""view_frontal"":false,""view_perspective"":false,""view_side"":true,""view_top"":false},""question5"":{""angle_match"":true,""view_frontal"":false,""view_perspective"":true,""view_side"":false,""view_top"":false},""question6"":{""angle_match"":true,""view_frontal"":false,""view_perspective"":false,""view_side"":true,""view_top"":false},""question7"":{""angle_match"":true,""view_frontal"":true,""view_perspective"":false,""view_side"":false,""view_top"":false},""question8"":{""angle_match"":true,""view_frontal"":false,""view_perspective"":false,""view_side"":false,""view_top"":false},""question9"":{""angle_match"":true,""view_frontal"":false,""view_perspective"":false,""view_side"":false,""view_top"":false}}]"