"HITId","HITTypeId","Title","Description","Keywords","Reward","CreationTime","MaxAssignments","RequesterAnnotation","AssignmentDurationInSeconds","AutoApprovalDelayInSeconds","Expiration","NumberOfSimilarHITs","LifetimeInSeconds","AssignmentId","WorkerId","AssignmentStatus","AcceptTime","SubmitTime","AutoApprovalTime","ApprovalTime","RejectionTime","RequesterFeedback","WorkTimeInSeconds","LifetimeApprovalRate","Last30DaysApprovalRate","Last7DaysApprovalRate","Input.q1_name","Input.q1_natural_url","Input.q1_tactile_url","Input.q1_answer","Input.q2_name","Input.q2_natural_url","Input.q2_tactile_url","Input.q2_answer","Input.q3_name","Input.q3_natural_url","Input.q3_tactile_url","Input.q3_answer","Input.q4_name","Input.q4_natural_url","Input.q4_tactile_url","Input.q4_answer","Input.q5_name","Input.q5_natural_url","Input.q5_tactile_url","Input.q5_answer","Input.q6_name","Input.q6_natural_url","Input.q6_tactile_url","Input.q6_answer","Input.q7_name","Input.q7_natural_url","Input.q7_tactile_url","Input.q7_answer","Input.q8_name","Input.q8_natural_url","Input.q8_tactile_url","Input.q8_answer","Input.q9_name","Input.q9_natural_url","Input.q9_tactile_url","Input.q9_answer","Input.q10_name","Input.q10_natural_url","Input.q10_tactile_url","Input.q10_answer","Answer.taskAnswers","Approve","Reject"
"3LN3BXKGDS9SH8NZ092VL35JYZFWGJ","3Z7ICGQCY1O87W8MNFF8N8ZBBWFOTX","Categorize images based on background and configuration.","Review 10 simple objects line-arts and judge if it has adequate background and configuration. (10 pairs)","tactile, image review, accessibility, simple objects","$0.08","Mon Apr 13 17:53:45 PDT 2026","7","BatchId:5385319;OriginalHitTemplateId:928390873;","1200","1296000","Mon Apr 20 17:53:45 PDT 2026","","","38YMOXR4NNDS6ZWMEYYAXWON8CW6WK","AXHDHGJRFHMRR","Approved","Mon Apr 13 18:53:38 PDT 2026","Mon Apr 13 18:56:41 PDT 2026","Tue Apr 28 18:56:41 PDT 2026","Sat Apr 18 19:48:00 PDT 2026","","","183","100% (5/5)","100% (5/5)","100% (5/5)","Apple","https://tactileeval.s3.us-east-1.amazonaws.com/family_datasets/Food_Nature_and_Simple_Objects/Apple/Natural/1.jpg","https://tactileeval.s3.us-east-1.amazonaws.com/family_datasets/Food_Nature_and_Simple_Objects/Apple/Tactile/1.jpg","","Apple","https://tactileeval.s3.us-east-1.amazonaws.com/family_datasets/Food_Nature_and_Simple_Objects/Apple/Natural/2.jpg","https://tactileeval.s3.us-east-1.amazonaws.com/family_datasets/Food_Nature_and_Simple_Objects/Apple/Tactile/2.jpg","","Apple","https://tactileeval.s3.us-east-1.amazonaws.com/family_datasets/Food_Nature_and_Simple_Objects/Apple/Natural/3.jpg","https://tactileeval.s3.us-east-1.amazonaws.com/family_datasets/Food_Nature_and_Simple_Objects/Apple/Tactile/3.jpg","","Apple","https://tactileeval.s3.us-east-1.amazonaws.com/family_datasets/Food_Nature_and_Simple_Objects/Apple/Natural/4.jpg","https://tactileeval.s3.us-east-1.amazonaws.com/family_datasets/Food_Nature_and_Simple_Objects/Apple/Tactile/4.jpg","","Apple","https://tactileeval.s3.us-east-1.amazonaws.com/family_datasets/Food_Nature_and_Simple_Objects/Apple/Natural/5.jpg","https://tactileeval.s3.us-east-1.amazonaws.com/family_datasets/Food_Nature_and_Simple_Objects/Apple/Tactile/5.jpg","","Apple","https://tactileeval.s3.us-east-1.amazonaws.com/family_datasets/Food_Nature_and_Simple_Objects/Apple/Natural/6.jpg","https://tactileeval.s3.us-east-1.amazonaws.com/family_datasets/Food_Nature_and_Simple_Objects/Apple/Tactile/6.jpg","","Apple","https://tactileeval.s3.us-east-1.amazonaws.com/family_datasets/Food_Nature_and_Simple_Objects/Apple/Natural/7.jpg","https://tactileeval.s3.us-east-1.amazonaws.com/family_datasets/Food_Nature_and_Simple_Objects/Apple/Tactile/7.jpg","","Apple","https://tactileeval.s3.us-east-1.amazonaws.com/family_datasets/Food_Nature_and_Simple_Objects/Apple/Natural/8.jpg","https://tactileeval.s3.us-east-1.amazonaws.com/family_datasets/Food_Nature_and_Simple_Objects/Apple/Tactile/8.png","","Apple","https://tactileeval.s3.us-east-1.amazonaws.com/family_datasets/Food_Nature_and_Simple_Objects/Apple/Natural/9.jpg","https://tactileeval.s3.us-east-1.amazonaws.com/family_datasets/Food_Nature_and_Simple_Objects/Apple/Tactile/9.jpg","","Apple","https://tactileeval.s3.us-east-1.amazonaws.com/family_datasets/Food_Nature_and_Simple_Objects/Apple/Natural/10.jpg","https://tactileeval.s3.us-east-1.amazonaws.com/family_datasets/Food_Nature_and_Simple_Objects/Apple/Tactile/10.jpg","","[{""question1"":{""background_clean"":true,""configuration_match"":false,""object_match"":true},""question10"":{""background_clean"":true,""configuration_match"":false,""object_match"":true},""question2"":{""background_clean"":true,""configuration_match"":true,""object_match"":true},""question3"":{""background_clean"":true,""configuration_match"":true,""object_match"":true},""question4"":{""background_clean"":true,""configuration_match"":false,""object_match"":true},""question5"":{""background_clean"":true,""configuration_match"":false,""object_match"":true},""question6"":{""background_clean"":true,""configuration_match"":true,""object_match"":true},""question7"":{""background_clean"":true,""configuration_match"":false,""object_match"":true},""question8"":{""background_clean"":false,""configuration_match"":true,""object_match"":true},""question9"":{""background_clean"":true,""configuration_match"":true,""object_match"":true}}]"
"3LN3BXKGDS9SH8NZ092VL35JYZFWGJ","3Z7ICGQCY1O87W8MNFF8N8ZBBWFOTX","Categorize images based on background and configuration.","Review 10 simple objects line-arts and judge if it has adequate background and configuration. (10 pairs)","tactile, image review, accessibility, simple objects","$0.08","Mon Apr 13 17:53:45 PDT 2026","7","BatchId:5385319;OriginalHitTemplateId:928390873;","1200","1296000","Mon Apr 20 17:53:45 PDT 2026","","","3WOKGM4L8UUPNF15LNRJ711AS7IO0W","AJZHPDCKUVRM8","Approved","Mon Apr 13 20:02:35 PDT 2026","Mon Apr 13 20:03:33 PDT 2026","Tue Apr 28 20:03:33 PDT 2026","Sat Apr 18 19:48:00 PDT 2026","","","58","86% (67/78)","86% (67/78)","86% (67/78)","Apple","https://tactileeval.s3.us-east-1.amazonaws.com/family_datasets/Food_Nature_and_Simple_Objects/Apple/Natural/1.jpg","https://tactileeval.s3.us-east-1.amazonaws.com/family_datasets/Food_Nature_and_Simple_Objects/Apple/Tactile/1.jpg","","Apple","https://tactileeval.s3.us-east-1.amazonaws.com/family_datasets/Food_Nature_and_Simple_Objects/Apple/Natural/2.jpg","https://tactileeval.s3.us-east-1.amazonaws.com/family_datasets/Food_Nature_and_Simple_Objects/Apple/Tactile/2.jpg","","Apple","https://tactileeval.s3.us-east-1.amazonaws.com/family_datasets/Food_Nature_and_Simple_Objects/Apple/Natural/3.jpg","https://tactileeval.s3.us-east-1.amazonaws.com/family_datasets/Food_Nature_and_Simple_Objects/Apple/Tactile/3.jpg","","Apple","https://tactileeval.s3.us-east-1.amazonaws.com/family_datasets/Food_Nature_and_Simple_Objects/Apple/Natural/4.jpg","https://tactileeval.s3.us-east-1.amazonaws.com/family_datasets/Food_Nature_and_Simple_Objects/Apple/Tactile/4.jpg","","Apple","https://tactileeval.s3.us-east-1.amazonaws.com/family_datasets/Food_Nature_and_Simple_Objects/Apple/Natural/5.jpg","https://tactileeval.s3.us-east-1.amazonaws.com/family_datasets/Food_Nature_and_Simple_Objects/Apple/Tactile/5.jpg","","Apple","https://tactileeval.s3.us-east-1.amazonaws.com/family_datasets/Food_Nature_and_Simple_Objects/Apple/Natural/6.jpg","https://tactileeval.s3.us-east-1.amazonaws.com/family_datasets/Food_Nature_and_Simple_Objects/Apple/Tactile/6.jpg","","Apple","https://tactileeval.s3.us-east-1.amazonaws.com/family_datasets/Food_Nature_and_Simple_Objects/Apple/Natural/7.jpg","https://tactileeval.s3.us-east-1.amazonaws.com/family_datasets/Food_Nature_and_Simple_Objects/Apple/Tactile/7.jpg","","Apple","https://tactileeval.s3.us-east-1.amazonaws.com/family_datasets/Food_Nature_and_Simple_Objects/Apple/Natural/8.jpg","https://tactileeval.s3.us-east-1.amazonaws.com/family_datasets/Food_Nature_and_Simple_Objects/Apple/Tactile/8.png","","Apple","https://tactileeval.s3.us-east-1.amazonaws.com/family_datasets/Food_Nature_and_Simple_Objects/Apple/Natural/9.jpg","https://tactileeval.s3.us-east-1.amazonaws.com/family_datasets/Food_Nature_and_Simple_Objects/Apple/Tactile/9.jpg","","Apple","https://tactileeval.s3.us-east-1.amazonaws.com/family_datasets/Food_Nature_and_Simple_Objects/Apple/Natural/10.jpg","https://tactileeval.s3.us-east-1.amazonaws.com/family_datasets/Food_Nature_and_Simple_Objects/Apple/Tactile/10.jpg","","[{""question1"":{""background_clean"":true,""configuration_match"":false,""object_match"":true},""question10"":{""background_clean"":true,""configuration_match"":false,""object_match"":false},""question2"":{""background_clean"":true,""configuration_match"":false,""object_match"":true},""question3"":{""background_clean"":true,""configuration_match"":false,""object_match"":true},""question4"":{""background_clean"":true,""configuration_match"":false,""object_match"":true},""question5"":{""background_clean"":true,""configuration_match"":false,""object_match"":true},""question6"":{""background_clean"":true,""configuration_match"":false,""object_match"":true},""question7"":{""background_clean"":true,""configuration_match"":false,""object_match"":false},""question8"":{""background_clean"":false,""configuration_match"":false,""object_match"":true},""question9"":{""background_clean"":true,""configuration_match"":false,""object_match"":false}}]"
"3LN3BXKGDS9SH8NZ092VL35JYZFWGJ","3Z7ICGQCY1O87W8MNFF8N8ZBBWFOTX","Categorize images based on background and configuration.","Review 10 simple objects line-arts and judge if it has adequate background and configuration. (10 pairs)","tactile, image review, accessibility, simple objects","$0.08","Mon Apr 13 17:53:45 PDT 2026","7","BatchId:5385319;OriginalHitTemplateId:928390873;","1200","1296000","Mon Apr 20 17:53:45 PDT 2026","","","32VNZTT0B0I9JGBMWGVPDZWSK7S4RD","A22YCS3UW15WOO","Approved","Mon Apr 13 21:25:46 PDT 2026","Mon Apr 13 21:28:56 PDT 2026","Tue Apr 28 21:28:56 PDT 2026","Sat Apr 18 19:48:00 PDT 2026","","","190","94% (207/220)","86% (82/95)","86% (82/95)","Apple","https://tactileeval.s3.us-east-1.amazonaws.com/family_datasets/Food_Nature_and_Simple_Objects/Apple/Natural/1.jpg","https://tactileeval.s3.us-east-1.amazonaws.com/family_datasets/Food_Nature_and_Simple_Objects/Apple/Tactile/1.jpg","","Apple","https://tactileeval.s3.us-east-1.amazonaws.com/family_datasets/Food_Nature_and_Simple_Objects/Apple/Natural/2.jpg","https://tactileeval.s3.us-east-1.amazonaws.com/family_datasets/Food_Nature_and_Simple_Objects/Apple/Tactile/2.jpg","","Apple","https://tactileeval.s3.us-east-1.amazonaws.com/family_datasets/Food_Nature_and_Simple_Objects/Apple/Natural/3.jpg","https://tactileeval.s3.us-east-1.amazonaws.com/family_datasets/Food_Nature_and_Simple_Objects/Apple/Tactile/3.jpg","","Apple","https://tactileeval.s3.us-east-1.amazonaws.com/family_datasets/Food_Nature_and_Simple_Objects/Apple/Natural/4.jpg","https://tactileeval.s3.us-east-1.amazonaws.com/family_datasets/Food_Nature_and_Simple_Objects/Apple/Tactile/4.jpg","","Apple","https://tactileeval.s3.us-east-1.amazonaws.com/family_datasets/Food_Nature_and_Simple_Objects/Apple/Natural/5.jpg","https://tactileeval.s3.us-east-1.amazonaws.com/family_datasets/Food_Nature_and_Simple_Objects/Apple/Tactile/5.jpg","","Apple","https://tactileeval.s3.us-east-1.amazonaws.com/family_datasets/Food_Nature_and_Simple_Objects/Apple/Natural/6.jpg","https://tactileeval.s3.us-east-1.amazonaws.com/family_datasets/Food_Nature_and_Simple_Objects/Apple/Tactile/6.jpg","","Apple","https://tactileeval.s3.us-east-1.amazonaws.com/family_datasets/Food_Nature_and_Simple_Objects/Apple/Natural/7.jpg","https://tactileeval.s3.us-east-1.amazonaws.com/family_datasets/Food_Nature_and_Simple_Objects/Apple/Tactile/7.jpg","","Apple","https://tactileeval.s3.us-east-1.amazonaws.com/family_datasets/Food_Nature_and_Simple_Objects/Apple/Natural/8.jpg","https://tactileeval.s3.us-east-1.amazonaws.com/family_datasets/Food_Nature_and_Simple_Objects/Apple/Tactile/8.png","","Apple","https://tactileeval.s3.us-east-1.amazonaws.com/family_datasets/Food_Nature_and_Simple_Objects/Apple/Natural/9.jpg","https://tactileeval.s3.us-east-1.amazonaws.com/family_datasets/Food_Nature_and_Simple_Objects/Apple/Tactile/9.jpg","","Apple","https://tactileeval.s3.us-east-1.amazonaws.com/family_datasets/Food_Nature_and_Simple_Objects/Apple/Natural/10.jpg","https://tactileeval.s3.us-east-1.amazonaws.com/family_datasets/Food_Nature_and_Simple_Objects/Apple/Tactile/10.jpg","","[{""question1"":{""background_clean"":true,""configuration_match"":true,""object_match"":true},""question10"":{""background_clean"":true,""configuration_match"":true,""object_match"":true},""question2"":{""background_clean"":true,""configuration_match"":true,""object_match"":true},""question3"":{""background_clean"":true,""configuration_match"":true,""object_match"":true},""question4"":{""background_clean"":true,""configuration_match"":true,""object_match"":true},""question5"":{""background_clean"":true,""configuration_match"":true,""object_match"":true},""question6"":{""background_clean"":true,""configuration_match"":true,""object_match"":true},""question7"":{""background_clean"":true,""configuration_match"":true,""object_match"":true},""question8"":{""background_clean"":false,""configuration_match"":true,""object_match"":true},""question9"":{""background_clean"":true,""configuration_match"":true,""object_match"":true}}]"
"3LN3BXKGDS9SH8NZ092VL35JYZFWGJ","3Z7ICGQCY1O87W8MNFF8N8ZBBWFOTX","Categorize images based on background and configuration.","Review 10 simple objects line-arts and judge if it has adequate background and configuration. (10 pairs)","tactile, image review, accessibility, simple objects","$0.08","Mon Apr 13 17:53:45 PDT 2026","7","BatchId:5385319;OriginalHitTemplateId:928390873;","1200","1296000","Mon Apr 20 17:53:45 PDT 2026","","","3180JW2OUXQAHBW92G5QG0GFAMR5JP","A2FK6782M09EBO","Approved","Mon Apr 13 21:09:43 PDT 2026","Mon Apr 13 21:29:20 PDT 2026","Tue Apr 28 21:29:20 PDT 2026","Sat Apr 18 19:48:00 PDT 2026","","","1177","94% (101/107)","94% (101/107)","94% (101/107)","Apple","https://tactileeval.s3.us-east-1.amazonaws.com/family_datasets/Food_Nature_and_Simple_Objects/Apple/Natural/1.jpg","https://tactileeval.s3.us-east-1.amazonaws.com/family_datasets/Food_Nature_and_Simple_Objects/Apple/Tactile/1.jpg","","Apple","https://tactileeval.s3.us-east-1.amazonaws.com/family_datasets/Food_Nature_and_Simple_Objects/Apple/Natural/2.jpg","https://tactileeval.s3.us-east-1.amazonaws.com/family_datasets/Food_Nature_and_Simple_Objects/Apple/Tactile/2.jpg","","Apple","https://tactileeval.s3.us-east-1.amazonaws.com/family_datasets/Food_Nature_and_Simple_Objects/Apple/Natural/3.jpg","https://tactileeval.s3.us-east-1.amazonaws.com/family_datasets/Food_Nature_and_Simple_Objects/Apple/Tactile/3.jpg","","Apple","https://tactileeval.s3.us-east-1.amazonaws.com/family_datasets/Food_Nature_and_Simple_Objects/Apple/Natural/4.jpg","https://tactileeval.s3.us-east-1.amazonaws.com/family_datasets/Food_Nature_and_Simple_Objects/Apple/Tactile/4.jpg","","Apple","https://tactileeval.s3.us-east-1.amazonaws.com/family_datasets/Food_Nature_and_Simple_Objects/Apple/Natural/5.jpg","https://tactileeval.s3.us-east-1.amazonaws.com/family_datasets/Food_Nature_and_Simple_Objects/Apple/Tactile/5.jpg","","Apple","https://tactileeval.s3.us-east-1.amazonaws.com/family_datasets/Food_Nature_and_Simple_Objects/Apple/Natural/6.jpg","https://tactileeval.s3.us-east-1.amazonaws.com/family_datasets/Food_Nature_and_Simple_Objects/Apple/Tactile/6.jpg","","Apple","https://tactileeval.s3.us-east-1.amazonaws.com/family_datasets/Food_Nature_and_Simple_Objects/Apple/Natural/7.jpg","https://tactileeval.s3.us-east-1.amazonaws.com/family_datasets/Food_Nature_and_Simple_Objects/Apple/Tactile/7.jpg","","Apple","https://tactileeval.s3.us-east-1.amazonaws.com/family_datasets/Food_Nature_and_Simple_Objects/Apple/Natural/8.jpg","https://tactileeval.s3.us-east-1.amazonaws.com/family_datasets/Food_Nature_and_Simple_Objects/Apple/Tactile/8.png","","Apple","https://tactileeval.s3.us-east-1.amazonaws.com/family_datasets/Food_Nature_and_Simple_Objects/Apple/Natural/9.jpg","https://tactileeval.s3.us-east-1.amazonaws.com/family_datasets/Food_Nature_and_Simple_Objects/Apple/Tactile/9.jpg","","Apple","https://tactileeval.s3.us-east-1.amazonaws.com/family_datasets/Food_Nature_and_Simple_Objects/Apple/Natural/10.jpg","https://tactileeval.s3.us-east-1.amazonaws.com/family_datasets/Food_Nature_and_Simple_Objects/Apple/Tactile/10.jpg","","[{""question1"":{""background_clean"":true,""configuration_match"":true,""object_match"":true},""question10"":{""background_clean"":true,""configuration_match"":true,""object_match"":true},""question2"":{""background_clean"":true,""configuration_match"":true,""object_match"":true},""question3"":{""background_clean"":true,""configuration_match"":true,""object_match"":true},""question4"":{""background_clean"":true,""configuration_match"":false,""object_match"":true},""question5"":{""background_clean"":true,""configuration_match"":true,""object_match"":true},""question6"":{""background_clean"":true,""configuration_match"":false,""object_match"":true},""question7"":{""background_clean"":true,""configuration_match"":true,""object_match"":true},""question8"":{""background_clean"":true,""configuration_match"":true,""object_match"":true},""question9"":{""background_clean"":false,""configuration_match"":true,""object_match"":true}}]"
"3LN3BXKGDS9SH8NZ092VL35JYZFWGJ","3Z7ICGQCY1O87W8MNFF8N8ZBBWFOTX","Categorize images based on background and configuration.","Review 10 simple objects line-arts and judge if it has adequate background and configuration. (10 pairs)","tactile, image review, accessibility, simple objects","$0.08","Mon Apr 13 17:53:45 PDT 2026","7","BatchId:5385319;OriginalHitTemplateId:928390873;","1200","1296000","Mon Apr 20 17:53:45 PDT 2026","","","3180JW2OUXQAHBW92G5QG0GFAMVJ57","A1SMWIBTQ2AESU","Approved","Mon Apr 13 21:46:14 PDT 2026","Mon Apr 13 21:53:18 PDT 2026","Tue Apr 28 21:53:18 PDT 2026","Sat Apr 18 19:48:01 PDT 2026","","","424","79% (67/85)","79% (66/84)","79% (66/84)","Apple","https://tactileeval.s3.us-east-1.amazonaws.com/family_datasets/Food_Nature_and_Simple_Objects/Apple/Natural/1.jpg","https://tactileeval.s3.us-east-1.amazonaws.com/family_datasets/Food_Nature_and_Simple_Objects/Apple/Tactile/1.jpg","","Apple","https://tactileeval.s3.us-east-1.amazonaws.com/family_datasets/Food_Nature_and_Simple_Objects/Apple/Natural/2.jpg","https://tactileeval.s3.us-east-1.amazonaws.com/family_datasets/Food_Nature_and_Simple_Objects/Apple/Tactile/2.jpg","","Apple","https://tactileeval.s3.us-east-1.amazonaws.com/family_datasets/Food_Nature_and_Simple_Objects/Apple/Natural/3.jpg","https://tactileeval.s3.us-east-1.amazonaws.com/family_datasets/Food_Nature_and_Simple_Objects/Apple/Tactile/3.jpg","","Apple","https://tactileeval.s3.us-east-1.amazonaws.com/family_datasets/Food_Nature_and_Simple_Objects/Apple/Natural/4.jpg","https://tactileeval.s3.us-east-1.amazonaws.com/family_datasets/Food_Nature_and_Simple_Objects/Apple/Tactile/4.jpg","","Apple","https://tactileeval.s3.us-east-1.amazonaws.com/family_datasets/Food_Nature_and_Simple_Objects/Apple/Natural/5.jpg","https://tactileeval.s3.us-east-1.amazonaws.com/family_datasets/Food_Nature_and_Simple_Objects/Apple/Tactile/5.jpg","","Apple","https://tactileeval.s3.us-east-1.amazonaws.com/family_datasets/Food_Nature_and_Simple_Objects/Apple/Natural/6.jpg","https://tactileeval.s3.us-east-1.amazonaws.com/family_datasets/Food_Nature_and_Simple_Objects/Apple/Tactile/6.jpg","","Apple","https://tactileeval.s3.us-east-1.amazonaws.com/family_datasets/Food_Nature_and_Simple_Objects/Apple/Natural/7.jpg","https://tactileeval.s3.us-east-1.amazonaws.com/family_datasets/Food_Nature_and_Simple_Objects/Apple/Tactile/7.jpg","","Apple","https://tactileeval.s3.us-east-1.amazonaws.com/family_datasets/Food_Nature_and_Simple_Objects/Apple/Natural/8.jpg","https://tactileeval.s3.us-east-1.amazonaws.com/family_datasets/Food_Nature_and_Simple_Objects/Apple/Tactile/8.png","","Apple","https://tactileeval.s3.us-east-1.amazonaws.com/family_datasets/Food_Nature_and_Simple_Objects/Apple/Natural/9.jpg","https://tactileeval.s3.us-east-1.amazonaws.com/family_datasets/Food_Nature_and_Simple_Objects/Apple/Tactile/9.jpg","","Apple","https://tactileeval.s3.us-east-1.amazonaws.com/family_datasets/Food_Nature_and_Simple_Objects/Apple/Natural/10.jpg","https://tactileeval.s3.us-east-1.amazonaws.com/family_datasets/Food_Nature_and_Simple_Objects/Apple/Tactile/10.jpg","","[{""question1"":{""background_clean"":true,""configuration_match"":true,""object_match"":true},""question10"":{""background_clean"":true,""configuration_match"":true,""object_match"":true},""question2"":{""background_clean"":true,""configuration_match"":true,""object_match"":true},""question3"":{""background_clean"":true,""configuration_match"":true,""object_match"":true},""question4"":{""background_clean"":true,""configuration_match"":true,""object_match"":true},""question5"":{""background_clean"":true,""configuration_match"":true,""object_match"":false},""question6"":{""background_clean"":true,""configuration_match"":true,""object_match"":true},""question7"":{""background_clean"":true,""configuration_match"":true,""object_match"":true},""question8"":{""background_clean"":true,""configuration_match"":true,""object_match"":true},""question9"":{""background_clean"":true,""configuration_match"":true,""object_match"":true}}]"
"3LN3BXKGDS9SH8NZ092VL35JYZFWGJ","3Z7ICGQCY1O87W8MNFF8N8ZBBWFOTX","Categorize images based on background and configuration.","Review 10 simple objects line-arts and judge if it has adequate background and configuration. (10 pairs)","tactile, image review, accessibility, simple objects","$0.08","Mon Apr 13 17:53:45 PDT 2026","7","BatchId:5385319;OriginalHitTemplateId:928390873;","1200","1296000","Mon Apr 20 17:53:45 PDT 2026","","","3NS0A6KXDXMYXNQX1YR38RVUJTNZGR","A2U7UDW9Y1WGWF","Approved","Mon Apr 13 21:53:13 PDT 2026","Mon Apr 13 22:06:33 PDT 2026","Tue Apr 28 22:06:33 PDT 2026","Sat Apr 18 19:48:01 PDT 2026","","","800","100% (41/41)","100% (35/35)","100% (35/35)","Apple","https://tactileeval.s3.us-east-1.amazonaws.com/family_datasets/Food_Nature_and_Simple_Objects/Apple/Natural/1.jpg","https://tactileeval.s3.us-east-1.amazonaws.com/family_datasets/Food_Nature_and_Simple_Objects/Apple/Tactile/1.jpg","","Apple","https://tactileeval.s3.us-east-1.amazonaws.com/family_datasets/Food_Nature_and_Simple_Objects/Apple/Natural/2.jpg","https://tactileeval.s3.us-east-1.amazonaws.com/family_datasets/Food_Nature_and_Simple_Objects/Apple/Tactile/2.jpg","","Apple","https://tactileeval.s3.us-east-1.amazonaws.com/family_datasets/Food_Nature_and_Simple_Objects/Apple/Natural/3.jpg","https://tactileeval.s3.us-east-1.amazonaws.com/family_datasets/Food_Nature_and_Simple_Objects/Apple/Tactile/3.jpg","","Apple","https://tactileeval.s3.us-east-1.amazonaws.com/family_datasets/Food_Nature_and_Simple_Objects/Apple/Natural/4.jpg","https://tactileeval.s3.us-east-1.amazonaws.com/family_datasets/Food_Nature_and_Simple_Objects/Apple/Tactile/4.jpg","","Apple","https://tactileeval.s3.us-east-1.amazonaws.com/family_datasets/Food_Nature_and_Simple_Objects/Apple/Natural/5.jpg","https://tactileeval.s3.us-east-1.amazonaws.com/family_datasets/Food_Nature_and_Simple_Objects/Apple/Tactile/5.jpg","","Apple","https://tactileeval.s3.us-east-1.amazonaws.com/family_datasets/Food_Nature_and_Simple_Objects/Apple/Natural/6.jpg","https://tactileeval.s3.us-east-1.amazonaws.com/family_datasets/Food_Nature_and_Simple_Objects/Apple/Tactile/6.jpg","","Apple","https://tactileeval.s3.us-east-1.amazonaws.com/family_datasets/Food_Nature_and_Simple_Objects/Apple/Natural/7.jpg","https://tactileeval.s3.us-east-1.amazonaws.com/family_datasets/Food_Nature_and_Simple_Objects/Apple/Tactile/7.jpg","","Apple","https://tactileeval.s3.us-east-1.amazonaws.com/family_datasets/Food_Nature_and_Simple_Objects/Apple/Natural/8.jpg","https://tactileeval.s3.us-east-1.amazonaws.com/family_datasets/Food_Nature_and_Simple_Objects/Apple/Tactile/8.png","","Apple","https://tactileeval.s3.us-east-1.amazonaws.com/family_datasets/Food_Nature_and_Simple_Objects/Apple/Natural/9.jpg","https://tactileeval.s3.us-east-1.amazonaws.com/family_datasets/Food_Nature_and_Simple_Objects/Apple/Tactile/9.jpg","","Apple","https://tactileeval.s3.us-east-1.amazonaws.com/family_datasets/Food_Nature_and_Simple_Objects/Apple/Natural/10.jpg","https://tactileeval.s3.us-east-1.amazonaws.com/family_datasets/Food_Nature_and_Simple_Objects/Apple/Tactile/10.jpg","","[{""question1"":{""background_clean"":true,""configuration_match"":true,""object_match"":true},""question10"":{""background_clean"":true,""configuration_match"":true,""object_match"":true},""question2"":{""background_clean"":true,""configuration_match"":true,""object_match"":true},""question3"":{""background_clean"":true,""configuration_match"":true,""object_match"":true},""question4"":{""background_clean"":true,""configuration_match"":true,""object_match"":true},""question5"":{""background_clean"":true,""configuration_match"":true,""object_match"":true},""question6"":{""background_clean"":true,""configuration_match"":true,""object_match"":true},""question7"":{""background_clean"":true,""configuration_match"":false,""object_match"":true},""question8"":{""background_clean"":false,""configuration_match"":true,""object_match"":true},""question9"":{""background_clean"":true,""configuration_match"":true,""object_match"":true}}]"
"3LN3BXKGDS9SH8NZ092VL35JYZFWGJ","3Z7ICGQCY1O87W8MNFF8N8ZBBWFOTX","Categorize images based on background and configuration.","Review 10 simple objects line-arts and judge if it has adequate background and configuration. (10 pairs)","tactile, image review, accessibility, simple objects","$0.08","Mon Apr 13 17:53:45 PDT 2026","7","BatchId:5385319;OriginalHitTemplateId:928390873;","1200","1296000","Mon Apr 20 17:53:45 PDT 2026","","","3HUTX6F6WN1WJP4J0AVXQPUPP6J2OD","A2J1106X8NPZGP","Approved","Mon Apr 13 22:17:18 PDT 2026","Mon Apr 13 22:21:55 PDT 2026","Tue Apr 28 22:21:55 PDT 2026","Sat Apr 18 19:48:01 PDT 2026","","","277","43% (19/44)","43% (19/44)","43% (19/44)","Apple","https://tactileeval.s3.us-east-1.amazonaws.com/family_datasets/Food_Nature_and_Simple_Objects/Apple/Natural/1.jpg","https://tactileeval.s3.us-east-1.amazonaws.com/family_datasets/Food_Nature_and_Simple_Objects/Apple/Tactile/1.jpg","","Apple","https://tactileeval.s3.us-east-1.amazonaws.com/family_datasets/Food_Nature_and_Simple_Objects/Apple/Natural/2.jpg","https://tactileeval.s3.us-east-1.amazonaws.com/family_datasets/Food_Nature_and_Simple_Objects/Apple/Tactile/2.jpg","","Apple","https://tactileeval.s3.us-east-1.amazonaws.com/family_datasets/Food_Nature_and_Simple_Objects/Apple/Natural/3.jpg","https://tactileeval.s3.us-east-1.amazonaws.com/family_datasets/Food_Nature_and_Simple_Objects/Apple/Tactile/3.jpg","","Apple","https://tactileeval.s3.us-east-1.amazonaws.com/family_datasets/Food_Nature_and_Simple_Objects/Apple/Natural/4.jpg","https://tactileeval.s3.us-east-1.amazonaws.com/family_datasets/Food_Nature_and_Simple_Objects/Apple/Tactile/4.jpg","","Apple","https://tactileeval.s3.us-east-1.amazonaws.com/family_datasets/Food_Nature_and_Simple_Objects/Apple/Natural/5.jpg","https://tactileeval.s3.us-east-1.amazonaws.com/family_datasets/Food_Nature_and_Simple_Objects/Apple/Tactile/5.jpg","","Apple","https://tactileeval.s3.us-east-1.amazonaws.com/family_datasets/Food_Nature_and_Simple_Objects/Apple/Natural/6.jpg","https://tactileeval.s3.us-east-1.amazonaws.com/family_datasets/Food_Nature_and_Simple_Objects/Apple/Tactile/6.jpg","","Apple","https://tactileeval.s3.us-east-1.amazonaws.com/family_datasets/Food_Nature_and_Simple_Objects/Apple/Natural/7.jpg","https://tactileeval.s3.us-east-1.amazonaws.com/family_datasets/Food_Nature_and_Simple_Objects/Apple/Tactile/7.jpg","","Apple","https://tactileeval.s3.us-east-1.amazonaws.com/family_datasets/Food_Nature_and_Simple_Objects/Apple/Natural/8.jpg","https://tactileeval.s3.us-east-1.amazonaws.com/family_datasets/Food_Nature_and_Simple_Objects/Apple/Tactile/8.png","","Apple","https://tactileeval.s3.us-east-1.amazonaws.com/family_datasets/Food_Nature_and_Simple_Objects/Apple/Natural/9.jpg","https://tactileeval.s3.us-east-1.amazonaws.com/family_datasets/Food_Nature_and_Simple_Objects/Apple/Tactile/9.jpg","","Apple","https://tactileeval.s3.us-east-1.amazonaws.com/family_datasets/Food_Nature_and_Simple_Objects/Apple/Natural/10.jpg","https://tactileeval.s3.us-east-1.amazonaws.com/family_datasets/Food_Nature_and_Simple_Objects/Apple/Tactile/10.jpg","","[{""question1"":{""background_clean"":true,""configuration_match"":true,""object_match"":true},""question10"":{""background_clean"":true,""configuration_match"":true,""object_match"":true},""question2"":{""background_clean"":true,""configuration_match"":true,""object_match"":true},""question3"":{""background_clean"":true,""configuration_match"":true,""object_match"":true},""question4"":{""background_clean"":true,""configuration_match"":false,""object_match"":true},""question5"":{""background_clean"":true,""configuration_match"":true,""object_match"":true},""question6"":{""background_clean"":true,""configuration_match"":true,""object_match"":true},""question7"":{""background_clean"":true,""configuration_match"":false,""object_match"":true},""question8"":{""background_clean"":true,""configuration_match"":false,""object_match"":true},""question9"":{""background_clean"":true,""configuration_match"":true,""object_match"":true}}]"
"3MD8CKRQ0R1X0EWE9LDSVHPIYCIJR8","3Z7ICGQCY1O87W8MNFF8N8ZBBWFOTX","Categorize images based on background and configuration.","Review 10 simple objects line-arts and judge if it has adequate background and configuration. (10 pairs)","tactile, image review, accessibility, simple objects","$0.08","Mon Apr 13 17:53:45 PDT 2026","7","BatchId:5385319;OriginalHitTemplateId:928390873;","1200","1296000","Mon Apr 20 17:53:45 PDT 2026","","","3VJ40NV2RB1Q3OYWJPFTRC3FPIBTO9","AJZHPDCKUVRM8","Approved","Mon Apr 13 19:27:52 PDT 2026","Mon Apr 13 19:29:41 PDT 2026","Tue Apr 28 19:29:41 PDT 2026","Sat Apr 18 19:48:01 PDT 2026","","","109","86% (67/78)","86% (67/78)","86% (67/78)","Apple","https://tactileeval.s3.us-east-1.amazonaws.com/family_datasets/Food_Nature_and_Simple_Objects/Apple/Natural/11.jpg","https://tactileeval.s3.us-east-1.amazonaws.com/family_datasets/Food_Nature_and_Simple_Objects/Apple/Tactile/11.jpg","","Ball","https://tactileeval.s3.us-east-1.amazonaws.com/family_datasets/Food_Nature_and_Simple_Objects/Ball/Natural/1.png","https://tactileeval.s3.us-east-1.amazonaws.com/family_datasets/Food_Nature_and_Simple_Objects/Ball/Tactile/1.jpg","","Ball","https://tactileeval.s3.us-east-1.amazonaws.com/family_datasets/Food_Nature_and_Simple_Objects/Ball/Natural/2.jpeg","https://tactileeval.s3.us-east-1.amazonaws.com/family_datasets/Food_Nature_and_Simple_Objects/Ball/Tactile/2.jpg","","Ball","https://tactileeval.s3.us-east-1.amazonaws.com/family_datasets/Food_Nature_and_Simple_Objects/Ball/Natural/3.jpeg","https://tactileeval.s3.us-east-1.amazonaws.com/family_datasets/Food_Nature_and_Simple_Objects/Ball/Tactile/3.jpg","","Ball","https://tactileeval.s3.us-east-1.amazonaws.com/family_datasets/Food_Nature_and_Simple_Objects/Ball/Natural/4.png","https://tactileeval.s3.us-east-1.amazonaws.com/family_datasets/Food_Nature_and_Simple_Objects/Ball/Tactile/4.jpg","","Ball","https://tactileeval.s3.us-east-1.amazonaws.com/family_datasets/Food_Nature_and_Simple_Objects/Ball/Natural/5.png","https://tactileeval.s3.us-east-1.amazonaws.com/family_datasets/Food_Nature_and_Simple_Objects/Ball/Tactile/5.jpg","","Ball","https://tactileeval.s3.us-east-1.amazonaws.com/family_datasets/Food_Nature_and_Simple_Objects/Ball/Natural/6.png","https://tactileeval.s3.us-east-1.amazonaws.com/family_datasets/Food_Nature_and_Simple_Objects/Ball/Tactile/6.jpg","","Ball","https://tactileeval.s3.us-east-1.amazonaws.com/family_datasets/Food_Nature_and_Simple_Objects/Ball/Natural/7.png","https://tactileeval.s3.us-east-1.amazonaws.com/family_datasets/Food_Nature_and_Simple_Objects/Ball/Tactile/7.jpg","","Ball","https://tactileeval.s3.us-east-1.amazonaws.com/family_datasets/Food_Nature_and_Simple_Objects/Ball/Natural/8.png","https://tactileeval.s3.us-east-1.amazonaws.com/family_datasets/Food_Nature_and_Simple_Objects/Ball/Tactile/8.jpg","","Ball","https://tactileeval.s3.us-east-1.amazonaws.com/family_datasets/Food_Nature_and_Simple_Objects/Ball/Natural/9.png","https://tactileeval.s3.us-east-1.amazonaws.com/family_datasets/Food_Nature_and_Simple_Objects/Ball/Tactile/9.jpg","","[{""question1"":{""background_clean"":true,""configuration_match"":false,""object_match"":true},""question10"":{""background_clean"":true,""configuration_match"":false,""object_match"":true},""question2"":{""background_clean"":true,""configuration_match"":true,""object_match"":false},""question3"":{""background_clean"":true,""configuration_match"":true,""object_match"":true},""question4"":{""background_clean"":true,""configuration_match"":false,""object_match"":false},""question5"":{""background_clean"":true,""configuration_match"":false,""object_match"":false},""question6"":{""background_clean"":true,""configuration_match"":true,""object_match"":false},""question7"":{""background_clean"":true,""configuration_match"":true,""object_match"":true},""question8"":{""background_clean"":true,""configuration_match"":true,""object_match"":true},""question9"":{""background_clean"":true,""configuration_match"":true,""object_match"":true}}]"
"3MD8CKRQ0R1X0EWE9LDSVHPIYCIJR8","3Z7ICGQCY1O87W8MNFF8N8ZBBWFOTX","Categorize images based on background and configuration.","Review 10 simple objects line-arts and judge if it has adequate background and configuration. (10 pairs)","tactile, image review, accessibility, simple objects","$0.08","Mon Apr 13 17:53:45 PDT 2026","7","BatchId:5385319;OriginalHitTemplateId:928390873;","1200","1296000","Mon Apr 20 17:53:45 PDT 2026","","","34HJIJKLQYA1CNS3500ZEWLV5CRV4H","A2HSX08DWDYJU7","Approved","Mon Apr 13 19:30:44 PDT 2026","Mon Apr 13 19:31:58 PDT 2026","Tue Apr 28 19:31:58 PDT 2026","Sat Apr 18 19:48:01 PDT 2026","","","74","100% (100/100)","100% (8/8)","100% (8/8)","Apple","https://tactileeval.s3.us-east-1.amazonaws.com/family_datasets/Food_Nature_and_Simple_Objects/Apple/Natural/11.jpg","https://tactileeval.s3.us-east-1.amazonaws.com/family_datasets/Food_Nature_and_Simple_Objects/Apple/Tactile/11.jpg","","Ball","https://tactileeval.s3.us-east-1.amazonaws.com/family_datasets/Food_Nature_and_Simple_Objects/Ball/Natural/1.png","https://tactileeval.s3.us-east-1.amazonaws.com/family_datasets/Food_Nature_and_Simple_Objects/Ball/Tactile/1.jpg","","Ball","https://tactileeval.s3.us-east-1.amazonaws.com/family_datasets/Food_Nature_and_Simple_Objects/Ball/Natural/2.jpeg","https://tactileeval.s3.us-east-1.amazonaws.com/family_datasets/Food_Nature_and_Simple_Objects/Ball/Tactile/2.jpg","","Ball","https://tactileeval.s3.us-east-1.amazonaws.com/family_datasets/Food_Nature_and_Simple_Objects/Ball/Natural/3.jpeg","https://tactileeval.s3.us-east-1.amazonaws.com/family_datasets/Food_Nature_and_Simple_Objects/Ball/Tactile/3.jpg","","Ball","https://tactileeval.s3.us-east-1.amazonaws.com/family_datasets/Food_Nature_and_Simple_Objects/Ball/Natural/4.png","https://tactileeval.s3.us-east-1.amazonaws.com/family_datasets/Food_Nature_and_Simple_Objects/Ball/Tactile/4.jpg","","Ball","https://tactileeval.s3.us-east-1.amazonaws.com/family_datasets/Food_Nature_and_Simple_Objects/Ball/Natural/5.png","https://tactileeval.s3.us-east-1.amazonaws.com/family_datasets/Food_Nature_and_Simple_Objects/Ball/Tactile/5.jpg","","Ball","https://tactileeval.s3.us-east-1.amazonaws.com/family_datasets/Food_Nature_and_Simple_Objects/Ball/Natural/6.png","https://tactileeval.s3.us-east-1.amazonaws.com/family_datasets/Food_Nature_and_Simple_Objects/Ball/Tactile/6.jpg","","Ball","https://tactileeval.s3.us-east-1.amazonaws.com/family_datasets/Food_Nature_and_Simple_Objects/Ball/Natural/7.png","https://tactileeval.s3.us-east-1.amazonaws.com/family_datasets/Food_Nature_and_Simple_Objects/Ball/Tactile/7.jpg","","Ball","https://tactileeval.s3.us-east-1.amazonaws.com/family_datasets/Food_Nature_and_Simple_Objects/Ball/Natural/8.png","https://tactileeval.s3.us-east-1.amazonaws.com/family_datasets/Food_Nature_and_Simple_Objects/Ball/Tactile/8.jpg","","Ball","https://tactileeval.s3.us-east-1.amazonaws.com/family_datasets/Food_Nature_and_Simple_Objects/Ball/Natural/9.png","https://tactileeval.s3.us-east-1.amazonaws.com/family_datasets/Food_Nature_and_Simple_Objects/Ball/Tactile/9.jpg","","[{""question1"":{""background_clean"":true,""configuration_match"":true,""object_match"":true},""question10"":{""background_clean"":true,""configuration_match"":true,""object_match"":true},""question2"":{""background_clean"":true,""configuration_match"":true,""object_match"":true},""question3"":{""background_clean"":true,""configuration_match"":false,""object_match"":true},""question4"":{""background_clean"":true,""configuration_match"":true,""object_match"":true},""question5"":{""background_clean"":true,""configuration_match"":false,""object_match"":true},""question6"":{""background_clean"":true,""configuration_match"":false,""object_match"":true},""question7"":{""background_clean"":true,""configuration_match"":true,""object_match"":true},""question8"":{""background_clean"":true,""configuration_match"":true,""object_match"":true},""question9"":{""background_clean"":true,""configuration_match"":true,""object_match"":true}}]"
"3MD8CKRQ0R1X0EWE9LDSVHPIYCIJR8","3Z7ICGQCY1O87W8MNFF8N8ZBBWFOTX","Categorize images based on background and configuration.","Review 10 simple objects line-arts and judge if it has adequate background and configuration. (10 pairs)","tactile, image review, accessibility, simple objects","$0.08","Mon Apr 13 17:53:45 PDT 2026","7","BatchId:5385319;OriginalHitTemplateId:928390873;","1200","1296000","Mon Apr 20 17:53:45 PDT 2026","","","37Q970SN07M4SWEGONCS5BULUPX1SH","A22YCS3UW15WOO","Approved","Mon Apr 13 20:52:58 PDT 2026","Mon Apr 13 20:57:04 PDT 2026","Tue Apr 28 20:57:04 PDT 2026","Sat Apr 18 19:48:01 PDT 2026","","","246","94% (207/220)","86% (82/95)","86% (82/95)","Apple","https://tactileeval.s3.us-east-1.amazonaws.com/family_datasets/Food_Nature_and_Simple_Objects/Apple/Natural/11.jpg","https://tactileeval.s3.us-east-1.amazonaws.com/family_datasets/Food_Nature_and_Simple_Objects/Apple/Tactile/11.jpg","","Ball","https://tactileeval.s3.us-east-1.amazonaws.com/family_datasets/Food_Nature_and_Simple_Objects/Ball/Natural/1.png","https://tactileeval.s3.us-east-1.amazonaws.com/family_datasets/Food_Nature_and_Simple_Objects/Ball/Tactile/1.jpg","","Ball","https://tactileeval.s3.us-east-1.amazonaws.com/family_datasets/Food_Nature_and_Simple_Objects/Ball/Natural/2.jpeg","https://tactileeval.s3.us-east-1.amazonaws.com/family_datasets/Food_Nature_and_Simple_Objects/Ball/Tactile/2.jpg","","Ball","https://tactileeval.s3.us-east-1.amazonaws.com/family_datasets/Food_Nature_and_Simple_Objects/Ball/Natural/3.jpeg","https://tactileeval.s3.us-east-1.amazonaws.com/family_datasets/Food_Nature_and_Simple_Objects/Ball/Tactile/3.jpg","","Ball","https://tactileeval.s3.us-east-1.amazonaws.com/family_datasets/Food_Nature_and_Simple_Objects/Ball/Natural/4.png","https://tactileeval.s3.us-east-1.amazonaws.com/family_datasets/Food_Nature_and_Simple_Objects/Ball/Tactile/4.jpg","","Ball","https://tactileeval.s3.us-east-1.amazonaws.com/family_datasets/Food_Nature_and_Simple_Objects/Ball/Natural/5.png","https://tactileeval.s3.us-east-1.amazonaws.com/family_datasets/Food_Nature_and_Simple_Objects/Ball/Tactile/5.jpg","","Ball","https://tactileeval.s3.us-east-1.amazonaws.com/family_datasets/Food_Nature_and_Simple_Objects/Ball/Natural/6.png","https://tactileeval.s3.us-east-1.amazonaws.com/family_datasets/Food_Nature_and_Simple_Objects/Ball/Tactile/6.jpg","","Ball","https://tactileeval.s3.us-east-1.amazonaws.com/family_datasets/Food_Nature_and_Simple_Objects/Ball/Natural/7.png","https://tactileeval.s3.us-east-1.amazonaws.com/family_datasets/Food_Nature_and_Simple_Objects/Ball/Tactile/7.jpg","","Ball","https://tactileeval.s3.us-east-1.amazonaws.com/family_datasets/Food_Nature_and_Simple_Objects/Ball/Natural/8.png","https://tactileeval.s3.us-east-1.amazonaws.com/family_datasets/Food_Nature_and_Simple_Objects/Ball/Tactile/8.jpg","","Ball","https://tactileeval.s3.us-east-1.amazonaws.com/family_datasets/Food_Nature_and_Simple_Objects/Ball/Natural/9.png","https://tactileeval.s3.us-east-1.amazonaws.com/family_datasets/Food_Nature_and_Simple_Objects/Ball/Tactile/9.jpg","","[{""question1"":{""background_clean"":true,""configuration_match"":true,""object_match"":true},""question10"":{""background_clean"":true,""configuration_match"":true,""object_match"":true},""question2"":{""background_clean"":true,""configuration_match"":true,""object_match"":true},""question3"":{""background_clean"":true,""configuration_match"":true,""object_match"":true},""question4"":{""background_clean"":true,""configuration_match"":true,""object_match"":true},""question5"":{""background_clean"":true,""configuration_match"":true,""object_match"":true},""question6"":{""background_clean"":true,""configuration_match"":true,""object_match"":true},""question7"":{""background_clean"":true,""configuration_match"":true,""object_match"":true},""question8"":{""background_clean"":true,""configuration_match"":true,""object_match"":true},""question9"":{""background_clean"":true,""configuration_match"":true,""object_match"":true}}]"
"3MD8CKRQ0R1X0EWE9LDSVHPIYCIJR8","3Z7ICGQCY1O87W8MNFF8N8ZBBWFOTX","Categorize images based on background and configuration.","Review 10 simple objects line-arts and judge if it has adequate background and configuration. (10 pairs)","tactile, image review, accessibility, simple objects","$0.08","Mon Apr 13 17:53:45 PDT 2026","7","BatchId:5385319;OriginalHitTemplateId:928390873;","1200","1296000","Mon Apr 20 17:53:45 PDT 2026","","","37W3JXSD7ZMUPJ6SKHT2GN8G7N4YWT","A36H75IU3Q97QS","Approved","Mon Apr 13 21:18:22 PDT 2026","Mon Apr 13 21:20:31 PDT 2026","Tue Apr 28 21:20:31 PDT 2026","Sat Apr 18 19:48:01 PDT 2026","","","129","37% (7/19)","37% (7/19)","37% (7/19)","Apple","https://tactileeval.s3.us-east-1.amazonaws.com/family_datasets/Food_Nature_and_Simple_Objects/Apple/Natural/11.jpg","https://tactileeval.s3.us-east-1.amazonaws.com/family_datasets/Food_Nature_and_Simple_Objects/Apple/Tactile/11.jpg","","Ball","https://tactileeval.s3.us-east-1.amazonaws.com/family_datasets/Food_Nature_and_Simple_Objects/Ball/Natural/1.png","https://tactileeval.s3.us-east-1.amazonaws.com/family_datasets/Food_Nature_and_Simple_Objects/Ball/Tactile/1.jpg","","Ball","https://tactileeval.s3.us-east-1.amazonaws.com/family_datasets/Food_Nature_and_Simple_Objects/Ball/Natural/2.jpeg","https://tactileeval.s3.us-east-1.amazonaws.com/family_datasets/Food_Nature_and_Simple_Objects/Ball/Tactile/2.jpg","","Ball","https://tactileeval.s3.us-east-1.amazonaws.com/family_datasets/Food_Nature_and_Simple_Objects/Ball/Natural/3.jpeg","https://tactileeval.s3.us-east-1.amazonaws.com/family_datasets/Food_Nature_and_Simple_Objects/Ball/Tactile/3.jpg","","Ball","https://tactileeval.s3.us-east-1.amazonaws.com/family_datasets/Food_Nature_and_Simple_Objects/Ball/Natural/4.png","https://tactileeval.s3.us-east-1.amazonaws.com/family_datasets/Food_Nature_and_Simple_Objects/Ball/Tactile/4.jpg","","Ball","https://tactileeval.s3.us-east-1.amazonaws.com/family_datasets/Food_Nature_and_Simple_Objects/Ball/Natural/5.png","https://tactileeval.s3.us-east-1.amazonaws.com/family_datasets/Food_Nature_and_Simple_Objects/Ball/Tactile/5.jpg","","Ball","https://tactileeval.s3.us-east-1.amazonaws.com/family_datasets/Food_Nature_and_Simple_Objects/Ball/Natural/6.png","https://tactileeval.s3.us-east-1.amazonaws.com/family_datasets/Food_Nature_and_Simple_Objects/Ball/Tactile/6.jpg","","Ball","https://tactileeval.s3.us-east-1.amazonaws.com/family_datasets/Food_Nature_and_Simple_Objects/Ball/Natural/7.png","https://tactileeval.s3.us-east-1.amazonaws.com/family_datasets/Food_Nature_and_Simple_Objects/Ball/Tactile/7.jpg","","Ball","https://tactileeval.s3.us-east-1.amazonaws.com/family_datasets/Food_Nature_and_Simple_Objects/Ball/Natural/8.png","https://tactileeval.s3.us-east-1.amazonaws.com/family_datasets/Food_Nature_and_Simple_Objects/Ball/Tactile/8.jpg","","Ball","https://tactileeval.s3.us-east-1.amazonaws.com/family_datasets/Food_Nature_and_Simple_Objects/Ball/Natural/9.png","https://tactileeval.s3.us-east-1.amazonaws.com/family_datasets/Food_Nature_and_Simple_Objects/Ball/Tactile/9.jpg","","[{""question1"":{""background_clean"":true,""configuration_match"":true,""object_match"":true},""question10"":{""background_clean"":true,""configuration_match"":true,""object_match"":true},""question2"":{""background_clean"":true,""configuration_match"":false,""object_match"":true},""question3"":{""background_clean"":true,""configuration_match"":false,""object_match"":true},""question4"":{""background_clean"":true,""configuration_match"":false,""object_match"":true},""question5"":{""background_clean"":false,""configuration_match"":false,""object_match"":true},""question6"":{""background_clean"":true,""configuration_match"":false,""object_match"":true},""question7"":{""background_clean"":false,""configuration_match"":true,""object_match"":true},""question8"":{""background_clean"":false,""configuration_match"":true,""object_match"":true},""question9"":{""background_clean"":true,""configuration_match"":true,""object_match"":true}}]"
"3MD8CKRQ0R1X0EWE9LDSVHPIYCIJR8","3Z7ICGQCY1O87W8MNFF8N8ZBBWFOTX","Categorize images based on background and configuration.","Review 10 simple objects line-arts and judge if it has adequate background and configuration. (10 pairs)","tactile, image review, accessibility, simple objects","$0.08","Mon Apr 13 17:53:45 PDT 2026","7","BatchId:5385319;OriginalHitTemplateId:928390873;","1200","1296000","Mon Apr 20 17:53:45 PDT 2026","","","3BEFOD78XZ7IM0YUR8Z8R02IEKW4MS","A2U7UDW9Y1WGWF","Approved","Mon Apr 13 21:47:14 PDT 2026","Mon Apr 13 21:58:44 PDT 2026","Tue Apr 28 21:58:44 PDT 2026","Sat Apr 18 19:48:01 PDT 2026","","","690","100% (41/41)","100% (35/35)","100% (35/35)","Apple","https://tactileeval.s3.us-east-1.amazonaws.com/family_datasets/Food_Nature_and_Simple_Objects/Apple/Natural/11.jpg","https://tactileeval.s3.us-east-1.amazonaws.com/family_datasets/Food_Nature_and_Simple_Objects/Apple/Tactile/11.jpg","","Ball","https://tactileeval.s3.us-east-1.amazonaws.com/family_datasets/Food_Nature_and_Simple_Objects/Ball/Natural/1.png","https://tactileeval.s3.us-east-1.amazonaws.com/family_datasets/Food_Nature_and_Simple_Objects/Ball/Tactile/1.jpg","","Ball","https://tactileeval.s3.us-east-1.amazonaws.com/family_datasets/Food_Nature_and_Simple_Objects/Ball/Natural/2.jpeg","https://tactileeval.s3.us-east-1.amazonaws.com/family_datasets/Food_Nature_and_Simple_Objects/Ball/Tactile/2.jpg","","Ball","https://tactileeval.s3.us-east-1.amazonaws.com/family_datasets/Food_Nature_and_Simple_Objects/Ball/Natural/3.jpeg","https://tactileeval.s3.us-east-1.amazonaws.com/family_datasets/Food_Nature_and_Simple_Objects/Ball/Tactile/3.jpg","","Ball","https://tactileeval.s3.us-east-1.amazonaws.com/family_datasets/Food_Nature_and_Simple_Objects/Ball/Natural/4.png","https://tactileeval.s3.us-east-1.amazonaws.com/family_datasets/Food_Nature_and_Simple_Objects/Ball/Tactile/4.jpg","","Ball","https://tactileeval.s3.us-east-1.amazonaws.com/family_datasets/Food_Nature_and_Simple_Objects/Ball/Natural/5.png","https://tactileeval.s3.us-east-1.amazonaws.com/family_datasets/Food_Nature_and_Simple_Objects/Ball/Tactile/5.jpg","","Ball","https://tactileeval.s3.us-east-1.amazonaws.com/family_datasets/Food_Nature_and_Simple_Objects/Ball/Natural/6.png","https://tactileeval.s3.us-east-1.amazonaws.com/family_datasets/Food_Nature_and_Simple_Objects/Ball/Tactile/6.jpg","","Ball","https://tactileeval.s3.us-east-1.amazonaws.com/family_datasets/Food_Nature_and_Simple_Objects/Ball/Natural/7.png","https://tactileeval.s3.us-east-1.amazonaws.com/family_datasets/Food_Nature_and_Simple_Objects/Ball/Tactile/7.jpg","","Ball","https://tactileeval.s3.us-east-1.amazonaws.com/family_datasets/Food_Nature_and_Simple_Objects/Ball/Natural/8.png","https://tactileeval.s3.us-east-1.amazonaws.com/family_datasets/Food_Nature_and_Simple_Objects/Ball/Tactile/8.jpg","","Ball","https://tactileeval.s3.us-east-1.amazonaws.com/family_datasets/Food_Nature_and_Simple_Objects/Ball/Natural/9.png","https://tactileeval.s3.us-east-1.amazonaws.com/family_datasets/Food_Nature_and_Simple_Objects/Ball/Tactile/9.jpg","","[{""question1"":{""background_clean"":true,""configuration_match"":true,""object_match"":true},""question10"":{""background_clean"":true,""configuration_match"":true,""object_match"":true},""question2"":{""background_clean"":true,""configuration_match"":true,""object_match"":true},""question3"":{""background_clean"":true,""configuration_match"":false,""object_match"":true},""question4"":{""background_clean"":true,""configuration_match"":true,""object_match"":true},""question5"":{""background_clean"":true,""configuration_match"":false,""object_match"":true},""question6"":{""background_clean"":true,""configuration_match"":true,""object_match"":true},""question7"":{""background_clean"":true,""configuration_match"":true,""object_match"":true},""question8"":{""background_clean"":true,""configuration_match"":true,""object_match"":true},""question9"":{""background_clean"":true,""configuration_match"":true,""object_match"":true}}]"
"3MD8CKRQ0R1X0EWE9LDSVHPIYCIJR8","3Z7ICGQCY1O87W8MNFF8N8ZBBWFOTX","Categorize images based on background and configuration.","Review 10 simple objects line-arts and judge if it has adequate background and configuration. (10 pairs)","tactile, image review, accessibility, simple objects","$0.08","Mon Apr 13 17:53:45 PDT 2026","7","BatchId:5385319;OriginalHitTemplateId:928390873;","1200","1296000","Mon Apr 20 17:53:45 PDT 2026","","","3I0BTBYZBQZ1HT57RA0H9SZC6IV0YZ","A1SMWIBTQ2AESU","Approved","Mon Apr 13 21:51:32 PDT 2026","Mon Apr 13 22:05:20 PDT 2026","Tue Apr 28 22:05:20 PDT 2026","Sat Apr 18 19:48:01 PDT 2026","","","828","79% (67/85)","79% (66/84)","79% (66/84)","Apple","https://tactileeval.s3.us-east-1.amazonaws.com/family_datasets/Food_Nature_and_Simple_Objects/Apple/Natural/11.jpg","https://tactileeval.s3.us-east-1.amazonaws.com/family_datasets/Food_Nature_and_Simple_Objects/Apple/Tactile/11.jpg","","Ball","https://tactileeval.s3.us-east-1.amazonaws.com/family_datasets/Food_Nature_and_Simple_Objects/Ball/Natural/1.png","https://tactileeval.s3.us-east-1.amazonaws.com/family_datasets/Food_Nature_and_Simple_Objects/Ball/Tactile/1.jpg","","Ball","https://tactileeval.s3.us-east-1.amazonaws.com/family_datasets/Food_Nature_and_Simple_Objects/Ball/Natural/2.jpeg","https://tactileeval.s3.us-east-1.amazonaws.com/family_datasets/Food_Nature_and_Simple_Objects/Ball/Tactile/2.jpg","","Ball","https://tactileeval.s3.us-east-1.amazonaws.com/family_datasets/Food_Nature_and_Simple_Objects/Ball/Natural/3.jpeg","https://tactileeval.s3.us-east-1.amazonaws.com/family_datasets/Food_Nature_and_Simple_Objects/Ball/Tactile/3.jpg","","Ball","https://tactileeval.s3.us-east-1.amazonaws.com/family_datasets/Food_Nature_and_Simple_Objects/Ball/Natural/4.png","https://tactileeval.s3.us-east-1.amazonaws.com/family_datasets/Food_Nature_and_Simple_Objects/Ball/Tactile/4.jpg","","Ball","https://tactileeval.s3.us-east-1.amazonaws.com/family_datasets/Food_Nature_and_Simple_Objects/Ball/Natural/5.png","https://tactileeval.s3.us-east-1.amazonaws.com/family_datasets/Food_Nature_and_Simple_Objects/Ball/Tactile/5.jpg","","Ball","https://tactileeval.s3.us-east-1.amazonaws.com/family_datasets/Food_Nature_and_Simple_Objects/Ball/Natural/6.png","https://tactileeval.s3.us-east-1.amazonaws.com/family_datasets/Food_Nature_and_Simple_Objects/Ball/Tactile/6.jpg","","Ball","https://tactileeval.s3.us-east-1.amazonaws.com/family_datasets/Food_Nature_and_Simple_Objects/Ball/Natural/7.png","https://tactileeval.s3.us-east-1.amazonaws.com/family_datasets/Food_Nature_and_Simple_Objects/Ball/Tactile/7.jpg","","Ball","https://tactileeval.s3.us-east-1.amazonaws.com/family_datasets/Food_Nature_and_Simple_Objects/Ball/Natural/8.png","https://tactileeval.s3.us-east-1.amazonaws.com/family_datasets/Food_Nature_and_Simple_Objects/Ball/Tactile/8.jpg","","Ball","https://tactileeval.s3.us-east-1.amazonaws.com/family_datasets/Food_Nature_and_Simple_Objects/Ball/Natural/9.png","https://tactileeval.s3.us-east-1.amazonaws.com/family_datasets/Food_Nature_and_Simple_Objects/Ball/Tactile/9.jpg","","[{""question1"":{""background_clean"":true,""configuration_match"":true,""object_match"":true},""question10"":{""background_clean"":true,""configuration_match"":true,""object_match"":true},""question2"":{""background_clean"":true,""configuration_match"":true,""object_match"":true},""question3"":{""background_clean"":true,""configuration_match"":true,""object_match"":true},""question4"":{""background_clean"":true,""configuration_match"":true,""object_match"":true},""question5"":{""background_clean"":true,""configuration_match"":true,""object_match"":true},""question6"":{""background_clean"":true,""configuration_match"":true,""object_match"":false},""question7"":{""background_clean"":true,""configuration_match"":true,""object_match"":true},""question8"":{""background_clean"":true,""configuration_match"":true,""object_match"":true},""question9"":{""background_clean"":true,""configuration_match"":true,""object_match"":true}}]"
"3MD8CKRQ0R1X0EWE9LDSVHPIYCIJR8","3Z7ICGQCY1O87W8MNFF8N8ZBBWFOTX","Categorize images based on background and configuration.","Review 10 simple objects line-arts and judge if it has adequate background and configuration. (10 pairs)","tactile, image review, accessibility, simple objects","$0.08","Mon Apr 13 17:53:45 PDT 2026","7","BatchId:5385319;OriginalHitTemplateId:928390873;","1200","1296000","Mon Apr 20 17:53:45 PDT 2026","","","3WYGZ5XF4PT6YX02WXIAAQQK3V8SKM","A2J1106X8NPZGP","Approved","Mon Apr 13 22:19:12 PDT 2026","Mon Apr 13 22:33:26 PDT 2026","Tue Apr 28 22:33:26 PDT 2026","Sat Apr 18 19:48:01 PDT 2026","","","854","43% (19/44)","43% (19/44)","43% (19/44)","Apple","https://tactileeval.s3.us-east-1.amazonaws.com/family_datasets/Food_Nature_and_Simple_Objects/Apple/Natural/11.jpg","https://tactileeval.s3.us-east-1.amazonaws.com/family_datasets/Food_Nature_and_Simple_Objects/Apple/Tactile/11.jpg","","Ball","https://tactileeval.s3.us-east-1.amazonaws.com/family_datasets/Food_Nature_and_Simple_Objects/Ball/Natural/1.png","https://tactileeval.s3.us-east-1.amazonaws.com/family_datasets/Food_Nature_and_Simple_Objects/Ball/Tactile/1.jpg","","Ball","https://tactileeval.s3.us-east-1.amazonaws.com/family_datasets/Food_Nature_and_Simple_Objects/Ball/Natural/2.jpeg","https://tactileeval.s3.us-east-1.amazonaws.com/family_datasets/Food_Nature_and_Simple_Objects/Ball/Tactile/2.jpg","","Ball","https://tactileeval.s3.us-east-1.amazonaws.com/family_datasets/Food_Nature_and_Simple_Objects/Ball/Natural/3.jpeg","https://tactileeval.s3.us-east-1.amazonaws.com/family_datasets/Food_Nature_and_Simple_Objects/Ball/Tactile/3.jpg","","Ball","https://tactileeval.s3.us-east-1.amazonaws.com/family_datasets/Food_Nature_and_Simple_Objects/Ball/Natural/4.png","https://tactileeval.s3.us-east-1.amazonaws.com/family_datasets/Food_Nature_and_Simple_Objects/Ball/Tactile/4.jpg","","Ball","https://tactileeval.s3.us-east-1.amazonaws.com/family_datasets/Food_Nature_and_Simple_Objects/Ball/Natural/5.png","https://tactileeval.s3.us-east-1.amazonaws.com/family_datasets/Food_Nature_and_Simple_Objects/Ball/Tactile/5.jpg","","Ball","https://tactileeval.s3.us-east-1.amazonaws.com/family_datasets/Food_Nature_and_Simple_Objects/Ball/Natural/6.png","https://tactileeval.s3.us-east-1.amazonaws.com/family_datasets/Food_Nature_and_Simple_Objects/Ball/Tactile/6.jpg","","Ball","https://tactileeval.s3.us-east-1.amazonaws.com/family_datasets/Food_Nature_and_Simple_Objects/Ball/Natural/7.png","https://tactileeval.s3.us-east-1.amazonaws.com/family_datasets/Food_Nature_and_Simple_Objects/Ball/Tactile/7.jpg","","Ball","https://tactileeval.s3.us-east-1.amazonaws.com/family_datasets/Food_Nature_and_Simple_Objects/Ball/Natural/8.png","https://tactileeval.s3.us-east-1.amazonaws.com/family_datasets/Food_Nature_and_Simple_Objects/Ball/Tactile/8.jpg","","Ball","https://tactileeval.s3.us-east-1.amazonaws.com/family_datasets/Food_Nature_and_Simple_Objects/Ball/Natural/9.png","https://tactileeval.s3.us-east-1.amazonaws.com/family_datasets/Food_Nature_and_Simple_Objects/Ball/Tactile/9.jpg","","[{""question1"":{""background_clean"":true,""configuration_match"":true,""object_match"":true},""question10"":{""background_clean"":true,""configuration_match"":true,""object_match"":true},""question2"":{""background_clean"":true,""configuration_match"":true,""object_match"":true},""question3"":{""background_clean"":true,""configuration_match"":false,""object_match"":true},""question4"":{""background_clean"":true,""configuration_match"":false,""object_match"":true},""question5"":{""background_clean"":true,""configuration_match"":false,""object_match"":true},""question6"":{""background_clean"":true,""configuration_match"":true,""object_match"":true},""question7"":{""background_clean"":true,""configuration_match"":true,""object_match"":true},""question8"":{""background_clean"":true,""configuration_match"":false,""object_match"":true},""question9"":{""background_clean"":true,""configuration_match"":true,""object_match"":true}}]"
"3MNJFORX93ISQPCKTO94DISUDNCF5N","3Z7ICGQCY1O87W8MNFF8N8ZBBWFOTX","Categorize images based on background and configuration.","Review 10 simple objects line-arts and judge if it has adequate background and configuration. (10 pairs)","tactile, image review, accessibility, simple objects","$0.08","Mon Apr 13 17:53:45 PDT 2026","7","BatchId:5385319;OriginalHitTemplateId:928390873;","1200","1296000","Mon Apr 20 17:53:45 PDT 2026","","","39N5ACM9I71P491J0JNRPC7T5G69P8","ACUA3D1ZUVZU3","Submitted","Mon Apr 13 19:39:50 PDT 2026","Mon Apr 13 19:43:22 PDT 2026","Tue Apr 28 19:43:22 PDT 2026","","","","212","93% (14/15)","93% (14/15)","93% (14/15)","Ball","https://tactileeval.s3.us-east-1.amazonaws.com/family_datasets/Food_Nature_and_Simple_Objects/Ball/Natural/10.png","https://tactileeval.s3.us-east-1.amazonaws.com/family_datasets/Food_Nature_and_Simple_Objects/Ball/Tactile/10.jpg","","Ball","https://tactileeval.s3.us-east-1.amazonaws.com/family_datasets/Food_Nature_and_Simple_Objects/Ball/Natural/11.png","https://tactileeval.s3.us-east-1.amazonaws.com/family_datasets/Food_Nature_and_Simple_Objects/Ball/Tactile/11.jpg","","Ball","https://tactileeval.s3.us-east-1.amazonaws.com/family_datasets/Food_Nature_and_Simple_Objects/Ball/Natural/12.jpeg","https://tactileeval.s3.us-east-1.amazonaws.com/family_datasets/Food_Nature_and_Simple_Objects/Ball/Tactile/12.jpg","","Ball","https://tactileeval.s3.us-east-1.amazonaws.com/family_datasets/Food_Nature_and_Simple_Objects/Ball/Natural/13.png","https://tactileeval.s3.us-east-1.amazonaws.com/family_datasets/Food_Nature_and_Simple_Objects/Ball/Tactile/13.jpg","","Ball","https://tactileeval.s3.us-east-1.amazonaws.com/family_datasets/Food_Nature_and_Simple_Objects/Ball/Natural/14.png","https://tactileeval.s3.us-east-1.amazonaws.com/family_datasets/Food_Nature_and_Simple_Objects/Ball/Tactile/14.jpg","","Ball","https://tactileeval.s3.us-east-1.amazonaws.com/family_datasets/Food_Nature_and_Simple_Objects/Ball/Natural/15.png","https://tactileeval.s3.us-east-1.amazonaws.com/family_datasets/Food_Nature_and_Simple_Objects/Ball/Tactile/15.jpg","","Ball","https://tactileeval.s3.us-east-1.amazonaws.com/family_datasets/Food_Nature_and_Simple_Objects/Ball/Natural/16.png","https://tactileeval.s3.us-east-1.amazonaws.com/family_datasets/Food_Nature_and_Simple_Objects/Ball/Tactile/16.jpg","","Ball","https://tactileeval.s3.us-east-1.amazonaws.com/family_datasets/Food_Nature_and_Simple_Objects/Ball/Natural/17.png","https://tactileeval.s3.us-east-1.amazonaws.com/family_datasets/Food_Nature_and_Simple_Objects/Ball/Tactile/17.jpg","","Ball","https://tactileeval.s3.us-east-1.amazonaws.com/family_datasets/Food_Nature_and_Simple_Objects/Ball/Natural/18.png","https://tactileeval.s3.us-east-1.amazonaws.com/family_datasets/Food_Nature_and_Simple_Objects/Ball/Tactile/18.jpg","","Ball","https://tactileeval.s3.us-east-1.amazonaws.com/family_datasets/Food_Nature_and_Simple_Objects/Ball/Natural/19.jpg","https://tactileeval.s3.us-east-1.amazonaws.com/family_datasets/Food_Nature_and_Simple_Objects/Ball/Tactile/19.jpg","","[{""question1"":{""background_clean"":false,""configuration_match"":true,""object_match"":true},""question10"":{""background_clean"":true,""configuration_match"":false,""object_match"":true},""question2"":{""background_clean"":true,""configuration_match"":false,""object_match"":false},""question3"":{""background_clean"":true,""configuration_match"":true,""object_match"":true},""question4"":{""background_clean"":false,""configuration_match"":true,""object_match"":true},""question5"":{""background_clean"":false,""configuration_match"":false,""object_match"":true},""question6"":{""background_clean"":true,""configuration_match"":true,""object_match"":true},""question7"":{""background_clean"":true,""configuration_match"":false,""object_match"":true},""question8"":{""background_clean"":true,""configuration_match"":true,""object_match"":true},""question9"":{""background_clean"":true,""configuration_match"":false,""object_match"":true}}]"
"3MNJFORX93ISQPCKTO94DISUDNCF5N","3Z7ICGQCY1O87W8MNFF8N8ZBBWFOTX","Categorize images based on background and configuration.","Review 10 simple objects line-arts and judge if it has adequate background and configuration. (10 pairs)","tactile, image review, accessibility, simple objects","$0.08","Mon Apr 13 17:53:45 PDT 2026","7","BatchId:5385319;OriginalHitTemplateId:928390873;","1200","1296000","Mon Apr 20 17:53:45 PDT 2026","","","3WRFBPLXS323MM0Q3V9PUAZC59Y3NS","AJZHPDCKUVRM8","Submitted","Mon Apr 13 20:10:09 PDT 2026","Mon Apr 13 20:10:47 PDT 2026","Tue Apr 28 20:10:47 PDT 2026","","","","38","86% (67/78)","86% (67/78)","86% (67/78)","Ball","https://tactileeval.s3.us-east-1.amazonaws.com/family_datasets/Food_Nature_and_Simple_Objects/Ball/Natural/10.png","https://tactileeval.s3.us-east-1.amazonaws.com/family_datasets/Food_Nature_and_Simple_Objects/Ball/Tactile/10.jpg","","Ball","https://tactileeval.s3.us-east-1.amazonaws.com/family_datasets/Food_Nature_and_Simple_Objects/Ball/Natural/11.png","https://tactileeval.s3.us-east-1.amazonaws.com/family_datasets/Food_Nature_and_Simple_Objects/Ball/Tactile/11.jpg","","Ball","https://tactileeval.s3.us-east-1.amazonaws.com/family_datasets/Food_Nature_and_Simple_Objects/Ball/Natural/12.jpeg","https://tactileeval.s3.us-east-1.amazonaws.com/family_datasets/Food_Nature_and_Simple_Objects/Ball/Tactile/12.jpg","","Ball","https://tactileeval.s3.us-east-1.amazonaws.com/family_datasets/Food_Nature_and_Simple_Objects/Ball/Natural/13.png","https://tactileeval.s3.us-east-1.amazonaws.com/family_datasets/Food_Nature_and_Simple_Objects/Ball/Tactile/13.jpg","","Ball","https://tactileeval.s3.us-east-1.amazonaws.com/family_datasets/Food_Nature_and_Simple_Objects/Ball/Natural/14.png","https://tactileeval.s3.us-east-1.amazonaws.com/family_datasets/Food_Nature_and_Simple_Objects/Ball/Tactile/14.jpg","","Ball","https://tactileeval.s3.us-east-1.amazonaws.com/family_datasets/Food_Nature_and_Simple_Objects/Ball/Natural/15.png","https://tactileeval.s3.us-east-1.amazonaws.com/family_datasets/Food_Nature_and_Simple_Objects/Ball/Tactile/15.jpg","","Ball","https://tactileeval.s3.us-east-1.amazonaws.com/family_datasets/Food_Nature_and_Simple_Objects/Ball/Natural/16.png","https://tactileeval.s3.us-east-1.amazonaws.com/family_datasets/Food_Nature_and_Simple_Objects/Ball/Tactile/16.jpg","","Ball","https://tactileeval.s3.us-east-1.amazonaws.com/family_datasets/Food_Nature_and_Simple_Objects/Ball/Natural/17.png","https://tactileeval.s3.us-east-1.amazonaws.com/family_datasets/Food_Nature_and_Simple_Objects/Ball/Tactile/17.jpg","","Ball","https://tactileeval.s3.us-east-1.amazonaws.com/family_datasets/Food_Nature_and_Simple_Objects/Ball/Natural/18.png","https://tactileeval.s3.us-east-1.amazonaws.com/family_datasets/Food_Nature_and_Simple_Objects/Ball/Tactile/18.jpg","","Ball","https://tactileeval.s3.us-east-1.amazonaws.com/family_datasets/Food_Nature_and_Simple_Objects/Ball/Natural/19.jpg","https://tactileeval.s3.us-east-1.amazonaws.com/family_datasets/Food_Nature_and_Simple_Objects/Ball/Tactile/19.jpg","","[{""question1"":{""background_clean"":true,""configuration_match"":false,""object_match"":true},""question10"":{""background_clean"":true,""configuration_match"":false,""object_match"":false},""question2"":{""background_clean"":true,""configuration_match"":false,""object_match"":false},""question3"":{""background_clean"":true,""configuration_match"":false,""object_match"":true},""question4"":{""background_clean"":true,""configuration_match"":false,""object_match"":false},""question5"":{""background_clean"":true,""configuration_match"":false,""object_match"":false},""question6"":{""background_clean"":true,""configuration_match"":false,""object_match"":true},""question7"":{""background_clean"":true,""configuration_match"":false,""object_match"":false},""question8"":{""background_clean"":true,""configuration_match"":false,""object_match"":false},""question9"":{""background_clean"":true,""configuration_match"":false,""object_match"":false}}]"
"3MNJFORX93ISQPCKTO94DISUDNCF5N","3Z7ICGQCY1O87W8MNFF8N8ZBBWFOTX","Categorize images based on background and configuration.","Review 10 simple objects line-arts and judge if it has adequate background and configuration. (10 pairs)","tactile, image review, accessibility, simple objects","$0.08","Mon Apr 13 17:53:45 PDT 2026","7","BatchId:5385319;OriginalHitTemplateId:928390873;","1200","1296000","Mon Apr 20 17:53:45 PDT 2026","","","3MH9DQ758PQHBOWNVBSVRZGFHB1GUC","A22YCS3UW15WOO","Submitted","Mon Apr 13 20:52:57 PDT 2026","Mon Apr 13 20:55:35 PDT 2026","Tue Apr 28 20:55:35 PDT 2026","","","","158","94% (207/220)","86% (82/95)","86% (82/95)","Ball","https://tactileeval.s3.us-east-1.amazonaws.com/family_datasets/Food_Nature_and_Simple_Objects/Ball/Natural/10.png","https://tactileeval.s3.us-east-1.amazonaws.com/family_datasets/Food_Nature_and_Simple_Objects/Ball/Tactile/10.jpg","","Ball","https://tactileeval.s3.us-east-1.amazonaws.com/family_datasets/Food_Nature_and_Simple_Objects/Ball/Natural/11.png","https://tactileeval.s3.us-east-1.amazonaws.com/family_datasets/Food_Nature_and_Simple_Objects/Ball/Tactile/11.jpg","","Ball","https://tactileeval.s3.us-east-1.amazonaws.com/family_datasets/Food_Nature_and_Simple_Objects/Ball/Natural/12.jpeg","https://tactileeval.s3.us-east-1.amazonaws.com/family_datasets/Food_Nature_and_Simple_Objects/Ball/Tactile/12.jpg","","Ball","https://tactileeval.s3.us-east-1.amazonaws.com/family_datasets/Food_Nature_and_Simple_Objects/Ball/Natural/13.png","https://tactileeval.s3.us-east-1.amazonaws.com/family_datasets/Food_Nature_and_Simple_Objects/Ball/Tactile/13.jpg","","Ball","https://tactileeval.s3.us-east-1.amazonaws.com/family_datasets/Food_Nature_and_Simple_Objects/Ball/Natural/14.png","https://tactileeval.s3.us-east-1.amazonaws.com/family_datasets/Food_Nature_and_Simple_Objects/Ball/Tactile/14.jpg","","Ball","https://tactileeval.s3.us-east-1.amazonaws.com/family_datasets/Food_Nature_and_Simple_Objects/Ball/Natural/15.png","https://tactileeval.s3.us-east-1.amazonaws.com/family_datasets/Food_Nature_and_Simple_Objects/Ball/Tactile/15.jpg","","Ball","https://tactileeval.s3.us-east-1.amazonaws.com/family_datasets/Food_Nature_and_Simple_Objects/Ball/Natural/16.png","https://tactileeval.s3.us-east-1.amazonaws.com/family_datasets/Food_Nature_and_Simple_Objects/Ball/Tactile/16.jpg","","Ball","https://tactileeval.s3.us-east-1.amazonaws.com/family_datasets/Food_Nature_and_Simple_Objects/Ball/Natural/17.png","https://tactileeval.s3.us-east-1.amazonaws.com/family_datasets/Food_Nature_and_Simple_Objects/Ball/Tactile/17.jpg","","Ball","https://tactileeval.s3.us-east-1.amazonaws.com/family_datasets/Food_Nature_and_Simple_Objects/Ball/Natural/18.png","https://tactileeval.s3.us-east-1.amazonaws.com/family_datasets/Food_Nature_and_Simple_Objects/Ball/Tactile/18.jpg","","Ball","https://tactileeval.s3.us-east-1.amazonaws.com/family_datasets/Food_Nature_and_Simple_Objects/Ball/Natural/19.jpg","https://tactileeval.s3.us-east-1.amazonaws.com/family_datasets/Food_Nature_and_Simple_Objects/Ball/Tactile/19.jpg","","[{""question1"":{""background_clean"":true,""configuration_match"":true,""object_match"":true},""question10"":{""background_clean"":true,""configuration_match"":true,""object_match"":true},""question2"":{""background_clean"":true,""configuration_match"":true,""object_match"":true},""question3"":{""background_clean"":true,""configuration_match"":true,""object_match"":true},""question4"":{""background_clean"":true,""configuration_match"":true,""object_match"":false},""question5"":{""background_clean"":true,""configuration_match"":true,""object_match"":false},""question6"":{""background_clean"":true,""configuration_match"":true,""object_match"":true},""question7"":{""background_clean"":true,""configuration_match"":true,""object_match"":false},""question8"":{""background_clean"":true,""configuration_match"":true,""object_match"":true},""question9"":{""background_clean"":true,""configuration_match"":true,""object_match"":true}}]"
"3MNJFORX93ISQPCKTO94DISUDNCF5N","3Z7ICGQCY1O87W8MNFF8N8ZBBWFOTX","Categorize images based on background and configuration.","Review 10 simple objects line-arts and judge if it has adequate background and configuration. (10 pairs)","tactile, image review, accessibility, simple objects","$0.08","Mon Apr 13 17:53:45 PDT 2026","7","BatchId:5385319;OriginalHitTemplateId:928390873;","1200","1296000","Mon Apr 20 17:53:45 PDT 2026","","","3X73LLYYRUSIGU7PIGYRY40MOFMNHR","A2FK6782M09EBO","Submitted","Mon Apr 13 21:09:34 PDT 2026","Mon Apr 13 21:27:19 PDT 2026","Tue Apr 28 21:27:19 PDT 2026","","","","1065","94% (101/107)","94% (101/107)","94% (101/107)","Ball","https://tactileeval.s3.us-east-1.amazonaws.com/family_datasets/Food_Nature_and_Simple_Objects/Ball/Natural/10.png","https://tactileeval.s3.us-east-1.amazonaws.com/family_datasets/Food_Nature_and_Simple_Objects/Ball/Tactile/10.jpg","","Ball","https://tactileeval.s3.us-east-1.amazonaws.com/family_datasets/Food_Nature_and_Simple_Objects/Ball/Natural/11.png","https://tactileeval.s3.us-east-1.amazonaws.com/family_datasets/Food_Nature_and_Simple_Objects/Ball/Tactile/11.jpg","","Ball","https://tactileeval.s3.us-east-1.amazonaws.com/family_datasets/Food_Nature_and_Simple_Objects/Ball/Natural/12.jpeg","https://tactileeval.s3.us-east-1.amazonaws.com/family_datasets/Food_Nature_and_Simple_Objects/Ball/Tactile/12.jpg","","Ball","https://tactileeval.s3.us-east-1.amazonaws.com/family_datasets/Food_Nature_and_Simple_Objects/Ball/Natural/13.png","https://tactileeval.s3.us-east-1.amazonaws.com/family_datasets/Food_Nature_and_Simple_Objects/Ball/Tactile/13.jpg","","Ball","https://tactileeval.s3.us-east-1.amazonaws.com/family_datasets/Food_Nature_and_Simple_Objects/Ball/Natural/14.png","https://tactileeval.s3.us-east-1.amazonaws.com/family_datasets/Food_Nature_and_Simple_Objects/Ball/Tactile/14.jpg","","Ball","https://tactileeval.s3.us-east-1.amazonaws.com/family_datasets/Food_Nature_and_Simple_Objects/Ball/Natural/15.png","https://tactileeval.s3.us-east-1.amazonaws.com/family_datasets/Food_Nature_and_Simple_Objects/Ball/Tactile/15.jpg","","Ball","https://tactileeval.s3.us-east-1.amazonaws.com/family_datasets/Food_Nature_and_Simple_Objects/Ball/Natural/16.png","https://tactileeval.s3.us-east-1.amazonaws.com/family_datasets/Food_Nature_and_Simple_Objects/Ball/Tactile/16.jpg","","Ball","https://tactileeval.s3.us-east-1.amazonaws.com/family_datasets/Food_Nature_and_Simple_Objects/Ball/Natural/17.png","https://tactileeval.s3.us-east-1.amazonaws.com/family_datasets/Food_Nature_and_Simple_Objects/Ball/Tactile/17.jpg","","Ball","https://tactileeval.s3.us-east-1.amazonaws.com/family_datasets/Food_Nature_and_Simple_Objects/Ball/Natural/18.png","https://tactileeval.s3.us-east-1.amazonaws.com/family_datasets/Food_Nature_and_Simple_Objects/Ball/Tactile/18.jpg","","Ball","https://tactileeval.s3.us-east-1.amazonaws.com/family_datasets/Food_Nature_and_Simple_Objects/Ball/Natural/19.jpg","https://tactileeval.s3.us-east-1.amazonaws.com/family_datasets/Food_Nature_and_Simple_Objects/Ball/Tactile/19.jpg","","[{""question1"":{""background_clean"":true,""configuration_match"":true,""object_match"":true},""question10"":{""background_clean"":true,""configuration_match"":true,""object_match"":true},""question2"":{""background_clean"":true,""configuration_match"":true,""object_match"":true},""question3"":{""background_clean"":true,""configuration_match"":true,""object_match"":true},""question4"":{""background_clean"":true,""configuration_match"":true,""object_match"":true},""question5"":{""background_clean"":true,""configuration_match"":true,""object_match"":false},""question6"":{""background_clean"":true,""configuration_match"":true,""object_match"":true},""question7"":{""background_clean"":true,""configuration_match"":false,""object_match"":false},""question8"":{""background_clean"":true,""configuration_match"":true,""object_match"":true},""question9"":{""background_clean"":true,""configuration_match"":true,""object_match"":true}}]"
"3MNJFORX93ISQPCKTO94DISUDNCF5N","3Z7ICGQCY1O87W8MNFF8N8ZBBWFOTX","Categorize images based on background and configuration.","Review 10 simple objects line-arts and judge if it has adequate background and configuration. (10 pairs)","tactile, image review, accessibility, simple objects","$0.08","Mon Apr 13 17:53:45 PDT 2026","7","BatchId:5385319;OriginalHitTemplateId:928390873;","1200","1296000","Mon Apr 20 17:53:45 PDT 2026","","","3NVC2EB66JDXYL44AXI0BQXJ9UE3YW","A1SMWIBTQ2AESU","Submitted","Mon Apr 13 21:46:32 PDT 2026","Mon Apr 13 22:01:02 PDT 2026","Tue Apr 28 22:01:02 PDT 2026","","","","870","79% (67/85)","79% (66/84)","79% (66/84)","Ball","https://tactileeval.s3.us-east-1.amazonaws.com/family_datasets/Food_Nature_and_Simple_Objects/Ball/Natural/10.png","https://tactileeval.s3.us-east-1.amazonaws.com/family_datasets/Food_Nature_and_Simple_Objects/Ball/Tactile/10.jpg","","Ball","https://tactileeval.s3.us-east-1.amazonaws.com/family_datasets/Food_Nature_and_Simple_Objects/Ball/Natural/11.png","https://tactileeval.s3.us-east-1.amazonaws.com/family_datasets/Food_Nature_and_Simple_Objects/Ball/Tactile/11.jpg","","Ball","https://tactileeval.s3.us-east-1.amazonaws.com/family_datasets/Food_Nature_and_Simple_Objects/Ball/Natural/12.jpeg","https://tactileeval.s3.us-east-1.amazonaws.com/family_datasets/Food_Nature_and_Simple_Objects/Ball/Tactile/12.jpg","","Ball","https://tactileeval.s3.us-east-1.amazonaws.com/family_datasets/Food_Nature_and_Simple_Objects/Ball/Natural/13.png","https://tactileeval.s3.us-east-1.amazonaws.com/family_datasets/Food_Nature_and_Simple_Objects/Ball/Tactile/13.jpg","","Ball","https://tactileeval.s3.us-east-1.amazonaws.com/family_datasets/Food_Nature_and_Simple_Objects/Ball/Natural/14.png","https://tactileeval.s3.us-east-1.amazonaws.com/family_datasets/Food_Nature_and_Simple_Objects/Ball/Tactile/14.jpg","","Ball","https://tactileeval.s3.us-east-1.amazonaws.com/family_datasets/Food_Nature_and_Simple_Objects/Ball/Natural/15.png","https://tactileeval.s3.us-east-1.amazonaws.com/family_datasets/Food_Nature_and_Simple_Objects/Ball/Tactile/15.jpg","","Ball","https://tactileeval.s3.us-east-1.amazonaws.com/family_datasets/Food_Nature_and_Simple_Objects/Ball/Natural/16.png","https://tactileeval.s3.us-east-1.amazonaws.com/family_datasets/Food_Nature_and_Simple_Objects/Ball/Tactile/16.jpg","","Ball","https://tactileeval.s3.us-east-1.amazonaws.com/family_datasets/Food_Nature_and_Simple_Objects/Ball/Natural/17.png","https://tactileeval.s3.us-east-1.amazonaws.com/family_datasets/Food_Nature_and_Simple_Objects/Ball/Tactile/17.jpg","","Ball","https://tactileeval.s3.us-east-1.amazonaws.com/family_datasets/Food_Nature_and_Simple_Objects/Ball/Natural/18.png","https://tactileeval.s3.us-east-1.amazonaws.com/family_datasets/Food_Nature_and_Simple_Objects/Ball/Tactile/18.jpg","","Ball","https://tactileeval.s3.us-east-1.amazonaws.com/family_datasets/Food_Nature_and_Simple_Objects/Ball/Natural/19.jpg","https://tactileeval.s3.us-east-1.amazonaws.com/family_datasets/Food_Nature_and_Simple_Objects/Ball/Tactile/19.jpg","","[{""question1"":{""background_clean"":true,""configuration_match"":true,""object_match"":true},""question10"":{""background_clean"":true,""configuration_match"":true,""object_match"":false},""question2"":{""background_clean"":true,""configuration_match"":true,""object_match"":false},""question3"":{""background_clean"":true,""configuration_match"":true,""object_match"":true},""question4"":{""background_clean"":true,""configuration_match"":true,""object_match"":true},""question5"":{""background_clean"":true,""configuration_match"":true,""object_match"":true},""question6"":{""background_clean"":true,""configuration_match"":true,""object_match"":true},""question7"":{""background_clean"":true,""configuration_match"":true,""object_match"":false},""question8"":{""background_clean"":true,""configuration_match"":true,""object_match"":true},""question9"":{""background_clean"":true,""configuration_match"":true,""object_match"":true}}]"
"3MNJFORX93ISQPCKTO94DISUDNCF5N","3Z7ICGQCY1O87W8MNFF8N8ZBBWFOTX","Categorize images based on background and configuration.","Review 10 simple objects line-arts and judge if it has adequate background and configuration. (10 pairs)","tactile, image review, accessibility, simple objects","$0.08","Mon Apr 13 17:53:45 PDT 2026","7","BatchId:5385319;OriginalHitTemplateId:928390873;","1200","1296000","Mon Apr 20 17:53:45 PDT 2026","","","3J2UYBXQREQZY9V1LR5PQ1FJ785062","A2J1106X8NPZGP","Submitted","Mon Apr 13 22:17:20 PDT 2026","Mon Apr 13 22:27:26 PDT 2026","Tue Apr 28 22:27:26 PDT 2026","","","","606","43% (19/44)","43% (19/44)","43% (19/44)","Ball","https://tactileeval.s3.us-east-1.amazonaws.com/family_datasets/Food_Nature_and_Simple_Objects/Ball/Natural/10.png","https://tactileeval.s3.us-east-1.amazonaws.com/family_datasets/Food_Nature_and_Simple_Objects/Ball/Tactile/10.jpg","","Ball","https://tactileeval.s3.us-east-1.amazonaws.com/family_datasets/Food_Nature_and_Simple_Objects/Ball/Natural/11.png","https://tactileeval.s3.us-east-1.amazonaws.com/family_datasets/Food_Nature_and_Simple_Objects/Ball/Tactile/11.jpg","","Ball","https://tactileeval.s3.us-east-1.amazonaws.com/family_datasets/Food_Nature_and_Simple_Objects/Ball/Natural/12.jpeg","https://tactileeval.s3.us-east-1.amazonaws.com/family_datasets/Food_Nature_and_Simple_Objects/Ball/Tactile/12.jpg","","Ball","https://tactileeval.s3.us-east-1.amazonaws.com/family_datasets/Food_Nature_and_Simple_Objects/Ball/Natural/13.png","https://tactileeval.s3.us-east-1.amazonaws.com/family_datasets/Food_Nature_and_Simple_Objects/Ball/Tactile/13.jpg","","Ball","https://tactileeval.s3.us-east-1.amazonaws.com/family_datasets/Food_Nature_and_Simple_Objects/Ball/Natural/14.png","https://tactileeval.s3.us-east-1.amazonaws.com/family_datasets/Food_Nature_and_Simple_Objects/Ball/Tactile/14.jpg","","Ball","https://tactileeval.s3.us-east-1.amazonaws.com/family_datasets/Food_Nature_and_Simple_Objects/Ball/Natural/15.png","https://tactileeval.s3.us-east-1.amazonaws.com/family_datasets/Food_Nature_and_Simple_Objects/Ball/Tactile/15.jpg","","Ball","https://tactileeval.s3.us-east-1.amazonaws.com/family_datasets/Food_Nature_and_Simple_Objects/Ball/Natural/16.png","https://tactileeval.s3.us-east-1.amazonaws.com/family_datasets/Food_Nature_and_Simple_Objects/Ball/Tactile/16.jpg","","Ball","https://tactileeval.s3.us-east-1.amazonaws.com/family_datasets/Food_Nature_and_Simple_Objects/Ball/Natural/17.png","https://tactileeval.s3.us-east-1.amazonaws.com/family_datasets/Food_Nature_and_Simple_Objects/Ball/Tactile/17.jpg","","Ball","https://tactileeval.s3.us-east-1.amazonaws.com/family_datasets/Food_Nature_and_Simple_Objects/Ball/Natural/18.png","https://tactileeval.s3.us-east-1.amazonaws.com/family_datasets/Food_Nature_and_Simple_Objects/Ball/Tactile/18.jpg","","Ball","https://tactileeval.s3.us-east-1.amazonaws.com/family_datasets/Food_Nature_and_Simple_Objects/Ball/Natural/19.jpg","https://tactileeval.s3.us-east-1.amazonaws.com/family_datasets/Food_Nature_and_Simple_Objects/Ball/Tactile/19.jpg","","[{""question1"":{""background_clean"":false,""configuration_match"":true,""object_match"":true},""question10"":{""background_clean"":true,""configuration_match"":false,""object_match"":true},""question2"":{""background_clean"":true,""configuration_match"":false,""object_match"":true},""question3"":{""background_clean"":true,""configuration_match"":true,""object_match"":true},""question4"":{""background_clean"":true,""configuration_match"":false,""object_match"":true},""question5"":{""background_clean"":true,""configuration_match"":false,""object_match"":true},""question6"":{""background_clean"":true,""configuration_match"":true,""object_match"":true},""question7"":{""background_clean"":true,""configuration_match"":false,""object_match"":false},""question8"":{""background_clean"":true,""configuration_match"":true,""object_match"":true},""question9"":{""background_clean"":true,""configuration_match"":true,""object_match"":true}}]"
"3MNJFORX93ISQPCKTO94DISUDNCF5N","3Z7ICGQCY1O87W8MNFF8N8ZBBWFOTX","Categorize images based on background and configuration.","Review 10 simple objects line-arts and judge if it has adequate background and configuration. (10 pairs)","tactile, image review, accessibility, simple objects","$0.08","Mon Apr 13 17:53:45 PDT 2026","7","BatchId:5385319;OriginalHitTemplateId:928390873;","1200","1296000","Mon Apr 20 17:53:45 PDT 2026","","","3QECW5O0LAF4VESEEAJUI63O8OYT5Y","A36H75IU3Q97QS","Submitted","Mon Apr 13 23:24:44 PDT 2026","Mon Apr 13 23:25:27 PDT 2026","Tue Apr 28 23:25:27 PDT 2026","","","","43","37% (7/19)","37% (7/19)","37% (7/19)","Ball","https://tactileeval.s3.us-east-1.amazonaws.com/family_datasets/Food_Nature_and_Simple_Objects/Ball/Natural/10.png","https://tactileeval.s3.us-east-1.amazonaws.com/family_datasets/Food_Nature_and_Simple_Objects/Ball/Tactile/10.jpg","","Ball","https://tactileeval.s3.us-east-1.amazonaws.com/family_datasets/Food_Nature_and_Simple_Objects/Ball/Natural/11.png","https://tactileeval.s3.us-east-1.amazonaws.com/family_datasets/Food_Nature_and_Simple_Objects/Ball/Tactile/11.jpg","","Ball","https://tactileeval.s3.us-east-1.amazonaws.com/family_datasets/Food_Nature_and_Simple_Objects/Ball/Natural/12.jpeg","https://tactileeval.s3.us-east-1.amazonaws.com/family_datasets/Food_Nature_and_Simple_Objects/Ball/Tactile/12.jpg","","Ball","https://tactileeval.s3.us-east-1.amazonaws.com/family_datasets/Food_Nature_and_Simple_Objects/Ball/Natural/13.png","https://tactileeval.s3.us-east-1.amazonaws.com/family_datasets/Food_Nature_and_Simple_Objects/Ball/Tactile/13.jpg","","Ball","https://tactileeval.s3.us-east-1.amazonaws.com/family_datasets/Food_Nature_and_Simple_Objects/Ball/Natural/14.png","https://tactileeval.s3.us-east-1.amazonaws.com/family_datasets/Food_Nature_and_Simple_Objects/Ball/Tactile/14.jpg","","Ball","https://tactileeval.s3.us-east-1.amazonaws.com/family_datasets/Food_Nature_and_Simple_Objects/Ball/Natural/15.png","https://tactileeval.s3.us-east-1.amazonaws.com/family_datasets/Food_Nature_and_Simple_Objects/Ball/Tactile/15.jpg","","Ball","https://tactileeval.s3.us-east-1.amazonaws.com/family_datasets/Food_Nature_and_Simple_Objects/Ball/Natural/16.png","https://tactileeval.s3.us-east-1.amazonaws.com/family_datasets/Food_Nature_and_Simple_Objects/Ball/Tactile/16.jpg","","Ball","https://tactileeval.s3.us-east-1.amazonaws.com/family_datasets/Food_Nature_and_Simple_Objects/Ball/Natural/17.png","https://tactileeval.s3.us-east-1.amazonaws.com/family_datasets/Food_Nature_and_Simple_Objects/Ball/Tactile/17.jpg","","Ball","https://tactileeval.s3.us-east-1.amazonaws.com/family_datasets/Food_Nature_and_Simple_Objects/Ball/Natural/18.png","https://tactileeval.s3.us-east-1.amazonaws.com/family_datasets/Food_Nature_and_Simple_Objects/Ball/Tactile/18.jpg","","Ball","https://tactileeval.s3.us-east-1.amazonaws.com/family_datasets/Food_Nature_and_Simple_Objects/Ball/Natural/19.jpg","https://tactileeval.s3.us-east-1.amazonaws.com/family_datasets/Food_Nature_and_Simple_Objects/Ball/Tactile/19.jpg","","[{""question1"":{""background_clean"":false,""configuration_match"":false,""object_match"":true},""question10"":{""background_clean"":false,""configuration_match"":true,""object_match"":true},""question2"":{""background_clean"":false,""configuration_match"":false,""object_match"":true},""question3"":{""background_clean"":false,""configuration_match"":true,""object_match"":true},""question4"":{""background_clean"":true,""configuration_match"":false,""object_match"":true},""question5"":{""background_clean"":false,""configuration_match"":false,""object_match"":true},""question6"":{""background_clean"":false,""configuration_match"":false,""object_match"":true},""question7"":{""background_clean"":true,""configuration_match"":false,""object_match"":true},""question8"":{""background_clean"":true,""configuration_match"":false,""object_match"":true},""question9"":{""background_clean"":true,""configuration_match"":false,""object_match"":true}}]"
"34R3P23QIKF6H4IAKFKD63HKDZSWHI","3Z7ICGQCY1O87W8MNFF8N8ZBBWFOTX","Categorize images based on background and configuration.","Review 10 simple objects line-arts and judge if it has adequate background and configuration. (10 pairs)","tactile, image review, accessibility, simple objects","$0.08","Mon Apr 13 17:53:45 PDT 2026","7","BatchId:5385319;OriginalHitTemplateId:928390873;","1200","1296000","Mon Apr 20 17:53:45 PDT 2026","","","3R2PKQ87OPMCU7X9CX1CL1C1J1EMI4","AQWVH7BKL5NEZ","Approved","Mon Apr 13 19:09:16 PDT 2026","Mon Apr 13 19:11:32 PDT 2026","Tue Apr 28 19:11:32 PDT 2026","Sat Apr 18 19:48:01 PDT 2026","","","136","100% (1/1)","100% (1/1)","100% (1/1)","Ball","https://tactileeval.s3.us-east-1.amazonaws.com/family_datasets/Food_Nature_and_Simple_Objects/Ball/Natural/20.png","https://tactileeval.s3.us-east-1.amazonaws.com/family_datasets/Food_Nature_and_Simple_Objects/Ball/Tactile/20.jpg","","Ball","https://tactileeval.s3.us-east-1.amazonaws.com/family_datasets/Food_Nature_and_Simple_Objects/Ball/Natural/21.jpg","https://tactileeval.s3.us-east-1.amazonaws.com/family_datasets/Food_Nature_and_Simple_Objects/Ball/Tactile/21.jpg","","Ball","https://tactileeval.s3.us-east-1.amazonaws.com/family_datasets/Food_Nature_and_Simple_Objects/Ball/Natural/22.jpg","https://tactileeval.s3.us-east-1.amazonaws.com/family_datasets/Food_Nature_and_Simple_Objects/Ball/Tactile/22.jpg","","Ball","https://tactileeval.s3.us-east-1.amazonaws.com/family_datasets/Food_Nature_and_Simple_Objects/Ball/Natural/23.jpg","https://tactileeval.s3.us-east-1.amazonaws.com/family_datasets/Food_Nature_and_Simple_Objects/Ball/Tactile/23.jpg","","Ball","https://tactileeval.s3.us-east-1.amazonaws.com/family_datasets/Food_Nature_and_Simple_Objects/Ball/Natural/24.jpg","https://tactileeval.s3.us-east-1.amazonaws.com/family_datasets/Food_Nature_and_Simple_Objects/Ball/Tactile/24.jpg","","Ball","https://tactileeval.s3.us-east-1.amazonaws.com/family_datasets/Food_Nature_and_Simple_Objects/Ball/Natural/25.jpg","https://tactileeval.s3.us-east-1.amazonaws.com/family_datasets/Food_Nature_and_Simple_Objects/Ball/Tactile/25.jpg","","Banana","https://tactileeval.s3.us-east-1.amazonaws.com/family_datasets/Food_Nature_and_Simple_Objects/Banana/Natural/1.jpg","https://tactileeval.s3.us-east-1.amazonaws.com/family_datasets/Food_Nature_and_Simple_Objects/Banana/Tactile/1.png","","Banana","https://tactileeval.s3.us-east-1.amazonaws.com/family_datasets/Food_Nature_and_Simple_Objects/Banana/Natural/2.jpg","https://tactileeval.s3.us-east-1.amazonaws.com/family_datasets/Food_Nature_and_Simple_Objects/Banana/Tactile/2.png","","Banana","https://tactileeval.s3.us-east-1.amazonaws.com/family_datasets/Food_Nature_and_Simple_Objects/Banana/Natural/3.jpg","https://tactileeval.s3.us-east-1.amazonaws.com/family_datasets/Food_Nature_and_Simple_Objects/Banana/Tactile/3.jpg","","Banana","https://tactileeval.s3.us-east-1.amazonaws.com/family_datasets/Food_Nature_and_Simple_Objects/Banana/Natural/4.jpeg","https://tactileeval.s3.us-east-1.amazonaws.com/family_datasets/Food_Nature_and_Simple_Objects/Banana/Tactile/4.jpg","","[{""question1"":{""background_clean"":true,""configuration_match"":true,""object_match"":true},""question10"":{""background_clean"":true,""configuration_match"":true,""object_match"":true},""question2"":{""background_clean"":true,""configuration_match"":true,""object_match"":true},""question3"":{""background_clean"":true,""configuration_match"":true,""object_match"":true},""question4"":{""background_clean"":true,""configuration_match"":true,""object_match"":true},""question5"":{""background_clean"":true,""configuration_match"":true,""object_match"":true},""question6"":{""background_clean"":true,""configuration_match"":true,""object_match"":true},""question7"":{""background_clean"":true,""configuration_match"":true,""object_match"":true},""question8"":{""background_clean"":true,""configuration_match"":true,""object_match"":true},""question9"":{""background_clean"":false,""configuration_match"":true,""object_match"":true}}]"
"34R3P23QIKF6H4IAKFKD63HKDZSWHI","3Z7ICGQCY1O87W8MNFF8N8ZBBWFOTX","Categorize images based on background and configuration.","Review 10 simple objects line-arts and judge if it has adequate background and configuration. (10 pairs)","tactile, image review, accessibility, simple objects","$0.08","Mon Apr 13 17:53:45 PDT 2026","7","BatchId:5385319;OriginalHitTemplateId:928390873;","1200","1296000","Mon Apr 20 17:53:45 PDT 2026","","","3WR9XG3T7WPZ1XR7N2XJ8I5SJUL742","AJZHPDCKUVRM8","Approved","Mon Apr 13 19:30:52 PDT 2026","Mon Apr 13 19:32:47 PDT 2026","Tue Apr 28 19:32:47 PDT 2026","Sat Apr 18 19:48:01 PDT 2026","","","115","86% (67/78)","86% (67/78)","86% (67/78)","Ball","https://tactileeval.s3.us-east-1.amazonaws.com/family_datasets/Food_Nature_and_Simple_Objects/Ball/Natural/20.png","https://tactileeval.s3.us-east-1.amazonaws.com/family_datasets/Food_Nature_and_Simple_Objects/Ball/Tactile/20.jpg","","Ball","https://tactileeval.s3.us-east-1.amazonaws.com/family_datasets/Food_Nature_and_Simple_Objects/Ball/Natural/21.jpg","https://tactileeval.s3.us-east-1.amazonaws.com/family_datasets/Food_Nature_and_Simple_Objects/Ball/Tactile/21.jpg","","Ball","https://tactileeval.s3.us-east-1.amazonaws.com/family_datasets/Food_Nature_and_Simple_Objects/Ball/Natural/22.jpg","https://tactileeval.s3.us-east-1.amazonaws.com/family_datasets/Food_Nature_and_Simple_Objects/Ball/Tactile/22.jpg","","Ball","https://tactileeval.s3.us-east-1.amazonaws.com/family_datasets/Food_Nature_and_Simple_Objects/Ball/Natural/23.jpg","https://tactileeval.s3.us-east-1.amazonaws.com/family_datasets/Food_Nature_and_Simple_Objects/Ball/Tactile/23.jpg","","Ball","https://tactileeval.s3.us-east-1.amazonaws.com/family_datasets/Food_Nature_and_Simple_Objects/Ball/Natural/24.jpg","https://tactileeval.s3.us-east-1.amazonaws.com/family_datasets/Food_Nature_and_Simple_Objects/Ball/Tactile/24.jpg","","Ball","https://tactileeval.s3.us-east-1.amazonaws.com/family_datasets/Food_Nature_and_Simple_Objects/Ball/Natural/25.jpg","https://tactileeval.s3.us-east-1.amazonaws.com/family_datasets/Food_Nature_and_Simple_Objects/Ball/Tactile/25.jpg","","Banana","https://tactileeval.s3.us-east-1.amazonaws.com/family_datasets/Food_Nature_and_Simple_Objects/Banana/Natural/1.jpg","https://tactileeval.s3.us-east-1.amazonaws.com/family_datasets/Food_Nature_and_Simple_Objects/Banana/Tactile/1.png","","Banana","https://tactileeval.s3.us-east-1.amazonaws.com/family_datasets/Food_Nature_and_Simple_Objects/Banana/Natural/2.jpg","https://tactileeval.s3.us-east-1.amazonaws.com/family_datasets/Food_Nature_and_Simple_Objects/Banana/Tactile/2.png","","Banana","https://tactileeval.s3.us-east-1.amazonaws.com/family_datasets/Food_Nature_and_Simple_Objects/Banana/Natural/3.jpg","https://tactileeval.s3.us-east-1.amazonaws.com/family_datasets/Food_Nature_and_Simple_Objects/Banana/Tactile/3.jpg","","Banana","https://tactileeval.s3.us-east-1.amazonaws.com/family_datasets/Food_Nature_and_Simple_Objects/Banana/Natural/4.jpeg","https://tactileeval.s3.us-east-1.amazonaws.com/family_datasets/Food_Nature_and_Simple_Objects/Banana/Tactile/4.jpg","","[{""question1"":{""background_clean"":false,""configuration_match"":false,""object_match"":true},""question10"":{""background_clean"":true,""configuration_match"":false,""object_match"":true},""question2"":{""background_clean"":true,""configuration_match"":true,""object_match"":false},""question3"":{""background_clean"":true,""configuration_match"":true,""object_match"":true},""question4"":{""background_clean"":true,""configuration_match"":false,""object_match"":false},""question5"":{""background_clean"":true,""configuration_match"":false,""object_match"":false},""question6"":{""background_clean"":true,""configuration_match"":false,""object_match"":true},""question7"":{""background_clean"":true,""configuration_match"":false,""object_match"":true},""question8"":{""background_clean"":true,""configuration_match"":true,""object_match"":true},""question9"":{""background_clean"":false,""configuration_match"":false,""object_match"":true}}]"
"34R3P23QIKF6H4IAKFKD63HKDZSWHI","3Z7ICGQCY1O87W8MNFF8N8ZBBWFOTX","Categorize images based on background and configuration.","Review 10 simple objects line-arts and judge if it has adequate background and configuration. (10 pairs)","tactile, image review, accessibility, simple objects","$0.08","Mon Apr 13 17:53:45 PDT 2026","7","BatchId:5385319;OriginalHitTemplateId:928390873;","1200","1296000","Mon Apr 20 17:53:45 PDT 2026","","","39JEC7538NF47R5IYF6HXUXJXQJVC7","A2FK6782M09EBO","Approved","Mon Apr 13 21:09:29 PDT 2026","Mon Apr 13 21:22:38 PDT 2026","Tue Apr 28 21:22:38 PDT 2026","Sat Apr 18 19:48:02 PDT 2026","","","789","94% (101/107)","94% (101/107)","94% (101/107)","Ball","https://tactileeval.s3.us-east-1.amazonaws.com/family_datasets/Food_Nature_and_Simple_Objects/Ball/Natural/20.png","https://tactileeval.s3.us-east-1.amazonaws.com/family_datasets/Food_Nature_and_Simple_Objects/Ball/Tactile/20.jpg","","Ball","https://tactileeval.s3.us-east-1.amazonaws.com/family_datasets/Food_Nature_and_Simple_Objects/Ball/Natural/21.jpg","https://tactileeval.s3.us-east-1.amazonaws.com/family_datasets/Food_Nature_and_Simple_Objects/Ball/Tactile/21.jpg","","Ball","https://tactileeval.s3.us-east-1.amazonaws.com/family_datasets/Food_Nature_and_Simple_Objects/Ball/Natural/22.jpg","https://tactileeval.s3.us-east-1.amazonaws.com/family_datasets/Food_Nature_and_Simple_Objects/Ball/Tactile/22.jpg","","Ball","https://tactileeval.s3.us-east-1.amazonaws.com/family_datasets/Food_Nature_and_Simple_Objects/Ball/Natural/23.jpg","https://tactileeval.s3.us-east-1.amazonaws.com/family_datasets/Food_Nature_and_Simple_Objects/Ball/Tactile/23.jpg","","Ball","https://tactileeval.s3.us-east-1.amazonaws.com/family_datasets/Food_Nature_and_Simple_Objects/Ball/Natural/24.jpg","https://tactileeval.s3.us-east-1.amazonaws.com/family_datasets/Food_Nature_and_Simple_Objects/Ball/Tactile/24.jpg","","Ball","https://tactileeval.s3.us-east-1.amazonaws.com/family_datasets/Food_Nature_and_Simple_Objects/Ball/Natural/25.jpg","https://tactileeval.s3.us-east-1.amazonaws.com/family_datasets/Food_Nature_and_Simple_Objects/Ball/Tactile/25.jpg","","Banana","https://tactileeval.s3.us-east-1.amazonaws.com/family_datasets/Food_Nature_and_Simple_Objects/Banana/Natural/1.jpg","https://tactileeval.s3.us-east-1.amazonaws.com/family_datasets/Food_Nature_and_Simple_Objects/Banana/Tactile/1.png","","Banana","https://tactileeval.s3.us-east-1.amazonaws.com/family_datasets/Food_Nature_and_Simple_Objects/Banana/Natural/2.jpg","https://tactileeval.s3.us-east-1.amazonaws.com/family_datasets/Food_Nature_and_Simple_Objects/Banana/Tactile/2.png","","Banana","https://tactileeval.s3.us-east-1.amazonaws.com/family_datasets/Food_Nature_and_Simple_Objects/Banana/Natural/3.jpg","https://tactileeval.s3.us-east-1.amazonaws.com/family_datasets/Food_Nature_and_Simple_Objects/Banana/Tactile/3.jpg","","Banana","https://tactileeval.s3.us-east-1.amazonaws.com/family_datasets/Food_Nature_and_Simple_Objects/Banana/Natural/4.jpeg","https://tactileeval.s3.us-east-1.amazonaws.com/family_datasets/Food_Nature_and_Simple_Objects/Banana/Tactile/4.jpg","","[{""question1"":{""background_clean"":false,""configuration_match"":true,""object_match"":true},""question10"":{""background_clean"":true,""configuration_match"":true,""object_match"":true},""question2"":{""background_clean"":true,""configuration_match"":true,""object_match"":true},""question3"":{""background_clean"":true,""configuration_match"":true,""object_match"":true},""question4"":{""background_clean"":true,""configuration_match"":true,""object_match"":true},""question5"":{""background_clean"":true,""configuration_match"":true,""object_match"":true},""question6"":{""background_clean"":true,""configuration_match"":true,""object_match"":true},""question7"":{""background_clean"":true,""configuration_match"":false,""object_match"":true},""question8"":{""background_clean"":true,""configuration_match"":true,""object_match"":true},""question9"":{""background_clean"":true,""configuration_match"":true,""object_match"":true}}]"
"34R3P23QIKF6H4IAKFKD63HKDZSWHI","3Z7ICGQCY1O87W8MNFF8N8ZBBWFOTX","Categorize images based on background and configuration.","Review 10 simple objects line-arts and judge if it has adequate background and configuration. (10 pairs)","tactile, image review, accessibility, simple objects","$0.08","Mon Apr 13 17:53:45 PDT 2026","7","BatchId:5385319;OriginalHitTemplateId:928390873;","1200","1296000","Mon Apr 20 17:53:45 PDT 2026","","","3Z7VU45IQRV1T80UJF6014ROH40Z1N","A22YCS3UW15WOO","Approved","Mon Apr 13 21:25:50 PDT 2026","Mon Apr 13 21:32:01 PDT 2026","Tue Apr 28 21:32:01 PDT 2026","Sat Apr 18 19:48:01 PDT 2026","","","371","94% (207/220)","86% (82/95)","86% (82/95)","Ball","https://tactileeval.s3.us-east-1.amazonaws.com/family_datasets/Food_Nature_and_Simple_Objects/Ball/Natural/20.png","https://tactileeval.s3.us-east-1.amazonaws.com/family_datasets/Food_Nature_and_Simple_Objects/Ball/Tactile/20.jpg","","Ball","https://tactileeval.s3.us-east-1.amazonaws.com/family_datasets/Food_Nature_and_Simple_Objects/Ball/Natural/21.jpg","https://tactileeval.s3.us-east-1.amazonaws.com/family_datasets/Food_Nature_and_Simple_Objects/Ball/Tactile/21.jpg","","Ball","https://tactileeval.s3.us-east-1.amazonaws.com/family_datasets/Food_Nature_and_Simple_Objects/Ball/Natural/22.jpg","https://tactileeval.s3.us-east-1.amazonaws.com/family_datasets/Food_Nature_and_Simple_Objects/Ball/Tactile/22.jpg","","Ball","https://tactileeval.s3.us-east-1.amazonaws.com/family_datasets/Food_Nature_and_Simple_Objects/Ball/Natural/23.jpg","https://tactileeval.s3.us-east-1.amazonaws.com/family_datasets/Food_Nature_and_Simple_Objects/Ball/Tactile/23.jpg","","Ball","https://tactileeval.s3.us-east-1.amazonaws.com/family_datasets/Food_Nature_and_Simple_Objects/Ball/Natural/24.jpg","https://tactileeval.s3.us-east-1.amazonaws.com/family_datasets/Food_Nature_and_Simple_Objects/Ball/Tactile/24.jpg","","Ball","https://tactileeval.s3.us-east-1.amazonaws.com/family_datasets/Food_Nature_and_Simple_Objects/Ball/Natural/25.jpg","https://tactileeval.s3.us-east-1.amazonaws.com/family_datasets/Food_Nature_and_Simple_Objects/Ball/Tactile/25.jpg","","Banana","https://tactileeval.s3.us-east-1.amazonaws.com/family_datasets/Food_Nature_and_Simple_Objects/Banana/Natural/1.jpg","https://tactileeval.s3.us-east-1.amazonaws.com/family_datasets/Food_Nature_and_Simple_Objects/Banana/Tactile/1.png","","Banana","https://tactileeval.s3.us-east-1.amazonaws.com/family_datasets/Food_Nature_and_Simple_Objects/Banana/Natural/2.jpg","https://tactileeval.s3.us-east-1.amazonaws.com/family_datasets/Food_Nature_and_Simple_Objects/Banana/Tactile/2.png","","Banana","https://tactileeval.s3.us-east-1.amazonaws.com/family_datasets/Food_Nature_and_Simple_Objects/Banana/Natural/3.jpg","https://tactileeval.s3.us-east-1.amazonaws.com/family_datasets/Food_Nature_and_Simple_Objects/Banana/Tactile/3.jpg","","Banana","https://tactileeval.s3.us-east-1.amazonaws.com/family_datasets/Food_Nature_and_Simple_Objects/Banana/Natural/4.jpeg","https://tactileeval.s3.us-east-1.amazonaws.com/family_datasets/Food_Nature_and_Simple_Objects/Banana/Tactile/4.jpg","","[{""question1"":{""background_clean"":true,""configuration_match"":false,""object_match"":true},""question10"":{""background_clean"":true,""configuration_match"":true,""object_match"":true},""question2"":{""background_clean"":true,""configuration_match"":true,""object_match"":true},""question3"":{""background_clean"":true,""configuration_match"":true,""object_match"":true},""question4"":{""background_clean"":true,""configuration_match"":false,""object_match"":true},""question5"":{""background_clean"":true,""configuration_match"":true,""object_match"":true},""question6"":{""background_clean"":true,""configuration_match"":true,""object_match"":true},""question7"":{""background_clean"":true,""configuration_match"":true,""object_match"":true},""question8"":{""background_clean"":true,""configuration_match"":true,""object_match"":true},""question9"":{""background_clean"":true,""configuration_match"":true,""object_match"":true}}]"
"34R3P23QIKF6H4IAKFKD63HKDZSWHI","3Z7ICGQCY1O87W8MNFF8N8ZBBWFOTX","Categorize images based on background and configuration.","Review 10 simple objects line-arts and judge if it has adequate background and configuration. (10 pairs)","tactile, image review, accessibility, simple objects","$0.08","Mon Apr 13 17:53:45 PDT 2026","7","BatchId:5385319;OriginalHitTemplateId:928390873;","1200","1296000","Mon Apr 20 17:53:45 PDT 2026","","","3V5Q80FXJQ57X0BXHCB52MWEUFI32E","A19HN15YVY9E5I","Approved","Mon Apr 13 21:38:27 PDT 2026","Mon Apr 13 21:39:09 PDT 2026","Tue Apr 28 21:39:09 PDT 2026","Sat Apr 18 19:48:01 PDT 2026","","","42","77% (10/13)","77% (10/13)","77% (10/13)","Ball","https://tactileeval.s3.us-east-1.amazonaws.com/family_datasets/Food_Nature_and_Simple_Objects/Ball/Natural/20.png","https://tactileeval.s3.us-east-1.amazonaws.com/family_datasets/Food_Nature_and_Simple_Objects/Ball/Tactile/20.jpg","","Ball","https://tactileeval.s3.us-east-1.amazonaws.com/family_datasets/Food_Nature_and_Simple_Objects/Ball/Natural/21.jpg","https://tactileeval.s3.us-east-1.amazonaws.com/family_datasets/Food_Nature_and_Simple_Objects/Ball/Tactile/21.jpg","","Ball","https://tactileeval.s3.us-east-1.amazonaws.com/family_datasets/Food_Nature_and_Simple_Objects/Ball/Natural/22.jpg","https://tactileeval.s3.us-east-1.amazonaws.com/family_datasets/Food_Nature_and_Simple_Objects/Ball/Tactile/22.jpg","","Ball","https://tactileeval.s3.us-east-1.amazonaws.com/family_datasets/Food_Nature_and_Simple_Objects/Ball/Natural/23.jpg","https://tactileeval.s3.us-east-1.amazonaws.com/family_datasets/Food_Nature_and_Simple_Objects/Ball/Tactile/23.jpg","","Ball","https://tactileeval.s3.us-east-1.amazonaws.com/family_datasets/Food_Nature_and_Simple_Objects/Ball/Natural/24.jpg","https://tactileeval.s3.us-east-1.amazonaws.com/family_datasets/Food_Nature_and_Simple_Objects/Ball/Tactile/24.jpg","","Ball","https://tactileeval.s3.us-east-1.amazonaws.com/family_datasets/Food_Nature_and_Simple_Objects/Ball/Natural/25.jpg","https://tactileeval.s3.us-east-1.amazonaws.com/family_datasets/Food_Nature_and_Simple_Objects/Ball/Tactile/25.jpg","","Banana","https://tactileeval.s3.us-east-1.amazonaws.com/family_datasets/Food_Nature_and_Simple_Objects/Banana/Natural/1.jpg","https://tactileeval.s3.us-east-1.amazonaws.com/family_datasets/Food_Nature_and_Simple_Objects/Banana/Tactile/1.png","","Banana","https://tactileeval.s3.us-east-1.amazonaws.com/family_datasets/Food_Nature_and_Simple_Objects/Banana/Natural/2.jpg","https://tactileeval.s3.us-east-1.amazonaws.com/family_datasets/Food_Nature_and_Simple_Objects/Banana/Tactile/2.png","","Banana","https://tactileeval.s3.us-east-1.amazonaws.com/family_datasets/Food_Nature_and_Simple_Objects/Banana/Natural/3.jpg","https://tactileeval.s3.us-east-1.amazonaws.com/family_datasets/Food_Nature_and_Simple_Objects/Banana/Tactile/3.jpg","","Banana","https://tactileeval.s3.us-east-1.amazonaws.com/family_datasets/Food_Nature_and_Simple_Objects/Banana/Natural/4.jpeg","https://tactileeval.s3.us-east-1.amazonaws.com/family_datasets/Food_Nature_and_Simple_Objects/Banana/Tactile/4.jpg","","[{""question1"":{""background_clean"":true,""configuration_match"":false,""object_match"":true},""question10"":{""background_clean"":true,""configuration_match"":true,""object_match"":true},""question2"":{""background_clean"":true,""configuration_match"":false,""object_match"":true},""question3"":{""background_clean"":true,""configuration_match"":true,""object_match"":true},""question4"":{""background_clean"":true,""configuration_match"":false,""object_match"":true},""question5"":{""background_clean"":true,""configuration_match"":false,""object_match"":true},""question6"":{""background_clean"":true,""configuration_match"":false,""object_match"":true},""question7"":{""background_clean"":true,""configuration_match"":true,""object_match"":true},""question8"":{""background_clean"":true,""configuration_match"":true,""object_match"":true},""question9"":{""background_clean"":true,""configuration_match"":true,""object_match"":true}}]"
"34R3P23QIKF6H4IAKFKD63HKDZSWHI","3Z7ICGQCY1O87W8MNFF8N8ZBBWFOTX","Categorize images based on background and configuration.","Review 10 simple objects line-arts and judge if it has adequate background and configuration. (10 pairs)","tactile, image review, accessibility, simple objects","$0.08","Mon Apr 13 17:53:45 PDT 2026","7","BatchId:5385319;OriginalHitTemplateId:928390873;","1200","1296000","Mon Apr 20 17:53:45 PDT 2026","","","3300DTYQUVVRZHTF87I2HVYE1AMEQU","A2U7UDW9Y1WGWF","Approved","Mon Apr 13 21:41:57 PDT 2026","Mon Apr 13 21:47:04 PDT 2026","Tue Apr 28 21:47:04 PDT 2026","Sat Apr 18 19:48:01 PDT 2026","","","307","100% (41/41)","100% (35/35)","100% (35/35)","Ball","https://tactileeval.s3.us-east-1.amazonaws.com/family_datasets/Food_Nature_and_Simple_Objects/Ball/Natural/20.png","https://tactileeval.s3.us-east-1.amazonaws.com/family_datasets/Food_Nature_and_Simple_Objects/Ball/Tactile/20.jpg","","Ball","https://tactileeval.s3.us-east-1.amazonaws.com/family_datasets/Food_Nature_and_Simple_Objects/Ball/Natural/21.jpg","https://tactileeval.s3.us-east-1.amazonaws.com/family_datasets/Food_Nature_and_Simple_Objects/Ball/Tactile/21.jpg","","Ball","https://tactileeval.s3.us-east-1.amazonaws.com/family_datasets/Food_Nature_and_Simple_Objects/Ball/Natural/22.jpg","https://tactileeval.s3.us-east-1.amazonaws.com/family_datasets/Food_Nature_and_Simple_Objects/Ball/Tactile/22.jpg","","Ball","https://tactileeval.s3.us-east-1.amazonaws.com/family_datasets/Food_Nature_and_Simple_Objects/Ball/Natural/23.jpg","https://tactileeval.s3.us-east-1.amazonaws.com/family_datasets/Food_Nature_and_Simple_Objects/Ball/Tactile/23.jpg","","Ball","https://tactileeval.s3.us-east-1.amazonaws.com/family_datasets/Food_Nature_and_Simple_Objects/Ball/Natural/24.jpg","https://tactileeval.s3.us-east-1.amazonaws.com/family_datasets/Food_Nature_and_Simple_Objects/Ball/Tactile/24.jpg","","Ball","https://tactileeval.s3.us-east-1.amazonaws.com/family_datasets/Food_Nature_and_Simple_Objects/Ball/Natural/25.jpg","https://tactileeval.s3.us-east-1.amazonaws.com/family_datasets/Food_Nature_and_Simple_Objects/Ball/Tactile/25.jpg","","Banana","https://tactileeval.s3.us-east-1.amazonaws.com/family_datasets/Food_Nature_and_Simple_Objects/Banana/Natural/1.jpg","https://tactileeval.s3.us-east-1.amazonaws.com/family_datasets/Food_Nature_and_Simple_Objects/Banana/Tactile/1.png","","Banana","https://tactileeval.s3.us-east-1.amazonaws.com/family_datasets/Food_Nature_and_Simple_Objects/Banana/Natural/2.jpg","https://tactileeval.s3.us-east-1.amazonaws.com/family_datasets/Food_Nature_and_Simple_Objects/Banana/Tactile/2.png","","Banana","https://tactileeval.s3.us-east-1.amazonaws.com/family_datasets/Food_Nature_and_Simple_Objects/Banana/Natural/3.jpg","https://tactileeval.s3.us-east-1.amazonaws.com/family_datasets/Food_Nature_and_Simple_Objects/Banana/Tactile/3.jpg","","Banana","https://tactileeval.s3.us-east-1.amazonaws.com/family_datasets/Food_Nature_and_Simple_Objects/Banana/Natural/4.jpeg","https://tactileeval.s3.us-east-1.amazonaws.com/family_datasets/Food_Nature_and_Simple_Objects/Banana/Tactile/4.jpg","","[{""question1"":{""background_clean"":false,""configuration_match"":true,""object_match"":true},""question10"":{""background_clean"":true,""configuration_match"":false,""object_match"":true},""question2"":{""background_clean"":true,""configuration_match"":true,""object_match"":true},""question3"":{""background_clean"":true,""configuration_match"":true,""object_match"":true},""question4"":{""background_clean"":true,""configuration_match"":true,""object_match"":false},""question5"":{""background_clean"":true,""configuration_match"":true,""object_match"":true},""question6"":{""background_clean"":true,""configuration_match"":true,""object_match"":true},""question7"":{""background_clean"":true,""configuration_match"":false,""object_match"":true},""question8"":{""background_clean"":true,""configuration_match"":true,""object_match"":true},""question9"":{""background_clean"":false,""configuration_match"":true,""object_match"":true}}]"
"34R3P23QIKF6H4IAKFKD63HKDZSWHI","3Z7ICGQCY1O87W8MNFF8N8ZBBWFOTX","Categorize images based on background and configuration.","Review 10 simple objects line-arts and judge if it has adequate background and configuration. (10 pairs)","tactile, image review, accessibility, simple objects","$0.08","Mon Apr 13 17:53:45 PDT 2026","7","BatchId:5385319;OriginalHitTemplateId:928390873;","1200","1296000","Mon Apr 20 17:53:45 PDT 2026","","","3QBD8R3Z3UX6M3J64OELJ4RN9KAO4Q","A1SMWIBTQ2AESU","Approved","Mon Apr 13 21:46:06 PDT 2026","Mon Apr 13 21:49:12 PDT 2026","Tue Apr 28 21:49:12 PDT 2026","Sat Apr 18 19:48:02 PDT 2026","","","186","79% (67/85)","79% (66/84)","79% (66/84)","Ball","https://tactileeval.s3.us-east-1.amazonaws.com/family_datasets/Food_Nature_and_Simple_Objects/Ball/Natural/20.png","https://tactileeval.s3.us-east-1.amazonaws.com/family_datasets/Food_Nature_and_Simple_Objects/Ball/Tactile/20.jpg","","Ball","https://tactileeval.s3.us-east-1.amazonaws.com/family_datasets/Food_Nature_and_Simple_Objects/Ball/Natural/21.jpg","https://tactileeval.s3.us-east-1.amazonaws.com/family_datasets/Food_Nature_and_Simple_Objects/Ball/Tactile/21.jpg","","Ball","https://tactileeval.s3.us-east-1.amazonaws.com/family_datasets/Food_Nature_and_Simple_Objects/Ball/Natural/22.jpg","https://tactileeval.s3.us-east-1.amazonaws.com/family_datasets/Food_Nature_and_Simple_Objects/Ball/Tactile/22.jpg","","Ball","https://tactileeval.s3.us-east-1.amazonaws.com/family_datasets/Food_Nature_and_Simple_Objects/Ball/Natural/23.jpg","https://tactileeval.s3.us-east-1.amazonaws.com/family_datasets/Food_Nature_and_Simple_Objects/Ball/Tactile/23.jpg","","Ball","https://tactileeval.s3.us-east-1.amazonaws.com/family_datasets/Food_Nature_and_Simple_Objects/Ball/Natural/24.jpg","https://tactileeval.s3.us-east-1.amazonaws.com/family_datasets/Food_Nature_and_Simple_Objects/Ball/Tactile/24.jpg","","Ball","https://tactileeval.s3.us-east-1.amazonaws.com/family_datasets/Food_Nature_and_Simple_Objects/Ball/Natural/25.jpg","https://tactileeval.s3.us-east-1.amazonaws.com/family_datasets/Food_Nature_and_Simple_Objects/Ball/Tactile/25.jpg","","Banana","https://tactileeval.s3.us-east-1.amazonaws.com/family_datasets/Food_Nature_and_Simple_Objects/Banana/Natural/1.jpg","https://tactileeval.s3.us-east-1.amazonaws.com/family_datasets/Food_Nature_and_Simple_Objects/Banana/Tactile/1.png","","Banana","https://tactileeval.s3.us-east-1.amazonaws.com/family_datasets/Food_Nature_and_Simple_Objects/Banana/Natural/2.jpg","https://tactileeval.s3.us-east-1.amazonaws.com/family_datasets/Food_Nature_and_Simple_Objects/Banana/Tactile/2.png","","Banana","https://tactileeval.s3.us-east-1.amazonaws.com/family_datasets/Food_Nature_and_Simple_Objects/Banana/Natural/3.jpg","https://tactileeval.s3.us-east-1.amazonaws.com/family_datasets/Food_Nature_and_Simple_Objects/Banana/Tactile/3.jpg","","Banana","https://tactileeval.s3.us-east-1.amazonaws.com/family_datasets/Food_Nature_and_Simple_Objects/Banana/Natural/4.jpeg","https://tactileeval.s3.us-east-1.amazonaws.com/family_datasets/Food_Nature_and_Simple_Objects/Banana/Tactile/4.jpg","","[{""question1"":{""background_clean"":true,""configuration_match"":true,""object_match"":true},""question10"":{""background_clean"":true,""configuration_match"":true,""object_match"":false},""question2"":{""background_clean"":true,""configuration_match"":true,""object_match"":true},""question3"":{""background_clean"":true,""configuration_match"":true,""object_match"":true},""question4"":{""background_clean"":true,""configuration_match"":true,""object_match"":false},""question5"":{""background_clean"":true,""configuration_match"":true,""object_match"":false},""question6"":{""background_clean"":true,""configuration_match"":true,""object_match"":false},""question7"":{""background_clean"":true,""configuration_match"":true,""object_match"":true},""question8"":{""background_clean"":true,""configuration_match"":true,""object_match"":true},""question9"":{""background_clean"":true,""configuration_match"":true,""object_match"":true}}]"
"3M93N4X8IC191TWROADXLRUEKE1JSW","3Z7ICGQCY1O87W8MNFF8N8ZBBWFOTX","Categorize images based on background and configuration.","Review 10 simple objects line-arts and judge if it has adequate background and configuration. (10 pairs)","tactile, image review, accessibility, simple objects","$0.08","Mon Apr 13 17:53:45 PDT 2026","7","BatchId:5385319;OriginalHitTemplateId:928390873;","1200","1296000","Mon Apr 20 17:53:45 PDT 2026","","","3TE3O8574TMZG2WZS2C1KKZU0SMR2S","AJZHPDCKUVRM8","Approved","Mon Apr 13 20:04:24 PDT 2026","Mon Apr 13 20:06:04 PDT 2026","Tue Apr 28 20:06:04 PDT 2026","Sat Apr 18 19:48:02 PDT 2026","","","100","86% (67/78)","86% (67/78)","86% (67/78)","Banana","https://tactileeval.s3.us-east-1.amazonaws.com/family_datasets/Food_Nature_and_Simple_Objects/Banana/Natural/5.jpg","https://tactileeval.s3.us-east-1.amazonaws.com/family_datasets/Food_Nature_and_Simple_Objects/Banana/Tactile/5.jpg","","Banana","https://tactileeval.s3.us-east-1.amazonaws.com/family_datasets/Food_Nature_and_Simple_Objects/Banana/Natural/6.jpg","https://tactileeval.s3.us-east-1.amazonaws.com/family_datasets/Food_Nature_and_Simple_Objects/Banana/Tactile/6.jpg","","Banana","https://tactileeval.s3.us-east-1.amazonaws.com/family_datasets/Food_Nature_and_Simple_Objects/Banana/Natural/7.jpg","https://tactileeval.s3.us-east-1.amazonaws.com/family_datasets/Food_Nature_and_Simple_Objects/Banana/Tactile/7.jpg","","Banana","https://tactileeval.s3.us-east-1.amazonaws.com/family_datasets/Food_Nature_and_Simple_Objects/Banana/Natural/8.jpg","https://tactileeval.s3.us-east-1.amazonaws.com/family_datasets/Food_Nature_and_Simple_Objects/Banana/Tactile/8.jpg","","Banana","https://tactileeval.s3.us-east-1.amazonaws.com/family_datasets/Food_Nature_and_Simple_Objects/Banana/Natural/9.jpeg","https://tactileeval.s3.us-east-1.amazonaws.com/family_datasets/Food_Nature_and_Simple_Objects/Banana/Tactile/9.jpg","","Banana","https://tactileeval.s3.us-east-1.amazonaws.com/family_datasets/Food_Nature_and_Simple_Objects/Banana/Natural/10.jpg","https://tactileeval.s3.us-east-1.amazonaws.com/family_datasets/Food_Nature_and_Simple_Objects/Banana/Tactile/10.png","","Banana","https://tactileeval.s3.us-east-1.amazonaws.com/family_datasets/Food_Nature_and_Simple_Objects/Banana/Natural/11.jpg","https://tactileeval.s3.us-east-1.amazonaws.com/family_datasets/Food_Nature_and_Simple_Objects/Banana/Tactile/11.jpg","","Banana","https://tactileeval.s3.us-east-1.amazonaws.com/family_datasets/Food_Nature_and_Simple_Objects/Banana/Natural/12.jpg","https://tactileeval.s3.us-east-1.amazonaws.com/family_datasets/Food_Nature_and_Simple_Objects/Banana/Tactile/12.jpg","","Banana","https://tactileeval.s3.us-east-1.amazonaws.com/family_datasets/Food_Nature_and_Simple_Objects/Banana/Natural/13.jpg","https://tactileeval.s3.us-east-1.amazonaws.com/family_datasets/Food_Nature_and_Simple_Objects/Banana/Tactile/13.jpg","","Book","https://tactileeval.s3.us-east-1.amazonaws.com/family_datasets/Food_Nature_and_Simple_Objects/Book/Natural/1_book.png","https://tactileeval.s3.us-east-1.amazonaws.com/family_datasets/Food_Nature_and_Simple_Objects/Book/Tactile/1.jpg","","[{""question1"":{""background_clean"":false,""configuration_match"":false,""object_match"":true},""question10"":{""background_clean"":true,""configuration_match"":false,""object_match"":true},""question2"":{""background_clean"":true,""configuration_match"":true,""object_match"":true},""question3"":{""background_clean"":true,""configuration_match"":false,""object_match"":true},""question4"":{""background_clean"":true,""configuration_match"":false,""object_match"":true},""question5"":{""background_clean"":true,""configuration_match"":false,""object_match"":true},""question6"":{""background_clean"":true,""configuration_match"":false,""object_match"":true},""question7"":{""background_clean"":false,""configuration_match"":false,""object_match"":true},""question8"":{""background_clean"":true,""configuration_match"":false,""object_match"":true},""question9"":{""background_clean"":true,""configuration_match"":false,""object_match"":true}}]"
"3M93N4X8IC191TWROADXLRUEKE1JSW","3Z7ICGQCY1O87W8MNFF8N8ZBBWFOTX","Categorize images based on background and configuration.","Review 10 simple objects line-arts and judge if it has adequate background and configuration. (10 pairs)","tactile, image review, accessibility, simple objects","$0.08","Mon Apr 13 17:53:45 PDT 2026","7","BatchId:5385319;OriginalHitTemplateId:928390873;","1200","1296000","Mon Apr 20 17:53:45 PDT 2026","","","3BV8HQ2Z0PFVZMTJDT2IF7RWGT16AH","ACUA3D1ZUVZU3","Approved","Mon Apr 13 20:09:29 PDT 2026","Mon Apr 13 20:11:18 PDT 2026","Tue Apr 28 20:11:18 PDT 2026","Sat Apr 18 19:48:02 PDT 2026","","","109","93% (14/15)","93% (14/15)","93% (14/15)","Banana","https://tactileeval.s3.us-east-1.amazonaws.com/family_datasets/Food_Nature_and_Simple_Objects/Banana/Natural/5.jpg","https://tactileeval.s3.us-east-1.amazonaws.com/family_datasets/Food_Nature_and_Simple_Objects/Banana/Tactile/5.jpg","","Banana","https://tactileeval.s3.us-east-1.amazonaws.com/family_datasets/Food_Nature_and_Simple_Objects/Banana/Natural/6.jpg","https://tactileeval.s3.us-east-1.amazonaws.com/family_datasets/Food_Nature_and_Simple_Objects/Banana/Tactile/6.jpg","","Banana","https://tactileeval.s3.us-east-1.amazonaws.com/family_datasets/Food_Nature_and_Simple_Objects/Banana/Natural/7.jpg","https://tactileeval.s3.us-east-1.amazonaws.com/family_datasets/Food_Nature_and_Simple_Objects/Banana/Tactile/7.jpg","","Banana","https://tactileeval.s3.us-east-1.amazonaws.com/family_datasets/Food_Nature_and_Simple_Objects/Banana/Natural/8.jpg","https://tactileeval.s3.us-east-1.amazonaws.com/family_datasets/Food_Nature_and_Simple_Objects/Banana/Tactile/8.jpg","","Banana","https://tactileeval.s3.us-east-1.amazonaws.com/family_datasets/Food_Nature_and_Simple_Objects/Banana/Natural/9.jpeg","https://tactileeval.s3.us-east-1.amazonaws.com/family_datasets/Food_Nature_and_Simple_Objects/Banana/Tactile/9.jpg","","Banana","https://tactileeval.s3.us-east-1.amazonaws.com/family_datasets/Food_Nature_and_Simple_Objects/Banana/Natural/10.jpg","https://tactileeval.s3.us-east-1.amazonaws.com/family_datasets/Food_Nature_and_Simple_Objects/Banana/Tactile/10.png","","Banana","https://tactileeval.s3.us-east-1.amazonaws.com/family_datasets/Food_Nature_and_Simple_Objects/Banana/Natural/11.jpg","https://tactileeval.s3.us-east-1.amazonaws.com/family_datasets/Food_Nature_and_Simple_Objects/Banana/Tactile/11.jpg","","Banana","https://tactileeval.s3.us-east-1.amazonaws.com/family_datasets/Food_Nature_and_Simple_Objects/Banana/Natural/12.jpg","https://tactileeval.s3.us-east-1.amazonaws.com/family_datasets/Food_Nature_and_Simple_Objects/Banana/Tactile/12.jpg","","Banana","https://tactileeval.s3.us-east-1.amazonaws.com/family_datasets/Food_Nature_and_Simple_Objects/Banana/Natural/13.jpg","https://tactileeval.s3.us-east-1.amazonaws.com/family_datasets/Food_Nature_and_Simple_Objects/Banana/Tactile/13.jpg","","Book","https://tactileeval.s3.us-east-1.amazonaws.com/family_datasets/Food_Nature_and_Simple_Objects/Book/Natural/1_book.png","https://tactileeval.s3.us-east-1.amazonaws.com/family_datasets/Food_Nature_and_Simple_Objects/Book/Tactile/1.jpg","","[{""question1"":{""background_clean"":false,""configuration_match"":true,""object_match"":true},""question10"":{""background_clean"":true,""configuration_match"":true,""object_match"":true},""question2"":{""background_clean"":true,""configuration_match"":true,""object_match"":true},""question3"":{""background_clean"":true,""configuration_match"":true,""object_match"":true},""question4"":{""background_clean"":true,""configuration_match"":true,""object_match"":true},""question5"":{""background_clean"":true,""configuration_match"":false,""object_match"":true},""question6"":{""background_clean"":true,""configuration_match"":true,""object_match"":true},""question7"":{""background_clean"":false,""configuration_match"":false,""object_match"":true},""question8"":{""background_clean"":true,""configuration_match"":true,""object_match"":true},""question9"":{""background_clean"":true,""configuration_match"":true,""object_match"":true}}]"
"3M93N4X8IC191TWROADXLRUEKE1JSW","3Z7ICGQCY1O87W8MNFF8N8ZBBWFOTX","Categorize images based on background and configuration.","Review 10 simple objects line-arts and judge if it has adequate background and configuration. (10 pairs)","tactile, image review, accessibility, simple objects","$0.08","Mon Apr 13 17:53:45 PDT 2026","7","BatchId:5385319;OriginalHitTemplateId:928390873;","1200","1296000","Mon Apr 20 17:53:45 PDT 2026","","","3R6P78PK8DP2BBHYV62LM3UDYXUGTL","A22YCS3UW15WOO","Approved","Mon Apr 13 20:52:56 PDT 2026","Mon Apr 13 20:54:57 PDT 2026","Tue Apr 28 20:54:57 PDT 2026","Sat Apr 18 19:48:02 PDT 2026","","","121","94% (207/220)","86% (82/95)","86% (82/95)","Banana","https://tactileeval.s3.us-east-1.amazonaws.com/family_datasets/Food_Nature_and_Simple_Objects/Banana/Natural/5.jpg","https://tactileeval.s3.us-east-1.amazonaws.com/family_datasets/Food_Nature_and_Simple_Objects/Banana/Tactile/5.jpg","","Banana","https://tactileeval.s3.us-east-1.amazonaws.com/family_datasets/Food_Nature_and_Simple_Objects/Banana/Natural/6.jpg","https://tactileeval.s3.us-east-1.amazonaws.com/family_datasets/Food_Nature_and_Simple_Objects/Banana/Tactile/6.jpg","","Banana","https://tactileeval.s3.us-east-1.amazonaws.com/family_datasets/Food_Nature_and_Simple_Objects/Banana/Natural/7.jpg","https://tactileeval.s3.us-east-1.amazonaws.com/family_datasets/Food_Nature_and_Simple_Objects/Banana/Tactile/7.jpg","","Banana","https://tactileeval.s3.us-east-1.amazonaws.com/family_datasets/Food_Nature_and_Simple_Objects/Banana/Natural/8.jpg","https://tactileeval.s3.us-east-1.amazonaws.com/family_datasets/Food_Nature_and_Simple_Objects/Banana/Tactile/8.jpg","","Banana","https://tactileeval.s3.us-east-1.amazonaws.com/family_datasets/Food_Nature_and_Simple_Objects/Banana/Natural/9.jpeg","https://tactileeval.s3.us-east-1.amazonaws.com/family_datasets/Food_Nature_and_Simple_Objects/Banana/Tactile/9.jpg","","Banana","https://tactileeval.s3.us-east-1.amazonaws.com/family_datasets/Food_Nature_and_Simple_Objects/Banana/Natural/10.jpg","https://tactileeval.s3.us-east-1.amazonaws.com/family_datasets/Food_Nature_and_Simple_Objects/Banana/Tactile/10.png","","Banana","https://tactileeval.s3.us-east-1.amazonaws.com/family_datasets/Food_Nature_and_Simple_Objects/Banana/Natural/11.jpg","https://tactileeval.s3.us-east-1.amazonaws.com/family_datasets/Food_Nature_and_Simple_Objects/Banana/Tactile/11.jpg","","Banana","https://tactileeval.s3.us-east-1.amazonaws.com/family_datasets/Food_Nature_and_Simple_Objects/Banana/Natural/12.jpg","https://tactileeval.s3.us-east-1.amazonaws.com/family_datasets/Food_Nature_and_Simple_Objects/Banana/Tactile/12.jpg","","Banana","https://tactileeval.s3.us-east-1.amazonaws.com/family_datasets/Food_Nature_and_Simple_Objects/Banana/Natural/13.jpg","https://tactileeval.s3.us-east-1.amazonaws.com/family_datasets/Food_Nature_and_Simple_Objects/Banana/Tactile/13.jpg","","Book","https://tactileeval.s3.us-east-1.amazonaws.com/family_datasets/Food_Nature_and_Simple_Objects/Book/Natural/1_book.png","https://tactileeval.s3.us-east-1.amazonaws.com/family_datasets/Food_Nature_and_Simple_Objects/Book/Tactile/1.jpg","","[{""question1"":{""background_clean"":true,""configuration_match"":true,""object_match"":true},""question10"":{""background_clean"":true,""configuration_match"":true,""object_match"":true},""question2"":{""background_clean"":true,""configuration_match"":true,""object_match"":true},""question3"":{""background_clean"":true,""configuration_match"":true,""object_match"":true},""question4"":{""background_clean"":true,""configuration_match"":true,""object_match"":true},""question5"":{""background_clean"":true,""configuration_match"":true,""object_match"":true},""question6"":{""background_clean"":true,""configuration_match"":true,""object_match"":true},""question7"":{""background_clean"":true,""configuration_match"":true,""object_match"":false},""question8"":{""background_clean"":true,""configuration_match"":true,""object_match"":true},""question9"":{""background_clean"":true,""configuration_match"":true,""object_match"":true}}]"
"3M93N4X8IC191TWROADXLRUEKE1JSW","3Z7ICGQCY1O87W8MNFF8N8ZBBWFOTX","Categorize images based on background and configuration.","Review 10 simple objects line-arts and judge if it has adequate background and configuration. (10 pairs)","tactile, image review, accessibility, simple objects","$0.08","Mon Apr 13 17:53:45 PDT 2026","7","BatchId:5385319;OriginalHitTemplateId:928390873;","1200","1296000","Mon Apr 20 17:53:45 PDT 2026","","","3FTYUGLFTNZXEPWHSKJFD2L252S5D9","A2FK6782M09EBO","Approved","Mon Apr 13 20:49:51 PDT 2026","Mon Apr 13 21:06:26 PDT 2026","Tue Apr 28 21:06:26 PDT 2026","Sat Apr 18 19:48:02 PDT 2026","","","995","94% (101/107)","94% (101/107)","94% (101/107)","Banana","https://tactileeval.s3.us-east-1.amazonaws.com/family_datasets/Food_Nature_and_Simple_Objects/Banana/Natural/5.jpg","https://tactileeval.s3.us-east-1.amazonaws.com/family_datasets/Food_Nature_and_Simple_Objects/Banana/Tactile/5.jpg","","Banana","https://tactileeval.s3.us-east-1.amazonaws.com/family_datasets/Food_Nature_and_Simple_Objects/Banana/Natural/6.jpg","https://tactileeval.s3.us-east-1.amazonaws.com/family_datasets/Food_Nature_and_Simple_Objects/Banana/Tactile/6.jpg","","Banana","https://tactileeval.s3.us-east-1.amazonaws.com/family_datasets/Food_Nature_and_Simple_Objects/Banana/Natural/7.jpg","https://tactileeval.s3.us-east-1.amazonaws.com/family_datasets/Food_Nature_and_Simple_Objects/Banana/Tactile/7.jpg","","Banana","https://tactileeval.s3.us-east-1.amazonaws.com/family_datasets/Food_Nature_and_Simple_Objects/Banana/Natural/8.jpg","https://tactileeval.s3.us-east-1.amazonaws.com/family_datasets/Food_Nature_and_Simple_Objects/Banana/Tactile/8.jpg","","Banana","https://tactileeval.s3.us-east-1.amazonaws.com/family_datasets/Food_Nature_and_Simple_Objects/Banana/Natural/9.jpeg","https://tactileeval.s3.us-east-1.amazonaws.com/family_datasets/Food_Nature_and_Simple_Objects/Banana/Tactile/9.jpg","","Banana","https://tactileeval.s3.us-east-1.amazonaws.com/family_datasets/Food_Nature_and_Simple_Objects/Banana/Natural/10.jpg","https://tactileeval.s3.us-east-1.amazonaws.com/family_datasets/Food_Nature_and_Simple_Objects/Banana/Tactile/10.png","","Banana","https://tactileeval.s3.us-east-1.amazonaws.com/family_datasets/Food_Nature_and_Simple_Objects/Banana/Natural/11.jpg","https://tactileeval.s3.us-east-1.amazonaws.com/family_datasets/Food_Nature_and_Simple_Objects/Banana/Tactile/11.jpg","","Banana","https://tactileeval.s3.us-east-1.amazonaws.com/family_datasets/Food_Nature_and_Simple_Objects/Banana/Natural/12.jpg","https://tactileeval.s3.us-east-1.amazonaws.com/family_datasets/Food_Nature_and_Simple_Objects/Banana/Tactile/12.jpg","","Banana","https://tactileeval.s3.us-east-1.amazonaws.com/family_datasets/Food_Nature_and_Simple_Objects/Banana/Natural/13.jpg","https://tactileeval.s3.us-east-1.amazonaws.com/family_datasets/Food_Nature_and_Simple_Objects/Banana/Tactile/13.jpg","","Book","https://tactileeval.s3.us-east-1.amazonaws.com/family_datasets/Food_Nature_and_Simple_Objects/Book/Natural/1_book.png","https://tactileeval.s3.us-east-1.amazonaws.com/family_datasets/Food_Nature_and_Simple_Objects/Book/Tactile/1.jpg","","[{""question1"":{""background_clean"":false,""configuration_match"":false,""object_match"":true},""question10"":{""background_clean"":true,""configuration_match"":false,""object_match"":true},""question2"":{""background_clean"":true,""configuration_match"":true,""object_match"":true},""question3"":{""background_clean"":true,""configuration_match"":false,""object_match"":true},""question4"":{""background_clean"":true,""configuration_match"":false,""object_match"":true},""question5"":{""background_clean"":true,""configuration_match"":false,""object_match"":true},""question6"":{""background_clean"":true,""configuration_match"":true,""object_match"":true},""question7"":{""background_clean"":true,""configuration_match"":false,""object_match"":false},""question8"":{""background_clean"":true,""configuration_match"":false,""object_match"":true},""question9"":{""background_clean"":true,""configuration_match"":false,""object_match"":true}}]"
"3M93N4X8IC191TWROADXLRUEKE1JSW","3Z7ICGQCY1O87W8MNFF8N8ZBBWFOTX","Categorize images based on background and configuration.","Review 10 simple objects line-arts and judge if it has adequate background and configuration. (10 pairs)","tactile, image review, accessibility, simple objects","$0.08","Mon Apr 13 17:53:45 PDT 2026","7","BatchId:5385319;OriginalHitTemplateId:928390873;","1200","1296000","Mon Apr 20 17:53:45 PDT 2026","","","3I7DHKZYHGEUC9ADJQE512ONHFAF5W","A2B6YXMDWJ4VXN","Approved","Mon Apr 13 21:14:40 PDT 2026","Mon Apr 13 21:28:46 PDT 2026","Tue Apr 28 21:28:46 PDT 2026","Sat Apr 18 19:48:02 PDT 2026","","","846","94% (15/16)","94% (15/16)","94% (15/16)","Banana","https://tactileeval.s3.us-east-1.amazonaws.com/family_datasets/Food_Nature_and_Simple_Objects/Banana/Natural/5.jpg","https://tactileeval.s3.us-east-1.amazonaws.com/family_datasets/Food_Nature_and_Simple_Objects/Banana/Tactile/5.jpg","","Banana","https://tactileeval.s3.us-east-1.amazonaws.com/family_datasets/Food_Nature_and_Simple_Objects/Banana/Natural/6.jpg","https://tactileeval.s3.us-east-1.amazonaws.com/family_datasets/Food_Nature_and_Simple_Objects/Banana/Tactile/6.jpg","","Banana","https://tactileeval.s3.us-east-1.amazonaws.com/family_datasets/Food_Nature_and_Simple_Objects/Banana/Natural/7.jpg","https://tactileeval.s3.us-east-1.amazonaws.com/family_datasets/Food_Nature_and_Simple_Objects/Banana/Tactile/7.jpg","","Banana","https://tactileeval.s3.us-east-1.amazonaws.com/family_datasets/Food_Nature_and_Simple_Objects/Banana/Natural/8.jpg","https://tactileeval.s3.us-east-1.amazonaws.com/family_datasets/Food_Nature_and_Simple_Objects/Banana/Tactile/8.jpg","","Banana","https://tactileeval.s3.us-east-1.amazonaws.com/family_datasets/Food_Nature_and_Simple_Objects/Banana/Natural/9.jpeg","https://tactileeval.s3.us-east-1.amazonaws.com/family_datasets/Food_Nature_and_Simple_Objects/Banana/Tactile/9.jpg","","Banana","https://tactileeval.s3.us-east-1.amazonaws.com/family_datasets/Food_Nature_and_Simple_Objects/Banana/Natural/10.jpg","https://tactileeval.s3.us-east-1.amazonaws.com/family_datasets/Food_Nature_and_Simple_Objects/Banana/Tactile/10.png","","Banana","https://tactileeval.s3.us-east-1.amazonaws.com/family_datasets/Food_Nature_and_Simple_Objects/Banana/Natural/11.jpg","https://tactileeval.s3.us-east-1.amazonaws.com/family_datasets/Food_Nature_and_Simple_Objects/Banana/Tactile/11.jpg","","Banana","https://tactileeval.s3.us-east-1.amazonaws.com/family_datasets/Food_Nature_and_Simple_Objects/Banana/Natural/12.jpg","https://tactileeval.s3.us-east-1.amazonaws.com/family_datasets/Food_Nature_and_Simple_Objects/Banana/Tactile/12.jpg","","Banana","https://tactileeval.s3.us-east-1.amazonaws.com/family_datasets/Food_Nature_and_Simple_Objects/Banana/Natural/13.jpg","https://tactileeval.s3.us-east-1.amazonaws.com/family_datasets/Food_Nature_and_Simple_Objects/Banana/Tactile/13.jpg","","Book","https://tactileeval.s3.us-east-1.amazonaws.com/family_datasets/Food_Nature_and_Simple_Objects/Book/Natural/1_book.png","https://tactileeval.s3.us-east-1.amazonaws.com/family_datasets/Food_Nature_and_Simple_Objects/Book/Tactile/1.jpg","","[{""question1"":{""background_clean"":true,""configuration_match"":true,""object_match"":true},""question10"":{""background_clean"":false,""configuration_match"":true,""object_match"":true},""question2"":{""background_clean"":true,""configuration_match"":true,""object_match"":true},""question3"":{""background_clean"":false,""configuration_match"":true,""object_match"":true},""question4"":{""background_clean"":true,""configuration_match"":true,""object_match"":true},""question5"":{""background_clean"":true,""configuration_match"":true,""object_match"":true},""question6"":{""background_clean"":true,""configuration_match"":true,""object_match"":true},""question7"":{""background_clean"":false,""configuration_match"":false,""object_match"":true},""question8"":{""background_clean"":true,""configuration_match"":true,""object_match"":true},""question9"":{""background_clean"":true,""configuration_match"":true,""object_match"":true}}]"
"3M93N4X8IC191TWROADXLRUEKE1JSW","3Z7ICGQCY1O87W8MNFF8N8ZBBWFOTX","Categorize images based on background and configuration.","Review 10 simple objects line-arts and judge if it has adequate background and configuration. (10 pairs)","tactile, image review, accessibility, simple objects","$0.08","Mon Apr 13 17:53:45 PDT 2026","7","BatchId:5385319;OriginalHitTemplateId:928390873;","1200","1296000","Mon Apr 20 17:53:45 PDT 2026","","","3Z7VU45IQRV1T80UJF6014ROH431ZS","A2U7UDW9Y1WGWF","Approved","Mon Apr 13 21:42:00 PDT 2026","Mon Apr 13 21:52:32 PDT 2026","Tue Apr 28 21:52:32 PDT 2026","Sat Apr 18 19:48:02 PDT 2026","","","632","100% (41/41)","100% (35/35)","100% (35/35)","Banana","https://tactileeval.s3.us-east-1.amazonaws.com/family_datasets/Food_Nature_and_Simple_Objects/Banana/Natural/5.jpg","https://tactileeval.s3.us-east-1.amazonaws.com/family_datasets/Food_Nature_and_Simple_Objects/Banana/Tactile/5.jpg","","Banana","https://tactileeval.s3.us-east-1.amazonaws.com/family_datasets/Food_Nature_and_Simple_Objects/Banana/Natural/6.jpg","https://tactileeval.s3.us-east-1.amazonaws.com/family_datasets/Food_Nature_and_Simple_Objects/Banana/Tactile/6.jpg","","Banana","https://tactileeval.s3.us-east-1.amazonaws.com/family_datasets/Food_Nature_and_Simple_Objects/Banana/Natural/7.jpg","https://tactileeval.s3.us-east-1.amazonaws.com/family_datasets/Food_Nature_and_Simple_Objects/Banana/Tactile/7.jpg","","Banana","https://tactileeval.s3.us-east-1.amazonaws.com/family_datasets/Food_Nature_and_Simple_Objects/Banana/Natural/8.jpg","https://tactileeval.s3.us-east-1.amazonaws.com/family_datasets/Food_Nature_and_Simple_Objects/Banana/Tactile/8.jpg","","Banana","https://tactileeval.s3.us-east-1.amazonaws.com/family_datasets/Food_Nature_and_Simple_Objects/Banana/Natural/9.jpeg","https://tactileeval.s3.us-east-1.amazonaws.com/family_datasets/Food_Nature_and_Simple_Objects/Banana/Tactile/9.jpg","","Banana","https://tactileeval.s3.us-east-1.amazonaws.com/family_datasets/Food_Nature_and_Simple_Objects/Banana/Natural/10.jpg","https://tactileeval.s3.us-east-1.amazonaws.com/family_datasets/Food_Nature_and_Simple_Objects/Banana/Tactile/10.png","","Banana","https://tactileeval.s3.us-east-1.amazonaws.com/family_datasets/Food_Nature_and_Simple_Objects/Banana/Natural/11.jpg","https://tactileeval.s3.us-east-1.amazonaws.com/family_datasets/Food_Nature_and_Simple_Objects/Banana/Tactile/11.jpg","","Banana","https://tactileeval.s3.us-east-1.amazonaws.com/family_datasets/Food_Nature_and_Simple_Objects/Banana/Natural/12.jpg","https://tactileeval.s3.us-east-1.amazonaws.com/family_datasets/Food_Nature_and_Simple_Objects/Banana/Tactile/12.jpg","","Banana","https://tactileeval.s3.us-east-1.amazonaws.com/family_datasets/Food_Nature_and_Simple_Objects/Banana/Natural/13.jpg","https://tactileeval.s3.us-east-1.amazonaws.com/family_datasets/Food_Nature_and_Simple_Objects/Banana/Tactile/13.jpg","","Book","https://tactileeval.s3.us-east-1.amazonaws.com/family_datasets/Food_Nature_and_Simple_Objects/Book/Natural/1_book.png","https://tactileeval.s3.us-east-1.amazonaws.com/family_datasets/Food_Nature_and_Simple_Objects/Book/Tactile/1.jpg","","[{""question1"":{""background_clean"":true,""configuration_match"":false,""object_match"":true},""question10"":{""background_clean"":true,""configuration_match"":false,""object_match"":true},""question2"":{""background_clean"":true,""configuration_match"":true,""object_match"":true},""question3"":{""background_clean"":true,""configuration_match"":false,""object_match"":true},""question4"":{""background_clean"":true,""configuration_match"":true,""object_match"":true},""question5"":{""background_clean"":true,""configuration_match"":true,""object_match"":true},""question6"":{""background_clean"":true,""configuration_match"":false,""object_match"":true},""question7"":{""background_clean"":true,""configuration_match"":false,""object_match"":false},""question8"":{""background_clean"":true,""configuration_match"":false,""object_match"":true},""question9"":{""background_clean"":true,""configuration_match"":false,""object_match"":true}}]"
"3M93N4X8IC191TWROADXLRUEKE1JSW","3Z7ICGQCY1O87W8MNFF8N8ZBBWFOTX","Categorize images based on background and configuration.","Review 10 simple objects line-arts and judge if it has adequate background and configuration. (10 pairs)","tactile, image review, accessibility, simple objects","$0.08","Mon Apr 13 17:53:45 PDT 2026","7","BatchId:5385319;OriginalHitTemplateId:928390873;","1200","1296000","Mon Apr 20 17:53:45 PDT 2026","","","3FE7TXL1MB1Z41HZFNN1FUPP47XQ25","A1SMWIBTQ2AESU","Approved","Mon Apr 13 21:51:30 PDT 2026","Mon Apr 13 22:04:41 PDT 2026","Tue Apr 28 22:04:41 PDT 2026","Sat Apr 18 19:48:02 PDT 2026","","","791","79% (67/85)","79% (66/84)","79% (66/84)","Banana","https://tactileeval.s3.us-east-1.amazonaws.com/family_datasets/Food_Nature_and_Simple_Objects/Banana/Natural/5.jpg","https://tactileeval.s3.us-east-1.amazonaws.com/family_datasets/Food_Nature_and_Simple_Objects/Banana/Tactile/5.jpg","","Banana","https://tactileeval.s3.us-east-1.amazonaws.com/family_datasets/Food_Nature_and_Simple_Objects/Banana/Natural/6.jpg","https://tactileeval.s3.us-east-1.amazonaws.com/family_datasets/Food_Nature_and_Simple_Objects/Banana/Tactile/6.jpg","","Banana","https://tactileeval.s3.us-east-1.amazonaws.com/family_datasets/Food_Nature_and_Simple_Objects/Banana/Natural/7.jpg","https://tactileeval.s3.us-east-1.amazonaws.com/family_datasets/Food_Nature_and_Simple_Objects/Banana/Tactile/7.jpg","","Banana","https://tactileeval.s3.us-east-1.amazonaws.com/family_datasets/Food_Nature_and_Simple_Objects/Banana/Natural/8.jpg","https://tactileeval.s3.us-east-1.amazonaws.com/family_datasets/Food_Nature_and_Simple_Objects/Banana/Tactile/8.jpg","","Banana","https://tactileeval.s3.us-east-1.amazonaws.com/family_datasets/Food_Nature_and_Simple_Objects/Banana/Natural/9.jpeg","https://tactileeval.s3.us-east-1.amazonaws.com/family_datasets/Food_Nature_and_Simple_Objects/Banana/Tactile/9.jpg","","Banana","https://tactileeval.s3.us-east-1.amazonaws.com/family_datasets/Food_Nature_and_Simple_Objects/Banana/Natural/10.jpg","https://tactileeval.s3.us-east-1.amazonaws.com/family_datasets/Food_Nature_and_Simple_Objects/Banana/Tactile/10.png","","Banana","https://tactileeval.s3.us-east-1.amazonaws.com/family_datasets/Food_Nature_and_Simple_Objects/Banana/Natural/11.jpg","https://tactileeval.s3.us-east-1.amazonaws.com/family_datasets/Food_Nature_and_Simple_Objects/Banana/Tactile/11.jpg","","Banana","https://tactileeval.s3.us-east-1.amazonaws.com/family_datasets/Food_Nature_and_Simple_Objects/Banana/Natural/12.jpg","https://tactileeval.s3.us-east-1.amazonaws.com/family_datasets/Food_Nature_and_Simple_Objects/Banana/Tactile/12.jpg","","Banana","https://tactileeval.s3.us-east-1.amazonaws.com/family_datasets/Food_Nature_and_Simple_Objects/Banana/Natural/13.jpg","https://tactileeval.s3.us-east-1.amazonaws.com/family_datasets/Food_Nature_and_Simple_Objects/Banana/Tactile/13.jpg","","Book","https://tactileeval.s3.us-east-1.amazonaws.com/family_datasets/Food_Nature_and_Simple_Objects/Book/Natural/1_book.png","https://tactileeval.s3.us-east-1.amazonaws.com/family_datasets/Food_Nature_and_Simple_Objects/Book/Tactile/1.jpg","","[{""question1"":{""background_clean"":true,""configuration_match"":true,""object_match"":true},""question10"":{""background_clean"":true,""configuration_match"":true,""object_match"":true},""question2"":{""background_clean"":true,""configuration_match"":true,""object_match"":true},""question3"":{""background_clean"":true,""configuration_match"":true,""object_match"":true},""question4"":{""background_clean"":true,""configuration_match"":true,""object_match"":false},""question5"":{""background_clean"":true,""configuration_match"":true,""object_match"":true},""question6"":{""background_clean"":true,""configuration_match"":true,""object_match"":true},""question7"":{""background_clean"":true,""configuration_match"":false,""object_match"":false},""question8"":{""background_clean"":true,""configuration_match"":true,""object_match"":true},""question9"":{""background_clean"":true,""configuration_match"":true,""object_match"":true}}]"
"3I4E7AFQ3CDAGT96DAINVWQ0MXFJTL","3Z7ICGQCY1O87W8MNFF8N8ZBBWFOTX","Categorize images based on background and configuration.","Review 10 simple objects line-arts and judge if it has adequate background and configuration. (10 pairs)","tactile, image review, accessibility, simple objects","$0.08","Mon Apr 13 17:53:45 PDT 2026","7","BatchId:5385319;OriginalHitTemplateId:928390873;","1200","1296000","Mon Apr 20 17:53:45 PDT 2026","","","30ZX6P7VG19IIEDMKX3SITD3QBT2JC","AJZHPDCKUVRM8","Approved","Mon Apr 13 20:07:31 PDT 2026","Mon Apr 13 20:08:27 PDT 2026","Tue Apr 28 20:08:27 PDT 2026","Sat Apr 18 19:48:03 PDT 2026","","","56","86% (67/78)","86% (67/78)","86% (67/78)","Book","https://tactileeval.s3.us-east-1.amazonaws.com/family_datasets/Food_Nature_and_Simple_Objects/Book/Natural/2_book.png","https://tactileeval.s3.us-east-1.amazonaws.com/family_datasets/Food_Nature_and_Simple_Objects/Book/Tactile/2.jpg","","Book","https://tactileeval.s3.us-east-1.amazonaws.com/family_datasets/Food_Nature_and_Simple_Objects/Book/Natural/3_book.png","https://tactileeval.s3.us-east-1.amazonaws.com/family_datasets/Food_Nature_and_Simple_Objects/Book/Tactile/3.jpg","","Book","https://tactileeval.s3.us-east-1.amazonaws.com/family_datasets/Food_Nature_and_Simple_Objects/Book/Natural/4_book.jpg","https://tactileeval.s3.us-east-1.amazonaws.com/family_datasets/Food_Nature_and_Simple_Objects/Book/Tactile/4.jpg","","Book","https://tactileeval.s3.us-east-1.amazonaws.com/family_datasets/Food_Nature_and_Simple_Objects/Book/Natural/5_book.png","https://tactileeval.s3.us-east-1.amazonaws.com/family_datasets/Food_Nature_and_Simple_Objects/Book/Tactile/5.jpg","","Book","https://tactileeval.s3.us-east-1.amazonaws.com/family_datasets/Food_Nature_and_Simple_Objects/Book/Natural/6_book.png","https://tactileeval.s3.us-east-1.amazonaws.com/family_datasets/Food_Nature_and_Simple_Objects/Book/Tactile/6.jpg","","Book","https://tactileeval.s3.us-east-1.amazonaws.com/family_datasets/Food_Nature_and_Simple_Objects/Book/Natural/7_book.png","https://tactileeval.s3.us-east-1.amazonaws.com/family_datasets/Food_Nature_and_Simple_Objects/Book/Tactile/7.jpg","","Book","https://tactileeval.s3.us-east-1.amazonaws.com/family_datasets/Food_Nature_and_Simple_Objects/Book/Natural/8_book.png","https://tactileeval.s3.us-east-1.amazonaws.com/family_datasets/Food_Nature_and_Simple_Objects/Book/Tactile/8.png","","Book","https://tactileeval.s3.us-east-1.amazonaws.com/family_datasets/Food_Nature_and_Simple_Objects/Book/Natural/9_book.png","https://tactileeval.s3.us-east-1.amazonaws.com/family_datasets/Food_Nature_and_Simple_Objects/Book/Tactile/9.jpg","","Book","https://tactileeval.s3.us-east-1.amazonaws.com/family_datasets/Food_Nature_and_Simple_Objects/Book/Natural/10_book.png","https://tactileeval.s3.us-east-1.amazonaws.com/family_datasets/Food_Nature_and_Simple_Objects/Book/Tactile/10.png","","Book","https://tactileeval.s3.us-east-1.amazonaws.com/family_datasets/Food_Nature_and_Simple_Objects/Book/Natural/11_book.png","https://tactileeval.s3.us-east-1.amazonaws.com/family_datasets/Food_Nature_and_Simple_Objects/Book/Tactile/11.png","","[{""question1"":{""background_clean"":true,""configuration_match"":false,""object_match"":true},""question10"":{""background_clean"":true,""configuration_match"":false,""object_match"":true},""question2"":{""background_clean"":true,""configuration_match"":false,""object_match"":true},""question3"":{""background_clean"":true,""configuration_match"":false,""object_match"":true},""question4"":{""background_clean"":true,""configuration_match"":false,""object_match"":true},""question5"":{""background_clean"":true,""configuration_match"":false,""object_match"":true},""question6"":{""background_clean"":true,""configuration_match"":false,""object_match"":true},""question7"":{""background_clean"":true,""configuration_match"":false,""object_match"":true},""question8"":{""background_clean"":true,""configuration_match"":false,""object_match"":true},""question9"":{""background_clean"":true,""configuration_match"":false,""object_match"":false}}]"
"3I4E7AFQ3CDAGT96DAINVWQ0MXFJTL","3Z7ICGQCY1O87W8MNFF8N8ZBBWFOTX","Categorize images based on background and configuration.","Review 10 simple objects line-arts and judge if it has adequate background and configuration. (10 pairs)","tactile, image review, accessibility, simple objects","$0.08","Mon Apr 13 17:53:45 PDT 2026","7","BatchId:5385319;OriginalHitTemplateId:928390873;","1200","1296000","Mon Apr 20 17:53:45 PDT 2026","","","3M0BCWMB9OAYCBDHAPFI8CAFMENWBD","A22YCS3UW15WOO","Approved","Mon Apr 13 21:25:44 PDT 2026","Mon Apr 13 21:27:08 PDT 2026","Tue Apr 28 21:27:08 PDT 2026","Sat Apr 18 19:48:03 PDT 2026","","","84","94% (207/220)","86% (82/95)","86% (82/95)","Book","https://tactileeval.s3.us-east-1.amazonaws.com/family_datasets/Food_Nature_and_Simple_Objects/Book/Natural/2_book.png","https://tactileeval.s3.us-east-1.amazonaws.com/family_datasets/Food_Nature_and_Simple_Objects/Book/Tactile/2.jpg","","Book","https://tactileeval.s3.us-east-1.amazonaws.com/family_datasets/Food_Nature_and_Simple_Objects/Book/Natural/3_book.png","https://tactileeval.s3.us-east-1.amazonaws.com/family_datasets/Food_Nature_and_Simple_Objects/Book/Tactile/3.jpg","","Book","https://tactileeval.s3.us-east-1.amazonaws.com/family_datasets/Food_Nature_and_Simple_Objects/Book/Natural/4_book.jpg","https://tactileeval.s3.us-east-1.amazonaws.com/family_datasets/Food_Nature_and_Simple_Objects/Book/Tactile/4.jpg","","Book","https://tactileeval.s3.us-east-1.amazonaws.com/family_datasets/Food_Nature_and_Simple_Objects/Book/Natural/5_book.png","https://tactileeval.s3.us-east-1.amazonaws.com/family_datasets/Food_Nature_and_Simple_Objects/Book/Tactile/5.jpg","","Book","https://tactileeval.s3.us-east-1.amazonaws.com/family_datasets/Food_Nature_and_Simple_Objects/Book/Natural/6_book.png","https://tactileeval.s3.us-east-1.amazonaws.com/family_datasets/Food_Nature_and_Simple_Objects/Book/Tactile/6.jpg","","Book","https://tactileeval.s3.us-east-1.amazonaws.com/family_datasets/Food_Nature_and_Simple_Objects/Book/Natural/7_book.png","https://tactileeval.s3.us-east-1.amazonaws.com/family_datasets/Food_Nature_and_Simple_Objects/Book/Tactile/7.jpg","","Book","https://tactileeval.s3.us-east-1.amazonaws.com/family_datasets/Food_Nature_and_Simple_Objects/Book/Natural/8_book.png","https://tactileeval.s3.us-east-1.amazonaws.com/family_datasets/Food_Nature_and_Simple_Objects/Book/Tactile/8.png","","Book","https://tactileeval.s3.us-east-1.amazonaws.com/family_datasets/Food_Nature_and_Simple_Objects/Book/Natural/9_book.png","https://tactileeval.s3.us-east-1.amazonaws.com/family_datasets/Food_Nature_and_Simple_Objects/Book/Tactile/9.jpg","","Book","https://tactileeval.s3.us-east-1.amazonaws.com/family_datasets/Food_Nature_and_Simple_Objects/Book/Natural/10_book.png","https://tactileeval.s3.us-east-1.amazonaws.com/family_datasets/Food_Nature_and_Simple_Objects/Book/Tactile/10.png","","Book","https://tactileeval.s3.us-east-1.amazonaws.com/family_datasets/Food_Nature_and_Simple_Objects/Book/Natural/11_book.png","https://tactileeval.s3.us-east-1.amazonaws.com/family_datasets/Food_Nature_and_Simple_Objects/Book/Tactile/11.png","","[{""question1"":{""background_clean"":true,""configuration_match"":true,""object_match"":true},""question10"":{""background_clean"":true,""configuration_match"":true,""object_match"":true},""question2"":{""background_clean"":true,""configuration_match"":true,""object_match"":true},""question3"":{""background_clean"":true,""configuration_match"":false,""object_match"":true},""question4"":{""background_clean"":true,""configuration_match"":true,""object_match"":true},""question5"":{""background_clean"":true,""configuration_match"":true,""object_match"":true},""question6"":{""background_clean"":true,""configuration_match"":true,""object_match"":true},""question7"":{""background_clean"":true,""configuration_match"":true,""object_match"":true},""question8"":{""background_clean"":true,""configuration_match"":true,""object_match"":true},""question9"":{""background_clean"":true,""configuration_match"":true,""object_match"":true}}]"
"3I4E7AFQ3CDAGT96DAINVWQ0MXFJTL","3Z7ICGQCY1O87W8MNFF8N8ZBBWFOTX","Categorize images based on background and configuration.","Review 10 simple objects line-arts and judge if it has adequate background and configuration. (10 pairs)","tactile, image review, accessibility, simple objects","$0.08","Mon Apr 13 17:53:45 PDT 2026","7","BatchId:5385319;OriginalHitTemplateId:928390873;","1200","1296000","Mon Apr 20 17:53:45 PDT 2026","","","35LDD55583I302NXC0MOYHREB6KKMW","A19HN15YVY9E5I","Approved","Mon Apr 13 21:36:09 PDT 2026","Mon Apr 13 21:37:14 PDT 2026","Tue Apr 28 21:37:14 PDT 2026","Sat Apr 18 19:48:03 PDT 2026","","","65","77% (10/13)","77% (10/13)","77% (10/13)","Book","https://tactileeval.s3.us-east-1.amazonaws.com/family_datasets/Food_Nature_and_Simple_Objects/Book/Natural/2_book.png","https://tactileeval.s3.us-east-1.amazonaws.com/family_datasets/Food_Nature_and_Simple_Objects/Book/Tactile/2.jpg","","Book","https://tactileeval.s3.us-east-1.amazonaws.com/family_datasets/Food_Nature_and_Simple_Objects/Book/Natural/3_book.png","https://tactileeval.s3.us-east-1.amazonaws.com/family_datasets/Food_Nature_and_Simple_Objects/Book/Tactile/3.jpg","","Book","https://tactileeval.s3.us-east-1.amazonaws.com/family_datasets/Food_Nature_and_Simple_Objects/Book/Natural/4_book.jpg","https://tactileeval.s3.us-east-1.amazonaws.com/family_datasets/Food_Nature_and_Simple_Objects/Book/Tactile/4.jpg","","Book","https://tactileeval.s3.us-east-1.amazonaws.com/family_datasets/Food_Nature_and_Simple_Objects/Book/Natural/5_book.png","https://tactileeval.s3.us-east-1.amazonaws.com/family_datasets/Food_Nature_and_Simple_Objects/Book/Tactile/5.jpg","","Book","https://tactileeval.s3.us-east-1.amazonaws.com/family_datasets/Food_Nature_and_Simple_Objects/Book/Natural/6_book.png","https://tactileeval.s3.us-east-1.amazonaws.com/family_datasets/Food_Nature_and_Simple_Objects/Book/Tactile/6.jpg","","Book","https://tactileeval.s3.us-east-1.amazonaws.com/family_datasets/Food_Nature_and_Simple_Objects/Book/Natural/7_book.png","https://tactileeval.s3.us-east-1.amazonaws.com/family_datasets/Food_Nature_and_Simple_Objects/Book/Tactile/7.jpg","","Book","https://tactileeval.s3.us-east-1.amazonaws.com/family_datasets/Food_Nature_and_Simple_Objects/Book/Natural/8_book.png","https://tactileeval.s3.us-east-1.amazonaws.com/family_datasets/Food_Nature_and_Simple_Objects/Book/Tactile/8.png","","Book","https://tactileeval.s3.us-east-1.amazonaws.com/family_datasets/Food_Nature_and_Simple_Objects/Book/Natural/9_book.png","https://tactileeval.s3.us-east-1.amazonaws.com/family_datasets/Food_Nature_and_Simple_Objects/Book/Tactile/9.jpg","","Book","https://tactileeval.s3.us-east-1.amazonaws.com/family_datasets/Food_Nature_and_Simple_Objects/Book/Natural/10_book.png","https://tactileeval.s3.us-east-1.amazonaws.com/family_datasets/Food_Nature_and_Simple_Objects/Book/Tactile/10.png","","Book","https://tactileeval.s3.us-east-1.amazonaws.com/family_datasets/Food_Nature_and_Simple_Objects/Book/Natural/11_book.png","https://tactileeval.s3.us-east-1.amazonaws.com/family_datasets/Food_Nature_and_Simple_Objects/Book/Tactile/11.png","","[{""question1"":{""background_clean"":true,""configuration_match"":true,""object_match"":true},""question10"":{""background_clean"":true,""configuration_match"":true,""object_match"":false},""question2"":{""background_clean"":true,""configuration_match"":true,""object_match"":false},""question3"":{""background_clean"":true,""configuration_match"":true,""object_match"":false},""question4"":{""background_clean"":true,""configuration_match"":true,""object_match"":true},""question5"":{""background_clean"":true,""configuration_match"":true,""object_match"":true},""question6"":{""background_clean"":true,""configuration_match"":true,""object_match"":false},""question7"":{""background_clean"":true,""configuration_match"":true,""object_match"":false},""question8"":{""background_clean"":true,""configuration_match"":true,""object_match"":false},""question9"":{""background_clean"":true,""configuration_match"":true,""object_match"":false}}]"
"3I4E7AFQ3CDAGT96DAINVWQ0MXFJTL","3Z7ICGQCY1O87W8MNFF8N8ZBBWFOTX","Categorize images based on background and configuration.","Review 10 simple objects line-arts and judge if it has adequate background and configuration. (10 pairs)","tactile, image review, accessibility, simple objects","$0.08","Mon Apr 13 17:53:45 PDT 2026","7","BatchId:5385319;OriginalHitTemplateId:928390873;","1200","1296000","Mon Apr 20 17:53:45 PDT 2026","","","3R9WASFE3SUSJNU2QELLQ6VIIENFZ8","A1SMWIBTQ2AESU","Approved","Mon Apr 13 21:51:33 PDT 2026","Mon Apr 13 22:06:37 PDT 2026","Tue Apr 28 22:06:37 PDT 2026","Sat Apr 18 19:48:03 PDT 2026","","","904","79% (67/85)","79% (66/84)","79% (66/84)","Book","https://tactileeval.s3.us-east-1.amazonaws.com/family_datasets/Food_Nature_and_Simple_Objects/Book/Natural/2_book.png","https://tactileeval.s3.us-east-1.amazonaws.com/family_datasets/Food_Nature_and_Simple_Objects/Book/Tactile/2.jpg","","Book","https://tactileeval.s3.us-east-1.amazonaws.com/family_datasets/Food_Nature_and_Simple_Objects/Book/Natural/3_book.png","https://tactileeval.s3.us-east-1.amazonaws.com/family_datasets/Food_Nature_and_Simple_Objects/Book/Tactile/3.jpg","","Book","https://tactileeval.s3.us-east-1.amazonaws.com/family_datasets/Food_Nature_and_Simple_Objects/Book/Natural/4_book.jpg","https://tactileeval.s3.us-east-1.amazonaws.com/family_datasets/Food_Nature_and_Simple_Objects/Book/Tactile/4.jpg","","Book","https://tactileeval.s3.us-east-1.amazonaws.com/family_datasets/Food_Nature_and_Simple_Objects/Book/Natural/5_book.png","https://tactileeval.s3.us-east-1.amazonaws.com/family_datasets/Food_Nature_and_Simple_Objects/Book/Tactile/5.jpg","","Book","https://tactileeval.s3.us-east-1.amazonaws.com/family_datasets/Food_Nature_and_Simple_Objects/Book/Natural/6_book.png","https://tactileeval.s3.us-east-1.amazonaws.com/family_datasets/Food_Nature_and_Simple_Objects/Book/Tactile/6.jpg","","Book","https://tactileeval.s3.us-east-1.amazonaws.com/family_datasets/Food_Nature_and_Simple_Objects/Book/Natural/7_book.png","https://tactileeval.s3.us-east-1.amazonaws.com/family_datasets/Food_Nature_and_Simple_Objects/Book/Tactile/7.jpg","","Book","https://tactileeval.s3.us-east-1.amazonaws.com/family_datasets/Food_Nature_and_Simple_Objects/Book/Natural/8_book.png","https://tactileeval.s3.us-east-1.amazonaws.com/family_datasets/Food_Nature_and_Simple_Objects/Book/Tactile/8.png","","Book","https://tactileeval.s3.us-east-1.amazonaws.com/family_datasets/Food_Nature_and_Simple_Objects/Book/Natural/9_book.png","https://tactileeval.s3.us-east-1.amazonaws.com/family_datasets/Food_Nature_and_Simple_Objects/Book/Tactile/9.jpg","","Book","https://tactileeval.s3.us-east-1.amazonaws.com/family_datasets/Food_Nature_and_Simple_Objects/Book/Natural/10_book.png","https://tactileeval.s3.us-east-1.amazonaws.com/family_datasets/Food_Nature_and_Simple_Objects/Book/Tactile/10.png","","Book","https://tactileeval.s3.us-east-1.amazonaws.com/family_datasets/Food_Nature_and_Simple_Objects/Book/Natural/11_book.png","https://tactileeval.s3.us-east-1.amazonaws.com/family_datasets/Food_Nature_and_Simple_Objects/Book/Tactile/11.png","","[{""question1"":{""background_clean"":true,""configuration_match"":true,""object_match"":true},""question10"":{""background_clean"":true,""configuration_match"":true,""object_match"":false},""question2"":{""background_clean"":true,""configuration_match"":true,""object_match"":false},""question3"":{""background_clean"":true,""configuration_match"":true,""object_match"":false},""question4"":{""background_clean"":true,""configuration_match"":true,""object_match"":true},""question5"":{""background_clean"":true,""configuration_match"":true,""object_match"":true},""question6"":{""background_clean"":true,""configuration_match"":true,""object_match"":false},""question7"":{""background_clean"":true,""configuration_match"":true,""object_match"":false},""question8"":{""background_clean"":true,""configuration_match"":true,""object_match"":false},""question9"":{""background_clean"":true,""configuration_match"":true,""object_match"":true}}]"
"3I4E7AFQ3CDAGT96DAINVWQ0MXFJTL","3Z7ICGQCY1O87W8MNFF8N8ZBBWFOTX","Categorize images based on background and configuration.","Review 10 simple objects line-arts and judge if it has adequate background and configuration. (10 pairs)","tactile, image review, accessibility, simple objects","$0.08","Mon Apr 13 17:53:45 PDT 2026","7","BatchId:5385319;OriginalHitTemplateId:928390873;","1200","1296000","Mon Apr 20 17:53:45 PDT 2026","","","37FMASSAZ55GBGTCL8B37L1773UBIQ","A2U7UDW9Y1WGWF","Approved","Mon Apr 13 21:53:16 PDT 2026","Mon Apr 13 22:10:01 PDT 2026","Tue Apr 28 22:10:01 PDT 2026","Sat Apr 18 19:48:03 PDT 2026","","","1005","100% (41/41)","100% (35/35)","100% (35/35)","Book","https://tactileeval.s3.us-east-1.amazonaws.com/family_datasets/Food_Nature_and_Simple_Objects/Book/Natural/2_book.png","https://tactileeval.s3.us-east-1.amazonaws.com/family_datasets/Food_Nature_and_Simple_Objects/Book/Tactile/2.jpg","","Book","https://tactileeval.s3.us-east-1.amazonaws.com/family_datasets/Food_Nature_and_Simple_Objects/Book/Natural/3_book.png","https://tactileeval.s3.us-east-1.amazonaws.com/family_datasets/Food_Nature_and_Simple_Objects/Book/Tactile/3.jpg","","Book","https://tactileeval.s3.us-east-1.amazonaws.com/family_datasets/Food_Nature_and_Simple_Objects/Book/Natural/4_book.jpg","https://tactileeval.s3.us-east-1.amazonaws.com/family_datasets/Food_Nature_and_Simple_Objects/Book/Tactile/4.jpg","","Book","https://tactileeval.s3.us-east-1.amazonaws.com/family_datasets/Food_Nature_and_Simple_Objects/Book/Natural/5_book.png","https://tactileeval.s3.us-east-1.amazonaws.com/family_datasets/Food_Nature_and_Simple_Objects/Book/Tactile/5.jpg","","Book","https://tactileeval.s3.us-east-1.amazonaws.com/family_datasets/Food_Nature_and_Simple_Objects/Book/Natural/6_book.png","https://tactileeval.s3.us-east-1.amazonaws.com/family_datasets/Food_Nature_and_Simple_Objects/Book/Tactile/6.jpg","","Book","https://tactileeval.s3.us-east-1.amazonaws.com/family_datasets/Food_Nature_and_Simple_Objects/Book/Natural/7_book.png","https://tactileeval.s3.us-east-1.amazonaws.com/family_datasets/Food_Nature_and_Simple_Objects/Book/Tactile/7.jpg","","Book","https://tactileeval.s3.us-east-1.amazonaws.com/family_datasets/Food_Nature_and_Simple_Objects/Book/Natural/8_book.png","https://tactileeval.s3.us-east-1.amazonaws.com/family_datasets/Food_Nature_and_Simple_Objects/Book/Tactile/8.png","","Book","https://tactileeval.s3.us-east-1.amazonaws.com/family_datasets/Food_Nature_and_Simple_Objects/Book/Natural/9_book.png","https://tactileeval.s3.us-east-1.amazonaws.com/family_datasets/Food_Nature_and_Simple_Objects/Book/Tactile/9.jpg","","Book","https://tactileeval.s3.us-east-1.amazonaws.com/family_datasets/Food_Nature_and_Simple_Objects/Book/Natural/10_book.png","https://tactileeval.s3.us-east-1.amazonaws.com/family_datasets/Food_Nature_and_Simple_Objects/Book/Tactile/10.png","","Book","https://tactileeval.s3.us-east-1.amazonaws.com/family_datasets/Food_Nature_and_Simple_Objects/Book/Natural/11_book.png","https://tactileeval.s3.us-east-1.amazonaws.com/family_datasets/Food_Nature_and_Simple_Objects/Book/Tactile/11.png","","[{""question1"":{""background_clean"":true,""configuration_match"":false,""object_match"":true},""question10"":{""background_clean"":true,""configuration_match"":false,""object_match"":true},""question2"":{""background_clean"":true,""configuration_match"":false,""object_match"":true},""question3"":{""background_clean"":true,""configuration_match"":false,""object_match"":true},""question4"":{""background_clean"":true,""configuration_match"":true,""object_match"":true},""question5"":{""background_clean"":true,""configuration_match"":true,""object_match"":true},""question6"":{""background_clean"":true,""configuration_match"":false,""object_match"":true},""question7"":{""background_clean"":true,""configuration_match"":false,""object_match"":true},""question8"":{""background_clean"":true,""configuration_match"":true,""object_match"":true},""question9"":{""background_clean"":true,""configuration_match"":false,""object_match"":true}}]"
"3I4E7AFQ3CDAGT96DAINVWQ0MXFJTL","3Z7ICGQCY1O87W8MNFF8N8ZBBWFOTX","Categorize images based on background and configuration.","Review 10 simple objects line-arts and judge if it has adequate background and configuration. (10 pairs)","tactile, image review, accessibility, simple objects","$0.08","Mon Apr 13 17:53:45 PDT 2026","7","BatchId:5385319;OriginalHitTemplateId:928390873;","1200","1296000","Mon Apr 20 17:53:45 PDT 2026","","","3FE7TXL1MB1Z41HZFNN1FUPP471Q29","A2J1106X8NPZGP","Approved","Mon Apr 13 22:19:11 PDT 2026","Mon Apr 13 22:32:34 PDT 2026","Tue Apr 28 22:32:34 PDT 2026","Sat Apr 18 19:48:03 PDT 2026","","","803","43% (19/44)","43% (19/44)","43% (19/44)","Book","https://tactileeval.s3.us-east-1.amazonaws.com/family_datasets/Food_Nature_and_Simple_Objects/Book/Natural/2_book.png","https://tactileeval.s3.us-east-1.amazonaws.com/family_datasets/Food_Nature_and_Simple_Objects/Book/Tactile/2.jpg","","Book","https://tactileeval.s3.us-east-1.amazonaws.com/family_datasets/Food_Nature_and_Simple_Objects/Book/Natural/3_book.png","https://tactileeval.s3.us-east-1.amazonaws.com/family_datasets/Food_Nature_and_Simple_Objects/Book/Tactile/3.jpg","","Book","https://tactileeval.s3.us-east-1.amazonaws.com/family_datasets/Food_Nature_and_Simple_Objects/Book/Natural/4_book.jpg","https://tactileeval.s3.us-east-1.amazonaws.com/family_datasets/Food_Nature_and_Simple_Objects/Book/Tactile/4.jpg","","Book","https://tactileeval.s3.us-east-1.amazonaws.com/family_datasets/Food_Nature_and_Simple_Objects/Book/Natural/5_book.png","https://tactileeval.s3.us-east-1.amazonaws.com/family_datasets/Food_Nature_and_Simple_Objects/Book/Tactile/5.jpg","","Book","https://tactileeval.s3.us-east-1.amazonaws.com/family_datasets/Food_Nature_and_Simple_Objects/Book/Natural/6_book.png","https://tactileeval.s3.us-east-1.amazonaws.com/family_datasets/Food_Nature_and_Simple_Objects/Book/Tactile/6.jpg","","Book","https://tactileeval.s3.us-east-1.amazonaws.com/family_datasets/Food_Nature_and_Simple_Objects/Book/Natural/7_book.png","https://tactileeval.s3.us-east-1.amazonaws.com/family_datasets/Food_Nature_and_Simple_Objects/Book/Tactile/7.jpg","","Book","https://tactileeval.s3.us-east-1.amazonaws.com/family_datasets/Food_Nature_and_Simple_Objects/Book/Natural/8_book.png","https://tactileeval.s3.us-east-1.amazonaws.com/family_datasets/Food_Nature_and_Simple_Objects/Book/Tactile/8.png","","Book","https://tactileeval.s3.us-east-1.amazonaws.com/family_datasets/Food_Nature_and_Simple_Objects/Book/Natural/9_book.png","https://tactileeval.s3.us-east-1.amazonaws.com/family_datasets/Food_Nature_and_Simple_Objects/Book/Tactile/9.jpg","","Book","https://tactileeval.s3.us-east-1.amazonaws.com/family_datasets/Food_Nature_and_Simple_Objects/Book/Natural/10_book.png","https://tactileeval.s3.us-east-1.amazonaws.com/family_datasets/Food_Nature_and_Simple_Objects/Book/Tactile/10.png","","Book","https://tactileeval.s3.us-east-1.amazonaws.com/family_datasets/Food_Nature_and_Simple_Objects/Book/Natural/11_book.png","https://tactileeval.s3.us-east-1.amazonaws.com/family_datasets/Food_Nature_and_Simple_Objects/Book/Tactile/11.png","","[{""question1"":{""background_clean"":true,""configuration_match"":false,""object_match"":true},""question10"":{""background_clean"":true,""configuration_match"":false,""object_match"":true},""question2"":{""background_clean"":true,""configuration_match"":false,""object_match"":true},""question3"":{""background_clean"":true,""configuration_match"":false,""object_match"":true},""question4"":{""background_clean"":true,""configuration_match"":true,""object_match"":true},""question5"":{""background_clean"":true,""configuration_match"":true,""object_match"":true},""question6"":{""background_clean"":true,""configuration_match"":false,""object_match"":true},""question7"":{""background_clean"":true,""configuration_match"":false,""object_match"":true},""question8"":{""background_clean"":true,""configuration_match"":false,""object_match"":true},""question9"":{""background_clean"":true,""configuration_match"":false,""object_match"":true}}]"
"3I4E7AFQ3CDAGT96DAINVWQ0MXFJTL","3Z7ICGQCY1O87W8MNFF8N8ZBBWFOTX","Categorize images based on background and configuration.","Review 10 simple objects line-arts and judge if it has adequate background and configuration. (10 pairs)","tactile, image review, accessibility, simple objects","$0.08","Mon Apr 13 17:53:45 PDT 2026","7","BatchId:5385319;OriginalHitTemplateId:928390873;","1200","1296000","Mon Apr 20 17:53:45 PDT 2026","","","3FTYUGLFTNZXEPWHSKJFD2L25295DQ","A1BJ4MMYJK34MI","Approved","Mon Apr 13 23:07:35 PDT 2026","Mon Apr 13 23:08:21 PDT 2026","Tue Apr 28 23:08:21 PDT 2026","Sat Apr 18 19:48:03 PDT 2026","","","46","99% (164/165)","50% (1/2)","50% (1/2)","Book","https://tactileeval.s3.us-east-1.amazonaws.com/family_datasets/Food_Nature_and_Simple_Objects/Book/Natural/2_book.png","https://tactileeval.s3.us-east-1.amazonaws.com/family_datasets/Food_Nature_and_Simple_Objects/Book/Tactile/2.jpg","","Book","https://tactileeval.s3.us-east-1.amazonaws.com/family_datasets/Food_Nature_and_Simple_Objects/Book/Natural/3_book.png","https://tactileeval.s3.us-east-1.amazonaws.com/family_datasets/Food_Nature_and_Simple_Objects/Book/Tactile/3.jpg","","Book","https://tactileeval.s3.us-east-1.amazonaws.com/family_datasets/Food_Nature_and_Simple_Objects/Book/Natural/4_book.jpg","https://tactileeval.s3.us-east-1.amazonaws.com/family_datasets/Food_Nature_and_Simple_Objects/Book/Tactile/4.jpg","","Book","https://tactileeval.s3.us-east-1.amazonaws.com/family_datasets/Food_Nature_and_Simple_Objects/Book/Natural/5_book.png","https://tactileeval.s3.us-east-1.amazonaws.com/family_datasets/Food_Nature_and_Simple_Objects/Book/Tactile/5.jpg","","Book","https://tactileeval.s3.us-east-1.amazonaws.com/family_datasets/Food_Nature_and_Simple_Objects/Book/Natural/6_book.png","https://tactileeval.s3.us-east-1.amazonaws.com/family_datasets/Food_Nature_and_Simple_Objects/Book/Tactile/6.jpg","","Book","https://tactileeval.s3.us-east-1.amazonaws.com/family_datasets/Food_Nature_and_Simple_Objects/Book/Natural/7_book.png","https://tactileeval.s3.us-east-1.amazonaws.com/family_datasets/Food_Nature_and_Simple_Objects/Book/Tactile/7.jpg","","Book","https://tactileeval.s3.us-east-1.amazonaws.com/family_datasets/Food_Nature_and_Simple_Objects/Book/Natural/8_book.png","https://tactileeval.s3.us-east-1.amazonaws.com/family_datasets/Food_Nature_and_Simple_Objects/Book/Tactile/8.png","","Book","https://tactileeval.s3.us-east-1.amazonaws.com/family_datasets/Food_Nature_and_Simple_Objects/Book/Natural/9_book.png","https://tactileeval.s3.us-east-1.amazonaws.com/family_datasets/Food_Nature_and_Simple_Objects/Book/Tactile/9.jpg","","Book","https://tactileeval.s3.us-east-1.amazonaws.com/family_datasets/Food_Nature_and_Simple_Objects/Book/Natural/10_book.png","https://tactileeval.s3.us-east-1.amazonaws.com/family_datasets/Food_Nature_and_Simple_Objects/Book/Tactile/10.png","","Book","https://tactileeval.s3.us-east-1.amazonaws.com/family_datasets/Food_Nature_and_Simple_Objects/Book/Natural/11_book.png","https://tactileeval.s3.us-east-1.amazonaws.com/family_datasets/Food_Nature_and_Simple_Objects/Book/Tactile/11.png","","[{""question1"":{""background_clean"":false,""configuration_match"":true,""object_match"":true},""question10"":{""background_clean"":false,""configuration_match"":true,""object_match"":false},""question2"":{""background_clean"":false,""configuration_match"":true,""object_match"":false},""question3"":{""background_clean"":false,""configuration_match"":true,""object_match"":true},""question4"":{""background_clean"":false,""configuration_match"":true,""object_match"":false},""question5"":{""background_clean"":true,""configuration_match"":false,""object_match"":false},""question6"":{""background_clean"":false,""configuration_match"":true,""object_match"":true},""question7"":{""background_clean"":true,""configuration_match"":false,""object_match"":true},""question8"":{""background_clean"":true,""configuration_match"":false,""object_match"":true},""question9"":{""background_clean"":false,""configuration_match"":true,""object_match"":true}}]"
"3E6L1VR4YO0O9TCYY7J95O6U9INF63","3Z7ICGQCY1O87W8MNFF8N8ZBBWFOTX","Categorize images based on background and configuration.","Review 10 simple objects line-arts and judge if it has adequate background and configuration. (10 pairs)","tactile, image review, accessibility, simple objects","$0.08","Mon Apr 13 17:53:45 PDT 2026","7","BatchId:5385319;OriginalHitTemplateId:928390873;","1200","1296000","Mon Apr 20 17:53:45 PDT 2026","","","386PBUZZY8BOJ0ZUU3LXXPCCWBGLJG","A2HSX08DWDYJU7","Approved","Mon Apr 13 19:35:25 PDT 2026","Mon Apr 13 19:40:08 PDT 2026","Tue Apr 28 19:40:08 PDT 2026","Sat Apr 18 19:48:03 PDT 2026","","","283","100% (100/100)","100% (8/8)","100% (8/8)","Book","https://tactileeval.s3.us-east-1.amazonaws.com/family_datasets/Food_Nature_and_Simple_Objects/Book/Natural/12_book.png","https://tactileeval.s3.us-east-1.amazonaws.com/family_datasets/Food_Nature_and_Simple_Objects/Book/Tactile/12.jpg","","Bottle","https://tactileeval.s3.us-east-1.amazonaws.com/family_datasets/Food_Nature_and_Simple_Objects/Bottle/Natural/1_Bottle.jpg","https://tactileeval.s3.us-east-1.amazonaws.com/family_datasets/Food_Nature_and_Simple_Objects/Bottle/Tactile/1.jpeg","","Bottle","https://tactileeval.s3.us-east-1.amazonaws.com/family_datasets/Food_Nature_and_Simple_Objects/Bottle/Natural/2_Bottle.jpg","https://tactileeval.s3.us-east-1.amazonaws.com/family_datasets/Food_Nature_and_Simple_Objects/Bottle/Tactile/2.jpeg","","Bottle","https://tactileeval.s3.us-east-1.amazonaws.com/family_datasets/Food_Nature_and_Simple_Objects/Bottle/Natural/3_Bottle.jpg","https://tactileeval.s3.us-east-1.amazonaws.com/family_datasets/Food_Nature_and_Simple_Objects/Bottle/Tactile/3.jpeg","","Bottle","https://tactileeval.s3.us-east-1.amazonaws.com/family_datasets/Food_Nature_and_Simple_Objects/Bottle/Natural/4_Bottle.jpg","https://tactileeval.s3.us-east-1.amazonaws.com/family_datasets/Food_Nature_and_Simple_Objects/Bottle/Tactile/4.jpeg","","Bottle","https://tactileeval.s3.us-east-1.amazonaws.com/family_datasets/Food_Nature_and_Simple_Objects/Bottle/Natural/5_Bottle.jpg","https://tactileeval.s3.us-east-1.amazonaws.com/family_datasets/Food_Nature_and_Simple_Objects/Bottle/Tactile/5.jpeg","","Bottle","https://tactileeval.s3.us-east-1.amazonaws.com/family_datasets/Food_Nature_and_Simple_Objects/Bottle/Natural/6_Bottle.jpg","https://tactileeval.s3.us-east-1.amazonaws.com/family_datasets/Food_Nature_and_Simple_Objects/Bottle/Tactile/6.jpeg","","Bottle","https://tactileeval.s3.us-east-1.amazonaws.com/family_datasets/Food_Nature_and_Simple_Objects/Bottle/Natural/7_Bottle.jpg","https://tactileeval.s3.us-east-1.amazonaws.com/family_datasets/Food_Nature_and_Simple_Objects/Bottle/Tactile/7.png","","Bottle","https://tactileeval.s3.us-east-1.amazonaws.com/family_datasets/Food_Nature_and_Simple_Objects/Bottle/Natural/8_Bottle.jpg","https://tactileeval.s3.us-east-1.amazonaws.com/family_datasets/Food_Nature_and_Simple_Objects/Bottle/Tactile/8.jpeg","","Bottle","https://tactileeval.s3.us-east-1.amazonaws.com/family_datasets/Food_Nature_and_Simple_Objects/Bottle/Natural/9_Bottle.jpg","https://tactileeval.s3.us-east-1.amazonaws.com/family_datasets/Food_Nature_and_Simple_Objects/Bottle/Tactile/9.jpeg","","[{""question1"":{""background_clean"":true,""configuration_match"":true,""object_match"":true},""question10"":{""background_clean"":true,""configuration_match"":true,""object_match"":true},""question2"":{""background_clean"":true,""configuration_match"":false,""object_match"":false},""question3"":{""background_clean"":true,""configuration_match"":true,""object_match"":true},""question4"":{""background_clean"":true,""configuration_match"":true,""object_match"":true},""question5"":{""background_clean"":true,""configuration_match"":true,""object_match"":true},""question6"":{""background_clean"":true,""configuration_match"":true,""object_match"":true},""question7"":{""background_clean"":true,""configuration_match"":true,""object_match"":true},""question8"":{""background_clean"":true,""configuration_match"":true,""object_match"":false},""question9"":{""background_clean"":true,""configuration_match"":true,""object_match"":false}}]"
"3E6L1VR4YO0O9TCYY7J95O6U9INF63","3Z7ICGQCY1O87W8MNFF8N8ZBBWFOTX","Categorize images based on background and configuration.","Review 10 simple objects line-arts and judge if it has adequate background and configuration. (10 pairs)","tactile, image review, accessibility, simple objects","$0.08","Mon Apr 13 17:53:45 PDT 2026","7","BatchId:5385319;OriginalHitTemplateId:928390873;","1200","1296000","Mon Apr 20 17:53:45 PDT 2026","","","38F71OA9HMASKGVJBPVRI4Z939SFMC","AJZHPDCKUVRM8","Approved","Mon Apr 13 20:01:10 PDT 2026","Mon Apr 13 20:01:50 PDT 2026","Tue Apr 28 20:01:50 PDT 2026","Sat Apr 18 19:48:03 PDT 2026","","","40","86% (67/78)","86% (67/78)","86% (67/78)","Book","https://tactileeval.s3.us-east-1.amazonaws.com/family_datasets/Food_Nature_and_Simple_Objects/Book/Natural/12_book.png","https://tactileeval.s3.us-east-1.amazonaws.com/family_datasets/Food_Nature_and_Simple_Objects/Book/Tactile/12.jpg","","Bottle","https://tactileeval.s3.us-east-1.amazonaws.com/family_datasets/Food_Nature_and_Simple_Objects/Bottle/Natural/1_Bottle.jpg","https://tactileeval.s3.us-east-1.amazonaws.com/family_datasets/Food_Nature_and_Simple_Objects/Bottle/Tactile/1.jpeg","","Bottle","https://tactileeval.s3.us-east-1.amazonaws.com/family_datasets/Food_Nature_and_Simple_Objects/Bottle/Natural/2_Bottle.jpg","https://tactileeval.s3.us-east-1.amazonaws.com/family_datasets/Food_Nature_and_Simple_Objects/Bottle/Tactile/2.jpeg","","Bottle","https://tactileeval.s3.us-east-1.amazonaws.com/family_datasets/Food_Nature_and_Simple_Objects/Bottle/Natural/3_Bottle.jpg","https://tactileeval.s3.us-east-1.amazonaws.com/family_datasets/Food_Nature_and_Simple_Objects/Bottle/Tactile/3.jpeg","","Bottle","https://tactileeval.s3.us-east-1.amazonaws.com/family_datasets/Food_Nature_and_Simple_Objects/Bottle/Natural/4_Bottle.jpg","https://tactileeval.s3.us-east-1.amazonaws.com/family_datasets/Food_Nature_and_Simple_Objects/Bottle/Tactile/4.jpeg","","Bottle","https://tactileeval.s3.us-east-1.amazonaws.com/family_datasets/Food_Nature_and_Simple_Objects/Bottle/Natural/5_Bottle.jpg","https://tactileeval.s3.us-east-1.amazonaws.com/family_datasets/Food_Nature_and_Simple_Objects/Bottle/Tactile/5.jpeg","","Bottle","https://tactileeval.s3.us-east-1.amazonaws.com/family_datasets/Food_Nature_and_Simple_Objects/Bottle/Natural/6_Bottle.jpg","https://tactileeval.s3.us-east-1.amazonaws.com/family_datasets/Food_Nature_and_Simple_Objects/Bottle/Tactile/6.jpeg","","Bottle","https://tactileeval.s3.us-east-1.amazonaws.com/family_datasets/Food_Nature_and_Simple_Objects/Bottle/Natural/7_Bottle.jpg","https://tactileeval.s3.us-east-1.amazonaws.com/family_datasets/Food_Nature_and_Simple_Objects/Bottle/Tactile/7.png","","Bottle","https://tactileeval.s3.us-east-1.amazonaws.com/family_datasets/Food_Nature_and_Simple_Objects/Bottle/Natural/8_Bottle.jpg","https://tactileeval.s3.us-east-1.amazonaws.com/family_datasets/Food_Nature_and_Simple_Objects/Bottle/Tactile/8.jpeg","","Bottle","https://tactileeval.s3.us-east-1.amazonaws.com/family_datasets/Food_Nature_and_Simple_Objects/Bottle/Natural/9_Bottle.jpg","https://tactileeval.s3.us-east-1.amazonaws.com/family_datasets/Food_Nature_and_Simple_Objects/Bottle/Tactile/9.jpeg","","[{""question1"":{""background_clean"":true,""configuration_match"":false,""object_match"":true},""question10"":{""background_clean"":true,""configuration_match"":true,""object_match"":true},""question2"":{""background_clean"":true,""configuration_match"":false,""object_match"":false},""question3"":{""background_clean"":true,""configuration_match"":false,""object_match"":false},""question4"":{""background_clean"":true,""configuration_match"":false,""object_match"":false},""question5"":{""background_clean"":true,""configuration_match"":false,""object_match"":true},""question6"":{""background_clean"":true,""configuration_match"":false,""object_match"":true},""question7"":{""background_clean"":true,""configuration_match"":false,""object_match"":false},""question8"":{""background_clean"":true,""configuration_match"":false,""object_match"":false},""question9"":{""background_clean"":true,""configuration_match"":false,""object_match"":false}}]"
"3E6L1VR4YO0O9TCYY7J95O6U9INF63","3Z7ICGQCY1O87W8MNFF8N8ZBBWFOTX","Categorize images based on background and configuration.","Review 10 simple objects line-arts and judge if it has adequate background and configuration. (10 pairs)","tactile, image review, accessibility, simple objects","$0.08","Mon Apr 13 17:53:45 PDT 2026","7","BatchId:5385319;OriginalHitTemplateId:928390873;","1200","1296000","Mon Apr 20 17:53:45 PDT 2026","","","3U5NZHP4MKGIJFJ2YVBJ2T5HOTIHPA","ACUA3D1ZUVZU3","Approved","Mon Apr 13 20:20:20 PDT 2026","Mon Apr 13 20:21:07 PDT 2026","Tue Apr 28 20:21:07 PDT 2026","Sat Apr 18 19:48:04 PDT 2026","","","47","93% (14/15)","93% (14/15)","93% (14/15)","Book","https://tactileeval.s3.us-east-1.amazonaws.com/family_datasets/Food_Nature_and_Simple_Objects/Book/Natural/12_book.png","https://tactileeval.s3.us-east-1.amazonaws.com/family_datasets/Food_Nature_and_Simple_Objects/Book/Tactile/12.jpg","","Bottle","https://tactileeval.s3.us-east-1.amazonaws.com/family_datasets/Food_Nature_and_Simple_Objects/Bottle/Natural/1_Bottle.jpg","https://tactileeval.s3.us-east-1.amazonaws.com/family_datasets/Food_Nature_and_Simple_Objects/Bottle/Tactile/1.jpeg","","Bottle","https://tactileeval.s3.us-east-1.amazonaws.com/family_datasets/Food_Nature_and_Simple_Objects/Bottle/Natural/2_Bottle.jpg","https://tactileeval.s3.us-east-1.amazonaws.com/family_datasets/Food_Nature_and_Simple_Objects/Bottle/Tactile/2.jpeg","","Bottle","https://tactileeval.s3.us-east-1.amazonaws.com/family_datasets/Food_Nature_and_Simple_Objects/Bottle/Natural/3_Bottle.jpg","https://tactileeval.s3.us-east-1.amazonaws.com/family_datasets/Food_Nature_and_Simple_Objects/Bottle/Tactile/3.jpeg","","Bottle","https://tactileeval.s3.us-east-1.amazonaws.com/family_datasets/Food_Nature_and_Simple_Objects/Bottle/Natural/4_Bottle.jpg","https://tactileeval.s3.us-east-1.amazonaws.com/family_datasets/Food_Nature_and_Simple_Objects/Bottle/Tactile/4.jpeg","","Bottle","https://tactileeval.s3.us-east-1.amazonaws.com/family_datasets/Food_Nature_and_Simple_Objects/Bottle/Natural/5_Bottle.jpg","https://tactileeval.s3.us-east-1.amazonaws.com/family_datasets/Food_Nature_and_Simple_Objects/Bottle/Tactile/5.jpeg","","Bottle","https://tactileeval.s3.us-east-1.amazonaws.com/family_datasets/Food_Nature_and_Simple_Objects/Bottle/Natural/6_Bottle.jpg","https://tactileeval.s3.us-east-1.amazonaws.com/family_datasets/Food_Nature_and_Simple_Objects/Bottle/Tactile/6.jpeg","","Bottle","https://tactileeval.s3.us-east-1.amazonaws.com/family_datasets/Food_Nature_and_Simple_Objects/Bottle/Natural/7_Bottle.jpg","https://tactileeval.s3.us-east-1.amazonaws.com/family_datasets/Food_Nature_and_Simple_Objects/Bottle/Tactile/7.png","","Bottle","https://tactileeval.s3.us-east-1.amazonaws.com/family_datasets/Food_Nature_and_Simple_Objects/Bottle/Natural/8_Bottle.jpg","https://tactileeval.s3.us-east-1.amazonaws.com/family_datasets/Food_Nature_and_Simple_Objects/Bottle/Tactile/8.jpeg","","Bottle","https://tactileeval.s3.us-east-1.amazonaws.com/family_datasets/Food_Nature_and_Simple_Objects/Bottle/Natural/9_Bottle.jpg","https://tactileeval.s3.us-east-1.amazonaws.com/family_datasets/Food_Nature_and_Simple_Objects/Bottle/Tactile/9.jpeg","","[{""question1"":{""background_clean"":true,""configuration_match"":true,""object_match"":true},""question10"":{""background_clean"":true,""configuration_match"":true,""object_match"":true},""question2"":{""background_clean"":true,""configuration_match"":false,""object_match"":true},""question3"":{""background_clean"":true,""configuration_match"":true,""object_match"":true},""question4"":{""background_clean"":true,""configuration_match"":true,""object_match"":true},""question5"":{""background_clean"":true,""configuration_match"":false,""object_match"":true},""question6"":{""background_clean"":true,""configuration_match"":true,""object_match"":true},""question7"":{""background_clean"":true,""configuration_match"":true,""object_match"":true},""question8"":{""background_clean"":true,""configuration_match"":false,""object_match"":true},""question9"":{""background_clean"":true,""configuration_match"":true,""object_match"":true}}]"
"3E6L1VR4YO0O9TCYY7J95O6U9INF63","3Z7ICGQCY1O87W8MNFF8N8ZBBWFOTX","Categorize images based on background and configuration.","Review 10 simple objects line-arts and judge if it has adequate background and configuration. (10 pairs)","tactile, image review, accessibility, simple objects","$0.08","Mon Apr 13 17:53:45 PDT 2026","7","BatchId:5385319;OriginalHitTemplateId:928390873;","1200","1296000","Mon Apr 20 17:53:45 PDT 2026","","","3JRJSWSMRAZZSGNDAW664N53RI13E9","A22YCS3UW15WOO","Approved","Mon Apr 13 20:41:08 PDT 2026","Mon Apr 13 20:50:49 PDT 2026","Tue Apr 28 20:50:49 PDT 2026","Sat Apr 18 19:48:04 PDT 2026","","","581","94% (207/220)","86% (82/95)","86% (82/95)","Book","https://tactileeval.s3.us-east-1.amazonaws.com/family_datasets/Food_Nature_and_Simple_Objects/Book/Natural/12_book.png","https://tactileeval.s3.us-east-1.amazonaws.com/family_datasets/Food_Nature_and_Simple_Objects/Book/Tactile/12.jpg","","Bottle","https://tactileeval.s3.us-east-1.amazonaws.com/family_datasets/Food_Nature_and_Simple_Objects/Bottle/Natural/1_Bottle.jpg","https://tactileeval.s3.us-east-1.amazonaws.com/family_datasets/Food_Nature_and_Simple_Objects/Bottle/Tactile/1.jpeg","","Bottle","https://tactileeval.s3.us-east-1.amazonaws.com/family_datasets/Food_Nature_and_Simple_Objects/Bottle/Natural/2_Bottle.jpg","https://tactileeval.s3.us-east-1.amazonaws.com/family_datasets/Food_Nature_and_Simple_Objects/Bottle/Tactile/2.jpeg","","Bottle","https://tactileeval.s3.us-east-1.amazonaws.com/family_datasets/Food_Nature_and_Simple_Objects/Bottle/Natural/3_Bottle.jpg","https://tactileeval.s3.us-east-1.amazonaws.com/family_datasets/Food_Nature_and_Simple_Objects/Bottle/Tactile/3.jpeg","","Bottle","https://tactileeval.s3.us-east-1.amazonaws.com/family_datasets/Food_Nature_and_Simple_Objects/Bottle/Natural/4_Bottle.jpg","https://tactileeval.s3.us-east-1.amazonaws.com/family_datasets/Food_Nature_and_Simple_Objects/Bottle/Tactile/4.jpeg","","Bottle","https://tactileeval.s3.us-east-1.amazonaws.com/family_datasets/Food_Nature_and_Simple_Objects/Bottle/Natural/5_Bottle.jpg","https://tactileeval.s3.us-east-1.amazonaws.com/family_datasets/Food_Nature_and_Simple_Objects/Bottle/Tactile/5.jpeg","","Bottle","https://tactileeval.s3.us-east-1.amazonaws.com/family_datasets/Food_Nature_and_Simple_Objects/Bottle/Natural/6_Bottle.jpg","https://tactileeval.s3.us-east-1.amazonaws.com/family_datasets/Food_Nature_and_Simple_Objects/Bottle/Tactile/6.jpeg","","Bottle","https://tactileeval.s3.us-east-1.amazonaws.com/family_datasets/Food_Nature_and_Simple_Objects/Bottle/Natural/7_Bottle.jpg","https://tactileeval.s3.us-east-1.amazonaws.com/family_datasets/Food_Nature_and_Simple_Objects/Bottle/Tactile/7.png","","Bottle","https://tactileeval.s3.us-east-1.amazonaws.com/family_datasets/Food_Nature_and_Simple_Objects/Bottle/Natural/8_Bottle.jpg","https://tactileeval.s3.us-east-1.amazonaws.com/family_datasets/Food_Nature_and_Simple_Objects/Bottle/Tactile/8.jpeg","","Bottle","https://tactileeval.s3.us-east-1.amazonaws.com/family_datasets/Food_Nature_and_Simple_Objects/Bottle/Natural/9_Bottle.jpg","https://tactileeval.s3.us-east-1.amazonaws.com/family_datasets/Food_Nature_and_Simple_Objects/Bottle/Tactile/9.jpeg","","[{""question1"":{""background_clean"":true,""configuration_match"":true,""object_match"":true},""question10"":{""background_clean"":true,""configuration_match"":true,""object_match"":true},""question2"":{""background_clean"":true,""configuration_match"":true,""object_match"":false},""question3"":{""background_clean"":true,""configuration_match"":true,""object_match"":true},""question4"":{""background_clean"":true,""configuration_match"":true,""object_match"":false},""question5"":{""background_clean"":true,""configuration_match"":true,""object_match"":true},""question6"":{""background_clean"":true,""configuration_match"":true,""object_match"":true},""question7"":{""background_clean"":true,""configuration_match"":true,""object_match"":true},""question8"":{""background_clean"":true,""configuration_match"":true,""object_match"":true},""question9"":{""background_clean"":true,""configuration_match"":true,""object_match"":true}}]"
"3E6L1VR4YO0O9TCYY7J95O6U9INF63","3Z7ICGQCY1O87W8MNFF8N8ZBBWFOTX","Categorize images based on background and configuration.","Review 10 simple objects line-arts and judge if it has adequate background and configuration. (10 pairs)","tactile, image review, accessibility, simple objects","$0.08","Mon Apr 13 17:53:45 PDT 2026","7","BatchId:5385319;OriginalHitTemplateId:928390873;","1200","1296000","Mon Apr 20 17:53:45 PDT 2026","","","382M9COHFATJRA0WPG27RWV34VNUEA","A2FK6782M09EBO","Approved","Mon Apr 13 21:06:39 PDT 2026","Mon Apr 13 21:20:36 PDT 2026","Tue Apr 28 21:20:36 PDT 2026","Sat Apr 18 19:48:04 PDT 2026","","","837","94% (101/107)","94% (101/107)","94% (101/107)","Book","https://tactileeval.s3.us-east-1.amazonaws.com/family_datasets/Food_Nature_and_Simple_Objects/Book/Natural/12_book.png","https://tactileeval.s3.us-east-1.amazonaws.com/family_datasets/Food_Nature_and_Simple_Objects/Book/Tactile/12.jpg","","Bottle","https://tactileeval.s3.us-east-1.amazonaws.com/family_datasets/Food_Nature_and_Simple_Objects/Bottle/Natural/1_Bottle.jpg","https://tactileeval.s3.us-east-1.amazonaws.com/family_datasets/Food_Nature_and_Simple_Objects/Bottle/Tactile/1.jpeg","","Bottle","https://tactileeval.s3.us-east-1.amazonaws.com/family_datasets/Food_Nature_and_Simple_Objects/Bottle/Natural/2_Bottle.jpg","https://tactileeval.s3.us-east-1.amazonaws.com/family_datasets/Food_Nature_and_Simple_Objects/Bottle/Tactile/2.jpeg","","Bottle","https://tactileeval.s3.us-east-1.amazonaws.com/family_datasets/Food_Nature_and_Simple_Objects/Bottle/Natural/3_Bottle.jpg","https://tactileeval.s3.us-east-1.amazonaws.com/family_datasets/Food_Nature_and_Simple_Objects/Bottle/Tactile/3.jpeg","","Bottle","https://tactileeval.s3.us-east-1.amazonaws.com/family_datasets/Food_Nature_and_Simple_Objects/Bottle/Natural/4_Bottle.jpg","https://tactileeval.s3.us-east-1.amazonaws.com/family_datasets/Food_Nature_and_Simple_Objects/Bottle/Tactile/4.jpeg","","Bottle","https://tactileeval.s3.us-east-1.amazonaws.com/family_datasets/Food_Nature_and_Simple_Objects/Bottle/Natural/5_Bottle.jpg","https://tactileeval.s3.us-east-1.amazonaws.com/family_datasets/Food_Nature_and_Simple_Objects/Bottle/Tactile/5.jpeg","","Bottle","https://tactileeval.s3.us-east-1.amazonaws.com/family_datasets/Food_Nature_and_Simple_Objects/Bottle/Natural/6_Bottle.jpg","https://tactileeval.s3.us-east-1.amazonaws.com/family_datasets/Food_Nature_and_Simple_Objects/Bottle/Tactile/6.jpeg","","Bottle","https://tactileeval.s3.us-east-1.amazonaws.com/family_datasets/Food_Nature_and_Simple_Objects/Bottle/Natural/7_Bottle.jpg","https://tactileeval.s3.us-east-1.amazonaws.com/family_datasets/Food_Nature_and_Simple_Objects/Bottle/Tactile/7.png","","Bottle","https://tactileeval.s3.us-east-1.amazonaws.com/family_datasets/Food_Nature_and_Simple_Objects/Bottle/Natural/8_Bottle.jpg","https://tactileeval.s3.us-east-1.amazonaws.com/family_datasets/Food_Nature_and_Simple_Objects/Bottle/Tactile/8.jpeg","","Bottle","https://tactileeval.s3.us-east-1.amazonaws.com/family_datasets/Food_Nature_and_Simple_Objects/Bottle/Natural/9_Bottle.jpg","https://tactileeval.s3.us-east-1.amazonaws.com/family_datasets/Food_Nature_and_Simple_Objects/Bottle/Tactile/9.jpeg","","[{""question1"":{""background_clean"":true,""configuration_match"":true,""object_match"":true},""question10"":{""background_clean"":true,""configuration_match"":true,""object_match"":true},""question2"":{""background_clean"":true,""configuration_match"":true,""object_match"":false},""question3"":{""background_clean"":true,""configuration_match"":true,""object_match"":true},""question4"":{""background_clean"":true,""configuration_match"":true,""object_match"":true},""question5"":{""background_clean"":true,""configuration_match"":true,""object_match"":true},""question6"":{""background_clean"":true,""configuration_match"":true,""object_match"":true},""question7"":{""background_clean"":true,""configuration_match"":true,""object_match"":true},""question8"":{""background_clean"":true,""configuration_match"":false,""object_match"":false},""question9"":{""background_clean"":true,""configuration_match"":true,""object_match"":true}}]"
"3E6L1VR4YO0O9TCYY7J95O6U9INF63","3Z7ICGQCY1O87W8MNFF8N8ZBBWFOTX","Categorize images based on background and configuration.","Review 10 simple objects line-arts and judge if it has adequate background and configuration. (10 pairs)","tactile, image review, accessibility, simple objects","$0.08","Mon Apr 13 17:53:45 PDT 2026","7","BatchId:5385319;OriginalHitTemplateId:928390873;","1200","1296000","Mon Apr 20 17:53:45 PDT 2026","","","3AUQQEL7VY7KDZA2MZDX2TVIO1T0VQ","A1SMWIBTQ2AESU","Approved","Mon Apr 13 21:51:39 PDT 2026","Mon Apr 13 22:10:54 PDT 2026","Tue Apr 28 22:10:54 PDT 2026","Sat Apr 18 19:48:04 PDT 2026","","","1155","79% (67/85)","79% (66/84)","79% (66/84)","Book","https://tactileeval.s3.us-east-1.amazonaws.com/family_datasets/Food_Nature_and_Simple_Objects/Book/Natural/12_book.png","https://tactileeval.s3.us-east-1.amazonaws.com/family_datasets/Food_Nature_and_Simple_Objects/Book/Tactile/12.jpg","","Bottle","https://tactileeval.s3.us-east-1.amazonaws.com/family_datasets/Food_Nature_and_Simple_Objects/Bottle/Natural/1_Bottle.jpg","https://tactileeval.s3.us-east-1.amazonaws.com/family_datasets/Food_Nature_and_Simple_Objects/Bottle/Tactile/1.jpeg","","Bottle","https://tactileeval.s3.us-east-1.amazonaws.com/family_datasets/Food_Nature_and_Simple_Objects/Bottle/Natural/2_Bottle.jpg","https://tactileeval.s3.us-east-1.amazonaws.com/family_datasets/Food_Nature_and_Simple_Objects/Bottle/Tactile/2.jpeg","","Bottle","https://tactileeval.s3.us-east-1.amazonaws.com/family_datasets/Food_Nature_and_Simple_Objects/Bottle/Natural/3_Bottle.jpg","https://tactileeval.s3.us-east-1.amazonaws.com/family_datasets/Food_Nature_and_Simple_Objects/Bottle/Tactile/3.jpeg","","Bottle","https://tactileeval.s3.us-east-1.amazonaws.com/family_datasets/Food_Nature_and_Simple_Objects/Bottle/Natural/4_Bottle.jpg","https://tactileeval.s3.us-east-1.amazonaws.com/family_datasets/Food_Nature_and_Simple_Objects/Bottle/Tactile/4.jpeg","","Bottle","https://tactileeval.s3.us-east-1.amazonaws.com/family_datasets/Food_Nature_and_Simple_Objects/Bottle/Natural/5_Bottle.jpg","https://tactileeval.s3.us-east-1.amazonaws.com/family_datasets/Food_Nature_and_Simple_Objects/Bottle/Tactile/5.jpeg","","Bottle","https://tactileeval.s3.us-east-1.amazonaws.com/family_datasets/Food_Nature_and_Simple_Objects/Bottle/Natural/6_Bottle.jpg","https://tactileeval.s3.us-east-1.amazonaws.com/family_datasets/Food_Nature_and_Simple_Objects/Bottle/Tactile/6.jpeg","","Bottle","https://tactileeval.s3.us-east-1.amazonaws.com/family_datasets/Food_Nature_and_Simple_Objects/Bottle/Natural/7_Bottle.jpg","https://tactileeval.s3.us-east-1.amazonaws.com/family_datasets/Food_Nature_and_Simple_Objects/Bottle/Tactile/7.png","","Bottle","https://tactileeval.s3.us-east-1.amazonaws.com/family_datasets/Food_Nature_and_Simple_Objects/Bottle/Natural/8_Bottle.jpg","https://tactileeval.s3.us-east-1.amazonaws.com/family_datasets/Food_Nature_and_Simple_Objects/Bottle/Tactile/8.jpeg","","Bottle","https://tactileeval.s3.us-east-1.amazonaws.com/family_datasets/Food_Nature_and_Simple_Objects/Bottle/Natural/9_Bottle.jpg","https://tactileeval.s3.us-east-1.amazonaws.com/family_datasets/Food_Nature_and_Simple_Objects/Bottle/Tactile/9.jpeg","","[{""question1"":{""background_clean"":true,""configuration_match"":true,""object_match"":false},""question10"":{""background_clean"":true,""configuration_match"":true,""object_match"":true},""question2"":{""background_clean"":true,""configuration_match"":true,""object_match"":true},""question3"":{""background_clean"":true,""configuration_match"":true,""object_match"":true},""question4"":{""background_clean"":true,""configuration_match"":true,""object_match"":false},""question5"":{""background_clean"":true,""configuration_match"":true,""object_match"":false},""question6"":{""background_clean"":true,""configuration_match"":true,""object_match"":true},""question7"":{""background_clean"":true,""configuration_match"":false,""object_match"":false},""question8"":{""background_clean"":true,""configuration_match"":true,""object_match"":false},""question9"":{""background_clean"":true,""configuration_match"":true,""object_match"":true}}]"
"3E6L1VR4YO0O9TCYY7J95O6U9INF63","3Z7ICGQCY1O87W8MNFF8N8ZBBWFOTX","Categorize images based on background and configuration.","Review 10 simple objects line-arts and judge if it has adequate background and configuration. (10 pairs)","tactile, image review, accessibility, simple objects","$0.08","Mon Apr 13 17:53:45 PDT 2026","7","BatchId:5385319;OriginalHitTemplateId:928390873;","1200","1296000","Mon Apr 20 17:53:45 PDT 2026","","","3IKZ72A5CXUY2YGJNQARVJO980JNF3","A2J1106X8NPZGP","Approved","Mon Apr 13 22:19:36 PDT 2026","Mon Apr 13 22:34:15 PDT 2026","Tue Apr 28 22:34:15 PDT 2026","Sat Apr 18 19:48:04 PDT 2026","","","879","43% (19/44)","43% (19/44)","43% (19/44)","Book","https://tactileeval.s3.us-east-1.amazonaws.com/family_datasets/Food_Nature_and_Simple_Objects/Book/Natural/12_book.png","https://tactileeval.s3.us-east-1.amazonaws.com/family_datasets/Food_Nature_and_Simple_Objects/Book/Tactile/12.jpg","","Bottle","https://tactileeval.s3.us-east-1.amazonaws.com/family_datasets/Food_Nature_and_Simple_Objects/Bottle/Natural/1_Bottle.jpg","https://tactileeval.s3.us-east-1.amazonaws.com/family_datasets/Food_Nature_and_Simple_Objects/Bottle/Tactile/1.jpeg","","Bottle","https://tactileeval.s3.us-east-1.amazonaws.com/family_datasets/Food_Nature_and_Simple_Objects/Bottle/Natural/2_Bottle.jpg","https://tactileeval.s3.us-east-1.amazonaws.com/family_datasets/Food_Nature_and_Simple_Objects/Bottle/Tactile/2.jpeg","","Bottle","https://tactileeval.s3.us-east-1.amazonaws.com/family_datasets/Food_Nature_and_Simple_Objects/Bottle/Natural/3_Bottle.jpg","https://tactileeval.s3.us-east-1.amazonaws.com/family_datasets/Food_Nature_and_Simple_Objects/Bottle/Tactile/3.jpeg","","Bottle","https://tactileeval.s3.us-east-1.amazonaws.com/family_datasets/Food_Nature_and_Simple_Objects/Bottle/Natural/4_Bottle.jpg","https://tactileeval.s3.us-east-1.amazonaws.com/family_datasets/Food_Nature_and_Simple_Objects/Bottle/Tactile/4.jpeg","","Bottle","https://tactileeval.s3.us-east-1.amazonaws.com/family_datasets/Food_Nature_and_Simple_Objects/Bottle/Natural/5_Bottle.jpg","https://tactileeval.s3.us-east-1.amazonaws.com/family_datasets/Food_Nature_and_Simple_Objects/Bottle/Tactile/5.jpeg","","Bottle","https://tactileeval.s3.us-east-1.amazonaws.com/family_datasets/Food_Nature_and_Simple_Objects/Bottle/Natural/6_Bottle.jpg","https://tactileeval.s3.us-east-1.amazonaws.com/family_datasets/Food_Nature_and_Simple_Objects/Bottle/Tactile/6.jpeg","","Bottle","https://tactileeval.s3.us-east-1.amazonaws.com/family_datasets/Food_Nature_and_Simple_Objects/Bottle/Natural/7_Bottle.jpg","https://tactileeval.s3.us-east-1.amazonaws.com/family_datasets/Food_Nature_and_Simple_Objects/Bottle/Tactile/7.png","","Bottle","https://tactileeval.s3.us-east-1.amazonaws.com/family_datasets/Food_Nature_and_Simple_Objects/Bottle/Natural/8_Bottle.jpg","https://tactileeval.s3.us-east-1.amazonaws.com/family_datasets/Food_Nature_and_Simple_Objects/Bottle/Tactile/8.jpeg","","Bottle","https://tactileeval.s3.us-east-1.amazonaws.com/family_datasets/Food_Nature_and_Simple_Objects/Bottle/Natural/9_Bottle.jpg","https://tactileeval.s3.us-east-1.amazonaws.com/family_datasets/Food_Nature_and_Simple_Objects/Bottle/Tactile/9.jpeg","","[{""question1"":{""background_clean"":true,""configuration_match"":false,""object_match"":true},""question10"":{""background_clean"":true,""configuration_match"":false,""object_match"":false},""question2"":{""background_clean"":true,""configuration_match"":false,""object_match"":false},""question3"":{""background_clean"":true,""configuration_match"":false,""object_match"":false},""question4"":{""background_clean"":true,""configuration_match"":false,""object_match"":false},""question5"":{""background_clean"":true,""configuration_match"":false,""object_match"":false},""question6"":{""background_clean"":true,""configuration_match"":false,""object_match"":false},""question7"":{""background_clean"":true,""configuration_match"":false,""object_match"":false},""question8"":{""background_clean"":true,""configuration_match"":false,""object_match"":false},""question9"":{""background_clean"":true,""configuration_match"":false,""object_match"":false}}]"
"38RHULDVAQT6DZTUQX2Y6FIZDC7WIB","3Z7ICGQCY1O87W8MNFF8N8ZBBWFOTX","Categorize images based on background and configuration.","Review 10 simple objects line-arts and judge if it has adequate background and configuration. (10 pairs)","tactile, image review, accessibility, simple objects","$0.08","Mon Apr 13 17:53:45 PDT 2026","7","BatchId:5385319;OriginalHitTemplateId:928390873;","1200","1296000","Mon Apr 20 17:53:45 PDT 2026","","","351SEKWQTTVVMWHNKJ01U4WORWCMD8","AJZHPDCKUVRM8","Approved","Mon Apr 13 20:03:37 PDT 2026","Mon Apr 13 20:04:17 PDT 2026","Tue Apr 28 20:04:17 PDT 2026","Sat Apr 18 19:48:04 PDT 2026","","","40","86% (67/78)","86% (67/78)","86% (67/78)","Bottle","https://tactileeval.s3.us-east-1.amazonaws.com/family_datasets/Food_Nature_and_Simple_Objects/Bottle/Natural/10_Bottle.jpg","https://tactileeval.s3.us-east-1.amazonaws.com/family_datasets/Food_Nature_and_Simple_Objects/Bottle/Tactile/10.jpeg","","Clover","https://tactileeval.s3.us-east-1.amazonaws.com/family_datasets/Food_Nature_and_Simple_Objects/Clover/Natural/Clover_1_refined.jpg","https://tactileeval.s3.us-east-1.amazonaws.com/family_datasets/Food_Nature_and_Simple_Objects/Clover/Tactile/1_refined.png","","Clover","https://tactileeval.s3.us-east-1.amazonaws.com/family_datasets/Food_Nature_and_Simple_Objects/Clover/Natural/Clover_2.jpg","https://tactileeval.s3.us-east-1.amazonaws.com/family_datasets/Food_Nature_and_Simple_Objects/Clover/Tactile/2.jpeg","","Clover","https://tactileeval.s3.us-east-1.amazonaws.com/family_datasets/Food_Nature_and_Simple_Objects/Clover/Natural/Clover_3.jpg","https://tactileeval.s3.us-east-1.amazonaws.com/family_datasets/Food_Nature_and_Simple_Objects/Clover/Tactile/3.jpeg","","Clover","https://tactileeval.s3.us-east-1.amazonaws.com/family_datasets/Food_Nature_and_Simple_Objects/Clover/Natural/Clover_4.jpg","https://tactileeval.s3.us-east-1.amazonaws.com/family_datasets/Food_Nature_and_Simple_Objects/Clover/Tactile/4.jpeg","","Clover","https://tactileeval.s3.us-east-1.amazonaws.com/family_datasets/Food_Nature_and_Simple_Objects/Clover/Natural/Clover_5.jpg","https://tactileeval.s3.us-east-1.amazonaws.com/family_datasets/Food_Nature_and_Simple_Objects/Clover/Tactile/5.jpeg","","Clover","https://tactileeval.s3.us-east-1.amazonaws.com/family_datasets/Food_Nature_and_Simple_Objects/Clover/Natural/Clover_6.jpg","https://tactileeval.s3.us-east-1.amazonaws.com/family_datasets/Food_Nature_and_Simple_Objects/Clover/Tactile/6.jpeg","","Clover","https://tactileeval.s3.us-east-1.amazonaws.com/family_datasets/Food_Nature_and_Simple_Objects/Clover/Natural/Clover_7.jpg","https://tactileeval.s3.us-east-1.amazonaws.com/family_datasets/Food_Nature_and_Simple_Objects/Clover/Tactile/7.jpeg","","Clover","https://tactileeval.s3.us-east-1.amazonaws.com/family_datasets/Food_Nature_and_Simple_Objects/Clover/Natural/Clover_8.jpg","https://tactileeval.s3.us-east-1.amazonaws.com/family_datasets/Food_Nature_and_Simple_Objects/Clover/Tactile/8.jpeg","","Clover","https://tactileeval.s3.us-east-1.amazonaws.com/family_datasets/Food_Nature_and_Simple_Objects/Clover/Natural/Clover_9.jpg","https://tactileeval.s3.us-east-1.amazonaws.com/family_datasets/Food_Nature_and_Simple_Objects/Clover/Tactile/9.jpeg","","[{""question1"":{""background_clean"":true,""configuration_match"":false,""object_match"":true},""question10"":{""background_clean"":true,""configuration_match"":true,""object_match"":true},""question2"":{""background_clean"":true,""configuration_match"":false,""object_match"":false},""question3"":{""background_clean"":true,""configuration_match"":false,""object_match"":false},""question4"":{""background_clean"":true,""configuration_match"":false,""object_match"":false},""question5"":{""background_clean"":true,""configuration_match"":false,""object_match"":false},""question6"":{""background_clean"":true,""configuration_match"":false,""object_match"":true},""question7"":{""background_clean"":true,""configuration_match"":false,""object_match"":false},""question8"":{""background_clean"":true,""configuration_match"":false,""object_match"":false},""question9"":{""background_clean"":true,""configuration_match"":false,""object_match"":false}}]"
"38RHULDVAQT6DZTUQX2Y6FIZDC7WIB","3Z7ICGQCY1O87W8MNFF8N8ZBBWFOTX","Categorize images based on background and configuration.","Review 10 simple objects line-arts and judge if it has adequate background and configuration. (10 pairs)","tactile, image review, accessibility, simple objects","$0.08","Mon Apr 13 17:53:45 PDT 2026","7","BatchId:5385319;OriginalHitTemplateId:928390873;","1200","1296000","Mon Apr 20 17:53:45 PDT 2026","","","37TD41K0BANOFZOE4K1CM7DCYLISCQ","ACUA3D1ZUVZU3","Approved","Mon Apr 13 20:07:03 PDT 2026","Mon Apr 13 20:09:18 PDT 2026","Tue Apr 28 20:09:18 PDT 2026","Sat Apr 18 19:48:04 PDT 2026","","","135","93% (14/15)","93% (14/15)","93% (14/15)","Bottle","https://tactileeval.s3.us-east-1.amazonaws.com/family_datasets/Food_Nature_and_Simple_Objects/Bottle/Natural/10_Bottle.jpg","https://tactileeval.s3.us-east-1.amazonaws.com/family_datasets/Food_Nature_and_Simple_Objects/Bottle/Tactile/10.jpeg","","Clover","https://tactileeval.s3.us-east-1.amazonaws.com/family_datasets/Food_Nature_and_Simple_Objects/Clover/Natural/Clover_1_refined.jpg","https://tactileeval.s3.us-east-1.amazonaws.com/family_datasets/Food_Nature_and_Simple_Objects/Clover/Tactile/1_refined.png","","Clover","https://tactileeval.s3.us-east-1.amazonaws.com/family_datasets/Food_Nature_and_Simple_Objects/Clover/Natural/Clover_2.jpg","https://tactileeval.s3.us-east-1.amazonaws.com/family_datasets/Food_Nature_and_Simple_Objects/Clover/Tactile/2.jpeg","","Clover","https://tactileeval.s3.us-east-1.amazonaws.com/family_datasets/Food_Nature_and_Simple_Objects/Clover/Natural/Clover_3.jpg","https://tactileeval.s3.us-east-1.amazonaws.com/family_datasets/Food_Nature_and_Simple_Objects/Clover/Tactile/3.jpeg","","Clover","https://tactileeval.s3.us-east-1.amazonaws.com/family_datasets/Food_Nature_and_Simple_Objects/Clover/Natural/Clover_4.jpg","https://tactileeval.s3.us-east-1.amazonaws.com/family_datasets/Food_Nature_and_Simple_Objects/Clover/Tactile/4.jpeg","","Clover","https://tactileeval.s3.us-east-1.amazonaws.com/family_datasets/Food_Nature_and_Simple_Objects/Clover/Natural/Clover_5.jpg","https://tactileeval.s3.us-east-1.amazonaws.com/family_datasets/Food_Nature_and_Simple_Objects/Clover/Tactile/5.jpeg","","Clover","https://tactileeval.s3.us-east-1.amazonaws.com/family_datasets/Food_Nature_and_Simple_Objects/Clover/Natural/Clover_6.jpg","https://tactileeval.s3.us-east-1.amazonaws.com/family_datasets/Food_Nature_and_Simple_Objects/Clover/Tactile/6.jpeg","","Clover","https://tactileeval.s3.us-east-1.amazonaws.com/family_datasets/Food_Nature_and_Simple_Objects/Clover/Natural/Clover_7.jpg","https://tactileeval.s3.us-east-1.amazonaws.com/family_datasets/Food_Nature_and_Simple_Objects/Clover/Tactile/7.jpeg","","Clover","https://tactileeval.s3.us-east-1.amazonaws.com/family_datasets/Food_Nature_and_Simple_Objects/Clover/Natural/Clover_8.jpg","https://tactileeval.s3.us-east-1.amazonaws.com/family_datasets/Food_Nature_and_Simple_Objects/Clover/Tactile/8.jpeg","","Clover","https://tactileeval.s3.us-east-1.amazonaws.com/family_datasets/Food_Nature_and_Simple_Objects/Clover/Natural/Clover_9.jpg","https://tactileeval.s3.us-east-1.amazonaws.com/family_datasets/Food_Nature_and_Simple_Objects/Clover/Tactile/9.jpeg","","[{""question1"":{""background_clean"":true,""configuration_match"":true,""object_match"":true},""question10"":{""background_clean"":true,""configuration_match"":true,""object_match"":true},""question2"":{""background_clean"":true,""configuration_match"":false,""object_match"":true},""question3"":{""background_clean"":true,""configuration_match"":true,""object_match"":true},""question4"":{""background_clean"":true,""configuration_match"":false,""object_match"":false},""question5"":{""background_clean"":true,""configuration_match"":true,""object_match"":true},""question6"":{""background_clean"":true,""configuration_match"":true,""object_match"":true},""question7"":{""background_clean"":true,""configuration_match"":true,""object_match"":true},""question8"":{""background_clean"":true,""configuration_match"":true,""object_match"":true},""question9"":{""background_clean"":true,""configuration_match"":true,""object_match"":true}}]"
"38RHULDVAQT6DZTUQX2Y6FIZDC7WIB","3Z7ICGQCY1O87W8MNFF8N8ZBBWFOTX","Categorize images based on background and configuration.","Review 10 simple objects line-arts and judge if it has adequate background and configuration. (10 pairs)","tactile, image review, accessibility, simple objects","$0.08","Mon Apr 13 17:53:45 PDT 2026","7","BatchId:5385319;OriginalHitTemplateId:928390873;","1200","1296000","Mon Apr 20 17:53:45 PDT 2026","","","317HQ483J06ICPI9OYGCYG11OS1NIK","A2FK6782M09EBO","Approved","Mon Apr 13 21:09:36 PDT 2026","Mon Apr 13 21:28:54 PDT 2026","Tue Apr 28 21:28:54 PDT 2026","Sat Apr 18 19:48:04 PDT 2026","","","1158","94% (101/107)","94% (101/107)","94% (101/107)","Bottle","https://tactileeval.s3.us-east-1.amazonaws.com/family_datasets/Food_Nature_and_Simple_Objects/Bottle/Natural/10_Bottle.jpg","https://tactileeval.s3.us-east-1.amazonaws.com/family_datasets/Food_Nature_and_Simple_Objects/Bottle/Tactile/10.jpeg","","Clover","https://tactileeval.s3.us-east-1.amazonaws.com/family_datasets/Food_Nature_and_Simple_Objects/Clover/Natural/Clover_1_refined.jpg","https://tactileeval.s3.us-east-1.amazonaws.com/family_datasets/Food_Nature_and_Simple_Objects/Clover/Tactile/1_refined.png","","Clover","https://tactileeval.s3.us-east-1.amazonaws.com/family_datasets/Food_Nature_and_Simple_Objects/Clover/Natural/Clover_2.jpg","https://tactileeval.s3.us-east-1.amazonaws.com/family_datasets/Food_Nature_and_Simple_Objects/Clover/Tactile/2.jpeg","","Clover","https://tactileeval.s3.us-east-1.amazonaws.com/family_datasets/Food_Nature_and_Simple_Objects/Clover/Natural/Clover_3.jpg","https://tactileeval.s3.us-east-1.amazonaws.com/family_datasets/Food_Nature_and_Simple_Objects/Clover/Tactile/3.jpeg","","Clover","https://tactileeval.s3.us-east-1.amazonaws.com/family_datasets/Food_Nature_and_Simple_Objects/Clover/Natural/Clover_4.jpg","https://tactileeval.s3.us-east-1.amazonaws.com/family_datasets/Food_Nature_and_Simple_Objects/Clover/Tactile/4.jpeg","","Clover","https://tactileeval.s3.us-east-1.amazonaws.com/family_datasets/Food_Nature_and_Simple_Objects/Clover/Natural/Clover_5.jpg","https://tactileeval.s3.us-east-1.amazonaws.com/family_datasets/Food_Nature_and_Simple_Objects/Clover/Tactile/5.jpeg","","Clover","https://tactileeval.s3.us-east-1.amazonaws.com/family_datasets/Food_Nature_and_Simple_Objects/Clover/Natural/Clover_6.jpg","https://tactileeval.s3.us-east-1.amazonaws.com/family_datasets/Food_Nature_and_Simple_Objects/Clover/Tactile/6.jpeg","","Clover","https://tactileeval.s3.us-east-1.amazonaws.com/family_datasets/Food_Nature_and_Simple_Objects/Clover/Natural/Clover_7.jpg","https://tactileeval.s3.us-east-1.amazonaws.com/family_datasets/Food_Nature_and_Simple_Objects/Clover/Tactile/7.jpeg","","Clover","https://tactileeval.s3.us-east-1.amazonaws.com/family_datasets/Food_Nature_and_Simple_Objects/Clover/Natural/Clover_8.jpg","https://tactileeval.s3.us-east-1.amazonaws.com/family_datasets/Food_Nature_and_Simple_Objects/Clover/Tactile/8.jpeg","","Clover","https://tactileeval.s3.us-east-1.amazonaws.com/family_datasets/Food_Nature_and_Simple_Objects/Clover/Natural/Clover_9.jpg","https://tactileeval.s3.us-east-1.amazonaws.com/family_datasets/Food_Nature_and_Simple_Objects/Clover/Tactile/9.jpeg","","[{""question1"":{""background_clean"":true,""configuration_match"":true,""object_match"":true},""question10"":{""background_clean"":true,""configuration_match"":true,""object_match"":true},""question2"":{""background_clean"":true,""configuration_match"":true,""object_match"":true},""question3"":{""background_clean"":true,""configuration_match"":false,""object_match"":true},""question4"":{""background_clean"":true,""configuration_match"":true,""object_match"":false},""question5"":{""background_clean"":true,""configuration_match"":true,""object_match"":true},""question6"":{""background_clean"":true,""configuration_match"":true,""object_match"":true},""question7"":{""background_clean"":true,""configuration_match"":true,""object_match"":true},""question8"":{""background_clean"":true,""configuration_match"":false,""object_match"":true},""question9"":{""background_clean"":true,""configuration_match"":true,""object_match"":false}}]"
"38RHULDVAQT6DZTUQX2Y6FIZDC7WIB","3Z7ICGQCY1O87W8MNFF8N8ZBBWFOTX","Categorize images based on background and configuration.","Review 10 simple objects line-arts and judge if it has adequate background and configuration. (10 pairs)","tactile, image review, accessibility, simple objects","$0.08","Mon Apr 13 17:53:45 PDT 2026","7","BatchId:5385319;OriginalHitTemplateId:928390873;","1200","1296000","Mon Apr 20 17:53:45 PDT 2026","","","3IAEQB9FN7YRR8B1OL6O32YFPZZWDK","A22YCS3UW15WOO","Approved","Mon Apr 13 21:25:47 PDT 2026","Mon Apr 13 21:29:37 PDT 2026","Tue Apr 28 21:29:37 PDT 2026","Sat Apr 18 19:48:04 PDT 2026","","","230","94% (207/220)","86% (82/95)","86% (82/95)","Bottle","https://tactileeval.s3.us-east-1.amazonaws.com/family_datasets/Food_Nature_and_Simple_Objects/Bottle/Natural/10_Bottle.jpg","https://tactileeval.s3.us-east-1.amazonaws.com/family_datasets/Food_Nature_and_Simple_Objects/Bottle/Tactile/10.jpeg","","Clover","https://tactileeval.s3.us-east-1.amazonaws.com/family_datasets/Food_Nature_and_Simple_Objects/Clover/Natural/Clover_1_refined.jpg","https://tactileeval.s3.us-east-1.amazonaws.com/family_datasets/Food_Nature_and_Simple_Objects/Clover/Tactile/1_refined.png","","Clover","https://tactileeval.s3.us-east-1.amazonaws.com/family_datasets/Food_Nature_and_Simple_Objects/Clover/Natural/Clover_2.jpg","https://tactileeval.s3.us-east-1.amazonaws.com/family_datasets/Food_Nature_and_Simple_Objects/Clover/Tactile/2.jpeg","","Clover","https://tactileeval.s3.us-east-1.amazonaws.com/family_datasets/Food_Nature_and_Simple_Objects/Clover/Natural/Clover_3.jpg","https://tactileeval.s3.us-east-1.amazonaws.com/family_datasets/Food_Nature_and_Simple_Objects/Clover/Tactile/3.jpeg","","Clover","https://tactileeval.s3.us-east-1.amazonaws.com/family_datasets/Food_Nature_and_Simple_Objects/Clover/Natural/Clover_4.jpg","https://tactileeval.s3.us-east-1.amazonaws.com/family_datasets/Food_Nature_and_Simple_Objects/Clover/Tactile/4.jpeg","","Clover","https://tactileeval.s3.us-east-1.amazonaws.com/family_datasets/Food_Nature_and_Simple_Objects/Clover/Natural/Clover_5.jpg","https://tactileeval.s3.us-east-1.amazonaws.com/family_datasets/Food_Nature_and_Simple_Objects/Clover/Tactile/5.jpeg","","Clover","https://tactileeval.s3.us-east-1.amazonaws.com/family_datasets/Food_Nature_and_Simple_Objects/Clover/Natural/Clover_6.jpg","https://tactileeval.s3.us-east-1.amazonaws.com/family_datasets/Food_Nature_and_Simple_Objects/Clover/Tactile/6.jpeg","","Clover","https://tactileeval.s3.us-east-1.amazonaws.com/family_datasets/Food_Nature_and_Simple_Objects/Clover/Natural/Clover_7.jpg","https://tactileeval.s3.us-east-1.amazonaws.com/family_datasets/Food_Nature_and_Simple_Objects/Clover/Tactile/7.jpeg","","Clover","https://tactileeval.s3.us-east-1.amazonaws.com/family_datasets/Food_Nature_and_Simple_Objects/Clover/Natural/Clover_8.jpg","https://tactileeval.s3.us-east-1.amazonaws.com/family_datasets/Food_Nature_and_Simple_Objects/Clover/Tactile/8.jpeg","","Clover","https://tactileeval.s3.us-east-1.amazonaws.com/family_datasets/Food_Nature_and_Simple_Objects/Clover/Natural/Clover_9.jpg","https://tactileeval.s3.us-east-1.amazonaws.com/family_datasets/Food_Nature_and_Simple_Objects/Clover/Tactile/9.jpeg","","[{""question1"":{""background_clean"":true,""configuration_match"":true,""object_match"":true},""question10"":{""background_clean"":true,""configuration_match"":true,""object_match"":true},""question2"":{""background_clean"":true,""configuration_match"":true,""object_match"":true},""question3"":{""background_clean"":true,""configuration_match"":true,""object_match"":true},""question4"":{""background_clean"":true,""configuration_match"":true,""object_match"":true},""question5"":{""background_clean"":true,""configuration_match"":true,""object_match"":true},""question6"":{""background_clean"":true,""configuration_match"":true,""object_match"":true},""question7"":{""background_clean"":true,""configuration_match"":true,""object_match"":true},""question8"":{""background_clean"":true,""configuration_match"":true,""object_match"":false},""question9"":{""background_clean"":true,""configuration_match"":true,""object_match"":true}}]"
"38RHULDVAQT6DZTUQX2Y6FIZDC7WIB","3Z7ICGQCY1O87W8MNFF8N8ZBBWFOTX","Categorize images based on background and configuration.","Review 10 simple objects line-arts and judge if it has adequate background and configuration. (10 pairs)","tactile, image review, accessibility, simple objects","$0.08","Mon Apr 13 17:53:45 PDT 2026","7","BatchId:5385319;OriginalHitTemplateId:928390873;","1200","1296000","Mon Apr 20 17:53:45 PDT 2026","","","3RU7GD8VQH779OXI9PNI67CJX59PSF","A2HSX08DWDYJU7","Approved","Mon Apr 13 21:43:48 PDT 2026","Mon Apr 13 21:45:20 PDT 2026","Tue Apr 28 21:45:20 PDT 2026","Sat Apr 18 19:48:04 PDT 2026","","","92","100% (100/100)","100% (8/8)","100% (8/8)","Bottle","https://tactileeval.s3.us-east-1.amazonaws.com/family_datasets/Food_Nature_and_Simple_Objects/Bottle/Natural/10_Bottle.jpg","https://tactileeval.s3.us-east-1.amazonaws.com/family_datasets/Food_Nature_and_Simple_Objects/Bottle/Tactile/10.jpeg","","Clover","https://tactileeval.s3.us-east-1.amazonaws.com/family_datasets/Food_Nature_and_Simple_Objects/Clover/Natural/Clover_1_refined.jpg","https://tactileeval.s3.us-east-1.amazonaws.com/family_datasets/Food_Nature_and_Simple_Objects/Clover/Tactile/1_refined.png","","Clover","https://tactileeval.s3.us-east-1.amazonaws.com/family_datasets/Food_Nature_and_Simple_Objects/Clover/Natural/Clover_2.jpg","https://tactileeval.s3.us-east-1.amazonaws.com/family_datasets/Food_Nature_and_Simple_Objects/Clover/Tactile/2.jpeg","","Clover","https://tactileeval.s3.us-east-1.amazonaws.com/family_datasets/Food_Nature_and_Simple_Objects/Clover/Natural/Clover_3.jpg","https://tactileeval.s3.us-east-1.amazonaws.com/family_datasets/Food_Nature_and_Simple_Objects/Clover/Tactile/3.jpeg","","Clover","https://tactileeval.s3.us-east-1.amazonaws.com/family_datasets/Food_Nature_and_Simple_Objects/Clover/Natural/Clover_4.jpg","https://tactileeval.s3.us-east-1.amazonaws.com/family_datasets/Food_Nature_and_Simple_Objects/Clover/Tactile/4.jpeg","","Clover","https://tactileeval.s3.us-east-1.amazonaws.com/family_datasets/Food_Nature_and_Simple_Objects/Clover/Natural/Clover_5.jpg","https://tactileeval.s3.us-east-1.amazonaws.com/family_datasets/Food_Nature_and_Simple_Objects/Clover/Tactile/5.jpeg","","Clover","https://tactileeval.s3.us-east-1.amazonaws.com/family_datasets/Food_Nature_and_Simple_Objects/Clover/Natural/Clover_6.jpg","https://tactileeval.s3.us-east-1.amazonaws.com/family_datasets/Food_Nature_and_Simple_Objects/Clover/Tactile/6.jpeg","","Clover","https://tactileeval.s3.us-east-1.amazonaws.com/family_datasets/Food_Nature_and_Simple_Objects/Clover/Natural/Clover_7.jpg","https://tactileeval.s3.us-east-1.amazonaws.com/family_datasets/Food_Nature_and_Simple_Objects/Clover/Tactile/7.jpeg","","Clover","https://tactileeval.s3.us-east-1.amazonaws.com/family_datasets/Food_Nature_and_Simple_Objects/Clover/Natural/Clover_8.jpg","https://tactileeval.s3.us-east-1.amazonaws.com/family_datasets/Food_Nature_and_Simple_Objects/Clover/Tactile/8.jpeg","","Clover","https://tactileeval.s3.us-east-1.amazonaws.com/family_datasets/Food_Nature_and_Simple_Objects/Clover/Natural/Clover_9.jpg","https://tactileeval.s3.us-east-1.amazonaws.com/family_datasets/Food_Nature_and_Simple_Objects/Clover/Tactile/9.jpeg","","[{""question1"":{""background_clean"":true,""configuration_match"":true,""object_match"":true},""question10"":{""background_clean"":true,""configuration_match"":true,""object_match"":true},""question2"":{""background_clean"":false,""configuration_match"":false,""object_match"":true},""question3"":{""background_clean"":true,""configuration_match"":false,""object_match"":true},""question4"":{""background_clean"":true,""configuration_match"":false,""object_match"":true},""question5"":{""background_clean"":true,""configuration_match"":false,""object_match"":true},""question6"":{""background_clean"":true,""configuration_match"":true,""object_match"":true},""question7"":{""background_clean"":true,""configuration_match"":false,""object_match"":true},""question8"":{""background_clean"":true,""configuration_match"":false,""object_match"":true},""question9"":{""background_clean"":true,""configuration_match"":false,""object_match"":true}}]"
"38RHULDVAQT6DZTUQX2Y6FIZDC7WIB","3Z7ICGQCY1O87W8MNFF8N8ZBBWFOTX","Categorize images based on background and configuration.","Review 10 simple objects line-arts and judge if it has adequate background and configuration. (10 pairs)","tactile, image review, accessibility, simple objects","$0.08","Mon Apr 13 17:53:45 PDT 2026","7","BatchId:5385319;OriginalHitTemplateId:928390873;","1200","1296000","Mon Apr 20 17:53:45 PDT 2026","","","3TMSXRD2YZEXZDVP8SMT20X602ZW1X","A1SMWIBTQ2AESU","Approved","Mon Apr 13 21:46:08 PDT 2026","Mon Apr 13 21:50:22 PDT 2026","Tue Apr 28 21:50:22 PDT 2026","Sat Apr 18 19:48:04 PDT 2026","","","254","79% (67/85)","79% (66/84)","79% (66/84)","Bottle","https://tactileeval.s3.us-east-1.amazonaws.com/family_datasets/Food_Nature_and_Simple_Objects/Bottle/Natural/10_Bottle.jpg","https://tactileeval.s3.us-east-1.amazonaws.com/family_datasets/Food_Nature_and_Simple_Objects/Bottle/Tactile/10.jpeg","","Clover","https://tactileeval.s3.us-east-1.amazonaws.com/family_datasets/Food_Nature_and_Simple_Objects/Clover/Natural/Clover_1_refined.jpg","https://tactileeval.s3.us-east-1.amazonaws.com/family_datasets/Food_Nature_and_Simple_Objects/Clover/Tactile/1_refined.png","","Clover","https://tactileeval.s3.us-east-1.amazonaws.com/family_datasets/Food_Nature_and_Simple_Objects/Clover/Natural/Clover_2.jpg","https://tactileeval.s3.us-east-1.amazonaws.com/family_datasets/Food_Nature_and_Simple_Objects/Clover/Tactile/2.jpeg","","Clover","https://tactileeval.s3.us-east-1.amazonaws.com/family_datasets/Food_Nature_and_Simple_Objects/Clover/Natural/Clover_3.jpg","https://tactileeval.s3.us-east-1.amazonaws.com/family_datasets/Food_Nature_and_Simple_Objects/Clover/Tactile/3.jpeg","","Clover","https://tactileeval.s3.us-east-1.amazonaws.com/family_datasets/Food_Nature_and_Simple_Objects/Clover/Natural/Clover_4.jpg","https://tactileeval.s3.us-east-1.amazonaws.com/family_datasets/Food_Nature_and_Simple_Objects/Clover/Tactile/4.jpeg","","Clover","https://tactileeval.s3.us-east-1.amazonaws.com/family_datasets/Food_Nature_and_Simple_Objects/Clover/Natural/Clover_5.jpg","https://tactileeval.s3.us-east-1.amazonaws.com/family_datasets/Food_Nature_and_Simple_Objects/Clover/Tactile/5.jpeg","","Clover","https://tactileeval.s3.us-east-1.amazonaws.com/family_datasets/Food_Nature_and_Simple_Objects/Clover/Natural/Clover_6.jpg","https://tactileeval.s3.us-east-1.amazonaws.com/family_datasets/Food_Nature_and_Simple_Objects/Clover/Tactile/6.jpeg","","Clover","https://tactileeval.s3.us-east-1.amazonaws.com/family_datasets/Food_Nature_and_Simple_Objects/Clover/Natural/Clover_7.jpg","https://tactileeval.s3.us-east-1.amazonaws.com/family_datasets/Food_Nature_and_Simple_Objects/Clover/Tactile/7.jpeg","","Clover","https://tactileeval.s3.us-east-1.amazonaws.com/family_datasets/Food_Nature_and_Simple_Objects/Clover/Natural/Clover_8.jpg","https://tactileeval.s3.us-east-1.amazonaws.com/family_datasets/Food_Nature_and_Simple_Objects/Clover/Tactile/8.jpeg","","Clover","https://tactileeval.s3.us-east-1.amazonaws.com/family_datasets/Food_Nature_and_Simple_Objects/Clover/Natural/Clover_9.jpg","https://tactileeval.s3.us-east-1.amazonaws.com/family_datasets/Food_Nature_and_Simple_Objects/Clover/Tactile/9.jpeg","","[{""question1"":{""background_clean"":true,""configuration_match"":true,""object_match"":true},""question10"":{""background_clean"":true,""configuration_match"":true,""object_match"":true},""question2"":{""background_clean"":true,""configuration_match"":true,""object_match"":false},""question3"":{""background_clean"":true,""configuration_match"":true,""object_match"":false},""question4"":{""background_clean"":true,""configuration_match"":true,""object_match"":false},""question5"":{""background_clean"":true,""configuration_match"":true,""object_match"":true},""question6"":{""background_clean"":true,""configuration_match"":true,""object_match"":true},""question7"":{""background_clean"":true,""configuration_match"":true,""object_match"":false},""question8"":{""background_clean"":true,""configuration_match"":false,""object_match"":false},""question9"":{""background_clean"":true,""configuration_match"":true,""object_match"":false}}]"
"38RHULDVAQT6DZTUQX2Y6FIZDC7WIB","3Z7ICGQCY1O87W8MNFF8N8ZBBWFOTX","Categorize images based on background and configuration.","Review 10 simple objects line-arts and judge if it has adequate background and configuration. (10 pairs)","tactile, image review, accessibility, simple objects","$0.08","Mon Apr 13 17:53:45 PDT 2026","7","BatchId:5385319;OriginalHitTemplateId:928390873;","1200","1296000","Mon Apr 20 17:53:45 PDT 2026","","","3WRFBPLXS323MM0Q3V9PUAZC5AC3N8","A2U7UDW9Y1WGWF","Approved","Mon Apr 13 21:58:58 PDT 2026","Mon Apr 13 22:12:29 PDT 2026","Tue Apr 28 22:12:29 PDT 2026","Sat Apr 18 19:48:04 PDT 2026","","","811","100% (41/41)","100% (35/35)","100% (35/35)","Bottle","https://tactileeval.s3.us-east-1.amazonaws.com/family_datasets/Food_Nature_and_Simple_Objects/Bottle/Natural/10_Bottle.jpg","https://tactileeval.s3.us-east-1.amazonaws.com/family_datasets/Food_Nature_and_Simple_Objects/Bottle/Tactile/10.jpeg","","Clover","https://tactileeval.s3.us-east-1.amazonaws.com/family_datasets/Food_Nature_and_Simple_Objects/Clover/Natural/Clover_1_refined.jpg","https://tactileeval.s3.us-east-1.amazonaws.com/family_datasets/Food_Nature_and_Simple_Objects/Clover/Tactile/1_refined.png","","Clover","https://tactileeval.s3.us-east-1.amazonaws.com/family_datasets/Food_Nature_and_Simple_Objects/Clover/Natural/Clover_2.jpg","https://tactileeval.s3.us-east-1.amazonaws.com/family_datasets/Food_Nature_and_Simple_Objects/Clover/Tactile/2.jpeg","","Clover","https://tactileeval.s3.us-east-1.amazonaws.com/family_datasets/Food_Nature_and_Simple_Objects/Clover/Natural/Clover_3.jpg","https://tactileeval.s3.us-east-1.amazonaws.com/family_datasets/Food_Nature_and_Simple_Objects/Clover/Tactile/3.jpeg","","Clover","https://tactileeval.s3.us-east-1.amazonaws.com/family_datasets/Food_Nature_and_Simple_Objects/Clover/Natural/Clover_4.jpg","https://tactileeval.s3.us-east-1.amazonaws.com/family_datasets/Food_Nature_and_Simple_Objects/Clover/Tactile/4.jpeg","","Clover","https://tactileeval.s3.us-east-1.amazonaws.com/family_datasets/Food_Nature_and_Simple_Objects/Clover/Natural/Clover_5.jpg","https://tactileeval.s3.us-east-1.amazonaws.com/family_datasets/Food_Nature_and_Simple_Objects/Clover/Tactile/5.jpeg","","Clover","https://tactileeval.s3.us-east-1.amazonaws.com/family_datasets/Food_Nature_and_Simple_Objects/Clover/Natural/Clover_6.jpg","https://tactileeval.s3.us-east-1.amazonaws.com/family_datasets/Food_Nature_and_Simple_Objects/Clover/Tactile/6.jpeg","","Clover","https://tactileeval.s3.us-east-1.amazonaws.com/family_datasets/Food_Nature_and_Simple_Objects/Clover/Natural/Clover_7.jpg","https://tactileeval.s3.us-east-1.amazonaws.com/family_datasets/Food_Nature_and_Simple_Objects/Clover/Tactile/7.jpeg","","Clover","https://tactileeval.s3.us-east-1.amazonaws.com/family_datasets/Food_Nature_and_Simple_Objects/Clover/Natural/Clover_8.jpg","https://tactileeval.s3.us-east-1.amazonaws.com/family_datasets/Food_Nature_and_Simple_Objects/Clover/Tactile/8.jpeg","","Clover","https://tactileeval.s3.us-east-1.amazonaws.com/family_datasets/Food_Nature_and_Simple_Objects/Clover/Natural/Clover_9.jpg","https://tactileeval.s3.us-east-1.amazonaws.com/family_datasets/Food_Nature_and_Simple_Objects/Clover/Tactile/9.jpeg","","[{""question1"":{""background_clean"":true,""configuration_match"":true,""object_match"":true},""question10"":{""background_clean"":true,""configuration_match"":true,""object_match"":true},""question2"":{""background_clean"":true,""configuration_match"":false,""object_match"":true},""question3"":{""background_clean"":true,""configuration_match"":false,""object_match"":true},""question4"":{""background_clean"":true,""configuration_match"":false,""object_match"":true},""question5"":{""background_clean"":true,""configuration_match"":true,""object_match"":true},""question6"":{""background_clean"":true,""configuration_match"":false,""object_match"":true},""question7"":{""background_clean"":true,""configuration_match"":true,""object_match"":true},""question8"":{""background_clean"":true,""configuration_match"":true,""object_match"":true},""question9"":{""background_clean"":true,""configuration_match"":true,""object_match"":true}}]"
"3DFYDSXB3OEPG6OVDF8X0SC25BMJUC","3Z7ICGQCY1O87W8MNFF8N8ZBBWFOTX","Categorize images based on background and configuration.","Review 10 simple objects line-arts and judge if it has adequate background and configuration. (10 pairs)","tactile, image review, accessibility, simple objects","$0.08","Mon Apr 13 17:53:45 PDT 2026","7","BatchId:5385319;OriginalHitTemplateId:928390873;","1200","1296000","Mon Apr 20 17:53:45 PDT 2026","","","3DUZQ9U6TF2KE8UEV1WHCZ11JSXVSR","AJZHPDCKUVRM8","Approved","Mon Apr 13 19:54:24 PDT 2026","Mon Apr 13 19:55:31 PDT 2026","Tue Apr 28 19:55:31 PDT 2026","Sat Apr 18 19:48:04 PDT 2026","","","67","86% (67/78)","86% (67/78)","86% (67/78)","Clover","https://tactileeval.s3.us-east-1.amazonaws.com/family_datasets/Food_Nature_and_Simple_Objects/Clover/Natural/Clover_10.jpg","https://tactileeval.s3.us-east-1.amazonaws.com/family_datasets/Food_Nature_and_Simple_Objects/Clover/Tactile/10.jpeg","","Cup","https://tactileeval.s3.us-east-1.amazonaws.com/family_datasets/Food_Nature_and_Simple_Objects/Cup/Natural/cup_1.jpeg","https://tactileeval.s3.us-east-1.amazonaws.com/family_datasets/Food_Nature_and_Simple_Objects/Cup/Tactile/1.png","","Cup","https://tactileeval.s3.us-east-1.amazonaws.com/family_datasets/Food_Nature_and_Simple_Objects/Cup/Natural/cup_2.jpeg","https://tactileeval.s3.us-east-1.amazonaws.com/family_datasets/Food_Nature_and_Simple_Objects/Cup/Tactile/2.jpg","","Cup","https://tactileeval.s3.us-east-1.amazonaws.com/family_datasets/Food_Nature_and_Simple_Objects/Cup/Natural/cup_3.jpg","https://tactileeval.s3.us-east-1.amazonaws.com/family_datasets/Food_Nature_and_Simple_Objects/Cup/Tactile/3.jpg","","Cup","https://tactileeval.s3.us-east-1.amazonaws.com/family_datasets/Food_Nature_and_Simple_Objects/Cup/Natural/cup_4.jpeg","https://tactileeval.s3.us-east-1.amazonaws.com/family_datasets/Food_Nature_and_Simple_Objects/Cup/Tactile/4.jpg","","Cup","https://tactileeval.s3.us-east-1.amazonaws.com/family_datasets/Food_Nature_and_Simple_Objects/Cup/Natural/cup_5.jpeg","https://tactileeval.s3.us-east-1.amazonaws.com/family_datasets/Food_Nature_and_Simple_Objects/Cup/Tactile/5.jpg","","Cup","https://tactileeval.s3.us-east-1.amazonaws.com/family_datasets/Food_Nature_and_Simple_Objects/Cup/Natural/cup_6.jpeg","https://tactileeval.s3.us-east-1.amazonaws.com/family_datasets/Food_Nature_and_Simple_Objects/Cup/Tactile/6.jpg","","Cup","https://tactileeval.s3.us-east-1.amazonaws.com/family_datasets/Food_Nature_and_Simple_Objects/Cup/Natural/cup_7.jpeg","https://tactileeval.s3.us-east-1.amazonaws.com/family_datasets/Food_Nature_and_Simple_Objects/Cup/Tactile/7.jpg","","Cup","https://tactileeval.s3.us-east-1.amazonaws.com/family_datasets/Food_Nature_and_Simple_Objects/Cup/Natural/cup_8.jpeg","https://tactileeval.s3.us-east-1.amazonaws.com/family_datasets/Food_Nature_and_Simple_Objects/Cup/Tactile/8.jpg","","Cup","https://tactileeval.s3.us-east-1.amazonaws.com/family_datasets/Food_Nature_and_Simple_Objects/Cup/Natural/cup_9.jpeg","https://tactileeval.s3.us-east-1.amazonaws.com/family_datasets/Food_Nature_and_Simple_Objects/Cup/Tactile/9.jpg","","[{""question1"":{""background_clean"":true,""configuration_match"":false,""object_match"":false},""question10"":{""background_clean"":true,""configuration_match"":true,""object_match"":true},""question2"":{""background_clean"":true,""configuration_match"":true,""object_match"":false},""question3"":{""background_clean"":true,""configuration_match"":false,""object_match"":false},""question4"":{""background_clean"":true,""configuration_match"":false,""object_match"":false},""question5"":{""background_clean"":true,""configuration_match"":false,""object_match"":false},""question6"":{""background_clean"":true,""configuration_match"":false,""object_match"":false},""question7"":{""background_clean"":true,""configuration_match"":false,""object_match"":false},""question8"":{""background_clean"":true,""configuration_match"":true,""object_match"":false},""question9"":{""background_clean"":true,""configuration_match"":false,""object_match"":false}}]"
"3DFYDSXB3OEPG6OVDF8X0SC25BMJUC","3Z7ICGQCY1O87W8MNFF8N8ZBBWFOTX","Categorize images based on background and configuration.","Review 10 simple objects line-arts and judge if it has adequate background and configuration. (10 pairs)","tactile, image review, accessibility, simple objects","$0.08","Mon Apr 13 17:53:45 PDT 2026","7","BatchId:5385319;OriginalHitTemplateId:928390873;","1200","1296000","Mon Apr 20 17:53:45 PDT 2026","","","3GFK2QRXY2VWNVW89FO55QANCHRW50","ACUA3D1ZUVZU3","Approved","Mon Apr 13 19:55:25 PDT 2026","Mon Apr 13 19:57:05 PDT 2026","Tue Apr 28 19:57:05 PDT 2026","Sat Apr 18 19:48:04 PDT 2026","","","100","93% (14/15)","93% (14/15)","93% (14/15)","Clover","https://tactileeval.s3.us-east-1.amazonaws.com/family_datasets/Food_Nature_and_Simple_Objects/Clover/Natural/Clover_10.jpg","https://tactileeval.s3.us-east-1.amazonaws.com/family_datasets/Food_Nature_and_Simple_Objects/Clover/Tactile/10.jpeg","","Cup","https://tactileeval.s3.us-east-1.amazonaws.com/family_datasets/Food_Nature_and_Simple_Objects/Cup/Natural/cup_1.jpeg","https://tactileeval.s3.us-east-1.amazonaws.com/family_datasets/Food_Nature_and_Simple_Objects/Cup/Tactile/1.png","","Cup","https://tactileeval.s3.us-east-1.amazonaws.com/family_datasets/Food_Nature_and_Simple_Objects/Cup/Natural/cup_2.jpeg","https://tactileeval.s3.us-east-1.amazonaws.com/family_datasets/Food_Nature_and_Simple_Objects/Cup/Tactile/2.jpg","","Cup","https://tactileeval.s3.us-east-1.amazonaws.com/family_datasets/Food_Nature_and_Simple_Objects/Cup/Natural/cup_3.jpg","https://tactileeval.s3.us-east-1.amazonaws.com/family_datasets/Food_Nature_and_Simple_Objects/Cup/Tactile/3.jpg","","Cup","https://tactileeval.s3.us-east-1.amazonaws.com/family_datasets/Food_Nature_and_Simple_Objects/Cup/Natural/cup_4.jpeg","https://tactileeval.s3.us-east-1.amazonaws.com/family_datasets/Food_Nature_and_Simple_Objects/Cup/Tactile/4.jpg","","Cup","https://tactileeval.s3.us-east-1.amazonaws.com/family_datasets/Food_Nature_and_Simple_Objects/Cup/Natural/cup_5.jpeg","https://tactileeval.s3.us-east-1.amazonaws.com/family_datasets/Food_Nature_and_Simple_Objects/Cup/Tactile/5.jpg","","Cup","https://tactileeval.s3.us-east-1.amazonaws.com/family_datasets/Food_Nature_and_Simple_Objects/Cup/Natural/cup_6.jpeg","https://tactileeval.s3.us-east-1.amazonaws.com/family_datasets/Food_Nature_and_Simple_Objects/Cup/Tactile/6.jpg","","Cup","https://tactileeval.s3.us-east-1.amazonaws.com/family_datasets/Food_Nature_and_Simple_Objects/Cup/Natural/cup_7.jpeg","https://tactileeval.s3.us-east-1.amazonaws.com/family_datasets/Food_Nature_and_Simple_Objects/Cup/Tactile/7.jpg","","Cup","https://tactileeval.s3.us-east-1.amazonaws.com/family_datasets/Food_Nature_and_Simple_Objects/Cup/Natural/cup_8.jpeg","https://tactileeval.s3.us-east-1.amazonaws.com/family_datasets/Food_Nature_and_Simple_Objects/Cup/Tactile/8.jpg","","Cup","https://tactileeval.s3.us-east-1.amazonaws.com/family_datasets/Food_Nature_and_Simple_Objects/Cup/Natural/cup_9.jpeg","https://tactileeval.s3.us-east-1.amazonaws.com/family_datasets/Food_Nature_and_Simple_Objects/Cup/Tactile/9.jpg","","[{""question1"":{""background_clean"":true,""configuration_match"":false,""object_match"":true},""question10"":{""background_clean"":true,""configuration_match"":true,""object_match"":true},""question2"":{""background_clean"":true,""configuration_match"":true,""object_match"":true},""question3"":{""background_clean"":true,""configuration_match"":false,""object_match"":true},""question4"":{""background_clean"":true,""configuration_match"":true,""object_match"":true},""question5"":{""background_clean"":true,""configuration_match"":true,""object_match"":true},""question6"":{""background_clean"":true,""configuration_match"":false,""object_match"":true},""question7"":{""background_clean"":true,""configuration_match"":true,""object_match"":true},""question8"":{""background_clean"":true,""configuration_match"":true,""object_match"":true},""question9"":{""background_clean"":true,""configuration_match"":false,""object_match"":true}}]"
"3DFYDSXB3OEPG6OVDF8X0SC25BMJUC","3Z7ICGQCY1O87W8MNFF8N8ZBBWFOTX","Categorize images based on background and configuration.","Review 10 simple objects line-arts and judge if it has adequate background and configuration. (10 pairs)","tactile, image review, accessibility, simple objects","$0.08","Mon Apr 13 17:53:45 PDT 2026","7","BatchId:5385319;OriginalHitTemplateId:928390873;","1200","1296000","Mon Apr 20 17:53:45 PDT 2026","","","3K5TEWLKHOPVKURIQP238XVEAV0VI6","A22YCS3UW15WOO","Approved","Mon Apr 13 20:41:06 PDT 2026","Mon Apr 13 20:49:13 PDT 2026","Tue Apr 28 20:49:13 PDT 2026","Sat Apr 18 19:48:04 PDT 2026","","","487","94% (207/220)","86% (82/95)","86% (82/95)","Clover","https://tactileeval.s3.us-east-1.amazonaws.com/family_datasets/Food_Nature_and_Simple_Objects/Clover/Natural/Clover_10.jpg","https://tactileeval.s3.us-east-1.amazonaws.com/family_datasets/Food_Nature_and_Simple_Objects/Clover/Tactile/10.jpeg","","Cup","https://tactileeval.s3.us-east-1.amazonaws.com/family_datasets/Food_Nature_and_Simple_Objects/Cup/Natural/cup_1.jpeg","https://tactileeval.s3.us-east-1.amazonaws.com/family_datasets/Food_Nature_and_Simple_Objects/Cup/Tactile/1.png","","Cup","https://tactileeval.s3.us-east-1.amazonaws.com/family_datasets/Food_Nature_and_Simple_Objects/Cup/Natural/cup_2.jpeg","https://tactileeval.s3.us-east-1.amazonaws.com/family_datasets/Food_Nature_and_Simple_Objects/Cup/Tactile/2.jpg","","Cup","https://tactileeval.s3.us-east-1.amazonaws.com/family_datasets/Food_Nature_and_Simple_Objects/Cup/Natural/cup_3.jpg","https://tactileeval.s3.us-east-1.amazonaws.com/family_datasets/Food_Nature_and_Simple_Objects/Cup/Tactile/3.jpg","","Cup","https://tactileeval.s3.us-east-1.amazonaws.com/family_datasets/Food_Nature_and_Simple_Objects/Cup/Natural/cup_4.jpeg","https://tactileeval.s3.us-east-1.amazonaws.com/family_datasets/Food_Nature_and_Simple_Objects/Cup/Tactile/4.jpg","","Cup","https://tactileeval.s3.us-east-1.amazonaws.com/family_datasets/Food_Nature_and_Simple_Objects/Cup/Natural/cup_5.jpeg","https://tactileeval.s3.us-east-1.amazonaws.com/family_datasets/Food_Nature_and_Simple_Objects/Cup/Tactile/5.jpg","","Cup","https://tactileeval.s3.us-east-1.amazonaws.com/family_datasets/Food_Nature_and_Simple_Objects/Cup/Natural/cup_6.jpeg","https://tactileeval.s3.us-east-1.amazonaws.com/family_datasets/Food_Nature_and_Simple_Objects/Cup/Tactile/6.jpg","","Cup","https://tactileeval.s3.us-east-1.amazonaws.com/family_datasets/Food_Nature_and_Simple_Objects/Cup/Natural/cup_7.jpeg","https://tactileeval.s3.us-east-1.amazonaws.com/family_datasets/Food_Nature_and_Simple_Objects/Cup/Tactile/7.jpg","","Cup","https://tactileeval.s3.us-east-1.amazonaws.com/family_datasets/Food_Nature_and_Simple_Objects/Cup/Natural/cup_8.jpeg","https://tactileeval.s3.us-east-1.amazonaws.com/family_datasets/Food_Nature_and_Simple_Objects/Cup/Tactile/8.jpg","","Cup","https://tactileeval.s3.us-east-1.amazonaws.com/family_datasets/Food_Nature_and_Simple_Objects/Cup/Natural/cup_9.jpeg","https://tactileeval.s3.us-east-1.amazonaws.com/family_datasets/Food_Nature_and_Simple_Objects/Cup/Tactile/9.jpg","","[{""question1"":{""background_clean"":true,""configuration_match"":true,""object_match"":true},""question10"":{""background_clean"":true,""configuration_match"":true,""object_match"":true},""question2"":{""background_clean"":true,""configuration_match"":true,""object_match"":true},""question3"":{""background_clean"":true,""configuration_match"":true,""object_match"":true},""question4"":{""background_clean"":true,""configuration_match"":true,""object_match"":false},""question5"":{""background_clean"":true,""configuration_match"":true,""object_match"":true},""question6"":{""background_clean"":true,""configuration_match"":true,""object_match"":true},""question7"":{""background_clean"":true,""configuration_match"":true,""object_match"":true},""question8"":{""background_clean"":true,""configuration_match"":true,""object_match"":true},""question9"":{""background_clean"":true,""configuration_match"":true,""object_match"":false}}]"
"3DFYDSXB3OEPG6OVDF8X0SC25BMJUC","3Z7ICGQCY1O87W8MNFF8N8ZBBWFOTX","Categorize images based on background and configuration.","Review 10 simple objects line-arts and judge if it has adequate background and configuration. (10 pairs)","tactile, image review, accessibility, simple objects","$0.08","Mon Apr 13 17:53:45 PDT 2026","7","BatchId:5385319;OriginalHitTemplateId:928390873;","1200","1296000","Mon Apr 20 17:53:45 PDT 2026","","","3E13VNJ1OG9FYIBKJBIE19OYLRWI17","A2FK6782M09EBO","Approved","Mon Apr 13 21:06:38 PDT 2026","Mon Apr 13 21:17:31 PDT 2026","Tue Apr 28 21:17:31 PDT 2026","Sat Apr 18 19:48:05 PDT 2026","","","653","94% (101/107)","94% (101/107)","94% (101/107)","Clover","https://tactileeval.s3.us-east-1.amazonaws.com/family_datasets/Food_Nature_and_Simple_Objects/Clover/Natural/Clover_10.jpg","https://tactileeval.s3.us-east-1.amazonaws.com/family_datasets/Food_Nature_and_Simple_Objects/Clover/Tactile/10.jpeg","","Cup","https://tactileeval.s3.us-east-1.amazonaws.com/family_datasets/Food_Nature_and_Simple_Objects/Cup/Natural/cup_1.jpeg","https://tactileeval.s3.us-east-1.amazonaws.com/family_datasets/Food_Nature_and_Simple_Objects/Cup/Tactile/1.png","","Cup","https://tactileeval.s3.us-east-1.amazonaws.com/family_datasets/Food_Nature_and_Simple_Objects/Cup/Natural/cup_2.jpeg","https://tactileeval.s3.us-east-1.amazonaws.com/family_datasets/Food_Nature_and_Simple_Objects/Cup/Tactile/2.jpg","","Cup","https://tactileeval.s3.us-east-1.amazonaws.com/family_datasets/Food_Nature_and_Simple_Objects/Cup/Natural/cup_3.jpg","https://tactileeval.s3.us-east-1.amazonaws.com/family_datasets/Food_Nature_and_Simple_Objects/Cup/Tactile/3.jpg","","Cup","https://tactileeval.s3.us-east-1.amazonaws.com/family_datasets/Food_Nature_and_Simple_Objects/Cup/Natural/cup_4.jpeg","https://tactileeval.s3.us-east-1.amazonaws.com/family_datasets/Food_Nature_and_Simple_Objects/Cup/Tactile/4.jpg","","Cup","https://tactileeval.s3.us-east-1.amazonaws.com/family_datasets/Food_Nature_and_Simple_Objects/Cup/Natural/cup_5.jpeg","https://tactileeval.s3.us-east-1.amazonaws.com/family_datasets/Food_Nature_and_Simple_Objects/Cup/Tactile/5.jpg","","Cup","https://tactileeval.s3.us-east-1.amazonaws.com/family_datasets/Food_Nature_and_Simple_Objects/Cup/Natural/cup_6.jpeg","https://tactileeval.s3.us-east-1.amazonaws.com/family_datasets/Food_Nature_and_Simple_Objects/Cup/Tactile/6.jpg","","Cup","https://tactileeval.s3.us-east-1.amazonaws.com/family_datasets/Food_Nature_and_Simple_Objects/Cup/Natural/cup_7.jpeg","https://tactileeval.s3.us-east-1.amazonaws.com/family_datasets/Food_Nature_and_Simple_Objects/Cup/Tactile/7.jpg","","Cup","https://tactileeval.s3.us-east-1.amazonaws.com/family_datasets/Food_Nature_and_Simple_Objects/Cup/Natural/cup_8.jpeg","https://tactileeval.s3.us-east-1.amazonaws.com/family_datasets/Food_Nature_and_Simple_Objects/Cup/Tactile/8.jpg","","Cup","https://tactileeval.s3.us-east-1.amazonaws.com/family_datasets/Food_Nature_and_Simple_Objects/Cup/Natural/cup_9.jpeg","https://tactileeval.s3.us-east-1.amazonaws.com/family_datasets/Food_Nature_and_Simple_Objects/Cup/Tactile/9.jpg","","[{""question1"":{""background_clean"":true,""configuration_match"":true,""object_match"":true},""question10"":{""background_clean"":true,""configuration_match"":true,""object_match"":true},""question2"":{""background_clean"":true,""configuration_match"":true,""object_match"":true},""question3"":{""background_clean"":true,""configuration_match"":true,""object_match"":true},""question4"":{""background_clean"":true,""configuration_match"":true,""object_match"":true},""question5"":{""background_clean"":true,""configuration_match"":true,""object_match"":true},""question6"":{""background_clean"":true,""configuration_match"":false,""object_match"":true},""question7"":{""background_clean"":true,""configuration_match"":true,""object_match"":true},""question8"":{""background_clean"":true,""configuration_match"":true,""object_match"":true},""question9"":{""background_clean"":true,""configuration_match"":true,""object_match"":true}}]"
"3DFYDSXB3OEPG6OVDF8X0SC25BMJUC","3Z7ICGQCY1O87W8MNFF8N8ZBBWFOTX","Categorize images based on background and configuration.","Review 10 simple objects line-arts and judge if it has adequate background and configuration. (10 pairs)","tactile, image review, accessibility, simple objects","$0.08","Mon Apr 13 17:53:45 PDT 2026","7","BatchId:5385319;OriginalHitTemplateId:928390873;","1200","1296000","Mon Apr 20 17:53:45 PDT 2026","","","3JW0YLFXSMUQ0EBS5GBEVQN0WF8WWW","A2U7UDW9Y1WGWF","Approved","Mon Apr 13 21:47:13 PDT 2026","Mon Apr 13 21:56:43 PDT 2026","Tue Apr 28 21:56:43 PDT 2026","Sat Apr 18 19:48:05 PDT 2026","","","570","100% (41/41)","100% (35/35)","100% (35/35)","Clover","https://tactileeval.s3.us-east-1.amazonaws.com/family_datasets/Food_Nature_and_Simple_Objects/Clover/Natural/Clover_10.jpg","https://tactileeval.s3.us-east-1.amazonaws.com/family_datasets/Food_Nature_and_Simple_Objects/Clover/Tactile/10.jpeg","","Cup","https://tactileeval.s3.us-east-1.amazonaws.com/family_datasets/Food_Nature_and_Simple_Objects/Cup/Natural/cup_1.jpeg","https://tactileeval.s3.us-east-1.amazonaws.com/family_datasets/Food_Nature_and_Simple_Objects/Cup/Tactile/1.png","","Cup","https://tactileeval.s3.us-east-1.amazonaws.com/family_datasets/Food_Nature_and_Simple_Objects/Cup/Natural/cup_2.jpeg","https://tactileeval.s3.us-east-1.amazonaws.com/family_datasets/Food_Nature_and_Simple_Objects/Cup/Tactile/2.jpg","","Cup","https://tactileeval.s3.us-east-1.amazonaws.com/family_datasets/Food_Nature_and_Simple_Objects/Cup/Natural/cup_3.jpg","https://tactileeval.s3.us-east-1.amazonaws.com/family_datasets/Food_Nature_and_Simple_Objects/Cup/Tactile/3.jpg","","Cup","https://tactileeval.s3.us-east-1.amazonaws.com/family_datasets/Food_Nature_and_Simple_Objects/Cup/Natural/cup_4.jpeg","https://tactileeval.s3.us-east-1.amazonaws.com/family_datasets/Food_Nature_and_Simple_Objects/Cup/Tactile/4.jpg","","Cup","https://tactileeval.s3.us-east-1.amazonaws.com/family_datasets/Food_Nature_and_Simple_Objects/Cup/Natural/cup_5.jpeg","https://tactileeval.s3.us-east-1.amazonaws.com/family_datasets/Food_Nature_and_Simple_Objects/Cup/Tactile/5.jpg","","Cup","https://tactileeval.s3.us-east-1.amazonaws.com/family_datasets/Food_Nature_and_Simple_Objects/Cup/Natural/cup_6.jpeg","https://tactileeval.s3.us-east-1.amazonaws.com/family_datasets/Food_Nature_and_Simple_Objects/Cup/Tactile/6.jpg","","Cup","https://tactileeval.s3.us-east-1.amazonaws.com/family_datasets/Food_Nature_and_Simple_Objects/Cup/Natural/cup_7.jpeg","https://tactileeval.s3.us-east-1.amazonaws.com/family_datasets/Food_Nature_and_Simple_Objects/Cup/Tactile/7.jpg","","Cup","https://tactileeval.s3.us-east-1.amazonaws.com/family_datasets/Food_Nature_and_Simple_Objects/Cup/Natural/cup_8.jpeg","https://tactileeval.s3.us-east-1.amazonaws.com/family_datasets/Food_Nature_and_Simple_Objects/Cup/Tactile/8.jpg","","Cup","https://tactileeval.s3.us-east-1.amazonaws.com/family_datasets/Food_Nature_and_Simple_Objects/Cup/Natural/cup_9.jpeg","https://tactileeval.s3.us-east-1.amazonaws.com/family_datasets/Food_Nature_and_Simple_Objects/Cup/Tactile/9.jpg","","[{""question1"":{""background_clean"":true,""configuration_match"":false,""object_match"":true},""question10"":{""background_clean"":true,""configuration_match"":true,""object_match"":true},""question2"":{""background_clean"":true,""configuration_match"":true,""object_match"":true},""question3"":{""background_clean"":true,""configuration_match"":true,""object_match"":true},""question4"":{""background_clean"":true,""configuration_match"":true,""object_match"":true},""question5"":{""background_clean"":true,""configuration_match"":true,""object_match"":true},""question6"":{""background_clean"":true,""configuration_match"":false,""object_match"":false},""question7"":{""background_clean"":true,""configuration_match"":true,""object_match"":true},""question8"":{""background_clean"":true,""configuration_match"":true,""object_match"":true},""question9"":{""background_clean"":true,""configuration_match"":true,""object_match"":true}}]"
"3DFYDSXB3OEPG6OVDF8X0SC25BMJUC","3Z7ICGQCY1O87W8MNFF8N8ZBBWFOTX","Categorize images based on background and configuration.","Review 10 simple objects line-arts and judge if it has adequate background and configuration. (10 pairs)","tactile, image review, accessibility, simple objects","$0.08","Mon Apr 13 17:53:45 PDT 2026","7","BatchId:5385319;OriginalHitTemplateId:928390873;","1200","1296000","Mon Apr 20 17:53:45 PDT 2026","","","3N8OEVH1GK4AQWTON8TUX2XSQBBOO1","A1SMWIBTQ2AESU","Approved","Mon Apr 13 21:51:38 PDT 2026","Mon Apr 13 22:09:28 PDT 2026","Tue Apr 28 22:09:28 PDT 2026","Sat Apr 18 19:48:05 PDT 2026","","","1070","79% (67/85)","79% (66/84)","79% (66/84)","Clover","https://tactileeval.s3.us-east-1.amazonaws.com/family_datasets/Food_Nature_and_Simple_Objects/Clover/Natural/Clover_10.jpg","https://tactileeval.s3.us-east-1.amazonaws.com/family_datasets/Food_Nature_and_Simple_Objects/Clover/Tactile/10.jpeg","","Cup","https://tactileeval.s3.us-east-1.amazonaws.com/family_datasets/Food_Nature_and_Simple_Objects/Cup/Natural/cup_1.jpeg","https://tactileeval.s3.us-east-1.amazonaws.com/family_datasets/Food_Nature_and_Simple_Objects/Cup/Tactile/1.png","","Cup","https://tactileeval.s3.us-east-1.amazonaws.com/family_datasets/Food_Nature_and_Simple_Objects/Cup/Natural/cup_2.jpeg","https://tactileeval.s3.us-east-1.amazonaws.com/family_datasets/Food_Nature_and_Simple_Objects/Cup/Tactile/2.jpg","","Cup","https://tactileeval.s3.us-east-1.amazonaws.com/family_datasets/Food_Nature_and_Simple_Objects/Cup/Natural/cup_3.jpg","https://tactileeval.s3.us-east-1.amazonaws.com/family_datasets/Food_Nature_and_Simple_Objects/Cup/Tactile/3.jpg","","Cup","https://tactileeval.s3.us-east-1.amazonaws.com/family_datasets/Food_Nature_and_Simple_Objects/Cup/Natural/cup_4.jpeg","https://tactileeval.s3.us-east-1.amazonaws.com/family_datasets/Food_Nature_and_Simple_Objects/Cup/Tactile/4.jpg","","Cup","https://tactileeval.s3.us-east-1.amazonaws.com/family_datasets/Food_Nature_and_Simple_Objects/Cup/Natural/cup_5.jpeg","https://tactileeval.s3.us-east-1.amazonaws.com/family_datasets/Food_Nature_and_Simple_Objects/Cup/Tactile/5.jpg","","Cup","https://tactileeval.s3.us-east-1.amazonaws.com/family_datasets/Food_Nature_and_Simple_Objects/Cup/Natural/cup_6.jpeg","https://tactileeval.s3.us-east-1.amazonaws.com/family_datasets/Food_Nature_and_Simple_Objects/Cup/Tactile/6.jpg","","Cup","https://tactileeval.s3.us-east-1.amazonaws.com/family_datasets/Food_Nature_and_Simple_Objects/Cup/Natural/cup_7.jpeg","https://tactileeval.s3.us-east-1.amazonaws.com/family_datasets/Food_Nature_and_Simple_Objects/Cup/Tactile/7.jpg","","Cup","https://tactileeval.s3.us-east-1.amazonaws.com/family_datasets/Food_Nature_and_Simple_Objects/Cup/Natural/cup_8.jpeg","https://tactileeval.s3.us-east-1.amazonaws.com/family_datasets/Food_Nature_and_Simple_Objects/Cup/Tactile/8.jpg","","Cup","https://tactileeval.s3.us-east-1.amazonaws.com/family_datasets/Food_Nature_and_Simple_Objects/Cup/Natural/cup_9.jpeg","https://tactileeval.s3.us-east-1.amazonaws.com/family_datasets/Food_Nature_and_Simple_Objects/Cup/Tactile/9.jpg","","[{""question1"":{""background_clean"":true,""configuration_match"":true,""object_match"":false},""question10"":{""background_clean"":true,""configuration_match"":true,""object_match"":true},""question2"":{""background_clean"":true,""configuration_match"":true,""object_match"":true},""question3"":{""background_clean"":true,""configuration_match"":true,""object_match"":true},""question4"":{""background_clean"":true,""configuration_match"":true,""object_match"":false},""question5"":{""background_clean"":true,""configuration_match"":true,""object_match"":true},""question6"":{""background_clean"":true,""configuration_match"":true,""object_match"":true},""question7"":{""background_clean"":true,""configuration_match"":true,""object_match"":true},""question8"":{""background_clean"":true,""configuration_match"":true,""object_match"":true},""question9"":{""background_clean"":true,""configuration_match"":true,""object_match"":false}}]"
"3DFYDSXB3OEPG6OVDF8X0SC25BMJUC","3Z7ICGQCY1O87W8MNFF8N8ZBBWFOTX","Categorize images based on background and configuration.","Review 10 simple objects line-arts and judge if it has adequate background and configuration. (10 pairs)","tactile, image review, accessibility, simple objects","$0.08","Mon Apr 13 17:53:45 PDT 2026","7","BatchId:5385319;OriginalHitTemplateId:928390873;","1200","1296000","Mon Apr 20 17:53:45 PDT 2026","","","32Z9ZLUT2EY0YF71JVY4DT0REP1HOA","A2J1106X8NPZGP","Approved","Mon Apr 13 22:17:23 PDT 2026","Mon Apr 13 22:30:13 PDT 2026","Tue Apr 28 22:30:13 PDT 2026","Sat Apr 18 19:48:05 PDT 2026","","","770","43% (19/44)","43% (19/44)","43% (19/44)","Clover","https://tactileeval.s3.us-east-1.amazonaws.com/family_datasets/Food_Nature_and_Simple_Objects/Clover/Natural/Clover_10.jpg","https://tactileeval.s3.us-east-1.amazonaws.com/family_datasets/Food_Nature_and_Simple_Objects/Clover/Tactile/10.jpeg","","Cup","https://tactileeval.s3.us-east-1.amazonaws.com/family_datasets/Food_Nature_and_Simple_Objects/Cup/Natural/cup_1.jpeg","https://tactileeval.s3.us-east-1.amazonaws.com/family_datasets/Food_Nature_and_Simple_Objects/Cup/Tactile/1.png","","Cup","https://tactileeval.s3.us-east-1.amazonaws.com/family_datasets/Food_Nature_and_Simple_Objects/Cup/Natural/cup_2.jpeg","https://tactileeval.s3.us-east-1.amazonaws.com/family_datasets/Food_Nature_and_Simple_Objects/Cup/Tactile/2.jpg","","Cup","https://tactileeval.s3.us-east-1.amazonaws.com/family_datasets/Food_Nature_and_Simple_Objects/Cup/Natural/cup_3.jpg","https://tactileeval.s3.us-east-1.amazonaws.com/family_datasets/Food_Nature_and_Simple_Objects/Cup/Tactile/3.jpg","","Cup","https://tactileeval.s3.us-east-1.amazonaws.com/family_datasets/Food_Nature_and_Simple_Objects/Cup/Natural/cup_4.jpeg","https://tactileeval.s3.us-east-1.amazonaws.com/family_datasets/Food_Nature_and_Simple_Objects/Cup/Tactile/4.jpg","","Cup","https://tactileeval.s3.us-east-1.amazonaws.com/family_datasets/Food_Nature_and_Simple_Objects/Cup/Natural/cup_5.jpeg","https://tactileeval.s3.us-east-1.amazonaws.com/family_datasets/Food_Nature_and_Simple_Objects/Cup/Tactile/5.jpg","","Cup","https://tactileeval.s3.us-east-1.amazonaws.com/family_datasets/Food_Nature_and_Simple_Objects/Cup/Natural/cup_6.jpeg","https://tactileeval.s3.us-east-1.amazonaws.com/family_datasets/Food_Nature_and_Simple_Objects/Cup/Tactile/6.jpg","","Cup","https://tactileeval.s3.us-east-1.amazonaws.com/family_datasets/Food_Nature_and_Simple_Objects/Cup/Natural/cup_7.jpeg","https://tactileeval.s3.us-east-1.amazonaws.com/family_datasets/Food_Nature_and_Simple_Objects/Cup/Tactile/7.jpg","","Cup","https://tactileeval.s3.us-east-1.amazonaws.com/family_datasets/Food_Nature_and_Simple_Objects/Cup/Natural/cup_8.jpeg","https://tactileeval.s3.us-east-1.amazonaws.com/family_datasets/Food_Nature_and_Simple_Objects/Cup/Tactile/8.jpg","","Cup","https://tactileeval.s3.us-east-1.amazonaws.com/family_datasets/Food_Nature_and_Simple_Objects/Cup/Natural/cup_9.jpeg","https://tactileeval.s3.us-east-1.amazonaws.com/family_datasets/Food_Nature_and_Simple_Objects/Cup/Tactile/9.jpg","","[{""question1"":{""background_clean"":true,""configuration_match"":false,""object_match"":true},""question10"":{""background_clean"":true,""configuration_match"":true,""object_match"":true},""question2"":{""background_clean"":true,""configuration_match"":true,""object_match"":true},""question3"":{""background_clean"":true,""configuration_match"":false,""object_match"":true},""question4"":{""background_clean"":true,""configuration_match"":false,""object_match"":true},""question5"":{""background_clean"":true,""configuration_match"":true,""object_match"":true},""question6"":{""background_clean"":true,""configuration_match"":false,""object_match"":true},""question7"":{""background_clean"":true,""configuration_match"":false,""object_match"":true},""question8"":{""background_clean"":true,""configuration_match"":false,""object_match"":true},""question9"":{""background_clean"":true,""configuration_match"":false,""object_match"":false}}]"
"385MDVING4T28AD08FNYIGXZQRWWJN","3Z7ICGQCY1O87W8MNFF8N8ZBBWFOTX","Categorize images based on background and configuration.","Review 10 simple objects line-arts and judge if it has adequate background and configuration. (10 pairs)","tactile, image review, accessibility, simple objects","$0.08","Mon Apr 13 17:53:45 PDT 2026","7","BatchId:5385319;OriginalHitTemplateId:928390873;","1200","1296000","Mon Apr 20 17:53:45 PDT 2026","","","3SB4CE2TKO98I1DFEGB8FK4GDXRXAT","A13IOL24C8KF3Y","Approved","Mon Apr 13 18:53:52 PDT 2026","Mon Apr 13 18:57:18 PDT 2026","Tue Apr 28 18:57:18 PDT 2026","Sat Apr 18 19:48:05 PDT 2026","","","206","100% (1/1)","100% (1/1)","100% (1/1)","Cup","https://tactileeval.s3.us-east-1.amazonaws.com/family_datasets/Food_Nature_and_Simple_Objects/Cup/Natural/cup_10.jpeg","https://tactileeval.s3.us-east-1.amazonaws.com/family_datasets/Food_Nature_and_Simple_Objects/Cup/Tactile/10.jpg","","Cup","https://tactileeval.s3.us-east-1.amazonaws.com/family_datasets/Food_Nature_and_Simple_Objects/Cup/Natural/cup_11.jpeg","https://tactileeval.s3.us-east-1.amazonaws.com/family_datasets/Food_Nature_and_Simple_Objects/Cup/Tactile/11.jpg","","Cup","https://tactileeval.s3.us-east-1.amazonaws.com/family_datasets/Food_Nature_and_Simple_Objects/Cup/Natural/cup_12.jpg","https://tactileeval.s3.us-east-1.amazonaws.com/family_datasets/Food_Nature_and_Simple_Objects/Cup/Tactile/12.jpg","","Cup","https://tactileeval.s3.us-east-1.amazonaws.com/family_datasets/Food_Nature_and_Simple_Objects/Cup/Natural/cup_13.jpeg","https://tactileeval.s3.us-east-1.amazonaws.com/family_datasets/Food_Nature_and_Simple_Objects/Cup/Tactile/13.jpg","","Cup","https://tactileeval.s3.us-east-1.amazonaws.com/family_datasets/Food_Nature_and_Simple_Objects/Cup/Natural/cup_14.jpeg","https://tactileeval.s3.us-east-1.amazonaws.com/family_datasets/Food_Nature_and_Simple_Objects/Cup/Tactile/14.jpg","","Cup","https://tactileeval.s3.us-east-1.amazonaws.com/family_datasets/Food_Nature_and_Simple_Objects/Cup/Natural/cup_15.jpeg","https://tactileeval.s3.us-east-1.amazonaws.com/family_datasets/Food_Nature_and_Simple_Objects/Cup/Tactile/15.jpg","","Egg","https://tactileeval.s3.us-east-1.amazonaws.com/family_datasets/Food_Nature_and_Simple_Objects/Egg/Natural/1.jpg","https://tactileeval.s3.us-east-1.amazonaws.com/family_datasets/Food_Nature_and_Simple_Objects/Egg/Tactile/1.jpg","","Egg","https://tactileeval.s3.us-east-1.amazonaws.com/family_datasets/Food_Nature_and_Simple_Objects/Egg/Natural/2.jpg","https://tactileeval.s3.us-east-1.amazonaws.com/family_datasets/Food_Nature_and_Simple_Objects/Egg/Tactile/2.jpg","","Egg","https://tactileeval.s3.us-east-1.amazonaws.com/family_datasets/Food_Nature_and_Simple_Objects/Egg/Natural/3.jpg","https://tactileeval.s3.us-east-1.amazonaws.com/family_datasets/Food_Nature_and_Simple_Objects/Egg/Tactile/3.jpg","","Egg","https://tactileeval.s3.us-east-1.amazonaws.com/family_datasets/Food_Nature_and_Simple_Objects/Egg/Natural/4.jpg","https://tactileeval.s3.us-east-1.amazonaws.com/family_datasets/Food_Nature_and_Simple_Objects/Egg/Tactile/4.jpg","","[{""question1"":{""background_clean"":true,""configuration_match"":true,""object_match"":false},""question10"":{""background_clean"":true,""configuration_match"":true,""object_match"":true},""question2"":{""background_clean"":true,""configuration_match"":true,""object_match"":true},""question3"":{""background_clean"":true,""configuration_match"":true,""object_match"":false},""question4"":{""background_clean"":true,""configuration_match"":true,""object_match"":false},""question5"":{""background_clean"":true,""configuration_match"":true,""object_match"":false},""question6"":{""background_clean"":false,""configuration_match"":true,""object_match"":false},""question7"":{""background_clean"":true,""configuration_match"":true,""object_match"":true},""question8"":{""background_clean"":true,""configuration_match"":true,""object_match"":false},""question9"":{""background_clean"":true,""configuration_match"":false,""object_match"":true}}]"
"385MDVING4T28AD08FNYIGXZQRWWJN","3Z7ICGQCY1O87W8MNFF8N8ZBBWFOTX","Categorize images based on background and configuration.","Review 10 simple objects line-arts and judge if it has adequate background and configuration. (10 pairs)","tactile, image review, accessibility, simple objects","$0.08","Mon Apr 13 17:53:45 PDT 2026","7","BatchId:5385319;OriginalHitTemplateId:928390873;","1200","1296000","Mon Apr 20 17:53:45 PDT 2026","","","32M8BPYGBM0C2X1N1U3H8WS4NF5GIT","A2HSX08DWDYJU7","Approved","Mon Apr 13 19:35:34 PDT 2026","Mon Apr 13 19:47:34 PDT 2026","Tue Apr 28 19:47:34 PDT 2026","Sat Apr 18 19:48:05 PDT 2026","","","720","100% (100/100)","100% (8/8)","100% (8/8)","Cup","https://tactileeval.s3.us-east-1.amazonaws.com/family_datasets/Food_Nature_and_Simple_Objects/Cup/Natural/cup_10.jpeg","https://tactileeval.s3.us-east-1.amazonaws.com/family_datasets/Food_Nature_and_Simple_Objects/Cup/Tactile/10.jpg","","Cup","https://tactileeval.s3.us-east-1.amazonaws.com/family_datasets/Food_Nature_and_Simple_Objects/Cup/Natural/cup_11.jpeg","https://tactileeval.s3.us-east-1.amazonaws.com/family_datasets/Food_Nature_and_Simple_Objects/Cup/Tactile/11.jpg","","Cup","https://tactileeval.s3.us-east-1.amazonaws.com/family_datasets/Food_Nature_and_Simple_Objects/Cup/Natural/cup_12.jpg","https://tactileeval.s3.us-east-1.amazonaws.com/family_datasets/Food_Nature_and_Simple_Objects/Cup/Tactile/12.jpg","","Cup","https://tactileeval.s3.us-east-1.amazonaws.com/family_datasets/Food_Nature_and_Simple_Objects/Cup/Natural/cup_13.jpeg","https://tactileeval.s3.us-east-1.amazonaws.com/family_datasets/Food_Nature_and_Simple_Objects/Cup/Tactile/13.jpg","","Cup","https://tactileeval.s3.us-east-1.amazonaws.com/family_datasets/Food_Nature_and_Simple_Objects/Cup/Natural/cup_14.jpeg","https://tactileeval.s3.us-east-1.amazonaws.com/family_datasets/Food_Nature_and_Simple_Objects/Cup/Tactile/14.jpg","","Cup","https://tactileeval.s3.us-east-1.amazonaws.com/family_datasets/Food_Nature_and_Simple_Objects/Cup/Natural/cup_15.jpeg","https://tactileeval.s3.us-east-1.amazonaws.com/family_datasets/Food_Nature_and_Simple_Objects/Cup/Tactile/15.jpg","","Egg","https://tactileeval.s3.us-east-1.amazonaws.com/family_datasets/Food_Nature_and_Simple_Objects/Egg/Natural/1.jpg","https://tactileeval.s3.us-east-1.amazonaws.com/family_datasets/Food_Nature_and_Simple_Objects/Egg/Tactile/1.jpg","","Egg","https://tactileeval.s3.us-east-1.amazonaws.com/family_datasets/Food_Nature_and_Simple_Objects/Egg/Natural/2.jpg","https://tactileeval.s3.us-east-1.amazonaws.com/family_datasets/Food_Nature_and_Simple_Objects/Egg/Tactile/2.jpg","","Egg","https://tactileeval.s3.us-east-1.amazonaws.com/family_datasets/Food_Nature_and_Simple_Objects/Egg/Natural/3.jpg","https://tactileeval.s3.us-east-1.amazonaws.com/family_datasets/Food_Nature_and_Simple_Objects/Egg/Tactile/3.jpg","","Egg","https://tactileeval.s3.us-east-1.amazonaws.com/family_datasets/Food_Nature_and_Simple_Objects/Egg/Natural/4.jpg","https://tactileeval.s3.us-east-1.amazonaws.com/family_datasets/Food_Nature_and_Simple_Objects/Egg/Tactile/4.jpg","","[{""question1"":{""background_clean"":true,""configuration_match"":true,""object_match"":true},""question10"":{""background_clean"":true,""configuration_match"":true,""object_match"":true},""question2"":{""background_clean"":true,""configuration_match"":true,""object_match"":true},""question3"":{""background_clean"":true,""configuration_match"":true,""object_match"":false},""question4"":{""background_clean"":true,""configuration_match"":true,""object_match"":false},""question5"":{""background_clean"":true,""configuration_match"":true,""object_match"":true},""question6"":{""background_clean"":true,""configuration_match"":true,""object_match"":false},""question7"":{""background_clean"":true,""configuration_match"":true,""object_match"":true},""question8"":{""background_clean"":true,""configuration_match"":true,""object_match"":true},""question9"":{""background_clean"":true,""configuration_match"":false,""object_match"":true}}]"
"385MDVING4T28AD08FNYIGXZQRWWJN","3Z7ICGQCY1O87W8MNFF8N8ZBBWFOTX","Categorize images based on background and configuration.","Review 10 simple objects line-arts and judge if it has adequate background and configuration. (10 pairs)","tactile, image review, accessibility, simple objects","$0.08","Mon Apr 13 17:53:45 PDT 2026","7","BatchId:5385319;OriginalHitTemplateId:928390873;","1200","1296000","Mon Apr 20 17:53:45 PDT 2026","","","3FPRZHYEQRLGUR9Z5MVG4RTPRCZV30","AJZHPDCKUVRM8","Approved","Mon Apr 13 20:06:52 PDT 2026","Mon Apr 13 20:07:27 PDT 2026","Tue Apr 28 20:07:27 PDT 2026","Sat Apr 18 19:48:05 PDT 2026","","","35","86% (67/78)","86% (67/78)","86% (67/78)","Cup","https://tactileeval.s3.us-east-1.amazonaws.com/family_datasets/Food_Nature_and_Simple_Objects/Cup/Natural/cup_10.jpeg","https://tactileeval.s3.us-east-1.amazonaws.com/family_datasets/Food_Nature_and_Simple_Objects/Cup/Tactile/10.jpg","","Cup","https://tactileeval.s3.us-east-1.amazonaws.com/family_datasets/Food_Nature_and_Simple_Objects/Cup/Natural/cup_11.jpeg","https://tactileeval.s3.us-east-1.amazonaws.com/family_datasets/Food_Nature_and_Simple_Objects/Cup/Tactile/11.jpg","","Cup","https://tactileeval.s3.us-east-1.amazonaws.com/family_datasets/Food_Nature_and_Simple_Objects/Cup/Natural/cup_12.jpg","https://tactileeval.s3.us-east-1.amazonaws.com/family_datasets/Food_Nature_and_Simple_Objects/Cup/Tactile/12.jpg","","Cup","https://tactileeval.s3.us-east-1.amazonaws.com/family_datasets/Food_Nature_and_Simple_Objects/Cup/Natural/cup_13.jpeg","https://tactileeval.s3.us-east-1.amazonaws.com/family_datasets/Food_Nature_and_Simple_Objects/Cup/Tactile/13.jpg","","Cup","https://tactileeval.s3.us-east-1.amazonaws.com/family_datasets/Food_Nature_and_Simple_Objects/Cup/Natural/cup_14.jpeg","https://tactileeval.s3.us-east-1.amazonaws.com/family_datasets/Food_Nature_and_Simple_Objects/Cup/Tactile/14.jpg","","Cup","https://tactileeval.s3.us-east-1.amazonaws.com/family_datasets/Food_Nature_and_Simple_Objects/Cup/Natural/cup_15.jpeg","https://tactileeval.s3.us-east-1.amazonaws.com/family_datasets/Food_Nature_and_Simple_Objects/Cup/Tactile/15.jpg","","Egg","https://tactileeval.s3.us-east-1.amazonaws.com/family_datasets/Food_Nature_and_Simple_Objects/Egg/Natural/1.jpg","https://tactileeval.s3.us-east-1.amazonaws.com/family_datasets/Food_Nature_and_Simple_Objects/Egg/Tactile/1.jpg","","Egg","https://tactileeval.s3.us-east-1.amazonaws.com/family_datasets/Food_Nature_and_Simple_Objects/Egg/Natural/2.jpg","https://tactileeval.s3.us-east-1.amazonaws.com/family_datasets/Food_Nature_and_Simple_Objects/Egg/Tactile/2.jpg","","Egg","https://tactileeval.s3.us-east-1.amazonaws.com/family_datasets/Food_Nature_and_Simple_Objects/Egg/Natural/3.jpg","https://tactileeval.s3.us-east-1.amazonaws.com/family_datasets/Food_Nature_and_Simple_Objects/Egg/Tactile/3.jpg","","Egg","https://tactileeval.s3.us-east-1.amazonaws.com/family_datasets/Food_Nature_and_Simple_Objects/Egg/Natural/4.jpg","https://tactileeval.s3.us-east-1.amazonaws.com/family_datasets/Food_Nature_and_Simple_Objects/Egg/Tactile/4.jpg","","[{""question1"":{""background_clean"":true,""configuration_match"":false,""object_match"":true},""question10"":{""background_clean"":true,""configuration_match"":false,""object_match"":true},""question2"":{""background_clean"":true,""configuration_match"":false,""object_match"":true},""question3"":{""background_clean"":true,""configuration_match"":false,""object_match"":true},""question4"":{""background_clean"":true,""configuration_match"":false,""object_match"":false},""question5"":{""background_clean"":true,""configuration_match"":false,""object_match"":false},""question6"":{""background_clean"":false,""configuration_match"":false,""object_match"":true},""question7"":{""background_clean"":true,""configuration_match"":false,""object_match"":true},""question8"":{""background_clean"":true,""configuration_match"":false,""object_match"":true},""question9"":{""background_clean"":true,""configuration_match"":false,""object_match"":true}}]"
"385MDVING4T28AD08FNYIGXZQRWWJN","3Z7ICGQCY1O87W8MNFF8N8ZBBWFOTX","Categorize images based on background and configuration.","Review 10 simple objects line-arts and judge if it has adequate background and configuration. (10 pairs)","tactile, image review, accessibility, simple objects","$0.08","Mon Apr 13 17:53:45 PDT 2026","7","BatchId:5385319;OriginalHitTemplateId:928390873;","1200","1296000","Mon Apr 20 17:53:45 PDT 2026","","","3ATTHHXXX32NOJWDQ43LWISZQ68XIB","A22YCS3UW15WOO","Approved","Mon Apr 13 20:41:05 PDT 2026","Mon Apr 13 20:48:23 PDT 2026","Tue Apr 28 20:48:23 PDT 2026","Sat Apr 18 19:48:05 PDT 2026","","","438","94% (207/220)","86% (82/95)","86% (82/95)","Cup","https://tactileeval.s3.us-east-1.amazonaws.com/family_datasets/Food_Nature_and_Simple_Objects/Cup/Natural/cup_10.jpeg","https://tactileeval.s3.us-east-1.amazonaws.com/family_datasets/Food_Nature_and_Simple_Objects/Cup/Tactile/10.jpg","","Cup","https://tactileeval.s3.us-east-1.amazonaws.com/family_datasets/Food_Nature_and_Simple_Objects/Cup/Natural/cup_11.jpeg","https://tactileeval.s3.us-east-1.amazonaws.com/family_datasets/Food_Nature_and_Simple_Objects/Cup/Tactile/11.jpg","","Cup","https://tactileeval.s3.us-east-1.amazonaws.com/family_datasets/Food_Nature_and_Simple_Objects/Cup/Natural/cup_12.jpg","https://tactileeval.s3.us-east-1.amazonaws.com/family_datasets/Food_Nature_and_Simple_Objects/Cup/Tactile/12.jpg","","Cup","https://tactileeval.s3.us-east-1.amazonaws.com/family_datasets/Food_Nature_and_Simple_Objects/Cup/Natural/cup_13.jpeg","https://tactileeval.s3.us-east-1.amazonaws.com/family_datasets/Food_Nature_and_Simple_Objects/Cup/Tactile/13.jpg","","Cup","https://tactileeval.s3.us-east-1.amazonaws.com/family_datasets/Food_Nature_and_Simple_Objects/Cup/Natural/cup_14.jpeg","https://tactileeval.s3.us-east-1.amazonaws.com/family_datasets/Food_Nature_and_Simple_Objects/Cup/Tactile/14.jpg","","Cup","https://tactileeval.s3.us-east-1.amazonaws.com/family_datasets/Food_Nature_and_Simple_Objects/Cup/Natural/cup_15.jpeg","https://tactileeval.s3.us-east-1.amazonaws.com/family_datasets/Food_Nature_and_Simple_Objects/Cup/Tactile/15.jpg","","Egg","https://tactileeval.s3.us-east-1.amazonaws.com/family_datasets/Food_Nature_and_Simple_Objects/Egg/Natural/1.jpg","https://tactileeval.s3.us-east-1.amazonaws.com/family_datasets/Food_Nature_and_Simple_Objects/Egg/Tactile/1.jpg","","Egg","https://tactileeval.s3.us-east-1.amazonaws.com/family_datasets/Food_Nature_and_Simple_Objects/Egg/Natural/2.jpg","https://tactileeval.s3.us-east-1.amazonaws.com/family_datasets/Food_Nature_and_Simple_Objects/Egg/Tactile/2.jpg","","Egg","https://tactileeval.s3.us-east-1.amazonaws.com/family_datasets/Food_Nature_and_Simple_Objects/Egg/Natural/3.jpg","https://tactileeval.s3.us-east-1.amazonaws.com/family_datasets/Food_Nature_and_Simple_Objects/Egg/Tactile/3.jpg","","Egg","https://tactileeval.s3.us-east-1.amazonaws.com/family_datasets/Food_Nature_and_Simple_Objects/Egg/Natural/4.jpg","https://tactileeval.s3.us-east-1.amazonaws.com/family_datasets/Food_Nature_and_Simple_Objects/Egg/Tactile/4.jpg","","[{""question1"":{""background_clean"":false,""configuration_match"":true,""object_match"":true},""question10"":{""background_clean"":true,""configuration_match"":true,""object_match"":true},""question2"":{""background_clean"":true,""configuration_match"":true,""object_match"":true},""question3"":{""background_clean"":true,""configuration_match"":true,""object_match"":true},""question4"":{""background_clean"":false,""configuration_match"":true,""object_match"":true},""question5"":{""background_clean"":true,""configuration_match"":true,""object_match"":false},""question6"":{""background_clean"":true,""configuration_match"":true,""object_match"":false},""question7"":{""background_clean"":true,""configuration_match"":true,""object_match"":true},""question8"":{""background_clean"":true,""configuration_match"":true,""object_match"":true},""question9"":{""background_clean"":true,""configuration_match"":true,""object_match"":true}}]"
"385MDVING4T28AD08FNYIGXZQRWWJN","3Z7ICGQCY1O87W8MNFF8N8ZBBWFOTX","Categorize images based on background and configuration.","Review 10 simple objects line-arts and judge if it has adequate background and configuration. (10 pairs)","tactile, image review, accessibility, simple objects","$0.08","Mon Apr 13 17:53:45 PDT 2026","7","BatchId:5385319;OriginalHitTemplateId:928390873;","1200","1296000","Mon Apr 20 17:53:45 PDT 2026","","","3YWRV122DLD2I9Q5CDG7ZMZHTST8UT","A19HN15YVY9E5I","Approved","Mon Apr 13 21:32:49 PDT 2026","Mon Apr 13 21:36:04 PDT 2026","Tue Apr 28 21:36:04 PDT 2026","Sat Apr 18 19:48:05 PDT 2026","","","195","77% (10/13)","77% (10/13)","77% (10/13)","Cup","https://tactileeval.s3.us-east-1.amazonaws.com/family_datasets/Food_Nature_and_Simple_Objects/Cup/Natural/cup_10.jpeg","https://tactileeval.s3.us-east-1.amazonaws.com/family_datasets/Food_Nature_and_Simple_Objects/Cup/Tactile/10.jpg","","Cup","https://tactileeval.s3.us-east-1.amazonaws.com/family_datasets/Food_Nature_and_Simple_Objects/Cup/Natural/cup_11.jpeg","https://tactileeval.s3.us-east-1.amazonaws.com/family_datasets/Food_Nature_and_Simple_Objects/Cup/Tactile/11.jpg","","Cup","https://tactileeval.s3.us-east-1.amazonaws.com/family_datasets/Food_Nature_and_Simple_Objects/Cup/Natural/cup_12.jpg","https://tactileeval.s3.us-east-1.amazonaws.com/family_datasets/Food_Nature_and_Simple_Objects/Cup/Tactile/12.jpg","","Cup","https://tactileeval.s3.us-east-1.amazonaws.com/family_datasets/Food_Nature_and_Simple_Objects/Cup/Natural/cup_13.jpeg","https://tactileeval.s3.us-east-1.amazonaws.com/family_datasets/Food_Nature_and_Simple_Objects/Cup/Tactile/13.jpg","","Cup","https://tactileeval.s3.us-east-1.amazonaws.com/family_datasets/Food_Nature_and_Simple_Objects/Cup/Natural/cup_14.jpeg","https://tactileeval.s3.us-east-1.amazonaws.com/family_datasets/Food_Nature_and_Simple_Objects/Cup/Tactile/14.jpg","","Cup","https://tactileeval.s3.us-east-1.amazonaws.com/family_datasets/Food_Nature_and_Simple_Objects/Cup/Natural/cup_15.jpeg","https://tactileeval.s3.us-east-1.amazonaws.com/family_datasets/Food_Nature_and_Simple_Objects/Cup/Tactile/15.jpg","","Egg","https://tactileeval.s3.us-east-1.amazonaws.com/family_datasets/Food_Nature_and_Simple_Objects/Egg/Natural/1.jpg","https://tactileeval.s3.us-east-1.amazonaws.com/family_datasets/Food_Nature_and_Simple_Objects/Egg/Tactile/1.jpg","","Egg","https://tactileeval.s3.us-east-1.amazonaws.com/family_datasets/Food_Nature_and_Simple_Objects/Egg/Natural/2.jpg","https://tactileeval.s3.us-east-1.amazonaws.com/family_datasets/Food_Nature_and_Simple_Objects/Egg/Tactile/2.jpg","","Egg","https://tactileeval.s3.us-east-1.amazonaws.com/family_datasets/Food_Nature_and_Simple_Objects/Egg/Natural/3.jpg","https://tactileeval.s3.us-east-1.amazonaws.com/family_datasets/Food_Nature_and_Simple_Objects/Egg/Tactile/3.jpg","","Egg","https://tactileeval.s3.us-east-1.amazonaws.com/family_datasets/Food_Nature_and_Simple_Objects/Egg/Natural/4.jpg","https://tactileeval.s3.us-east-1.amazonaws.com/family_datasets/Food_Nature_and_Simple_Objects/Egg/Tactile/4.jpg","","[{""question1"":{""background_clean"":true,""configuration_match"":true,""object_match"":false},""question10"":{""background_clean"":true,""configuration_match"":true,""object_match"":false},""question2"":{""background_clean"":true,""configuration_match"":true,""object_match"":true},""question3"":{""background_clean"":true,""configuration_match"":true,""object_match"":false},""question4"":{""background_clean"":true,""configuration_match"":true,""object_match"":false},""question5"":{""background_clean"":true,""configuration_match"":true,""object_match"":false},""question6"":{""background_clean"":true,""configuration_match"":true,""object_match"":false},""question7"":{""background_clean"":true,""configuration_match"":true,""object_match"":false},""question8"":{""background_clean"":true,""configuration_match"":false,""object_match"":false},""question9"":{""background_clean"":true,""configuration_match"":true,""object_match"":true}}]"
"385MDVING4T28AD08FNYIGXZQRWWJN","3Z7ICGQCY1O87W8MNFF8N8ZBBWFOTX","Categorize images based on background and configuration.","Review 10 simple objects line-arts and judge if it has adequate background and configuration. (10 pairs)","tactile, image review, accessibility, simple objects","$0.08","Mon Apr 13 17:53:45 PDT 2026","7","BatchId:5385319;OriginalHitTemplateId:928390873;","1200","1296000","Mon Apr 20 17:53:45 PDT 2026","","","37U1UTWHAO0A2HYO8JL2UBCXMTQR89","A1SMWIBTQ2AESU","Approved","Mon Apr 13 21:46:18 PDT 2026","Mon Apr 13 21:54:16 PDT 2026","Tue Apr 28 21:54:16 PDT 2026","Sat Apr 18 19:48:05 PDT 2026","","","478","79% (67/85)","79% (66/84)","79% (66/84)","Cup","https://tactileeval.s3.us-east-1.amazonaws.com/family_datasets/Food_Nature_and_Simple_Objects/Cup/Natural/cup_10.jpeg","https://tactileeval.s3.us-east-1.amazonaws.com/family_datasets/Food_Nature_and_Simple_Objects/Cup/Tactile/10.jpg","","Cup","https://tactileeval.s3.us-east-1.amazonaws.com/family_datasets/Food_Nature_and_Simple_Objects/Cup/Natural/cup_11.jpeg","https://tactileeval.s3.us-east-1.amazonaws.com/family_datasets/Food_Nature_and_Simple_Objects/Cup/Tactile/11.jpg","","Cup","https://tactileeval.s3.us-east-1.amazonaws.com/family_datasets/Food_Nature_and_Simple_Objects/Cup/Natural/cup_12.jpg","https://tactileeval.s3.us-east-1.amazonaws.com/family_datasets/Food_Nature_and_Simple_Objects/Cup/Tactile/12.jpg","","Cup","https://tactileeval.s3.us-east-1.amazonaws.com/family_datasets/Food_Nature_and_Simple_Objects/Cup/Natural/cup_13.jpeg","https://tactileeval.s3.us-east-1.amazonaws.com/family_datasets/Food_Nature_and_Simple_Objects/Cup/Tactile/13.jpg","","Cup","https://tactileeval.s3.us-east-1.amazonaws.com/family_datasets/Food_Nature_and_Simple_Objects/Cup/Natural/cup_14.jpeg","https://tactileeval.s3.us-east-1.amazonaws.com/family_datasets/Food_Nature_and_Simple_Objects/Cup/Tactile/14.jpg","","Cup","https://tactileeval.s3.us-east-1.amazonaws.com/family_datasets/Food_Nature_and_Simple_Objects/Cup/Natural/cup_15.jpeg","https://tactileeval.s3.us-east-1.amazonaws.com/family_datasets/Food_Nature_and_Simple_Objects/Cup/Tactile/15.jpg","","Egg","https://tactileeval.s3.us-east-1.amazonaws.com/family_datasets/Food_Nature_and_Simple_Objects/Egg/Natural/1.jpg","https://tactileeval.s3.us-east-1.amazonaws.com/family_datasets/Food_Nature_and_Simple_Objects/Egg/Tactile/1.jpg","","Egg","https://tactileeval.s3.us-east-1.amazonaws.com/family_datasets/Food_Nature_and_Simple_Objects/Egg/Natural/2.jpg","https://tactileeval.s3.us-east-1.amazonaws.com/family_datasets/Food_Nature_and_Simple_Objects/Egg/Tactile/2.jpg","","Egg","https://tactileeval.s3.us-east-1.amazonaws.com/family_datasets/Food_Nature_and_Simple_Objects/Egg/Natural/3.jpg","https://tactileeval.s3.us-east-1.amazonaws.com/family_datasets/Food_Nature_and_Simple_Objects/Egg/Tactile/3.jpg","","Egg","https://tactileeval.s3.us-east-1.amazonaws.com/family_datasets/Food_Nature_and_Simple_Objects/Egg/Natural/4.jpg","https://tactileeval.s3.us-east-1.amazonaws.com/family_datasets/Food_Nature_and_Simple_Objects/Egg/Tactile/4.jpg","","[{""question1"":{""background_clean"":true,""configuration_match"":true,""object_match"":false},""question10"":{""background_clean"":true,""configuration_match"":true,""object_match"":true},""question2"":{""background_clean"":true,""configuration_match"":true,""object_match"":true},""question3"":{""background_clean"":true,""configuration_match"":true,""object_match"":false},""question4"":{""background_clean"":true,""configuration_match"":false,""object_match"":false},""question5"":{""background_clean"":true,""configuration_match"":false,""object_match"":false},""question6"":{""background_clean"":true,""configuration_match"":true,""object_match"":false},""question7"":{""background_clean"":true,""configuration_match"":true,""object_match"":false},""question8"":{""background_clean"":true,""configuration_match"":true,""object_match"":true},""question9"":{""background_clean"":true,""configuration_match"":true,""object_match"":false}}]"
"385MDVING4T28AD08FNYIGXZQRWWJN","3Z7ICGQCY1O87W8MNFF8N8ZBBWFOTX","Categorize images based on background and configuration.","Review 10 simple objects line-arts and judge if it has adequate background and configuration. (10 pairs)","tactile, image review, accessibility, simple objects","$0.08","Mon Apr 13 17:53:45 PDT 2026","7","BatchId:5385319;OriginalHitTemplateId:928390873;","1200","1296000","Mon Apr 20 17:53:45 PDT 2026","","","323Q6SJS9BU6S2U8KSFEQZRDMOAFHM","A2J1106X8NPZGP","Approved","Mon Apr 13 22:17:24 PDT 2026","Mon Apr 13 22:31:49 PDT 2026","Tue Apr 28 22:31:49 PDT 2026","Sat Apr 18 19:48:05 PDT 2026","","","865","43% (19/44)","43% (19/44)","43% (19/44)","Cup","https://tactileeval.s3.us-east-1.amazonaws.com/family_datasets/Food_Nature_and_Simple_Objects/Cup/Natural/cup_10.jpeg","https://tactileeval.s3.us-east-1.amazonaws.com/family_datasets/Food_Nature_and_Simple_Objects/Cup/Tactile/10.jpg","","Cup","https://tactileeval.s3.us-east-1.amazonaws.com/family_datasets/Food_Nature_and_Simple_Objects/Cup/Natural/cup_11.jpeg","https://tactileeval.s3.us-east-1.amazonaws.com/family_datasets/Food_Nature_and_Simple_Objects/Cup/Tactile/11.jpg","","Cup","https://tactileeval.s3.us-east-1.amazonaws.com/family_datasets/Food_Nature_and_Simple_Objects/Cup/Natural/cup_12.jpg","https://tactileeval.s3.us-east-1.amazonaws.com/family_datasets/Food_Nature_and_Simple_Objects/Cup/Tactile/12.jpg","","Cup","https://tactileeval.s3.us-east-1.amazonaws.com/family_datasets/Food_Nature_and_Simple_Objects/Cup/Natural/cup_13.jpeg","https://tactileeval.s3.us-east-1.amazonaws.com/family_datasets/Food_Nature_and_Simple_Objects/Cup/Tactile/13.jpg","","Cup","https://tactileeval.s3.us-east-1.amazonaws.com/family_datasets/Food_Nature_and_Simple_Objects/Cup/Natural/cup_14.jpeg","https://tactileeval.s3.us-east-1.amazonaws.com/family_datasets/Food_Nature_and_Simple_Objects/Cup/Tactile/14.jpg","","Cup","https://tactileeval.s3.us-east-1.amazonaws.com/family_datasets/Food_Nature_and_Simple_Objects/Cup/Natural/cup_15.jpeg","https://tactileeval.s3.us-east-1.amazonaws.com/family_datasets/Food_Nature_and_Simple_Objects/Cup/Tactile/15.jpg","","Egg","https://tactileeval.s3.us-east-1.amazonaws.com/family_datasets/Food_Nature_and_Simple_Objects/Egg/Natural/1.jpg","https://tactileeval.s3.us-east-1.amazonaws.com/family_datasets/Food_Nature_and_Simple_Objects/Egg/Tactile/1.jpg","","Egg","https://tactileeval.s3.us-east-1.amazonaws.com/family_datasets/Food_Nature_and_Simple_Objects/Egg/Natural/2.jpg","https://tactileeval.s3.us-east-1.amazonaws.com/family_datasets/Food_Nature_and_Simple_Objects/Egg/Tactile/2.jpg","","Egg","https://tactileeval.s3.us-east-1.amazonaws.com/family_datasets/Food_Nature_and_Simple_Objects/Egg/Natural/3.jpg","https://tactileeval.s3.us-east-1.amazonaws.com/family_datasets/Food_Nature_and_Simple_Objects/Egg/Tactile/3.jpg","","Egg","https://tactileeval.s3.us-east-1.amazonaws.com/family_datasets/Food_Nature_and_Simple_Objects/Egg/Natural/4.jpg","https://tactileeval.s3.us-east-1.amazonaws.com/family_datasets/Food_Nature_and_Simple_Objects/Egg/Tactile/4.jpg","","[{""question1"":{""background_clean"":true,""configuration_match"":true,""object_match"":true},""question10"":{""background_clean"":true,""configuration_match"":false,""object_match"":true},""question2"":{""background_clean"":true,""configuration_match"":true,""object_match"":true},""question3"":{""background_clean"":true,""configuration_match"":false,""object_match"":true},""question4"":{""background_clean"":true,""configuration_match"":false,""object_match"":true},""question5"":{""background_clean"":true,""configuration_match"":false,""object_match"":true},""question6"":{""background_clean"":false,""configuration_match"":false,""object_match"":true},""question7"":{""background_clean"":true,""configuration_match"":true,""object_match"":true},""question8"":{""background_clean"":true,""configuration_match"":false,""object_match"":true},""question9"":{""background_clean"":true,""configuration_match"":false,""object_match"":true}}]"
"3MA5N0ATU4PXJUJIQ0NAJVXC5GWWKM","3Z7ICGQCY1O87W8MNFF8N8ZBBWFOTX","Categorize images based on background and configuration.","Review 10 simple objects line-arts and judge if it has adequate background and configuration. (10 pairs)","tactile, image review, accessibility, simple objects","$0.08","Mon Apr 13 17:53:45 PDT 2026","7","BatchId:5385319;OriginalHitTemplateId:928390873;","1200","1296000","Mon Apr 20 17:53:45 PDT 2026","","","39DD6S19KIP0D9U6V31F8OAI6CUEZ9","AJZHPDCKUVRM8","Approved","Mon Apr 13 19:55:36 PDT 2026","Mon Apr 13 19:57:20 PDT 2026","Tue Apr 28 19:57:20 PDT 2026","Sat Apr 18 19:48:05 PDT 2026","","","104","86% (67/78)","86% (67/78)","86% (67/78)","Egg","https://tactileeval.s3.us-east-1.amazonaws.com/family_datasets/Food_Nature_and_Simple_Objects/Egg/Natural/5.jpg","https://tactileeval.s3.us-east-1.amazonaws.com/family_datasets/Food_Nature_and_Simple_Objects/Egg/Tactile/5.jpg","","Egg","https://tactileeval.s3.us-east-1.amazonaws.com/family_datasets/Food_Nature_and_Simple_Objects/Egg/Natural/6.jpg","https://tactileeval.s3.us-east-1.amazonaws.com/family_datasets/Food_Nature_and_Simple_Objects/Egg/Tactile/6.jpg","","Egg","https://tactileeval.s3.us-east-1.amazonaws.com/family_datasets/Food_Nature_and_Simple_Objects/Egg/Natural/7.jpg","https://tactileeval.s3.us-east-1.amazonaws.com/family_datasets/Food_Nature_and_Simple_Objects/Egg/Tactile/7_refined.png","","Egg","https://tactileeval.s3.us-east-1.amazonaws.com/family_datasets/Food_Nature_and_Simple_Objects/Egg/Natural/8.jpg","https://tactileeval.s3.us-east-1.amazonaws.com/family_datasets/Food_Nature_and_Simple_Objects/Egg/Tactile/8.jpeg","","Egg","https://tactileeval.s3.us-east-1.amazonaws.com/family_datasets/Food_Nature_and_Simple_Objects/Egg/Natural/9.jpg","https://tactileeval.s3.us-east-1.amazonaws.com/family_datasets/Food_Nature_and_Simple_Objects/Egg/Tactile/9.jpg","","Egg","https://tactileeval.s3.us-east-1.amazonaws.com/family_datasets/Food_Nature_and_Simple_Objects/Egg/Natural/10.jpg","https://tactileeval.s3.us-east-1.amazonaws.com/family_datasets/Food_Nature_and_Simple_Objects/Egg/Tactile/10.jpg","","Egg","https://tactileeval.s3.us-east-1.amazonaws.com/family_datasets/Food_Nature_and_Simple_Objects/Egg/Natural/11.jpg","https://tactileeval.s3.us-east-1.amazonaws.com/family_datasets/Food_Nature_and_Simple_Objects/Egg/Tactile/11.jpg","","Egg","https://tactileeval.s3.us-east-1.amazonaws.com/family_datasets/Food_Nature_and_Simple_Objects/Egg/Natural/12.jpg","https://tactileeval.s3.us-east-1.amazonaws.com/family_datasets/Food_Nature_and_Simple_Objects/Egg/Tactile/12.jpg","","Egg","https://tactileeval.s3.us-east-1.amazonaws.com/family_datasets/Food_Nature_and_Simple_Objects/Egg/Natural/13.jpg","https://tactileeval.s3.us-east-1.amazonaws.com/family_datasets/Food_Nature_and_Simple_Objects/Egg/Tactile/13.jpg","","Egg","https://tactileeval.s3.us-east-1.amazonaws.com/family_datasets/Food_Nature_and_Simple_Objects/Egg/Natural/14.jpg","https://tactileeval.s3.us-east-1.amazonaws.com/family_datasets/Food_Nature_and_Simple_Objects/Egg/Tactile/14.jpg","","[{""question1"":{""background_clean"":true,""configuration_match"":false,""object_match"":true},""question10"":{""background_clean"":true,""configuration_match"":false,""object_match"":false},""question2"":{""background_clean"":false,""configuration_match"":false,""object_match"":true},""question3"":{""background_clean"":true,""configuration_match"":false,""object_match"":false},""question4"":{""background_clean"":true,""configuration_match"":false,""object_match"":false},""question5"":{""background_clean"":true,""configuration_match"":false,""object_match"":true},""question6"":{""background_clean"":true,""configuration_match"":true,""object_match"":true},""question7"":{""background_clean"":true,""configuration_match"":false,""object_match"":false},""question8"":{""background_clean"":true,""configuration_match"":true,""object_match"":true},""question9"":{""background_clean"":false,""configuration_match"":false,""object_match"":true}}]"
"3MA5N0ATU4PXJUJIQ0NAJVXC5GWWKM","3Z7ICGQCY1O87W8MNFF8N8ZBBWFOTX","Categorize images based on background and configuration.","Review 10 simple objects line-arts and judge if it has adequate background and configuration. (10 pairs)","tactile, image review, accessibility, simple objects","$0.08","Mon Apr 13 17:53:45 PDT 2026","7","BatchId:5385319;OriginalHitTemplateId:928390873;","1200","1296000","Mon Apr 20 17:53:45 PDT 2026","","","33L7PJKHD9CNIWBGC8QXUQDFAEFT8G","A22YCS3UW15WOO","Approved","Mon Apr 13 20:41:09 PDT 2026","Mon Apr 13 20:52:42 PDT 2026","Tue Apr 28 20:52:42 PDT 2026","Sat Apr 18 19:48:05 PDT 2026","","","693","94% (207/220)","86% (82/95)","86% (82/95)","Egg","https://tactileeval.s3.us-east-1.amazonaws.com/family_datasets/Food_Nature_and_Simple_Objects/Egg/Natural/5.jpg","https://tactileeval.s3.us-east-1.amazonaws.com/family_datasets/Food_Nature_and_Simple_Objects/Egg/Tactile/5.jpg","","Egg","https://tactileeval.s3.us-east-1.amazonaws.com/family_datasets/Food_Nature_and_Simple_Objects/Egg/Natural/6.jpg","https://tactileeval.s3.us-east-1.amazonaws.com/family_datasets/Food_Nature_and_Simple_Objects/Egg/Tactile/6.jpg","","Egg","https://tactileeval.s3.us-east-1.amazonaws.com/family_datasets/Food_Nature_and_Simple_Objects/Egg/Natural/7.jpg","https://tactileeval.s3.us-east-1.amazonaws.com/family_datasets/Food_Nature_and_Simple_Objects/Egg/Tactile/7_refined.png","","Egg","https://tactileeval.s3.us-east-1.amazonaws.com/family_datasets/Food_Nature_and_Simple_Objects/Egg/Natural/8.jpg","https://tactileeval.s3.us-east-1.amazonaws.com/family_datasets/Food_Nature_and_Simple_Objects/Egg/Tactile/8.jpeg","","Egg","https://tactileeval.s3.us-east-1.amazonaws.com/family_datasets/Food_Nature_and_Simple_Objects/Egg/Natural/9.jpg","https://tactileeval.s3.us-east-1.amazonaws.com/family_datasets/Food_Nature_and_Simple_Objects/Egg/Tactile/9.jpg","","Egg","https://tactileeval.s3.us-east-1.amazonaws.com/family_datasets/Food_Nature_and_Simple_Objects/Egg/Natural/10.jpg","https://tactileeval.s3.us-east-1.amazonaws.com/family_datasets/Food_Nature_and_Simple_Objects/Egg/Tactile/10.jpg","","Egg","https://tactileeval.s3.us-east-1.amazonaws.com/family_datasets/Food_Nature_and_Simple_Objects/Egg/Natural/11.jpg","https://tactileeval.s3.us-east-1.amazonaws.com/family_datasets/Food_Nature_and_Simple_Objects/Egg/Tactile/11.jpg","","Egg","https://tactileeval.s3.us-east-1.amazonaws.com/family_datasets/Food_Nature_and_Simple_Objects/Egg/Natural/12.jpg","https://tactileeval.s3.us-east-1.amazonaws.com/family_datasets/Food_Nature_and_Simple_Objects/Egg/Tactile/12.jpg","","Egg","https://tactileeval.s3.us-east-1.amazonaws.com/family_datasets/Food_Nature_and_Simple_Objects/Egg/Natural/13.jpg","https://tactileeval.s3.us-east-1.amazonaws.com/family_datasets/Food_Nature_and_Simple_Objects/Egg/Tactile/13.jpg","","Egg","https://tactileeval.s3.us-east-1.amazonaws.com/family_datasets/Food_Nature_and_Simple_Objects/Egg/Natural/14.jpg","https://tactileeval.s3.us-east-1.amazonaws.com/family_datasets/Food_Nature_and_Simple_Objects/Egg/Tactile/14.jpg","","[{""question1"":{""background_clean"":true,""configuration_match"":true,""object_match"":true},""question10"":{""background_clean"":true,""configuration_match"":true,""object_match"":true},""question2"":{""background_clean"":true,""configuration_match"":true,""object_match"":true},""question3"":{""background_clean"":true,""configuration_match"":true,""object_match"":true},""question4"":{""background_clean"":true,""configuration_match"":true,""object_match"":true},""question5"":{""background_clean"":true,""configuration_match"":true,""object_match"":true},""question6"":{""background_clean"":true,""configuration_match"":true,""object_match"":false},""question7"":{""background_clean"":true,""configuration_match"":true,""object_match"":true},""question8"":{""background_clean"":true,""configuration_match"":true,""object_match"":true},""question9"":{""background_clean"":true,""configuration_match"":true,""object_match"":false}}]"
"3MA5N0ATU4PXJUJIQ0NAJVXC5GWWKM","3Z7ICGQCY1O87W8MNFF8N8ZBBWFOTX","Categorize images based on background and configuration.","Review 10 simple objects line-arts and judge if it has adequate background and configuration. (10 pairs)","tactile, image review, accessibility, simple objects","$0.08","Mon Apr 13 17:53:45 PDT 2026","7","BatchId:5385319;OriginalHitTemplateId:928390873;","1200","1296000","Mon Apr 20 17:53:45 PDT 2026","","","3V26SBZTC6SYO4L2RQFSTYB0UJBZZA","A2FK6782M09EBO","Approved","Mon Apr 13 21:06:37 PDT 2026","Mon Apr 13 21:11:40 PDT 2026","Tue Apr 28 21:11:40 PDT 2026","Sat Apr 18 19:48:05 PDT 2026","","","303","94% (101/107)","94% (101/107)","94% (101/107)","Egg","https://tactileeval.s3.us-east-1.amazonaws.com/family_datasets/Food_Nature_and_Simple_Objects/Egg/Natural/5.jpg","https://tactileeval.s3.us-east-1.amazonaws.com/family_datasets/Food_Nature_and_Simple_Objects/Egg/Tactile/5.jpg","","Egg","https://tactileeval.s3.us-east-1.amazonaws.com/family_datasets/Food_Nature_and_Simple_Objects/Egg/Natural/6.jpg","https://tactileeval.s3.us-east-1.amazonaws.com/family_datasets/Food_Nature_and_Simple_Objects/Egg/Tactile/6.jpg","","Egg","https://tactileeval.s3.us-east-1.amazonaws.com/family_datasets/Food_Nature_and_Simple_Objects/Egg/Natural/7.jpg","https://tactileeval.s3.us-east-1.amazonaws.com/family_datasets/Food_Nature_and_Simple_Objects/Egg/Tactile/7_refined.png","","Egg","https://tactileeval.s3.us-east-1.amazonaws.com/family_datasets/Food_Nature_and_Simple_Objects/Egg/Natural/8.jpg","https://tactileeval.s3.us-east-1.amazonaws.com/family_datasets/Food_Nature_and_Simple_Objects/Egg/Tactile/8.jpeg","","Egg","https://tactileeval.s3.us-east-1.amazonaws.com/family_datasets/Food_Nature_and_Simple_Objects/Egg/Natural/9.jpg","https://tactileeval.s3.us-east-1.amazonaws.com/family_datasets/Food_Nature_and_Simple_Objects/Egg/Tactile/9.jpg","","Egg","https://tactileeval.s3.us-east-1.amazonaws.com/family_datasets/Food_Nature_and_Simple_Objects/Egg/Natural/10.jpg","https://tactileeval.s3.us-east-1.amazonaws.com/family_datasets/Food_Nature_and_Simple_Objects/Egg/Tactile/10.jpg","","Egg","https://tactileeval.s3.us-east-1.amazonaws.com/family_datasets/Food_Nature_and_Simple_Objects/Egg/Natural/11.jpg","https://tactileeval.s3.us-east-1.amazonaws.com/family_datasets/Food_Nature_and_Simple_Objects/Egg/Tactile/11.jpg","","Egg","https://tactileeval.s3.us-east-1.amazonaws.com/family_datasets/Food_Nature_and_Simple_Objects/Egg/Natural/12.jpg","https://tactileeval.s3.us-east-1.amazonaws.com/family_datasets/Food_Nature_and_Simple_Objects/Egg/Tactile/12.jpg","","Egg","https://tactileeval.s3.us-east-1.amazonaws.com/family_datasets/Food_Nature_and_Simple_Objects/Egg/Natural/13.jpg","https://tactileeval.s3.us-east-1.amazonaws.com/family_datasets/Food_Nature_and_Simple_Objects/Egg/Tactile/13.jpg","","Egg","https://tactileeval.s3.us-east-1.amazonaws.com/family_datasets/Food_Nature_and_Simple_Objects/Egg/Natural/14.jpg","https://tactileeval.s3.us-east-1.amazonaws.com/family_datasets/Food_Nature_and_Simple_Objects/Egg/Tactile/14.jpg","","[{""question1"":{""background_clean"":true,""configuration_match"":true,""object_match"":false},""question10"":{""background_clean"":true,""configuration_match"":true,""object_match"":true},""question2"":{""background_clean"":true,""configuration_match"":true,""object_match"":true},""question3"":{""background_clean"":true,""configuration_match"":true,""object_match"":true},""question4"":{""background_clean"":true,""configuration_match"":false,""object_match"":false},""question5"":{""background_clean"":true,""configuration_match"":true,""object_match"":true},""question6"":{""background_clean"":true,""configuration_match"":true,""object_match"":true},""question7"":{""background_clean"":true,""configuration_match"":false,""object_match"":false},""question8"":{""background_clean"":true,""configuration_match"":true,""object_match"":true},""question9"":{""background_clean"":true,""configuration_match"":false,""object_match"":false}}]"
"3MA5N0ATU4PXJUJIQ0NAJVXC5GWWKM","3Z7ICGQCY1O87W8MNFF8N8ZBBWFOTX","Categorize images based on background and configuration.","Review 10 simple objects line-arts and judge if it has adequate background and configuration. (10 pairs)","tactile, image review, accessibility, simple objects","$0.08","Mon Apr 13 17:53:45 PDT 2026","7","BatchId:5385319;OriginalHitTemplateId:928390873;","1200","1296000","Mon Apr 20 17:53:45 PDT 2026","","","39GXDJN2PMS2VOF5H3QCV8107Z38VJ","A1SMWIBTQ2AESU","Approved","Mon Apr 13 21:40:26 PDT 2026","Mon Apr 13 21:48:08 PDT 2026","Tue Apr 28 21:48:08 PDT 2026","Sat Apr 18 19:48:05 PDT 2026","","","462","79% (67/85)","79% (66/84)","79% (66/84)","Egg","https://tactileeval.s3.us-east-1.amazonaws.com/family_datasets/Food_Nature_and_Simple_Objects/Egg/Natural/5.jpg","https://tactileeval.s3.us-east-1.amazonaws.com/family_datasets/Food_Nature_and_Simple_Objects/Egg/Tactile/5.jpg","","Egg","https://tactileeval.s3.us-east-1.amazonaws.com/family_datasets/Food_Nature_and_Simple_Objects/Egg/Natural/6.jpg","https://tactileeval.s3.us-east-1.amazonaws.com/family_datasets/Food_Nature_and_Simple_Objects/Egg/Tactile/6.jpg","","Egg","https://tactileeval.s3.us-east-1.amazonaws.com/family_datasets/Food_Nature_and_Simple_Objects/Egg/Natural/7.jpg","https://tactileeval.s3.us-east-1.amazonaws.com/family_datasets/Food_Nature_and_Simple_Objects/Egg/Tactile/7_refined.png","","Egg","https://tactileeval.s3.us-east-1.amazonaws.com/family_datasets/Food_Nature_and_Simple_Objects/Egg/Natural/8.jpg","https://tactileeval.s3.us-east-1.amazonaws.com/family_datasets/Food_Nature_and_Simple_Objects/Egg/Tactile/8.jpeg","","Egg","https://tactileeval.s3.us-east-1.amazonaws.com/family_datasets/Food_Nature_and_Simple_Objects/Egg/Natural/9.jpg","https://tactileeval.s3.us-east-1.amazonaws.com/family_datasets/Food_Nature_and_Simple_Objects/Egg/Tactile/9.jpg","","Egg","https://tactileeval.s3.us-east-1.amazonaws.com/family_datasets/Food_Nature_and_Simple_Objects/Egg/Natural/10.jpg","https://tactileeval.s3.us-east-1.amazonaws.com/family_datasets/Food_Nature_and_Simple_Objects/Egg/Tactile/10.jpg","","Egg","https://tactileeval.s3.us-east-1.amazonaws.com/family_datasets/Food_Nature_and_Simple_Objects/Egg/Natural/11.jpg","https://tactileeval.s3.us-east-1.amazonaws.com/family_datasets/Food_Nature_and_Simple_Objects/Egg/Tactile/11.jpg","","Egg","https://tactileeval.s3.us-east-1.amazonaws.com/family_datasets/Food_Nature_and_Simple_Objects/Egg/Natural/12.jpg","https://tactileeval.s3.us-east-1.amazonaws.com/family_datasets/Food_Nature_and_Simple_Objects/Egg/Tactile/12.jpg","","Egg","https://tactileeval.s3.us-east-1.amazonaws.com/family_datasets/Food_Nature_and_Simple_Objects/Egg/Natural/13.jpg","https://tactileeval.s3.us-east-1.amazonaws.com/family_datasets/Food_Nature_and_Simple_Objects/Egg/Tactile/13.jpg","","Egg","https://tactileeval.s3.us-east-1.amazonaws.com/family_datasets/Food_Nature_and_Simple_Objects/Egg/Natural/14.jpg","https://tactileeval.s3.us-east-1.amazonaws.com/family_datasets/Food_Nature_and_Simple_Objects/Egg/Tactile/14.jpg","","[{""question1"":{""background_clean"":true,""configuration_match"":true,""object_match"":true},""question10"":{""background_clean"":true,""configuration_match"":true,""object_match"":true},""question2"":{""background_clean"":true,""configuration_match"":true,""object_match"":true},""question3"":{""background_clean"":true,""configuration_match"":true,""object_match"":true},""question4"":{""background_clean"":true,""configuration_match"":true,""object_match"":false},""question5"":{""background_clean"":true,""configuration_match"":true,""object_match"":true},""question6"":{""background_clean"":true,""configuration_match"":true,""object_match"":true},""question7"":{""background_clean"":true,""configuration_match"":true,""object_match"":false},""question8"":{""background_clean"":true,""configuration_match"":true,""object_match"":true},""question9"":{""background_clean"":true,""configuration_match"":true,""object_match"":false}}]"
"3MA5N0ATU4PXJUJIQ0NAJVXC5GWWKM","3Z7ICGQCY1O87W8MNFF8N8ZBBWFOTX","Categorize images based on background and configuration.","Review 10 simple objects line-arts and judge if it has adequate background and configuration. (10 pairs)","tactile, image review, accessibility, simple objects","$0.08","Mon Apr 13 17:53:45 PDT 2026","7","BatchId:5385319;OriginalHitTemplateId:928390873;","1200","1296000","Mon Apr 20 17:53:45 PDT 2026","","","3HVVDCPGU762X22YPCORT31H3TQTY2","A2U7UDW9Y1WGWF","Approved","Mon Apr 13 21:47:15 PDT 2026","Mon Apr 13 22:00:56 PDT 2026","Tue Apr 28 22:00:56 PDT 2026","Sat Apr 18 19:48:05 PDT 2026","","","821","100% (41/41)","100% (35/35)","100% (35/35)","Egg","https://tactileeval.s3.us-east-1.amazonaws.com/family_datasets/Food_Nature_and_Simple_Objects/Egg/Natural/5.jpg","https://tactileeval.s3.us-east-1.amazonaws.com/family_datasets/Food_Nature_and_Simple_Objects/Egg/Tactile/5.jpg","","Egg","https://tactileeval.s3.us-east-1.amazonaws.com/family_datasets/Food_Nature_and_Simple_Objects/Egg/Natural/6.jpg","https://tactileeval.s3.us-east-1.amazonaws.com/family_datasets/Food_Nature_and_Simple_Objects/Egg/Tactile/6.jpg","","Egg","https://tactileeval.s3.us-east-1.amazonaws.com/family_datasets/Food_Nature_and_Simple_Objects/Egg/Natural/7.jpg","https://tactileeval.s3.us-east-1.amazonaws.com/family_datasets/Food_Nature_and_Simple_Objects/Egg/Tactile/7_refined.png","","Egg","https://tactileeval.s3.us-east-1.amazonaws.com/family_datasets/Food_Nature_and_Simple_Objects/Egg/Natural/8.jpg","https://tactileeval.s3.us-east-1.amazonaws.com/family_datasets/Food_Nature_and_Simple_Objects/Egg/Tactile/8.jpeg","","Egg","https://tactileeval.s3.us-east-1.amazonaws.com/family_datasets/Food_Nature_and_Simple_Objects/Egg/Natural/9.jpg","https://tactileeval.s3.us-east-1.amazonaws.com/family_datasets/Food_Nature_and_Simple_Objects/Egg/Tactile/9.jpg","","Egg","https://tactileeval.s3.us-east-1.amazonaws.com/family_datasets/Food_Nature_and_Simple_Objects/Egg/Natural/10.jpg","https://tactileeval.s3.us-east-1.amazonaws.com/family_datasets/Food_Nature_and_Simple_Objects/Egg/Tactile/10.jpg","","Egg","https://tactileeval.s3.us-east-1.amazonaws.com/family_datasets/Food_Nature_and_Simple_Objects/Egg/Natural/11.jpg","https://tactileeval.s3.us-east-1.amazonaws.com/family_datasets/Food_Nature_and_Simple_Objects/Egg/Tactile/11.jpg","","Egg","https://tactileeval.s3.us-east-1.amazonaws.com/family_datasets/Food_Nature_and_Simple_Objects/Egg/Natural/12.jpg","https://tactileeval.s3.us-east-1.amazonaws.com/family_datasets/Food_Nature_and_Simple_Objects/Egg/Tactile/12.jpg","","Egg","https://tactileeval.s3.us-east-1.amazonaws.com/family_datasets/Food_Nature_and_Simple_Objects/Egg/Natural/13.jpg","https://tactileeval.s3.us-east-1.amazonaws.com/family_datasets/Food_Nature_and_Simple_Objects/Egg/Tactile/13.jpg","","Egg","https://tactileeval.s3.us-east-1.amazonaws.com/family_datasets/Food_Nature_and_Simple_Objects/Egg/Natural/14.jpg","https://tactileeval.s3.us-east-1.amazonaws.com/family_datasets/Food_Nature_and_Simple_Objects/Egg/Tactile/14.jpg","","[{""question1"":{""background_clean"":true,""configuration_match"":false,""object_match"":true},""question10"":{""background_clean"":true,""configuration_match"":true,""object_match"":true},""question2"":{""background_clean"":true,""configuration_match"":true,""object_match"":true},""question3"":{""background_clean"":true,""configuration_match"":true,""object_match"":true},""question4"":{""background_clean"":true,""configuration_match"":false,""object_match"":false},""question5"":{""background_clean"":true,""configuration_match"":true,""object_match"":true},""question6"":{""background_clean"":true,""configuration_match"":true,""object_match"":true},""question7"":{""background_clean"":true,""configuration_match"":true,""object_match"":false},""question8"":{""background_clean"":true,""configuration_match"":true,""object_match"":true},""question9"":{""background_clean"":true,""configuration_match"":false,""object_match"":true}}]"
"3MA5N0ATU4PXJUJIQ0NAJVXC5GWWKM","3Z7ICGQCY1O87W8MNFF8N8ZBBWFOTX","Categorize images based on background and configuration.","Review 10 simple objects line-arts and judge if it has adequate background and configuration. (10 pairs)","tactile, image review, accessibility, simple objects","$0.08","Mon Apr 13 17:53:45 PDT 2026","7","BatchId:5385319;OriginalHitTemplateId:928390873;","1200","1296000","Mon Apr 20 17:53:45 PDT 2026","","","3HRMW88U2Z41NCGT87C6FXC5X8L0MD","A2J1106X8NPZGP","Approved","Mon Apr 13 22:19:40 PDT 2026","Mon Apr 13 22:38:45 PDT 2026","Tue Apr 28 22:38:45 PDT 2026","Sat Apr 18 19:48:05 PDT 2026","","","1145","43% (19/44)","43% (19/44)","43% (19/44)","Egg","https://tactileeval.s3.us-east-1.amazonaws.com/family_datasets/Food_Nature_and_Simple_Objects/Egg/Natural/5.jpg","https://tactileeval.s3.us-east-1.amazonaws.com/family_datasets/Food_Nature_and_Simple_Objects/Egg/Tactile/5.jpg","","Egg","https://tactileeval.s3.us-east-1.amazonaws.com/family_datasets/Food_Nature_and_Simple_Objects/Egg/Natural/6.jpg","https://tactileeval.s3.us-east-1.amazonaws.com/family_datasets/Food_Nature_and_Simple_Objects/Egg/Tactile/6.jpg","","Egg","https://tactileeval.s3.us-east-1.amazonaws.com/family_datasets/Food_Nature_and_Simple_Objects/Egg/Natural/7.jpg","https://tactileeval.s3.us-east-1.amazonaws.com/family_datasets/Food_Nature_and_Simple_Objects/Egg/Tactile/7_refined.png","","Egg","https://tactileeval.s3.us-east-1.amazonaws.com/family_datasets/Food_Nature_and_Simple_Objects/Egg/Natural/8.jpg","https://tactileeval.s3.us-east-1.amazonaws.com/family_datasets/Food_Nature_and_Simple_Objects/Egg/Tactile/8.jpeg","","Egg","https://tactileeval.s3.us-east-1.amazonaws.com/family_datasets/Food_Nature_and_Simple_Objects/Egg/Natural/9.jpg","https://tactileeval.s3.us-east-1.amazonaws.com/family_datasets/Food_Nature_and_Simple_Objects/Egg/Tactile/9.jpg","","Egg","https://tactileeval.s3.us-east-1.amazonaws.com/family_datasets/Food_Nature_and_Simple_Objects/Egg/Natural/10.jpg","https://tactileeval.s3.us-east-1.amazonaws.com/family_datasets/Food_Nature_and_Simple_Objects/Egg/Tactile/10.jpg","","Egg","https://tactileeval.s3.us-east-1.amazonaws.com/family_datasets/Food_Nature_and_Simple_Objects/Egg/Natural/11.jpg","https://tactileeval.s3.us-east-1.amazonaws.com/family_datasets/Food_Nature_and_Simple_Objects/Egg/Tactile/11.jpg","","Egg","https://tactileeval.s3.us-east-1.amazonaws.com/family_datasets/Food_Nature_and_Simple_Objects/Egg/Natural/12.jpg","https://tactileeval.s3.us-east-1.amazonaws.com/family_datasets/Food_Nature_and_Simple_Objects/Egg/Tactile/12.jpg","","Egg","https://tactileeval.s3.us-east-1.amazonaws.com/family_datasets/Food_Nature_and_Simple_Objects/Egg/Natural/13.jpg","https://tactileeval.s3.us-east-1.amazonaws.com/family_datasets/Food_Nature_and_Simple_Objects/Egg/Tactile/13.jpg","","Egg","https://tactileeval.s3.us-east-1.amazonaws.com/family_datasets/Food_Nature_and_Simple_Objects/Egg/Natural/14.jpg","https://tactileeval.s3.us-east-1.amazonaws.com/family_datasets/Food_Nature_and_Simple_Objects/Egg/Tactile/14.jpg","","[{""question1"":{""background_clean"":true,""configuration_match"":false,""object_match"":true},""question10"":{""background_clean"":true,""configuration_match"":false,""object_match"":false},""question2"":{""background_clean"":true,""configuration_match"":false,""object_match"":true},""question3"":{""background_clean"":true,""configuration_match"":false,""object_match"":true},""question4"":{""background_clean"":true,""configuration_match"":false,""object_match"":false},""question5"":{""background_clean"":true,""configuration_match"":true,""object_match"":true},""question6"":{""background_clean"":true,""configuration_match"":true,""object_match"":true},""question7"":{""background_clean"":true,""configuration_match"":false,""object_match"":false},""question8"":{""background_clean"":true,""configuration_match"":true,""object_match"":true},""question9"":{""background_clean"":true,""configuration_match"":false,""object_match"":false}}]"
"3MA5N0ATU4PXJUJIQ0NAJVXC5GWWKM","3Z7ICGQCY1O87W8MNFF8N8ZBBWFOTX","Categorize images based on background and configuration.","Review 10 simple objects line-arts and judge if it has adequate background and configuration. (10 pairs)","tactile, image review, accessibility, simple objects","$0.08","Mon Apr 13 17:53:45 PDT 2026","7","BatchId:5385319;OriginalHitTemplateId:928390873;","1200","1296000","Mon Apr 20 17:53:45 PDT 2026","","","3SEPORI8XGDXNWDUFYZTC5KRLYLZAQ","A36H75IU3Q97QS","Approved","Mon Apr 13 23:28:09 PDT 2026","Mon Apr 13 23:30:42 PDT 2026","Tue Apr 28 23:30:42 PDT 2026","Sat Apr 18 19:48:05 PDT 2026","","","153","37% (7/19)","37% (7/19)","37% (7/19)","Egg","https://tactileeval.s3.us-east-1.amazonaws.com/family_datasets/Food_Nature_and_Simple_Objects/Egg/Natural/5.jpg","https://tactileeval.s3.us-east-1.amazonaws.com/family_datasets/Food_Nature_and_Simple_Objects/Egg/Tactile/5.jpg","","Egg","https://tactileeval.s3.us-east-1.amazonaws.com/family_datasets/Food_Nature_and_Simple_Objects/Egg/Natural/6.jpg","https://tactileeval.s3.us-east-1.amazonaws.com/family_datasets/Food_Nature_and_Simple_Objects/Egg/Tactile/6.jpg","","Egg","https://tactileeval.s3.us-east-1.amazonaws.com/family_datasets/Food_Nature_and_Simple_Objects/Egg/Natural/7.jpg","https://tactileeval.s3.us-east-1.amazonaws.com/family_datasets/Food_Nature_and_Simple_Objects/Egg/Tactile/7_refined.png","","Egg","https://tactileeval.s3.us-east-1.amazonaws.com/family_datasets/Food_Nature_and_Simple_Objects/Egg/Natural/8.jpg","https://tactileeval.s3.us-east-1.amazonaws.com/family_datasets/Food_Nature_and_Simple_Objects/Egg/Tactile/8.jpeg","","Egg","https://tactileeval.s3.us-east-1.amazonaws.com/family_datasets/Food_Nature_and_Simple_Objects/Egg/Natural/9.jpg","https://tactileeval.s3.us-east-1.amazonaws.com/family_datasets/Food_Nature_and_Simple_Objects/Egg/Tactile/9.jpg","","Egg","https://tactileeval.s3.us-east-1.amazonaws.com/family_datasets/Food_Nature_and_Simple_Objects/Egg/Natural/10.jpg","https://tactileeval.s3.us-east-1.amazonaws.com/family_datasets/Food_Nature_and_Simple_Objects/Egg/Tactile/10.jpg","","Egg","https://tactileeval.s3.us-east-1.amazonaws.com/family_datasets/Food_Nature_and_Simple_Objects/Egg/Natural/11.jpg","https://tactileeval.s3.us-east-1.amazonaws.com/family_datasets/Food_Nature_and_Simple_Objects/Egg/Tactile/11.jpg","","Egg","https://tactileeval.s3.us-east-1.amazonaws.com/family_datasets/Food_Nature_and_Simple_Objects/Egg/Natural/12.jpg","https://tactileeval.s3.us-east-1.amazonaws.com/family_datasets/Food_Nature_and_Simple_Objects/Egg/Tactile/12.jpg","","Egg","https://tactileeval.s3.us-east-1.amazonaws.com/family_datasets/Food_Nature_and_Simple_Objects/Egg/Natural/13.jpg","https://tactileeval.s3.us-east-1.amazonaws.com/family_datasets/Food_Nature_and_Simple_Objects/Egg/Tactile/13.jpg","","Egg","https://tactileeval.s3.us-east-1.amazonaws.com/family_datasets/Food_Nature_and_Simple_Objects/Egg/Natural/14.jpg","https://tactileeval.s3.us-east-1.amazonaws.com/family_datasets/Food_Nature_and_Simple_Objects/Egg/Tactile/14.jpg","","[{""question1"":{""background_clean"":true,""configuration_match"":false,""object_match"":false},""question10"":{""background_clean"":false,""configuration_match"":false,""object_match"":true},""question2"":{""background_clean"":true,""configuration_match"":true,""object_match"":true},""question3"":{""background_clean"":true,""configuration_match"":true,""object_match"":true},""question4"":{""background_clean"":false,""configuration_match"":false,""object_match"":true},""question5"":{""background_clean"":true,""configuration_match"":true,""object_match"":true},""question6"":{""background_clean"":true,""configuration_match"":false,""object_match"":true},""question7"":{""background_clean"":true,""configuration_match"":false,""object_match"":true},""question8"":{""background_clean"":true,""configuration_match"":true,""object_match"":true},""question9"":{""background_clean"":false,""configuration_match"":false,""object_match"":true}}]"
"3OZ4VAIBFPTPTLDVI5I2WEELJIVJV1","3Z7ICGQCY1O87W8MNFF8N8ZBBWFOTX","Categorize images based on background and configuration.","Review 10 simple objects line-arts and judge if it has adequate background and configuration. (10 pairs)","tactile, image review, accessibility, simple objects","$0.08","Mon Apr 13 17:53:45 PDT 2026","7","BatchId:5385319;OriginalHitTemplateId:928390873;","1200","1296000","Mon Apr 20 17:53:45 PDT 2026","","","3QAVNHZ3FFIDI7WQ0X8K4Q9T6OMALP","AJZHPDCKUVRM8","Approved","Mon Apr 13 19:32:52 PDT 2026","Mon Apr 13 19:33:55 PDT 2026","Tue Apr 28 19:33:55 PDT 2026","Sat Apr 18 19:48:06 PDT 2026","","","63","86% (67/78)","86% (67/78)","86% (67/78)","Egg","https://tactileeval.s3.us-east-1.amazonaws.com/family_datasets/Food_Nature_and_Simple_Objects/Egg/Natural/15.jpg","https://tactileeval.s3.us-east-1.amazonaws.com/family_datasets/Food_Nature_and_Simple_Objects/Egg/Tactile/15.jpg","","Flower","https://tactileeval.s3.us-east-1.amazonaws.com/family_datasets/Food_Nature_and_Simple_Objects/Flower/Natural/Flower_1.jpg","https://tactileeval.s3.us-east-1.amazonaws.com/family_datasets/Food_Nature_and_Simple_Objects/Flower/Tactile/1.jpg","","Flower","https://tactileeval.s3.us-east-1.amazonaws.com/family_datasets/Food_Nature_and_Simple_Objects/Flower/Natural/Flower_2.jpg","https://tactileeval.s3.us-east-1.amazonaws.com/family_datasets/Food_Nature_and_Simple_Objects/Flower/Tactile/2.jpg","","Flower","https://tactileeval.s3.us-east-1.amazonaws.com/family_datasets/Food_Nature_and_Simple_Objects/Flower/Natural/Flower_3_refined.jpg","https://tactileeval.s3.us-east-1.amazonaws.com/family_datasets/Food_Nature_and_Simple_Objects/Flower/Tactile/3_refined.png","","Flower","https://tactileeval.s3.us-east-1.amazonaws.com/family_datasets/Food_Nature_and_Simple_Objects/Flower/Natural/Flower_4.jpeg","https://tactileeval.s3.us-east-1.amazonaws.com/family_datasets/Food_Nature_and_Simple_Objects/Flower/Tactile/4.jpg","","Flower","https://tactileeval.s3.us-east-1.amazonaws.com/family_datasets/Food_Nature_and_Simple_Objects/Flower/Natural/Flower_5.jpg","https://tactileeval.s3.us-east-1.amazonaws.com/family_datasets/Food_Nature_and_Simple_Objects/Flower/Tactile/5.jpg","","Flower","https://tactileeval.s3.us-east-1.amazonaws.com/family_datasets/Food_Nature_and_Simple_Objects/Flower/Natural/Flower_6.jpg","https://tactileeval.s3.us-east-1.amazonaws.com/family_datasets/Food_Nature_and_Simple_Objects/Flower/Tactile/6.jpg","","Flower","https://tactileeval.s3.us-east-1.amazonaws.com/family_datasets/Food_Nature_and_Simple_Objects/Flower/Natural/Flower_7.jpg","https://tactileeval.s3.us-east-1.amazonaws.com/family_datasets/Food_Nature_and_Simple_Objects/Flower/Tactile/7.jpg","","Flower","https://tactileeval.s3.us-east-1.amazonaws.com/family_datasets/Food_Nature_and_Simple_Objects/Flower/Natural/Flower_8.jpg","https://tactileeval.s3.us-east-1.amazonaws.com/family_datasets/Food_Nature_and_Simple_Objects/Flower/Tactile/8.jpg","","Flower","https://tactileeval.s3.us-east-1.amazonaws.com/family_datasets/Food_Nature_and_Simple_Objects/Flower/Natural/Flower_9.jpeg","https://tactileeval.s3.us-east-1.amazonaws.com/family_datasets/Food_Nature_and_Simple_Objects/Flower/Tactile/9.jpg","","[{""question1"":{""background_clean"":true,""configuration_match"":false,""object_match"":true},""question10"":{""background_clean"":true,""configuration_match"":false,""object_match"":false},""question2"":{""background_clean"":true,""configuration_match"":false,""object_match"":true},""question3"":{""background_clean"":true,""configuration_match"":false,""object_match"":true},""question4"":{""background_clean"":true,""configuration_match"":false,""object_match"":true},""question5"":{""background_clean"":true,""configuration_match"":false,""object_match"":false},""question6"":{""background_clean"":true,""configuration_match"":false,""object_match"":false},""question7"":{""background_clean"":true,""configuration_match"":false,""object_match"":false},""question8"":{""background_clean"":true,""configuration_match"":false,""object_match"":false},""question9"":{""background_clean"":true,""configuration_match"":false,""object_match"":false}}]"
"3OZ4VAIBFPTPTLDVI5I2WEELJIVJV1","3Z7ICGQCY1O87W8MNFF8N8ZBBWFOTX","Categorize images based on background and configuration.","Review 10 simple objects line-arts and judge if it has adequate background and configuration. (10 pairs)","tactile, image review, accessibility, simple objects","$0.08","Mon Apr 13 17:53:45 PDT 2026","7","BatchId:5385319;OriginalHitTemplateId:928390873;","1200","1296000","Mon Apr 20 17:53:45 PDT 2026","","","3X66WABAKPWXCUJ4GRWU4QQF4XBG3W","ACUA3D1ZUVZU3","Approved","Mon Apr 13 20:01:44 PDT 2026","Mon Apr 13 20:05:37 PDT 2026","Tue Apr 28 20:05:37 PDT 2026","Sat Apr 18 19:48:06 PDT 2026","","","233","93% (14/15)","93% (14/15)","93% (14/15)","Egg","https://tactileeval.s3.us-east-1.amazonaws.com/family_datasets/Food_Nature_and_Simple_Objects/Egg/Natural/15.jpg","https://tactileeval.s3.us-east-1.amazonaws.com/family_datasets/Food_Nature_and_Simple_Objects/Egg/Tactile/15.jpg","","Flower","https://tactileeval.s3.us-east-1.amazonaws.com/family_datasets/Food_Nature_and_Simple_Objects/Flower/Natural/Flower_1.jpg","https://tactileeval.s3.us-east-1.amazonaws.com/family_datasets/Food_Nature_and_Simple_Objects/Flower/Tactile/1.jpg","","Flower","https://tactileeval.s3.us-east-1.amazonaws.com/family_datasets/Food_Nature_and_Simple_Objects/Flower/Natural/Flower_2.jpg","https://tactileeval.s3.us-east-1.amazonaws.com/family_datasets/Food_Nature_and_Simple_Objects/Flower/Tactile/2.jpg","","Flower","https://tactileeval.s3.us-east-1.amazonaws.com/family_datasets/Food_Nature_and_Simple_Objects/Flower/Natural/Flower_3_refined.jpg","https://tactileeval.s3.us-east-1.amazonaws.com/family_datasets/Food_Nature_and_Simple_Objects/Flower/Tactile/3_refined.png","","Flower","https://tactileeval.s3.us-east-1.amazonaws.com/family_datasets/Food_Nature_and_Simple_Objects/Flower/Natural/Flower_4.jpeg","https://tactileeval.s3.us-east-1.amazonaws.com/family_datasets/Food_Nature_and_Simple_Objects/Flower/Tactile/4.jpg","","Flower","https://tactileeval.s3.us-east-1.amazonaws.com/family_datasets/Food_Nature_and_Simple_Objects/Flower/Natural/Flower_5.jpg","https://tactileeval.s3.us-east-1.amazonaws.com/family_datasets/Food_Nature_and_Simple_Objects/Flower/Tactile/5.jpg","","Flower","https://tactileeval.s3.us-east-1.amazonaws.com/family_datasets/Food_Nature_and_Simple_Objects/Flower/Natural/Flower_6.jpg","https://tactileeval.s3.us-east-1.amazonaws.com/family_datasets/Food_Nature_and_Simple_Objects/Flower/Tactile/6.jpg","","Flower","https://tactileeval.s3.us-east-1.amazonaws.com/family_datasets/Food_Nature_and_Simple_Objects/Flower/Natural/Flower_7.jpg","https://tactileeval.s3.us-east-1.amazonaws.com/family_datasets/Food_Nature_and_Simple_Objects/Flower/Tactile/7.jpg","","Flower","https://tactileeval.s3.us-east-1.amazonaws.com/family_datasets/Food_Nature_and_Simple_Objects/Flower/Natural/Flower_8.jpg","https://tactileeval.s3.us-east-1.amazonaws.com/family_datasets/Food_Nature_and_Simple_Objects/Flower/Tactile/8.jpg","","Flower","https://tactileeval.s3.us-east-1.amazonaws.com/family_datasets/Food_Nature_and_Simple_Objects/Flower/Natural/Flower_9.jpeg","https://tactileeval.s3.us-east-1.amazonaws.com/family_datasets/Food_Nature_and_Simple_Objects/Flower/Tactile/9.jpg","","[{""question1"":{""background_clean"":true,""configuration_match"":true,""object_match"":true},""question10"":{""background_clean"":true,""configuration_match"":false,""object_match"":true},""question2"":{""background_clean"":false,""configuration_match"":false,""object_match"":true},""question3"":{""background_clean"":true,""configuration_match"":false,""object_match"":true},""question4"":{""background_clean"":true,""configuration_match"":false,""object_match"":true},""question5"":{""background_clean"":true,""configuration_match"":false,""object_match"":true},""question6"":{""background_clean"":true,""configuration_match"":false,""object_match"":true},""question7"":{""background_clean"":true,""configuration_match"":false,""object_match"":true},""question8"":{""background_clean"":false,""configuration_match"":true,""object_match"":true},""question9"":{""background_clean"":true,""configuration_match"":false,""object_match"":true}}]"
"3OZ4VAIBFPTPTLDVI5I2WEELJIVJV1","3Z7ICGQCY1O87W8MNFF8N8ZBBWFOTX","Categorize images based on background and configuration.","Review 10 simple objects line-arts and judge if it has adequate background and configuration. (10 pairs)","tactile, image review, accessibility, simple objects","$0.08","Mon Apr 13 17:53:45 PDT 2026","7","BatchId:5385319;OriginalHitTemplateId:928390873;","1200","1296000","Mon Apr 20 17:53:45 PDT 2026","","","3TEM0PF1RYBYJIAGVED3W7PBOUG0DI","A22YCS3UW15WOO","Approved","Mon Apr 13 20:41:08 PDT 2026","Mon Apr 13 20:51:28 PDT 2026","Tue Apr 28 20:51:28 PDT 2026","Sat Apr 18 19:48:06 PDT 2026","","","620","94% (207/220)","86% (82/95)","86% (82/95)","Egg","https://tactileeval.s3.us-east-1.amazonaws.com/family_datasets/Food_Nature_and_Simple_Objects/Egg/Natural/15.jpg","https://tactileeval.s3.us-east-1.amazonaws.com/family_datasets/Food_Nature_and_Simple_Objects/Egg/Tactile/15.jpg","","Flower","https://tactileeval.s3.us-east-1.amazonaws.com/family_datasets/Food_Nature_and_Simple_Objects/Flower/Natural/Flower_1.jpg","https://tactileeval.s3.us-east-1.amazonaws.com/family_datasets/Food_Nature_and_Simple_Objects/Flower/Tactile/1.jpg","","Flower","https://tactileeval.s3.us-east-1.amazonaws.com/family_datasets/Food_Nature_and_Simple_Objects/Flower/Natural/Flower_2.jpg","https://tactileeval.s3.us-east-1.amazonaws.com/family_datasets/Food_Nature_and_Simple_Objects/Flower/Tactile/2.jpg","","Flower","https://tactileeval.s3.us-east-1.amazonaws.com/family_datasets/Food_Nature_and_Simple_Objects/Flower/Natural/Flower_3_refined.jpg","https://tactileeval.s3.us-east-1.amazonaws.com/family_datasets/Food_Nature_and_Simple_Objects/Flower/Tactile/3_refined.png","","Flower","https://tactileeval.s3.us-east-1.amazonaws.com/family_datasets/Food_Nature_and_Simple_Objects/Flower/Natural/Flower_4.jpeg","https://tactileeval.s3.us-east-1.amazonaws.com/family_datasets/Food_Nature_and_Simple_Objects/Flower/Tactile/4.jpg","","Flower","https://tactileeval.s3.us-east-1.amazonaws.com/family_datasets/Food_Nature_and_Simple_Objects/Flower/Natural/Flower_5.jpg","https://tactileeval.s3.us-east-1.amazonaws.com/family_datasets/Food_Nature_and_Simple_Objects/Flower/Tactile/5.jpg","","Flower","https://tactileeval.s3.us-east-1.amazonaws.com/family_datasets/Food_Nature_and_Simple_Objects/Flower/Natural/Flower_6.jpg","https://tactileeval.s3.us-east-1.amazonaws.com/family_datasets/Food_Nature_and_Simple_Objects/Flower/Tactile/6.jpg","","Flower","https://tactileeval.s3.us-east-1.amazonaws.com/family_datasets/Food_Nature_and_Simple_Objects/Flower/Natural/Flower_7.jpg","https://tactileeval.s3.us-east-1.amazonaws.com/family_datasets/Food_Nature_and_Simple_Objects/Flower/Tactile/7.jpg","","Flower","https://tactileeval.s3.us-east-1.amazonaws.com/family_datasets/Food_Nature_and_Simple_Objects/Flower/Natural/Flower_8.jpg","https://tactileeval.s3.us-east-1.amazonaws.com/family_datasets/Food_Nature_and_Simple_Objects/Flower/Tactile/8.jpg","","Flower","https://tactileeval.s3.us-east-1.amazonaws.com/family_datasets/Food_Nature_and_Simple_Objects/Flower/Natural/Flower_9.jpeg","https://tactileeval.s3.us-east-1.amazonaws.com/family_datasets/Food_Nature_and_Simple_Objects/Flower/Tactile/9.jpg","","[{""question1"":{""background_clean"":true,""configuration_match"":true,""object_match"":true},""question10"":{""background_clean"":true,""configuration_match"":true,""object_match"":true},""question2"":{""background_clean"":true,""configuration_match"":true,""object_match"":true},""question3"":{""background_clean"":true,""configuration_match"":true,""object_match"":true},""question4"":{""background_clean"":true,""configuration_match"":true,""object_match"":true},""question5"":{""background_clean"":true,""configuration_match"":true,""object_match"":true},""question6"":{""background_clean"":true,""configuration_match"":true,""object_match"":true},""question7"":{""background_clean"":true,""configuration_match"":true,""object_match"":true},""question8"":{""background_clean"":true,""configuration_match"":true,""object_match"":true},""question9"":{""background_clean"":true,""configuration_match"":true,""object_match"":true}}]"
"3OZ4VAIBFPTPTLDVI5I2WEELJIVJV1","3Z7ICGQCY1O87W8MNFF8N8ZBBWFOTX","Categorize images based on background and configuration.","Review 10 simple objects line-arts and judge if it has adequate background and configuration. (10 pairs)","tactile, image review, accessibility, simple objects","$0.08","Mon Apr 13 17:53:45 PDT 2026","7","BatchId:5385319;OriginalHitTemplateId:928390873;","1200","1296000","Mon Apr 20 17:53:45 PDT 2026","","","3DOCMVPBUGSAQQT0LET43OXIARTNNY","A2FK6782M09EBO","Approved","Mon Apr 13 20:49:52 PDT 2026","Mon Apr 13 21:08:39 PDT 2026","Tue Apr 28 21:08:39 PDT 2026","Sat Apr 18 19:48:06 PDT 2026","","","1127","94% (101/107)","94% (101/107)","94% (101/107)","Egg","https://tactileeval.s3.us-east-1.amazonaws.com/family_datasets/Food_Nature_and_Simple_Objects/Egg/Natural/15.jpg","https://tactileeval.s3.us-east-1.amazonaws.com/family_datasets/Food_Nature_and_Simple_Objects/Egg/Tactile/15.jpg","","Flower","https://tactileeval.s3.us-east-1.amazonaws.com/family_datasets/Food_Nature_and_Simple_Objects/Flower/Natural/Flower_1.jpg","https://tactileeval.s3.us-east-1.amazonaws.com/family_datasets/Food_Nature_and_Simple_Objects/Flower/Tactile/1.jpg","","Flower","https://tactileeval.s3.us-east-1.amazonaws.com/family_datasets/Food_Nature_and_Simple_Objects/Flower/Natural/Flower_2.jpg","https://tactileeval.s3.us-east-1.amazonaws.com/family_datasets/Food_Nature_and_Simple_Objects/Flower/Tactile/2.jpg","","Flower","https://tactileeval.s3.us-east-1.amazonaws.com/family_datasets/Food_Nature_and_Simple_Objects/Flower/Natural/Flower_3_refined.jpg","https://tactileeval.s3.us-east-1.amazonaws.com/family_datasets/Food_Nature_and_Simple_Objects/Flower/Tactile/3_refined.png","","Flower","https://tactileeval.s3.us-east-1.amazonaws.com/family_datasets/Food_Nature_and_Simple_Objects/Flower/Natural/Flower_4.jpeg","https://tactileeval.s3.us-east-1.amazonaws.com/family_datasets/Food_Nature_and_Simple_Objects/Flower/Tactile/4.jpg","","Flower","https://tactileeval.s3.us-east-1.amazonaws.com/family_datasets/Food_Nature_and_Simple_Objects/Flower/Natural/Flower_5.jpg","https://tactileeval.s3.us-east-1.amazonaws.com/family_datasets/Food_Nature_and_Simple_Objects/Flower/Tactile/5.jpg","","Flower","https://tactileeval.s3.us-east-1.amazonaws.com/family_datasets/Food_Nature_and_Simple_Objects/Flower/Natural/Flower_6.jpg","https://tactileeval.s3.us-east-1.amazonaws.com/family_datasets/Food_Nature_and_Simple_Objects/Flower/Tactile/6.jpg","","Flower","https://tactileeval.s3.us-east-1.amazonaws.com/family_datasets/Food_Nature_and_Simple_Objects/Flower/Natural/Flower_7.jpg","https://tactileeval.s3.us-east-1.amazonaws.com/family_datasets/Food_Nature_and_Simple_Objects/Flower/Tactile/7.jpg","","Flower","https://tactileeval.s3.us-east-1.amazonaws.com/family_datasets/Food_Nature_and_Simple_Objects/Flower/Natural/Flower_8.jpg","https://tactileeval.s3.us-east-1.amazonaws.com/family_datasets/Food_Nature_and_Simple_Objects/Flower/Tactile/8.jpg","","Flower","https://tactileeval.s3.us-east-1.amazonaws.com/family_datasets/Food_Nature_and_Simple_Objects/Flower/Natural/Flower_9.jpeg","https://tactileeval.s3.us-east-1.amazonaws.com/family_datasets/Food_Nature_and_Simple_Objects/Flower/Tactile/9.jpg","","[{""question1"":{""background_clean"":true,""configuration_match"":true,""object_match"":true},""question10"":{""background_clean"":true,""configuration_match"":true,""object_match"":true},""question2"":{""background_clean"":true,""configuration_match"":true,""object_match"":true},""question3"":{""background_clean"":true,""configuration_match"":false,""object_match"":true},""question4"":{""background_clean"":true,""configuration_match"":true,""object_match"":true},""question5"":{""background_clean"":true,""configuration_match"":true,""object_match"":true},""question6"":{""background_clean"":false,""configuration_match"":true,""object_match"":true},""question7"":{""background_clean"":true,""configuration_match"":false,""object_match"":true},""question8"":{""background_clean"":true,""configuration_match"":false,""object_match"":true},""question9"":{""background_clean"":true,""configuration_match"":false,""object_match"":false}}]"
"3OZ4VAIBFPTPTLDVI5I2WEELJIVJV1","3Z7ICGQCY1O87W8MNFF8N8ZBBWFOTX","Categorize images based on background and configuration.","Review 10 simple objects line-arts and judge if it has adequate background and configuration. (10 pairs)","tactile, image review, accessibility, simple objects","$0.08","Mon Apr 13 17:53:45 PDT 2026","7","BatchId:5385319;OriginalHitTemplateId:928390873;","1200","1296000","Mon Apr 20 17:53:45 PDT 2026","","","38BQUHLAAPEMQT8CASEH5Y8NVBWOMM","A1SMWIBTQ2AESU","Approved","Mon Apr 13 21:51:36 PDT 2026","Mon Apr 13 22:08:42 PDT 2026","Tue Apr 28 22:08:42 PDT 2026","Sat Apr 18 19:48:06 PDT 2026","","","1026","79% (67/85)","79% (66/84)","79% (66/84)","Egg","https://tactileeval.s3.us-east-1.amazonaws.com/family_datasets/Food_Nature_and_Simple_Objects/Egg/Natural/15.jpg","https://tactileeval.s3.us-east-1.amazonaws.com/family_datasets/Food_Nature_and_Simple_Objects/Egg/Tactile/15.jpg","","Flower","https://tactileeval.s3.us-east-1.amazonaws.com/family_datasets/Food_Nature_and_Simple_Objects/Flower/Natural/Flower_1.jpg","https://tactileeval.s3.us-east-1.amazonaws.com/family_datasets/Food_Nature_and_Simple_Objects/Flower/Tactile/1.jpg","","Flower","https://tactileeval.s3.us-east-1.amazonaws.com/family_datasets/Food_Nature_and_Simple_Objects/Flower/Natural/Flower_2.jpg","https://tactileeval.s3.us-east-1.amazonaws.com/family_datasets/Food_Nature_and_Simple_Objects/Flower/Tactile/2.jpg","","Flower","https://tactileeval.s3.us-east-1.amazonaws.com/family_datasets/Food_Nature_and_Simple_Objects/Flower/Natural/Flower_3_refined.jpg","https://tactileeval.s3.us-east-1.amazonaws.com/family_datasets/Food_Nature_and_Simple_Objects/Flower/Tactile/3_refined.png","","Flower","https://tactileeval.s3.us-east-1.amazonaws.com/family_datasets/Food_Nature_and_Simple_Objects/Flower/Natural/Flower_4.jpeg","https://tactileeval.s3.us-east-1.amazonaws.com/family_datasets/Food_Nature_and_Simple_Objects/Flower/Tactile/4.jpg","","Flower","https://tactileeval.s3.us-east-1.amazonaws.com/family_datasets/Food_Nature_and_Simple_Objects/Flower/Natural/Flower_5.jpg","https://tactileeval.s3.us-east-1.amazonaws.com/family_datasets/Food_Nature_and_Simple_Objects/Flower/Tactile/5.jpg","","Flower","https://tactileeval.s3.us-east-1.amazonaws.com/family_datasets/Food_Nature_and_Simple_Objects/Flower/Natural/Flower_6.jpg","https://tactileeval.s3.us-east-1.amazonaws.com/family_datasets/Food_Nature_and_Simple_Objects/Flower/Tactile/6.jpg","","Flower","https://tactileeval.s3.us-east-1.amazonaws.com/family_datasets/Food_Nature_and_Simple_Objects/Flower/Natural/Flower_7.jpg","https://tactileeval.s3.us-east-1.amazonaws.com/family_datasets/Food_Nature_and_Simple_Objects/Flower/Tactile/7.jpg","","Flower","https://tactileeval.s3.us-east-1.amazonaws.com/family_datasets/Food_Nature_and_Simple_Objects/Flower/Natural/Flower_8.jpg","https://tactileeval.s3.us-east-1.amazonaws.com/family_datasets/Food_Nature_and_Simple_Objects/Flower/Tactile/8.jpg","","Flower","https://tactileeval.s3.us-east-1.amazonaws.com/family_datasets/Food_Nature_and_Simple_Objects/Flower/Natural/Flower_9.jpeg","https://tactileeval.s3.us-east-1.amazonaws.com/family_datasets/Food_Nature_and_Simple_Objects/Flower/Tactile/9.jpg","","[{""question1"":{""background_clean"":true,""configuration_match"":true,""object_match"":true},""question10"":{""background_clean"":true,""configuration_match"":true,""object_match"":false},""question2"":{""background_clean"":true,""configuration_match"":true,""object_match"":false},""question3"":{""background_clean"":true,""configuration_match"":true,""object_match"":false},""question4"":{""background_clean"":true,""configuration_match"":true,""object_match"":true},""question5"":{""background_clean"":true,""configuration_match"":true,""object_match"":false},""question6"":{""background_clean"":true,""configuration_match"":true,""object_match"":false},""question7"":{""background_clean"":true,""configuration_match"":true,""object_match"":false},""question8"":{""background_clean"":true,""configuration_match"":true,""object_match"":true},""question9"":{""background_clean"":true,""configuration_match"":false,""object_match"":false}}]"
"3OZ4VAIBFPTPTLDVI5I2WEELJIVJV1","3Z7ICGQCY1O87W8MNFF8N8ZBBWFOTX","Categorize images based on background and configuration.","Review 10 simple objects line-arts and judge if it has adequate background and configuration. (10 pairs)","tactile, image review, accessibility, simple objects","$0.08","Mon Apr 13 17:53:45 PDT 2026","7","BatchId:5385319;OriginalHitTemplateId:928390873;","1200","1296000","Mon Apr 20 17:53:45 PDT 2026","","","324G5B4FCWMI299641AHWFFF2JP071","A2J1106X8NPZGP","Approved","Mon Apr 13 22:17:22 PDT 2026","Mon Apr 13 22:29:14 PDT 2026","Tue Apr 28 22:29:14 PDT 2026","Sat Apr 18 19:48:06 PDT 2026","","","712","43% (19/44)","43% (19/44)","43% (19/44)","Egg","https://tactileeval.s3.us-east-1.amazonaws.com/family_datasets/Food_Nature_and_Simple_Objects/Egg/Natural/15.jpg","https://tactileeval.s3.us-east-1.amazonaws.com/family_datasets/Food_Nature_and_Simple_Objects/Egg/Tactile/15.jpg","","Flower","https://tactileeval.s3.us-east-1.amazonaws.com/family_datasets/Food_Nature_and_Simple_Objects/Flower/Natural/Flower_1.jpg","https://tactileeval.s3.us-east-1.amazonaws.com/family_datasets/Food_Nature_and_Simple_Objects/Flower/Tactile/1.jpg","","Flower","https://tactileeval.s3.us-east-1.amazonaws.com/family_datasets/Food_Nature_and_Simple_Objects/Flower/Natural/Flower_2.jpg","https://tactileeval.s3.us-east-1.amazonaws.com/family_datasets/Food_Nature_and_Simple_Objects/Flower/Tactile/2.jpg","","Flower","https://tactileeval.s3.us-east-1.amazonaws.com/family_datasets/Food_Nature_and_Simple_Objects/Flower/Natural/Flower_3_refined.jpg","https://tactileeval.s3.us-east-1.amazonaws.com/family_datasets/Food_Nature_and_Simple_Objects/Flower/Tactile/3_refined.png","","Flower","https://tactileeval.s3.us-east-1.amazonaws.com/family_datasets/Food_Nature_and_Simple_Objects/Flower/Natural/Flower_4.jpeg","https://tactileeval.s3.us-east-1.amazonaws.com/family_datasets/Food_Nature_and_Simple_Objects/Flower/Tactile/4.jpg","","Flower","https://tactileeval.s3.us-east-1.amazonaws.com/family_datasets/Food_Nature_and_Simple_Objects/Flower/Natural/Flower_5.jpg","https://tactileeval.s3.us-east-1.amazonaws.com/family_datasets/Food_Nature_and_Simple_Objects/Flower/Tactile/5.jpg","","Flower","https://tactileeval.s3.us-east-1.amazonaws.com/family_datasets/Food_Nature_and_Simple_Objects/Flower/Natural/Flower_6.jpg","https://tactileeval.s3.us-east-1.amazonaws.com/family_datasets/Food_Nature_and_Simple_Objects/Flower/Tactile/6.jpg","","Flower","https://tactileeval.s3.us-east-1.amazonaws.com/family_datasets/Food_Nature_and_Simple_Objects/Flower/Natural/Flower_7.jpg","https://tactileeval.s3.us-east-1.amazonaws.com/family_datasets/Food_Nature_and_Simple_Objects/Flower/Tactile/7.jpg","","Flower","https://tactileeval.s3.us-east-1.amazonaws.com/family_datasets/Food_Nature_and_Simple_Objects/Flower/Natural/Flower_8.jpg","https://tactileeval.s3.us-east-1.amazonaws.com/family_datasets/Food_Nature_and_Simple_Objects/Flower/Tactile/8.jpg","","Flower","https://tactileeval.s3.us-east-1.amazonaws.com/family_datasets/Food_Nature_and_Simple_Objects/Flower/Natural/Flower_9.jpeg","https://tactileeval.s3.us-east-1.amazonaws.com/family_datasets/Food_Nature_and_Simple_Objects/Flower/Tactile/9.jpg","","[{""question1"":{""background_clean"":true,""configuration_match"":false,""object_match"":true},""question10"":{""background_clean"":true,""configuration_match"":false,""object_match"":true},""question2"":{""background_clean"":true,""configuration_match"":false,""object_match"":true},""question3"":{""background_clean"":true,""configuration_match"":false,""object_match"":true},""question4"":{""background_clean"":true,""configuration_match"":true,""object_match"":true},""question5"":{""background_clean"":true,""configuration_match"":false,""object_match"":true},""question6"":{""background_clean"":true,""configuration_match"":false,""object_match"":true},""question7"":{""background_clean"":true,""configuration_match"":false,""object_match"":true},""question8"":{""background_clean"":true,""configuration_match"":true,""object_match"":true},""question9"":{""background_clean"":true,""configuration_match"":false,""object_match"":false}}]"
"3OZ4VAIBFPTPTLDVI5I2WEELJIVJV1","3Z7ICGQCY1O87W8MNFF8N8ZBBWFOTX","Categorize images based on background and configuration.","Review 10 simple objects line-arts and judge if it has adequate background and configuration. (10 pairs)","tactile, image review, accessibility, simple objects","$0.08","Mon Apr 13 17:53:45 PDT 2026","7","BatchId:5385319;OriginalHitTemplateId:928390873;","1200","1296000","Mon Apr 20 17:53:45 PDT 2026","","","3JWH6J9IALR8PH43IOOVCTXOT2YNBS","A36H75IU3Q97QS","Approved","Mon Apr 13 23:28:07 PDT 2026","Mon Apr 13 23:29:17 PDT 2026","Tue Apr 28 23:29:17 PDT 2026","Sat Apr 18 19:48:06 PDT 2026","","","70","37% (7/19)","37% (7/19)","37% (7/19)","Egg","https://tactileeval.s3.us-east-1.amazonaws.com/family_datasets/Food_Nature_and_Simple_Objects/Egg/Natural/15.jpg","https://tactileeval.s3.us-east-1.amazonaws.com/family_datasets/Food_Nature_and_Simple_Objects/Egg/Tactile/15.jpg","","Flower","https://tactileeval.s3.us-east-1.amazonaws.com/family_datasets/Food_Nature_and_Simple_Objects/Flower/Natural/Flower_1.jpg","https://tactileeval.s3.us-east-1.amazonaws.com/family_datasets/Food_Nature_and_Simple_Objects/Flower/Tactile/1.jpg","","Flower","https://tactileeval.s3.us-east-1.amazonaws.com/family_datasets/Food_Nature_and_Simple_Objects/Flower/Natural/Flower_2.jpg","https://tactileeval.s3.us-east-1.amazonaws.com/family_datasets/Food_Nature_and_Simple_Objects/Flower/Tactile/2.jpg","","Flower","https://tactileeval.s3.us-east-1.amazonaws.com/family_datasets/Food_Nature_and_Simple_Objects/Flower/Natural/Flower_3_refined.jpg","https://tactileeval.s3.us-east-1.amazonaws.com/family_datasets/Food_Nature_and_Simple_Objects/Flower/Tactile/3_refined.png","","Flower","https://tactileeval.s3.us-east-1.amazonaws.com/family_datasets/Food_Nature_and_Simple_Objects/Flower/Natural/Flower_4.jpeg","https://tactileeval.s3.us-east-1.amazonaws.com/family_datasets/Food_Nature_and_Simple_Objects/Flower/Tactile/4.jpg","","Flower","https://tactileeval.s3.us-east-1.amazonaws.com/family_datasets/Food_Nature_and_Simple_Objects/Flower/Natural/Flower_5.jpg","https://tactileeval.s3.us-east-1.amazonaws.com/family_datasets/Food_Nature_and_Simple_Objects/Flower/Tactile/5.jpg","","Flower","https://tactileeval.s3.us-east-1.amazonaws.com/family_datasets/Food_Nature_and_Simple_Objects/Flower/Natural/Flower_6.jpg","https://tactileeval.s3.us-east-1.amazonaws.com/family_datasets/Food_Nature_and_Simple_Objects/Flower/Tactile/6.jpg","","Flower","https://tactileeval.s3.us-east-1.amazonaws.com/family_datasets/Food_Nature_and_Simple_Objects/Flower/Natural/Flower_7.jpg","https://tactileeval.s3.us-east-1.amazonaws.com/family_datasets/Food_Nature_and_Simple_Objects/Flower/Tactile/7.jpg","","Flower","https://tactileeval.s3.us-east-1.amazonaws.com/family_datasets/Food_Nature_and_Simple_Objects/Flower/Natural/Flower_8.jpg","https://tactileeval.s3.us-east-1.amazonaws.com/family_datasets/Food_Nature_and_Simple_Objects/Flower/Tactile/8.jpg","","Flower","https://tactileeval.s3.us-east-1.amazonaws.com/family_datasets/Food_Nature_and_Simple_Objects/Flower/Natural/Flower_9.jpeg","https://tactileeval.s3.us-east-1.amazonaws.com/family_datasets/Food_Nature_and_Simple_Objects/Flower/Tactile/9.jpg","","[{""question1"":{""background_clean"":true,""configuration_match"":false,""object_match"":false},""question10"":{""background_clean"":false,""configuration_match"":false,""object_match"":true},""question2"":{""background_clean"":false,""configuration_match"":false,""object_match"":true},""question3"":{""background_clean"":true,""configuration_match"":false,""object_match"":false},""question4"":{""background_clean"":false,""configuration_match"":false,""object_match"":true},""question5"":{""background_clean"":false,""configuration_match"":false,""object_match"":true},""question6"":{""background_clean"":false,""configuration_match"":false,""object_match"":true},""question7"":{""background_clean"":false,""configuration_match"":false,""object_match"":true},""question8"":{""background_clean"":false,""configuration_match"":false,""object_match"":true},""question9"":{""background_clean"":false,""configuration_match"":false,""object_match"":true}}]"
"385MDVING4T28AD08FNYIGXZQRXJWB","3Z7ICGQCY1O87W8MNFF8N8ZBBWFOTX","Categorize images based on background and configuration.","Review 10 simple objects line-arts and judge if it has adequate background and configuration. (10 pairs)","tactile, image review, accessibility, simple objects","$0.08","Mon Apr 13 17:53:45 PDT 2026","7","BatchId:5385319;OriginalHitTemplateId:928390873;","1200","1296000","Mon Apr 20 17:53:45 PDT 2026","","","39N5ACM9I71P491J0JNRPC7T5G6P9O","ACUA3D1ZUVZU3","Approved","Mon Apr 13 19:46:44 PDT 2026","Mon Apr 13 19:49:52 PDT 2026","Tue Apr 28 19:49:52 PDT 2026","Sat Apr 18 19:48:06 PDT 2026","","","188","93% (14/15)","93% (14/15)","93% (14/15)","Flower","https://tactileeval.s3.us-east-1.amazonaws.com/family_datasets/Food_Nature_and_Simple_Objects/Flower/Natural/Flower_10.jpg","https://tactileeval.s3.us-east-1.amazonaws.com/family_datasets/Food_Nature_and_Simple_Objects/Flower/Tactile/10.jpg","","Flower","https://tactileeval.s3.us-east-1.amazonaws.com/family_datasets/Food_Nature_and_Simple_Objects/Flower/Natural/Flower_11.jpg","https://tactileeval.s3.us-east-1.amazonaws.com/family_datasets/Food_Nature_and_Simple_Objects/Flower/Tactile/11.jpg","","Flower","https://tactileeval.s3.us-east-1.amazonaws.com/family_datasets/Food_Nature_and_Simple_Objects/Flower/Natural/Flower_12.jpg","https://tactileeval.s3.us-east-1.amazonaws.com/family_datasets/Food_Nature_and_Simple_Objects/Flower/Tactile/12.jpg","","Flower","https://tactileeval.s3.us-east-1.amazonaws.com/family_datasets/Food_Nature_and_Simple_Objects/Flower/Natural/Flower_13.jpg","https://tactileeval.s3.us-east-1.amazonaws.com/family_datasets/Food_Nature_and_Simple_Objects/Flower/Tactile/13.jpg","","Leaf","https://tactileeval.s3.us-east-1.amazonaws.com/family_datasets/Food_Nature_and_Simple_Objects/Leaf/Natural/1.jpg","https://tactileeval.s3.us-east-1.amazonaws.com/family_datasets/Food_Nature_and_Simple_Objects/Leaf/Tactile/1.jpg","","Leaf","https://tactileeval.s3.us-east-1.amazonaws.com/family_datasets/Food_Nature_and_Simple_Objects/Leaf/Natural/2.jpg","https://tactileeval.s3.us-east-1.amazonaws.com/family_datasets/Food_Nature_and_Simple_Objects/Leaf/Tactile/2.jpg","","Leaf","https://tactileeval.s3.us-east-1.amazonaws.com/family_datasets/Food_Nature_and_Simple_Objects/Leaf/Natural/3.jpg","https://tactileeval.s3.us-east-1.amazonaws.com/family_datasets/Food_Nature_and_Simple_Objects/Leaf/Tactile/3.png","","Leaf","https://tactileeval.s3.us-east-1.amazonaws.com/family_datasets/Food_Nature_and_Simple_Objects/Leaf/Natural/4.jpg","https://tactileeval.s3.us-east-1.amazonaws.com/family_datasets/Food_Nature_and_Simple_Objects/Leaf/Tactile/4.jpg","","Leaf","https://tactileeval.s3.us-east-1.amazonaws.com/family_datasets/Food_Nature_and_Simple_Objects/Leaf/Natural/5.jpg","https://tactileeval.s3.us-east-1.amazonaws.com/family_datasets/Food_Nature_and_Simple_Objects/Leaf/Tactile/5.jpg","","Leaf","https://tactileeval.s3.us-east-1.amazonaws.com/family_datasets/Food_Nature_and_Simple_Objects/Leaf/Natural/6.jpg","https://tactileeval.s3.us-east-1.amazonaws.com/family_datasets/Food_Nature_and_Simple_Objects/Leaf/Tactile/6.jpg","","[{""question1"":{""background_clean"":true,""configuration_match"":false,""object_match"":true},""question10"":{""background_clean"":false,""configuration_match"":true,""object_match"":true},""question2"":{""background_clean"":true,""configuration_match"":false,""object_match"":true},""question3"":{""background_clean"":true,""configuration_match"":false,""object_match"":true},""question4"":{""background_clean"":true,""configuration_match"":true,""object_match"":true},""question5"":{""background_clean"":true,""configuration_match"":true,""object_match"":true},""question6"":{""background_clean"":true,""configuration_match"":true,""object_match"":true},""question7"":{""background_clean"":true,""configuration_match"":true,""object_match"":true},""question8"":{""background_clean"":false,""configuration_match"":true,""object_match"":true},""question9"":{""background_clean"":false,""configuration_match"":true,""object_match"":true}}]"
"385MDVING4T28AD08FNYIGXZQRXJWB","3Z7ICGQCY1O87W8MNFF8N8ZBBWFOTX","Categorize images based on background and configuration.","Review 10 simple objects line-arts and judge if it has adequate background and configuration. (10 pairs)","tactile, image review, accessibility, simple objects","$0.08","Mon Apr 13 17:53:45 PDT 2026","7","BatchId:5385319;OriginalHitTemplateId:928390873;","1200","1296000","Mon Apr 20 17:53:45 PDT 2026","","","39ZSFO5CB1AR2QMO3HDYOC8V92BUJL","AJZHPDCKUVRM8","Approved","Mon Apr 13 19:58:20 PDT 2026","Mon Apr 13 19:59:16 PDT 2026","Tue Apr 28 19:59:16 PDT 2026","Sat Apr 18 19:48:06 PDT 2026","","","56","86% (67/78)","86% (67/78)","86% (67/78)","Flower","https://tactileeval.s3.us-east-1.amazonaws.com/family_datasets/Food_Nature_and_Simple_Objects/Flower/Natural/Flower_10.jpg","https://tactileeval.s3.us-east-1.amazonaws.com/family_datasets/Food_Nature_and_Simple_Objects/Flower/Tactile/10.jpg","","Flower","https://tactileeval.s3.us-east-1.amazonaws.com/family_datasets/Food_Nature_and_Simple_Objects/Flower/Natural/Flower_11.jpg","https://tactileeval.s3.us-east-1.amazonaws.com/family_datasets/Food_Nature_and_Simple_Objects/Flower/Tactile/11.jpg","","Flower","https://tactileeval.s3.us-east-1.amazonaws.com/family_datasets/Food_Nature_and_Simple_Objects/Flower/Natural/Flower_12.jpg","https://tactileeval.s3.us-east-1.amazonaws.com/family_datasets/Food_Nature_and_Simple_Objects/Flower/Tactile/12.jpg","","Flower","https://tactileeval.s3.us-east-1.amazonaws.com/family_datasets/Food_Nature_and_Simple_Objects/Flower/Natural/Flower_13.jpg","https://tactileeval.s3.us-east-1.amazonaws.com/family_datasets/Food_Nature_and_Simple_Objects/Flower/Tactile/13.jpg","","Leaf","https://tactileeval.s3.us-east-1.amazonaws.com/family_datasets/Food_Nature_and_Simple_Objects/Leaf/Natural/1.jpg","https://tactileeval.s3.us-east-1.amazonaws.com/family_datasets/Food_Nature_and_Simple_Objects/Leaf/Tactile/1.jpg","","Leaf","https://tactileeval.s3.us-east-1.amazonaws.com/family_datasets/Food_Nature_and_Simple_Objects/Leaf/Natural/2.jpg","https://tactileeval.s3.us-east-1.amazonaws.com/family_datasets/Food_Nature_and_Simple_Objects/Leaf/Tactile/2.jpg","","Leaf","https://tactileeval.s3.us-east-1.amazonaws.com/family_datasets/Food_Nature_and_Simple_Objects/Leaf/Natural/3.jpg","https://tactileeval.s3.us-east-1.amazonaws.com/family_datasets/Food_Nature_and_Simple_Objects/Leaf/Tactile/3.png","","Leaf","https://tactileeval.s3.us-east-1.amazonaws.com/family_datasets/Food_Nature_and_Simple_Objects/Leaf/Natural/4.jpg","https://tactileeval.s3.us-east-1.amazonaws.com/family_datasets/Food_Nature_and_Simple_Objects/Leaf/Tactile/4.jpg","","Leaf","https://tactileeval.s3.us-east-1.amazonaws.com/family_datasets/Food_Nature_and_Simple_Objects/Leaf/Natural/5.jpg","https://tactileeval.s3.us-east-1.amazonaws.com/family_datasets/Food_Nature_and_Simple_Objects/Leaf/Tactile/5.jpg","","Leaf","https://tactileeval.s3.us-east-1.amazonaws.com/family_datasets/Food_Nature_and_Simple_Objects/Leaf/Natural/6.jpg","https://tactileeval.s3.us-east-1.amazonaws.com/family_datasets/Food_Nature_and_Simple_Objects/Leaf/Tactile/6.jpg","","[{""question1"":{""background_clean"":true,""configuration_match"":false,""object_match"":false},""question10"":{""background_clean"":false,""configuration_match"":false,""object_match"":true},""question2"":{""background_clean"":true,""configuration_match"":false,""object_match"":false},""question3"":{""background_clean"":true,""configuration_match"":false,""object_match"":false},""question4"":{""background_clean"":false,""configuration_match"":true,""object_match"":true},""question5"":{""background_clean"":true,""configuration_match"":false,""object_match"":true},""question6"":{""background_clean"":true,""configuration_match"":false,""object_match"":false},""question7"":{""background_clean"":true,""configuration_match"":false,""object_match"":true},""question8"":{""background_clean"":false,""configuration_match"":true,""object_match"":true},""question9"":{""background_clean"":false,""configuration_match"":false,""object_match"":true}}]"
"385MDVING4T28AD08FNYIGXZQRXJWB","3Z7ICGQCY1O87W8MNFF8N8ZBBWFOTX","Categorize images based on background and configuration.","Review 10 simple objects line-arts and judge if it has adequate background and configuration. (10 pairs)","tactile, image review, accessibility, simple objects","$0.08","Mon Apr 13 17:53:45 PDT 2026","7","BatchId:5385319;OriginalHitTemplateId:928390873;","1200","1296000","Mon Apr 20 17:53:45 PDT 2026","","","3018Q3ZVPB4OL5R35H5GQ2ISCHMARS","A2FK6782M09EBO","Approved","Mon Apr 13 21:09:27 PDT 2026","Mon Apr 13 21:26:41 PDT 2026","Tue Apr 28 21:26:41 PDT 2026","Sat Apr 18 19:48:06 PDT 2026","","","1034","94% (101/107)","94% (101/107)","94% (101/107)","Flower","https://tactileeval.s3.us-east-1.amazonaws.com/family_datasets/Food_Nature_and_Simple_Objects/Flower/Natural/Flower_10.jpg","https://tactileeval.s3.us-east-1.amazonaws.com/family_datasets/Food_Nature_and_Simple_Objects/Flower/Tactile/10.jpg","","Flower","https://tactileeval.s3.us-east-1.amazonaws.com/family_datasets/Food_Nature_and_Simple_Objects/Flower/Natural/Flower_11.jpg","https://tactileeval.s3.us-east-1.amazonaws.com/family_datasets/Food_Nature_and_Simple_Objects/Flower/Tactile/11.jpg","","Flower","https://tactileeval.s3.us-east-1.amazonaws.com/family_datasets/Food_Nature_and_Simple_Objects/Flower/Natural/Flower_12.jpg","https://tactileeval.s3.us-east-1.amazonaws.com/family_datasets/Food_Nature_and_Simple_Objects/Flower/Tactile/12.jpg","","Flower","https://tactileeval.s3.us-east-1.amazonaws.com/family_datasets/Food_Nature_and_Simple_Objects/Flower/Natural/Flower_13.jpg","https://tactileeval.s3.us-east-1.amazonaws.com/family_datasets/Food_Nature_and_Simple_Objects/Flower/Tactile/13.jpg","","Leaf","https://tactileeval.s3.us-east-1.amazonaws.com/family_datasets/Food_Nature_and_Simple_Objects/Leaf/Natural/1.jpg","https://tactileeval.s3.us-east-1.amazonaws.com/family_datasets/Food_Nature_and_Simple_Objects/Leaf/Tactile/1.jpg","","Leaf","https://tactileeval.s3.us-east-1.amazonaws.com/family_datasets/Food_Nature_and_Simple_Objects/Leaf/Natural/2.jpg","https://tactileeval.s3.us-east-1.amazonaws.com/family_datasets/Food_Nature_and_Simple_Objects/Leaf/Tactile/2.jpg","","Leaf","https://tactileeval.s3.us-east-1.amazonaws.com/family_datasets/Food_Nature_and_Simple_Objects/Leaf/Natural/3.jpg","https://tactileeval.s3.us-east-1.amazonaws.com/family_datasets/Food_Nature_and_Simple_Objects/Leaf/Tactile/3.png","","Leaf","https://tactileeval.s3.us-east-1.amazonaws.com/family_datasets/Food_Nature_and_Simple_Objects/Leaf/Natural/4.jpg","https://tactileeval.s3.us-east-1.amazonaws.com/family_datasets/Food_Nature_and_Simple_Objects/Leaf/Tactile/4.jpg","","Leaf","https://tactileeval.s3.us-east-1.amazonaws.com/family_datasets/Food_Nature_and_Simple_Objects/Leaf/Natural/5.jpg","https://tactileeval.s3.us-east-1.amazonaws.com/family_datasets/Food_Nature_and_Simple_Objects/Leaf/Tactile/5.jpg","","Leaf","https://tactileeval.s3.us-east-1.amazonaws.com/family_datasets/Food_Nature_and_Simple_Objects/Leaf/Natural/6.jpg","https://tactileeval.s3.us-east-1.amazonaws.com/family_datasets/Food_Nature_and_Simple_Objects/Leaf/Tactile/6.jpg","","[{""question1"":{""background_clean"":true,""configuration_match"":false,""object_match"":true},""question10"":{""background_clean"":true,""configuration_match"":true,""object_match"":true},""question2"":{""background_clean"":true,""configuration_match"":false,""object_match"":true},""question3"":{""background_clean"":true,""configuration_match"":false,""object_match"":true},""question4"":{""background_clean"":true,""configuration_match"":true,""object_match"":true},""question5"":{""background_clean"":true,""configuration_match"":true,""object_match"":true},""question6"":{""background_clean"":true,""configuration_match"":true,""object_match"":false},""question7"":{""background_clean"":true,""configuration_match"":true,""object_match"":true},""question8"":{""background_clean"":true,""configuration_match"":true,""object_match"":true},""question9"":{""background_clean"":true,""configuration_match"":true,""object_match"":true}}]"
"385MDVING4T28AD08FNYIGXZQRXJWB","3Z7ICGQCY1O87W8MNFF8N8ZBBWFOTX","Categorize images based on background and configuration.","Review 10 simple objects line-arts and judge if it has adequate background and configuration. (10 pairs)","tactile, image review, accessibility, simple objects","$0.08","Mon Apr 13 17:53:45 PDT 2026","7","BatchId:5385319;OriginalHitTemplateId:928390873;","1200","1296000","Mon Apr 20 17:53:45 PDT 2026","","","3OVHNO1VFZFVL3G6Z8QV26SX614DZS","A22YCS3UW15WOO","Approved","Mon Apr 13 21:25:51 PDT 2026","Mon Apr 13 21:33:03 PDT 2026","Tue Apr 28 21:33:03 PDT 2026","Sat Apr 18 19:48:06 PDT 2026","","","432","94% (207/220)","86% (82/95)","86% (82/95)","Flower","https://tactileeval.s3.us-east-1.amazonaws.com/family_datasets/Food_Nature_and_Simple_Objects/Flower/Natural/Flower_10.jpg","https://tactileeval.s3.us-east-1.amazonaws.com/family_datasets/Food_Nature_and_Simple_Objects/Flower/Tactile/10.jpg","","Flower","https://tactileeval.s3.us-east-1.amazonaws.com/family_datasets/Food_Nature_and_Simple_Objects/Flower/Natural/Flower_11.jpg","https://tactileeval.s3.us-east-1.amazonaws.com/family_datasets/Food_Nature_and_Simple_Objects/Flower/Tactile/11.jpg","","Flower","https://tactileeval.s3.us-east-1.amazonaws.com/family_datasets/Food_Nature_and_Simple_Objects/Flower/Natural/Flower_12.jpg","https://tactileeval.s3.us-east-1.amazonaws.com/family_datasets/Food_Nature_and_Simple_Objects/Flower/Tactile/12.jpg","","Flower","https://tactileeval.s3.us-east-1.amazonaws.com/family_datasets/Food_Nature_and_Simple_Objects/Flower/Natural/Flower_13.jpg","https://tactileeval.s3.us-east-1.amazonaws.com/family_datasets/Food_Nature_and_Simple_Objects/Flower/Tactile/13.jpg","","Leaf","https://tactileeval.s3.us-east-1.amazonaws.com/family_datasets/Food_Nature_and_Simple_Objects/Leaf/Natural/1.jpg","https://tactileeval.s3.us-east-1.amazonaws.com/family_datasets/Food_Nature_and_Simple_Objects/Leaf/Tactile/1.jpg","","Leaf","https://tactileeval.s3.us-east-1.amazonaws.com/family_datasets/Food_Nature_and_Simple_Objects/Leaf/Natural/2.jpg","https://tactileeval.s3.us-east-1.amazonaws.com/family_datasets/Food_Nature_and_Simple_Objects/Leaf/Tactile/2.jpg","","Leaf","https://tactileeval.s3.us-east-1.amazonaws.com/family_datasets/Food_Nature_and_Simple_Objects/Leaf/Natural/3.jpg","https://tactileeval.s3.us-east-1.amazonaws.com/family_datasets/Food_Nature_and_Simple_Objects/Leaf/Tactile/3.png","","Leaf","https://tactileeval.s3.us-east-1.amazonaws.com/family_datasets/Food_Nature_and_Simple_Objects/Leaf/Natural/4.jpg","https://tactileeval.s3.us-east-1.amazonaws.com/family_datasets/Food_Nature_and_Simple_Objects/Leaf/Tactile/4.jpg","","Leaf","https://tactileeval.s3.us-east-1.amazonaws.com/family_datasets/Food_Nature_and_Simple_Objects/Leaf/Natural/5.jpg","https://tactileeval.s3.us-east-1.amazonaws.com/family_datasets/Food_Nature_and_Simple_Objects/Leaf/Tactile/5.jpg","","Leaf","https://tactileeval.s3.us-east-1.amazonaws.com/family_datasets/Food_Nature_and_Simple_Objects/Leaf/Natural/6.jpg","https://tactileeval.s3.us-east-1.amazonaws.com/family_datasets/Food_Nature_and_Simple_Objects/Leaf/Tactile/6.jpg","","[{""question1"":{""background_clean"":true,""configuration_match"":true,""object_match"":true},""question10"":{""background_clean"":true,""configuration_match"":false,""object_match"":true},""question2"":{""background_clean"":true,""configuration_match"":true,""object_match"":true},""question3"":{""background_clean"":true,""configuration_match"":true,""object_match"":true},""question4"":{""background_clean"":true,""configuration_match"":true,""object_match"":true},""question5"":{""background_clean"":true,""configuration_match"":true,""object_match"":true},""question6"":{""background_clean"":true,""configuration_match"":true,""object_match"":true},""question7"":{""background_clean"":true,""configuration_match"":true,""object_match"":true},""question8"":{""background_clean"":true,""configuration_match"":true,""object_match"":true},""question9"":{""background_clean"":true,""configuration_match"":false,""object_match"":true}}]"
"385MDVING4T28AD08FNYIGXZQRXJWB","3Z7ICGQCY1O87W8MNFF8N8ZBBWFOTX","Categorize images based on background and configuration.","Review 10 simple objects line-arts and judge if it has adequate background and configuration. (10 pairs)","tactile, image review, accessibility, simple objects","$0.08","Mon Apr 13 17:53:45 PDT 2026","7","BatchId:5385319;OriginalHitTemplateId:928390873;","1200","1296000","Mon Apr 20 17:53:45 PDT 2026","","","39L1G8WVXJ508FT1Y8BRX3M929631Z","A1SMWIBTQ2AESU","Approved","Mon Apr 13 21:51:27 PDT 2026","Mon Apr 13 22:02:45 PDT 2026","Tue Apr 28 22:02:45 PDT 2026","Sat Apr 18 19:48:06 PDT 2026","","","678","79% (67/85)","79% (66/84)","79% (66/84)","Flower","https://tactileeval.s3.us-east-1.amazonaws.com/family_datasets/Food_Nature_and_Simple_Objects/Flower/Natural/Flower_10.jpg","https://tactileeval.s3.us-east-1.amazonaws.com/family_datasets/Food_Nature_and_Simple_Objects/Flower/Tactile/10.jpg","","Flower","https://tactileeval.s3.us-east-1.amazonaws.com/family_datasets/Food_Nature_and_Simple_Objects/Flower/Natural/Flower_11.jpg","https://tactileeval.s3.us-east-1.amazonaws.com/family_datasets/Food_Nature_and_Simple_Objects/Flower/Tactile/11.jpg","","Flower","https://tactileeval.s3.us-east-1.amazonaws.com/family_datasets/Food_Nature_and_Simple_Objects/Flower/Natural/Flower_12.jpg","https://tactileeval.s3.us-east-1.amazonaws.com/family_datasets/Food_Nature_and_Simple_Objects/Flower/Tactile/12.jpg","","Flower","https://tactileeval.s3.us-east-1.amazonaws.com/family_datasets/Food_Nature_and_Simple_Objects/Flower/Natural/Flower_13.jpg","https://tactileeval.s3.us-east-1.amazonaws.com/family_datasets/Food_Nature_and_Simple_Objects/Flower/Tactile/13.jpg","","Leaf","https://tactileeval.s3.us-east-1.amazonaws.com/family_datasets/Food_Nature_and_Simple_Objects/Leaf/Natural/1.jpg","https://tactileeval.s3.us-east-1.amazonaws.com/family_datasets/Food_Nature_and_Simple_Objects/Leaf/Tactile/1.jpg","","Leaf","https://tactileeval.s3.us-east-1.amazonaws.com/family_datasets/Food_Nature_and_Simple_Objects/Leaf/Natural/2.jpg","https://tactileeval.s3.us-east-1.amazonaws.com/family_datasets/Food_Nature_and_Simple_Objects/Leaf/Tactile/2.jpg","","Leaf","https://tactileeval.s3.us-east-1.amazonaws.com/family_datasets/Food_Nature_and_Simple_Objects/Leaf/Natural/3.jpg","https://tactileeval.s3.us-east-1.amazonaws.com/family_datasets/Food_Nature_and_Simple_Objects/Leaf/Tactile/3.png","","Leaf","https://tactileeval.s3.us-east-1.amazonaws.com/family_datasets/Food_Nature_and_Simple_Objects/Leaf/Natural/4.jpg","https://tactileeval.s3.us-east-1.amazonaws.com/family_datasets/Food_Nature_and_Simple_Objects/Leaf/Tactile/4.jpg","","Leaf","https://tactileeval.s3.us-east-1.amazonaws.com/family_datasets/Food_Nature_and_Simple_Objects/Leaf/Natural/5.jpg","https://tactileeval.s3.us-east-1.amazonaws.com/family_datasets/Food_Nature_and_Simple_Objects/Leaf/Tactile/5.jpg","","Leaf","https://tactileeval.s3.us-east-1.amazonaws.com/family_datasets/Food_Nature_and_Simple_Objects/Leaf/Natural/6.jpg","https://tactileeval.s3.us-east-1.amazonaws.com/family_datasets/Food_Nature_and_Simple_Objects/Leaf/Tactile/6.jpg","","[{""question1"":{""background_clean"":true,""configuration_match"":true,""object_match"":false},""question10"":{""background_clean"":true,""configuration_match"":true,""object_match"":true},""question2"":{""background_clean"":true,""configuration_match"":true,""object_match"":false},""question3"":{""background_clean"":true,""configuration_match"":true,""object_match"":false},""question4"":{""background_clean"":true,""configuration_match"":true,""object_match"":true},""question5"":{""background_clean"":true,""configuration_match"":true,""object_match"":true},""question6"":{""background_clean"":true,""configuration_match"":true,""object_match"":false},""question7"":{""background_clean"":true,""configuration_match"":true,""object_match"":true},""question8"":{""background_clean"":true,""configuration_match"":true,""object_match"":true},""question9"":{""background_clean"":true,""configuration_match"":true,""object_match"":false}}]"
"385MDVING4T28AD08FNYIGXZQRXJWB","3Z7ICGQCY1O87W8MNFF8N8ZBBWFOTX","Categorize images based on background and configuration.","Review 10 simple objects line-arts and judge if it has adequate background and configuration. (10 pairs)","tactile, image review, accessibility, simple objects","$0.08","Mon Apr 13 17:53:45 PDT 2026","7","BatchId:5385319;OriginalHitTemplateId:928390873;","1200","1296000","Mon Apr 20 17:53:45 PDT 2026","","","3CCZ6YKWS0XLBZJ0G4EDR62CEHL954","A2U7UDW9Y1WGWF","Approved","Mon Apr 13 21:53:14 PDT 2026","Mon Apr 13 22:07:45 PDT 2026","Tue Apr 28 22:07:45 PDT 2026","Sat Apr 18 19:48:06 PDT 2026","","","871","100% (41/41)","100% (35/35)","100% (35/35)","Flower","https://tactileeval.s3.us-east-1.amazonaws.com/family_datasets/Food_Nature_and_Simple_Objects/Flower/Natural/Flower_10.jpg","https://tactileeval.s3.us-east-1.amazonaws.com/family_datasets/Food_Nature_and_Simple_Objects/Flower/Tactile/10.jpg","","Flower","https://tactileeval.s3.us-east-1.amazonaws.com/family_datasets/Food_Nature_and_Simple_Objects/Flower/Natural/Flower_11.jpg","https://tactileeval.s3.us-east-1.amazonaws.com/family_datasets/Food_Nature_and_Simple_Objects/Flower/Tactile/11.jpg","","Flower","https://tactileeval.s3.us-east-1.amazonaws.com/family_datasets/Food_Nature_and_Simple_Objects/Flower/Natural/Flower_12.jpg","https://tactileeval.s3.us-east-1.amazonaws.com/family_datasets/Food_Nature_and_Simple_Objects/Flower/Tactile/12.jpg","","Flower","https://tactileeval.s3.us-east-1.amazonaws.com/family_datasets/Food_Nature_and_Simple_Objects/Flower/Natural/Flower_13.jpg","https://tactileeval.s3.us-east-1.amazonaws.com/family_datasets/Food_Nature_and_Simple_Objects/Flower/Tactile/13.jpg","","Leaf","https://tactileeval.s3.us-east-1.amazonaws.com/family_datasets/Food_Nature_and_Simple_Objects/Leaf/Natural/1.jpg","https://tactileeval.s3.us-east-1.amazonaws.com/family_datasets/Food_Nature_and_Simple_Objects/Leaf/Tactile/1.jpg","","Leaf","https://tactileeval.s3.us-east-1.amazonaws.com/family_datasets/Food_Nature_and_Simple_Objects/Leaf/Natural/2.jpg","https://tactileeval.s3.us-east-1.amazonaws.com/family_datasets/Food_Nature_and_Simple_Objects/Leaf/Tactile/2.jpg","","Leaf","https://tactileeval.s3.us-east-1.amazonaws.com/family_datasets/Food_Nature_and_Simple_Objects/Leaf/Natural/3.jpg","https://tactileeval.s3.us-east-1.amazonaws.com/family_datasets/Food_Nature_and_Simple_Objects/Leaf/Tactile/3.png","","Leaf","https://tactileeval.s3.us-east-1.amazonaws.com/family_datasets/Food_Nature_and_Simple_Objects/Leaf/Natural/4.jpg","https://tactileeval.s3.us-east-1.amazonaws.com/family_datasets/Food_Nature_and_Simple_Objects/Leaf/Tactile/4.jpg","","Leaf","https://tactileeval.s3.us-east-1.amazonaws.com/family_datasets/Food_Nature_and_Simple_Objects/Leaf/Natural/5.jpg","https://tactileeval.s3.us-east-1.amazonaws.com/family_datasets/Food_Nature_and_Simple_Objects/Leaf/Tactile/5.jpg","","Leaf","https://tactileeval.s3.us-east-1.amazonaws.com/family_datasets/Food_Nature_and_Simple_Objects/Leaf/Natural/6.jpg","https://tactileeval.s3.us-east-1.amazonaws.com/family_datasets/Food_Nature_and_Simple_Objects/Leaf/Tactile/6.jpg","","[{""question1"":{""background_clean"":true,""configuration_match"":false,""object_match"":true},""question10"":{""background_clean"":true,""configuration_match"":true,""object_match"":false},""question2"":{""background_clean"":true,""configuration_match"":false,""object_match"":true},""question3"":{""background_clean"":true,""configuration_match"":false,""object_match"":true},""question4"":{""background_clean"":true,""configuration_match"":true,""object_match"":true},""question5"":{""background_clean"":true,""configuration_match"":true,""object_match"":true},""question6"":{""background_clean"":true,""configuration_match"":true,""object_match"":true},""question7"":{""background_clean"":true,""configuration_match"":true,""object_match"":true},""question8"":{""background_clean"":true,""configuration_match"":true,""object_match"":true},""question9"":{""background_clean"":true,""configuration_match"":true,""object_match"":true}}]"
"385MDVING4T28AD08FNYIGXZQRXJWB","3Z7ICGQCY1O87W8MNFF8N8ZBBWFOTX","Categorize images based on background and configuration.","Review 10 simple objects line-arts and judge if it has adequate background and configuration. (10 pairs)","tactile, image review, accessibility, simple objects","$0.08","Mon Apr 13 17:53:45 PDT 2026","7","BatchId:5385319;OriginalHitTemplateId:928390873;","1200","1296000","Mon Apr 20 17:53:45 PDT 2026","","","3907X2AHGTJE4PGKFA8CFPZFZBF2PU","A2J1106X8NPZGP","Approved","Mon Apr 13 22:17:21 PDT 2026","Mon Apr 13 22:28:26 PDT 2026","Tue Apr 28 22:28:26 PDT 2026","Sat Apr 18 19:48:07 PDT 2026","","","665","43% (19/44)","43% (19/44)","43% (19/44)","Flower","https://tactileeval.s3.us-east-1.amazonaws.com/family_datasets/Food_Nature_and_Simple_Objects/Flower/Natural/Flower_10.jpg","https://tactileeval.s3.us-east-1.amazonaws.com/family_datasets/Food_Nature_and_Simple_Objects/Flower/Tactile/10.jpg","","Flower","https://tactileeval.s3.us-east-1.amazonaws.com/family_datasets/Food_Nature_and_Simple_Objects/Flower/Natural/Flower_11.jpg","https://tactileeval.s3.us-east-1.amazonaws.com/family_datasets/Food_Nature_and_Simple_Objects/Flower/Tactile/11.jpg","","Flower","https://tactileeval.s3.us-east-1.amazonaws.com/family_datasets/Food_Nature_and_Simple_Objects/Flower/Natural/Flower_12.jpg","https://tactileeval.s3.us-east-1.amazonaws.com/family_datasets/Food_Nature_and_Simple_Objects/Flower/Tactile/12.jpg","","Flower","https://tactileeval.s3.us-east-1.amazonaws.com/family_datasets/Food_Nature_and_Simple_Objects/Flower/Natural/Flower_13.jpg","https://tactileeval.s3.us-east-1.amazonaws.com/family_datasets/Food_Nature_and_Simple_Objects/Flower/Tactile/13.jpg","","Leaf","https://tactileeval.s3.us-east-1.amazonaws.com/family_datasets/Food_Nature_and_Simple_Objects/Leaf/Natural/1.jpg","https://tactileeval.s3.us-east-1.amazonaws.com/family_datasets/Food_Nature_and_Simple_Objects/Leaf/Tactile/1.jpg","","Leaf","https://tactileeval.s3.us-east-1.amazonaws.com/family_datasets/Food_Nature_and_Simple_Objects/Leaf/Natural/2.jpg","https://tactileeval.s3.us-east-1.amazonaws.com/family_datasets/Food_Nature_and_Simple_Objects/Leaf/Tactile/2.jpg","","Leaf","https://tactileeval.s3.us-east-1.amazonaws.com/family_datasets/Food_Nature_and_Simple_Objects/Leaf/Natural/3.jpg","https://tactileeval.s3.us-east-1.amazonaws.com/family_datasets/Food_Nature_and_Simple_Objects/Leaf/Tactile/3.png","","Leaf","https://tactileeval.s3.us-east-1.amazonaws.com/family_datasets/Food_Nature_and_Simple_Objects/Leaf/Natural/4.jpg","https://tactileeval.s3.us-east-1.amazonaws.com/family_datasets/Food_Nature_and_Simple_Objects/Leaf/Tactile/4.jpg","","Leaf","https://tactileeval.s3.us-east-1.amazonaws.com/family_datasets/Food_Nature_and_Simple_Objects/Leaf/Natural/5.jpg","https://tactileeval.s3.us-east-1.amazonaws.com/family_datasets/Food_Nature_and_Simple_Objects/Leaf/Tactile/5.jpg","","Leaf","https://tactileeval.s3.us-east-1.amazonaws.com/family_datasets/Food_Nature_and_Simple_Objects/Leaf/Natural/6.jpg","https://tactileeval.s3.us-east-1.amazonaws.com/family_datasets/Food_Nature_and_Simple_Objects/Leaf/Tactile/6.jpg","","[{""question1"":{""background_clean"":true,""configuration_match"":false,""object_match"":true},""question10"":{""background_clean"":true,""configuration_match"":false,""object_match"":true},""question2"":{""background_clean"":true,""configuration_match"":true,""object_match"":true},""question3"":{""background_clean"":true,""configuration_match"":false,""object_match"":true},""question4"":{""background_clean"":true,""configuration_match"":true,""object_match"":true},""question5"":{""background_clean"":true,""configuration_match"":true,""object_match"":true},""question6"":{""background_clean"":true,""configuration_match"":true,""object_match"":true},""question7"":{""background_clean"":true,""configuration_match"":true,""object_match"":true},""question8"":{""background_clean"":true,""configuration_match"":false,""object_match"":true},""question9"":{""background_clean"":true,""configuration_match"":false,""object_match"":true}}]"
"3FBEFUUYSCJTD2VQNRXHRNV3C2A6AH","3Z7ICGQCY1O87W8MNFF8N8ZBBWFOTX","Categorize images based on background and configuration.","Review 10 simple objects line-arts and judge if it has adequate background and configuration. (10 pairs)","tactile, image review, accessibility, simple objects","$0.08","Mon Apr 13 17:53:45 PDT 2026","7","BatchId:5385319;OriginalHitTemplateId:928390873;","1200","1296000","Mon Apr 20 17:53:45 PDT 2026","","","32KTQ2V7S6TJJ64683VZ88DY0BWM9Q","ACUA3D1ZUVZU3","Approved","Mon Apr 13 19:52:51 PDT 2026","Mon Apr 13 19:55:08 PDT 2026","Tue Apr 28 19:55:08 PDT 2026","Sat Apr 18 19:48:07 PDT 2026","","","137","93% (14/15)","93% (14/15)","93% (14/15)","Leaf","https://tactileeval.s3.us-east-1.amazonaws.com/family_datasets/Food_Nature_and_Simple_Objects/Leaf/Natural/7.jpg","https://tactileeval.s3.us-east-1.amazonaws.com/family_datasets/Food_Nature_and_Simple_Objects/Leaf/Tactile/7.jpg","","Leaf","https://tactileeval.s3.us-east-1.amazonaws.com/family_datasets/Food_Nature_and_Simple_Objects/Leaf/Natural/8.jpg","https://tactileeval.s3.us-east-1.amazonaws.com/family_datasets/Food_Nature_and_Simple_Objects/Leaf/Tactile/8.jpg","","Leaf","https://tactileeval.s3.us-east-1.amazonaws.com/family_datasets/Food_Nature_and_Simple_Objects/Leaf/Natural/9.jpg","https://tactileeval.s3.us-east-1.amazonaws.com/family_datasets/Food_Nature_and_Simple_Objects/Leaf/Tactile/9.jpg","","Leaf","https://tactileeval.s3.us-east-1.amazonaws.com/family_datasets/Food_Nature_and_Simple_Objects/Leaf/Natural/10.jpg","https://tactileeval.s3.us-east-1.amazonaws.com/family_datasets/Food_Nature_and_Simple_Objects/Leaf/Tactile/10.jpg","","Leaf","https://tactileeval.s3.us-east-1.amazonaws.com/family_datasets/Food_Nature_and_Simple_Objects/Leaf/Natural/11.jpg","https://tactileeval.s3.us-east-1.amazonaws.com/family_datasets/Food_Nature_and_Simple_Objects/Leaf/Tactile/11.jpg","","Planet","https://tactileeval.s3.us-east-1.amazonaws.com/family_datasets/Food_Nature_and_Simple_Objects/Planet/Natural/1.jpeg","https://tactileeval.s3.us-east-1.amazonaws.com/family_datasets/Food_Nature_and_Simple_Objects/Planet/Tactile/1.jpg","","Planet","https://tactileeval.s3.us-east-1.amazonaws.com/family_datasets/Food_Nature_and_Simple_Objects/Planet/Natural/2.jpg","https://tactileeval.s3.us-east-1.amazonaws.com/family_datasets/Food_Nature_and_Simple_Objects/Planet/Tactile/2.jpg","","Planet","https://tactileeval.s3.us-east-1.amazonaws.com/family_datasets/Food_Nature_and_Simple_Objects/Planet/Natural/3.jpeg","https://tactileeval.s3.us-east-1.amazonaws.com/family_datasets/Food_Nature_and_Simple_Objects/Planet/Tactile/3.jpg","","Planet","https://tactileeval.s3.us-east-1.amazonaws.com/family_datasets/Food_Nature_and_Simple_Objects/Planet/Natural/4.jpg","https://tactileeval.s3.us-east-1.amazonaws.com/family_datasets/Food_Nature_and_Simple_Objects/Planet/Tactile/4.jpg","","Planet","https://tactileeval.s3.us-east-1.amazonaws.com/family_datasets/Food_Nature_and_Simple_Objects/Planet/Natural/5.jpg","https://tactileeval.s3.us-east-1.amazonaws.com/family_datasets/Food_Nature_and_Simple_Objects/Planet/Tactile/5.jpg","","[{""question1"":{""background_clean"":true,""configuration_match"":true,""object_match"":true},""question10"":{""background_clean"":true,""configuration_match"":false,""object_match"":true},""question2"":{""background_clean"":true,""configuration_match"":false,""object_match"":true},""question3"":{""background_clean"":true,""configuration_match"":true,""object_match"":true},""question4"":{""background_clean"":true,""configuration_match"":false,""object_match"":true},""question5"":{""background_clean"":true,""configuration_match"":true,""object_match"":true},""question6"":{""background_clean"":true,""configuration_match"":true,""object_match"":true},""question7"":{""background_clean"":true,""configuration_match"":true,""object_match"":true},""question8"":{""background_clean"":true,""configuration_match"":false,""object_match"":true},""question9"":{""background_clean"":true,""configuration_match"":false,""object_match"":true}}]"
"3FBEFUUYSCJTD2VQNRXHRNV3C2A6AH","3Z7ICGQCY1O87W8MNFF8N8ZBBWFOTX","Categorize images based on background and configuration.","Review 10 simple objects line-arts and judge if it has adequate background and configuration. (10 pairs)","tactile, image review, accessibility, simple objects","$0.08","Mon Apr 13 17:53:45 PDT 2026","7","BatchId:5385319;OriginalHitTemplateId:928390873;","1200","1296000","Mon Apr 20 17:53:45 PDT 2026","","","3OHYZ19UH5JLOSZNDPOCW7DN1TUAO9","AJZHPDCKUVRM8","Approved","Mon Apr 13 20:00:28 PDT 2026","Mon Apr 13 20:01:06 PDT 2026","Tue Apr 28 20:01:06 PDT 2026","Sat Apr 18 19:48:07 PDT 2026","","","38","86% (67/78)","86% (67/78)","86% (67/78)","Leaf","https://tactileeval.s3.us-east-1.amazonaws.com/family_datasets/Food_Nature_and_Simple_Objects/Leaf/Natural/7.jpg","https://tactileeval.s3.us-east-1.amazonaws.com/family_datasets/Food_Nature_and_Simple_Objects/Leaf/Tactile/7.jpg","","Leaf","https://tactileeval.s3.us-east-1.amazonaws.com/family_datasets/Food_Nature_and_Simple_Objects/Leaf/Natural/8.jpg","https://tactileeval.s3.us-east-1.amazonaws.com/family_datasets/Food_Nature_and_Simple_Objects/Leaf/Tactile/8.jpg","","Leaf","https://tactileeval.s3.us-east-1.amazonaws.com/family_datasets/Food_Nature_and_Simple_Objects/Leaf/Natural/9.jpg","https://tactileeval.s3.us-east-1.amazonaws.com/family_datasets/Food_Nature_and_Simple_Objects/Leaf/Tactile/9.jpg","","Leaf","https://tactileeval.s3.us-east-1.amazonaws.com/family_datasets/Food_Nature_and_Simple_Objects/Leaf/Natural/10.jpg","https://tactileeval.s3.us-east-1.amazonaws.com/family_datasets/Food_Nature_and_Simple_Objects/Leaf/Tactile/10.jpg","","Leaf","https://tactileeval.s3.us-east-1.amazonaws.com/family_datasets/Food_Nature_and_Simple_Objects/Leaf/Natural/11.jpg","https://tactileeval.s3.us-east-1.amazonaws.com/family_datasets/Food_Nature_and_Simple_Objects/Leaf/Tactile/11.jpg","","Planet","https://tactileeval.s3.us-east-1.amazonaws.com/family_datasets/Food_Nature_and_Simple_Objects/Planet/Natural/1.jpeg","https://tactileeval.s3.us-east-1.amazonaws.com/family_datasets/Food_Nature_and_Simple_Objects/Planet/Tactile/1.jpg","","Planet","https://tactileeval.s3.us-east-1.amazonaws.com/family_datasets/Food_Nature_and_Simple_Objects/Planet/Natural/2.jpg","https://tactileeval.s3.us-east-1.amazonaws.com/family_datasets/Food_Nature_and_Simple_Objects/Planet/Tactile/2.jpg","","Planet","https://tactileeval.s3.us-east-1.amazonaws.com/family_datasets/Food_Nature_and_Simple_Objects/Planet/Natural/3.jpeg","https://tactileeval.s3.us-east-1.amazonaws.com/family_datasets/Food_Nature_and_Simple_Objects/Planet/Tactile/3.jpg","","Planet","https://tactileeval.s3.us-east-1.amazonaws.com/family_datasets/Food_Nature_and_Simple_Objects/Planet/Natural/4.jpg","https://tactileeval.s3.us-east-1.amazonaws.com/family_datasets/Food_Nature_and_Simple_Objects/Planet/Tactile/4.jpg","","Planet","https://tactileeval.s3.us-east-1.amazonaws.com/family_datasets/Food_Nature_and_Simple_Objects/Planet/Natural/5.jpg","https://tactileeval.s3.us-east-1.amazonaws.com/family_datasets/Food_Nature_and_Simple_Objects/Planet/Tactile/5.jpg","","[{""question1"":{""background_clean"":true,""configuration_match"":false,""object_match"":false},""question10"":{""background_clean"":true,""configuration_match"":false,""object_match"":false},""question2"":{""background_clean"":true,""configuration_match"":false,""object_match"":false},""question3"":{""background_clean"":true,""configuration_match"":false,""object_match"":true},""question4"":{""background_clean"":true,""configuration_match"":false,""object_match"":false},""question5"":{""background_clean"":true,""configuration_match"":false,""object_match"":false},""question6"":{""background_clean"":true,""configuration_match"":false,""object_match"":false},""question7"":{""background_clean"":true,""configuration_match"":false,""object_match"":false},""question8"":{""background_clean"":true,""configuration_match"":false,""object_match"":false},""question9"":{""background_clean"":true,""configuration_match"":false,""object_match"":false}}]"
"3FBEFUUYSCJTD2VQNRXHRNV3C2A6AH","3Z7ICGQCY1O87W8MNFF8N8ZBBWFOTX","Categorize images based on background and configuration.","Review 10 simple objects line-arts and judge if it has adequate background and configuration. (10 pairs)","tactile, image review, accessibility, simple objects","$0.08","Mon Apr 13 17:53:45 PDT 2026","7","BatchId:5385319;OriginalHitTemplateId:928390873;","1200","1296000","Mon Apr 20 17:53:45 PDT 2026","","","3BQU611VGIY4CMLCJURU3M7E0DW99N","A22YCS3UW15WOO","Approved","Mon Apr 13 20:52:56 PDT 2026","Mon Apr 13 20:54:18 PDT 2026","Tue Apr 28 20:54:18 PDT 2026","Sat Apr 18 19:48:07 PDT 2026","","","82","94% (207/220)","86% (82/95)","86% (82/95)","Leaf","https://tactileeval.s3.us-east-1.amazonaws.com/family_datasets/Food_Nature_and_Simple_Objects/Leaf/Natural/7.jpg","https://tactileeval.s3.us-east-1.amazonaws.com/family_datasets/Food_Nature_and_Simple_Objects/Leaf/Tactile/7.jpg","","Leaf","https://tactileeval.s3.us-east-1.amazonaws.com/family_datasets/Food_Nature_and_Simple_Objects/Leaf/Natural/8.jpg","https://tactileeval.s3.us-east-1.amazonaws.com/family_datasets/Food_Nature_and_Simple_Objects/Leaf/Tactile/8.jpg","","Leaf","https://tactileeval.s3.us-east-1.amazonaws.com/family_datasets/Food_Nature_and_Simple_Objects/Leaf/Natural/9.jpg","https://tactileeval.s3.us-east-1.amazonaws.com/family_datasets/Food_Nature_and_Simple_Objects/Leaf/Tactile/9.jpg","","Leaf","https://tactileeval.s3.us-east-1.amazonaws.com/family_datasets/Food_Nature_and_Simple_Objects/Leaf/Natural/10.jpg","https://tactileeval.s3.us-east-1.amazonaws.com/family_datasets/Food_Nature_and_Simple_Objects/Leaf/Tactile/10.jpg","","Leaf","https://tactileeval.s3.us-east-1.amazonaws.com/family_datasets/Food_Nature_and_Simple_Objects/Leaf/Natural/11.jpg","https://tactileeval.s3.us-east-1.amazonaws.com/family_datasets/Food_Nature_and_Simple_Objects/Leaf/Tactile/11.jpg","","Planet","https://tactileeval.s3.us-east-1.amazonaws.com/family_datasets/Food_Nature_and_Simple_Objects/Planet/Natural/1.jpeg","https://tactileeval.s3.us-east-1.amazonaws.com/family_datasets/Food_Nature_and_Simple_Objects/Planet/Tactile/1.jpg","","Planet","https://tactileeval.s3.us-east-1.amazonaws.com/family_datasets/Food_Nature_and_Simple_Objects/Planet/Natural/2.jpg","https://tactileeval.s3.us-east-1.amazonaws.com/family_datasets/Food_Nature_and_Simple_Objects/Planet/Tactile/2.jpg","","Planet","https://tactileeval.s3.us-east-1.amazonaws.com/family_datasets/Food_Nature_and_Simple_Objects/Planet/Natural/3.jpeg","https://tactileeval.s3.us-east-1.amazonaws.com/family_datasets/Food_Nature_and_Simple_Objects/Planet/Tactile/3.jpg","","Planet","https://tactileeval.s3.us-east-1.amazonaws.com/family_datasets/Food_Nature_and_Simple_Objects/Planet/Natural/4.jpg","https://tactileeval.s3.us-east-1.amazonaws.com/family_datasets/Food_Nature_and_Simple_Objects/Planet/Tactile/4.jpg","","Planet","https://tactileeval.s3.us-east-1.amazonaws.com/family_datasets/Food_Nature_and_Simple_Objects/Planet/Natural/5.jpg","https://tactileeval.s3.us-east-1.amazonaws.com/family_datasets/Food_Nature_and_Simple_Objects/Planet/Tactile/5.jpg","","[{""question1"":{""background_clean"":true,""configuration_match"":true,""object_match"":true},""question10"":{""background_clean"":true,""configuration_match"":true,""object_match"":true},""question2"":{""background_clean"":true,""configuration_match"":true,""object_match"":true},""question3"":{""background_clean"":true,""configuration_match"":true,""object_match"":true},""question4"":{""background_clean"":true,""configuration_match"":true,""object_match"":true},""question5"":{""background_clean"":true,""configuration_match"":true,""object_match"":true},""question6"":{""background_clean"":true,""configuration_match"":true,""object_match"":true},""question7"":{""background_clean"":true,""configuration_match"":true,""object_match"":true},""question8"":{""background_clean"":true,""configuration_match"":true,""object_match"":true},""question9"":{""background_clean"":true,""configuration_match"":true,""object_match"":true}}]"
"3FBEFUUYSCJTD2VQNRXHRNV3C2A6AH","3Z7ICGQCY1O87W8MNFF8N8ZBBWFOTX","Categorize images based on background and configuration.","Review 10 simple objects line-arts and judge if it has adequate background and configuration. (10 pairs)","tactile, image review, accessibility, simple objects","$0.08","Mon Apr 13 17:53:45 PDT 2026","7","BatchId:5385319;OriginalHitTemplateId:928390873;","1200","1296000","Mon Apr 20 17:53:45 PDT 2026","","","38F71OA9HMASKGVJBPVRI4Z93A2FMO","A2FK6782M09EBO","Approved","Mon Apr 13 21:29:28 PDT 2026","Mon Apr 13 21:31:02 PDT 2026","Tue Apr 28 21:31:02 PDT 2026","Sat Apr 18 19:48:07 PDT 2026","","","94","94% (101/107)","94% (101/107)","94% (101/107)","Leaf","https://tactileeval.s3.us-east-1.amazonaws.com/family_datasets/Food_Nature_and_Simple_Objects/Leaf/Natural/7.jpg","https://tactileeval.s3.us-east-1.amazonaws.com/family_datasets/Food_Nature_and_Simple_Objects/Leaf/Tactile/7.jpg","","Leaf","https://tactileeval.s3.us-east-1.amazonaws.com/family_datasets/Food_Nature_and_Simple_Objects/Leaf/Natural/8.jpg","https://tactileeval.s3.us-east-1.amazonaws.com/family_datasets/Food_Nature_and_Simple_Objects/Leaf/Tactile/8.jpg","","Leaf","https://tactileeval.s3.us-east-1.amazonaws.com/family_datasets/Food_Nature_and_Simple_Objects/Leaf/Natural/9.jpg","https://tactileeval.s3.us-east-1.amazonaws.com/family_datasets/Food_Nature_and_Simple_Objects/Leaf/Tactile/9.jpg","","Leaf","https://tactileeval.s3.us-east-1.amazonaws.com/family_datasets/Food_Nature_and_Simple_Objects/Leaf/Natural/10.jpg","https://tactileeval.s3.us-east-1.amazonaws.com/family_datasets/Food_Nature_and_Simple_Objects/Leaf/Tactile/10.jpg","","Leaf","https://tactileeval.s3.us-east-1.amazonaws.com/family_datasets/Food_Nature_and_Simple_Objects/Leaf/Natural/11.jpg","https://tactileeval.s3.us-east-1.amazonaws.com/family_datasets/Food_Nature_and_Simple_Objects/Leaf/Tactile/11.jpg","","Planet","https://tactileeval.s3.us-east-1.amazonaws.com/family_datasets/Food_Nature_and_Simple_Objects/Planet/Natural/1.jpeg","https://tactileeval.s3.us-east-1.amazonaws.com/family_datasets/Food_Nature_and_Simple_Objects/Planet/Tactile/1.jpg","","Planet","https://tactileeval.s3.us-east-1.amazonaws.com/family_datasets/Food_Nature_and_Simple_Objects/Planet/Natural/2.jpg","https://tactileeval.s3.us-east-1.amazonaws.com/family_datasets/Food_Nature_and_Simple_Objects/Planet/Tactile/2.jpg","","Planet","https://tactileeval.s3.us-east-1.amazonaws.com/family_datasets/Food_Nature_and_Simple_Objects/Planet/Natural/3.jpeg","https://tactileeval.s3.us-east-1.amazonaws.com/family_datasets/Food_Nature_and_Simple_Objects/Planet/Tactile/3.jpg","","Planet","https://tactileeval.s3.us-east-1.amazonaws.com/family_datasets/Food_Nature_and_Simple_Objects/Planet/Natural/4.jpg","https://tactileeval.s3.us-east-1.amazonaws.com/family_datasets/Food_Nature_and_Simple_Objects/Planet/Tactile/4.jpg","","Planet","https://tactileeval.s3.us-east-1.amazonaws.com/family_datasets/Food_Nature_and_Simple_Objects/Planet/Natural/5.jpg","https://tactileeval.s3.us-east-1.amazonaws.com/family_datasets/Food_Nature_and_Simple_Objects/Planet/Tactile/5.jpg","","[{""question1"":{""background_clean"":true,""configuration_match"":true,""object_match"":true},""question10"":{""background_clean"":true,""configuration_match"":false,""object_match"":true},""question2"":{""background_clean"":true,""configuration_match"":true,""object_match"":true},""question3"":{""background_clean"":true,""configuration_match"":true,""object_match"":true},""question4"":{""background_clean"":true,""configuration_match"":true,""object_match"":true},""question5"":{""background_clean"":true,""configuration_match"":true,""object_match"":true},""question6"":{""background_clean"":true,""configuration_match"":true,""object_match"":true},""question7"":{""background_clean"":true,""configuration_match"":true,""object_match"":true},""question8"":{""background_clean"":true,""configuration_match"":true,""object_match"":false},""question9"":{""background_clean"":true,""configuration_match"":true,""object_match"":false}}]"
"3FBEFUUYSCJTD2VQNRXHRNV3C2A6AH","3Z7ICGQCY1O87W8MNFF8N8ZBBWFOTX","Categorize images based on background and configuration.","Review 10 simple objects line-arts and judge if it has adequate background and configuration. (10 pairs)","tactile, image review, accessibility, simple objects","$0.08","Mon Apr 13 17:53:45 PDT 2026","7","BatchId:5385319;OriginalHitTemplateId:928390873;","1200","1296000","Mon Apr 20 17:53:45 PDT 2026","","","308Q0PEVC1RXNNEFNOX7GF6HJ3P9IC","A2U7UDW9Y1WGWF","Approved","Mon Apr 13 21:41:58 PDT 2026","Mon Apr 13 21:49:38 PDT 2026","Tue Apr 28 21:49:38 PDT 2026","Sat Apr 18 19:48:07 PDT 2026","","","460","100% (41/41)","100% (35/35)","100% (35/35)","Leaf","https://tactileeval.s3.us-east-1.amazonaws.com/family_datasets/Food_Nature_and_Simple_Objects/Leaf/Natural/7.jpg","https://tactileeval.s3.us-east-1.amazonaws.com/family_datasets/Food_Nature_and_Simple_Objects/Leaf/Tactile/7.jpg","","Leaf","https://tactileeval.s3.us-east-1.amazonaws.com/family_datasets/Food_Nature_and_Simple_Objects/Leaf/Natural/8.jpg","https://tactileeval.s3.us-east-1.amazonaws.com/family_datasets/Food_Nature_and_Simple_Objects/Leaf/Tactile/8.jpg","","Leaf","https://tactileeval.s3.us-east-1.amazonaws.com/family_datasets/Food_Nature_and_Simple_Objects/Leaf/Natural/9.jpg","https://tactileeval.s3.us-east-1.amazonaws.com/family_datasets/Food_Nature_and_Simple_Objects/Leaf/Tactile/9.jpg","","Leaf","https://tactileeval.s3.us-east-1.amazonaws.com/family_datasets/Food_Nature_and_Simple_Objects/Leaf/Natural/10.jpg","https://tactileeval.s3.us-east-1.amazonaws.com/family_datasets/Food_Nature_and_Simple_Objects/Leaf/Tactile/10.jpg","","Leaf","https://tactileeval.s3.us-east-1.amazonaws.com/family_datasets/Food_Nature_and_Simple_Objects/Leaf/Natural/11.jpg","https://tactileeval.s3.us-east-1.amazonaws.com/family_datasets/Food_Nature_and_Simple_Objects/Leaf/Tactile/11.jpg","","Planet","https://tactileeval.s3.us-east-1.amazonaws.com/family_datasets/Food_Nature_and_Simple_Objects/Planet/Natural/1.jpeg","https://tactileeval.s3.us-east-1.amazonaws.com/family_datasets/Food_Nature_and_Simple_Objects/Planet/Tactile/1.jpg","","Planet","https://tactileeval.s3.us-east-1.amazonaws.com/family_datasets/Food_Nature_and_Simple_Objects/Planet/Natural/2.jpg","https://tactileeval.s3.us-east-1.amazonaws.com/family_datasets/Food_Nature_and_Simple_Objects/Planet/Tactile/2.jpg","","Planet","https://tactileeval.s3.us-east-1.amazonaws.com/family_datasets/Food_Nature_and_Simple_Objects/Planet/Natural/3.jpeg","https://tactileeval.s3.us-east-1.amazonaws.com/family_datasets/Food_Nature_and_Simple_Objects/Planet/Tactile/3.jpg","","Planet","https://tactileeval.s3.us-east-1.amazonaws.com/family_datasets/Food_Nature_and_Simple_Objects/Planet/Natural/4.jpg","https://tactileeval.s3.us-east-1.amazonaws.com/family_datasets/Food_Nature_and_Simple_Objects/Planet/Tactile/4.jpg","","Planet","https://tactileeval.s3.us-east-1.amazonaws.com/family_datasets/Food_Nature_and_Simple_Objects/Planet/Natural/5.jpg","https://tactileeval.s3.us-east-1.amazonaws.com/family_datasets/Food_Nature_and_Simple_Objects/Planet/Tactile/5.jpg","","[{""question1"":{""background_clean"":true,""configuration_match"":true,""object_match"":true},""question10"":{""background_clean"":true,""configuration_match"":false,""object_match"":false},""question2"":{""background_clean"":true,""configuration_match"":false,""object_match"":false},""question3"":{""background_clean"":true,""configuration_match"":false,""object_match"":true},""question4"":{""background_clean"":true,""configuration_match"":true,""object_match"":false},""question5"":{""background_clean"":true,""configuration_match"":true,""object_match"":false},""question6"":{""background_clean"":true,""configuration_match"":true,""object_match"":true},""question7"":{""background_clean"":true,""configuration_match"":true,""object_match"":false},""question8"":{""background_clean"":true,""configuration_match"":true,""object_match"":false},""question9"":{""background_clean"":true,""configuration_match"":true,""object_match"":true}}]"
"3FBEFUUYSCJTD2VQNRXHRNV3C2A6AH","3Z7ICGQCY1O87W8MNFF8N8ZBBWFOTX","Categorize images based on background and configuration.","Review 10 simple objects line-arts and judge if it has adequate background and configuration. (10 pairs)","tactile, image review, accessibility, simple objects","$0.08","Mon Apr 13 17:53:45 PDT 2026","7","BatchId:5385319;OriginalHitTemplateId:928390873;","1200","1296000","Mon Apr 20 17:53:45 PDT 2026","","","3TOK3KHVKMW35Q1P6MCSMGBX0M0O7A","A1SMWIBTQ2AESU","Approved","Mon Apr 13 21:46:28 PDT 2026","Mon Apr 13 22:00:10 PDT 2026","Tue Apr 28 22:00:10 PDT 2026","Sat Apr 18 19:48:07 PDT 2026","","","822","79% (67/85)","79% (66/84)","79% (66/84)","Leaf","https://tactileeval.s3.us-east-1.amazonaws.com/family_datasets/Food_Nature_and_Simple_Objects/Leaf/Natural/7.jpg","https://tactileeval.s3.us-east-1.amazonaws.com/family_datasets/Food_Nature_and_Simple_Objects/Leaf/Tactile/7.jpg","","Leaf","https://tactileeval.s3.us-east-1.amazonaws.com/family_datasets/Food_Nature_and_Simple_Objects/Leaf/Natural/8.jpg","https://tactileeval.s3.us-east-1.amazonaws.com/family_datasets/Food_Nature_and_Simple_Objects/Leaf/Tactile/8.jpg","","Leaf","https://tactileeval.s3.us-east-1.amazonaws.com/family_datasets/Food_Nature_and_Simple_Objects/Leaf/Natural/9.jpg","https://tactileeval.s3.us-east-1.amazonaws.com/family_datasets/Food_Nature_and_Simple_Objects/Leaf/Tactile/9.jpg","","Leaf","https://tactileeval.s3.us-east-1.amazonaws.com/family_datasets/Food_Nature_and_Simple_Objects/Leaf/Natural/10.jpg","https://tactileeval.s3.us-east-1.amazonaws.com/family_datasets/Food_Nature_and_Simple_Objects/Leaf/Tactile/10.jpg","","Leaf","https://tactileeval.s3.us-east-1.amazonaws.com/family_datasets/Food_Nature_and_Simple_Objects/Leaf/Natural/11.jpg","https://tactileeval.s3.us-east-1.amazonaws.com/family_datasets/Food_Nature_and_Simple_Objects/Leaf/Tactile/11.jpg","","Planet","https://tactileeval.s3.us-east-1.amazonaws.com/family_datasets/Food_Nature_and_Simple_Objects/Planet/Natural/1.jpeg","https://tactileeval.s3.us-east-1.amazonaws.com/family_datasets/Food_Nature_and_Simple_Objects/Planet/Tactile/1.jpg","","Planet","https://tactileeval.s3.us-east-1.amazonaws.com/family_datasets/Food_Nature_and_Simple_Objects/Planet/Natural/2.jpg","https://tactileeval.s3.us-east-1.amazonaws.com/family_datasets/Food_Nature_and_Simple_Objects/Planet/Tactile/2.jpg","","Planet","https://tactileeval.s3.us-east-1.amazonaws.com/family_datasets/Food_Nature_and_Simple_Objects/Planet/Natural/3.jpeg","https://tactileeval.s3.us-east-1.amazonaws.com/family_datasets/Food_Nature_and_Simple_Objects/Planet/Tactile/3.jpg","","Planet","https://tactileeval.s3.us-east-1.amazonaws.com/family_datasets/Food_Nature_and_Simple_Objects/Planet/Natural/4.jpg","https://tactileeval.s3.us-east-1.amazonaws.com/family_datasets/Food_Nature_and_Simple_Objects/Planet/Tactile/4.jpg","","Planet","https://tactileeval.s3.us-east-1.amazonaws.com/family_datasets/Food_Nature_and_Simple_Objects/Planet/Natural/5.jpg","https://tactileeval.s3.us-east-1.amazonaws.com/family_datasets/Food_Nature_and_Simple_Objects/Planet/Tactile/5.jpg","","[{""question1"":{""background_clean"":true,""configuration_match"":true,""object_match"":true},""question10"":{""background_clean"":true,""configuration_match"":true,""object_match"":true},""question2"":{""background_clean"":true,""configuration_match"":true,""object_match"":true},""question3"":{""background_clean"":true,""configuration_match"":true,""object_match"":false},""question4"":{""background_clean"":true,""configuration_match"":true,""object_match"":false},""question5"":{""background_clean"":true,""configuration_match"":true,""object_match"":true},""question6"":{""background_clean"":true,""configuration_match"":true,""object_match"":true},""question7"":{""background_clean"":true,""configuration_match"":true,""object_match"":true},""question8"":{""background_clean"":true,""configuration_match"":true,""object_match"":true},""question9"":{""background_clean"":true,""configuration_match"":true,""object_match"":true}}]"
"3FBEFUUYSCJTD2VQNRXHRNV3C2A6AH","3Z7ICGQCY1O87W8MNFF8N8ZBBWFOTX","Categorize images based on background and configuration.","Review 10 simple objects line-arts and judge if it has adequate background and configuration. (10 pairs)","tactile, image review, accessibility, simple objects","$0.08","Mon Apr 13 17:53:45 PDT 2026","7","BatchId:5385319;OriginalHitTemplateId:928390873;","1200","1296000","Mon Apr 20 17:53:45 PDT 2026","","","3E4GGUZ1U15DTYJ42I34J8DG51H2K1","A36H75IU3Q97QS","Approved","Mon Apr 13 23:28:08 PDT 2026","Mon Apr 13 23:29:55 PDT 2026","Tue Apr 28 23:29:55 PDT 2026","Sat Apr 18 19:48:07 PDT 2026","","","107","37% (7/19)","37% (7/19)","37% (7/19)","Leaf","https://tactileeval.s3.us-east-1.amazonaws.com/family_datasets/Food_Nature_and_Simple_Objects/Leaf/Natural/7.jpg","https://tactileeval.s3.us-east-1.amazonaws.com/family_datasets/Food_Nature_and_Simple_Objects/Leaf/Tactile/7.jpg","","Leaf","https://tactileeval.s3.us-east-1.amazonaws.com/family_datasets/Food_Nature_and_Simple_Objects/Leaf/Natural/8.jpg","https://tactileeval.s3.us-east-1.amazonaws.com/family_datasets/Food_Nature_and_Simple_Objects/Leaf/Tactile/8.jpg","","Leaf","https://tactileeval.s3.us-east-1.amazonaws.com/family_datasets/Food_Nature_and_Simple_Objects/Leaf/Natural/9.jpg","https://tactileeval.s3.us-east-1.amazonaws.com/family_datasets/Food_Nature_and_Simple_Objects/Leaf/Tactile/9.jpg","","Leaf","https://tactileeval.s3.us-east-1.amazonaws.com/family_datasets/Food_Nature_and_Simple_Objects/Leaf/Natural/10.jpg","https://tactileeval.s3.us-east-1.amazonaws.com/family_datasets/Food_Nature_and_Simple_Objects/Leaf/Tactile/10.jpg","","Leaf","https://tactileeval.s3.us-east-1.amazonaws.com/family_datasets/Food_Nature_and_Simple_Objects/Leaf/Natural/11.jpg","https://tactileeval.s3.us-east-1.amazonaws.com/family_datasets/Food_Nature_and_Simple_Objects/Leaf/Tactile/11.jpg","","Planet","https://tactileeval.s3.us-east-1.amazonaws.com/family_datasets/Food_Nature_and_Simple_Objects/Planet/Natural/1.jpeg","https://tactileeval.s3.us-east-1.amazonaws.com/family_datasets/Food_Nature_and_Simple_Objects/Planet/Tactile/1.jpg","","Planet","https://tactileeval.s3.us-east-1.amazonaws.com/family_datasets/Food_Nature_and_Simple_Objects/Planet/Natural/2.jpg","https://tactileeval.s3.us-east-1.amazonaws.com/family_datasets/Food_Nature_and_Simple_Objects/Planet/Tactile/2.jpg","","Planet","https://tactileeval.s3.us-east-1.amazonaws.com/family_datasets/Food_Nature_and_Simple_Objects/Planet/Natural/3.jpeg","https://tactileeval.s3.us-east-1.amazonaws.com/family_datasets/Food_Nature_and_Simple_Objects/Planet/Tactile/3.jpg","","Planet","https://tactileeval.s3.us-east-1.amazonaws.com/family_datasets/Food_Nature_and_Simple_Objects/Planet/Natural/4.jpg","https://tactileeval.s3.us-east-1.amazonaws.com/family_datasets/Food_Nature_and_Simple_Objects/Planet/Tactile/4.jpg","","Planet","https://tactileeval.s3.us-east-1.amazonaws.com/family_datasets/Food_Nature_and_Simple_Objects/Planet/Natural/5.jpg","https://tactileeval.s3.us-east-1.amazonaws.com/family_datasets/Food_Nature_and_Simple_Objects/Planet/Tactile/5.jpg","","[{""question1"":{""background_clean"":true,""configuration_match"":true,""object_match"":true},""question10"":{""background_clean"":false,""configuration_match"":false,""object_match"":true},""question2"":{""background_clean"":false,""configuration_match"":false,""object_match"":true},""question3"":{""background_clean"":false,""configuration_match"":false,""object_match"":true},""question4"":{""background_clean"":false,""configuration_match"":false,""object_match"":true},""question5"":{""background_clean"":true,""configuration_match"":true,""object_match"":true},""question6"":{""background_clean"":false,""configuration_match"":false,""object_match"":true},""question7"":{""background_clean"":false,""configuration_match"":false,""object_match"":true},""question8"":{""background_clean"":false,""configuration_match"":false,""object_match"":true},""question9"":{""background_clean"":false,""configuration_match"":false,""object_match"":true}}]"
"3EN4YVUOV46HXAIQIKJKKZB6ZT3JX4","3Z7ICGQCY1O87W8MNFF8N8ZBBWFOTX","Categorize images based on background and configuration.","Review 10 simple objects line-arts and judge if it has adequate background and configuration. (10 pairs)","tactile, image review, accessibility, simple objects","$0.08","Mon Apr 13 17:53:45 PDT 2026","7","BatchId:5385319;OriginalHitTemplateId:928390873;","1200","1296000","Mon Apr 20 17:53:45 PDT 2026","","","3X3OR7WP0SEZZJ3B3ZO68Z3YG0PL8Z","AJZHPDCKUVRM8","Approved","Mon Apr 13 20:01:53 PDT 2026","Mon Apr 13 20:02:31 PDT 2026","Tue Apr 28 20:02:31 PDT 2026","Sat Apr 18 19:48:07 PDT 2026","","","38","86% (67/78)","86% (67/78)","86% (67/78)","Planet","https://tactileeval.s3.us-east-1.amazonaws.com/family_datasets/Food_Nature_and_Simple_Objects/Planet/Natural/6_refined.jpg","https://tactileeval.s3.us-east-1.amazonaws.com/family_datasets/Food_Nature_and_Simple_Objects/Planet/Tactile/6_refined.png","","Planet","https://tactileeval.s3.us-east-1.amazonaws.com/family_datasets/Food_Nature_and_Simple_Objects/Planet/Natural/7.jpg","https://tactileeval.s3.us-east-1.amazonaws.com/family_datasets/Food_Nature_and_Simple_Objects/Planet/Tactile/7.jpg","","Planet","https://tactileeval.s3.us-east-1.amazonaws.com/family_datasets/Food_Nature_and_Simple_Objects/Planet/Natural/8.jpg","https://tactileeval.s3.us-east-1.amazonaws.com/family_datasets/Food_Nature_and_Simple_Objects/Planet/Tactile/8.jpg","","Planet","https://tactileeval.s3.us-east-1.amazonaws.com/family_datasets/Food_Nature_and_Simple_Objects/Planet/Natural/9.jpg","https://tactileeval.s3.us-east-1.amazonaws.com/family_datasets/Food_Nature_and_Simple_Objects/Planet/Tactile/9.jpg","","Planet","https://tactileeval.s3.us-east-1.amazonaws.com/family_datasets/Food_Nature_and_Simple_Objects/Planet/Natural/10.jpg","https://tactileeval.s3.us-east-1.amazonaws.com/family_datasets/Food_Nature_and_Simple_Objects/Planet/Tactile/10.jpg","","Planet","https://tactileeval.s3.us-east-1.amazonaws.com/family_datasets/Food_Nature_and_Simple_Objects/Planet/Natural/11.jpg","https://tactileeval.s3.us-east-1.amazonaws.com/family_datasets/Food_Nature_and_Simple_Objects/Planet/Tactile/11.jpg","","Planet","https://tactileeval.s3.us-east-1.amazonaws.com/family_datasets/Food_Nature_and_Simple_Objects/Planet/Natural/12.jpg","https://tactileeval.s3.us-east-1.amazonaws.com/family_datasets/Food_Nature_and_Simple_Objects/Planet/Tactile/12.jpg","","Snowflake","https://tactileeval.s3.us-east-1.amazonaws.com/family_datasets/Food_Nature_and_Simple_Objects/Snowflake/Natural/1.png","https://tactileeval.s3.us-east-1.amazonaws.com/family_datasets/Food_Nature_and_Simple_Objects/Snowflake/Tactile/1.jpg","","Snowflake","https://tactileeval.s3.us-east-1.amazonaws.com/family_datasets/Food_Nature_and_Simple_Objects/Snowflake/Natural/2.png","https://tactileeval.s3.us-east-1.amazonaws.com/family_datasets/Food_Nature_and_Simple_Objects/Snowflake/Tactile/2.jpg","","Snowflake","https://tactileeval.s3.us-east-1.amazonaws.com/family_datasets/Food_Nature_and_Simple_Objects/Snowflake/Natural/3.png","https://tactileeval.s3.us-east-1.amazonaws.com/family_datasets/Food_Nature_and_Simple_Objects/Snowflake/Tactile/3.jpg","","[{""question1"":{""background_clean"":true,""configuration_match"":false,""object_match"":false},""question10"":{""background_clean"":true,""configuration_match"":false,""object_match"":false},""question2"":{""background_clean"":true,""configuration_match"":true,""object_match"":true},""question3"":{""background_clean"":true,""configuration_match"":false,""object_match"":false},""question4"":{""background_clean"":true,""configuration_match"":true,""object_match"":true},""question5"":{""background_clean"":true,""configuration_match"":false,""object_match"":false},""question6"":{""background_clean"":true,""configuration_match"":false,""object_match"":false},""question7"":{""background_clean"":true,""configuration_match"":false,""object_match"":false},""question8"":{""background_clean"":true,""configuration_match"":false,""object_match"":false},""question9"":{""background_clean"":true,""configuration_match"":false,""object_match"":false}}]"
"3EN4YVUOV46HXAIQIKJKKZB6ZT3JX4","3Z7ICGQCY1O87W8MNFF8N8ZBBWFOTX","Categorize images based on background and configuration.","Review 10 simple objects line-arts and judge if it has adequate background and configuration. (10 pairs)","tactile, image review, accessibility, simple objects","$0.08","Mon Apr 13 17:53:45 PDT 2026","7","BatchId:5385319;OriginalHitTemplateId:928390873;","1200","1296000","Mon Apr 20 17:53:45 PDT 2026","","","37Q970SN07M4SWEGONCS5BULUOU1SC","ACUA3D1ZUVZU3","Approved","Mon Apr 13 20:21:18 PDT 2026","Mon Apr 13 20:23:20 PDT 2026","Tue Apr 28 20:23:20 PDT 2026","Sat Apr 18 19:48:07 PDT 2026","","","122","93% (14/15)","93% (14/15)","93% (14/15)","Planet","https://tactileeval.s3.us-east-1.amazonaws.com/family_datasets/Food_Nature_and_Simple_Objects/Planet/Natural/6_refined.jpg","https://tactileeval.s3.us-east-1.amazonaws.com/family_datasets/Food_Nature_and_Simple_Objects/Planet/Tactile/6_refined.png","","Planet","https://tactileeval.s3.us-east-1.amazonaws.com/family_datasets/Food_Nature_and_Simple_Objects/Planet/Natural/7.jpg","https://tactileeval.s3.us-east-1.amazonaws.com/family_datasets/Food_Nature_and_Simple_Objects/Planet/Tactile/7.jpg","","Planet","https://tactileeval.s3.us-east-1.amazonaws.com/family_datasets/Food_Nature_and_Simple_Objects/Planet/Natural/8.jpg","https://tactileeval.s3.us-east-1.amazonaws.com/family_datasets/Food_Nature_and_Simple_Objects/Planet/Tactile/8.jpg","","Planet","https://tactileeval.s3.us-east-1.amazonaws.com/family_datasets/Food_Nature_and_Simple_Objects/Planet/Natural/9.jpg","https://tactileeval.s3.us-east-1.amazonaws.com/family_datasets/Food_Nature_and_Simple_Objects/Planet/Tactile/9.jpg","","Planet","https://tactileeval.s3.us-east-1.amazonaws.com/family_datasets/Food_Nature_and_Simple_Objects/Planet/Natural/10.jpg","https://tactileeval.s3.us-east-1.amazonaws.com/family_datasets/Food_Nature_and_Simple_Objects/Planet/Tactile/10.jpg","","Planet","https://tactileeval.s3.us-east-1.amazonaws.com/family_datasets/Food_Nature_and_Simple_Objects/Planet/Natural/11.jpg","https://tactileeval.s3.us-east-1.amazonaws.com/family_datasets/Food_Nature_and_Simple_Objects/Planet/Tactile/11.jpg","","Planet","https://tactileeval.s3.us-east-1.amazonaws.com/family_datasets/Food_Nature_and_Simple_Objects/Planet/Natural/12.jpg","https://tactileeval.s3.us-east-1.amazonaws.com/family_datasets/Food_Nature_and_Simple_Objects/Planet/Tactile/12.jpg","","Snowflake","https://tactileeval.s3.us-east-1.amazonaws.com/family_datasets/Food_Nature_and_Simple_Objects/Snowflake/Natural/1.png","https://tactileeval.s3.us-east-1.amazonaws.com/family_datasets/Food_Nature_and_Simple_Objects/Snowflake/Tactile/1.jpg","","Snowflake","https://tactileeval.s3.us-east-1.amazonaws.com/family_datasets/Food_Nature_and_Simple_Objects/Snowflake/Natural/2.png","https://tactileeval.s3.us-east-1.amazonaws.com/family_datasets/Food_Nature_and_Simple_Objects/Snowflake/Tactile/2.jpg","","Snowflake","https://tactileeval.s3.us-east-1.amazonaws.com/family_datasets/Food_Nature_and_Simple_Objects/Snowflake/Natural/3.png","https://tactileeval.s3.us-east-1.amazonaws.com/family_datasets/Food_Nature_and_Simple_Objects/Snowflake/Tactile/3.jpg","","[{""question1"":{""background_clean"":true,""configuration_match"":true,""object_match"":true},""question10"":{""background_clean"":true,""configuration_match"":true,""object_match"":true},""question2"":{""background_clean"":true,""configuration_match"":true,""object_match"":true},""question3"":{""background_clean"":true,""configuration_match"":true,""object_match"":true},""question4"":{""background_clean"":true,""configuration_match"":true,""object_match"":true},""question5"":{""background_clean"":true,""configuration_match"":true,""object_match"":true},""question6"":{""background_clean"":true,""configuration_match"":false,""object_match"":true},""question7"":{""background_clean"":true,""configuration_match"":true,""object_match"":true},""question8"":{""background_clean"":true,""configuration_match"":false,""object_match"":true},""question9"":{""background_clean"":true,""configuration_match"":false,""object_match"":true}}]"
"3EN4YVUOV46HXAIQIKJKKZB6ZT3JX4","3Z7ICGQCY1O87W8MNFF8N8ZBBWFOTX","Categorize images based on background and configuration.","Review 10 simple objects line-arts and judge if it has adequate background and configuration. (10 pairs)","tactile, image review, accessibility, simple objects","$0.08","Mon Apr 13 17:53:45 PDT 2026","7","BatchId:5385319;OriginalHitTemplateId:928390873;","1200","1296000","Mon Apr 20 17:53:45 PDT 2026","","","3Y9N9SS8MRPU0A9DE1VMY5NIR603DG","A22YCS3UW15WOO","Approved","Mon Apr 13 20:41:07 PDT 2026","Mon Apr 13 20:49:53 PDT 2026","Tue Apr 28 20:49:53 PDT 2026","Sat Apr 18 19:48:07 PDT 2026","","","526","94% (207/220)","86% (82/95)","86% (82/95)","Planet","https://tactileeval.s3.us-east-1.amazonaws.com/family_datasets/Food_Nature_and_Simple_Objects/Planet/Natural/6_refined.jpg","https://tactileeval.s3.us-east-1.amazonaws.com/family_datasets/Food_Nature_and_Simple_Objects/Planet/Tactile/6_refined.png","","Planet","https://tactileeval.s3.us-east-1.amazonaws.com/family_datasets/Food_Nature_and_Simple_Objects/Planet/Natural/7.jpg","https://tactileeval.s3.us-east-1.amazonaws.com/family_datasets/Food_Nature_and_Simple_Objects/Planet/Tactile/7.jpg","","Planet","https://tactileeval.s3.us-east-1.amazonaws.com/family_datasets/Food_Nature_and_Simple_Objects/Planet/Natural/8.jpg","https://tactileeval.s3.us-east-1.amazonaws.com/family_datasets/Food_Nature_and_Simple_Objects/Planet/Tactile/8.jpg","","Planet","https://tactileeval.s3.us-east-1.amazonaws.com/family_datasets/Food_Nature_and_Simple_Objects/Planet/Natural/9.jpg","https://tactileeval.s3.us-east-1.amazonaws.com/family_datasets/Food_Nature_and_Simple_Objects/Planet/Tactile/9.jpg","","Planet","https://tactileeval.s3.us-east-1.amazonaws.com/family_datasets/Food_Nature_and_Simple_Objects/Planet/Natural/10.jpg","https://tactileeval.s3.us-east-1.amazonaws.com/family_datasets/Food_Nature_and_Simple_Objects/Planet/Tactile/10.jpg","","Planet","https://tactileeval.s3.us-east-1.amazonaws.com/family_datasets/Food_Nature_and_Simple_Objects/Planet/Natural/11.jpg","https://tactileeval.s3.us-east-1.amazonaws.com/family_datasets/Food_Nature_and_Simple_Objects/Planet/Tactile/11.jpg","","Planet","https://tactileeval.s3.us-east-1.amazonaws.com/family_datasets/Food_Nature_and_Simple_Objects/Planet/Natural/12.jpg","https://tactileeval.s3.us-east-1.amazonaws.com/family_datasets/Food_Nature_and_Simple_Objects/Planet/Tactile/12.jpg","","Snowflake","https://tactileeval.s3.us-east-1.amazonaws.com/family_datasets/Food_Nature_and_Simple_Objects/Snowflake/Natural/1.png","https://tactileeval.s3.us-east-1.amazonaws.com/family_datasets/Food_Nature_and_Simple_Objects/Snowflake/Tactile/1.jpg","","Snowflake","https://tactileeval.s3.us-east-1.amazonaws.com/family_datasets/Food_Nature_and_Simple_Objects/Snowflake/Natural/2.png","https://tactileeval.s3.us-east-1.amazonaws.com/family_datasets/Food_Nature_and_Simple_Objects/Snowflake/Tactile/2.jpg","","Snowflake","https://tactileeval.s3.us-east-1.amazonaws.com/family_datasets/Food_Nature_and_Simple_Objects/Snowflake/Natural/3.png","https://tactileeval.s3.us-east-1.amazonaws.com/family_datasets/Food_Nature_and_Simple_Objects/Snowflake/Tactile/3.jpg","","[{""question1"":{""background_clean"":true,""configuration_match"":true,""object_match"":true},""question10"":{""background_clean"":true,""configuration_match"":true,""object_match"":true},""question2"":{""background_clean"":true,""configuration_match"":true,""object_match"":true},""question3"":{""background_clean"":true,""configuration_match"":true,""object_match"":true},""question4"":{""background_clean"":true,""configuration_match"":true,""object_match"":true},""question5"":{""background_clean"":true,""configuration_match"":true,""object_match"":true},""question6"":{""background_clean"":true,""configuration_match"":true,""object_match"":true},""question7"":{""background_clean"":true,""configuration_match"":true,""object_match"":true},""question8"":{""background_clean"":true,""configuration_match"":true,""object_match"":true},""question9"":{""background_clean"":true,""configuration_match"":true,""object_match"":true}}]"
"3EN4YVUOV46HXAIQIKJKKZB6ZT3JX4","3Z7ICGQCY1O87W8MNFF8N8ZBBWFOTX","Categorize images based on background and configuration.","Review 10 simple objects line-arts and judge if it has adequate background and configuration. (10 pairs)","tactile, image review, accessibility, simple objects","$0.08","Mon Apr 13 17:53:45 PDT 2026","7","BatchId:5385319;OriginalHitTemplateId:928390873;","1200","1296000","Mon Apr 20 17:53:45 PDT 2026","","","32N49TQG49WGEC8KE1AQRZ7VXNYVA5","A2FK6782M09EBO","Approved","Mon Apr 13 21:09:26 PDT 2026","Mon Apr 13 21:14:15 PDT 2026","Tue Apr 28 21:14:15 PDT 2026","Sat Apr 18 19:48:08 PDT 2026","","","289","94% (101/107)","94% (101/107)","94% (101/107)","Planet","https://tactileeval.s3.us-east-1.amazonaws.com/family_datasets/Food_Nature_and_Simple_Objects/Planet/Natural/6_refined.jpg","https://tactileeval.s3.us-east-1.amazonaws.com/family_datasets/Food_Nature_and_Simple_Objects/Planet/Tactile/6_refined.png","","Planet","https://tactileeval.s3.us-east-1.amazonaws.com/family_datasets/Food_Nature_and_Simple_Objects/Planet/Natural/7.jpg","https://tactileeval.s3.us-east-1.amazonaws.com/family_datasets/Food_Nature_and_Simple_Objects/Planet/Tactile/7.jpg","","Planet","https://tactileeval.s3.us-east-1.amazonaws.com/family_datasets/Food_Nature_and_Simple_Objects/Planet/Natural/8.jpg","https://tactileeval.s3.us-east-1.amazonaws.com/family_datasets/Food_Nature_and_Simple_Objects/Planet/Tactile/8.jpg","","Planet","https://tactileeval.s3.us-east-1.amazonaws.com/family_datasets/Food_Nature_and_Simple_Objects/Planet/Natural/9.jpg","https://tactileeval.s3.us-east-1.amazonaws.com/family_datasets/Food_Nature_and_Simple_Objects/Planet/Tactile/9.jpg","","Planet","https://tactileeval.s3.us-east-1.amazonaws.com/family_datasets/Food_Nature_and_Simple_Objects/Planet/Natural/10.jpg","https://tactileeval.s3.us-east-1.amazonaws.com/family_datasets/Food_Nature_and_Simple_Objects/Planet/Tactile/10.jpg","","Planet","https://tactileeval.s3.us-east-1.amazonaws.com/family_datasets/Food_Nature_and_Simple_Objects/Planet/Natural/11.jpg","https://tactileeval.s3.us-east-1.amazonaws.com/family_datasets/Food_Nature_and_Simple_Objects/Planet/Tactile/11.jpg","","Planet","https://tactileeval.s3.us-east-1.amazonaws.com/family_datasets/Food_Nature_and_Simple_Objects/Planet/Natural/12.jpg","https://tactileeval.s3.us-east-1.amazonaws.com/family_datasets/Food_Nature_and_Simple_Objects/Planet/Tactile/12.jpg","","Snowflake","https://tactileeval.s3.us-east-1.amazonaws.com/family_datasets/Food_Nature_and_Simple_Objects/Snowflake/Natural/1.png","https://tactileeval.s3.us-east-1.amazonaws.com/family_datasets/Food_Nature_and_Simple_Objects/Snowflake/Tactile/1.jpg","","Snowflake","https://tactileeval.s3.us-east-1.amazonaws.com/family_datasets/Food_Nature_and_Simple_Objects/Snowflake/Natural/2.png","https://tactileeval.s3.us-east-1.amazonaws.com/family_datasets/Food_Nature_and_Simple_Objects/Snowflake/Tactile/2.jpg","","Snowflake","https://tactileeval.s3.us-east-1.amazonaws.com/family_datasets/Food_Nature_and_Simple_Objects/Snowflake/Natural/3.png","https://tactileeval.s3.us-east-1.amazonaws.com/family_datasets/Food_Nature_and_Simple_Objects/Snowflake/Tactile/3.jpg","","[{""question1"":{""background_clean"":true,""configuration_match"":false,""object_match"":true},""question10"":{""background_clean"":true,""configuration_match"":true,""object_match"":false},""question2"":{""background_clean"":true,""configuration_match"":true,""object_match"":true},""question3"":{""background_clean"":true,""configuration_match"":false,""object_match"":true},""question4"":{""background_clean"":true,""configuration_match"":true,""object_match"":true},""question5"":{""background_clean"":true,""configuration_match"":true,""object_match"":true},""question6"":{""background_clean"":true,""configuration_match"":true,""object_match"":true},""question7"":{""background_clean"":true,""configuration_match"":true,""object_match"":true},""question8"":{""background_clean"":true,""configuration_match"":true,""object_match"":true},""question9"":{""background_clean"":true,""configuration_match"":true,""object_match"":false}}]"
"3EN4YVUOV46HXAIQIKJKKZB6ZT3JX4","3Z7ICGQCY1O87W8MNFF8N8ZBBWFOTX","Categorize images based on background and configuration.","Review 10 simple objects line-arts and judge if it has adequate background and configuration. (10 pairs)","tactile, image review, accessibility, simple objects","$0.08","Mon Apr 13 17:53:45 PDT 2026","7","BatchId:5385319;OriginalHitTemplateId:928390873;","1200","1296000","Mon Apr 20 17:53:45 PDT 2026","","","39O5D9O88M6KVI3ZE50BEZ5066V3CN","A1SMWIBTQ2AESU","Approved","Mon Apr 13 21:38:47 PDT 2026","Mon Apr 13 21:40:17 PDT 2026","Tue Apr 28 21:40:17 PDT 2026","Sat Apr 18 19:48:08 PDT 2026","","","90","79% (67/85)","79% (66/84)","79% (66/84)","Planet","https://tactileeval.s3.us-east-1.amazonaws.com/family_datasets/Food_Nature_and_Simple_Objects/Planet/Natural/6_refined.jpg","https://tactileeval.s3.us-east-1.amazonaws.com/family_datasets/Food_Nature_and_Simple_Objects/Planet/Tactile/6_refined.png","","Planet","https://tactileeval.s3.us-east-1.amazonaws.com/family_datasets/Food_Nature_and_Simple_Objects/Planet/Natural/7.jpg","https://tactileeval.s3.us-east-1.amazonaws.com/family_datasets/Food_Nature_and_Simple_Objects/Planet/Tactile/7.jpg","","Planet","https://tactileeval.s3.us-east-1.amazonaws.com/family_datasets/Food_Nature_and_Simple_Objects/Planet/Natural/8.jpg","https://tactileeval.s3.us-east-1.amazonaws.com/family_datasets/Food_Nature_and_Simple_Objects/Planet/Tactile/8.jpg","","Planet","https://tactileeval.s3.us-east-1.amazonaws.com/family_datasets/Food_Nature_and_Simple_Objects/Planet/Natural/9.jpg","https://tactileeval.s3.us-east-1.amazonaws.com/family_datasets/Food_Nature_and_Simple_Objects/Planet/Tactile/9.jpg","","Planet","https://tactileeval.s3.us-east-1.amazonaws.com/family_datasets/Food_Nature_and_Simple_Objects/Planet/Natural/10.jpg","https://tactileeval.s3.us-east-1.amazonaws.com/family_datasets/Food_Nature_and_Simple_Objects/Planet/Tactile/10.jpg","","Planet","https://tactileeval.s3.us-east-1.amazonaws.com/family_datasets/Food_Nature_and_Simple_Objects/Planet/Natural/11.jpg","https://tactileeval.s3.us-east-1.amazonaws.com/family_datasets/Food_Nature_and_Simple_Objects/Planet/Tactile/11.jpg","","Planet","https://tactileeval.s3.us-east-1.amazonaws.com/family_datasets/Food_Nature_and_Simple_Objects/Planet/Natural/12.jpg","https://tactileeval.s3.us-east-1.amazonaws.com/family_datasets/Food_Nature_and_Simple_Objects/Planet/Tactile/12.jpg","","Snowflake","https://tactileeval.s3.us-east-1.amazonaws.com/family_datasets/Food_Nature_and_Simple_Objects/Snowflake/Natural/1.png","https://tactileeval.s3.us-east-1.amazonaws.com/family_datasets/Food_Nature_and_Simple_Objects/Snowflake/Tactile/1.jpg","","Snowflake","https://tactileeval.s3.us-east-1.amazonaws.com/family_datasets/Food_Nature_and_Simple_Objects/Snowflake/Natural/2.png","https://tactileeval.s3.us-east-1.amazonaws.com/family_datasets/Food_Nature_and_Simple_Objects/Snowflake/Tactile/2.jpg","","Snowflake","https://tactileeval.s3.us-east-1.amazonaws.com/family_datasets/Food_Nature_and_Simple_Objects/Snowflake/Natural/3.png","https://tactileeval.s3.us-east-1.amazonaws.com/family_datasets/Food_Nature_and_Simple_Objects/Snowflake/Tactile/3.jpg","","[{""question1"":{""background_clean"":true,""configuration_match"":true,""object_match"":true},""question10"":{""background_clean"":true,""configuration_match"":true,""object_match"":false},""question2"":{""background_clean"":true,""configuration_match"":true,""object_match"":true},""question3"":{""background_clean"":true,""configuration_match"":true,""object_match"":true},""question4"":{""background_clean"":true,""configuration_match"":true,""object_match"":false},""question5"":{""background_clean"":true,""configuration_match"":true,""object_match"":true},""question6"":{""background_clean"":true,""configuration_match"":true,""object_match"":true},""question7"":{""background_clean"":true,""configuration_match"":true,""object_match"":false},""question8"":{""background_clean"":true,""configuration_match"":true,""object_match"":true},""question9"":{""background_clean"":true,""configuration_match"":true,""object_match"":false}}]"
"3EN4YVUOV46HXAIQIKJKKZB6ZT3JX4","3Z7ICGQCY1O87W8MNFF8N8ZBBWFOTX","Categorize images based on background and configuration.","Review 10 simple objects line-arts and judge if it has adequate background and configuration. (10 pairs)","tactile, image review, accessibility, simple objects","$0.08","Mon Apr 13 17:53:45 PDT 2026","7","BatchId:5385319;OriginalHitTemplateId:928390873;","1200","1296000","Mon Apr 20 17:53:45 PDT 2026","","","37TRT2X25J5C6RDI3QW3JMG7KIIBJ1","A2U7UDW9Y1WGWF","Approved","Mon Apr 13 21:47:16 PDT 2026","Mon Apr 13 22:02:09 PDT 2026","Tue Apr 28 22:02:09 PDT 2026","Sat Apr 18 19:48:08 PDT 2026","","","893","100% (41/41)","100% (35/35)","100% (35/35)","Planet","https://tactileeval.s3.us-east-1.amazonaws.com/family_datasets/Food_Nature_and_Simple_Objects/Planet/Natural/6_refined.jpg","https://tactileeval.s3.us-east-1.amazonaws.com/family_datasets/Food_Nature_and_Simple_Objects/Planet/Tactile/6_refined.png","","Planet","https://tactileeval.s3.us-east-1.amazonaws.com/family_datasets/Food_Nature_and_Simple_Objects/Planet/Natural/7.jpg","https://tactileeval.s3.us-east-1.amazonaws.com/family_datasets/Food_Nature_and_Simple_Objects/Planet/Tactile/7.jpg","","Planet","https://tactileeval.s3.us-east-1.amazonaws.com/family_datasets/Food_Nature_and_Simple_Objects/Planet/Natural/8.jpg","https://tactileeval.s3.us-east-1.amazonaws.com/family_datasets/Food_Nature_and_Simple_Objects/Planet/Tactile/8.jpg","","Planet","https://tactileeval.s3.us-east-1.amazonaws.com/family_datasets/Food_Nature_and_Simple_Objects/Planet/Natural/9.jpg","https://tactileeval.s3.us-east-1.amazonaws.com/family_datasets/Food_Nature_and_Simple_Objects/Planet/Tactile/9.jpg","","Planet","https://tactileeval.s3.us-east-1.amazonaws.com/family_datasets/Food_Nature_and_Simple_Objects/Planet/Natural/10.jpg","https://tactileeval.s3.us-east-1.amazonaws.com/family_datasets/Food_Nature_and_Simple_Objects/Planet/Tactile/10.jpg","","Planet","https://tactileeval.s3.us-east-1.amazonaws.com/family_datasets/Food_Nature_and_Simple_Objects/Planet/Natural/11.jpg","https://tactileeval.s3.us-east-1.amazonaws.com/family_datasets/Food_Nature_and_Simple_Objects/Planet/Tactile/11.jpg","","Planet","https://tactileeval.s3.us-east-1.amazonaws.com/family_datasets/Food_Nature_and_Simple_Objects/Planet/Natural/12.jpg","https://tactileeval.s3.us-east-1.amazonaws.com/family_datasets/Food_Nature_and_Simple_Objects/Planet/Tactile/12.jpg","","Snowflake","https://tactileeval.s3.us-east-1.amazonaws.com/family_datasets/Food_Nature_and_Simple_Objects/Snowflake/Natural/1.png","https://tactileeval.s3.us-east-1.amazonaws.com/family_datasets/Food_Nature_and_Simple_Objects/Snowflake/Tactile/1.jpg","","Snowflake","https://tactileeval.s3.us-east-1.amazonaws.com/family_datasets/Food_Nature_and_Simple_Objects/Snowflake/Natural/2.png","https://tactileeval.s3.us-east-1.amazonaws.com/family_datasets/Food_Nature_and_Simple_Objects/Snowflake/Tactile/2.jpg","","Snowflake","https://tactileeval.s3.us-east-1.amazonaws.com/family_datasets/Food_Nature_and_Simple_Objects/Snowflake/Natural/3.png","https://tactileeval.s3.us-east-1.amazonaws.com/family_datasets/Food_Nature_and_Simple_Objects/Snowflake/Tactile/3.jpg","","[{""question1"":{""background_clean"":true,""configuration_match"":false,""object_match"":true},""question10"":{""background_clean"":true,""configuration_match"":true,""object_match"":false},""question2"":{""background_clean"":true,""configuration_match"":true,""object_match"":true},""question3"":{""background_clean"":true,""configuration_match"":false,""object_match"":true},""question4"":{""background_clean"":true,""configuration_match"":true,""object_match"":true},""question5"":{""background_clean"":true,""configuration_match"":true,""object_match"":true},""question6"":{""background_clean"":true,""configuration_match"":true,""object_match"":true},""question7"":{""background_clean"":true,""configuration_match"":true,""object_match"":true},""question8"":{""background_clean"":true,""configuration_match"":true,""object_match"":true},""question9"":{""background_clean"":true,""configuration_match"":true,""object_match"":false}}]"
"3EN4YVUOV46HXAIQIKJKKZB6ZT3JX4","3Z7ICGQCY1O87W8MNFF8N8ZBBWFOTX","Categorize images based on background and configuration.","Review 10 simple objects line-arts and judge if it has adequate background and configuration. (10 pairs)","tactile, image review, accessibility, simple objects","$0.08","Mon Apr 13 17:53:45 PDT 2026","7","BatchId:5385319;OriginalHitTemplateId:928390873;","1200","1296000","Mon Apr 20 17:53:45 PDT 2026","","","34HJIJKLQYA1CNS3500ZEWLV5DCV44","A2J1106X8NPZGP","Approved","Mon Apr 13 22:19:38 PDT 2026","Mon Apr 13 22:36:22 PDT 2026","Tue Apr 28 22:36:22 PDT 2026","Sat Apr 18 19:48:08 PDT 2026","","","1004","43% (19/44)","43% (19/44)","43% (19/44)","Planet","https://tactileeval.s3.us-east-1.amazonaws.com/family_datasets/Food_Nature_and_Simple_Objects/Planet/Natural/6_refined.jpg","https://tactileeval.s3.us-east-1.amazonaws.com/family_datasets/Food_Nature_and_Simple_Objects/Planet/Tactile/6_refined.png","","Planet","https://tactileeval.s3.us-east-1.amazonaws.com/family_datasets/Food_Nature_and_Simple_Objects/Planet/Natural/7.jpg","https://tactileeval.s3.us-east-1.amazonaws.com/family_datasets/Food_Nature_and_Simple_Objects/Planet/Tactile/7.jpg","","Planet","https://tactileeval.s3.us-east-1.amazonaws.com/family_datasets/Food_Nature_and_Simple_Objects/Planet/Natural/8.jpg","https://tactileeval.s3.us-east-1.amazonaws.com/family_datasets/Food_Nature_and_Simple_Objects/Planet/Tactile/8.jpg","","Planet","https://tactileeval.s3.us-east-1.amazonaws.com/family_datasets/Food_Nature_and_Simple_Objects/Planet/Natural/9.jpg","https://tactileeval.s3.us-east-1.amazonaws.com/family_datasets/Food_Nature_and_Simple_Objects/Planet/Tactile/9.jpg","","Planet","https://tactileeval.s3.us-east-1.amazonaws.com/family_datasets/Food_Nature_and_Simple_Objects/Planet/Natural/10.jpg","https://tactileeval.s3.us-east-1.amazonaws.com/family_datasets/Food_Nature_and_Simple_Objects/Planet/Tactile/10.jpg","","Planet","https://tactileeval.s3.us-east-1.amazonaws.com/family_datasets/Food_Nature_and_Simple_Objects/Planet/Natural/11.jpg","https://tactileeval.s3.us-east-1.amazonaws.com/family_datasets/Food_Nature_and_Simple_Objects/Planet/Tactile/11.jpg","","Planet","https://tactileeval.s3.us-east-1.amazonaws.com/family_datasets/Food_Nature_and_Simple_Objects/Planet/Natural/12.jpg","https://tactileeval.s3.us-east-1.amazonaws.com/family_datasets/Food_Nature_and_Simple_Objects/Planet/Tactile/12.jpg","","Snowflake","https://tactileeval.s3.us-east-1.amazonaws.com/family_datasets/Food_Nature_and_Simple_Objects/Snowflake/Natural/1.png","https://tactileeval.s3.us-east-1.amazonaws.com/family_datasets/Food_Nature_and_Simple_Objects/Snowflake/Tactile/1.jpg","","Snowflake","https://tactileeval.s3.us-east-1.amazonaws.com/family_datasets/Food_Nature_and_Simple_Objects/Snowflake/Natural/2.png","https://tactileeval.s3.us-east-1.amazonaws.com/family_datasets/Food_Nature_and_Simple_Objects/Snowflake/Tactile/2.jpg","","Snowflake","https://tactileeval.s3.us-east-1.amazonaws.com/family_datasets/Food_Nature_and_Simple_Objects/Snowflake/Natural/3.png","https://tactileeval.s3.us-east-1.amazonaws.com/family_datasets/Food_Nature_and_Simple_Objects/Snowflake/Tactile/3.jpg","","[{""question1"":{""background_clean"":true,""configuration_match"":false,""object_match"":true},""question10"":{""background_clean"":true,""configuration_match"":false,""object_match"":true},""question2"":{""background_clean"":true,""configuration_match"":false,""object_match"":true},""question3"":{""background_clean"":true,""configuration_match"":false,""object_match"":false},""question4"":{""background_clean"":true,""configuration_match"":true,""object_match"":false},""question5"":{""background_clean"":true,""configuration_match"":false,""object_match"":true},""question6"":{""background_clean"":true,""configuration_match"":true,""object_match"":true},""question7"":{""background_clean"":true,""configuration_match"":false,""object_match"":false},""question8"":{""background_clean"":true,""configuration_match"":false,""object_match"":true},""question9"":{""background_clean"":true,""configuration_match"":false,""object_match"":false}}]"
"3HJ1EVZS3GXMF0UP60L5FA8T2FW3RG","3Z7ICGQCY1O87W8MNFF8N8ZBBWFOTX","Categorize images based on background and configuration.","Review 10 simple objects line-arts and judge if it has adequate background and configuration. (10 pairs)","tactile, image review, accessibility, simple objects","$0.08","Mon Apr 13 17:53:45 PDT 2026","8","BatchId:5385319;OriginalHitTemplateId:928390873;","1200","1296000","Mon Apr 20 17:53:45 PDT 2026","","","37Q970SN07M4SWEGONCS5BULUOFS1O","AUHR4P3FFMBBO","Rejected","Mon Apr 13 17:59:16 PDT 2026","Mon Apr 13 18:02:08 PDT 2026","Tue Apr 28 18:02:08 PDT 2026","","Sat Apr 18 19:48:08 PDT 2026","Thank you for your time. Unfortunately this submission did not pass the embedded gold-standard checks; this task requires very careful attention to detail.","172","0% (0/2)","0% (0/2)","0% (0/2)","Snowflake","https://tactileeval.s3.us-east-1.amazonaws.com/family_datasets/Food_Nature_and_Simple_Objects/Snowflake/Natural/4.png","https://tactileeval.s3.us-east-1.amazonaws.com/family_datasets/Food_Nature_and_Simple_Objects/Snowflake/Tactile/4.jpg","","Snowflake","https://tactileeval.s3.us-east-1.amazonaws.com/family_datasets/Food_Nature_and_Simple_Objects/Snowflake/Natural/5.png","https://tactileeval.s3.us-east-1.amazonaws.com/family_datasets/Food_Nature_and_Simple_Objects/Snowflake/Tactile/5.jpg","","Snowflake","https://tactileeval.s3.us-east-1.amazonaws.com/family_datasets/Food_Nature_and_Simple_Objects/Snowflake/Natural/6.png","https://tactileeval.s3.us-east-1.amazonaws.com/family_datasets/Food_Nature_and_Simple_Objects/Snowflake/Tactile/6.jpg","","Snowflake","https://tactileeval.s3.us-east-1.amazonaws.com/family_datasets/Food_Nature_and_Simple_Objects/Snowflake/Natural/7.png","https://tactileeval.s3.us-east-1.amazonaws.com/family_datasets/Food_Nature_and_Simple_Objects/Snowflake/Tactile/7.jpg","","Snowflake","https://tactileeval.s3.us-east-1.amazonaws.com/family_datasets/Food_Nature_and_Simple_Objects/Snowflake/Natural/8.png","https://tactileeval.s3.us-east-1.amazonaws.com/family_datasets/Food_Nature_and_Simple_Objects/Snowflake/Tactile/8.jpg","","Snowflake","https://tactileeval.s3.us-east-1.amazonaws.com/family_datasets/Food_Nature_and_Simple_Objects/Snowflake/Natural/9.png","https://tactileeval.s3.us-east-1.amazonaws.com/family_datasets/Food_Nature_and_Simple_Objects/Snowflake/Tactile/9.png","","Snowflake","https://tactileeval.s3.us-east-1.amazonaws.com/family_datasets/Food_Nature_and_Simple_Objects/Snowflake/Natural/10.png","https://tactileeval.s3.us-east-1.amazonaws.com/family_datasets/Food_Nature_and_Simple_Objects/Snowflake/Tactile/10.jpg","","Snowflake","https://tactileeval.s3.us-east-1.amazonaws.com/family_datasets/Food_Nature_and_Simple_Objects/Snowflake/Natural/11.png","https://tactileeval.s3.us-east-1.amazonaws.com/family_datasets/Food_Nature_and_Simple_Objects/Snowflake/Tactile/11.jpg","","Soda Cans","https://tactileeval.s3.us-east-1.amazonaws.com/family_datasets/Food_Nature_and_Simple_Objects/Soda%20Cans/Natural/1.jpg","https://tactileeval.s3.us-east-1.amazonaws.com/family_datasets/Food_Nature_and_Simple_Objects/Soda%20Cans/Tactile/1.jpg","","Soda Cans","https://tactileeval.s3.us-east-1.amazonaws.com/family_datasets/Food_Nature_and_Simple_Objects/Soda%20Cans/Natural/2.jpg","https://tactileeval.s3.us-east-1.amazonaws.com/family_datasets/Food_Nature_and_Simple_Objects/Soda%20Cans/Tactile/2.jpg","","[{""question1"":{""background_clean"":true,""configuration_match"":true,""object_match"":true},""question10"":{""background_clean"":false,""configuration_match"":true,""object_match"":true},""question2"":{""background_clean"":true,""configuration_match"":true,""object_match"":true},""question3"":{""background_clean"":true,""configuration_match"":false,""object_match"":true},""question4"":{""background_clean"":true,""configuration_match"":false,""object_match"":true},""question5"":{""background_clean"":false,""configuration_match"":false,""object_match"":true},""question6"":{""background_clean"":false,""configuration_match"":false,""object_match"":true},""question7"":{""background_clean"":false,""configuration_match"":false,""object_match"":true},""question8"":{""background_clean"":false,""configuration_match"":false,""object_match"":true},""question9"":{""background_clean"":false,""configuration_match"":true,""object_match"":true}}]"
"3HJ1EVZS3GXMF0UP60L5FA8T2FW3RG","3Z7ICGQCY1O87W8MNFF8N8ZBBWFOTX","Categorize images based on background and configuration.","Review 10 simple objects line-arts and judge if it has adequate background and configuration. (10 pairs)","tactile, image review, accessibility, simple objects","$0.08","Mon Apr 13 17:53:45 PDT 2026","8","BatchId:5385319;OriginalHitTemplateId:928390873;","1200","1296000","Mon Apr 20 17:53:45 PDT 2026","","","3K9FOBBF3AXK2QQF91DPQWTT5VLLNK","A2HSX08DWDYJU7","Approved","Mon Apr 13 19:35:39 PDT 2026","Mon Apr 13 19:51:36 PDT 2026","Tue Apr 28 19:51:36 PDT 2026","Sat Apr 18 19:48:08 PDT 2026","","","957","100% (100/100)","100% (8/8)","100% (8/8)","Snowflake","https://tactileeval.s3.us-east-1.amazonaws.com/family_datasets/Food_Nature_and_Simple_Objects/Snowflake/Natural/4.png","https://tactileeval.s3.us-east-1.amazonaws.com/family_datasets/Food_Nature_and_Simple_Objects/Snowflake/Tactile/4.jpg","","Snowflake","https://tactileeval.s3.us-east-1.amazonaws.com/family_datasets/Food_Nature_and_Simple_Objects/Snowflake/Natural/5.png","https://tactileeval.s3.us-east-1.amazonaws.com/family_datasets/Food_Nature_and_Simple_Objects/Snowflake/Tactile/5.jpg","","Snowflake","https://tactileeval.s3.us-east-1.amazonaws.com/family_datasets/Food_Nature_and_Simple_Objects/Snowflake/Natural/6.png","https://tactileeval.s3.us-east-1.amazonaws.com/family_datasets/Food_Nature_and_Simple_Objects/Snowflake/Tactile/6.jpg","","Snowflake","https://tactileeval.s3.us-east-1.amazonaws.com/family_datasets/Food_Nature_and_Simple_Objects/Snowflake/Natural/7.png","https://tactileeval.s3.us-east-1.amazonaws.com/family_datasets/Food_Nature_and_Simple_Objects/Snowflake/Tactile/7.jpg","","Snowflake","https://tactileeval.s3.us-east-1.amazonaws.com/family_datasets/Food_Nature_and_Simple_Objects/Snowflake/Natural/8.png","https://tactileeval.s3.us-east-1.amazonaws.com/family_datasets/Food_Nature_and_Simple_Objects/Snowflake/Tactile/8.jpg","","Snowflake","https://tactileeval.s3.us-east-1.amazonaws.com/family_datasets/Food_Nature_and_Simple_Objects/Snowflake/Natural/9.png","https://tactileeval.s3.us-east-1.amazonaws.com/family_datasets/Food_Nature_and_Simple_Objects/Snowflake/Tactile/9.png","","Snowflake","https://tactileeval.s3.us-east-1.amazonaws.com/family_datasets/Food_Nature_and_Simple_Objects/Snowflake/Natural/10.png","https://tactileeval.s3.us-east-1.amazonaws.com/family_datasets/Food_Nature_and_Simple_Objects/Snowflake/Tactile/10.jpg","","Snowflake","https://tactileeval.s3.us-east-1.amazonaws.com/family_datasets/Food_Nature_and_Simple_Objects/Snowflake/Natural/11.png","https://tactileeval.s3.us-east-1.amazonaws.com/family_datasets/Food_Nature_and_Simple_Objects/Snowflake/Tactile/11.jpg","","Soda Cans","https://tactileeval.s3.us-east-1.amazonaws.com/family_datasets/Food_Nature_and_Simple_Objects/Soda%20Cans/Natural/1.jpg","https://tactileeval.s3.us-east-1.amazonaws.com/family_datasets/Food_Nature_and_Simple_Objects/Soda%20Cans/Tactile/1.jpg","","Soda Cans","https://tactileeval.s3.us-east-1.amazonaws.com/family_datasets/Food_Nature_and_Simple_Objects/Soda%20Cans/Natural/2.jpg","https://tactileeval.s3.us-east-1.amazonaws.com/family_datasets/Food_Nature_and_Simple_Objects/Soda%20Cans/Tactile/2.jpg","","[{""question1"":{""background_clean"":true,""configuration_match"":false,""object_match"":false},""question10"":{""background_clean"":true,""configuration_match"":true,""object_match"":true},""question2"":{""background_clean"":true,""configuration_match"":true,""object_match"":false},""question3"":{""background_clean"":true,""configuration_match"":false,""object_match"":false},""question4"":{""background_clean"":true,""configuration_match"":true,""object_match"":false},""question5"":{""background_clean"":true,""configuration_match"":true,""object_match"":false},""question6"":{""background_clean"":true,""configuration_match"":false,""object_match"":false},""question7"":{""background_clean"":true,""configuration_match"":false,""object_match"":false},""question8"":{""background_clean"":true,""configuration_match"":false,""object_match"":false},""question9"":{""background_clean"":true,""configuration_match"":false,""object_match"":true}}]"
"3HJ1EVZS3GXMF0UP60L5FA8T2FW3RG","3Z7ICGQCY1O87W8MNFF8N8ZBBWFOTX","Categorize images based on background and configuration.","Review 10 simple objects line-arts and judge if it has adequate background and configuration. (10 pairs)","tactile, image review, accessibility, simple objects","$0.08","Mon Apr 13 17:53:45 PDT 2026","8","BatchId:5385319;OriginalHitTemplateId:928390873;","1200","1296000","Mon Apr 20 17:53:45 PDT 2026","","","3PQ8K71NIQYWMO5M36JUVCTICCQAAA","AJZHPDCKUVRM8","Approved","Mon Apr 13 19:59:21 PDT 2026","Mon Apr 13 20:00:24 PDT 2026","Tue Apr 28 20:00:24 PDT 2026","Sat Apr 18 19:48:08 PDT 2026","","","63","86% (67/78)","86% (67/78)","86% (67/78)","Snowflake","https://tactileeval.s3.us-east-1.amazonaws.com/family_datasets/Food_Nature_and_Simple_Objects/Snowflake/Natural/4.png","https://tactileeval.s3.us-east-1.amazonaws.com/family_datasets/Food_Nature_and_Simple_Objects/Snowflake/Tactile/4.jpg","","Snowflake","https://tactileeval.s3.us-east-1.amazonaws.com/family_datasets/Food_Nature_and_Simple_Objects/Snowflake/Natural/5.png","https://tactileeval.s3.us-east-1.amazonaws.com/family_datasets/Food_Nature_and_Simple_Objects/Snowflake/Tactile/5.jpg","","Snowflake","https://tactileeval.s3.us-east-1.amazonaws.com/family_datasets/Food_Nature_and_Simple_Objects/Snowflake/Natural/6.png","https://tactileeval.s3.us-east-1.amazonaws.com/family_datasets/Food_Nature_and_Simple_Objects/Snowflake/Tactile/6.jpg","","Snowflake","https://tactileeval.s3.us-east-1.amazonaws.com/family_datasets/Food_Nature_and_Simple_Objects/Snowflake/Natural/7.png","https://tactileeval.s3.us-east-1.amazonaws.com/family_datasets/Food_Nature_and_Simple_Objects/Snowflake/Tactile/7.jpg","","Snowflake","https://tactileeval.s3.us-east-1.amazonaws.com/family_datasets/Food_Nature_and_Simple_Objects/Snowflake/Natural/8.png","https://tactileeval.s3.us-east-1.amazonaws.com/family_datasets/Food_Nature_and_Simple_Objects/Snowflake/Tactile/8.jpg","","Snowflake","https://tactileeval.s3.us-east-1.amazonaws.com/family_datasets/Food_Nature_and_Simple_Objects/Snowflake/Natural/9.png","https://tactileeval.s3.us-east-1.amazonaws.com/family_datasets/Food_Nature_and_Simple_Objects/Snowflake/Tactile/9.png","","Snowflake","https://tactileeval.s3.us-east-1.amazonaws.com/family_datasets/Food_Nature_and_Simple_Objects/Snowflake/Natural/10.png","https://tactileeval.s3.us-east-1.amazonaws.com/family_datasets/Food_Nature_and_Simple_Objects/Snowflake/Tactile/10.jpg","","Snowflake","https://tactileeval.s3.us-east-1.amazonaws.com/family_datasets/Food_Nature_and_Simple_Objects/Snowflake/Natural/11.png","https://tactileeval.s3.us-east-1.amazonaws.com/family_datasets/Food_Nature_and_Simple_Objects/Snowflake/Tactile/11.jpg","","Soda Cans","https://tactileeval.s3.us-east-1.amazonaws.com/family_datasets/Food_Nature_and_Simple_Objects/Soda%20Cans/Natural/1.jpg","https://tactileeval.s3.us-east-1.amazonaws.com/family_datasets/Food_Nature_and_Simple_Objects/Soda%20Cans/Tactile/1.jpg","","Soda Cans","https://tactileeval.s3.us-east-1.amazonaws.com/family_datasets/Food_Nature_and_Simple_Objects/Soda%20Cans/Natural/2.jpg","https://tactileeval.s3.us-east-1.amazonaws.com/family_datasets/Food_Nature_and_Simple_Objects/Soda%20Cans/Tactile/2.jpg","","[{""question1"":{""background_clean"":true,""configuration_match"":false,""object_match"":false},""question10"":{""background_clean"":true,""configuration_match"":false,""object_match"":true},""question2"":{""background_clean"":true,""configuration_match"":false,""object_match"":true},""question3"":{""background_clean"":true,""configuration_match"":false,""object_match"":false},""question4"":{""background_clean"":true,""configuration_match"":false,""object_match"":false},""question5"":{""background_clean"":true,""configuration_match"":false,""object_match"":false},""question6"":{""background_clean"":true,""configuration_match"":false,""object_match"":false},""question7"":{""background_clean"":false,""configuration_match"":false,""object_match"":true},""question8"":{""background_clean"":false,""configuration_match"":false,""object_match"":true},""question9"":{""background_clean"":true,""configuration_match"":false,""object_match"":true}}]"
"3HJ1EVZS3GXMF0UP60L5FA8T2FW3RG","3Z7ICGQCY1O87W8MNFF8N8ZBBWFOTX","Categorize images based on background and configuration.","Review 10 simple objects line-arts and judge if it has adequate background and configuration. (10 pairs)","tactile, image review, accessibility, simple objects","$0.08","Mon Apr 13 17:53:45 PDT 2026","8","BatchId:5385319;OriginalHitTemplateId:928390873;","1200","1296000","Mon Apr 20 17:53:45 PDT 2026","","","31QNSG6A6K70KYE9Z5NWPULXLGK87D","ACUA3D1ZUVZU3","Approved","Mon Apr 13 19:59:36 PDT 2026","Mon Apr 13 20:01:36 PDT 2026","Tue Apr 28 20:01:36 PDT 2026","Sat Apr 18 19:48:08 PDT 2026","","","120","93% (14/15)","93% (14/15)","93% (14/15)","Snowflake","https://tactileeval.s3.us-east-1.amazonaws.com/family_datasets/Food_Nature_and_Simple_Objects/Snowflake/Natural/4.png","https://tactileeval.s3.us-east-1.amazonaws.com/family_datasets/Food_Nature_and_Simple_Objects/Snowflake/Tactile/4.jpg","","Snowflake","https://tactileeval.s3.us-east-1.amazonaws.com/family_datasets/Food_Nature_and_Simple_Objects/Snowflake/Natural/5.png","https://tactileeval.s3.us-east-1.amazonaws.com/family_datasets/Food_Nature_and_Simple_Objects/Snowflake/Tactile/5.jpg","","Snowflake","https://tactileeval.s3.us-east-1.amazonaws.com/family_datasets/Food_Nature_and_Simple_Objects/Snowflake/Natural/6.png","https://tactileeval.s3.us-east-1.amazonaws.com/family_datasets/Food_Nature_and_Simple_Objects/Snowflake/Tactile/6.jpg","","Snowflake","https://tactileeval.s3.us-east-1.amazonaws.com/family_datasets/Food_Nature_and_Simple_Objects/Snowflake/Natural/7.png","https://tactileeval.s3.us-east-1.amazonaws.com/family_datasets/Food_Nature_and_Simple_Objects/Snowflake/Tactile/7.jpg","","Snowflake","https://tactileeval.s3.us-east-1.amazonaws.com/family_datasets/Food_Nature_and_Simple_Objects/Snowflake/Natural/8.png","https://tactileeval.s3.us-east-1.amazonaws.com/family_datasets/Food_Nature_and_Simple_Objects/Snowflake/Tactile/8.jpg","","Snowflake","https://tactileeval.s3.us-east-1.amazonaws.com/family_datasets/Food_Nature_and_Simple_Objects/Snowflake/Natural/9.png","https://tactileeval.s3.us-east-1.amazonaws.com/family_datasets/Food_Nature_and_Simple_Objects/Snowflake/Tactile/9.png","","Snowflake","https://tactileeval.s3.us-east-1.amazonaws.com/family_datasets/Food_Nature_and_Simple_Objects/Snowflake/Natural/10.png","https://tactileeval.s3.us-east-1.amazonaws.com/family_datasets/Food_Nature_and_Simple_Objects/Snowflake/Tactile/10.jpg","","Snowflake","https://tactileeval.s3.us-east-1.amazonaws.com/family_datasets/Food_Nature_and_Simple_Objects/Snowflake/Natural/11.png","https://tactileeval.s3.us-east-1.amazonaws.com/family_datasets/Food_Nature_and_Simple_Objects/Snowflake/Tactile/11.jpg","","Soda Cans","https://tactileeval.s3.us-east-1.amazonaws.com/family_datasets/Food_Nature_and_Simple_Objects/Soda%20Cans/Natural/1.jpg","https://tactileeval.s3.us-east-1.amazonaws.com/family_datasets/Food_Nature_and_Simple_Objects/Soda%20Cans/Tactile/1.jpg","","Soda Cans","https://tactileeval.s3.us-east-1.amazonaws.com/family_datasets/Food_Nature_and_Simple_Objects/Soda%20Cans/Natural/2.jpg","https://tactileeval.s3.us-east-1.amazonaws.com/family_datasets/Food_Nature_and_Simple_Objects/Soda%20Cans/Tactile/2.jpg","","[{""question1"":{""background_clean"":true,""configuration_match"":false,""object_match"":true},""question10"":{""background_clean"":true,""configuration_match"":false,""object_match"":true},""question2"":{""background_clean"":true,""configuration_match"":true,""object_match"":true},""question3"":{""background_clean"":true,""configuration_match"":true,""object_match"":true},""question4"":{""background_clean"":true,""configuration_match"":true,""object_match"":true},""question5"":{""background_clean"":true,""configuration_match"":false,""object_match"":true},""question6"":{""background_clean"":true,""configuration_match"":false,""object_match"":false},""question7"":{""background_clean"":false,""configuration_match"":true,""object_match"":true},""question8"":{""background_clean"":false,""configuration_match"":true,""object_match"":true},""question9"":{""background_clean"":false,""configuration_match"":false,""object_match"":true}}]"
"3HJ1EVZS3GXMF0UP60L5FA8T2FW3RG","3Z7ICGQCY1O87W8MNFF8N8ZBBWFOTX","Categorize images based on background and configuration.","Review 10 simple objects line-arts and judge if it has adequate background and configuration. (10 pairs)","tactile, image review, accessibility, simple objects","$0.08","Mon Apr 13 17:53:45 PDT 2026","8","BatchId:5385319;OriginalHitTemplateId:928390873;","1200","1296000","Mon Apr 20 17:53:45 PDT 2026","","","3WMINLGAM4HKF32KNKFL17J6CGLCAQ","A22YCS3UW15WOO","Approved","Mon Apr 13 21:25:48 PDT 2026","Mon Apr 13 21:30:36 PDT 2026","Tue Apr 28 21:30:36 PDT 2026","Sat Apr 18 19:48:08 PDT 2026","","","288","94% (207/220)","86% (82/95)","86% (82/95)","Snowflake","https://tactileeval.s3.us-east-1.amazonaws.com/family_datasets/Food_Nature_and_Simple_Objects/Snowflake/Natural/4.png","https://tactileeval.s3.us-east-1.amazonaws.com/family_datasets/Food_Nature_and_Simple_Objects/Snowflake/Tactile/4.jpg","","Snowflake","https://tactileeval.s3.us-east-1.amazonaws.com/family_datasets/Food_Nature_and_Simple_Objects/Snowflake/Natural/5.png","https://tactileeval.s3.us-east-1.amazonaws.com/family_datasets/Food_Nature_and_Simple_Objects/Snowflake/Tactile/5.jpg","","Snowflake","https://tactileeval.s3.us-east-1.amazonaws.com/family_datasets/Food_Nature_and_Simple_Objects/Snowflake/Natural/6.png","https://tactileeval.s3.us-east-1.amazonaws.com/family_datasets/Food_Nature_and_Simple_Objects/Snowflake/Tactile/6.jpg","","Snowflake","https://tactileeval.s3.us-east-1.amazonaws.com/family_datasets/Food_Nature_and_Simple_Objects/Snowflake/Natural/7.png","https://tactileeval.s3.us-east-1.amazonaws.com/family_datasets/Food_Nature_and_Simple_Objects/Snowflake/Tactile/7.jpg","","Snowflake","https://tactileeval.s3.us-east-1.amazonaws.com/family_datasets/Food_Nature_and_Simple_Objects/Snowflake/Natural/8.png","https://tactileeval.s3.us-east-1.amazonaws.com/family_datasets/Food_Nature_and_Simple_Objects/Snowflake/Tactile/8.jpg","","Snowflake","https://tactileeval.s3.us-east-1.amazonaws.com/family_datasets/Food_Nature_and_Simple_Objects/Snowflake/Natural/9.png","https://tactileeval.s3.us-east-1.amazonaws.com/family_datasets/Food_Nature_and_Simple_Objects/Snowflake/Tactile/9.png","","Snowflake","https://tactileeval.s3.us-east-1.amazonaws.com/family_datasets/Food_Nature_and_Simple_Objects/Snowflake/Natural/10.png","https://tactileeval.s3.us-east-1.amazonaws.com/family_datasets/Food_Nature_and_Simple_Objects/Snowflake/Tactile/10.jpg","","Snowflake","https://tactileeval.s3.us-east-1.amazonaws.com/family_datasets/Food_Nature_and_Simple_Objects/Snowflake/Natural/11.png","https://tactileeval.s3.us-east-1.amazonaws.com/family_datasets/Food_Nature_and_Simple_Objects/Snowflake/Tactile/11.jpg","","Soda Cans","https://tactileeval.s3.us-east-1.amazonaws.com/family_datasets/Food_Nature_and_Simple_Objects/Soda%20Cans/Natural/1.jpg","https://tactileeval.s3.us-east-1.amazonaws.com/family_datasets/Food_Nature_and_Simple_Objects/Soda%20Cans/Tactile/1.jpg","","Soda Cans","https://tactileeval.s3.us-east-1.amazonaws.com/family_datasets/Food_Nature_and_Simple_Objects/Soda%20Cans/Natural/2.jpg","https://tactileeval.s3.us-east-1.amazonaws.com/family_datasets/Food_Nature_and_Simple_Objects/Soda%20Cans/Tactile/2.jpg","","[{""question1"":{""background_clean"":true,""configuration_match"":false,""object_match"":false},""question10"":{""background_clean"":true,""configuration_match"":true,""object_match"":true},""question2"":{""background_clean"":true,""configuration_match"":true,""object_match"":true},""question3"":{""background_clean"":true,""configuration_match"":false,""object_match"":false},""question4"":{""background_clean"":true,""configuration_match"":true,""object_match"":true},""question5"":{""background_clean"":true,""configuration_match"":true,""object_match"":true},""question6"":{""background_clean"":true,""configuration_match"":true,""object_match"":true},""question7"":{""background_clean"":true,""configuration_match"":true,""object_match"":true},""question8"":{""background_clean"":true,""configuration_match"":true,""object_match"":true},""question9"":{""background_clean"":true,""configuration_match"":true,""object_match"":true}}]"
"3HJ1EVZS3GXMF0UP60L5FA8T2FW3RG","3Z7ICGQCY1O87W8MNFF8N8ZBBWFOTX","Categorize images based on background and configuration.","Review 10 simple objects line-arts and judge if it has adequate background and configuration. (10 pairs)","tactile, image review, accessibility, simple objects","$0.08","Mon Apr 13 17:53:45 PDT 2026","8","BatchId:5385319;OriginalHitTemplateId:928390873;","1200","1296000","Mon Apr 20 17:53:45 PDT 2026","","","3IRIK4HM43YJS1QHX7Y9L2HKGXXC62","A2U7UDW9Y1WGWF","Approved","Mon Apr 13 21:41:59 PDT 2026","Mon Apr 13 21:51:36 PDT 2026","Tue Apr 28 21:51:36 PDT 2026","Sat Apr 18 19:48:08 PDT 2026","","","577","100% (41/41)","100% (35/35)","100% (35/35)","Snowflake","https://tactileeval.s3.us-east-1.amazonaws.com/family_datasets/Food_Nature_and_Simple_Objects/Snowflake/Natural/4.png","https://tactileeval.s3.us-east-1.amazonaws.com/family_datasets/Food_Nature_and_Simple_Objects/Snowflake/Tactile/4.jpg","","Snowflake","https://tactileeval.s3.us-east-1.amazonaws.com/family_datasets/Food_Nature_and_Simple_Objects/Snowflake/Natural/5.png","https://tactileeval.s3.us-east-1.amazonaws.com/family_datasets/Food_Nature_and_Simple_Objects/Snowflake/Tactile/5.jpg","","Snowflake","https://tactileeval.s3.us-east-1.amazonaws.com/family_datasets/Food_Nature_and_Simple_Objects/Snowflake/Natural/6.png","https://tactileeval.s3.us-east-1.amazonaws.com/family_datasets/Food_Nature_and_Simple_Objects/Snowflake/Tactile/6.jpg","","Snowflake","https://tactileeval.s3.us-east-1.amazonaws.com/family_datasets/Food_Nature_and_Simple_Objects/Snowflake/Natural/7.png","https://tactileeval.s3.us-east-1.amazonaws.com/family_datasets/Food_Nature_and_Simple_Objects/Snowflake/Tactile/7.jpg","","Snowflake","https://tactileeval.s3.us-east-1.amazonaws.com/family_datasets/Food_Nature_and_Simple_Objects/Snowflake/Natural/8.png","https://tactileeval.s3.us-east-1.amazonaws.com/family_datasets/Food_Nature_and_Simple_Objects/Snowflake/Tactile/8.jpg","","Snowflake","https://tactileeval.s3.us-east-1.amazonaws.com/family_datasets/Food_Nature_and_Simple_Objects/Snowflake/Natural/9.png","https://tactileeval.s3.us-east-1.amazonaws.com/family_datasets/Food_Nature_and_Simple_Objects/Snowflake/Tactile/9.png","","Snowflake","https://tactileeval.s3.us-east-1.amazonaws.com/family_datasets/Food_Nature_and_Simple_Objects/Snowflake/Natural/10.png","https://tactileeval.s3.us-east-1.amazonaws.com/family_datasets/Food_Nature_and_Simple_Objects/Snowflake/Tactile/10.jpg","","Snowflake","https://tactileeval.s3.us-east-1.amazonaws.com/family_datasets/Food_Nature_and_Simple_Objects/Snowflake/Natural/11.png","https://tactileeval.s3.us-east-1.amazonaws.com/family_datasets/Food_Nature_and_Simple_Objects/Snowflake/Tactile/11.jpg","","Soda Cans","https://tactileeval.s3.us-east-1.amazonaws.com/family_datasets/Food_Nature_and_Simple_Objects/Soda%20Cans/Natural/1.jpg","https://tactileeval.s3.us-east-1.amazonaws.com/family_datasets/Food_Nature_and_Simple_Objects/Soda%20Cans/Tactile/1.jpg","","Soda Cans","https://tactileeval.s3.us-east-1.amazonaws.com/family_datasets/Food_Nature_and_Simple_Objects/Soda%20Cans/Natural/2.jpg","https://tactileeval.s3.us-east-1.amazonaws.com/family_datasets/Food_Nature_and_Simple_Objects/Soda%20Cans/Tactile/2.jpg","","[{""question1"":{""background_clean"":true,""configuration_match"":true,""object_match"":true},""question10"":{""background_clean"":true,""configuration_match"":true,""object_match"":true},""question2"":{""background_clean"":true,""configuration_match"":true,""object_match"":true},""question3"":{""background_clean"":true,""configuration_match"":true,""object_match"":false},""question4"":{""background_clean"":true,""configuration_match"":true,""object_match"":true},""question5"":{""background_clean"":true,""configuration_match"":true,""object_match"":true},""question6"":{""background_clean"":true,""configuration_match"":true,""object_match"":true},""question7"":{""background_clean"":false,""configuration_match"":true,""object_match"":false},""question8"":{""background_clean"":true,""configuration_match"":true,""object_match"":true},""question9"":{""background_clean"":true,""configuration_match"":false,""object_match"":false}}]"
"3HJ1EVZS3GXMF0UP60L5FA8T2FW3RG","3Z7ICGQCY1O87W8MNFF8N8ZBBWFOTX","Categorize images based on background and configuration.","Review 10 simple objects line-arts and judge if it has adequate background and configuration. (10 pairs)","tactile, image review, accessibility, simple objects","$0.08","Mon Apr 13 17:53:45 PDT 2026","8","BatchId:5385319;OriginalHitTemplateId:928390873;","1200","1296000","Mon Apr 20 17:53:45 PDT 2026","","","3RSDURM973008JK1ZHZWUH1G0J3YEH","A1SMWIBTQ2AESU","Approved","Mon Apr 13 21:46:26 PDT 2026","Mon Apr 13 21:59:24 PDT 2026","Tue Apr 28 21:59:24 PDT 2026","Sat Apr 18 19:48:08 PDT 2026","","","778","79% (67/85)","79% (66/84)","79% (66/84)","Snowflake","https://tactileeval.s3.us-east-1.amazonaws.com/family_datasets/Food_Nature_and_Simple_Objects/Snowflake/Natural/4.png","https://tactileeval.s3.us-east-1.amazonaws.com/family_datasets/Food_Nature_and_Simple_Objects/Snowflake/Tactile/4.jpg","","Snowflake","https://tactileeval.s3.us-east-1.amazonaws.com/family_datasets/Food_Nature_and_Simple_Objects/Snowflake/Natural/5.png","https://tactileeval.s3.us-east-1.amazonaws.com/family_datasets/Food_Nature_and_Simple_Objects/Snowflake/Tactile/5.jpg","","Snowflake","https://tactileeval.s3.us-east-1.amazonaws.com/family_datasets/Food_Nature_and_Simple_Objects/Snowflake/Natural/6.png","https://tactileeval.s3.us-east-1.amazonaws.com/family_datasets/Food_Nature_and_Simple_Objects/Snowflake/Tactile/6.jpg","","Snowflake","https://tactileeval.s3.us-east-1.amazonaws.com/family_datasets/Food_Nature_and_Simple_Objects/Snowflake/Natural/7.png","https://tactileeval.s3.us-east-1.amazonaws.com/family_datasets/Food_Nature_and_Simple_Objects/Snowflake/Tactile/7.jpg","","Snowflake","https://tactileeval.s3.us-east-1.amazonaws.com/family_datasets/Food_Nature_and_Simple_Objects/Snowflake/Natural/8.png","https://tactileeval.s3.us-east-1.amazonaws.com/family_datasets/Food_Nature_and_Simple_Objects/Snowflake/Tactile/8.jpg","","Snowflake","https://tactileeval.s3.us-east-1.amazonaws.com/family_datasets/Food_Nature_and_Simple_Objects/Snowflake/Natural/9.png","https://tactileeval.s3.us-east-1.amazonaws.com/family_datasets/Food_Nature_and_Simple_Objects/Snowflake/Tactile/9.png","","Snowflake","https://tactileeval.s3.us-east-1.amazonaws.com/family_datasets/Food_Nature_and_Simple_Objects/Snowflake/Natural/10.png","https://tactileeval.s3.us-east-1.amazonaws.com/family_datasets/Food_Nature_and_Simple_Objects/Snowflake/Tactile/10.jpg","","Snowflake","https://tactileeval.s3.us-east-1.amazonaws.com/family_datasets/Food_Nature_and_Simple_Objects/Snowflake/Natural/11.png","https://tactileeval.s3.us-east-1.amazonaws.com/family_datasets/Food_Nature_and_Simple_Objects/Snowflake/Tactile/11.jpg","","Soda Cans","https://tactileeval.s3.us-east-1.amazonaws.com/family_datasets/Food_Nature_and_Simple_Objects/Soda%20Cans/Natural/1.jpg","https://tactileeval.s3.us-east-1.amazonaws.com/family_datasets/Food_Nature_and_Simple_Objects/Soda%20Cans/Tactile/1.jpg","","Soda Cans","https://tactileeval.s3.us-east-1.amazonaws.com/family_datasets/Food_Nature_and_Simple_Objects/Soda%20Cans/Natural/2.jpg","https://tactileeval.s3.us-east-1.amazonaws.com/family_datasets/Food_Nature_and_Simple_Objects/Soda%20Cans/Tactile/2.jpg","","[{""question1"":{""background_clean"":true,""configuration_match"":false,""object_match"":false},""question10"":{""background_clean"":true,""configuration_match"":true,""object_match"":false},""question2"":{""background_clean"":true,""configuration_match"":true,""object_match"":true},""question3"":{""background_clean"":true,""configuration_match"":false,""object_match"":false},""question4"":{""background_clean"":true,""configuration_match"":true,""object_match"":true},""question5"":{""background_clean"":true,""configuration_match"":false,""object_match"":false},""question6"":{""background_clean"":true,""configuration_match"":false,""object_match"":false},""question7"":{""background_clean"":true,""configuration_match"":true,""object_match"":false},""question8"":{""background_clean"":true,""configuration_match"":true,""object_match"":true},""question9"":{""background_clean"":true,""configuration_match"":true,""object_match"":false}}]"
"3HJ1EVZS3GXMF0UP60L5FA8T2FW3RG","3Z7ICGQCY1O87W8MNFF8N8ZBBWFOTX","Categorize images based on background and configuration.","Review 10 simple objects line-arts and judge if it has adequate background and configuration. (10 pairs)","tactile, image review, accessibility, simple objects","$0.08","Mon Apr 13 17:53:45 PDT 2026","8","BatchId:5385319;OriginalHitTemplateId:928390873;","1200","1296000","Mon Apr 20 17:53:45 PDT 2026","","","3YZ8UPK3WM04UCGITPWC18V0JWUCU9","A3RDY4TFHRI1MQ","Submitted","Sat Apr 18 20:19:45 PDT 2026","Sat Apr 18 20:23:30 PDT 2026","Sun May 03 20:23:30 PDT 2026","","","","225","0% (0/0)","0% (0/0)","0% (0/0)","Snowflake","https://tactileeval.s3.us-east-1.amazonaws.com/family_datasets/Food_Nature_and_Simple_Objects/Snowflake/Natural/4.png","https://tactileeval.s3.us-east-1.amazonaws.com/family_datasets/Food_Nature_and_Simple_Objects/Snowflake/Tactile/4.jpg","","Snowflake","https://tactileeval.s3.us-east-1.amazonaws.com/family_datasets/Food_Nature_and_Simple_Objects/Snowflake/Natural/5.png","https://tactileeval.s3.us-east-1.amazonaws.com/family_datasets/Food_Nature_and_Simple_Objects/Snowflake/Tactile/5.jpg","","Snowflake","https://tactileeval.s3.us-east-1.amazonaws.com/family_datasets/Food_Nature_and_Simple_Objects/Snowflake/Natural/6.png","https://tactileeval.s3.us-east-1.amazonaws.com/family_datasets/Food_Nature_and_Simple_Objects/Snowflake/Tactile/6.jpg","","Snowflake","https://tactileeval.s3.us-east-1.amazonaws.com/family_datasets/Food_Nature_and_Simple_Objects/Snowflake/Natural/7.png","https://tactileeval.s3.us-east-1.amazonaws.com/family_datasets/Food_Nature_and_Simple_Objects/Snowflake/Tactile/7.jpg","","Snowflake","https://tactileeval.s3.us-east-1.amazonaws.com/family_datasets/Food_Nature_and_Simple_Objects/Snowflake/Natural/8.png","https://tactileeval.s3.us-east-1.amazonaws.com/family_datasets/Food_Nature_and_Simple_Objects/Snowflake/Tactile/8.jpg","","Snowflake","https://tactileeval.s3.us-east-1.amazonaws.com/family_datasets/Food_Nature_and_Simple_Objects/Snowflake/Natural/9.png","https://tactileeval.s3.us-east-1.amazonaws.com/family_datasets/Food_Nature_and_Simple_Objects/Snowflake/Tactile/9.png","","Snowflake","https://tactileeval.s3.us-east-1.amazonaws.com/family_datasets/Food_Nature_and_Simple_Objects/Snowflake/Natural/10.png","https://tactileeval.s3.us-east-1.amazonaws.com/family_datasets/Food_Nature_and_Simple_Objects/Snowflake/Tactile/10.jpg","","Snowflake","https://tactileeval.s3.us-east-1.amazonaws.com/family_datasets/Food_Nature_and_Simple_Objects/Snowflake/Natural/11.png","https://tactileeval.s3.us-east-1.amazonaws.com/family_datasets/Food_Nature_and_Simple_Objects/Snowflake/Tactile/11.jpg","","Soda Cans","https://tactileeval.s3.us-east-1.amazonaws.com/family_datasets/Food_Nature_and_Simple_Objects/Soda%20Cans/Natural/1.jpg","https://tactileeval.s3.us-east-1.amazonaws.com/family_datasets/Food_Nature_and_Simple_Objects/Soda%20Cans/Tactile/1.jpg","","Soda Cans","https://tactileeval.s3.us-east-1.amazonaws.com/family_datasets/Food_Nature_and_Simple_Objects/Soda%20Cans/Natural/2.jpg","https://tactileeval.s3.us-east-1.amazonaws.com/family_datasets/Food_Nature_and_Simple_Objects/Soda%20Cans/Tactile/2.jpg","","[{""question1"":{""background_clean"":true,""configuration_match"":true,""object_match"":true},""question10"":{""background_clean"":true,""configuration_match"":false,""object_match"":true},""question2"":{""background_clean"":true,""configuration_match"":true,""object_match"":true},""question3"":{""background_clean"":true,""configuration_match"":false,""object_match"":false},""question4"":{""background_clean"":true,""configuration_match"":true,""object_match"":true},""question5"":{""background_clean"":true,""configuration_match"":false,""object_match"":false},""question6"":{""background_clean"":false,""configuration_match"":true,""object_match"":false},""question7"":{""background_clean"":true,""configuration_match"":false,""object_match"":false},""question8"":{""background_clean"":true,""configuration_match"":false,""object_match"":false},""question9"":{""background_clean"":true,""configuration_match"":false,""object_match"":true}}]"
"335VBRUREBEJLYE0132F7GCWNIG9EQ","3Z7ICGQCY1O87W8MNFF8N8ZBBWFOTX","Categorize images based on background and configuration.","Review 10 simple objects line-arts and judge if it has adequate background and configuration. (10 pairs)","tactile, image review, accessibility, simple objects","$0.08","Mon Apr 13 17:53:46 PDT 2026","7","BatchId:5385319;OriginalHitTemplateId:928390873;","1200","1296000","Mon Apr 20 17:53:46 PDT 2026","","","354GIDR504K4KY9MJ2P8H05SU4300J","AJZHPDCKUVRM8","Approved","Mon Apr 13 20:06:08 PDT 2026","Mon Apr 13 20:06:48 PDT 2026","Tue Apr 28 20:06:48 PDT 2026","Sat Apr 18 19:48:09 PDT 2026","","","40","86% (67/78)","86% (67/78)","86% (67/78)","Soda Cans","https://tactileeval.s3.us-east-1.amazonaws.com/family_datasets/Food_Nature_and_Simple_Objects/Soda%20Cans/Natural/3.png","https://tactileeval.s3.us-east-1.amazonaws.com/family_datasets/Food_Nature_and_Simple_Objects/Soda%20Cans/Tactile/3.jpg","","Soda Cans","https://tactileeval.s3.us-east-1.amazonaws.com/family_datasets/Food_Nature_and_Simple_Objects/Soda%20Cans/Natural/4.png","https://tactileeval.s3.us-east-1.amazonaws.com/family_datasets/Food_Nature_and_Simple_Objects/Soda%20Cans/Tactile/4.jpg","","Soda Cans","https://tactileeval.s3.us-east-1.amazonaws.com/family_datasets/Food_Nature_and_Simple_Objects/Soda%20Cans/Natural/5.png","https://tactileeval.s3.us-east-1.amazonaws.com/family_datasets/Food_Nature_and_Simple_Objects/Soda%20Cans/Tactile/5.jpg","","Soda Cans","https://tactileeval.s3.us-east-1.amazonaws.com/family_datasets/Food_Nature_and_Simple_Objects/Soda%20Cans/Natural/6.png","https://tactileeval.s3.us-east-1.amazonaws.com/family_datasets/Food_Nature_and_Simple_Objects/Soda%20Cans/Tactile/6.jpg","","Soda Cans","https://tactileeval.s3.us-east-1.amazonaws.com/family_datasets/Food_Nature_and_Simple_Objects/Soda%20Cans/Natural/7.png","https://tactileeval.s3.us-east-1.amazonaws.com/family_datasets/Food_Nature_and_Simple_Objects/Soda%20Cans/Tactile/7.jpg","","Soda Cans","https://tactileeval.s3.us-east-1.amazonaws.com/family_datasets/Food_Nature_and_Simple_Objects/Soda%20Cans/Natural/8.png","https://tactileeval.s3.us-east-1.amazonaws.com/family_datasets/Food_Nature_and_Simple_Objects/Soda%20Cans/Tactile/8.jpg","","Soda Cans","https://tactileeval.s3.us-east-1.amazonaws.com/family_datasets/Food_Nature_and_Simple_Objects/Soda%20Cans/Natural/9.png","https://tactileeval.s3.us-east-1.amazonaws.com/family_datasets/Food_Nature_and_Simple_Objects/Soda%20Cans/Tactile/9.jpg","","Soda Cans","https://tactileeval.s3.us-east-1.amazonaws.com/family_datasets/Food_Nature_and_Simple_Objects/Soda%20Cans/Natural/10.png","https://tactileeval.s3.us-east-1.amazonaws.com/family_datasets/Food_Nature_and_Simple_Objects/Soda%20Cans/Tactile/10.jpg","","Soda Cans","https://tactileeval.s3.us-east-1.amazonaws.com/family_datasets/Food_Nature_and_Simple_Objects/Soda%20Cans/Natural/11.jpg","https://tactileeval.s3.us-east-1.amazonaws.com/family_datasets/Food_Nature_and_Simple_Objects/Soda%20Cans/Tactile/11.jpg","","Soda Cans","https://tactileeval.s3.us-east-1.amazonaws.com/family_datasets/Food_Nature_and_Simple_Objects/Soda%20Cans/Natural/12.png","https://tactileeval.s3.us-east-1.amazonaws.com/family_datasets/Food_Nature_and_Simple_Objects/Soda%20Cans/Tactile/12.jpg","","[{""question1"":{""background_clean"":true,""configuration_match"":true,""object_match"":true},""question10"":{""background_clean"":true,""configuration_match"":false,""object_match"":true},""question2"":{""background_clean"":false,""configuration_match"":false,""object_match"":true},""question3"":{""background_clean"":true,""configuration_match"":false,""object_match"":true},""question4"":{""background_clean"":false,""configuration_match"":false,""object_match"":true},""question5"":{""background_clean"":true,""configuration_match"":false,""object_match"":true},""question6"":{""background_clean"":true,""configuration_match"":false,""object_match"":true},""question7"":{""background_clean"":true,""configuration_match"":false,""object_match"":false},""question8"":{""background_clean"":true,""configuration_match"":false,""object_match"":true},""question9"":{""background_clean"":false,""configuration_match"":true,""object_match"":true}}]"
"335VBRUREBEJLYE0132F7GCWNIG9EQ","3Z7ICGQCY1O87W8MNFF8N8ZBBWFOTX","Categorize images based on background and configuration.","Review 10 simple objects line-arts and judge if it has adequate background and configuration. (10 pairs)","tactile, image review, accessibility, simple objects","$0.08","Mon Apr 13 17:53:46 PDT 2026","7","BatchId:5385319;OriginalHitTemplateId:928390873;","1200","1296000","Mon Apr 20 17:53:46 PDT 2026","","","3EFVCAY5MWNT4TFB0ECTSKQ6CBMJ8X","ACUA3D1ZUVZU3","Approved","Mon Apr 13 20:18:31 PDT 2026","Mon Apr 13 20:20:16 PDT 2026","Tue Apr 28 20:20:16 PDT 2026","Sat Apr 18 19:48:08 PDT 2026","","","105","93% (14/15)","93% (14/15)","93% (14/15)","Soda Cans","https://tactileeval.s3.us-east-1.amazonaws.com/family_datasets/Food_Nature_and_Simple_Objects/Soda%20Cans/Natural/3.png","https://tactileeval.s3.us-east-1.amazonaws.com/family_datasets/Food_Nature_and_Simple_Objects/Soda%20Cans/Tactile/3.jpg","","Soda Cans","https://tactileeval.s3.us-east-1.amazonaws.com/family_datasets/Food_Nature_and_Simple_Objects/Soda%20Cans/Natural/4.png","https://tactileeval.s3.us-east-1.amazonaws.com/family_datasets/Food_Nature_and_Simple_Objects/Soda%20Cans/Tactile/4.jpg","","Soda Cans","https://tactileeval.s3.us-east-1.amazonaws.com/family_datasets/Food_Nature_and_Simple_Objects/Soda%20Cans/Natural/5.png","https://tactileeval.s3.us-east-1.amazonaws.com/family_datasets/Food_Nature_and_Simple_Objects/Soda%20Cans/Tactile/5.jpg","","Soda Cans","https://tactileeval.s3.us-east-1.amazonaws.com/family_datasets/Food_Nature_and_Simple_Objects/Soda%20Cans/Natural/6.png","https://tactileeval.s3.us-east-1.amazonaws.com/family_datasets/Food_Nature_and_Simple_Objects/Soda%20Cans/Tactile/6.jpg","","Soda Cans","https://tactileeval.s3.us-east-1.amazonaws.com/family_datasets/Food_Nature_and_Simple_Objects/Soda%20Cans/Natural/7.png","https://tactileeval.s3.us-east-1.amazonaws.com/family_datasets/Food_Nature_and_Simple_Objects/Soda%20Cans/Tactile/7.jpg","","Soda Cans","https://tactileeval.s3.us-east-1.amazonaws.com/family_datasets/Food_Nature_and_Simple_Objects/Soda%20Cans/Natural/8.png","https://tactileeval.s3.us-east-1.amazonaws.com/family_datasets/Food_Nature_and_Simple_Objects/Soda%20Cans/Tactile/8.jpg","","Soda Cans","https://tactileeval.s3.us-east-1.amazonaws.com/family_datasets/Food_Nature_and_Simple_Objects/Soda%20Cans/Natural/9.png","https://tactileeval.s3.us-east-1.amazonaws.com/family_datasets/Food_Nature_and_Simple_Objects/Soda%20Cans/Tactile/9.jpg","","Soda Cans","https://tactileeval.s3.us-east-1.amazonaws.com/family_datasets/Food_Nature_and_Simple_Objects/Soda%20Cans/Natural/10.png","https://tactileeval.s3.us-east-1.amazonaws.com/family_datasets/Food_Nature_and_Simple_Objects/Soda%20Cans/Tactile/10.jpg","","Soda Cans","https://tactileeval.s3.us-east-1.amazonaws.com/family_datasets/Food_Nature_and_Simple_Objects/Soda%20Cans/Natural/11.jpg","https://tactileeval.s3.us-east-1.amazonaws.com/family_datasets/Food_Nature_and_Simple_Objects/Soda%20Cans/Tactile/11.jpg","","Soda Cans","https://tactileeval.s3.us-east-1.amazonaws.com/family_datasets/Food_Nature_and_Simple_Objects/Soda%20Cans/Natural/12.png","https://tactileeval.s3.us-east-1.amazonaws.com/family_datasets/Food_Nature_and_Simple_Objects/Soda%20Cans/Tactile/12.jpg","","[{""question1"":{""background_clean"":true,""configuration_match"":true,""object_match"":true},""question10"":{""background_clean"":true,""configuration_match"":false,""object_match"":true},""question2"":{""background_clean"":false,""configuration_match"":true,""object_match"":true},""question3"":{""background_clean"":true,""configuration_match"":true,""object_match"":true},""question4"":{""background_clean"":false,""configuration_match"":true,""object_match"":true},""question5"":{""background_clean"":true,""configuration_match"":true,""object_match"":true},""question6"":{""background_clean"":true,""configuration_match"":true,""object_match"":true},""question7"":{""background_clean"":true,""configuration_match"":false,""object_match"":true},""question8"":{""background_clean"":true,""configuration_match"":false,""object_match"":true},""question9"":{""background_clean"":false,""configuration_match"":true,""object_match"":true}}]"
"335VBRUREBEJLYE0132F7GCWNIG9EQ","3Z7ICGQCY1O87W8MNFF8N8ZBBWFOTX","Categorize images based on background and configuration.","Review 10 simple objects line-arts and judge if it has adequate background and configuration. (10 pairs)","tactile, image review, accessibility, simple objects","$0.08","Mon Apr 13 17:53:46 PDT 2026","7","BatchId:5385319;OriginalHitTemplateId:928390873;","1200","1296000","Mon Apr 20 17:53:46 PDT 2026","","","3180JW2OUXQAHBW92G5QG0GFAMPJ51","A22YCS3UW15WOO","Approved","Mon Apr 13 20:53:00 PDT 2026","Mon Apr 13 21:00:08 PDT 2026","Tue Apr 28 21:00:08 PDT 2026","Sat Apr 18 19:48:08 PDT 2026","","","428","94% (207/220)","86% (82/95)","86% (82/95)","Soda Cans","https://tactileeval.s3.us-east-1.amazonaws.com/family_datasets/Food_Nature_and_Simple_Objects/Soda%20Cans/Natural/3.png","https://tactileeval.s3.us-east-1.amazonaws.com/family_datasets/Food_Nature_and_Simple_Objects/Soda%20Cans/Tactile/3.jpg","","Soda Cans","https://tactileeval.s3.us-east-1.amazonaws.com/family_datasets/Food_Nature_and_Simple_Objects/Soda%20Cans/Natural/4.png","https://tactileeval.s3.us-east-1.amazonaws.com/family_datasets/Food_Nature_and_Simple_Objects/Soda%20Cans/Tactile/4.jpg","","Soda Cans","https://tactileeval.s3.us-east-1.amazonaws.com/family_datasets/Food_Nature_and_Simple_Objects/Soda%20Cans/Natural/5.png","https://tactileeval.s3.us-east-1.amazonaws.com/family_datasets/Food_Nature_and_Simple_Objects/Soda%20Cans/Tactile/5.jpg","","Soda Cans","https://tactileeval.s3.us-east-1.amazonaws.com/family_datasets/Food_Nature_and_Simple_Objects/Soda%20Cans/Natural/6.png","https://tactileeval.s3.us-east-1.amazonaws.com/family_datasets/Food_Nature_and_Simple_Objects/Soda%20Cans/Tactile/6.jpg","","Soda Cans","https://tactileeval.s3.us-east-1.amazonaws.com/family_datasets/Food_Nature_and_Simple_Objects/Soda%20Cans/Natural/7.png","https://tactileeval.s3.us-east-1.amazonaws.com/family_datasets/Food_Nature_and_Simple_Objects/Soda%20Cans/Tactile/7.jpg","","Soda Cans","https://tactileeval.s3.us-east-1.amazonaws.com/family_datasets/Food_Nature_and_Simple_Objects/Soda%20Cans/Natural/8.png","https://tactileeval.s3.us-east-1.amazonaws.com/family_datasets/Food_Nature_and_Simple_Objects/Soda%20Cans/Tactile/8.jpg","","Soda Cans","https://tactileeval.s3.us-east-1.amazonaws.com/family_datasets/Food_Nature_and_Simple_Objects/Soda%20Cans/Natural/9.png","https://tactileeval.s3.us-east-1.amazonaws.com/family_datasets/Food_Nature_and_Simple_Objects/Soda%20Cans/Tactile/9.jpg","","Soda Cans","https://tactileeval.s3.us-east-1.amazonaws.com/family_datasets/Food_Nature_and_Simple_Objects/Soda%20Cans/Natural/10.png","https://tactileeval.s3.us-east-1.amazonaws.com/family_datasets/Food_Nature_and_Simple_Objects/Soda%20Cans/Tactile/10.jpg","","Soda Cans","https://tactileeval.s3.us-east-1.amazonaws.com/family_datasets/Food_Nature_and_Simple_Objects/Soda%20Cans/Natural/11.jpg","https://tactileeval.s3.us-east-1.amazonaws.com/family_datasets/Food_Nature_and_Simple_Objects/Soda%20Cans/Tactile/11.jpg","","Soda Cans","https://tactileeval.s3.us-east-1.amazonaws.com/family_datasets/Food_Nature_and_Simple_Objects/Soda%20Cans/Natural/12.png","https://tactileeval.s3.us-east-1.amazonaws.com/family_datasets/Food_Nature_and_Simple_Objects/Soda%20Cans/Tactile/12.jpg","","[{""question1"":{""background_clean"":true,""configuration_match"":true,""object_match"":true},""question10"":{""background_clean"":true,""configuration_match"":true,""object_match"":true},""question2"":{""background_clean"":true,""configuration_match"":true,""object_match"":true},""question3"":{""background_clean"":true,""configuration_match"":true,""object_match"":true},""question4"":{""background_clean"":true,""configuration_match"":true,""object_match"":true},""question5"":{""background_clean"":true,""configuration_match"":true,""object_match"":true},""question6"":{""background_clean"":true,""configuration_match"":true,""object_match"":true},""question7"":{""background_clean"":true,""configuration_match"":true,""object_match"":true},""question8"":{""background_clean"":true,""configuration_match"":true,""object_match"":true},""question9"":{""background_clean"":false,""configuration_match"":true,""object_match"":true}}]"
"335VBRUREBEJLYE0132F7GCWNIG9EQ","3Z7ICGQCY1O87W8MNFF8N8ZBBWFOTX","Categorize images based on background and configuration.","Review 10 simple objects line-arts and judge if it has adequate background and configuration. (10 pairs)","tactile, image review, accessibility, simple objects","$0.08","Mon Apr 13 17:53:46 PDT 2026","7","BatchId:5385319;OriginalHitTemplateId:928390873;","1200","1296000","Mon Apr 20 17:53:46 PDT 2026","","","34MAJL3QQX1H0EQKLQUTV1TCET8344","A2FK6782M09EBO","Approved","Mon Apr 13 20:49:50 PDT 2026","Mon Apr 13 21:03:56 PDT 2026","Tue Apr 28 21:03:56 PDT 2026","Sat Apr 18 19:48:08 PDT 2026","","","846","94% (101/107)","94% (101/107)","94% (101/107)","Soda Cans","https://tactileeval.s3.us-east-1.amazonaws.com/family_datasets/Food_Nature_and_Simple_Objects/Soda%20Cans/Natural/3.png","https://tactileeval.s3.us-east-1.amazonaws.com/family_datasets/Food_Nature_and_Simple_Objects/Soda%20Cans/Tactile/3.jpg","","Soda Cans","https://tactileeval.s3.us-east-1.amazonaws.com/family_datasets/Food_Nature_and_Simple_Objects/Soda%20Cans/Natural/4.png","https://tactileeval.s3.us-east-1.amazonaws.com/family_datasets/Food_Nature_and_Simple_Objects/Soda%20Cans/Tactile/4.jpg","","Soda Cans","https://tactileeval.s3.us-east-1.amazonaws.com/family_datasets/Food_Nature_and_Simple_Objects/Soda%20Cans/Natural/5.png","https://tactileeval.s3.us-east-1.amazonaws.com/family_datasets/Food_Nature_and_Simple_Objects/Soda%20Cans/Tactile/5.jpg","","Soda Cans","https://tactileeval.s3.us-east-1.amazonaws.com/family_datasets/Food_Nature_and_Simple_Objects/Soda%20Cans/Natural/6.png","https://tactileeval.s3.us-east-1.amazonaws.com/family_datasets/Food_Nature_and_Simple_Objects/Soda%20Cans/Tactile/6.jpg","","Soda Cans","https://tactileeval.s3.us-east-1.amazonaws.com/family_datasets/Food_Nature_and_Simple_Objects/Soda%20Cans/Natural/7.png","https://tactileeval.s3.us-east-1.amazonaws.com/family_datasets/Food_Nature_and_Simple_Objects/Soda%20Cans/Tactile/7.jpg","","Soda Cans","https://tactileeval.s3.us-east-1.amazonaws.com/family_datasets/Food_Nature_and_Simple_Objects/Soda%20Cans/Natural/8.png","https://tactileeval.s3.us-east-1.amazonaws.com/family_datasets/Food_Nature_and_Simple_Objects/Soda%20Cans/Tactile/8.jpg","","Soda Cans","https://tactileeval.s3.us-east-1.amazonaws.com/family_datasets/Food_Nature_and_Simple_Objects/Soda%20Cans/Natural/9.png","https://tactileeval.s3.us-east-1.amazonaws.com/family_datasets/Food_Nature_and_Simple_Objects/Soda%20Cans/Tactile/9.jpg","","Soda Cans","https://tactileeval.s3.us-east-1.amazonaws.com/family_datasets/Food_Nature_and_Simple_Objects/Soda%20Cans/Natural/10.png","https://tactileeval.s3.us-east-1.amazonaws.com/family_datasets/Food_Nature_and_Simple_Objects/Soda%20Cans/Tactile/10.jpg","","Soda Cans","https://tactileeval.s3.us-east-1.amazonaws.com/family_datasets/Food_Nature_and_Simple_Objects/Soda%20Cans/Natural/11.jpg","https://tactileeval.s3.us-east-1.amazonaws.com/family_datasets/Food_Nature_and_Simple_Objects/Soda%20Cans/Tactile/11.jpg","","Soda Cans","https://tactileeval.s3.us-east-1.amazonaws.com/family_datasets/Food_Nature_and_Simple_Objects/Soda%20Cans/Natural/12.png","https://tactileeval.s3.us-east-1.amazonaws.com/family_datasets/Food_Nature_and_Simple_Objects/Soda%20Cans/Tactile/12.jpg","","[{""question1"":{""background_clean"":true,""configuration_match"":true,""object_match"":true},""question10"":{""background_clean"":true,""configuration_match"":false,""object_match"":true},""question2"":{""background_clean"":false,""configuration_match"":true,""object_match"":true},""question3"":{""background_clean"":true,""configuration_match"":true,""object_match"":true},""question4"":{""background_clean"":false,""configuration_match"":true,""object_match"":true},""question5"":{""background_clean"":true,""configuration_match"":true,""object_match"":true},""question6"":{""background_clean"":true,""configuration_match"":true,""object_match"":false},""question7"":{""background_clean"":true,""configuration_match"":true,""object_match"":true},""question8"":{""background_clean"":true,""configuration_match"":false,""object_match"":true},""question9"":{""background_clean"":false,""configuration_match"":true,""object_match"":true}}]"
"335VBRUREBEJLYE0132F7GCWNIG9EQ","3Z7ICGQCY1O87W8MNFF8N8ZBBWFOTX","Categorize images based on background and configuration.","Review 10 simple objects line-arts and judge if it has adequate background and configuration. (10 pairs)","tactile, image review, accessibility, simple objects","$0.08","Mon Apr 13 17:53:46 PDT 2026","7","BatchId:5385319;OriginalHitTemplateId:928390873;","1200","1296000","Mon Apr 20 17:53:46 PDT 2026","","","3P59JYT77EYCWH9RWRHWKZ0COEVT2L","A1SMWIBTQ2AESU","Approved","Mon Apr 13 21:46:10 PDT 2026","Mon Apr 13 21:51:21 PDT 2026","Tue Apr 28 21:51:21 PDT 2026","Sat Apr 18 19:48:09 PDT 2026","","","311","79% (67/85)","79% (66/84)","79% (66/84)","Soda Cans","https://tactileeval.s3.us-east-1.amazonaws.com/family_datasets/Food_Nature_and_Simple_Objects/Soda%20Cans/Natural/3.png","https://tactileeval.s3.us-east-1.amazonaws.com/family_datasets/Food_Nature_and_Simple_Objects/Soda%20Cans/Tactile/3.jpg","","Soda Cans","https://tactileeval.s3.us-east-1.amazonaws.com/family_datasets/Food_Nature_and_Simple_Objects/Soda%20Cans/Natural/4.png","https://tactileeval.s3.us-east-1.amazonaws.com/family_datasets/Food_Nature_and_Simple_Objects/Soda%20Cans/Tactile/4.jpg","","Soda Cans","https://tactileeval.s3.us-east-1.amazonaws.com/family_datasets/Food_Nature_and_Simple_Objects/Soda%20Cans/Natural/5.png","https://tactileeval.s3.us-east-1.amazonaws.com/family_datasets/Food_Nature_and_Simple_Objects/Soda%20Cans/Tactile/5.jpg","","Soda Cans","https://tactileeval.s3.us-east-1.amazonaws.com/family_datasets/Food_Nature_and_Simple_Objects/Soda%20Cans/Natural/6.png","https://tactileeval.s3.us-east-1.amazonaws.com/family_datasets/Food_Nature_and_Simple_Objects/Soda%20Cans/Tactile/6.jpg","","Soda Cans","https://tactileeval.s3.us-east-1.amazonaws.com/family_datasets/Food_Nature_and_Simple_Objects/Soda%20Cans/Natural/7.png","https://tactileeval.s3.us-east-1.amazonaws.com/family_datasets/Food_Nature_and_Simple_Objects/Soda%20Cans/Tactile/7.jpg","","Soda Cans","https://tactileeval.s3.us-east-1.amazonaws.com/family_datasets/Food_Nature_and_Simple_Objects/Soda%20Cans/Natural/8.png","https://tactileeval.s3.us-east-1.amazonaws.com/family_datasets/Food_Nature_and_Simple_Objects/Soda%20Cans/Tactile/8.jpg","","Soda Cans","https://tactileeval.s3.us-east-1.amazonaws.com/family_datasets/Food_Nature_and_Simple_Objects/Soda%20Cans/Natural/9.png","https://tactileeval.s3.us-east-1.amazonaws.com/family_datasets/Food_Nature_and_Simple_Objects/Soda%20Cans/Tactile/9.jpg","","Soda Cans","https://tactileeval.s3.us-east-1.amazonaws.com/family_datasets/Food_Nature_and_Simple_Objects/Soda%20Cans/Natural/10.png","https://tactileeval.s3.us-east-1.amazonaws.com/family_datasets/Food_Nature_and_Simple_Objects/Soda%20Cans/Tactile/10.jpg","","Soda Cans","https://tactileeval.s3.us-east-1.amazonaws.com/family_datasets/Food_Nature_and_Simple_Objects/Soda%20Cans/Natural/11.jpg","https://tactileeval.s3.us-east-1.amazonaws.com/family_datasets/Food_Nature_and_Simple_Objects/Soda%20Cans/Tactile/11.jpg","","Soda Cans","https://tactileeval.s3.us-east-1.amazonaws.com/family_datasets/Food_Nature_and_Simple_Objects/Soda%20Cans/Natural/12.png","https://tactileeval.s3.us-east-1.amazonaws.com/family_datasets/Food_Nature_and_Simple_Objects/Soda%20Cans/Tactile/12.jpg","","[{""question1"":{""background_clean"":true,""configuration_match"":true,""object_match"":false},""question10"":{""background_clean"":true,""configuration_match"":true,""object_match"":false},""question2"":{""background_clean"":true,""configuration_match"":true,""object_match"":true},""question3"":{""background_clean"":true,""configuration_match"":true,""object_match"":false},""question4"":{""background_clean"":true,""configuration_match"":true,""object_match"":false},""question5"":{""background_clean"":true,""configuration_match"":true,""object_match"":false},""question6"":{""background_clean"":true,""configuration_match"":true,""object_match"":false},""question7"":{""background_clean"":true,""configuration_match"":true,""object_match"":false},""question8"":{""background_clean"":true,""configuration_match"":true,""object_match"":false},""question9"":{""background_clean"":true,""configuration_match"":true,""object_match"":true}}]"
"335VBRUREBEJLYE0132F7GCWNIG9EQ","3Z7ICGQCY1O87W8MNFF8N8ZBBWFOTX","Categorize images based on background and configuration.","Review 10 simple objects line-arts and judge if it has adequate background and configuration. (10 pairs)","tactile, image review, accessibility, simple objects","$0.08","Mon Apr 13 17:53:46 PDT 2026","7","BatchId:5385319;OriginalHitTemplateId:928390873;","1200","1296000","Mon Apr 20 17:53:46 PDT 2026","","","3FDJT1UU8XM5SV2RK152HFGSPB05KX","A2J1106X8NPZGP","Approved","Mon Apr 13 22:17:19 PDT 2026","Mon Apr 13 22:26:14 PDT 2026","Tue Apr 28 22:26:14 PDT 2026","Sat Apr 18 19:48:09 PDT 2026","","","535","43% (19/44)","43% (19/44)","43% (19/44)","Soda Cans","https://tactileeval.s3.us-east-1.amazonaws.com/family_datasets/Food_Nature_and_Simple_Objects/Soda%20Cans/Natural/3.png","https://tactileeval.s3.us-east-1.amazonaws.com/family_datasets/Food_Nature_and_Simple_Objects/Soda%20Cans/Tactile/3.jpg","","Soda Cans","https://tactileeval.s3.us-east-1.amazonaws.com/family_datasets/Food_Nature_and_Simple_Objects/Soda%20Cans/Natural/4.png","https://tactileeval.s3.us-east-1.amazonaws.com/family_datasets/Food_Nature_and_Simple_Objects/Soda%20Cans/Tactile/4.jpg","","Soda Cans","https://tactileeval.s3.us-east-1.amazonaws.com/family_datasets/Food_Nature_and_Simple_Objects/Soda%20Cans/Natural/5.png","https://tactileeval.s3.us-east-1.amazonaws.com/family_datasets/Food_Nature_and_Simple_Objects/Soda%20Cans/Tactile/5.jpg","","Soda Cans","https://tactileeval.s3.us-east-1.amazonaws.com/family_datasets/Food_Nature_and_Simple_Objects/Soda%20Cans/Natural/6.png","https://tactileeval.s3.us-east-1.amazonaws.com/family_datasets/Food_Nature_and_Simple_Objects/Soda%20Cans/Tactile/6.jpg","","Soda Cans","https://tactileeval.s3.us-east-1.amazonaws.com/family_datasets/Food_Nature_and_Simple_Objects/Soda%20Cans/Natural/7.png","https://tactileeval.s3.us-east-1.amazonaws.com/family_datasets/Food_Nature_and_Simple_Objects/Soda%20Cans/Tactile/7.jpg","","Soda Cans","https://tactileeval.s3.us-east-1.amazonaws.com/family_datasets/Food_Nature_and_Simple_Objects/Soda%20Cans/Natural/8.png","https://tactileeval.s3.us-east-1.amazonaws.com/family_datasets/Food_Nature_and_Simple_Objects/Soda%20Cans/Tactile/8.jpg","","Soda Cans","https://tactileeval.s3.us-east-1.amazonaws.com/family_datasets/Food_Nature_and_Simple_Objects/Soda%20Cans/Natural/9.png","https://tactileeval.s3.us-east-1.amazonaws.com/family_datasets/Food_Nature_and_Simple_Objects/Soda%20Cans/Tactile/9.jpg","","Soda Cans","https://tactileeval.s3.us-east-1.amazonaws.com/family_datasets/Food_Nature_and_Simple_Objects/Soda%20Cans/Natural/10.png","https://tactileeval.s3.us-east-1.amazonaws.com/family_datasets/Food_Nature_and_Simple_Objects/Soda%20Cans/Tactile/10.jpg","","Soda Cans","https://tactileeval.s3.us-east-1.amazonaws.com/family_datasets/Food_Nature_and_Simple_Objects/Soda%20Cans/Natural/11.jpg","https://tactileeval.s3.us-east-1.amazonaws.com/family_datasets/Food_Nature_and_Simple_Objects/Soda%20Cans/Tactile/11.jpg","","Soda Cans","https://tactileeval.s3.us-east-1.amazonaws.com/family_datasets/Food_Nature_and_Simple_Objects/Soda%20Cans/Natural/12.png","https://tactileeval.s3.us-east-1.amazonaws.com/family_datasets/Food_Nature_and_Simple_Objects/Soda%20Cans/Tactile/12.jpg","","[{""question1"":{""background_clean"":true,""configuration_match"":false,""object_match"":true},""question10"":{""background_clean"":true,""configuration_match"":true,""object_match"":true},""question2"":{""background_clean"":true,""configuration_match"":false,""object_match"":true},""question3"":{""background_clean"":true,""configuration_match"":false,""object_match"":false},""question4"":{""background_clean"":true,""configuration_match"":false,""object_match"":true},""question5"":{""background_clean"":true,""configuration_match"":true,""object_match"":true},""question6"":{""background_clean"":true,""configuration_match"":false,""object_match"":true},""question7"":{""background_clean"":true,""configuration_match"":false,""object_match"":true},""question8"":{""background_clean"":true,""configuration_match"":false,""object_match"":true},""question9"":{""background_clean"":true,""configuration_match"":true,""object_match"":true}}]"
"335VBRUREBEJLYE0132F7GCWNIG9EQ","3Z7ICGQCY1O87W8MNFF8N8ZBBWFOTX","Categorize images based on background and configuration.","Review 10 simple objects line-arts and judge if it has adequate background and configuration. (10 pairs)","tactile, image review, accessibility, simple objects","$0.08","Mon Apr 13 17:53:46 PDT 2026","7","BatchId:5385319;OriginalHitTemplateId:928390873;","1200","1296000","Mon Apr 20 17:53:46 PDT 2026","","","33M4IA01R9F0HIZWGRXUAATQD2BRXT","A36H75IU3Q97QS","Approved","Mon Apr 13 23:25:45 PDT 2026","Mon Apr 13 23:26:45 PDT 2026","Tue Apr 28 23:26:45 PDT 2026","Sat Apr 18 19:48:09 PDT 2026","","","60","37% (7/19)","37% (7/19)","37% (7/19)","Soda Cans","https://tactileeval.s3.us-east-1.amazonaws.com/family_datasets/Food_Nature_and_Simple_Objects/Soda%20Cans/Natural/3.png","https://tactileeval.s3.us-east-1.amazonaws.com/family_datasets/Food_Nature_and_Simple_Objects/Soda%20Cans/Tactile/3.jpg","","Soda Cans","https://tactileeval.s3.us-east-1.amazonaws.com/family_datasets/Food_Nature_and_Simple_Objects/Soda%20Cans/Natural/4.png","https://tactileeval.s3.us-east-1.amazonaws.com/family_datasets/Food_Nature_and_Simple_Objects/Soda%20Cans/Tactile/4.jpg","","Soda Cans","https://tactileeval.s3.us-east-1.amazonaws.com/family_datasets/Food_Nature_and_Simple_Objects/Soda%20Cans/Natural/5.png","https://tactileeval.s3.us-east-1.amazonaws.com/family_datasets/Food_Nature_and_Simple_Objects/Soda%20Cans/Tactile/5.jpg","","Soda Cans","https://tactileeval.s3.us-east-1.amazonaws.com/family_datasets/Food_Nature_and_Simple_Objects/Soda%20Cans/Natural/6.png","https://tactileeval.s3.us-east-1.amazonaws.com/family_datasets/Food_Nature_and_Simple_Objects/Soda%20Cans/Tactile/6.jpg","","Soda Cans","https://tactileeval.s3.us-east-1.amazonaws.com/family_datasets/Food_Nature_and_Simple_Objects/Soda%20Cans/Natural/7.png","https://tactileeval.s3.us-east-1.amazonaws.com/family_datasets/Food_Nature_and_Simple_Objects/Soda%20Cans/Tactile/7.jpg","","Soda Cans","https://tactileeval.s3.us-east-1.amazonaws.com/family_datasets/Food_Nature_and_Simple_Objects/Soda%20Cans/Natural/8.png","https://tactileeval.s3.us-east-1.amazonaws.com/family_datasets/Food_Nature_and_Simple_Objects/Soda%20Cans/Tactile/8.jpg","","Soda Cans","https://tactileeval.s3.us-east-1.amazonaws.com/family_datasets/Food_Nature_and_Simple_Objects/Soda%20Cans/Natural/9.png","https://tactileeval.s3.us-east-1.amazonaws.com/family_datasets/Food_Nature_and_Simple_Objects/Soda%20Cans/Tactile/9.jpg","","Soda Cans","https://tactileeval.s3.us-east-1.amazonaws.com/family_datasets/Food_Nature_and_Simple_Objects/Soda%20Cans/Natural/10.png","https://tactileeval.s3.us-east-1.amazonaws.com/family_datasets/Food_Nature_and_Simple_Objects/Soda%20Cans/Tactile/10.jpg","","Soda Cans","https://tactileeval.s3.us-east-1.amazonaws.com/family_datasets/Food_Nature_and_Simple_Objects/Soda%20Cans/Natural/11.jpg","https://tactileeval.s3.us-east-1.amazonaws.com/family_datasets/Food_Nature_and_Simple_Objects/Soda%20Cans/Tactile/11.jpg","","Soda Cans","https://tactileeval.s3.us-east-1.amazonaws.com/family_datasets/Food_Nature_and_Simple_Objects/Soda%20Cans/Natural/12.png","https://tactileeval.s3.us-east-1.amazonaws.com/family_datasets/Food_Nature_and_Simple_Objects/Soda%20Cans/Tactile/12.jpg","","[{""question1"":{""background_clean"":true,""configuration_match"":false,""object_match"":true},""question10"":{""background_clean"":true,""configuration_match"":false,""object_match"":true},""question2"":{""background_clean"":false,""configuration_match"":true,""object_match"":true},""question3"":{""background_clean"":true,""configuration_match"":true,""object_match"":true},""question4"":{""background_clean"":true,""configuration_match"":true,""object_match"":true},""question5"":{""background_clean"":false,""configuration_match"":true,""object_match"":true},""question6"":{""background_clean"":true,""configuration_match"":false,""object_match"":true},""question7"":{""background_clean"":false,""configuration_match"":false,""object_match"":true},""question8"":{""background_clean"":false,""configuration_match"":false,""object_match"":true},""question9"":{""background_clean"":false,""configuration_match"":true,""object_match"":true}}]"
"3RTFSSG7U0K83010B0ZBYVARUG1WLP","3Z7ICGQCY1O87W8MNFF8N8ZBBWFOTX","Categorize images based on background and configuration.","Review 10 simple objects line-arts and judge if it has adequate background and configuration. (10 pairs)","tactile, image review, accessibility, simple objects","$0.08","Mon Apr 13 17:53:46 PDT 2026","8","BatchId:5385319;OriginalHitTemplateId:928390873;","1200","1296000","Mon Apr 20 17:53:46 PDT 2026","","","3F6HPJW4K6E4OYDLRWM77J7BS722W7","AJZHPDCKUVRM8","Approved","Mon Apr 13 20:08:30 PDT 2026","Mon Apr 13 20:09:10 PDT 2026","Tue Apr 28 20:09:10 PDT 2026","Sat Apr 18 19:48:09 PDT 2026","","","40","86% (67/78)","86% (67/78)","86% (67/78)","Tomato","https://tactileeval.s3.us-east-1.amazonaws.com/family_datasets/Food_Nature_and_Simple_Objects/Tomato/Natural/1.jpg","https://tactileeval.s3.us-east-1.amazonaws.com/family_datasets/Food_Nature_and_Simple_Objects/Tomato/Tactile/1.jpg","","Tomato","https://tactileeval.s3.us-east-1.amazonaws.com/family_datasets/Food_Nature_and_Simple_Objects/Tomato/Natural/2.jpg","https://tactileeval.s3.us-east-1.amazonaws.com/family_datasets/Food_Nature_and_Simple_Objects/Tomato/Tactile/2.jpg","","Tomato","https://tactileeval.s3.us-east-1.amazonaws.com/family_datasets/Food_Nature_and_Simple_Objects/Tomato/Natural/3.jpg","https://tactileeval.s3.us-east-1.amazonaws.com/family_datasets/Food_Nature_and_Simple_Objects/Tomato/Tactile/3.jpg","","Tomato","https://tactileeval.s3.us-east-1.amazonaws.com/family_datasets/Food_Nature_and_Simple_Objects/Tomato/Natural/4.jpg","https://tactileeval.s3.us-east-1.amazonaws.com/family_datasets/Food_Nature_and_Simple_Objects/Tomato/Tactile/4.jpg","","Tomato","https://tactileeval.s3.us-east-1.amazonaws.com/family_datasets/Food_Nature_and_Simple_Objects/Tomato/Natural/5.jpg","https://tactileeval.s3.us-east-1.amazonaws.com/family_datasets/Food_Nature_and_Simple_Objects/Tomato/Tactile/5.jpg","","Tomato","https://tactileeval.s3.us-east-1.amazonaws.com/family_datasets/Food_Nature_and_Simple_Objects/Tomato/Natural/6.jpg","https://tactileeval.s3.us-east-1.amazonaws.com/family_datasets/Food_Nature_and_Simple_Objects/Tomato/Tactile/6.jpg","","Tomato","https://tactileeval.s3.us-east-1.amazonaws.com/family_datasets/Food_Nature_and_Simple_Objects/Tomato/Natural/7.jpg","https://tactileeval.s3.us-east-1.amazonaws.com/family_datasets/Food_Nature_and_Simple_Objects/Tomato/Tactile/7.jpg","","Tomato","https://tactileeval.s3.us-east-1.amazonaws.com/family_datasets/Food_Nature_and_Simple_Objects/Tomato/Natural/8.jpg","https://tactileeval.s3.us-east-1.amazonaws.com/family_datasets/Food_Nature_and_Simple_Objects/Tomato/Tactile/8.jpg","","Tomato","https://tactileeval.s3.us-east-1.amazonaws.com/family_datasets/Food_Nature_and_Simple_Objects/Tomato/Natural/9.jpg","https://tactileeval.s3.us-east-1.amazonaws.com/family_datasets/Food_Nature_and_Simple_Objects/Tomato/Tactile/9.jpg","","Tomato","https://tactileeval.s3.us-east-1.amazonaws.com/family_datasets/Food_Nature_and_Simple_Objects/Tomato/Natural/10.jpg","https://tactileeval.s3.us-east-1.amazonaws.com/family_datasets/Food_Nature_and_Simple_Objects/Tomato/Tactile/10.jpg","","[{""question1"":{""background_clean"":true,""configuration_match"":false,""object_match"":true},""question10"":{""background_clean"":true,""configuration_match"":false,""object_match"":true},""question2"":{""background_clean"":true,""configuration_match"":false,""object_match"":true},""question3"":{""background_clean"":true,""configuration_match"":false,""object_match"":true},""question4"":{""background_clean"":true,""configuration_match"":false,""object_match"":true},""question5"":{""background_clean"":true,""configuration_match"":false,""object_match"":true},""question6"":{""background_clean"":true,""configuration_match"":false,""object_match"":true},""question7"":{""background_clean"":true,""configuration_match"":false,""object_match"":true},""question8"":{""background_clean"":true,""configuration_match"":false,""object_match"":true},""question9"":{""background_clean"":true,""configuration_match"":false,""object_match"":true}}]"
"3RTFSSG7U0K83010B0ZBYVARUG1WLP","3Z7ICGQCY1O87W8MNFF8N8ZBBWFOTX","Categorize images based on background and configuration.","Review 10 simple objects line-arts and judge if it has adequate background and configuration. (10 pairs)","tactile, image review, accessibility, simple objects","$0.08","Mon Apr 13 17:53:46 PDT 2026","8","BatchId:5385319;OriginalHitTemplateId:928390873;","1200","1296000","Mon Apr 20 17:53:46 PDT 2026","","","3NL0RFNU181NWCYR6WMSCNAEPEQ4KA","ACUA3D1ZUVZU3","Approved","Mon Apr 13 20:13:37 PDT 2026","Mon Apr 13 20:14:42 PDT 2026","Tue Apr 28 20:14:42 PDT 2026","Sat Apr 18 19:48:09 PDT 2026","","","65","93% (14/15)","93% (14/15)","93% (14/15)","Tomato","https://tactileeval.s3.us-east-1.amazonaws.com/family_datasets/Food_Nature_and_Simple_Objects/Tomato/Natural/1.jpg","https://tactileeval.s3.us-east-1.amazonaws.com/family_datasets/Food_Nature_and_Simple_Objects/Tomato/Tactile/1.jpg","","Tomato","https://tactileeval.s3.us-east-1.amazonaws.com/family_datasets/Food_Nature_and_Simple_Objects/Tomato/Natural/2.jpg","https://tactileeval.s3.us-east-1.amazonaws.com/family_datasets/Food_Nature_and_Simple_Objects/Tomato/Tactile/2.jpg","","Tomato","https://tactileeval.s3.us-east-1.amazonaws.com/family_datasets/Food_Nature_and_Simple_Objects/Tomato/Natural/3.jpg","https://tactileeval.s3.us-east-1.amazonaws.com/family_datasets/Food_Nature_and_Simple_Objects/Tomato/Tactile/3.jpg","","Tomato","https://tactileeval.s3.us-east-1.amazonaws.com/family_datasets/Food_Nature_and_Simple_Objects/Tomato/Natural/4.jpg","https://tactileeval.s3.us-east-1.amazonaws.com/family_datasets/Food_Nature_and_Simple_Objects/Tomato/Tactile/4.jpg","","Tomato","https://tactileeval.s3.us-east-1.amazonaws.com/family_datasets/Food_Nature_and_Simple_Objects/Tomato/Natural/5.jpg","https://tactileeval.s3.us-east-1.amazonaws.com/family_datasets/Food_Nature_and_Simple_Objects/Tomato/Tactile/5.jpg","","Tomato","https://tactileeval.s3.us-east-1.amazonaws.com/family_datasets/Food_Nature_and_Simple_Objects/Tomato/Natural/6.jpg","https://tactileeval.s3.us-east-1.amazonaws.com/family_datasets/Food_Nature_and_Simple_Objects/Tomato/Tactile/6.jpg","","Tomato","https://tactileeval.s3.us-east-1.amazonaws.com/family_datasets/Food_Nature_and_Simple_Objects/Tomato/Natural/7.jpg","https://tactileeval.s3.us-east-1.amazonaws.com/family_datasets/Food_Nature_and_Simple_Objects/Tomato/Tactile/7.jpg","","Tomato","https://tactileeval.s3.us-east-1.amazonaws.com/family_datasets/Food_Nature_and_Simple_Objects/Tomato/Natural/8.jpg","https://tactileeval.s3.us-east-1.amazonaws.com/family_datasets/Food_Nature_and_Simple_Objects/Tomato/Tactile/8.jpg","","Tomato","https://tactileeval.s3.us-east-1.amazonaws.com/family_datasets/Food_Nature_and_Simple_Objects/Tomato/Natural/9.jpg","https://tactileeval.s3.us-east-1.amazonaws.com/family_datasets/Food_Nature_and_Simple_Objects/Tomato/Tactile/9.jpg","","Tomato","https://tactileeval.s3.us-east-1.amazonaws.com/family_datasets/Food_Nature_and_Simple_Objects/Tomato/Natural/10.jpg","https://tactileeval.s3.us-east-1.amazonaws.com/family_datasets/Food_Nature_and_Simple_Objects/Tomato/Tactile/10.jpg","","[{""question1"":{""background_clean"":true,""configuration_match"":false,""object_match"":true},""question10"":{""background_clean"":true,""configuration_match"":true,""object_match"":true},""question2"":{""background_clean"":true,""configuration_match"":true,""object_match"":true},""question3"":{""background_clean"":true,""configuration_match"":true,""object_match"":true},""question4"":{""background_clean"":true,""configuration_match"":true,""object_match"":true},""question5"":{""background_clean"":true,""configuration_match"":true,""object_match"":true},""question6"":{""background_clean"":true,""configuration_match"":true,""object_match"":true},""question7"":{""background_clean"":true,""configuration_match"":true,""object_match"":true},""question8"":{""background_clean"":true,""configuration_match"":true,""object_match"":true},""question9"":{""background_clean"":true,""configuration_match"":true,""object_match"":true}}]"
"3RTFSSG7U0K83010B0ZBYVARUG1WLP","3Z7ICGQCY1O87W8MNFF8N8ZBBWFOTX","Categorize images based on background and configuration.","Review 10 simple objects line-arts and judge if it has adequate background and configuration. (10 pairs)","tactile, image review, accessibility, simple objects","$0.08","Mon Apr 13 17:53:46 PDT 2026","8","BatchId:5385319;OriginalHitTemplateId:928390873;","1200","1296000","Mon Apr 20 17:53:46 PDT 2026","","","3FUI0JHJQQCWII7GLCPALW160TE33L","A2FK6782M09EBO","Approved","Mon Apr 13 21:09:25 PDT 2026","Mon Apr 13 21:25:41 PDT 2026","Tue Apr 28 21:25:41 PDT 2026","Sat Apr 18 19:48:09 PDT 2026","","","976","94% (101/107)","94% (101/107)","94% (101/107)","Tomato","https://tactileeval.s3.us-east-1.amazonaws.com/family_datasets/Food_Nature_and_Simple_Objects/Tomato/Natural/1.jpg","https://tactileeval.s3.us-east-1.amazonaws.com/family_datasets/Food_Nature_and_Simple_Objects/Tomato/Tactile/1.jpg","","Tomato","https://tactileeval.s3.us-east-1.amazonaws.com/family_datasets/Food_Nature_and_Simple_Objects/Tomato/Natural/2.jpg","https://tactileeval.s3.us-east-1.amazonaws.com/family_datasets/Food_Nature_and_Simple_Objects/Tomato/Tactile/2.jpg","","Tomato","https://tactileeval.s3.us-east-1.amazonaws.com/family_datasets/Food_Nature_and_Simple_Objects/Tomato/Natural/3.jpg","https://tactileeval.s3.us-east-1.amazonaws.com/family_datasets/Food_Nature_and_Simple_Objects/Tomato/Tactile/3.jpg","","Tomato","https://tactileeval.s3.us-east-1.amazonaws.com/family_datasets/Food_Nature_and_Simple_Objects/Tomato/Natural/4.jpg","https://tactileeval.s3.us-east-1.amazonaws.com/family_datasets/Food_Nature_and_Simple_Objects/Tomato/Tactile/4.jpg","","Tomato","https://tactileeval.s3.us-east-1.amazonaws.com/family_datasets/Food_Nature_and_Simple_Objects/Tomato/Natural/5.jpg","https://tactileeval.s3.us-east-1.amazonaws.com/family_datasets/Food_Nature_and_Simple_Objects/Tomato/Tactile/5.jpg","","Tomato","https://tactileeval.s3.us-east-1.amazonaws.com/family_datasets/Food_Nature_and_Simple_Objects/Tomato/Natural/6.jpg","https://tactileeval.s3.us-east-1.amazonaws.com/family_datasets/Food_Nature_and_Simple_Objects/Tomato/Tactile/6.jpg","","Tomato","https://tactileeval.s3.us-east-1.amazonaws.com/family_datasets/Food_Nature_and_Simple_Objects/Tomato/Natural/7.jpg","https://tactileeval.s3.us-east-1.amazonaws.com/family_datasets/Food_Nature_and_Simple_Objects/Tomato/Tactile/7.jpg","","Tomato","https://tactileeval.s3.us-east-1.amazonaws.com/family_datasets/Food_Nature_and_Simple_Objects/Tomato/Natural/8.jpg","https://tactileeval.s3.us-east-1.amazonaws.com/family_datasets/Food_Nature_and_Simple_Objects/Tomato/Tactile/8.jpg","","Tomato","https://tactileeval.s3.us-east-1.amazonaws.com/family_datasets/Food_Nature_and_Simple_Objects/Tomato/Natural/9.jpg","https://tactileeval.s3.us-east-1.amazonaws.com/family_datasets/Food_Nature_and_Simple_Objects/Tomato/Tactile/9.jpg","","Tomato","https://tactileeval.s3.us-east-1.amazonaws.com/family_datasets/Food_Nature_and_Simple_Objects/Tomato/Natural/10.jpg","https://tactileeval.s3.us-east-1.amazonaws.com/family_datasets/Food_Nature_and_Simple_Objects/Tomato/Tactile/10.jpg","","[{""question1"":{""background_clean"":true,""configuration_match"":false,""object_match"":true},""question10"":{""background_clean"":true,""configuration_match"":true,""object_match"":true},""question2"":{""background_clean"":true,""configuration_match"":false,""object_match"":true},""question3"":{""background_clean"":true,""configuration_match"":true,""object_match"":true},""question4"":{""background_clean"":true,""configuration_match"":false,""object_match"":false},""question5"":{""background_clean"":true,""configuration_match"":true,""object_match"":true},""question6"":{""background_clean"":true,""configuration_match"":true,""object_match"":true},""question7"":{""background_clean"":true,""configuration_match"":false,""object_match"":false},""question8"":{""background_clean"":true,""configuration_match"":true,""object_match"":true},""question9"":{""background_clean"":true,""configuration_match"":true,""object_match"":true}}]"
"3RTFSSG7U0K83010B0ZBYVARUG1WLP","3Z7ICGQCY1O87W8MNFF8N8ZBBWFOTX","Categorize images based on background and configuration.","Review 10 simple objects line-arts and judge if it has adequate background and configuration. (10 pairs)","tactile, image review, accessibility, simple objects","$0.08","Mon Apr 13 17:53:46 PDT 2026","8","BatchId:5385319;OriginalHitTemplateId:928390873;","1200","1296000","Mon Apr 20 17:53:46 PDT 2026","","","32RIADZITLILKVBZB5VU391O69B4S1","A22YCS3UW15WOO","Approved","Mon Apr 13 21:25:49 PDT 2026","Mon Apr 13 21:31:20 PDT 2026","Tue Apr 28 21:31:20 PDT 2026","Sat Apr 18 19:48:09 PDT 2026","","","331","94% (207/220)","86% (82/95)","86% (82/95)","Tomato","https://tactileeval.s3.us-east-1.amazonaws.com/family_datasets/Food_Nature_and_Simple_Objects/Tomato/Natural/1.jpg","https://tactileeval.s3.us-east-1.amazonaws.com/family_datasets/Food_Nature_and_Simple_Objects/Tomato/Tactile/1.jpg","","Tomato","https://tactileeval.s3.us-east-1.amazonaws.com/family_datasets/Food_Nature_and_Simple_Objects/Tomato/Natural/2.jpg","https://tactileeval.s3.us-east-1.amazonaws.com/family_datasets/Food_Nature_and_Simple_Objects/Tomato/Tactile/2.jpg","","Tomato","https://tactileeval.s3.us-east-1.amazonaws.com/family_datasets/Food_Nature_and_Simple_Objects/Tomato/Natural/3.jpg","https://tactileeval.s3.us-east-1.amazonaws.com/family_datasets/Food_Nature_and_Simple_Objects/Tomato/Tactile/3.jpg","","Tomato","https://tactileeval.s3.us-east-1.amazonaws.com/family_datasets/Food_Nature_and_Simple_Objects/Tomato/Natural/4.jpg","https://tactileeval.s3.us-east-1.amazonaws.com/family_datasets/Food_Nature_and_Simple_Objects/Tomato/Tactile/4.jpg","","Tomato","https://tactileeval.s3.us-east-1.amazonaws.com/family_datasets/Food_Nature_and_Simple_Objects/Tomato/Natural/5.jpg","https://tactileeval.s3.us-east-1.amazonaws.com/family_datasets/Food_Nature_and_Simple_Objects/Tomato/Tactile/5.jpg","","Tomato","https://tactileeval.s3.us-east-1.amazonaws.com/family_datasets/Food_Nature_and_Simple_Objects/Tomato/Natural/6.jpg","https://tactileeval.s3.us-east-1.amazonaws.com/family_datasets/Food_Nature_and_Simple_Objects/Tomato/Tactile/6.jpg","","Tomato","https://tactileeval.s3.us-east-1.amazonaws.com/family_datasets/Food_Nature_and_Simple_Objects/Tomato/Natural/7.jpg","https://tactileeval.s3.us-east-1.amazonaws.com/family_datasets/Food_Nature_and_Simple_Objects/Tomato/Tactile/7.jpg","","Tomato","https://tactileeval.s3.us-east-1.amazonaws.com/family_datasets/Food_Nature_and_Simple_Objects/Tomato/Natural/8.jpg","https://tactileeval.s3.us-east-1.amazonaws.com/family_datasets/Food_Nature_and_Simple_Objects/Tomato/Tactile/8.jpg","","Tomato","https://tactileeval.s3.us-east-1.amazonaws.com/family_datasets/Food_Nature_and_Simple_Objects/Tomato/Natural/9.jpg","https://tactileeval.s3.us-east-1.amazonaws.com/family_datasets/Food_Nature_and_Simple_Objects/Tomato/Tactile/9.jpg","","Tomato","https://tactileeval.s3.us-east-1.amazonaws.com/family_datasets/Food_Nature_and_Simple_Objects/Tomato/Natural/10.jpg","https://tactileeval.s3.us-east-1.amazonaws.com/family_datasets/Food_Nature_and_Simple_Objects/Tomato/Tactile/10.jpg","","[{""question1"":{""background_clean"":true,""configuration_match"":true,""object_match"":true},""question10"":{""background_clean"":true,""configuration_match"":true,""object_match"":true},""question2"":{""background_clean"":true,""configuration_match"":true,""object_match"":true},""question3"":{""background_clean"":true,""configuration_match"":true,""object_match"":true},""question4"":{""background_clean"":true,""configuration_match"":true,""object_match"":true},""question5"":{""background_clean"":true,""configuration_match"":true,""object_match"":true},""question6"":{""background_clean"":true,""configuration_match"":true,""object_match"":true},""question7"":{""background_clean"":true,""configuration_match"":true,""object_match"":true},""question8"":{""background_clean"":true,""configuration_match"":true,""object_match"":true},""question9"":{""background_clean"":true,""configuration_match"":true,""object_match"":true}}]"
"3RTFSSG7U0K83010B0ZBYVARUG1WLP","3Z7ICGQCY1O87W8MNFF8N8ZBBWFOTX","Categorize images based on background and configuration.","Review 10 simple objects line-arts and judge if it has adequate background and configuration. (10 pairs)","tactile, image review, accessibility, simple objects","$0.08","Mon Apr 13 17:53:46 PDT 2026","8","BatchId:5385319;OriginalHitTemplateId:928390873;","1200","1296000","Mon Apr 20 17:53:46 PDT 2026","","","3O6CYIULF6FD8AMNAGWDD223BZWUWU","A19HN15YVY9E5I","Approved","Mon Apr 13 21:37:14 PDT 2026","Mon Apr 13 21:38:26 PDT 2026","Tue Apr 28 21:38:26 PDT 2026","Sat Apr 18 19:48:09 PDT 2026","","","72","77% (10/13)","77% (10/13)","77% (10/13)","Tomato","https://tactileeval.s3.us-east-1.amazonaws.com/family_datasets/Food_Nature_and_Simple_Objects/Tomato/Natural/1.jpg","https://tactileeval.s3.us-east-1.amazonaws.com/family_datasets/Food_Nature_and_Simple_Objects/Tomato/Tactile/1.jpg","","Tomato","https://tactileeval.s3.us-east-1.amazonaws.com/family_datasets/Food_Nature_and_Simple_Objects/Tomato/Natural/2.jpg","https://tactileeval.s3.us-east-1.amazonaws.com/family_datasets/Food_Nature_and_Simple_Objects/Tomato/Tactile/2.jpg","","Tomato","https://tactileeval.s3.us-east-1.amazonaws.com/family_datasets/Food_Nature_and_Simple_Objects/Tomato/Natural/3.jpg","https://tactileeval.s3.us-east-1.amazonaws.com/family_datasets/Food_Nature_and_Simple_Objects/Tomato/Tactile/3.jpg","","Tomato","https://tactileeval.s3.us-east-1.amazonaws.com/family_datasets/Food_Nature_and_Simple_Objects/Tomato/Natural/4.jpg","https://tactileeval.s3.us-east-1.amazonaws.com/family_datasets/Food_Nature_and_Simple_Objects/Tomato/Tactile/4.jpg","","Tomato","https://tactileeval.s3.us-east-1.amazonaws.com/family_datasets/Food_Nature_and_Simple_Objects/Tomato/Natural/5.jpg","https://tactileeval.s3.us-east-1.amazonaws.com/family_datasets/Food_Nature_and_Simple_Objects/Tomato/Tactile/5.jpg","","Tomato","https://tactileeval.s3.us-east-1.amazonaws.com/family_datasets/Food_Nature_and_Simple_Objects/Tomato/Natural/6.jpg","https://tactileeval.s3.us-east-1.amazonaws.com/family_datasets/Food_Nature_and_Simple_Objects/Tomato/Tactile/6.jpg","","Tomato","https://tactileeval.s3.us-east-1.amazonaws.com/family_datasets/Food_Nature_and_Simple_Objects/Tomato/Natural/7.jpg","https://tactileeval.s3.us-east-1.amazonaws.com/family_datasets/Food_Nature_and_Simple_Objects/Tomato/Tactile/7.jpg","","Tomato","https://tactileeval.s3.us-east-1.amazonaws.com/family_datasets/Food_Nature_and_Simple_Objects/Tomato/Natural/8.jpg","https://tactileeval.s3.us-east-1.amazonaws.com/family_datasets/Food_Nature_and_Simple_Objects/Tomato/Tactile/8.jpg","","Tomato","https://tactileeval.s3.us-east-1.amazonaws.com/family_datasets/Food_Nature_and_Simple_Objects/Tomato/Natural/9.jpg","https://tactileeval.s3.us-east-1.amazonaws.com/family_datasets/Food_Nature_and_Simple_Objects/Tomato/Tactile/9.jpg","","Tomato","https://tactileeval.s3.us-east-1.amazonaws.com/family_datasets/Food_Nature_and_Simple_Objects/Tomato/Natural/10.jpg","https://tactileeval.s3.us-east-1.amazonaws.com/family_datasets/Food_Nature_and_Simple_Objects/Tomato/Tactile/10.jpg","","[{""question1"":{""background_clean"":true,""configuration_match"":false,""object_match"":true},""question10"":{""background_clean"":true,""configuration_match"":false,""object_match"":true},""question2"":{""background_clean"":true,""configuration_match"":true,""object_match"":true},""question3"":{""background_clean"":true,""configuration_match"":true,""object_match"":true},""question4"":{""background_clean"":true,""configuration_match"":true,""object_match"":true},""question5"":{""background_clean"":true,""configuration_match"":true,""object_match"":true},""question6"":{""background_clean"":true,""configuration_match"":true,""object_match"":true},""question7"":{""background_clean"":true,""configuration_match"":true,""object_match"":true},""question8"":{""background_clean"":true,""configuration_match"":true,""object_match"":true},""question9"":{""background_clean"":true,""configuration_match"":true,""object_match"":true}}]"
"3RTFSSG7U0K83010B0ZBYVARUG1WLP","3Z7ICGQCY1O87W8MNFF8N8ZBBWFOTX","Categorize images based on background and configuration.","Review 10 simple objects line-arts and judge if it has adequate background and configuration. (10 pairs)","tactile, image review, accessibility, simple objects","$0.08","Mon Apr 13 17:53:46 PDT 2026","8","BatchId:5385319;OriginalHitTemplateId:928390873;","1200","1296000","Mon Apr 20 17:53:46 PDT 2026","","","3ON104KXRDAERCS8VA5V0Y49CM9W4A","A1SMWIBTQ2AESU","Approved","Mon Apr 13 21:46:24 PDT 2026","Mon Apr 13 21:55:05 PDT 2026","Tue Apr 28 21:55:05 PDT 2026","Sat Apr 18 19:48:09 PDT 2026","","","521","79% (67/85)","79% (66/84)","79% (66/84)","Tomato","https://tactileeval.s3.us-east-1.amazonaws.com/family_datasets/Food_Nature_and_Simple_Objects/Tomato/Natural/1.jpg","https://tactileeval.s3.us-east-1.amazonaws.com/family_datasets/Food_Nature_and_Simple_Objects/Tomato/Tactile/1.jpg","","Tomato","https://tactileeval.s3.us-east-1.amazonaws.com/family_datasets/Food_Nature_and_Simple_Objects/Tomato/Natural/2.jpg","https://tactileeval.s3.us-east-1.amazonaws.com/family_datasets/Food_Nature_and_Simple_Objects/Tomato/Tactile/2.jpg","","Tomato","https://tactileeval.s3.us-east-1.amazonaws.com/family_datasets/Food_Nature_and_Simple_Objects/Tomato/Natural/3.jpg","https://tactileeval.s3.us-east-1.amazonaws.com/family_datasets/Food_Nature_and_Simple_Objects/Tomato/Tactile/3.jpg","","Tomato","https://tactileeval.s3.us-east-1.amazonaws.com/family_datasets/Food_Nature_and_Simple_Objects/Tomato/Natural/4.jpg","https://tactileeval.s3.us-east-1.amazonaws.com/family_datasets/Food_Nature_and_Simple_Objects/Tomato/Tactile/4.jpg","","Tomato","https://tactileeval.s3.us-east-1.amazonaws.com/family_datasets/Food_Nature_and_Simple_Objects/Tomato/Natural/5.jpg","https://tactileeval.s3.us-east-1.amazonaws.com/family_datasets/Food_Nature_and_Simple_Objects/Tomato/Tactile/5.jpg","","Tomato","https://tactileeval.s3.us-east-1.amazonaws.com/family_datasets/Food_Nature_and_Simple_Objects/Tomato/Natural/6.jpg","https://tactileeval.s3.us-east-1.amazonaws.com/family_datasets/Food_Nature_and_Simple_Objects/Tomato/Tactile/6.jpg","","Tomato","https://tactileeval.s3.us-east-1.amazonaws.com/family_datasets/Food_Nature_and_Simple_Objects/Tomato/Natural/7.jpg","https://tactileeval.s3.us-east-1.amazonaws.com/family_datasets/Food_Nature_and_Simple_Objects/Tomato/Tactile/7.jpg","","Tomato","https://tactileeval.s3.us-east-1.amazonaws.com/family_datasets/Food_Nature_and_Simple_Objects/Tomato/Natural/8.jpg","https://tactileeval.s3.us-east-1.amazonaws.com/family_datasets/Food_Nature_and_Simple_Objects/Tomato/Tactile/8.jpg","","Tomato","https://tactileeval.s3.us-east-1.amazonaws.com/family_datasets/Food_Nature_and_Simple_Objects/Tomato/Natural/9.jpg","https://tactileeval.s3.us-east-1.amazonaws.com/family_datasets/Food_Nature_and_Simple_Objects/Tomato/Tactile/9.jpg","","Tomato","https://tactileeval.s3.us-east-1.amazonaws.com/family_datasets/Food_Nature_and_Simple_Objects/Tomato/Natural/10.jpg","https://tactileeval.s3.us-east-1.amazonaws.com/family_datasets/Food_Nature_and_Simple_Objects/Tomato/Tactile/10.jpg","","[{""question1"":{""background_clean"":true,""configuration_match"":true,""object_match"":false},""question10"":{""background_clean"":true,""configuration_match"":true,""object_match"":false},""question2"":{""background_clean"":true,""configuration_match"":true,""object_match"":true},""question3"":{""background_clean"":true,""configuration_match"":false,""object_match"":true},""question4"":{""background_clean"":true,""configuration_match"":true,""object_match"":true},""question5"":{""background_clean"":true,""configuration_match"":true,""object_match"":true},""question6"":{""background_clean"":true,""configuration_match"":true,""object_match"":true},""question7"":{""background_clean"":true,""configuration_match"":true,""object_match"":true},""question8"":{""background_clean"":true,""configuration_match"":true,""object_match"":true},""question9"":{""background_clean"":true,""configuration_match"":true,""object_match"":true}}]"
"3RTFSSG7U0K83010B0ZBYVARUG1WLP","3Z7ICGQCY1O87W8MNFF8N8ZBBWFOTX","Categorize images based on background and configuration.","Review 10 simple objects line-arts and judge if it has adequate background and configuration. (10 pairs)","tactile, image review, accessibility, simple objects","$0.08","Mon Apr 13 17:53:46 PDT 2026","8","BatchId:5385319;OriginalHitTemplateId:928390873;","1200","1296000","Mon Apr 20 17:53:46 PDT 2026","","","3GM6G9ZBLGB23LDK690GZ8EAUJMMTF","A1BJ4MMYJK34MI","Rejected","Mon Apr 13 23:04:36 PDT 2026","Mon Apr 13 23:05:52 PDT 2026","Tue Apr 28 23:05:52 PDT 2026","","Sat Apr 18 19:48:09 PDT 2026","Thank you for your time. Unfortunately this submission did not pass the embedded gold-standard checks; this task requires very careful attention to detail.","76","99% (164/165)","50% (1/2)","50% (1/2)","Tomato","https://tactileeval.s3.us-east-1.amazonaws.com/family_datasets/Food_Nature_and_Simple_Objects/Tomato/Natural/1.jpg","https://tactileeval.s3.us-east-1.amazonaws.com/family_datasets/Food_Nature_and_Simple_Objects/Tomato/Tactile/1.jpg","","Tomato","https://tactileeval.s3.us-east-1.amazonaws.com/family_datasets/Food_Nature_and_Simple_Objects/Tomato/Natural/2.jpg","https://tactileeval.s3.us-east-1.amazonaws.com/family_datasets/Food_Nature_and_Simple_Objects/Tomato/Tactile/2.jpg","","Tomato","https://tactileeval.s3.us-east-1.amazonaws.com/family_datasets/Food_Nature_and_Simple_Objects/Tomato/Natural/3.jpg","https://tactileeval.s3.us-east-1.amazonaws.com/family_datasets/Food_Nature_and_Simple_Objects/Tomato/Tactile/3.jpg","","Tomato","https://tactileeval.s3.us-east-1.amazonaws.com/family_datasets/Food_Nature_and_Simple_Objects/Tomato/Natural/4.jpg","https://tactileeval.s3.us-east-1.amazonaws.com/family_datasets/Food_Nature_and_Simple_Objects/Tomato/Tactile/4.jpg","","Tomato","https://tactileeval.s3.us-east-1.amazonaws.com/family_datasets/Food_Nature_and_Simple_Objects/Tomato/Natural/5.jpg","https://tactileeval.s3.us-east-1.amazonaws.com/family_datasets/Food_Nature_and_Simple_Objects/Tomato/Tactile/5.jpg","","Tomato","https://tactileeval.s3.us-east-1.amazonaws.com/family_datasets/Food_Nature_and_Simple_Objects/Tomato/Natural/6.jpg","https://tactileeval.s3.us-east-1.amazonaws.com/family_datasets/Food_Nature_and_Simple_Objects/Tomato/Tactile/6.jpg","","Tomato","https://tactileeval.s3.us-east-1.amazonaws.com/family_datasets/Food_Nature_and_Simple_Objects/Tomato/Natural/7.jpg","https://tactileeval.s3.us-east-1.amazonaws.com/family_datasets/Food_Nature_and_Simple_Objects/Tomato/Tactile/7.jpg","","Tomato","https://tactileeval.s3.us-east-1.amazonaws.com/family_datasets/Food_Nature_and_Simple_Objects/Tomato/Natural/8.jpg","https://tactileeval.s3.us-east-1.amazonaws.com/family_datasets/Food_Nature_and_Simple_Objects/Tomato/Tactile/8.jpg","","Tomato","https://tactileeval.s3.us-east-1.amazonaws.com/family_datasets/Food_Nature_and_Simple_Objects/Tomato/Natural/9.jpg","https://tactileeval.s3.us-east-1.amazonaws.com/family_datasets/Food_Nature_and_Simple_Objects/Tomato/Tactile/9.jpg","","Tomato","https://tactileeval.s3.us-east-1.amazonaws.com/family_datasets/Food_Nature_and_Simple_Objects/Tomato/Natural/10.jpg","https://tactileeval.s3.us-east-1.amazonaws.com/family_datasets/Food_Nature_and_Simple_Objects/Tomato/Tactile/10.jpg","","[{""question1"":{""background_clean"":true,""configuration_match"":false,""object_match"":true},""question10"":{""background_clean"":false,""configuration_match"":true,""object_match"":false},""question2"":{""background_clean"":true,""configuration_match"":true,""object_match"":true},""question3"":{""background_clean"":false,""configuration_match"":true,""object_match"":true},""question4"":{""background_clean"":false,""configuration_match"":true,""object_match"":true},""question5"":{""background_clean"":true,""configuration_match"":true,""object_match"":true},""question6"":{""background_clean"":false,""configuration_match"":true,""object_match"":true},""question7"":{""background_clean"":false,""configuration_match"":true,""object_match"":false},""question8"":{""background_clean"":true,""configuration_match"":false,""object_match"":true},""question9"":{""background_clean"":false,""configuration_match"":true,""object_match"":false}}]"
"3RTFSSG7U0K83010B0ZBYVARUG1WLP","3Z7ICGQCY1O87W8MNFF8N8ZBBWFOTX","Categorize images based on background and configuration.","Review 10 simple objects line-arts and judge if it has adequate background and configuration. (10 pairs)","tactile, image review, accessibility, simple objects","$0.08","Mon Apr 13 17:53:46 PDT 2026","8","BatchId:5385319;OriginalHitTemplateId:928390873;","1200","1296000","Mon Apr 20 17:53:46 PDT 2026","","","3TXD01ZLEXV1Z8330AQUIAJCRJEU4F","A1WGCUVQZ7ODGF","Submitted","Sat Apr 18 20:47:47 PDT 2026","Sat Apr 18 21:05:33 PDT 2026","Sun May 03 21:05:33 PDT 2026","","","","1066","25% (1/4)","25% (1/4)","25% (1/4)","Tomato","https://tactileeval.s3.us-east-1.amazonaws.com/family_datasets/Food_Nature_and_Simple_Objects/Tomato/Natural/1.jpg","https://tactileeval.s3.us-east-1.amazonaws.com/family_datasets/Food_Nature_and_Simple_Objects/Tomato/Tactile/1.jpg","","Tomato","https://tactileeval.s3.us-east-1.amazonaws.com/family_datasets/Food_Nature_and_Simple_Objects/Tomato/Natural/2.jpg","https://tactileeval.s3.us-east-1.amazonaws.com/family_datasets/Food_Nature_and_Simple_Objects/Tomato/Tactile/2.jpg","","Tomato","https://tactileeval.s3.us-east-1.amazonaws.com/family_datasets/Food_Nature_and_Simple_Objects/Tomato/Natural/3.jpg","https://tactileeval.s3.us-east-1.amazonaws.com/family_datasets/Food_Nature_and_Simple_Objects/Tomato/Tactile/3.jpg","","Tomato","https://tactileeval.s3.us-east-1.amazonaws.com/family_datasets/Food_Nature_and_Simple_Objects/Tomato/Natural/4.jpg","https://tactileeval.s3.us-east-1.amazonaws.com/family_datasets/Food_Nature_and_Simple_Objects/Tomato/Tactile/4.jpg","","Tomato","https://tactileeval.s3.us-east-1.amazonaws.com/family_datasets/Food_Nature_and_Simple_Objects/Tomato/Natural/5.jpg","https://tactileeval.s3.us-east-1.amazonaws.com/family_datasets/Food_Nature_and_Simple_Objects/Tomato/Tactile/5.jpg","","Tomato","https://tactileeval.s3.us-east-1.amazonaws.com/family_datasets/Food_Nature_and_Simple_Objects/Tomato/Natural/6.jpg","https://tactileeval.s3.us-east-1.amazonaws.com/family_datasets/Food_Nature_and_Simple_Objects/Tomato/Tactile/6.jpg","","Tomato","https://tactileeval.s3.us-east-1.amazonaws.com/family_datasets/Food_Nature_and_Simple_Objects/Tomato/Natural/7.jpg","https://tactileeval.s3.us-east-1.amazonaws.com/family_datasets/Food_Nature_and_Simple_Objects/Tomato/Tactile/7.jpg","","Tomato","https://tactileeval.s3.us-east-1.amazonaws.com/family_datasets/Food_Nature_and_Simple_Objects/Tomato/Natural/8.jpg","https://tactileeval.s3.us-east-1.amazonaws.com/family_datasets/Food_Nature_and_Simple_Objects/Tomato/Tactile/8.jpg","","Tomato","https://tactileeval.s3.us-east-1.amazonaws.com/family_datasets/Food_Nature_and_Simple_Objects/Tomato/Natural/9.jpg","https://tactileeval.s3.us-east-1.amazonaws.com/family_datasets/Food_Nature_and_Simple_Objects/Tomato/Tactile/9.jpg","","Tomato","https://tactileeval.s3.us-east-1.amazonaws.com/family_datasets/Food_Nature_and_Simple_Objects/Tomato/Natural/10.jpg","https://tactileeval.s3.us-east-1.amazonaws.com/family_datasets/Food_Nature_and_Simple_Objects/Tomato/Tactile/10.jpg","","[{""question1"":{""background_clean"":false,""configuration_match"":false,""object_match"":true},""question10"":{""background_clean"":false,""configuration_match"":false,""object_match"":true},""question2"":{""background_clean"":false,""configuration_match"":false,""object_match"":true},""question3"":{""background_clean"":true,""configuration_match"":false,""object_match"":false},""question4"":{""background_clean"":false,""configuration_match"":true,""object_match"":false},""question5"":{""background_clean"":true,""configuration_match"":false,""object_match"":false},""question6"":{""background_clean"":false,""configuration_match"":true,""object_match"":false},""question7"":{""background_clean"":false,""configuration_match"":false,""object_match"":true},""question8"":{""background_clean"":true,""configuration_match"":false,""object_match"":false},""question9"":{""background_clean"":false,""configuration_match"":true,""object_match"":false}}]"
"3A3KKYU7QVVS9IJLBC0QY8PGULRWMR","3Z7ICGQCY1O87W8MNFF8N8ZBBWFOTX","Categorize images based on background and configuration.","Review 10 simple objects line-arts and judge if it has adequate background and configuration. (10 pairs)","tactile, image review, accessibility, simple objects","$0.08","Mon Apr 13 17:53:46 PDT 2026","7","BatchId:5385319;OriginalHitTemplateId:928390873;","1200","1296000","Mon Apr 20 17:53:46 PDT 2026","","","39LOEL67PLJIJFDMXTK6CD9HGEZ384","AJZHPDCKUVRM8","Approved","Mon Apr 13 20:09:15 PDT 2026","Mon Apr 13 20:10:06 PDT 2026","Tue Apr 28 20:10:06 PDT 2026","Sat Apr 18 19:48:09 PDT 2026","","","51","86% (67/78)","86% (67/78)","86% (67/78)","Tomato","https://tactileeval.s3.us-east-1.amazonaws.com/family_datasets/Food_Nature_and_Simple_Objects/Tomato/Natural/11.jpg","https://tactileeval.s3.us-east-1.amazonaws.com/family_datasets/Food_Nature_and_Simple_Objects/Tomato/Tactile/11.jpg","","Tree","https://tactileeval.s3.us-east-1.amazonaws.com/family_datasets/Food_Nature_and_Simple_Objects/Tree/Natural/1.png","https://tactileeval.s3.us-east-1.amazonaws.com/family_datasets/Food_Nature_and_Simple_Objects/Tree/Tactile/1.jpg","","Tree","https://tactileeval.s3.us-east-1.amazonaws.com/family_datasets/Food_Nature_and_Simple_Objects/Tree/Natural/2.png","https://tactileeval.s3.us-east-1.amazonaws.com/family_datasets/Food_Nature_and_Simple_Objects/Tree/Tactile/2.jpg","","Tree","https://tactileeval.s3.us-east-1.amazonaws.com/family_datasets/Food_Nature_and_Simple_Objects/Tree/Natural/3.png","https://tactileeval.s3.us-east-1.amazonaws.com/family_datasets/Food_Nature_and_Simple_Objects/Tree/Tactile/3.jpg","","Tree","https://tactileeval.s3.us-east-1.amazonaws.com/family_datasets/Food_Nature_and_Simple_Objects/Tree/Natural/4.png","https://tactileeval.s3.us-east-1.amazonaws.com/family_datasets/Food_Nature_and_Simple_Objects/Tree/Tactile/4.jpg","","Tree","https://tactileeval.s3.us-east-1.amazonaws.com/family_datasets/Food_Nature_and_Simple_Objects/Tree/Natural/5.png","https://tactileeval.s3.us-east-1.amazonaws.com/family_datasets/Food_Nature_and_Simple_Objects/Tree/Tactile/5.jpg","","Tree","https://tactileeval.s3.us-east-1.amazonaws.com/family_datasets/Food_Nature_and_Simple_Objects/Tree/Natural/6.png","https://tactileeval.s3.us-east-1.amazonaws.com/family_datasets/Food_Nature_and_Simple_Objects/Tree/Tactile/6.jpg","","Tree","https://tactileeval.s3.us-east-1.amazonaws.com/family_datasets/Food_Nature_and_Simple_Objects/Tree/Natural/7.png","https://tactileeval.s3.us-east-1.amazonaws.com/family_datasets/Food_Nature_and_Simple_Objects/Tree/Tactile/7.jpg","","Tree","https://tactileeval.s3.us-east-1.amazonaws.com/family_datasets/Food_Nature_and_Simple_Objects/Tree/Natural/8.png","https://tactileeval.s3.us-east-1.amazonaws.com/family_datasets/Food_Nature_and_Simple_Objects/Tree/Tactile/8.jpg","","Tree","https://tactileeval.s3.us-east-1.amazonaws.com/family_datasets/Food_Nature_and_Simple_Objects/Tree/Natural/9.png","https://tactileeval.s3.us-east-1.amazonaws.com/family_datasets/Food_Nature_and_Simple_Objects/Tree/Tactile/9.jpg","","[{""question1"":{""background_clean"":true,""configuration_match"":true,""object_match"":true},""question10"":{""background_clean"":true,""configuration_match"":false,""object_match"":false},""question2"":{""background_clean"":true,""configuration_match"":false,""object_match"":false},""question3"":{""background_clean"":true,""configuration_match"":false,""object_match"":false},""question4"":{""background_clean"":true,""configuration_match"":false,""object_match"":false},""question5"":{""background_clean"":true,""configuration_match"":false,""object_match"":true},""question6"":{""background_clean"":true,""configuration_match"":false,""object_match"":false},""question7"":{""background_clean"":true,""configuration_match"":false,""object_match"":true},""question8"":{""background_clean"":false,""configuration_match"":false,""object_match"":true},""question9"":{""background_clean"":true,""configuration_match"":false,""object_match"":true}}]"
"3A3KKYU7QVVS9IJLBC0QY8PGULRWMR","3Z7ICGQCY1O87W8MNFF8N8ZBBWFOTX","Categorize images based on background and configuration.","Review 10 simple objects line-arts and judge if it has adequate background and configuration. (10 pairs)","tactile, image review, accessibility, simple objects","$0.08","Mon Apr 13 17:53:46 PDT 2026","7","BatchId:5385319;OriginalHitTemplateId:928390873;","1200","1296000","Mon Apr 20 17:53:46 PDT 2026","","","3ITXP059QPXBNDUKECIY9BQ7O5SSJ5","ACUA3D1ZUVZU3","Approved","Mon Apr 13 20:14:45 PDT 2026","Mon Apr 13 20:17:49 PDT 2026","Tue Apr 28 20:17:49 PDT 2026","Sat Apr 18 19:48:09 PDT 2026","","","184","93% (14/15)","93% (14/15)","93% (14/15)","Tomato","https://tactileeval.s3.us-east-1.amazonaws.com/family_datasets/Food_Nature_and_Simple_Objects/Tomato/Natural/11.jpg","https://tactileeval.s3.us-east-1.amazonaws.com/family_datasets/Food_Nature_and_Simple_Objects/Tomato/Tactile/11.jpg","","Tree","https://tactileeval.s3.us-east-1.amazonaws.com/family_datasets/Food_Nature_and_Simple_Objects/Tree/Natural/1.png","https://tactileeval.s3.us-east-1.amazonaws.com/family_datasets/Food_Nature_and_Simple_Objects/Tree/Tactile/1.jpg","","Tree","https://tactileeval.s3.us-east-1.amazonaws.com/family_datasets/Food_Nature_and_Simple_Objects/Tree/Natural/2.png","https://tactileeval.s3.us-east-1.amazonaws.com/family_datasets/Food_Nature_and_Simple_Objects/Tree/Tactile/2.jpg","","Tree","https://tactileeval.s3.us-east-1.amazonaws.com/family_datasets/Food_Nature_and_Simple_Objects/Tree/Natural/3.png","https://tactileeval.s3.us-east-1.amazonaws.com/family_datasets/Food_Nature_and_Simple_Objects/Tree/Tactile/3.jpg","","Tree","https://tactileeval.s3.us-east-1.amazonaws.com/family_datasets/Food_Nature_and_Simple_Objects/Tree/Natural/4.png","https://tactileeval.s3.us-east-1.amazonaws.com/family_datasets/Food_Nature_and_Simple_Objects/Tree/Tactile/4.jpg","","Tree","https://tactileeval.s3.us-east-1.amazonaws.com/family_datasets/Food_Nature_and_Simple_Objects/Tree/Natural/5.png","https://tactileeval.s3.us-east-1.amazonaws.com/family_datasets/Food_Nature_and_Simple_Objects/Tree/Tactile/5.jpg","","Tree","https://tactileeval.s3.us-east-1.amazonaws.com/family_datasets/Food_Nature_and_Simple_Objects/Tree/Natural/6.png","https://tactileeval.s3.us-east-1.amazonaws.com/family_datasets/Food_Nature_and_Simple_Objects/Tree/Tactile/6.jpg","","Tree","https://tactileeval.s3.us-east-1.amazonaws.com/family_datasets/Food_Nature_and_Simple_Objects/Tree/Natural/7.png","https://tactileeval.s3.us-east-1.amazonaws.com/family_datasets/Food_Nature_and_Simple_Objects/Tree/Tactile/7.jpg","","Tree","https://tactileeval.s3.us-east-1.amazonaws.com/family_datasets/Food_Nature_and_Simple_Objects/Tree/Natural/8.png","https://tactileeval.s3.us-east-1.amazonaws.com/family_datasets/Food_Nature_and_Simple_Objects/Tree/Tactile/8.jpg","","Tree","https://tactileeval.s3.us-east-1.amazonaws.com/family_datasets/Food_Nature_and_Simple_Objects/Tree/Natural/9.png","https://tactileeval.s3.us-east-1.amazonaws.com/family_datasets/Food_Nature_and_Simple_Objects/Tree/Tactile/9.jpg","","[{""question1"":{""background_clean"":true,""configuration_match"":true,""object_match"":true},""question10"":{""background_clean"":false,""configuration_match"":false,""object_match"":true},""question2"":{""background_clean"":true,""configuration_match"":false,""object_match"":true},""question3"":{""background_clean"":true,""configuration_match"":false,""object_match"":true},""question4"":{""background_clean"":false,""configuration_match"":false,""object_match"":true},""question5"":{""background_clean"":true,""configuration_match"":true,""object_match"":true},""question6"":{""background_clean"":true,""configuration_match"":false,""object_match"":false},""question7"":{""background_clean"":true,""configuration_match"":false,""object_match"":true},""question8"":{""background_clean"":false,""configuration_match"":true,""object_match"":true},""question9"":{""background_clean"":true,""configuration_match"":true,""object_match"":true}}]"
"3A3KKYU7QVVS9IJLBC0QY8PGULRWMR","3Z7ICGQCY1O87W8MNFF8N8ZBBWFOTX","Categorize images based on background and configuration.","Review 10 simple objects line-arts and judge if it has adequate background and configuration. (10 pairs)","tactile, image review, accessibility, simple objects","$0.08","Mon Apr 13 17:53:46 PDT 2026","7","BatchId:5385319;OriginalHitTemplateId:928390873;","1200","1296000","Mon Apr 20 17:53:46 PDT 2026","","","3H7XDTSHL55U3SLSQB7W9N1C2RCGWB","A22YCS3UW15WOO","Approved","Mon Apr 13 20:52:59 PDT 2026","Mon Apr 13 20:57:54 PDT 2026","Tue Apr 28 20:57:54 PDT 2026","Sat Apr 18 19:48:09 PDT 2026","","","295","94% (207/220)","86% (82/95)","86% (82/95)","Tomato","https://tactileeval.s3.us-east-1.amazonaws.com/family_datasets/Food_Nature_and_Simple_Objects/Tomato/Natural/11.jpg","https://tactileeval.s3.us-east-1.amazonaws.com/family_datasets/Food_Nature_and_Simple_Objects/Tomato/Tactile/11.jpg","","Tree","https://tactileeval.s3.us-east-1.amazonaws.com/family_datasets/Food_Nature_and_Simple_Objects/Tree/Natural/1.png","https://tactileeval.s3.us-east-1.amazonaws.com/family_datasets/Food_Nature_and_Simple_Objects/Tree/Tactile/1.jpg","","Tree","https://tactileeval.s3.us-east-1.amazonaws.com/family_datasets/Food_Nature_and_Simple_Objects/Tree/Natural/2.png","https://tactileeval.s3.us-east-1.amazonaws.com/family_datasets/Food_Nature_and_Simple_Objects/Tree/Tactile/2.jpg","","Tree","https://tactileeval.s3.us-east-1.amazonaws.com/family_datasets/Food_Nature_and_Simple_Objects/Tree/Natural/3.png","https://tactileeval.s3.us-east-1.amazonaws.com/family_datasets/Food_Nature_and_Simple_Objects/Tree/Tactile/3.jpg","","Tree","https://tactileeval.s3.us-east-1.amazonaws.com/family_datasets/Food_Nature_and_Simple_Objects/Tree/Natural/4.png","https://tactileeval.s3.us-east-1.amazonaws.com/family_datasets/Food_Nature_and_Simple_Objects/Tree/Tactile/4.jpg","","Tree","https://tactileeval.s3.us-east-1.amazonaws.com/family_datasets/Food_Nature_and_Simple_Objects/Tree/Natural/5.png","https://tactileeval.s3.us-east-1.amazonaws.com/family_datasets/Food_Nature_and_Simple_Objects/Tree/Tactile/5.jpg","","Tree","https://tactileeval.s3.us-east-1.amazonaws.com/family_datasets/Food_Nature_and_Simple_Objects/Tree/Natural/6.png","https://tactileeval.s3.us-east-1.amazonaws.com/family_datasets/Food_Nature_and_Simple_Objects/Tree/Tactile/6.jpg","","Tree","https://tactileeval.s3.us-east-1.amazonaws.com/family_datasets/Food_Nature_and_Simple_Objects/Tree/Natural/7.png","https://tactileeval.s3.us-east-1.amazonaws.com/family_datasets/Food_Nature_and_Simple_Objects/Tree/Tactile/7.jpg","","Tree","https://tactileeval.s3.us-east-1.amazonaws.com/family_datasets/Food_Nature_and_Simple_Objects/Tree/Natural/8.png","https://tactileeval.s3.us-east-1.amazonaws.com/family_datasets/Food_Nature_and_Simple_Objects/Tree/Tactile/8.jpg","","Tree","https://tactileeval.s3.us-east-1.amazonaws.com/family_datasets/Food_Nature_and_Simple_Objects/Tree/Natural/9.png","https://tactileeval.s3.us-east-1.amazonaws.com/family_datasets/Food_Nature_and_Simple_Objects/Tree/Tactile/9.jpg","","[{""question1"":{""background_clean"":true,""configuration_match"":true,""object_match"":true},""question10"":{""background_clean"":true,""configuration_match"":true,""object_match"":true},""question2"":{""background_clean"":true,""configuration_match"":true,""object_match"":false},""question3"":{""background_clean"":true,""configuration_match"":true,""object_match"":true},""question4"":{""background_clean"":true,""configuration_match"":true,""object_match"":true},""question5"":{""background_clean"":true,""configuration_match"":true,""object_match"":true},""question6"":{""background_clean"":true,""configuration_match"":true,""object_match"":true},""question7"":{""background_clean"":true,""configuration_match"":true,""object_match"":true},""question8"":{""background_clean"":true,""configuration_match"":true,""object_match"":true},""question9"":{""background_clean"":true,""configuration_match"":true,""object_match"":true}}]"
"3A3KKYU7QVVS9IJLBC0QY8PGULRWMR","3Z7ICGQCY1O87W8MNFF8N8ZBBWFOTX","Categorize images based on background and configuration.","Review 10 simple objects line-arts and judge if it has adequate background and configuration. (10 pairs)","tactile, image review, accessibility, simple objects","$0.08","Mon Apr 13 17:53:46 PDT 2026","7","BatchId:5385319;OriginalHitTemplateId:928390873;","1200","1296000","Mon Apr 20 17:53:46 PDT 2026","","","3PJUZCGDKZU4YH22E2LG3QC3G7G89Z","A2FK6782M09EBO","Approved","Mon Apr 13 21:09:35 PDT 2026","Mon Apr 13 21:28:15 PDT 2026","Tue Apr 28 21:28:15 PDT 2026","Sat Apr 18 19:48:10 PDT 2026","","","1120","94% (101/107)","94% (101/107)","94% (101/107)","Tomato","https://tactileeval.s3.us-east-1.amazonaws.com/family_datasets/Food_Nature_and_Simple_Objects/Tomato/Natural/11.jpg","https://tactileeval.s3.us-east-1.amazonaws.com/family_datasets/Food_Nature_and_Simple_Objects/Tomato/Tactile/11.jpg","","Tree","https://tactileeval.s3.us-east-1.amazonaws.com/family_datasets/Food_Nature_and_Simple_Objects/Tree/Natural/1.png","https://tactileeval.s3.us-east-1.amazonaws.com/family_datasets/Food_Nature_and_Simple_Objects/Tree/Tactile/1.jpg","","Tree","https://tactileeval.s3.us-east-1.amazonaws.com/family_datasets/Food_Nature_and_Simple_Objects/Tree/Natural/2.png","https://tactileeval.s3.us-east-1.amazonaws.com/family_datasets/Food_Nature_and_Simple_Objects/Tree/Tactile/2.jpg","","Tree","https://tactileeval.s3.us-east-1.amazonaws.com/family_datasets/Food_Nature_and_Simple_Objects/Tree/Natural/3.png","https://tactileeval.s3.us-east-1.amazonaws.com/family_datasets/Food_Nature_and_Simple_Objects/Tree/Tactile/3.jpg","","Tree","https://tactileeval.s3.us-east-1.amazonaws.com/family_datasets/Food_Nature_and_Simple_Objects/Tree/Natural/4.png","https://tactileeval.s3.us-east-1.amazonaws.com/family_datasets/Food_Nature_and_Simple_Objects/Tree/Tactile/4.jpg","","Tree","https://tactileeval.s3.us-east-1.amazonaws.com/family_datasets/Food_Nature_and_Simple_Objects/Tree/Natural/5.png","https://tactileeval.s3.us-east-1.amazonaws.com/family_datasets/Food_Nature_and_Simple_Objects/Tree/Tactile/5.jpg","","Tree","https://tactileeval.s3.us-east-1.amazonaws.com/family_datasets/Food_Nature_and_Simple_Objects/Tree/Natural/6.png","https://tactileeval.s3.us-east-1.amazonaws.com/family_datasets/Food_Nature_and_Simple_Objects/Tree/Tactile/6.jpg","","Tree","https://tactileeval.s3.us-east-1.amazonaws.com/family_datasets/Food_Nature_and_Simple_Objects/Tree/Natural/7.png","https://tactileeval.s3.us-east-1.amazonaws.com/family_datasets/Food_Nature_and_Simple_Objects/Tree/Tactile/7.jpg","","Tree","https://tactileeval.s3.us-east-1.amazonaws.com/family_datasets/Food_Nature_and_Simple_Objects/Tree/Natural/8.png","https://tactileeval.s3.us-east-1.amazonaws.com/family_datasets/Food_Nature_and_Simple_Objects/Tree/Tactile/8.jpg","","Tree","https://tactileeval.s3.us-east-1.amazonaws.com/family_datasets/Food_Nature_and_Simple_Objects/Tree/Natural/9.png","https://tactileeval.s3.us-east-1.amazonaws.com/family_datasets/Food_Nature_and_Simple_Objects/Tree/Tactile/9.jpg","","[{""question1"":{""background_clean"":true,""configuration_match"":true,""object_match"":true},""question10"":{""background_clean"":true,""configuration_match"":true,""object_match"":false},""question2"":{""background_clean"":true,""configuration_match"":true,""object_match"":false},""question3"":{""background_clean"":true,""configuration_match"":true,""object_match"":true},""question4"":{""background_clean"":false,""configuration_match"":true,""object_match"":false},""question5"":{""background_clean"":true,""configuration_match"":true,""object_match"":true},""question6"":{""background_clean"":true,""configuration_match"":false,""object_match"":false},""question7"":{""background_clean"":true,""configuration_match"":true,""object_match"":true},""question8"":{""background_clean"":true,""configuration_match"":false,""object_match"":false},""question9"":{""background_clean"":true,""configuration_match"":true,""object_match"":true}}]"
"3A3KKYU7QVVS9IJLBC0QY8PGULRWMR","3Z7ICGQCY1O87W8MNFF8N8ZBBWFOTX","Categorize images based on background and configuration.","Review 10 simple objects line-arts and judge if it has adequate background and configuration. (10 pairs)","tactile, image review, accessibility, simple objects","$0.08","Mon Apr 13 17:53:46 PDT 2026","7","BatchId:5385319;OriginalHitTemplateId:928390873;","1200","1296000","Mon Apr 20 17:53:46 PDT 2026","","","3SPJ03343UH8JZ6TDIANRXE85RYYJ1","A1SMWIBTQ2AESU","Approved","Mon Apr 13 21:40:24 PDT 2026","Mon Apr 13 21:47:14 PDT 2026","Tue Apr 28 21:47:14 PDT 2026","Sat Apr 18 19:48:10 PDT 2026","","","410","79% (67/85)","79% (66/84)","79% (66/84)","Tomato","https://tactileeval.s3.us-east-1.amazonaws.com/family_datasets/Food_Nature_and_Simple_Objects/Tomato/Natural/11.jpg","https://tactileeval.s3.us-east-1.amazonaws.com/family_datasets/Food_Nature_and_Simple_Objects/Tomato/Tactile/11.jpg","","Tree","https://tactileeval.s3.us-east-1.amazonaws.com/family_datasets/Food_Nature_and_Simple_Objects/Tree/Natural/1.png","https://tactileeval.s3.us-east-1.amazonaws.com/family_datasets/Food_Nature_and_Simple_Objects/Tree/Tactile/1.jpg","","Tree","https://tactileeval.s3.us-east-1.amazonaws.com/family_datasets/Food_Nature_and_Simple_Objects/Tree/Natural/2.png","https://tactileeval.s3.us-east-1.amazonaws.com/family_datasets/Food_Nature_and_Simple_Objects/Tree/Tactile/2.jpg","","Tree","https://tactileeval.s3.us-east-1.amazonaws.com/family_datasets/Food_Nature_and_Simple_Objects/Tree/Natural/3.png","https://tactileeval.s3.us-east-1.amazonaws.com/family_datasets/Food_Nature_and_Simple_Objects/Tree/Tactile/3.jpg","","Tree","https://tactileeval.s3.us-east-1.amazonaws.com/family_datasets/Food_Nature_and_Simple_Objects/Tree/Natural/4.png","https://tactileeval.s3.us-east-1.amazonaws.com/family_datasets/Food_Nature_and_Simple_Objects/Tree/Tactile/4.jpg","","Tree","https://tactileeval.s3.us-east-1.amazonaws.com/family_datasets/Food_Nature_and_Simple_Objects/Tree/Natural/5.png","https://tactileeval.s3.us-east-1.amazonaws.com/family_datasets/Food_Nature_and_Simple_Objects/Tree/Tactile/5.jpg","","Tree","https://tactileeval.s3.us-east-1.amazonaws.com/family_datasets/Food_Nature_and_Simple_Objects/Tree/Natural/6.png","https://tactileeval.s3.us-east-1.amazonaws.com/family_datasets/Food_Nature_and_Simple_Objects/Tree/Tactile/6.jpg","","Tree","https://tactileeval.s3.us-east-1.amazonaws.com/family_datasets/Food_Nature_and_Simple_Objects/Tree/Natural/7.png","https://tactileeval.s3.us-east-1.amazonaws.com/family_datasets/Food_Nature_and_Simple_Objects/Tree/Tactile/7.jpg","","Tree","https://tactileeval.s3.us-east-1.amazonaws.com/family_datasets/Food_Nature_and_Simple_Objects/Tree/Natural/8.png","https://tactileeval.s3.us-east-1.amazonaws.com/family_datasets/Food_Nature_and_Simple_Objects/Tree/Tactile/8.jpg","","Tree","https://tactileeval.s3.us-east-1.amazonaws.com/family_datasets/Food_Nature_and_Simple_Objects/Tree/Natural/9.png","https://tactileeval.s3.us-east-1.amazonaws.com/family_datasets/Food_Nature_and_Simple_Objects/Tree/Tactile/9.jpg","","[{""question1"":{""background_clean"":true,""configuration_match"":true,""object_match"":true},""question10"":{""background_clean"":true,""configuration_match"":true,""object_match"":false},""question2"":{""background_clean"":true,""configuration_match"":true,""object_match"":true},""question3"":{""background_clean"":true,""configuration_match"":true,""object_match"":false},""question4"":{""background_clean"":true,""configuration_match"":true,""object_match"":true},""question5"":{""background_clean"":true,""configuration_match"":true,""object_match"":false},""question6"":{""background_clean"":true,""configuration_match"":true,""object_match"":false},""question7"":{""background_clean"":true,""configuration_match"":true,""object_match"":true},""question8"":{""background_clean"":true,""configuration_match"":true,""object_match"":false},""question9"":{""background_clean"":true,""configuration_match"":true,""object_match"":true}}]"
"3A3KKYU7QVVS9IJLBC0QY8PGULRWMR","3Z7ICGQCY1O87W8MNFF8N8ZBBWFOTX","Categorize images based on background and configuration.","Review 10 simple objects line-arts and judge if it has adequate background and configuration. (10 pairs)","tactile, image review, accessibility, simple objects","$0.08","Mon Apr 13 17:53:46 PDT 2026","7","BatchId:5385319;OriginalHitTemplateId:928390873;","1200","1296000","Mon Apr 20 17:53:46 PDT 2026","","","3UJ1CZ6I0A33GEFZPAE4817265B5SC","A2U7UDW9Y1WGWF","Approved","Mon Apr 13 21:58:46 PDT 2026","Mon Apr 13 22:11:26 PDT 2026","Tue Apr 28 22:11:26 PDT 2026","Sat Apr 18 19:48:10 PDT 2026","","","760","100% (41/41)","100% (35/35)","100% (35/35)","Tomato","https://tactileeval.s3.us-east-1.amazonaws.com/family_datasets/Food_Nature_and_Simple_Objects/Tomato/Natural/11.jpg","https://tactileeval.s3.us-east-1.amazonaws.com/family_datasets/Food_Nature_and_Simple_Objects/Tomato/Tactile/11.jpg","","Tree","https://tactileeval.s3.us-east-1.amazonaws.com/family_datasets/Food_Nature_and_Simple_Objects/Tree/Natural/1.png","https://tactileeval.s3.us-east-1.amazonaws.com/family_datasets/Food_Nature_and_Simple_Objects/Tree/Tactile/1.jpg","","Tree","https://tactileeval.s3.us-east-1.amazonaws.com/family_datasets/Food_Nature_and_Simple_Objects/Tree/Natural/2.png","https://tactileeval.s3.us-east-1.amazonaws.com/family_datasets/Food_Nature_and_Simple_Objects/Tree/Tactile/2.jpg","","Tree","https://tactileeval.s3.us-east-1.amazonaws.com/family_datasets/Food_Nature_and_Simple_Objects/Tree/Natural/3.png","https://tactileeval.s3.us-east-1.amazonaws.com/family_datasets/Food_Nature_and_Simple_Objects/Tree/Tactile/3.jpg","","Tree","https://tactileeval.s3.us-east-1.amazonaws.com/family_datasets/Food_Nature_and_Simple_Objects/Tree/Natural/4.png","https://tactileeval.s3.us-east-1.amazonaws.com/family_datasets/Food_Nature_and_Simple_Objects/Tree/Tactile/4.jpg","","Tree","https://tactileeval.s3.us-east-1.amazonaws.com/family_datasets/Food_Nature_and_Simple_Objects/Tree/Natural/5.png","https://tactileeval.s3.us-east-1.amazonaws.com/family_datasets/Food_Nature_and_Simple_Objects/Tree/Tactile/5.jpg","","Tree","https://tactileeval.s3.us-east-1.amazonaws.com/family_datasets/Food_Nature_and_Simple_Objects/Tree/Natural/6.png","https://tactileeval.s3.us-east-1.amazonaws.com/family_datasets/Food_Nature_and_Simple_Objects/Tree/Tactile/6.jpg","","Tree","https://tactileeval.s3.us-east-1.amazonaws.com/family_datasets/Food_Nature_and_Simple_Objects/Tree/Natural/7.png","https://tactileeval.s3.us-east-1.amazonaws.com/family_datasets/Food_Nature_and_Simple_Objects/Tree/Tactile/7.jpg","","Tree","https://tactileeval.s3.us-east-1.amazonaws.com/family_datasets/Food_Nature_and_Simple_Objects/Tree/Natural/8.png","https://tactileeval.s3.us-east-1.amazonaws.com/family_datasets/Food_Nature_and_Simple_Objects/Tree/Tactile/8.jpg","","Tree","https://tactileeval.s3.us-east-1.amazonaws.com/family_datasets/Food_Nature_and_Simple_Objects/Tree/Natural/9.png","https://tactileeval.s3.us-east-1.amazonaws.com/family_datasets/Food_Nature_and_Simple_Objects/Tree/Tactile/9.jpg","","[{""question1"":{""background_clean"":true,""configuration_match"":true,""object_match"":true},""question10"":{""background_clean"":true,""configuration_match"":true,""object_match"":false},""question2"":{""background_clean"":true,""configuration_match"":true,""object_match"":false},""question3"":{""background_clean"":true,""configuration_match"":true,""object_match"":true},""question4"":{""background_clean"":false,""configuration_match"":true,""object_match"":true},""question5"":{""background_clean"":true,""configuration_match"":true,""object_match"":true},""question6"":{""background_clean"":true,""configuration_match"":false,""object_match"":false},""question7"":{""background_clean"":true,""configuration_match"":true,""object_match"":true},""question8"":{""background_clean"":true,""configuration_match"":true,""object_match"":true},""question9"":{""background_clean"":true,""configuration_match"":true,""object_match"":true}}]"
"3A3KKYU7QVVS9IJLBC0QY8PGULRWMR","3Z7ICGQCY1O87W8MNFF8N8ZBBWFOTX","Categorize images based on background and configuration.","Review 10 simple objects line-arts and judge if it has adequate background and configuration. (10 pairs)","tactile, image review, accessibility, simple objects","$0.08","Mon Apr 13 17:53:46 PDT 2026","7","BatchId:5385319;OriginalHitTemplateId:928390873;","1200","1296000","Mon Apr 20 17:53:46 PDT 2026","","","3K5TEWLKHOPVKURIQP238XVEAVDIV6","A2J1106X8NPZGP","Approved","Mon Apr 13 22:19:37 PDT 2026","Mon Apr 13 22:35:20 PDT 2026","Tue Apr 28 22:35:20 PDT 2026","Sat Apr 18 19:48:10 PDT 2026","","","943","43% (19/44)","43% (19/44)","43% (19/44)","Tomato","https://tactileeval.s3.us-east-1.amazonaws.com/family_datasets/Food_Nature_and_Simple_Objects/Tomato/Natural/11.jpg","https://tactileeval.s3.us-east-1.amazonaws.com/family_datasets/Food_Nature_and_Simple_Objects/Tomato/Tactile/11.jpg","","Tree","https://tactileeval.s3.us-east-1.amazonaws.com/family_datasets/Food_Nature_and_Simple_Objects/Tree/Natural/1.png","https://tactileeval.s3.us-east-1.amazonaws.com/family_datasets/Food_Nature_and_Simple_Objects/Tree/Tactile/1.jpg","","Tree","https://tactileeval.s3.us-east-1.amazonaws.com/family_datasets/Food_Nature_and_Simple_Objects/Tree/Natural/2.png","https://tactileeval.s3.us-east-1.amazonaws.com/family_datasets/Food_Nature_and_Simple_Objects/Tree/Tactile/2.jpg","","Tree","https://tactileeval.s3.us-east-1.amazonaws.com/family_datasets/Food_Nature_and_Simple_Objects/Tree/Natural/3.png","https://tactileeval.s3.us-east-1.amazonaws.com/family_datasets/Food_Nature_and_Simple_Objects/Tree/Tactile/3.jpg","","Tree","https://tactileeval.s3.us-east-1.amazonaws.com/family_datasets/Food_Nature_and_Simple_Objects/Tree/Natural/4.png","https://tactileeval.s3.us-east-1.amazonaws.com/family_datasets/Food_Nature_and_Simple_Objects/Tree/Tactile/4.jpg","","Tree","https://tactileeval.s3.us-east-1.amazonaws.com/family_datasets/Food_Nature_and_Simple_Objects/Tree/Natural/5.png","https://tactileeval.s3.us-east-1.amazonaws.com/family_datasets/Food_Nature_and_Simple_Objects/Tree/Tactile/5.jpg","","Tree","https://tactileeval.s3.us-east-1.amazonaws.com/family_datasets/Food_Nature_and_Simple_Objects/Tree/Natural/6.png","https://tactileeval.s3.us-east-1.amazonaws.com/family_datasets/Food_Nature_and_Simple_Objects/Tree/Tactile/6.jpg","","Tree","https://tactileeval.s3.us-east-1.amazonaws.com/family_datasets/Food_Nature_and_Simple_Objects/Tree/Natural/7.png","https://tactileeval.s3.us-east-1.amazonaws.com/family_datasets/Food_Nature_and_Simple_Objects/Tree/Tactile/7.jpg","","Tree","https://tactileeval.s3.us-east-1.amazonaws.com/family_datasets/Food_Nature_and_Simple_Objects/Tree/Natural/8.png","https://tactileeval.s3.us-east-1.amazonaws.com/family_datasets/Food_Nature_and_Simple_Objects/Tree/Tactile/8.jpg","","Tree","https://tactileeval.s3.us-east-1.amazonaws.com/family_datasets/Food_Nature_and_Simple_Objects/Tree/Natural/9.png","https://tactileeval.s3.us-east-1.amazonaws.com/family_datasets/Food_Nature_and_Simple_Objects/Tree/Tactile/9.jpg","","[{""question1"":{""background_clean"":true,""configuration_match"":false,""object_match"":true},""question10"":{""background_clean"":true,""configuration_match"":false,""object_match"":false},""question2"":{""background_clean"":true,""configuration_match"":false,""object_match"":false},""question3"":{""background_clean"":true,""configuration_match"":false,""object_match"":true},""question4"":{""background_clean"":true,""configuration_match"":false,""object_match"":true},""question5"":{""background_clean"":true,""configuration_match"":false,""object_match"":false},""question6"":{""background_clean"":true,""configuration_match"":false,""object_match"":true},""question7"":{""background_clean"":true,""configuration_match"":false,""object_match"":true},""question8"":{""background_clean"":true,""configuration_match"":false,""object_match"":true},""question9"":{""background_clean"":true,""configuration_match"":false,""object_match"":true}}]"
"3K8CQCU3L6FYR04LNDFQBNEGZB1WNR","3Z7ICGQCY1O87W8MNFF8N8ZBBWFOTX","Categorize images based on background and configuration.","Review 10 simple objects line-arts and judge if it has adequate background and configuration. (10 pairs)","tactile, image review, accessibility, simple objects","$0.08","Mon Apr 13 17:53:46 PDT 2026","7","BatchId:5385319;OriginalHitTemplateId:928390873;","1200","1296000","Mon Apr 20 17:53:46 PDT 2026","","","3HQUKB7LO8SQ6YLEFI3ETK3Q223HH0","AJZHPDCKUVRM8","Approved","Mon Apr 13 19:36:56 PDT 2026","Mon Apr 13 19:38:38 PDT 2026","Tue Apr 28 19:38:38 PDT 2026","Sat Apr 18 19:48:10 PDT 2026","","","102","86% (67/78)","86% (67/78)","86% (67/78)","Tree","https://tactileeval.s3.us-east-1.amazonaws.com/family_datasets/Food_Nature_and_Simple_Objects/Tree/Natural/10.png","https://tactileeval.s3.us-east-1.amazonaws.com/family_datasets/Food_Nature_and_Simple_Objects/Tree/Tactile/10.jpg","","Tree","https://tactileeval.s3.us-east-1.amazonaws.com/family_datasets/Food_Nature_and_Simple_Objects/Tree/Natural/11.png","https://tactileeval.s3.us-east-1.amazonaws.com/family_datasets/Food_Nature_and_Simple_Objects/Tree/Tactile/11.jpeg","","Tree","https://tactileeval.s3.us-east-1.amazonaws.com/family_datasets/Food_Nature_and_Simple_Objects/Tree/Natural/12.png","https://tactileeval.s3.us-east-1.amazonaws.com/family_datasets/Food_Nature_and_Simple_Objects/Tree/Tactile/12.jpeg","","Tree","https://tactileeval.s3.us-east-1.amazonaws.com/family_datasets/Food_Nature_and_Simple_Objects/Tree/Natural/13.png","https://tactileeval.s3.us-east-1.amazonaws.com/family_datasets/Food_Nature_and_Simple_Objects/Tree/Tactile/13.jpeg","","Tree","https://tactileeval.s3.us-east-1.amazonaws.com/family_datasets/Food_Nature_and_Simple_Objects/Tree/Natural/14_refined.png","https://tactileeval.s3.us-east-1.amazonaws.com/family_datasets/Food_Nature_and_Simple_Objects/Tree/Tactile/14_refined.png","","Tree","https://tactileeval.s3.us-east-1.amazonaws.com/family_datasets/Food_Nature_and_Simple_Objects/Tree/Natural/15.png","https://tactileeval.s3.us-east-1.amazonaws.com/family_datasets/Food_Nature_and_Simple_Objects/Tree/Tactile/15.jpeg","","Tree","https://tactileeval.s3.us-east-1.amazonaws.com/family_datasets/Food_Nature_and_Simple_Objects/Tree/Natural/16.png","https://tactileeval.s3.us-east-1.amazonaws.com/family_datasets/Food_Nature_and_Simple_Objects/Tree/Tactile/16.jpeg","","Tree","https://tactileeval.s3.us-east-1.amazonaws.com/family_datasets/Food_Nature_and_Simple_Objects/Tree/Natural/17.png","https://tactileeval.s3.us-east-1.amazonaws.com/family_datasets/Food_Nature_and_Simple_Objects/Tree/Tactile/17.jpeg","","Tree","https://tactileeval.s3.us-east-1.amazonaws.com/family_datasets/Food_Nature_and_Simple_Objects/Tree/Natural/18.png","https://tactileeval.s3.us-east-1.amazonaws.com/family_datasets/Food_Nature_and_Simple_Objects/Tree/Tactile/18.jpg","","Tree","https://tactileeval.s3.us-east-1.amazonaws.com/family_datasets/Food_Nature_and_Simple_Objects/Tree/Natural/19.png","https://tactileeval.s3.us-east-1.amazonaws.com/family_datasets/Food_Nature_and_Simple_Objects/Tree/Tactile/19.jpeg","","[{""question1"":{""background_clean"":true,""configuration_match"":true,""object_match"":false},""question10"":{""background_clean"":true,""configuration_match"":false,""object_match"":false},""question2"":{""background_clean"":true,""configuration_match"":true,""object_match"":false},""question3"":{""background_clean"":true,""configuration_match"":false,""object_match"":false},""question4"":{""background_clean"":true,""configuration_match"":false,""object_match"":false},""question5"":{""background_clean"":true,""configuration_match"":false,""object_match"":false},""question6"":{""background_clean"":false,""configuration_match"":true,""object_match"":false},""question7"":{""background_clean"":false,""configuration_match"":true,""object_match"":false},""question8"":{""background_clean"":false,""configuration_match"":true,""object_match"":false},""question9"":{""background_clean"":true,""configuration_match"":false,""object_match"":false}}]"
"3K8CQCU3L6FYR04LNDFQBNEGZB1WNR","3Z7ICGQCY1O87W8MNFF8N8ZBBWFOTX","Categorize images based on background and configuration.","Review 10 simple objects line-arts and judge if it has adequate background and configuration. (10 pairs)","tactile, image review, accessibility, simple objects","$0.08","Mon Apr 13 17:53:46 PDT 2026","7","BatchId:5385319;OriginalHitTemplateId:928390873;","1200","1296000","Mon Apr 20 17:53:46 PDT 2026","","","3O7L7BFSI73EIJ5WVZDT8T7SAZSIEG","ACUA3D1ZUVZU3","Approved","Mon Apr 13 19:50:02 PDT 2026","Mon Apr 13 19:52:44 PDT 2026","Tue Apr 28 19:52:44 PDT 2026","Sat Apr 18 19:48:10 PDT 2026","","","162","93% (14/15)","93% (14/15)","93% (14/15)","Tree","https://tactileeval.s3.us-east-1.amazonaws.com/family_datasets/Food_Nature_and_Simple_Objects/Tree/Natural/10.png","https://tactileeval.s3.us-east-1.amazonaws.com/family_datasets/Food_Nature_and_Simple_Objects/Tree/Tactile/10.jpg","","Tree","https://tactileeval.s3.us-east-1.amazonaws.com/family_datasets/Food_Nature_and_Simple_Objects/Tree/Natural/11.png","https://tactileeval.s3.us-east-1.amazonaws.com/family_datasets/Food_Nature_and_Simple_Objects/Tree/Tactile/11.jpeg","","Tree","https://tactileeval.s3.us-east-1.amazonaws.com/family_datasets/Food_Nature_and_Simple_Objects/Tree/Natural/12.png","https://tactileeval.s3.us-east-1.amazonaws.com/family_datasets/Food_Nature_and_Simple_Objects/Tree/Tactile/12.jpeg","","Tree","https://tactileeval.s3.us-east-1.amazonaws.com/family_datasets/Food_Nature_and_Simple_Objects/Tree/Natural/13.png","https://tactileeval.s3.us-east-1.amazonaws.com/family_datasets/Food_Nature_and_Simple_Objects/Tree/Tactile/13.jpeg","","Tree","https://tactileeval.s3.us-east-1.amazonaws.com/family_datasets/Food_Nature_and_Simple_Objects/Tree/Natural/14_refined.png","https://tactileeval.s3.us-east-1.amazonaws.com/family_datasets/Food_Nature_and_Simple_Objects/Tree/Tactile/14_refined.png","","Tree","https://tactileeval.s3.us-east-1.amazonaws.com/family_datasets/Food_Nature_and_Simple_Objects/Tree/Natural/15.png","https://tactileeval.s3.us-east-1.amazonaws.com/family_datasets/Food_Nature_and_Simple_Objects/Tree/Tactile/15.jpeg","","Tree","https://tactileeval.s3.us-east-1.amazonaws.com/family_datasets/Food_Nature_and_Simple_Objects/Tree/Natural/16.png","https://tactileeval.s3.us-east-1.amazonaws.com/family_datasets/Food_Nature_and_Simple_Objects/Tree/Tactile/16.jpeg","","Tree","https://tactileeval.s3.us-east-1.amazonaws.com/family_datasets/Food_Nature_and_Simple_Objects/Tree/Natural/17.png","https://tactileeval.s3.us-east-1.amazonaws.com/family_datasets/Food_Nature_and_Simple_Objects/Tree/Tactile/17.jpeg","","Tree","https://tactileeval.s3.us-east-1.amazonaws.com/family_datasets/Food_Nature_and_Simple_Objects/Tree/Natural/18.png","https://tactileeval.s3.us-east-1.amazonaws.com/family_datasets/Food_Nature_and_Simple_Objects/Tree/Tactile/18.jpg","","Tree","https://tactileeval.s3.us-east-1.amazonaws.com/family_datasets/Food_Nature_and_Simple_Objects/Tree/Natural/19.png","https://tactileeval.s3.us-east-1.amazonaws.com/family_datasets/Food_Nature_and_Simple_Objects/Tree/Tactile/19.jpeg","","[{""question1"":{""background_clean"":true,""configuration_match"":true,""object_match"":true},""question10"":{""background_clean"":true,""configuration_match"":true,""object_match"":true},""question2"":{""background_clean"":true,""configuration_match"":true,""object_match"":true},""question3"":{""background_clean"":true,""configuration_match"":false,""object_match"":true},""question4"":{""background_clean"":true,""configuration_match"":false,""object_match"":true},""question5"":{""background_clean"":true,""configuration_match"":true,""object_match"":true},""question6"":{""background_clean"":false,""configuration_match"":true,""object_match"":true},""question7"":{""background_clean"":false,""configuration_match"":false,""object_match"":true},""question8"":{""background_clean"":false,""configuration_match"":true,""object_match"":true},""question9"":{""background_clean"":false,""configuration_match"":true,""object_match"":true}}]"
"3K8CQCU3L6FYR04LNDFQBNEGZB1WNR","3Z7ICGQCY1O87W8MNFF8N8ZBBWFOTX","Categorize images based on background and configuration.","Review 10 simple objects line-arts and judge if it has adequate background and configuration. (10 pairs)","tactile, image review, accessibility, simple objects","$0.08","Mon Apr 13 17:53:46 PDT 2026","7","BatchId:5385319;OriginalHitTemplateId:928390873;","1200","1296000","Mon Apr 20 17:53:46 PDT 2026","","","3VNXK88KL5W29TYFMVWQV4WBR4A9VW","A35ZVN8ZE9M60P","Approved","Mon Apr 13 20:06:31 PDT 2026","Mon Apr 13 20:13:39 PDT 2026","Tue Apr 28 20:13:39 PDT 2026","Sat Apr 18 19:48:10 PDT 2026","","","428","100% (1/1)","100% (1/1)","100% (1/1)","Tree","https://tactileeval.s3.us-east-1.amazonaws.com/family_datasets/Food_Nature_and_Simple_Objects/Tree/Natural/10.png","https://tactileeval.s3.us-east-1.amazonaws.com/family_datasets/Food_Nature_and_Simple_Objects/Tree/Tactile/10.jpg","","Tree","https://tactileeval.s3.us-east-1.amazonaws.com/family_datasets/Food_Nature_and_Simple_Objects/Tree/Natural/11.png","https://tactileeval.s3.us-east-1.amazonaws.com/family_datasets/Food_Nature_and_Simple_Objects/Tree/Tactile/11.jpeg","","Tree","https://tactileeval.s3.us-east-1.amazonaws.com/family_datasets/Food_Nature_and_Simple_Objects/Tree/Natural/12.png","https://tactileeval.s3.us-east-1.amazonaws.com/family_datasets/Food_Nature_and_Simple_Objects/Tree/Tactile/12.jpeg","","Tree","https://tactileeval.s3.us-east-1.amazonaws.com/family_datasets/Food_Nature_and_Simple_Objects/Tree/Natural/13.png","https://tactileeval.s3.us-east-1.amazonaws.com/family_datasets/Food_Nature_and_Simple_Objects/Tree/Tactile/13.jpeg","","Tree","https://tactileeval.s3.us-east-1.amazonaws.com/family_datasets/Food_Nature_and_Simple_Objects/Tree/Natural/14_refined.png","https://tactileeval.s3.us-east-1.amazonaws.com/family_datasets/Food_Nature_and_Simple_Objects/Tree/Tactile/14_refined.png","","Tree","https://tactileeval.s3.us-east-1.amazonaws.com/family_datasets/Food_Nature_and_Simple_Objects/Tree/Natural/15.png","https://tactileeval.s3.us-east-1.amazonaws.com/family_datasets/Food_Nature_and_Simple_Objects/Tree/Tactile/15.jpeg","","Tree","https://tactileeval.s3.us-east-1.amazonaws.com/family_datasets/Food_Nature_and_Simple_Objects/Tree/Natural/16.png","https://tactileeval.s3.us-east-1.amazonaws.com/family_datasets/Food_Nature_and_Simple_Objects/Tree/Tactile/16.jpeg","","Tree","https://tactileeval.s3.us-east-1.amazonaws.com/family_datasets/Food_Nature_and_Simple_Objects/Tree/Natural/17.png","https://tactileeval.s3.us-east-1.amazonaws.com/family_datasets/Food_Nature_and_Simple_Objects/Tree/Tactile/17.jpeg","","Tree","https://tactileeval.s3.us-east-1.amazonaws.com/family_datasets/Food_Nature_and_Simple_Objects/Tree/Natural/18.png","https://tactileeval.s3.us-east-1.amazonaws.com/family_datasets/Food_Nature_and_Simple_Objects/Tree/Tactile/18.jpg","","Tree","https://tactileeval.s3.us-east-1.amazonaws.com/family_datasets/Food_Nature_and_Simple_Objects/Tree/Natural/19.png","https://tactileeval.s3.us-east-1.amazonaws.com/family_datasets/Food_Nature_and_Simple_Objects/Tree/Tactile/19.jpeg","","[{""question1"":{""background_clean"":true,""configuration_match"":false,""object_match"":true},""question10"":{""background_clean"":true,""configuration_match"":true,""object_match"":true},""question2"":{""background_clean"":true,""configuration_match"":true,""object_match"":true},""question3"":{""background_clean"":false,""configuration_match"":true,""object_match"":true},""question4"":{""background_clean"":false,""configuration_match"":false,""object_match"":true},""question5"":{""background_clean"":true,""configuration_match"":true,""object_match"":true},""question6"":{""background_clean"":false,""configuration_match"":true,""object_match"":true},""question7"":{""background_clean"":false,""configuration_match"":true,""object_match"":true},""question8"":{""background_clean"":true,""configuration_match"":true,""object_match"":true},""question9"":{""background_clean"":true,""configuration_match"":true,""object_match"":true}}]"
"3K8CQCU3L6FYR04LNDFQBNEGZB1WNR","3Z7ICGQCY1O87W8MNFF8N8ZBBWFOTX","Categorize images based on background and configuration.","Review 10 simple objects line-arts and judge if it has adequate background and configuration. (10 pairs)","tactile, image review, accessibility, simple objects","$0.08","Mon Apr 13 17:53:46 PDT 2026","7","BatchId:5385319;OriginalHitTemplateId:928390873;","1200","1296000","Mon Apr 20 17:53:46 PDT 2026","","","3Q5C1WP24FF3MUG5CRZKC0KTG5R15H","A2FK6782M09EBO","Approved","Mon Apr 13 21:09:24 PDT 2026","Mon Apr 13 21:24:09 PDT 2026","Tue Apr 28 21:24:09 PDT 2026","Sat Apr 18 19:48:10 PDT 2026","","","885","94% (101/107)","94% (101/107)","94% (101/107)","Tree","https://tactileeval.s3.us-east-1.amazonaws.com/family_datasets/Food_Nature_and_Simple_Objects/Tree/Natural/10.png","https://tactileeval.s3.us-east-1.amazonaws.com/family_datasets/Food_Nature_and_Simple_Objects/Tree/Tactile/10.jpg","","Tree","https://tactileeval.s3.us-east-1.amazonaws.com/family_datasets/Food_Nature_and_Simple_Objects/Tree/Natural/11.png","https://tactileeval.s3.us-east-1.amazonaws.com/family_datasets/Food_Nature_and_Simple_Objects/Tree/Tactile/11.jpeg","","Tree","https://tactileeval.s3.us-east-1.amazonaws.com/family_datasets/Food_Nature_and_Simple_Objects/Tree/Natural/12.png","https://tactileeval.s3.us-east-1.amazonaws.com/family_datasets/Food_Nature_and_Simple_Objects/Tree/Tactile/12.jpeg","","Tree","https://tactileeval.s3.us-east-1.amazonaws.com/family_datasets/Food_Nature_and_Simple_Objects/Tree/Natural/13.png","https://tactileeval.s3.us-east-1.amazonaws.com/family_datasets/Food_Nature_and_Simple_Objects/Tree/Tactile/13.jpeg","","Tree","https://tactileeval.s3.us-east-1.amazonaws.com/family_datasets/Food_Nature_and_Simple_Objects/Tree/Natural/14_refined.png","https://tactileeval.s3.us-east-1.amazonaws.com/family_datasets/Food_Nature_and_Simple_Objects/Tree/Tactile/14_refined.png","","Tree","https://tactileeval.s3.us-east-1.amazonaws.com/family_datasets/Food_Nature_and_Simple_Objects/Tree/Natural/15.png","https://tactileeval.s3.us-east-1.amazonaws.com/family_datasets/Food_Nature_and_Simple_Objects/Tree/Tactile/15.jpeg","","Tree","https://tactileeval.s3.us-east-1.amazonaws.com/family_datasets/Food_Nature_and_Simple_Objects/Tree/Natural/16.png","https://tactileeval.s3.us-east-1.amazonaws.com/family_datasets/Food_Nature_and_Simple_Objects/Tree/Tactile/16.jpeg","","Tree","https://tactileeval.s3.us-east-1.amazonaws.com/family_datasets/Food_Nature_and_Simple_Objects/Tree/Natural/17.png","https://tactileeval.s3.us-east-1.amazonaws.com/family_datasets/Food_Nature_and_Simple_Objects/Tree/Tactile/17.jpeg","","Tree","https://tactileeval.s3.us-east-1.amazonaws.com/family_datasets/Food_Nature_and_Simple_Objects/Tree/Natural/18.png","https://tactileeval.s3.us-east-1.amazonaws.com/family_datasets/Food_Nature_and_Simple_Objects/Tree/Tactile/18.jpg","","Tree","https://tactileeval.s3.us-east-1.amazonaws.com/family_datasets/Food_Nature_and_Simple_Objects/Tree/Natural/19.png","https://tactileeval.s3.us-east-1.amazonaws.com/family_datasets/Food_Nature_and_Simple_Objects/Tree/Tactile/19.jpeg","","[{""question1"":{""background_clean"":true,""configuration_match"":true,""object_match"":true},""question10"":{""background_clean"":true,""configuration_match"":true,""object_match"":true},""question2"":{""background_clean"":true,""configuration_match"":true,""object_match"":true},""question3"":{""background_clean"":true,""configuration_match"":true,""object_match"":true},""question4"":{""background_clean"":true,""configuration_match"":true,""object_match"":true},""question5"":{""background_clean"":true,""configuration_match"":true,""object_match"":true},""question6"":{""background_clean"":true,""configuration_match"":false,""object_match"":false},""question7"":{""background_clean"":true,""configuration_match"":true,""object_match"":true},""question8"":{""background_clean"":true,""configuration_match"":true,""object_match"":true},""question9"":{""background_clean"":true,""configuration_match"":false,""object_match"":false}}]"
"3K8CQCU3L6FYR04LNDFQBNEGZB1WNR","3Z7ICGQCY1O87W8MNFF8N8ZBBWFOTX","Categorize images based on background and configuration.","Review 10 simple objects line-arts and judge if it has adequate background and configuration. (10 pairs)","tactile, image review, accessibility, simple objects","$0.08","Mon Apr 13 17:53:46 PDT 2026","7","BatchId:5385319;OriginalHitTemplateId:928390873;","1200","1296000","Mon Apr 20 17:53:46 PDT 2026","","","3KB8R4ZV27L2FPNHVKB0M9ORSQYGBZ","A22YCS3UW15WOO","Approved","Mon Apr 13 21:25:45 PDT 2026","Mon Apr 13 21:28:12 PDT 2026","Tue Apr 28 21:28:12 PDT 2026","Sat Apr 18 19:48:10 PDT 2026","","","147","94% (207/220)","86% (82/95)","86% (82/95)","Tree","https://tactileeval.s3.us-east-1.amazonaws.com/family_datasets/Food_Nature_and_Simple_Objects/Tree/Natural/10.png","https://tactileeval.s3.us-east-1.amazonaws.com/family_datasets/Food_Nature_and_Simple_Objects/Tree/Tactile/10.jpg","","Tree","https://tactileeval.s3.us-east-1.amazonaws.com/family_datasets/Food_Nature_and_Simple_Objects/Tree/Natural/11.png","https://tactileeval.s3.us-east-1.amazonaws.com/family_datasets/Food_Nature_and_Simple_Objects/Tree/Tactile/11.jpeg","","Tree","https://tactileeval.s3.us-east-1.amazonaws.com/family_datasets/Food_Nature_and_Simple_Objects/Tree/Natural/12.png","https://tactileeval.s3.us-east-1.amazonaws.com/family_datasets/Food_Nature_and_Simple_Objects/Tree/Tactile/12.jpeg","","Tree","https://tactileeval.s3.us-east-1.amazonaws.com/family_datasets/Food_Nature_and_Simple_Objects/Tree/Natural/13.png","https://tactileeval.s3.us-east-1.amazonaws.com/family_datasets/Food_Nature_and_Simple_Objects/Tree/Tactile/13.jpeg","","Tree","https://tactileeval.s3.us-east-1.amazonaws.com/family_datasets/Food_Nature_and_Simple_Objects/Tree/Natural/14_refined.png","https://tactileeval.s3.us-east-1.amazonaws.com/family_datasets/Food_Nature_and_Simple_Objects/Tree/Tactile/14_refined.png","","Tree","https://tactileeval.s3.us-east-1.amazonaws.com/family_datasets/Food_Nature_and_Simple_Objects/Tree/Natural/15.png","https://tactileeval.s3.us-east-1.amazonaws.com/family_datasets/Food_Nature_and_Simple_Objects/Tree/Tactile/15.jpeg","","Tree","https://tactileeval.s3.us-east-1.amazonaws.com/family_datasets/Food_Nature_and_Simple_Objects/Tree/Natural/16.png","https://tactileeval.s3.us-east-1.amazonaws.com/family_datasets/Food_Nature_and_Simple_Objects/Tree/Tactile/16.jpeg","","Tree","https://tactileeval.s3.us-east-1.amazonaws.com/family_datasets/Food_Nature_and_Simple_Objects/Tree/Natural/17.png","https://tactileeval.s3.us-east-1.amazonaws.com/family_datasets/Food_Nature_and_Simple_Objects/Tree/Tactile/17.jpeg","","Tree","https://tactileeval.s3.us-east-1.amazonaws.com/family_datasets/Food_Nature_and_Simple_Objects/Tree/Natural/18.png","https://tactileeval.s3.us-east-1.amazonaws.com/family_datasets/Food_Nature_and_Simple_Objects/Tree/Tactile/18.jpg","","Tree","https://tactileeval.s3.us-east-1.amazonaws.com/family_datasets/Food_Nature_and_Simple_Objects/Tree/Natural/19.png","https://tactileeval.s3.us-east-1.amazonaws.com/family_datasets/Food_Nature_and_Simple_Objects/Tree/Tactile/19.jpeg","","[{""question1"":{""background_clean"":true,""configuration_match"":true,""object_match"":true},""question10"":{""background_clean"":true,""configuration_match"":true,""object_match"":true},""question2"":{""background_clean"":true,""configuration_match"":true,""object_match"":true},""question3"":{""background_clean"":true,""configuration_match"":true,""object_match"":true},""question4"":{""background_clean"":true,""configuration_match"":true,""object_match"":true},""question5"":{""background_clean"":true,""configuration_match"":true,""object_match"":true},""question6"":{""background_clean"":false,""configuration_match"":true,""object_match"":true},""question7"":{""background_clean"":false,""configuration_match"":true,""object_match"":true},""question8"":{""background_clean"":false,""configuration_match"":true,""object_match"":true},""question9"":{""background_clean"":true,""configuration_match"":true,""object_match"":true}}]"
"3K8CQCU3L6FYR04LNDFQBNEGZB1WNR","3Z7ICGQCY1O87W8MNFF8N8ZBBWFOTX","Categorize images based on background and configuration.","Review 10 simple objects line-arts and judge if it has adequate background and configuration. (10 pairs)","tactile, image review, accessibility, simple objects","$0.08","Mon Apr 13 17:53:46 PDT 2026","7","BatchId:5385319;OriginalHitTemplateId:928390873;","1200","1296000","Mon Apr 20 17:53:46 PDT 2026","","","3KIBXJ1WEY8R0589PG11QLGJ661OKH","A1SMWIBTQ2AESU","Approved","Mon Apr 13 21:51:34 PDT 2026","Mon Apr 13 22:07:56 PDT 2026","Tue Apr 28 22:07:56 PDT 2026","Sat Apr 18 19:48:10 PDT 2026","","","982","79% (67/85)","79% (66/84)","79% (66/84)","Tree","https://tactileeval.s3.us-east-1.amazonaws.com/family_datasets/Food_Nature_and_Simple_Objects/Tree/Natural/10.png","https://tactileeval.s3.us-east-1.amazonaws.com/family_datasets/Food_Nature_and_Simple_Objects/Tree/Tactile/10.jpg","","Tree","https://tactileeval.s3.us-east-1.amazonaws.com/family_datasets/Food_Nature_and_Simple_Objects/Tree/Natural/11.png","https://tactileeval.s3.us-east-1.amazonaws.com/family_datasets/Food_Nature_and_Simple_Objects/Tree/Tactile/11.jpeg","","Tree","https://tactileeval.s3.us-east-1.amazonaws.com/family_datasets/Food_Nature_and_Simple_Objects/Tree/Natural/12.png","https://tactileeval.s3.us-east-1.amazonaws.com/family_datasets/Food_Nature_and_Simple_Objects/Tree/Tactile/12.jpeg","","Tree","https://tactileeval.s3.us-east-1.amazonaws.com/family_datasets/Food_Nature_and_Simple_Objects/Tree/Natural/13.png","https://tactileeval.s3.us-east-1.amazonaws.com/family_datasets/Food_Nature_and_Simple_Objects/Tree/Tactile/13.jpeg","","Tree","https://tactileeval.s3.us-east-1.amazonaws.com/family_datasets/Food_Nature_and_Simple_Objects/Tree/Natural/14_refined.png","https://tactileeval.s3.us-east-1.amazonaws.com/family_datasets/Food_Nature_and_Simple_Objects/Tree/Tactile/14_refined.png","","Tree","https://tactileeval.s3.us-east-1.amazonaws.com/family_datasets/Food_Nature_and_Simple_Objects/Tree/Natural/15.png","https://tactileeval.s3.us-east-1.amazonaws.com/family_datasets/Food_Nature_and_Simple_Objects/Tree/Tactile/15.jpeg","","Tree","https://tactileeval.s3.us-east-1.amazonaws.com/family_datasets/Food_Nature_and_Simple_Objects/Tree/Natural/16.png","https://tactileeval.s3.us-east-1.amazonaws.com/family_datasets/Food_Nature_and_Simple_Objects/Tree/Tactile/16.jpeg","","Tree","https://tactileeval.s3.us-east-1.amazonaws.com/family_datasets/Food_Nature_and_Simple_Objects/Tree/Natural/17.png","https://tactileeval.s3.us-east-1.amazonaws.com/family_datasets/Food_Nature_and_Simple_Objects/Tree/Tactile/17.jpeg","","Tree","https://tactileeval.s3.us-east-1.amazonaws.com/family_datasets/Food_Nature_and_Simple_Objects/Tree/Natural/18.png","https://tactileeval.s3.us-east-1.amazonaws.com/family_datasets/Food_Nature_and_Simple_Objects/Tree/Tactile/18.jpg","","Tree","https://tactileeval.s3.us-east-1.amazonaws.com/family_datasets/Food_Nature_and_Simple_Objects/Tree/Natural/19.png","https://tactileeval.s3.us-east-1.amazonaws.com/family_datasets/Food_Nature_and_Simple_Objects/Tree/Tactile/19.jpeg","","[{""question1"":{""background_clean"":true,""configuration_match"":true,""object_match"":true},""question10"":{""background_clean"":true,""configuration_match"":true,""object_match"":true},""question2"":{""background_clean"":true,""configuration_match"":true,""object_match"":false},""question3"":{""background_clean"":true,""configuration_match"":true,""object_match"":true},""question4"":{""background_clean"":false,""configuration_match"":true,""object_match"":false},""question5"":{""background_clean"":true,""configuration_match"":true,""object_match"":false},""question6"":{""background_clean"":true,""configuration_match"":true,""object_match"":true},""question7"":{""background_clean"":true,""configuration_match"":true,""object_match"":true},""question8"":{""background_clean"":true,""configuration_match"":true,""object_match"":true},""question9"":{""background_clean"":true,""configuration_match"":true,""object_match"":false}}]"
"3K8CQCU3L6FYR04LNDFQBNEGZB1WNR","3Z7ICGQCY1O87W8MNFF8N8ZBBWFOTX","Categorize images based on background and configuration.","Review 10 simple objects line-arts and judge if it has adequate background and configuration. (10 pairs)","tactile, image review, accessibility, simple objects","$0.08","Mon Apr 13 17:53:46 PDT 2026","7","BatchId:5385319;OriginalHitTemplateId:928390873;","1200","1296000","Mon Apr 20 17:53:46 PDT 2026","","","33F859I57ZRGFLISFQTI790S7QFBHX","A2U7UDW9Y1WGWF","Approved","Mon Apr 13 21:53:15 PDT 2026","Mon Apr 13 22:09:08 PDT 2026","Tue Apr 28 22:09:08 PDT 2026","Sat Apr 18 19:48:10 PDT 2026","","","953","100% (41/41)","100% (35/35)","100% (35/35)","Tree","https://tactileeval.s3.us-east-1.amazonaws.com/family_datasets/Food_Nature_and_Simple_Objects/Tree/Natural/10.png","https://tactileeval.s3.us-east-1.amazonaws.com/family_datasets/Food_Nature_and_Simple_Objects/Tree/Tactile/10.jpg","","Tree","https://tactileeval.s3.us-east-1.amazonaws.com/family_datasets/Food_Nature_and_Simple_Objects/Tree/Natural/11.png","https://tactileeval.s3.us-east-1.amazonaws.com/family_datasets/Food_Nature_and_Simple_Objects/Tree/Tactile/11.jpeg","","Tree","https://tactileeval.s3.us-east-1.amazonaws.com/family_datasets/Food_Nature_and_Simple_Objects/Tree/Natural/12.png","https://tactileeval.s3.us-east-1.amazonaws.com/family_datasets/Food_Nature_and_Simple_Objects/Tree/Tactile/12.jpeg","","Tree","https://tactileeval.s3.us-east-1.amazonaws.com/family_datasets/Food_Nature_and_Simple_Objects/Tree/Natural/13.png","https://tactileeval.s3.us-east-1.amazonaws.com/family_datasets/Food_Nature_and_Simple_Objects/Tree/Tactile/13.jpeg","","Tree","https://tactileeval.s3.us-east-1.amazonaws.com/family_datasets/Food_Nature_and_Simple_Objects/Tree/Natural/14_refined.png","https://tactileeval.s3.us-east-1.amazonaws.com/family_datasets/Food_Nature_and_Simple_Objects/Tree/Tactile/14_refined.png","","Tree","https://tactileeval.s3.us-east-1.amazonaws.com/family_datasets/Food_Nature_and_Simple_Objects/Tree/Natural/15.png","https://tactileeval.s3.us-east-1.amazonaws.com/family_datasets/Food_Nature_and_Simple_Objects/Tree/Tactile/15.jpeg","","Tree","https://tactileeval.s3.us-east-1.amazonaws.com/family_datasets/Food_Nature_and_Simple_Objects/Tree/Natural/16.png","https://tactileeval.s3.us-east-1.amazonaws.com/family_datasets/Food_Nature_and_Simple_Objects/Tree/Tactile/16.jpeg","","Tree","https://tactileeval.s3.us-east-1.amazonaws.com/family_datasets/Food_Nature_and_Simple_Objects/Tree/Natural/17.png","https://tactileeval.s3.us-east-1.amazonaws.com/family_datasets/Food_Nature_and_Simple_Objects/Tree/Tactile/17.jpeg","","Tree","https://tactileeval.s3.us-east-1.amazonaws.com/family_datasets/Food_Nature_and_Simple_Objects/Tree/Natural/18.png","https://tactileeval.s3.us-east-1.amazonaws.com/family_datasets/Food_Nature_and_Simple_Objects/Tree/Tactile/18.jpg","","Tree","https://tactileeval.s3.us-east-1.amazonaws.com/family_datasets/Food_Nature_and_Simple_Objects/Tree/Natural/19.png","https://tactileeval.s3.us-east-1.amazonaws.com/family_datasets/Food_Nature_and_Simple_Objects/Tree/Tactile/19.jpeg","","[{""question1"":{""background_clean"":true,""configuration_match"":true,""object_match"":true},""question10"":{""background_clean"":true,""configuration_match"":true,""object_match"":false},""question2"":{""background_clean"":true,""configuration_match"":true,""object_match"":true},""question3"":{""background_clean"":true,""configuration_match"":true,""object_match"":true},""question4"":{""background_clean"":true,""configuration_match"":true,""object_match"":false},""question5"":{""background_clean"":true,""configuration_match"":true,""object_match"":true},""question6"":{""background_clean"":true,""configuration_match"":true,""object_match"":false},""question7"":{""background_clean"":false,""configuration_match"":true,""object_match"":true},""question8"":{""background_clean"":true,""configuration_match"":true,""object_match"":true},""question9"":{""background_clean"":true,""configuration_match"":true,""object_match"":true}}]"
"3HFWPF5AL1XYGFU2LPLA5KDPOHF3S4","3Z7ICGQCY1O87W8MNFF8N8ZBBWFOTX","Categorize images based on background and configuration.","Review 10 simple objects line-arts and judge if it has adequate background and configuration. (10 pairs)","tactile, image review, accessibility, simple objects","$0.08","Mon Apr 13 17:53:46 PDT 2026","7","BatchId:5385319;OriginalHitTemplateId:928390873;","1200","1296000","Mon Apr 20 17:53:46 PDT 2026","","","3H8DHMCCX2P0W8HKZ7NLFR4K2RGKD0","AJZHPDCKUVRM8","Approved","Mon Apr 13 19:57:27 PDT 2026","Mon Apr 13 19:58:16 PDT 2026","Tue Apr 28 19:58:16 PDT 2026","Sat Apr 18 19:48:10 PDT 2026","","","49","86% (67/78)","86% (67/78)","86% (67/78)","Tree","https://tactileeval.s3.us-east-1.amazonaws.com/family_datasets/Food_Nature_and_Simple_Objects/Tree/Natural/20.png","https://tactileeval.s3.us-east-1.amazonaws.com/family_datasets/Food_Nature_and_Simple_Objects/Tree/Tactile/20.jpeg","","Tree","https://tactileeval.s3.us-east-1.amazonaws.com/family_datasets/Food_Nature_and_Simple_Objects/Tree/Natural/21.png","https://tactileeval.s3.us-east-1.amazonaws.com/family_datasets/Food_Nature_and_Simple_Objects/Tree/Tactile/21.jpeg","","Tree","https://tactileeval.s3.us-east-1.amazonaws.com/family_datasets/Food_Nature_and_Simple_Objects/Tree/Natural/22.png","https://tactileeval.s3.us-east-1.amazonaws.com/family_datasets/Food_Nature_and_Simple_Objects/Tree/Tactile/22.jpeg","","Umbrella","https://tactileeval.s3.us-east-1.amazonaws.com/family_datasets/Food_Nature_and_Simple_Objects/Umbrella/Natural/1.jpg","https://tactileeval.s3.us-east-1.amazonaws.com/family_datasets/Food_Nature_and_Simple_Objects/Umbrella/Tactile/1.jpeg","","Umbrella","https://tactileeval.s3.us-east-1.amazonaws.com/family_datasets/Food_Nature_and_Simple_Objects/Umbrella/Natural/2.jpg","https://tactileeval.s3.us-east-1.amazonaws.com/family_datasets/Food_Nature_and_Simple_Objects/Umbrella/Tactile/2.png","","Umbrella","https://tactileeval.s3.us-east-1.amazonaws.com/family_datasets/Food_Nature_and_Simple_Objects/Umbrella/Natural/3.jpg","https://tactileeval.s3.us-east-1.amazonaws.com/family_datasets/Food_Nature_and_Simple_Objects/Umbrella/Tactile/3.jpeg","","Umbrella","https://tactileeval.s3.us-east-1.amazonaws.com/family_datasets/Food_Nature_and_Simple_Objects/Umbrella/Natural/4.jpg","https://tactileeval.s3.us-east-1.amazonaws.com/family_datasets/Food_Nature_and_Simple_Objects/Umbrella/Tactile/4.jpeg","","Umbrella","https://tactileeval.s3.us-east-1.amazonaws.com/family_datasets/Food_Nature_and_Simple_Objects/Umbrella/Natural/5.jpg","https://tactileeval.s3.us-east-1.amazonaws.com/family_datasets/Food_Nature_and_Simple_Objects/Umbrella/Tactile/5.jpeg","","Umbrella","https://tactileeval.s3.us-east-1.amazonaws.com/family_datasets/Food_Nature_and_Simple_Objects/Umbrella/Natural/6.jpg","https://tactileeval.s3.us-east-1.amazonaws.com/family_datasets/Food_Nature_and_Simple_Objects/Umbrella/Tactile/6.jpeg","","Umbrella","https://tactileeval.s3.us-east-1.amazonaws.com/family_datasets/Food_Nature_and_Simple_Objects/Umbrella/Natural/7.jpg","https://tactileeval.s3.us-east-1.amazonaws.com/family_datasets/Food_Nature_and_Simple_Objects/Umbrella/Tactile/7.jpeg","","[{""question1"":{""background_clean"":true,""configuration_match"":false,""object_match"":false},""question10"":{""background_clean"":true,""configuration_match"":false,""object_match"":true},""question2"":{""background_clean"":true,""configuration_match"":false,""object_match"":false},""question3"":{""background_clean"":true,""configuration_match"":false,""object_match"":false},""question4"":{""background_clean"":false,""configuration_match"":false,""object_match"":true},""question5"":{""background_clean"":false,""configuration_match"":false,""object_match"":true},""question6"":{""background_clean"":true,""configuration_match"":false,""object_match"":true},""question7"":{""background_clean"":true,""configuration_match"":false,""object_match"":true},""question8"":{""background_clean"":true,""configuration_match"":false,""object_match"":false},""question9"":{""background_clean"":true,""configuration_match"":false,""object_match"":true}}]"
"3HFWPF5AL1XYGFU2LPLA5KDPOHF3S4","3Z7ICGQCY1O87W8MNFF8N8ZBBWFOTX","Categorize images based on background and configuration.","Review 10 simple objects line-arts and judge if it has adequate background and configuration. (10 pairs)","tactile, image review, accessibility, simple objects","$0.08","Mon Apr 13 17:53:46 PDT 2026","7","BatchId:5385319;OriginalHitTemplateId:928390873;","1200","1296000","Mon Apr 20 17:53:46 PDT 2026","","","3IAS3U3I18UC0VFAW5QBK5UQI6J2BQ","ACUA3D1ZUVZU3","Approved","Mon Apr 13 19:57:24 PDT 2026","Mon Apr 13 19:59:26 PDT 2026","Tue Apr 28 19:59:26 PDT 2026","Sat Apr 18 19:48:11 PDT 2026","","","122","93% (14/15)","93% (14/15)","93% (14/15)","Tree","https://tactileeval.s3.us-east-1.amazonaws.com/family_datasets/Food_Nature_and_Simple_Objects/Tree/Natural/20.png","https://tactileeval.s3.us-east-1.amazonaws.com/family_datasets/Food_Nature_and_Simple_Objects/Tree/Tactile/20.jpeg","","Tree","https://tactileeval.s3.us-east-1.amazonaws.com/family_datasets/Food_Nature_and_Simple_Objects/Tree/Natural/21.png","https://tactileeval.s3.us-east-1.amazonaws.com/family_datasets/Food_Nature_and_Simple_Objects/Tree/Tactile/21.jpeg","","Tree","https://tactileeval.s3.us-east-1.amazonaws.com/family_datasets/Food_Nature_and_Simple_Objects/Tree/Natural/22.png","https://tactileeval.s3.us-east-1.amazonaws.com/family_datasets/Food_Nature_and_Simple_Objects/Tree/Tactile/22.jpeg","","Umbrella","https://tactileeval.s3.us-east-1.amazonaws.com/family_datasets/Food_Nature_and_Simple_Objects/Umbrella/Natural/1.jpg","https://tactileeval.s3.us-east-1.amazonaws.com/family_datasets/Food_Nature_and_Simple_Objects/Umbrella/Tactile/1.jpeg","","Umbrella","https://tactileeval.s3.us-east-1.amazonaws.com/family_datasets/Food_Nature_and_Simple_Objects/Umbrella/Natural/2.jpg","https://tactileeval.s3.us-east-1.amazonaws.com/family_datasets/Food_Nature_and_Simple_Objects/Umbrella/Tactile/2.png","","Umbrella","https://tactileeval.s3.us-east-1.amazonaws.com/family_datasets/Food_Nature_and_Simple_Objects/Umbrella/Natural/3.jpg","https://tactileeval.s3.us-east-1.amazonaws.com/family_datasets/Food_Nature_and_Simple_Objects/Umbrella/Tactile/3.jpeg","","Umbrella","https://tactileeval.s3.us-east-1.amazonaws.com/family_datasets/Food_Nature_and_Simple_Objects/Umbrella/Natural/4.jpg","https://tactileeval.s3.us-east-1.amazonaws.com/family_datasets/Food_Nature_and_Simple_Objects/Umbrella/Tactile/4.jpeg","","Umbrella","https://tactileeval.s3.us-east-1.amazonaws.com/family_datasets/Food_Nature_and_Simple_Objects/Umbrella/Natural/5.jpg","https://tactileeval.s3.us-east-1.amazonaws.com/family_datasets/Food_Nature_and_Simple_Objects/Umbrella/Tactile/5.jpeg","","Umbrella","https://tactileeval.s3.us-east-1.amazonaws.com/family_datasets/Food_Nature_and_Simple_Objects/Umbrella/Natural/6.jpg","https://tactileeval.s3.us-east-1.amazonaws.com/family_datasets/Food_Nature_and_Simple_Objects/Umbrella/Tactile/6.jpeg","","Umbrella","https://tactileeval.s3.us-east-1.amazonaws.com/family_datasets/Food_Nature_and_Simple_Objects/Umbrella/Natural/7.jpg","https://tactileeval.s3.us-east-1.amazonaws.com/family_datasets/Food_Nature_and_Simple_Objects/Umbrella/Tactile/7.jpeg","","[{""question1"":{""background_clean"":true,""configuration_match"":false,""object_match"":true},""question10"":{""background_clean"":true,""configuration_match"":true,""object_match"":true},""question2"":{""background_clean"":true,""configuration_match"":true,""object_match"":true},""question3"":{""background_clean"":true,""configuration_match"":true,""object_match"":true},""question4"":{""background_clean"":false,""configuration_match"":true,""object_match"":true},""question5"":{""background_clean"":false,""configuration_match"":true,""object_match"":true},""question6"":{""background_clean"":true,""configuration_match"":true,""object_match"":true},""question7"":{""background_clean"":true,""configuration_match"":true,""object_match"":true},""question8"":{""background_clean"":true,""configuration_match"":true,""object_match"":true},""question9"":{""background_clean"":true,""configuration_match"":false,""object_match"":true}}]"
"3HFWPF5AL1XYGFU2LPLA5KDPOHF3S4","3Z7ICGQCY1O87W8MNFF8N8ZBBWFOTX","Categorize images based on background and configuration.","Review 10 simple objects line-arts and judge if it has adequate background and configuration. (10 pairs)","tactile, image review, accessibility, simple objects","$0.08","Mon Apr 13 17:53:46 PDT 2026","7","BatchId:5385319;OriginalHitTemplateId:928390873;","1200","1296000","Mon Apr 20 17:53:46 PDT 2026","","","31Z0PCVWVDTJII6X23YRGQHKZUB7T9","A2FK6782M09EBO","Approved","Mon Apr 13 20:49:53 PDT 2026","Mon Apr 13 21:09:21 PDT 2026","Tue Apr 28 21:09:21 PDT 2026","Sat Apr 18 19:48:11 PDT 2026","","","1168","94% (101/107)","94% (101/107)","94% (101/107)","Tree","https://tactileeval.s3.us-east-1.amazonaws.com/family_datasets/Food_Nature_and_Simple_Objects/Tree/Natural/20.png","https://tactileeval.s3.us-east-1.amazonaws.com/family_datasets/Food_Nature_and_Simple_Objects/Tree/Tactile/20.jpeg","","Tree","https://tactileeval.s3.us-east-1.amazonaws.com/family_datasets/Food_Nature_and_Simple_Objects/Tree/Natural/21.png","https://tactileeval.s3.us-east-1.amazonaws.com/family_datasets/Food_Nature_and_Simple_Objects/Tree/Tactile/21.jpeg","","Tree","https://tactileeval.s3.us-east-1.amazonaws.com/family_datasets/Food_Nature_and_Simple_Objects/Tree/Natural/22.png","https://tactileeval.s3.us-east-1.amazonaws.com/family_datasets/Food_Nature_and_Simple_Objects/Tree/Tactile/22.jpeg","","Umbrella","https://tactileeval.s3.us-east-1.amazonaws.com/family_datasets/Food_Nature_and_Simple_Objects/Umbrella/Natural/1.jpg","https://tactileeval.s3.us-east-1.amazonaws.com/family_datasets/Food_Nature_and_Simple_Objects/Umbrella/Tactile/1.jpeg","","Umbrella","https://tactileeval.s3.us-east-1.amazonaws.com/family_datasets/Food_Nature_and_Simple_Objects/Umbrella/Natural/2.jpg","https://tactileeval.s3.us-east-1.amazonaws.com/family_datasets/Food_Nature_and_Simple_Objects/Umbrella/Tactile/2.png","","Umbrella","https://tactileeval.s3.us-east-1.amazonaws.com/family_datasets/Food_Nature_and_Simple_Objects/Umbrella/Natural/3.jpg","https://tactileeval.s3.us-east-1.amazonaws.com/family_datasets/Food_Nature_and_Simple_Objects/Umbrella/Tactile/3.jpeg","","Umbrella","https://tactileeval.s3.us-east-1.amazonaws.com/family_datasets/Food_Nature_and_Simple_Objects/Umbrella/Natural/4.jpg","https://tactileeval.s3.us-east-1.amazonaws.com/family_datasets/Food_Nature_and_Simple_Objects/Umbrella/Tactile/4.jpeg","","Umbrella","https://tactileeval.s3.us-east-1.amazonaws.com/family_datasets/Food_Nature_and_Simple_Objects/Umbrella/Natural/5.jpg","https://tactileeval.s3.us-east-1.amazonaws.com/family_datasets/Food_Nature_and_Simple_Objects/Umbrella/Tactile/5.jpeg","","Umbrella","https://tactileeval.s3.us-east-1.amazonaws.com/family_datasets/Food_Nature_and_Simple_Objects/Umbrella/Natural/6.jpg","https://tactileeval.s3.us-east-1.amazonaws.com/family_datasets/Food_Nature_and_Simple_Objects/Umbrella/Tactile/6.jpeg","","Umbrella","https://tactileeval.s3.us-east-1.amazonaws.com/family_datasets/Food_Nature_and_Simple_Objects/Umbrella/Natural/7.jpg","https://tactileeval.s3.us-east-1.amazonaws.com/family_datasets/Food_Nature_and_Simple_Objects/Umbrella/Tactile/7.jpeg","","[{""question1"":{""background_clean"":true,""configuration_match"":false,""object_match"":true},""question10"":{""background_clean"":true,""configuration_match"":true,""object_match"":true},""question2"":{""background_clean"":true,""configuration_match"":true,""object_match"":true},""question3"":{""background_clean"":true,""configuration_match"":false,""object_match"":true},""question4"":{""background_clean"":true,""configuration_match"":true,""object_match"":true},""question5"":{""background_clean"":false,""configuration_match"":true,""object_match"":true},""question6"":{""background_clean"":true,""configuration_match"":true,""object_match"":true},""question7"":{""background_clean"":true,""configuration_match"":true,""object_match"":true},""question8"":{""background_clean"":true,""configuration_match"":true,""object_match"":true},""question9"":{""background_clean"":true,""configuration_match"":true,""object_match"":true}}]"
"3HFWPF5AL1XYGFU2LPLA5KDPOHF3S4","3Z7ICGQCY1O87W8MNFF8N8ZBBWFOTX","Categorize images based on background and configuration.","Review 10 simple objects line-arts and judge if it has adequate background and configuration. (10 pairs)","tactile, image review, accessibility, simple objects","$0.08","Mon Apr 13 17:53:46 PDT 2026","7","BatchId:5385319;OriginalHitTemplateId:928390873;","1200","1296000","Mon Apr 20 17:53:46 PDT 2026","","","33ISQZVXQI088IZI7YBC729UCJ6CCS","A22YCS3UW15WOO","Approved","Mon Apr 13 21:25:52 PDT 2026","Mon Apr 13 21:33:51 PDT 2026","Tue Apr 28 21:33:51 PDT 2026","Sat Apr 18 19:48:11 PDT 2026","","","479","94% (207/220)","86% (82/95)","86% (82/95)","Tree","https://tactileeval.s3.us-east-1.amazonaws.com/family_datasets/Food_Nature_and_Simple_Objects/Tree/Natural/20.png","https://tactileeval.s3.us-east-1.amazonaws.com/family_datasets/Food_Nature_and_Simple_Objects/Tree/Tactile/20.jpeg","","Tree","https://tactileeval.s3.us-east-1.amazonaws.com/family_datasets/Food_Nature_and_Simple_Objects/Tree/Natural/21.png","https://tactileeval.s3.us-east-1.amazonaws.com/family_datasets/Food_Nature_and_Simple_Objects/Tree/Tactile/21.jpeg","","Tree","https://tactileeval.s3.us-east-1.amazonaws.com/family_datasets/Food_Nature_and_Simple_Objects/Tree/Natural/22.png","https://tactileeval.s3.us-east-1.amazonaws.com/family_datasets/Food_Nature_and_Simple_Objects/Tree/Tactile/22.jpeg","","Umbrella","https://tactileeval.s3.us-east-1.amazonaws.com/family_datasets/Food_Nature_and_Simple_Objects/Umbrella/Natural/1.jpg","https://tactileeval.s3.us-east-1.amazonaws.com/family_datasets/Food_Nature_and_Simple_Objects/Umbrella/Tactile/1.jpeg","","Umbrella","https://tactileeval.s3.us-east-1.amazonaws.com/family_datasets/Food_Nature_and_Simple_Objects/Umbrella/Natural/2.jpg","https://tactileeval.s3.us-east-1.amazonaws.com/family_datasets/Food_Nature_and_Simple_Objects/Umbrella/Tactile/2.png","","Umbrella","https://tactileeval.s3.us-east-1.amazonaws.com/family_datasets/Food_Nature_and_Simple_Objects/Umbrella/Natural/3.jpg","https://tactileeval.s3.us-east-1.amazonaws.com/family_datasets/Food_Nature_and_Simple_Objects/Umbrella/Tactile/3.jpeg","","Umbrella","https://tactileeval.s3.us-east-1.amazonaws.com/family_datasets/Food_Nature_and_Simple_Objects/Umbrella/Natural/4.jpg","https://tactileeval.s3.us-east-1.amazonaws.com/family_datasets/Food_Nature_and_Simple_Objects/Umbrella/Tactile/4.jpeg","","Umbrella","https://tactileeval.s3.us-east-1.amazonaws.com/family_datasets/Food_Nature_and_Simple_Objects/Umbrella/Natural/5.jpg","https://tactileeval.s3.us-east-1.amazonaws.com/family_datasets/Food_Nature_and_Simple_Objects/Umbrella/Tactile/5.jpeg","","Umbrella","https://tactileeval.s3.us-east-1.amazonaws.com/family_datasets/Food_Nature_and_Simple_Objects/Umbrella/Natural/6.jpg","https://tactileeval.s3.us-east-1.amazonaws.com/family_datasets/Food_Nature_and_Simple_Objects/Umbrella/Tactile/6.jpeg","","Umbrella","https://tactileeval.s3.us-east-1.amazonaws.com/family_datasets/Food_Nature_and_Simple_Objects/Umbrella/Natural/7.jpg","https://tactileeval.s3.us-east-1.amazonaws.com/family_datasets/Food_Nature_and_Simple_Objects/Umbrella/Tactile/7.jpeg","","[{""question1"":{""background_clean"":true,""configuration_match"":true,""object_match"":true},""question10"":{""background_clean"":true,""configuration_match"":true,""object_match"":true},""question2"":{""background_clean"":true,""configuration_match"":true,""object_match"":true},""question3"":{""background_clean"":true,""configuration_match"":true,""object_match"":true},""question4"":{""background_clean"":true,""configuration_match"":true,""object_match"":true},""question5"":{""background_clean"":false,""configuration_match"":true,""object_match"":true},""question6"":{""background_clean"":true,""configuration_match"":true,""object_match"":true},""question7"":{""background_clean"":true,""configuration_match"":true,""object_match"":true},""question8"":{""background_clean"":true,""configuration_match"":true,""object_match"":true},""question9"":{""background_clean"":true,""configuration_match"":true,""object_match"":true}}]"
"3HFWPF5AL1XYGFU2LPLA5KDPOHF3S4","3Z7ICGQCY1O87W8MNFF8N8ZBBWFOTX","Categorize images based on background and configuration.","Review 10 simple objects line-arts and judge if it has adequate background and configuration. (10 pairs)","tactile, image review, accessibility, simple objects","$0.08","Mon Apr 13 17:53:46 PDT 2026","7","BatchId:5385319;OriginalHitTemplateId:928390873;","1200","1296000","Mon Apr 20 17:53:46 PDT 2026","","","39GHHAVON85SLSS9OBMGB8A1AQ0J42","A1SMWIBTQ2AESU","Approved","Mon Apr 13 21:46:12 PDT 2026","Mon Apr 13 21:52:25 PDT 2026","Tue Apr 28 21:52:25 PDT 2026","Sat Apr 18 19:48:11 PDT 2026","","","373","79% (67/85)","79% (66/84)","79% (66/84)","Tree","https://tactileeval.s3.us-east-1.amazonaws.com/family_datasets/Food_Nature_and_Simple_Objects/Tree/Natural/20.png","https://tactileeval.s3.us-east-1.amazonaws.com/family_datasets/Food_Nature_and_Simple_Objects/Tree/Tactile/20.jpeg","","Tree","https://tactileeval.s3.us-east-1.amazonaws.com/family_datasets/Food_Nature_and_Simple_Objects/Tree/Natural/21.png","https://tactileeval.s3.us-east-1.amazonaws.com/family_datasets/Food_Nature_and_Simple_Objects/Tree/Tactile/21.jpeg","","Tree","https://tactileeval.s3.us-east-1.amazonaws.com/family_datasets/Food_Nature_and_Simple_Objects/Tree/Natural/22.png","https://tactileeval.s3.us-east-1.amazonaws.com/family_datasets/Food_Nature_and_Simple_Objects/Tree/Tactile/22.jpeg","","Umbrella","https://tactileeval.s3.us-east-1.amazonaws.com/family_datasets/Food_Nature_and_Simple_Objects/Umbrella/Natural/1.jpg","https://tactileeval.s3.us-east-1.amazonaws.com/family_datasets/Food_Nature_and_Simple_Objects/Umbrella/Tactile/1.jpeg","","Umbrella","https://tactileeval.s3.us-east-1.amazonaws.com/family_datasets/Food_Nature_and_Simple_Objects/Umbrella/Natural/2.jpg","https://tactileeval.s3.us-east-1.amazonaws.com/family_datasets/Food_Nature_and_Simple_Objects/Umbrella/Tactile/2.png","","Umbrella","https://tactileeval.s3.us-east-1.amazonaws.com/family_datasets/Food_Nature_and_Simple_Objects/Umbrella/Natural/3.jpg","https://tactileeval.s3.us-east-1.amazonaws.com/family_datasets/Food_Nature_and_Simple_Objects/Umbrella/Tactile/3.jpeg","","Umbrella","https://tactileeval.s3.us-east-1.amazonaws.com/family_datasets/Food_Nature_and_Simple_Objects/Umbrella/Natural/4.jpg","https://tactileeval.s3.us-east-1.amazonaws.com/family_datasets/Food_Nature_and_Simple_Objects/Umbrella/Tactile/4.jpeg","","Umbrella","https://tactileeval.s3.us-east-1.amazonaws.com/family_datasets/Food_Nature_and_Simple_Objects/Umbrella/Natural/5.jpg","https://tactileeval.s3.us-east-1.amazonaws.com/family_datasets/Food_Nature_and_Simple_Objects/Umbrella/Tactile/5.jpeg","","Umbrella","https://tactileeval.s3.us-east-1.amazonaws.com/family_datasets/Food_Nature_and_Simple_Objects/Umbrella/Natural/6.jpg","https://tactileeval.s3.us-east-1.amazonaws.com/family_datasets/Food_Nature_and_Simple_Objects/Umbrella/Tactile/6.jpeg","","Umbrella","https://tactileeval.s3.us-east-1.amazonaws.com/family_datasets/Food_Nature_and_Simple_Objects/Umbrella/Natural/7.jpg","https://tactileeval.s3.us-east-1.amazonaws.com/family_datasets/Food_Nature_and_Simple_Objects/Umbrella/Tactile/7.jpeg","","[{""question1"":{""background_clean"":true,""configuration_match"":true,""object_match"":false},""question10"":{""background_clean"":true,""configuration_match"":true,""object_match"":false},""question2"":{""background_clean"":true,""configuration_match"":true,""object_match"":false},""question3"":{""background_clean"":true,""configuration_match"":true,""object_match"":false},""question4"":{""background_clean"":true,""configuration_match"":true,""object_match"":true},""question5"":{""background_clean"":true,""configuration_match"":true,""object_match"":false},""question6"":{""background_clean"":true,""configuration_match"":true,""object_match"":true},""question7"":{""background_clean"":true,""configuration_match"":true,""object_match"":false},""question8"":{""background_clean"":true,""configuration_match"":true,""object_match"":true},""question9"":{""background_clean"":true,""configuration_match"":true,""object_match"":false}}]"
"3HFWPF5AL1XYGFU2LPLA5KDPOHF3S4","3Z7ICGQCY1O87W8MNFF8N8ZBBWFOTX","Categorize images based on background and configuration.","Review 10 simple objects line-arts and judge if it has adequate background and configuration. (10 pairs)","tactile, image review, accessibility, simple objects","$0.08","Mon Apr 13 17:53:46 PDT 2026","7","BatchId:5385319;OriginalHitTemplateId:928390873;","1200","1296000","Mon Apr 20 17:53:46 PDT 2026","","","3LUY3GC64SELQQDQLMP7BGGNARW7PA","A2U7UDW9Y1WGWF","Approved","Mon Apr 13 21:42:01 PDT 2026","Mon Apr 13 21:55:08 PDT 2026","Tue Apr 28 21:55:08 PDT 2026","Sat Apr 18 19:48:11 PDT 2026","","","787","100% (41/41)","100% (35/35)","100% (35/35)","Tree","https://tactileeval.s3.us-east-1.amazonaws.com/family_datasets/Food_Nature_and_Simple_Objects/Tree/Natural/20.png","https://tactileeval.s3.us-east-1.amazonaws.com/family_datasets/Food_Nature_and_Simple_Objects/Tree/Tactile/20.jpeg","","Tree","https://tactileeval.s3.us-east-1.amazonaws.com/family_datasets/Food_Nature_and_Simple_Objects/Tree/Natural/21.png","https://tactileeval.s3.us-east-1.amazonaws.com/family_datasets/Food_Nature_and_Simple_Objects/Tree/Tactile/21.jpeg","","Tree","https://tactileeval.s3.us-east-1.amazonaws.com/family_datasets/Food_Nature_and_Simple_Objects/Tree/Natural/22.png","https://tactileeval.s3.us-east-1.amazonaws.com/family_datasets/Food_Nature_and_Simple_Objects/Tree/Tactile/22.jpeg","","Umbrella","https://tactileeval.s3.us-east-1.amazonaws.com/family_datasets/Food_Nature_and_Simple_Objects/Umbrella/Natural/1.jpg","https://tactileeval.s3.us-east-1.amazonaws.com/family_datasets/Food_Nature_and_Simple_Objects/Umbrella/Tactile/1.jpeg","","Umbrella","https://tactileeval.s3.us-east-1.amazonaws.com/family_datasets/Food_Nature_and_Simple_Objects/Umbrella/Natural/2.jpg","https://tactileeval.s3.us-east-1.amazonaws.com/family_datasets/Food_Nature_and_Simple_Objects/Umbrella/Tactile/2.png","","Umbrella","https://tactileeval.s3.us-east-1.amazonaws.com/family_datasets/Food_Nature_and_Simple_Objects/Umbrella/Natural/3.jpg","https://tactileeval.s3.us-east-1.amazonaws.com/family_datasets/Food_Nature_and_Simple_Objects/Umbrella/Tactile/3.jpeg","","Umbrella","https://tactileeval.s3.us-east-1.amazonaws.com/family_datasets/Food_Nature_and_Simple_Objects/Umbrella/Natural/4.jpg","https://tactileeval.s3.us-east-1.amazonaws.com/family_datasets/Food_Nature_and_Simple_Objects/Umbrella/Tactile/4.jpeg","","Umbrella","https://tactileeval.s3.us-east-1.amazonaws.com/family_datasets/Food_Nature_and_Simple_Objects/Umbrella/Natural/5.jpg","https://tactileeval.s3.us-east-1.amazonaws.com/family_datasets/Food_Nature_and_Simple_Objects/Umbrella/Tactile/5.jpeg","","Umbrella","https://tactileeval.s3.us-east-1.amazonaws.com/family_datasets/Food_Nature_and_Simple_Objects/Umbrella/Natural/6.jpg","https://tactileeval.s3.us-east-1.amazonaws.com/family_datasets/Food_Nature_and_Simple_Objects/Umbrella/Tactile/6.jpeg","","Umbrella","https://tactileeval.s3.us-east-1.amazonaws.com/family_datasets/Food_Nature_and_Simple_Objects/Umbrella/Natural/7.jpg","https://tactileeval.s3.us-east-1.amazonaws.com/family_datasets/Food_Nature_and_Simple_Objects/Umbrella/Tactile/7.jpeg","","[{""question1"":{""background_clean"":true,""configuration_match"":false,""object_match"":true},""question10"":{""background_clean"":true,""configuration_match"":true,""object_match"":true},""question2"":{""background_clean"":true,""configuration_match"":true,""object_match"":true},""question3"":{""background_clean"":true,""configuration_match"":false,""object_match"":false},""question4"":{""background_clean"":true,""configuration_match"":true,""object_match"":true},""question5"":{""background_clean"":false,""configuration_match"":true,""object_match"":true},""question6"":{""background_clean"":true,""configuration_match"":false,""object_match"":true},""question7"":{""background_clean"":true,""configuration_match"":true,""object_match"":true},""question8"":{""background_clean"":true,""configuration_match"":false,""object_match"":false},""question9"":{""background_clean"":true,""configuration_match"":true,""object_match"":true}}]"
"3HFWPF5AL1XYGFU2LPLA5KDPOHF3S4","3Z7ICGQCY1O87W8MNFF8N8ZBBWFOTX","Categorize images based on background and configuration.","Review 10 simple objects line-arts and judge if it has adequate background and configuration. (10 pairs)","tactile, image review, accessibility, simple objects","$0.08","Mon Apr 13 17:53:46 PDT 2026","7","BatchId:5385319;OriginalHitTemplateId:928390873;","1200","1296000","Mon Apr 20 17:53:46 PDT 2026","","","3AWETUDCAV6CTEWSRMR6T38AY6JIZ6","A2J1106X8NPZGP","Approved","Mon Apr 13 22:19:39 PDT 2026","Mon Apr 13 22:37:51 PDT 2026","Tue Apr 28 22:37:51 PDT 2026","Sat Apr 18 19:48:11 PDT 2026","","","1092","43% (19/44)","43% (19/44)","43% (19/44)","Tree","https://tactileeval.s3.us-east-1.amazonaws.com/family_datasets/Food_Nature_and_Simple_Objects/Tree/Natural/20.png","https://tactileeval.s3.us-east-1.amazonaws.com/family_datasets/Food_Nature_and_Simple_Objects/Tree/Tactile/20.jpeg","","Tree","https://tactileeval.s3.us-east-1.amazonaws.com/family_datasets/Food_Nature_and_Simple_Objects/Tree/Natural/21.png","https://tactileeval.s3.us-east-1.amazonaws.com/family_datasets/Food_Nature_and_Simple_Objects/Tree/Tactile/21.jpeg","","Tree","https://tactileeval.s3.us-east-1.amazonaws.com/family_datasets/Food_Nature_and_Simple_Objects/Tree/Natural/22.png","https://tactileeval.s3.us-east-1.amazonaws.com/family_datasets/Food_Nature_and_Simple_Objects/Tree/Tactile/22.jpeg","","Umbrella","https://tactileeval.s3.us-east-1.amazonaws.com/family_datasets/Food_Nature_and_Simple_Objects/Umbrella/Natural/1.jpg","https://tactileeval.s3.us-east-1.amazonaws.com/family_datasets/Food_Nature_and_Simple_Objects/Umbrella/Tactile/1.jpeg","","Umbrella","https://tactileeval.s3.us-east-1.amazonaws.com/family_datasets/Food_Nature_and_Simple_Objects/Umbrella/Natural/2.jpg","https://tactileeval.s3.us-east-1.amazonaws.com/family_datasets/Food_Nature_and_Simple_Objects/Umbrella/Tactile/2.png","","Umbrella","https://tactileeval.s3.us-east-1.amazonaws.com/family_datasets/Food_Nature_and_Simple_Objects/Umbrella/Natural/3.jpg","https://tactileeval.s3.us-east-1.amazonaws.com/family_datasets/Food_Nature_and_Simple_Objects/Umbrella/Tactile/3.jpeg","","Umbrella","https://tactileeval.s3.us-east-1.amazonaws.com/family_datasets/Food_Nature_and_Simple_Objects/Umbrella/Natural/4.jpg","https://tactileeval.s3.us-east-1.amazonaws.com/family_datasets/Food_Nature_and_Simple_Objects/Umbrella/Tactile/4.jpeg","","Umbrella","https://tactileeval.s3.us-east-1.amazonaws.com/family_datasets/Food_Nature_and_Simple_Objects/Umbrella/Natural/5.jpg","https://tactileeval.s3.us-east-1.amazonaws.com/family_datasets/Food_Nature_and_Simple_Objects/Umbrella/Tactile/5.jpeg","","Umbrella","https://tactileeval.s3.us-east-1.amazonaws.com/family_datasets/Food_Nature_and_Simple_Objects/Umbrella/Natural/6.jpg","https://tactileeval.s3.us-east-1.amazonaws.com/family_datasets/Food_Nature_and_Simple_Objects/Umbrella/Tactile/6.jpeg","","Umbrella","https://tactileeval.s3.us-east-1.amazonaws.com/family_datasets/Food_Nature_and_Simple_Objects/Umbrella/Natural/7.jpg","https://tactileeval.s3.us-east-1.amazonaws.com/family_datasets/Food_Nature_and_Simple_Objects/Umbrella/Tactile/7.jpeg","","[{""question1"":{""background_clean"":true,""configuration_match"":false,""object_match"":true},""question10"":{""background_clean"":true,""configuration_match"":false,""object_match"":true},""question2"":{""background_clean"":true,""configuration_match"":false,""object_match"":true},""question3"":{""background_clean"":true,""configuration_match"":false,""object_match"":true},""question4"":{""background_clean"":true,""configuration_match"":true,""object_match"":true},""question5"":{""background_clean"":true,""configuration_match"":true,""object_match"":true},""question6"":{""background_clean"":true,""configuration_match"":false,""object_match"":true},""question7"":{""background_clean"":true,""configuration_match"":false,""object_match"":true},""question8"":{""background_clean"":true,""configuration_match"":true,""object_match"":true},""question9"":{""background_clean"":true,""configuration_match"":true,""object_match"":true}}]"
"3W5PY7V3VHL6XF80NG5M3DIF1ZXJYA","3Z7ICGQCY1O87W8MNFF8N8ZBBWFOTX","Categorize images based on background and configuration.","Review 10 simple objects line-arts and judge if it has adequate background and configuration. (10 pairs)","tactile, image review, accessibility, simple objects","$0.08","Mon Apr 13 17:53:46 PDT 2026","7","BatchId:5385319;OriginalHitTemplateId:928390873;","1200","1296000","Mon Apr 20 17:53:46 PDT 2026","","","3Q8GYXHFFIGN9XQ3SOO4TW3KK2I5CB","A2FK6782M09EBO","Submitted","Mon Apr 13 21:09:28 PDT 2026","Mon Apr 13 21:18:49 PDT 2026","Tue Apr 28 21:18:49 PDT 2026","","","","561","94% (101/107)","94% (101/107)","94% (101/107)","Umbrella","https://tactileeval.s3.us-east-1.amazonaws.com/family_datasets/Food_Nature_and_Simple_Objects/Umbrella/Natural/8.jpg","https://tactileeval.s3.us-east-1.amazonaws.com/family_datasets/Food_Nature_and_Simple_Objects/Umbrella/Tactile/8.jpeg","","Umbrella","https://tactileeval.s3.us-east-1.amazonaws.com/family_datasets/Food_Nature_and_Simple_Objects/Umbrella/Natural/9.jpg","https://tactileeval.s3.us-east-1.amazonaws.com/family_datasets/Food_Nature_and_Simple_Objects/Umbrella/Tactile/9.jpeg","","Umbrella","https://tactileeval.s3.us-east-1.amazonaws.com/family_datasets/Food_Nature_and_Simple_Objects/Umbrella/Natural/10.jpg","https://tactileeval.s3.us-east-1.amazonaws.com/family_datasets/Food_Nature_and_Simple_Objects/Umbrella/Tactile/10.jpeg","","","","","","","","","","","","","","","","","","","","","","","","","","","","","","[{""question1"":{""background_clean"":true,""configuration_match"":false,""object_match"":true},""question10"":{""background_clean"":false,""configuration_match"":false,""object_match"":true},""question2"":{""background_clean"":true,""configuration_match"":true,""object_match"":true},""question3"":{""background_clean"":true,""configuration_match"":true,""object_match"":false},""question4"":{""background_clean"":true,""configuration_match"":true,""object_match"":true},""question5"":{""background_clean"":true,""configuration_match"":false,""object_match"":true},""question6"":{""background_clean"":false,""configuration_match"":false,""object_match"":true},""question7"":{""background_clean"":true,""configuration_match"":false,""object_match"":false},""question8"":{""background_clean"":false,""configuration_match"":false,""object_match"":true},""question9"":{""background_clean"":true,""configuration_match"":false,""object_match"":true}}]"
"3W5PY7V3VHL6XF80NG5M3DIF1ZXJYA","3Z7ICGQCY1O87W8MNFF8N8ZBBWFOTX","Categorize images based on background and configuration.","Review 10 simple objects line-arts and judge if it has adequate background and configuration. (10 pairs)","tactile, image review, accessibility, simple objects","$0.08","Mon Apr 13 17:53:46 PDT 2026","7","BatchId:5385319;OriginalHitTemplateId:928390873;","1200","1296000","Mon Apr 20 17:53:46 PDT 2026","","","304SM51WBWI55UW8QK5HBN7UG1UBSG","A2U7UDW9Y1WGWF","Submitted","Mon Apr 13 21:41:57 PDT 2026","Mon Apr 13 21:44:51 PDT 2026","Tue Apr 28 21:44:51 PDT 2026","","","","174","100% (41/41)","100% (35/35)","100% (35/35)","Umbrella","https://tactileeval.s3.us-east-1.amazonaws.com/family_datasets/Food_Nature_and_Simple_Objects/Umbrella/Natural/8.jpg","https://tactileeval.s3.us-east-1.amazonaws.com/family_datasets/Food_Nature_and_Simple_Objects/Umbrella/Tactile/8.jpeg","","Umbrella","https://tactileeval.s3.us-east-1.amazonaws.com/family_datasets/Food_Nature_and_Simple_Objects/Umbrella/Natural/9.jpg","https://tactileeval.s3.us-east-1.amazonaws.com/family_datasets/Food_Nature_and_Simple_Objects/Umbrella/Tactile/9.jpeg","","Umbrella","https://tactileeval.s3.us-east-1.amazonaws.com/family_datasets/Food_Nature_and_Simple_Objects/Umbrella/Natural/10.jpg","https://tactileeval.s3.us-east-1.amazonaws.com/family_datasets/Food_Nature_and_Simple_Objects/Umbrella/Tactile/10.jpeg","","","","","","","","","","","","","","","","","","","","","","","","","","","","","","[{""question1"":{""background_clean"":false,""configuration_match"":false,""object_match"":true},""question10"":{""background_clean"":true,""configuration_match"":false,""object_match"":false},""question2"":{""background_clean"":true,""configuration_match"":true,""object_match"":false},""question3"":{""background_clean"":true,""configuration_match"":false,""object_match"":false},""question4"":{""background_clean"":true,""configuration_match"":false,""object_match"":true},""question5"":{""background_clean"":true,""configuration_match"":true,""object_match"":false},""question6"":{""background_clean"":false,""configuration_match"":false,""object_match"":true},""question7"":{""background_clean"":true,""configuration_match"":true,""object_match"":false},""question8"":{""background_clean"":false,""configuration_match"":true,""object_match"":true},""question9"":{""background_clean"":true,""configuration_match"":false,""object_match"":true}}]"
"3W5PY7V3VHL6XF80NG5M3DIF1ZXJYA","3Z7ICGQCY1O87W8MNFF8N8ZBBWFOTX","Categorize images based on background and configuration.","Review 10 simple objects line-arts and judge if it has adequate background and configuration. (10 pairs)","tactile, image review, accessibility, simple objects","$0.08","Mon Apr 13 17:53:46 PDT 2026","7","BatchId:5385319;OriginalHitTemplateId:928390873;","1200","1296000","Mon Apr 20 17:53:46 PDT 2026","","","3AZHRG4CVXY01Q8J2P7RJY3ZXH030W","A1SMWIBTQ2AESU","Submitted","Mon Apr 13 21:51:29 PDT 2026","Mon Apr 13 22:03:43 PDT 2026","Tue Apr 28 22:03:43 PDT 2026","","","","734","79% (67/85)","79% (66/84)","79% (66/84)","Umbrella","https://tactileeval.s3.us-east-1.amazonaws.com/family_datasets/Food_Nature_and_Simple_Objects/Umbrella/Natural/8.jpg","https://tactileeval.s3.us-east-1.amazonaws.com/family_datasets/Food_Nature_and_Simple_Objects/Umbrella/Tactile/8.jpeg","","Umbrella","https://tactileeval.s3.us-east-1.amazonaws.com/family_datasets/Food_Nature_and_Simple_Objects/Umbrella/Natural/9.jpg","https://tactileeval.s3.us-east-1.amazonaws.com/family_datasets/Food_Nature_and_Simple_Objects/Umbrella/Tactile/9.jpeg","","Umbrella","https://tactileeval.s3.us-east-1.amazonaws.com/family_datasets/Food_Nature_and_Simple_Objects/Umbrella/Natural/10.jpg","https://tactileeval.s3.us-east-1.amazonaws.com/family_datasets/Food_Nature_and_Simple_Objects/Umbrella/Tactile/10.jpeg","","","","","","","","","","","","","","","","","","","","","","","","","","","","","","[{""question1"":{""background_clean"":true,""configuration_match"":true,""object_match"":false},""question10"":{""background_clean"":true,""configuration_match"":false,""object_match"":false},""question2"":{""background_clean"":true,""configuration_match"":true,""object_match"":false},""question3"":{""background_clean"":true,""configuration_match"":true,""object_match"":false},""question4"":{""background_clean"":true,""configuration_match"":true,""object_match"":false},""question5"":{""background_clean"":true,""configuration_match"":true,""object_match"":false},""question6"":{""background_clean"":true,""configuration_match"":true,""object_match"":false},""question7"":{""background_clean"":true,""configuration_match"":false,""object_match"":false},""question8"":{""background_clean"":true,""configuration_match"":false,""object_match"":false},""question9"":{""background_clean"":true,""configuration_match"":false,""object_match"":false}}]"
"3W5PY7V3VHL6XF80NG5M3DIF1ZXJYA","3Z7ICGQCY1O87W8MNFF8N8ZBBWFOTX","Categorize images based on background and configuration.","Review 10 simple objects line-arts and judge if it has adequate background and configuration. (10 pairs)","tactile, image review, accessibility, simple objects","$0.08","Mon Apr 13 17:53:46 PDT 2026","7","BatchId:5385319;OriginalHitTemplateId:928390873;","1200","1296000","Mon Apr 20 17:53:46 PDT 2026","","","39GHHAVON85SLSS9OBMGB8A1AQD4J0","A76L63HZDWZSR","Submitted","Mon Apr 13 23:27:09 PDT 2026","Mon Apr 13 23:37:49 PDT 2026","Tue Apr 28 23:37:49 PDT 2026","","","","640","100% (27/27)","0% (0/0)","0% (0/0)","Umbrella","https://tactileeval.s3.us-east-1.amazonaws.com/family_datasets/Food_Nature_and_Simple_Objects/Umbrella/Natural/8.jpg","https://tactileeval.s3.us-east-1.amazonaws.com/family_datasets/Food_Nature_and_Simple_Objects/Umbrella/Tactile/8.jpeg","","Umbrella","https://tactileeval.s3.us-east-1.amazonaws.com/family_datasets/Food_Nature_and_Simple_Objects/Umbrella/Natural/9.jpg","https://tactileeval.s3.us-east-1.amazonaws.com/family_datasets/Food_Nature_and_Simple_Objects/Umbrella/Tactile/9.jpeg","","Umbrella","https://tactileeval.s3.us-east-1.amazonaws.com/family_datasets/Food_Nature_and_Simple_Objects/Umbrella/Natural/10.jpg","https://tactileeval.s3.us-east-1.amazonaws.com/family_datasets/Food_Nature_and_Simple_Objects/Umbrella/Tactile/10.jpeg","","","","","","","","","","","","","","","","","","","","","","","","","","","","","","[{""question1"":{""background_clean"":true,""configuration_match"":true,""object_match"":true},""question10"":{""background_clean"":true,""configuration_match"":false,""object_match"":false},""question2"":{""background_clean"":true,""configuration_match"":true,""object_match"":false},""question3"":{""background_clean"":true,""configuration_match"":false,""object_match"":false},""question4"":{""background_clean"":false,""configuration_match"":true,""object_match"":false},""question5"":{""background_clean"":false,""configuration_match"":true,""object_match"":false},""question6"":{""background_clean"":true,""configuration_match"":false,""object_match"":false},""question7"":{""background_clean"":false,""configuration_match"":true,""object_match"":false},""question8"":{""background_clean"":false,""configuration_match"":true,""object_match"":true},""question9"":{""background_clean"":false,""configuration_match"":true,""object_match"":false}}]"
"3W5PY7V3VHL6XF80NG5M3DIF1ZXJYA","3Z7ICGQCY1O87W8MNFF8N8ZBBWFOTX","Categorize images based on background and configuration.","Review 10 simple objects line-arts and judge if it has adequate background and configuration. (10 pairs)","tactile, image review, accessibility, simple objects","$0.08","Mon Apr 13 17:53:46 PDT 2026","7","BatchId:5385319;OriginalHitTemplateId:928390873;","1200","1296000","Mon Apr 20 17:53:46 PDT 2026","","","3ZV9H2YQR6LT9G94VW0CQTC3YX43W9","A1CMJNN1QQKLU8","Submitted","Sat Apr 18 08:13:19 PDT 2026","Sat Apr 18 08:13:59 PDT 2026","Sun May 03 08:13:59 PDT 2026","","","","40","55% (17/31)","55% (17/31)","55% (17/31)","Umbrella","https://tactileeval.s3.us-east-1.amazonaws.com/family_datasets/Food_Nature_and_Simple_Objects/Umbrella/Natural/8.jpg","https://tactileeval.s3.us-east-1.amazonaws.com/family_datasets/Food_Nature_and_Simple_Objects/Umbrella/Tactile/8.jpeg","","Umbrella","https://tactileeval.s3.us-east-1.amazonaws.com/family_datasets/Food_Nature_and_Simple_Objects/Umbrella/Natural/9.jpg","https://tactileeval.s3.us-east-1.amazonaws.com/family_datasets/Food_Nature_and_Simple_Objects/Umbrella/Tactile/9.jpeg","","Umbrella","https://tactileeval.s3.us-east-1.amazonaws.com/family_datasets/Food_Nature_and_Simple_Objects/Umbrella/Natural/10.jpg","https://tactileeval.s3.us-east-1.amazonaws.com/family_datasets/Food_Nature_and_Simple_Objects/Umbrella/Tactile/10.jpeg","","","","","","","","","","","","","","","","","","","","","","","","","","","","","","[{""question1"":{""background_clean"":true,""configuration_match"":true,""object_match"":false},""question10"":{""background_clean"":true,""configuration_match"":false,""object_match"":false},""question2"":{""background_clean"":true,""configuration_match"":true,""object_match"":true},""question3"":{""background_clean"":true,""configuration_match"":true,""object_match"":false},""question4"":{""background_clean"":true,""configuration_match"":false,""object_match"":false},""question5"":{""background_clean"":true,""configuration_match"":false,""object_match"":false},""question6"":{""background_clean"":true,""configuration_match"":false,""object_match"":false},""question7"":{""background_clean"":true,""configuration_match"":false,""object_match"":false},""question8"":{""background_clean"":true,""configuration_match"":false,""object_match"":false},""question9"":{""background_clean"":true,""configuration_match"":false,""object_match"":false}}]"
"3W5PY7V3VHL6XF80NG5M3DIF1ZXJYA","3Z7ICGQCY1O87W8MNFF8N8ZBBWFOTX","Categorize images based on background and configuration.","Review 10 simple objects line-arts and judge if it has adequate background and configuration. (10 pairs)","tactile, image review, accessibility, simple objects","$0.08","Mon Apr 13 17:53:46 PDT 2026","7","BatchId:5385319;OriginalHitTemplateId:928390873;","1200","1296000","Mon Apr 20 17:53:46 PDT 2026","","","3QXNC7EIQB9MGSXZJY81AB6LXLU09I","A376G1BHIGNA85","Submitted","Sat Apr 18 12:23:17 PDT 2026","Sat Apr 18 12:27:33 PDT 2026","Sun May 03 12:27:33 PDT 2026","","","","256","52% (11/21)","52% (11/21)","52% (11/21)","Umbrella","https://tactileeval.s3.us-east-1.amazonaws.com/family_datasets/Food_Nature_and_Simple_Objects/Umbrella/Natural/8.jpg","https://tactileeval.s3.us-east-1.amazonaws.com/family_datasets/Food_Nature_and_Simple_Objects/Umbrella/Tactile/8.jpeg","","Umbrella","https://tactileeval.s3.us-east-1.amazonaws.com/family_datasets/Food_Nature_and_Simple_Objects/Umbrella/Natural/9.jpg","https://tactileeval.s3.us-east-1.amazonaws.com/family_datasets/Food_Nature_and_Simple_Objects/Umbrella/Tactile/9.jpeg","","Umbrella","https://tactileeval.s3.us-east-1.amazonaws.com/family_datasets/Food_Nature_and_Simple_Objects/Umbrella/Natural/10.jpg","https://tactileeval.s3.us-east-1.amazonaws.com/family_datasets/Food_Nature_and_Simple_Objects/Umbrella/Tactile/10.jpeg","","","","","","","","","","","","","","","","","","","","","","","","","","","","","","[{""question1"":{""background_clean"":false,""configuration_match"":false,""object_match"":true},""question10"":{""background_clean"":true,""configuration_match"":false,""object_match"":false},""question2"":{""background_clean"":false,""configuration_match"":false,""object_match"":true},""question3"":{""background_clean"":true,""configuration_match"":false,""object_match"":false},""question4"":{""background_clean"":false,""configuration_match"":true,""object_match"":false},""question5"":{""background_clean"":true,""configuration_match"":false,""object_match"":false},""question6"":{""background_clean"":false,""configuration_match"":false,""object_match"":true},""question7"":{""background_clean"":false,""configuration_match"":true,""object_match"":false},""question8"":{""background_clean"":false,""configuration_match"":false,""object_match"":true},""question9"":{""background_clean"":false,""configuration_match"":false,""object_match"":true}}]"
"3W5PY7V3VHL6XF80NG5M3DIF1ZXJYA","3Z7ICGQCY1O87W8MNFF8N8ZBBWFOTX","Categorize images based on background and configuration.","Review 10 simple objects line-arts and judge if it has adequate background and configuration. (10 pairs)","tactile, image review, accessibility, simple objects","$0.08","Mon Apr 13 17:53:46 PDT 2026","7","BatchId:5385319;OriginalHitTemplateId:928390873;","1200","1296000","Mon Apr 20 17:53:46 PDT 2026","","","3G2UL9A036SDGKVL6QQY5GP6FYS76E","A2A8S4DKZITZDV","Submitted","Sat Apr 18 12:34:27 PDT 2026","Sat Apr 18 12:35:53 PDT 2026","Sun May 03 12:35:53 PDT 2026","","","","86","0% (0/0)","0% (0/0)","0% (0/0)","Umbrella","https://tactileeval.s3.us-east-1.amazonaws.com/family_datasets/Food_Nature_and_Simple_Objects/Umbrella/Natural/8.jpg","https://tactileeval.s3.us-east-1.amazonaws.com/family_datasets/Food_Nature_and_Simple_Objects/Umbrella/Tactile/8.jpeg","","Umbrella","https://tactileeval.s3.us-east-1.amazonaws.com/family_datasets/Food_Nature_and_Simple_Objects/Umbrella/Natural/9.jpg","https://tactileeval.s3.us-east-1.amazonaws.com/family_datasets/Food_Nature_and_Simple_Objects/Umbrella/Tactile/9.jpeg","","Umbrella","https://tactileeval.s3.us-east-1.amazonaws.com/family_datasets/Food_Nature_and_Simple_Objects/Umbrella/Natural/10.jpg","https://tactileeval.s3.us-east-1.amazonaws.com/family_datasets/Food_Nature_and_Simple_Objects/Umbrella/Tactile/10.jpeg","","","","","","","","","","","","","","","","","","","","","","","","","","","","","","[{""question1"":{""background_clean"":false,""configuration_match"":false,""object_match"":true},""question10"":{""background_clean"":false,""configuration_match"":false,""object_match"":true},""question2"":{""background_clean"":false,""configuration_match"":false,""object_match"":true},""question3"":{""background_clean"":true,""configuration_match"":false,""object_match"":false},""question4"":{""background_clean"":false,""configuration_match"":true,""object_match"":false},""question5"":{""background_clean"":false,""configuration_match"":false,""object_match"":true},""question6"":{""background_clean"":true,""configuration_match"":false,""object_match"":false},""question7"":{""background_clean"":false,""configuration_match"":false,""object_match"":true},""question8"":{""background_clean"":false,""configuration_match"":true,""object_match"":false},""question9"":{""background_clean"":true,""configuration_match"":false,""object_match"":false}}]"