"HITId","HITTypeId","Title","Description","Keywords","Reward","CreationTime","MaxAssignments","RequesterAnnotation","AssignmentDurationInSeconds","AutoApprovalDelayInSeconds","Expiration","NumberOfSimilarHITs","LifetimeInSeconds","AssignmentId","WorkerId","AssignmentStatus","AcceptTime","SubmitTime","AutoApprovalTime","ApprovalTime","RejectionTime","RequesterFeedback","WorkTimeInSeconds","LifetimeApprovalRate","Last30DaysApprovalRate","Last7DaysApprovalRate","Input.q1_name","Input.q1_natural_url","Input.q1_tactile_url","Input.q1_answer","Input.q2_name","Input.q2_natural_url","Input.q2_tactile_url","Input.q2_answer","Input.q3_name","Input.q3_natural_url","Input.q3_tactile_url","Input.q3_answer","Input.q4_name","Input.q4_natural_url","Input.q4_tactile_url","Input.q4_answer","Input.q5_name","Input.q5_natural_url","Input.q5_tactile_url","Input.q5_answer","Input.q6_name","Input.q6_natural_url","Input.q6_tactile_url","Input.q6_answer","Input.q7_name","Input.q7_natural_url","Input.q7_tactile_url","Input.q7_answer","Input.q8_name","Input.q8_natural_url","Input.q8_tactile_url","Input.q8_answer","Input.q9_name","Input.q9_natural_url","Input.q9_tactile_url","Input.q9_answer","Input.q10_name","Input.q10_natural_url","Input.q10_tactile_url","Input.q10_answer","Answer.taskAnswers","Approve","Reject"
"3KLL7H3EH5FT2FI5U5FHK1Y66R2VHL","3QPQ7LAZEJ66DCMTWSGVH84J28CQAM","Categorize images based on background and posture.","Review 10 line-arts and judge if it has adequate background and configuration. (10 pairs)","tactile, image review, accessibility, furniture and structures","$0.08","Tue Apr 14 17:40:00 PDT 2026","8","BatchId:5385436;OriginalHitTemplateId:928390873;","1200","1296000","Tue Apr 21 17:40:00 PDT 2026","","","31LM9EDVPE6E702F6G1CAHG11AFNJR","A2U7UDW9Y1WGWF","Approved","Tue Apr 14 18:24:39 PDT 2026","Tue Apr 14 18:37:40 PDT 2026","Wed Apr 29 18:37:40 PDT 2026","Sat Apr 18 19:55:57 PDT 2026","","","781","100% (42/42)","100% (36/36)","100% (36/36)","Bed","https://tactileeval.s3.us-east-1.amazonaws.com/family_datasets/Furniture_and_Structures/Bed/Natural/1.jpg","https://tactileeval.s3.us-east-1.amazonaws.com/family_datasets/Furniture_and_Structures/Bed/Tactile/1.jpeg","","Bed","https://tactileeval.s3.us-east-1.amazonaws.com/family_datasets/Furniture_and_Structures/Bed/Natural/2_Bed.jpg","https://tactileeval.s3.us-east-1.amazonaws.com/family_datasets/Furniture_and_Structures/Bed/Tactile/2.jpeg","","Bed","https://tactileeval.s3.us-east-1.amazonaws.com/family_datasets/Furniture_and_Structures/Bed/Natural/3_Bed.jpg","https://tactileeval.s3.us-east-1.amazonaws.com/family_datasets/Furniture_and_Structures/Bed/Tactile/3.jpeg","","Bed","https://tactileeval.s3.us-east-1.amazonaws.com/family_datasets/Furniture_and_Structures/Bed/Natural/4_Bed_refined.jpg","https://tactileeval.s3.us-east-1.amazonaws.com/family_datasets/Furniture_and_Structures/Bed/Tactile/4_refined.png","","Bed","https://tactileeval.s3.us-east-1.amazonaws.com/family_datasets/Furniture_and_Structures/Bed/Natural/5_Bed.jpg","https://tactileeval.s3.us-east-1.amazonaws.com/family_datasets/Furniture_and_Structures/Bed/Tactile/5.jpeg","","Bed","https://tactileeval.s3.us-east-1.amazonaws.com/family_datasets/Furniture_and_Structures/Bed/Natural/6_Bed.jpg","https://tactileeval.s3.us-east-1.amazonaws.com/family_datasets/Furniture_and_Structures/Bed/Tactile/6.jpeg","","Bed","https://tactileeval.s3.us-east-1.amazonaws.com/family_datasets/Furniture_and_Structures/Bed/Natural/7_Bed.jpg","https://tactileeval.s3.us-east-1.amazonaws.com/family_datasets/Furniture_and_Structures/Bed/Tactile/7.jpeg","","Bed","https://tactileeval.s3.us-east-1.amazonaws.com/family_datasets/Furniture_and_Structures/Bed/Natural/8_Bed.jpg","https://tactileeval.s3.us-east-1.amazonaws.com/family_datasets/Furniture_and_Structures/Bed/Tactile/8.jpeg","","Bed","https://tactileeval.s3.us-east-1.amazonaws.com/family_datasets/Furniture_and_Structures/Bed/Natural/9_Bed.jpg","https://tactileeval.s3.us-east-1.amazonaws.com/family_datasets/Furniture_and_Structures/Bed/Tactile/9.jpeg","","Bed","https://tactileeval.s3.us-east-1.amazonaws.com/family_datasets/Furniture_and_Structures/Bed/Natural/10_Bed.jpg","https://tactileeval.s3.us-east-1.amazonaws.com/family_datasets/Furniture_and_Structures/Bed/Tactile/10.jpeg","","[{""question1"":{""background_clean"":true,""object_match"":true,""posture_match"":true},""question10"":{""background_clean"":false,""object_match"":true,""posture_match"":true},""question2"":{""background_clean"":true,""object_match"":true,""posture_match"":true},""question3"":{""background_clean"":true,""object_match"":true,""posture_match"":false},""question4"":{""background_clean"":true,""object_match"":true,""posture_match"":false},""question5"":{""background_clean"":true,""object_match"":true,""posture_match"":true},""question6"":{""background_clean"":true,""object_match"":true,""posture_match"":true},""question7"":{""background_clean"":false,""object_match"":true,""posture_match"":true},""question8"":{""background_clean"":false,""object_match"":true,""posture_match"":true},""question9"":{""background_clean"":false,""object_match"":true,""posture_match"":true}}]"
"3KLL7H3EH5FT2FI5U5FHK1Y66R2VHL","3QPQ7LAZEJ66DCMTWSGVH84J28CQAM","Categorize images based on background and posture.","Review 10 line-arts and judge if it has adequate background and configuration. (10 pairs)","tactile, image review, accessibility, furniture and structures","$0.08","Tue Apr 14 17:40:00 PDT 2026","8","BatchId:5385436;OriginalHitTemplateId:928390873;","1200","1296000","Tue Apr 21 17:40:00 PDT 2026","","","3AWETUDCAV6CTEWSRMR6T38AYBDIZA","A1TNF9Q4I9MJ8B","Rejected","Wed Apr 15 04:46:26 PDT 2026","Wed Apr 15 04:54:31 PDT 2026","Thu Apr 30 04:54:31 PDT 2026","","Sat Apr 18 19:55:57 PDT 2026","Thank you for your time. Unfortunately this submission did not pass the embedded gold-standard checks; this task requires very careful attention to detail.","485","50% (1/2)","50% (1/2)","50% (1/2)","Bed","https://tactileeval.s3.us-east-1.amazonaws.com/family_datasets/Furniture_and_Structures/Bed/Natural/1.jpg","https://tactileeval.s3.us-east-1.amazonaws.com/family_datasets/Furniture_and_Structures/Bed/Tactile/1.jpeg","","Bed","https://tactileeval.s3.us-east-1.amazonaws.com/family_datasets/Furniture_and_Structures/Bed/Natural/2_Bed.jpg","https://tactileeval.s3.us-east-1.amazonaws.com/family_datasets/Furniture_and_Structures/Bed/Tactile/2.jpeg","","Bed","https://tactileeval.s3.us-east-1.amazonaws.com/family_datasets/Furniture_and_Structures/Bed/Natural/3_Bed.jpg","https://tactileeval.s3.us-east-1.amazonaws.com/family_datasets/Furniture_and_Structures/Bed/Tactile/3.jpeg","","Bed","https://tactileeval.s3.us-east-1.amazonaws.com/family_datasets/Furniture_and_Structures/Bed/Natural/4_Bed_refined.jpg","https://tactileeval.s3.us-east-1.amazonaws.com/family_datasets/Furniture_and_Structures/Bed/Tactile/4_refined.png","","Bed","https://tactileeval.s3.us-east-1.amazonaws.com/family_datasets/Furniture_and_Structures/Bed/Natural/5_Bed.jpg","https://tactileeval.s3.us-east-1.amazonaws.com/family_datasets/Furniture_and_Structures/Bed/Tactile/5.jpeg","","Bed","https://tactileeval.s3.us-east-1.amazonaws.com/family_datasets/Furniture_and_Structures/Bed/Natural/6_Bed.jpg","https://tactileeval.s3.us-east-1.amazonaws.com/family_datasets/Furniture_and_Structures/Bed/Tactile/6.jpeg","","Bed","https://tactileeval.s3.us-east-1.amazonaws.com/family_datasets/Furniture_and_Structures/Bed/Natural/7_Bed.jpg","https://tactileeval.s3.us-east-1.amazonaws.com/family_datasets/Furniture_and_Structures/Bed/Tactile/7.jpeg","","Bed","https://tactileeval.s3.us-east-1.amazonaws.com/family_datasets/Furniture_and_Structures/Bed/Natural/8_Bed.jpg","https://tactileeval.s3.us-east-1.amazonaws.com/family_datasets/Furniture_and_Structures/Bed/Tactile/8.jpeg","","Bed","https://tactileeval.s3.us-east-1.amazonaws.com/family_datasets/Furniture_and_Structures/Bed/Natural/9_Bed.jpg","https://tactileeval.s3.us-east-1.amazonaws.com/family_datasets/Furniture_and_Structures/Bed/Tactile/9.jpeg","","Bed","https://tactileeval.s3.us-east-1.amazonaws.com/family_datasets/Furniture_and_Structures/Bed/Natural/10_Bed.jpg","https://tactileeval.s3.us-east-1.amazonaws.com/family_datasets/Furniture_and_Structures/Bed/Tactile/10.jpeg","","[{""question1"":{""background_clean"":true,""object_match"":true,""posture_match"":false},""question10"":{""background_clean"":true,""object_match"":false,""posture_match"":false},""question2"":{""background_clean"":false,""object_match"":true,""posture_match"":true},""question3"":{""background_clean"":false,""object_match"":false,""posture_match"":true},""question4"":{""background_clean"":false,""object_match"":false,""posture_match"":true},""question5"":{""background_clean"":false,""object_match"":false,""posture_match"":true},""question6"":{""background_clean"":false,""object_match"":true,""posture_match"":true},""question7"":{""background_clean"":false,""object_match"":false,""posture_match"":true},""question8"":{""background_clean"":true,""object_match"":true,""posture_match"":false},""question9"":{""background_clean"":true,""object_match"":false,""posture_match"":false}}]"
"3KLL7H3EH5FT2FI5U5FHK1Y66R2VHL","3QPQ7LAZEJ66DCMTWSGVH84J28CQAM","Categorize images based on background and posture.","Review 10 line-arts and judge if it has adequate background and configuration. (10 pairs)","tactile, image review, accessibility, furniture and structures","$0.08","Tue Apr 14 17:40:00 PDT 2026","8","BatchId:5385436;OriginalHitTemplateId:928390873;","1200","1296000","Tue Apr 21 17:40:00 PDT 2026","","","3AZHRG4CVXY01Q8J2P7RJY3ZXL3034","A1GFLIIHEL2KVW","Approved","Tue Apr 14 21:28:54 PDT 2026","Tue Apr 14 21:30:42 PDT 2026","Wed Apr 29 21:30:42 PDT 2026","Sat Apr 18 19:55:58 PDT 2026","","","108","83% (163/196)","30% (14/46)","30% (14/46)","Bed","https://tactileeval.s3.us-east-1.amazonaws.com/family_datasets/Furniture_and_Structures/Bed/Natural/1.jpg","https://tactileeval.s3.us-east-1.amazonaws.com/family_datasets/Furniture_and_Structures/Bed/Tactile/1.jpeg","","Bed","https://tactileeval.s3.us-east-1.amazonaws.com/family_datasets/Furniture_and_Structures/Bed/Natural/2_Bed.jpg","https://tactileeval.s3.us-east-1.amazonaws.com/family_datasets/Furniture_and_Structures/Bed/Tactile/2.jpeg","","Bed","https://tactileeval.s3.us-east-1.amazonaws.com/family_datasets/Furniture_and_Structures/Bed/Natural/3_Bed.jpg","https://tactileeval.s3.us-east-1.amazonaws.com/family_datasets/Furniture_and_Structures/Bed/Tactile/3.jpeg","","Bed","https://tactileeval.s3.us-east-1.amazonaws.com/family_datasets/Furniture_and_Structures/Bed/Natural/4_Bed_refined.jpg","https://tactileeval.s3.us-east-1.amazonaws.com/family_datasets/Furniture_and_Structures/Bed/Tactile/4_refined.png","","Bed","https://tactileeval.s3.us-east-1.amazonaws.com/family_datasets/Furniture_and_Structures/Bed/Natural/5_Bed.jpg","https://tactileeval.s3.us-east-1.amazonaws.com/family_datasets/Furniture_and_Structures/Bed/Tactile/5.jpeg","","Bed","https://tactileeval.s3.us-east-1.amazonaws.com/family_datasets/Furniture_and_Structures/Bed/Natural/6_Bed.jpg","https://tactileeval.s3.us-east-1.amazonaws.com/family_datasets/Furniture_and_Structures/Bed/Tactile/6.jpeg","","Bed","https://tactileeval.s3.us-east-1.amazonaws.com/family_datasets/Furniture_and_Structures/Bed/Natural/7_Bed.jpg","https://tactileeval.s3.us-east-1.amazonaws.com/family_datasets/Furniture_and_Structures/Bed/Tactile/7.jpeg","","Bed","https://tactileeval.s3.us-east-1.amazonaws.com/family_datasets/Furniture_and_Structures/Bed/Natural/8_Bed.jpg","https://tactileeval.s3.us-east-1.amazonaws.com/family_datasets/Furniture_and_Structures/Bed/Tactile/8.jpeg","","Bed","https://tactileeval.s3.us-east-1.amazonaws.com/family_datasets/Furniture_and_Structures/Bed/Natural/9_Bed.jpg","https://tactileeval.s3.us-east-1.amazonaws.com/family_datasets/Furniture_and_Structures/Bed/Tactile/9.jpeg","","Bed","https://tactileeval.s3.us-east-1.amazonaws.com/family_datasets/Furniture_and_Structures/Bed/Natural/10_Bed.jpg","https://tactileeval.s3.us-east-1.amazonaws.com/family_datasets/Furniture_and_Structures/Bed/Tactile/10.jpeg","","[{""question1"":{""background_clean"":true,""object_match"":true,""posture_match"":true},""question10"":{""background_clean"":false,""object_match"":false,""posture_match"":true},""question2"":{""background_clean"":true,""object_match"":false,""posture_match"":true},""question3"":{""background_clean"":true,""object_match"":true,""posture_match"":true},""question4"":{""background_clean"":true,""object_match"":true,""posture_match"":true},""question5"":{""background_clean"":true,""object_match"":false,""posture_match"":false},""question6"":{""background_clean"":true,""object_match"":false,""posture_match"":true},""question7"":{""background_clean"":false,""object_match"":false,""posture_match"":true},""question8"":{""background_clean"":false,""object_match"":false,""posture_match"":true},""question9"":{""background_clean"":true,""object_match"":false,""posture_match"":false}}]"
"3KLL7H3EH5FT2FI5U5FHK1Y66R2VHL","3QPQ7LAZEJ66DCMTWSGVH84J28CQAM","Categorize images based on background and posture.","Review 10 line-arts and judge if it has adequate background and configuration. (10 pairs)","tactile, image review, accessibility, furniture and structures","$0.08","Tue Apr 14 17:40:00 PDT 2026","8","BatchId:5385436;OriginalHitTemplateId:928390873;","1200","1296000","Tue Apr 21 17:40:00 PDT 2026","","","3FE7TXL1MB1Z41HZFNN1FUPP4CVQ2D","A160C751AAPJOO","Approved","Wed Apr 15 04:44:05 PDT 2026","Wed Apr 15 05:01:22 PDT 2026","Thu Apr 30 05:01:22 PDT 2026","Sat Apr 18 19:55:57 PDT 2026","","","1037","75% (6/8)","75% (6/8)","75% (6/8)","Bed","https://tactileeval.s3.us-east-1.amazonaws.com/family_datasets/Furniture_and_Structures/Bed/Natural/1.jpg","https://tactileeval.s3.us-east-1.amazonaws.com/family_datasets/Furniture_and_Structures/Bed/Tactile/1.jpeg","","Bed","https://tactileeval.s3.us-east-1.amazonaws.com/family_datasets/Furniture_and_Structures/Bed/Natural/2_Bed.jpg","https://tactileeval.s3.us-east-1.amazonaws.com/family_datasets/Furniture_and_Structures/Bed/Tactile/2.jpeg","","Bed","https://tactileeval.s3.us-east-1.amazonaws.com/family_datasets/Furniture_and_Structures/Bed/Natural/3_Bed.jpg","https://tactileeval.s3.us-east-1.amazonaws.com/family_datasets/Furniture_and_Structures/Bed/Tactile/3.jpeg","","Bed","https://tactileeval.s3.us-east-1.amazonaws.com/family_datasets/Furniture_and_Structures/Bed/Natural/4_Bed_refined.jpg","https://tactileeval.s3.us-east-1.amazonaws.com/family_datasets/Furniture_and_Structures/Bed/Tactile/4_refined.png","","Bed","https://tactileeval.s3.us-east-1.amazonaws.com/family_datasets/Furniture_and_Structures/Bed/Natural/5_Bed.jpg","https://tactileeval.s3.us-east-1.amazonaws.com/family_datasets/Furniture_and_Structures/Bed/Tactile/5.jpeg","","Bed","https://tactileeval.s3.us-east-1.amazonaws.com/family_datasets/Furniture_and_Structures/Bed/Natural/6_Bed.jpg","https://tactileeval.s3.us-east-1.amazonaws.com/family_datasets/Furniture_and_Structures/Bed/Tactile/6.jpeg","","Bed","https://tactileeval.s3.us-east-1.amazonaws.com/family_datasets/Furniture_and_Structures/Bed/Natural/7_Bed.jpg","https://tactileeval.s3.us-east-1.amazonaws.com/family_datasets/Furniture_and_Structures/Bed/Tactile/7.jpeg","","Bed","https://tactileeval.s3.us-east-1.amazonaws.com/family_datasets/Furniture_and_Structures/Bed/Natural/8_Bed.jpg","https://tactileeval.s3.us-east-1.amazonaws.com/family_datasets/Furniture_and_Structures/Bed/Tactile/8.jpeg","","Bed","https://tactileeval.s3.us-east-1.amazonaws.com/family_datasets/Furniture_and_Structures/Bed/Natural/9_Bed.jpg","https://tactileeval.s3.us-east-1.amazonaws.com/family_datasets/Furniture_and_Structures/Bed/Tactile/9.jpeg","","Bed","https://tactileeval.s3.us-east-1.amazonaws.com/family_datasets/Furniture_and_Structures/Bed/Natural/10_Bed.jpg","https://tactileeval.s3.us-east-1.amazonaws.com/family_datasets/Furniture_and_Structures/Bed/Tactile/10.jpeg","","[{""question1"":{""background_clean"":true,""object_match"":true,""posture_match"":true},""question10"":{""background_clean"":true,""object_match"":true,""posture_match"":true},""question2"":{""background_clean"":true,""object_match"":true,""posture_match"":true},""question3"":{""background_clean"":true,""object_match"":true,""posture_match"":true},""question4"":{""background_clean"":true,""object_match"":false,""posture_match"":true},""question5"":{""background_clean"":true,""object_match"":true,""posture_match"":true},""question6"":{""background_clean"":true,""object_match"":false,""posture_match"":false},""question7"":{""background_clean"":true,""object_match"":true,""posture_match"":true},""question8"":{""background_clean"":true,""object_match"":false,""posture_match"":true},""question9"":{""background_clean"":true,""object_match"":true,""posture_match"":true}}]"
"3KLL7H3EH5FT2FI5U5FHK1Y66R2VHL","3QPQ7LAZEJ66DCMTWSGVH84J28CQAM","Categorize images based on background and posture.","Review 10 line-arts and judge if it has adequate background and configuration. (10 pairs)","tactile, image review, accessibility, furniture and structures","$0.08","Tue Apr 14 17:40:00 PDT 2026","8","BatchId:5385436;OriginalHitTemplateId:928390873;","1200","1296000","Tue Apr 21 17:40:00 PDT 2026","","","3JJVG1YBF4B4ZSYXEOS9ICX22MK5BG","A3URILKJNVKSC6","Approved","Wed Apr 15 04:25:01 PDT 2026","Wed Apr 15 04:31:25 PDT 2026","Thu Apr 30 04:31:25 PDT 2026","Sat Apr 18 19:55:58 PDT 2026","","","384","75% (9/12)","70% (7/10)","70% (7/10)","Bed","https://tactileeval.s3.us-east-1.amazonaws.com/family_datasets/Furniture_and_Structures/Bed/Natural/1.jpg","https://tactileeval.s3.us-east-1.amazonaws.com/family_datasets/Furniture_and_Structures/Bed/Tactile/1.jpeg","","Bed","https://tactileeval.s3.us-east-1.amazonaws.com/family_datasets/Furniture_and_Structures/Bed/Natural/2_Bed.jpg","https://tactileeval.s3.us-east-1.amazonaws.com/family_datasets/Furniture_and_Structures/Bed/Tactile/2.jpeg","","Bed","https://tactileeval.s3.us-east-1.amazonaws.com/family_datasets/Furniture_and_Structures/Bed/Natural/3_Bed.jpg","https://tactileeval.s3.us-east-1.amazonaws.com/family_datasets/Furniture_and_Structures/Bed/Tactile/3.jpeg","","Bed","https://tactileeval.s3.us-east-1.amazonaws.com/family_datasets/Furniture_and_Structures/Bed/Natural/4_Bed_refined.jpg","https://tactileeval.s3.us-east-1.amazonaws.com/family_datasets/Furniture_and_Structures/Bed/Tactile/4_refined.png","","Bed","https://tactileeval.s3.us-east-1.amazonaws.com/family_datasets/Furniture_and_Structures/Bed/Natural/5_Bed.jpg","https://tactileeval.s3.us-east-1.amazonaws.com/family_datasets/Furniture_and_Structures/Bed/Tactile/5.jpeg","","Bed","https://tactileeval.s3.us-east-1.amazonaws.com/family_datasets/Furniture_and_Structures/Bed/Natural/6_Bed.jpg","https://tactileeval.s3.us-east-1.amazonaws.com/family_datasets/Furniture_and_Structures/Bed/Tactile/6.jpeg","","Bed","https://tactileeval.s3.us-east-1.amazonaws.com/family_datasets/Furniture_and_Structures/Bed/Natural/7_Bed.jpg","https://tactileeval.s3.us-east-1.amazonaws.com/family_datasets/Furniture_and_Structures/Bed/Tactile/7.jpeg","","Bed","https://tactileeval.s3.us-east-1.amazonaws.com/family_datasets/Furniture_and_Structures/Bed/Natural/8_Bed.jpg","https://tactileeval.s3.us-east-1.amazonaws.com/family_datasets/Furniture_and_Structures/Bed/Tactile/8.jpeg","","Bed","https://tactileeval.s3.us-east-1.amazonaws.com/family_datasets/Furniture_and_Structures/Bed/Natural/9_Bed.jpg","https://tactileeval.s3.us-east-1.amazonaws.com/family_datasets/Furniture_and_Structures/Bed/Tactile/9.jpeg","","Bed","https://tactileeval.s3.us-east-1.amazonaws.com/family_datasets/Furniture_and_Structures/Bed/Natural/10_Bed.jpg","https://tactileeval.s3.us-east-1.amazonaws.com/family_datasets/Furniture_and_Structures/Bed/Tactile/10.jpeg","","[{""question1"":{""background_clean"":true,""object_match"":true,""posture_match"":false},""question10"":{""background_clean"":true,""object_match"":true,""posture_match"":false},""question2"":{""background_clean"":true,""object_match"":true,""posture_match"":true},""question3"":{""background_clean"":true,""object_match"":true,""posture_match"":false},""question4"":{""background_clean"":true,""object_match"":true,""posture_match"":false},""question5"":{""background_clean"":true,""object_match"":true,""posture_match"":false},""question6"":{""background_clean"":true,""object_match"":true,""posture_match"":false},""question7"":{""background_clean"":true,""object_match"":false,""posture_match"":false},""question8"":{""background_clean"":true,""object_match"":true,""posture_match"":false},""question9"":{""background_clean"":true,""object_match"":true,""posture_match"":false}}]"
"3KLL7H3EH5FT2FI5U5FHK1Y66R2VHL","3QPQ7LAZEJ66DCMTWSGVH84J28CQAM","Categorize images based on background and posture.","Review 10 line-arts and judge if it has adequate background and configuration. (10 pairs)","tactile, image review, accessibility, furniture and structures","$0.08","Tue Apr 14 17:40:00 PDT 2026","8","BatchId:5385436;OriginalHitTemplateId:928390873;","1200","1296000","Tue Apr 21 17:40:00 PDT 2026","","","3L0KT67Y97U1I2PJ0CJ1JY5V1E8YSM","A22YCS3UW15WOO","Approved","Tue Apr 14 20:35:19 PDT 2026","Tue Apr 14 20:41:28 PDT 2026","Wed Apr 29 20:41:28 PDT 2026","Sat Apr 18 19:55:58 PDT 2026","","","369","94% (208/221)","86% (83/96)","86% (83/96)","Bed","https://tactileeval.s3.us-east-1.amazonaws.com/family_datasets/Furniture_and_Structures/Bed/Natural/1.jpg","https://tactileeval.s3.us-east-1.amazonaws.com/family_datasets/Furniture_and_Structures/Bed/Tactile/1.jpeg","","Bed","https://tactileeval.s3.us-east-1.amazonaws.com/family_datasets/Furniture_and_Structures/Bed/Natural/2_Bed.jpg","https://tactileeval.s3.us-east-1.amazonaws.com/family_datasets/Furniture_and_Structures/Bed/Tactile/2.jpeg","","Bed","https://tactileeval.s3.us-east-1.amazonaws.com/family_datasets/Furniture_and_Structures/Bed/Natural/3_Bed.jpg","https://tactileeval.s3.us-east-1.amazonaws.com/family_datasets/Furniture_and_Structures/Bed/Tactile/3.jpeg","","Bed","https://tactileeval.s3.us-east-1.amazonaws.com/family_datasets/Furniture_and_Structures/Bed/Natural/4_Bed_refined.jpg","https://tactileeval.s3.us-east-1.amazonaws.com/family_datasets/Furniture_and_Structures/Bed/Tactile/4_refined.png","","Bed","https://tactileeval.s3.us-east-1.amazonaws.com/family_datasets/Furniture_and_Structures/Bed/Natural/5_Bed.jpg","https://tactileeval.s3.us-east-1.amazonaws.com/family_datasets/Furniture_and_Structures/Bed/Tactile/5.jpeg","","Bed","https://tactileeval.s3.us-east-1.amazonaws.com/family_datasets/Furniture_and_Structures/Bed/Natural/6_Bed.jpg","https://tactileeval.s3.us-east-1.amazonaws.com/family_datasets/Furniture_and_Structures/Bed/Tactile/6.jpeg","","Bed","https://tactileeval.s3.us-east-1.amazonaws.com/family_datasets/Furniture_and_Structures/Bed/Natural/7_Bed.jpg","https://tactileeval.s3.us-east-1.amazonaws.com/family_datasets/Furniture_and_Structures/Bed/Tactile/7.jpeg","","Bed","https://tactileeval.s3.us-east-1.amazonaws.com/family_datasets/Furniture_and_Structures/Bed/Natural/8_Bed.jpg","https://tactileeval.s3.us-east-1.amazonaws.com/family_datasets/Furniture_and_Structures/Bed/Tactile/8.jpeg","","Bed","https://tactileeval.s3.us-east-1.amazonaws.com/family_datasets/Furniture_and_Structures/Bed/Natural/9_Bed.jpg","https://tactileeval.s3.us-east-1.amazonaws.com/family_datasets/Furniture_and_Structures/Bed/Tactile/9.jpeg","","Bed","https://tactileeval.s3.us-east-1.amazonaws.com/family_datasets/Furniture_and_Structures/Bed/Natural/10_Bed.jpg","https://tactileeval.s3.us-east-1.amazonaws.com/family_datasets/Furniture_and_Structures/Bed/Tactile/10.jpeg","","[{""question1"":{""background_clean"":true,""object_match"":true,""posture_match"":true},""question10"":{""background_clean"":false,""object_match"":true,""posture_match"":true},""question2"":{""background_clean"":true,""object_match"":true,""posture_match"":true},""question3"":{""background_clean"":true,""object_match"":true,""posture_match"":true},""question4"":{""background_clean"":true,""object_match"":true,""posture_match"":true},""question5"":{""background_clean"":true,""object_match"":true,""posture_match"":true},""question6"":{""background_clean"":true,""object_match"":true,""posture_match"":true},""question7"":{""background_clean"":true,""object_match"":true,""posture_match"":true},""question8"":{""background_clean"":true,""object_match"":true,""posture_match"":true},""question9"":{""background_clean"":true,""object_match"":true,""posture_match"":true}}]"
"3KLL7H3EH5FT2FI5U5FHK1Y66R2VHL","3QPQ7LAZEJ66DCMTWSGVH84J28CQAM","Categorize images based on background and posture.","Review 10 line-arts and judge if it has adequate background and configuration. (10 pairs)","tactile, image review, accessibility, furniture and structures","$0.08","Tue Apr 14 17:40:00 PDT 2026","8","BatchId:5385436;OriginalHitTemplateId:928390873;","1200","1296000","Tue Apr 21 17:40:00 PDT 2026","","","3PJUZCGDKZU4YH22E2LG3QC3GCJ89C","A1LO9EDDV5D7LM","Approved","Wed Apr 15 04:44:45 PDT 2026","Wed Apr 15 04:50:40 PDT 2026","Thu Apr 30 04:50:40 PDT 2026","Sat Apr 18 19:55:58 PDT 2026","","","355","100% (6/6)","100% (6/6)","100% (6/6)","Bed","https://tactileeval.s3.us-east-1.amazonaws.com/family_datasets/Furniture_and_Structures/Bed/Natural/1.jpg","https://tactileeval.s3.us-east-1.amazonaws.com/family_datasets/Furniture_and_Structures/Bed/Tactile/1.jpeg","","Bed","https://tactileeval.s3.us-east-1.amazonaws.com/family_datasets/Furniture_and_Structures/Bed/Natural/2_Bed.jpg","https://tactileeval.s3.us-east-1.amazonaws.com/family_datasets/Furniture_and_Structures/Bed/Tactile/2.jpeg","","Bed","https://tactileeval.s3.us-east-1.amazonaws.com/family_datasets/Furniture_and_Structures/Bed/Natural/3_Bed.jpg","https://tactileeval.s3.us-east-1.amazonaws.com/family_datasets/Furniture_and_Structures/Bed/Tactile/3.jpeg","","Bed","https://tactileeval.s3.us-east-1.amazonaws.com/family_datasets/Furniture_and_Structures/Bed/Natural/4_Bed_refined.jpg","https://tactileeval.s3.us-east-1.amazonaws.com/family_datasets/Furniture_and_Structures/Bed/Tactile/4_refined.png","","Bed","https://tactileeval.s3.us-east-1.amazonaws.com/family_datasets/Furniture_and_Structures/Bed/Natural/5_Bed.jpg","https://tactileeval.s3.us-east-1.amazonaws.com/family_datasets/Furniture_and_Structures/Bed/Tactile/5.jpeg","","Bed","https://tactileeval.s3.us-east-1.amazonaws.com/family_datasets/Furniture_and_Structures/Bed/Natural/6_Bed.jpg","https://tactileeval.s3.us-east-1.amazonaws.com/family_datasets/Furniture_and_Structures/Bed/Tactile/6.jpeg","","Bed","https://tactileeval.s3.us-east-1.amazonaws.com/family_datasets/Furniture_and_Structures/Bed/Natural/7_Bed.jpg","https://tactileeval.s3.us-east-1.amazonaws.com/family_datasets/Furniture_and_Structures/Bed/Tactile/7.jpeg","","Bed","https://tactileeval.s3.us-east-1.amazonaws.com/family_datasets/Furniture_and_Structures/Bed/Natural/8_Bed.jpg","https://tactileeval.s3.us-east-1.amazonaws.com/family_datasets/Furniture_and_Structures/Bed/Tactile/8.jpeg","","Bed","https://tactileeval.s3.us-east-1.amazonaws.com/family_datasets/Furniture_and_Structures/Bed/Natural/9_Bed.jpg","https://tactileeval.s3.us-east-1.amazonaws.com/family_datasets/Furniture_and_Structures/Bed/Tactile/9.jpeg","","Bed","https://tactileeval.s3.us-east-1.amazonaws.com/family_datasets/Furniture_and_Structures/Bed/Natural/10_Bed.jpg","https://tactileeval.s3.us-east-1.amazonaws.com/family_datasets/Furniture_and_Structures/Bed/Tactile/10.jpeg","","[{""question1"":{""background_clean"":true,""object_match"":false,""posture_match"":false},""question10"":{""background_clean"":true,""object_match"":false,""posture_match"":false},""question2"":{""background_clean"":true,""object_match"":false,""posture_match"":false},""question3"":{""background_clean"":true,""object_match"":false,""posture_match"":false},""question4"":{""background_clean"":true,""object_match"":true,""posture_match"":true},""question5"":{""background_clean"":true,""object_match"":true,""posture_match"":true},""question6"":{""background_clean"":true,""object_match"":false,""posture_match"":false},""question7"":{""background_clean"":true,""object_match"":false,""posture_match"":false},""question8"":{""background_clean"":true,""object_match"":false,""posture_match"":false},""question9"":{""background_clean"":true,""object_match"":false,""posture_match"":false}}]"
"3KLL7H3EH5FT2FI5U5FHK1Y66R2VHL","3QPQ7LAZEJ66DCMTWSGVH84J28CQAM","Categorize images based on background and posture.","Review 10 line-arts and judge if it has adequate background and configuration. (10 pairs)","tactile, image review, accessibility, furniture and structures","$0.08","Tue Apr 14 17:40:00 PDT 2026","8","BatchId:5385436;OriginalHitTemplateId:928390873;","1200","1296000","Tue Apr 21 17:40:00 PDT 2026","","","3VNL7UK1Y8XWXBL3KMW34IU1XVHFTY","A1P557XDQ2SID7","Approved","Sat Apr 18 20:54:18 PDT 2026","Sat Apr 18 20:55:51 PDT 2026","Sun May 03 20:55:51 PDT 2026","Sun Apr 19 09:23:55 PDT 2026","","","93","100% (1/1)","100% (1/1)","100% (1/1)","Bed","https://tactileeval.s3.us-east-1.amazonaws.com/family_datasets/Furniture_and_Structures/Bed/Natural/1.jpg","https://tactileeval.s3.us-east-1.amazonaws.com/family_datasets/Furniture_and_Structures/Bed/Tactile/1.jpeg","","Bed","https://tactileeval.s3.us-east-1.amazonaws.com/family_datasets/Furniture_and_Structures/Bed/Natural/2_Bed.jpg","https://tactileeval.s3.us-east-1.amazonaws.com/family_datasets/Furniture_and_Structures/Bed/Tactile/2.jpeg","","Bed","https://tactileeval.s3.us-east-1.amazonaws.com/family_datasets/Furniture_and_Structures/Bed/Natural/3_Bed.jpg","https://tactileeval.s3.us-east-1.amazonaws.com/family_datasets/Furniture_and_Structures/Bed/Tactile/3.jpeg","","Bed","https://tactileeval.s3.us-east-1.amazonaws.com/family_datasets/Furniture_and_Structures/Bed/Natural/4_Bed_refined.jpg","https://tactileeval.s3.us-east-1.amazonaws.com/family_datasets/Furniture_and_Structures/Bed/Tactile/4_refined.png","","Bed","https://tactileeval.s3.us-east-1.amazonaws.com/family_datasets/Furniture_and_Structures/Bed/Natural/5_Bed.jpg","https://tactileeval.s3.us-east-1.amazonaws.com/family_datasets/Furniture_and_Structures/Bed/Tactile/5.jpeg","","Bed","https://tactileeval.s3.us-east-1.amazonaws.com/family_datasets/Furniture_and_Structures/Bed/Natural/6_Bed.jpg","https://tactileeval.s3.us-east-1.amazonaws.com/family_datasets/Furniture_and_Structures/Bed/Tactile/6.jpeg","","Bed","https://tactileeval.s3.us-east-1.amazonaws.com/family_datasets/Furniture_and_Structures/Bed/Natural/7_Bed.jpg","https://tactileeval.s3.us-east-1.amazonaws.com/family_datasets/Furniture_and_Structures/Bed/Tactile/7.jpeg","","Bed","https://tactileeval.s3.us-east-1.amazonaws.com/family_datasets/Furniture_and_Structures/Bed/Natural/8_Bed.jpg","https://tactileeval.s3.us-east-1.amazonaws.com/family_datasets/Furniture_and_Structures/Bed/Tactile/8.jpeg","","Bed","https://tactileeval.s3.us-east-1.amazonaws.com/family_datasets/Furniture_and_Structures/Bed/Natural/9_Bed.jpg","https://tactileeval.s3.us-east-1.amazonaws.com/family_datasets/Furniture_and_Structures/Bed/Tactile/9.jpeg","","Bed","https://tactileeval.s3.us-east-1.amazonaws.com/family_datasets/Furniture_and_Structures/Bed/Natural/10_Bed.jpg","https://tactileeval.s3.us-east-1.amazonaws.com/family_datasets/Furniture_and_Structures/Bed/Tactile/10.jpeg","","[{""question1"":{""background_clean"":true,""object_match"":false,""posture_match"":true},""question10"":{""background_clean"":true,""object_match"":false,""posture_match"":true},""question2"":{""background_clean"":true,""object_match"":false,""posture_match"":true},""question3"":{""background_clean"":true,""object_match"":false,""posture_match"":true},""question4"":{""background_clean"":true,""object_match"":false,""posture_match"":true},""question5"":{""background_clean"":true,""object_match"":false,""posture_match"":true},""question6"":{""background_clean"":true,""object_match"":false,""posture_match"":true},""question7"":{""background_clean"":true,""object_match"":false,""posture_match"":false},""question8"":{""background_clean"":true,""object_match"":false,""posture_match"":true},""question9"":{""background_clean"":true,""object_match"":false,""posture_match"":true}}]"
"31HLTCK4CD9F2JNUAZXZZ1M5RRPVGM","3QPQ7LAZEJ66DCMTWSGVH84J28CQAM","Categorize images based on background and posture.","Review 10 line-arts and judge if it has adequate background and configuration. (10 pairs)","tactile, image review, accessibility, furniture and structures","$0.08","Tue Apr 14 17:40:00 PDT 2026","7","BatchId:5385436;OriginalHitTemplateId:928390873;","1200","1296000","Tue Apr 21 17:40:00 PDT 2026","","","3D4CH1LGF37JRW8KX0X4V3T14UUG9W","A22YCS3UW15WOO","Approved","Tue Apr 14 20:35:20 PDT 2026","Tue Apr 14 20:42:28 PDT 2026","Wed Apr 29 20:42:28 PDT 2026","Sat Apr 18 19:55:58 PDT 2026","","","428","94% (208/221)","86% (83/96)","86% (83/96)","Bed","https://tactileeval.s3.us-east-1.amazonaws.com/family_datasets/Furniture_and_Structures/Bed/Natural/11_Bed.jpg","https://tactileeval.s3.us-east-1.amazonaws.com/family_datasets/Furniture_and_Structures/Bed/Tactile/11.jpeg","","Bed","https://tactileeval.s3.us-east-1.amazonaws.com/family_datasets/Furniture_and_Structures/Bed/Natural/12_Bed.jpg","https://tactileeval.s3.us-east-1.amazonaws.com/family_datasets/Furniture_and_Structures/Bed/Tactile/12.jpeg","","Bed","https://tactileeval.s3.us-east-1.amazonaws.com/family_datasets/Furniture_and_Structures/Bed/Natural/13_Bed.jpg","https://tactileeval.s3.us-east-1.amazonaws.com/family_datasets/Furniture_and_Structures/Bed/Tactile/13.jpeg","","Bed","https://tactileeval.s3.us-east-1.amazonaws.com/family_datasets/Furniture_and_Structures/Bed/Natural/14_Bed.jpg","https://tactileeval.s3.us-east-1.amazonaws.com/family_datasets/Furniture_and_Structures/Bed/Tactile/14.jpeg","","Chair","https://tactileeval.s3.us-east-1.amazonaws.com/family_datasets/Furniture_and_Structures/Chair/Natural/1_Chair.jpg","https://tactileeval.s3.us-east-1.amazonaws.com/family_datasets/Furniture_and_Structures/Chair/Tactile/1.jpg","","Chair","https://tactileeval.s3.us-east-1.amazonaws.com/family_datasets/Furniture_and_Structures/Chair/Natural/2_Chair.jpg","https://tactileeval.s3.us-east-1.amazonaws.com/family_datasets/Furniture_and_Structures/Chair/Tactile/2.jpg","","Chair","https://tactileeval.s3.us-east-1.amazonaws.com/family_datasets/Furniture_and_Structures/Chair/Natural/3_Chair%282%29.jpg","https://tactileeval.s3.us-east-1.amazonaws.com/family_datasets/Furniture_and_Structures/Chair/Tactile/3.jpg","","Chair","https://tactileeval.s3.us-east-1.amazonaws.com/family_datasets/Furniture_and_Structures/Chair/Natural/4_Chair%282%29_Edited.jpg","https://tactileeval.s3.us-east-1.amazonaws.com/family_datasets/Furniture_and_Structures/Chair/Tactile/4.png","","Chair","https://tactileeval.s3.us-east-1.amazonaws.com/family_datasets/Furniture_and_Structures/Chair/Natural/5_Chair.jpg","https://tactileeval.s3.us-east-1.amazonaws.com/family_datasets/Furniture_and_Structures/Chair/Tactile/5.jpg","","Chair","https://tactileeval.s3.us-east-1.amazonaws.com/family_datasets/Furniture_and_Structures/Chair/Natural/6_Chair.jpg","https://tactileeval.s3.us-east-1.amazonaws.com/family_datasets/Furniture_and_Structures/Chair/Tactile/6.jpg","","[{""question1"":{""background_clean"":false,""object_match"":true,""posture_match"":true},""question10"":{""background_clean"":true,""object_match"":true,""posture_match"":true},""question2"":{""background_clean"":false,""object_match"":true,""posture_match"":true},""question3"":{""background_clean"":true,""object_match"":true,""posture_match"":true},""question4"":{""background_clean"":true,""object_match"":true,""posture_match"":true},""question5"":{""background_clean"":true,""object_match"":true,""posture_match"":true},""question6"":{""background_clean"":true,""object_match"":true,""posture_match"":true},""question7"":{""background_clean"":true,""object_match"":true,""posture_match"":false},""question8"":{""background_clean"":true,""object_match"":true,""posture_match"":true},""question9"":{""background_clean"":true,""object_match"":true,""posture_match"":true}}]"
"31HLTCK4CD9F2JNUAZXZZ1M5RRPVGM","3QPQ7LAZEJ66DCMTWSGVH84J28CQAM","Categorize images based on background and posture.","Review 10 line-arts and judge if it has adequate background and configuration. (10 pairs)","tactile, image review, accessibility, furniture and structures","$0.08","Tue Apr 14 17:40:00 PDT 2026","7","BatchId:5385436;OriginalHitTemplateId:928390873;","1200","1296000","Tue Apr 21 17:40:00 PDT 2026","","","3E337GFOM2M4GYCEYAG9D4OL9KDNG6","A1LO9EDDV5D7LM","Approved","Wed Apr 15 04:44:47 PDT 2026","Wed Apr 15 04:54:57 PDT 2026","Thu Apr 30 04:54:57 PDT 2026","Sat Apr 18 19:55:58 PDT 2026","","","610","100% (6/6)","100% (6/6)","100% (6/6)","Bed","https://tactileeval.s3.us-east-1.amazonaws.com/family_datasets/Furniture_and_Structures/Bed/Natural/11_Bed.jpg","https://tactileeval.s3.us-east-1.amazonaws.com/family_datasets/Furniture_and_Structures/Bed/Tactile/11.jpeg","","Bed","https://tactileeval.s3.us-east-1.amazonaws.com/family_datasets/Furniture_and_Structures/Bed/Natural/12_Bed.jpg","https://tactileeval.s3.us-east-1.amazonaws.com/family_datasets/Furniture_and_Structures/Bed/Tactile/12.jpeg","","Bed","https://tactileeval.s3.us-east-1.amazonaws.com/family_datasets/Furniture_and_Structures/Bed/Natural/13_Bed.jpg","https://tactileeval.s3.us-east-1.amazonaws.com/family_datasets/Furniture_and_Structures/Bed/Tactile/13.jpeg","","Bed","https://tactileeval.s3.us-east-1.amazonaws.com/family_datasets/Furniture_and_Structures/Bed/Natural/14_Bed.jpg","https://tactileeval.s3.us-east-1.amazonaws.com/family_datasets/Furniture_and_Structures/Bed/Tactile/14.jpeg","","Chair","https://tactileeval.s3.us-east-1.amazonaws.com/family_datasets/Furniture_and_Structures/Chair/Natural/1_Chair.jpg","https://tactileeval.s3.us-east-1.amazonaws.com/family_datasets/Furniture_and_Structures/Chair/Tactile/1.jpg","","Chair","https://tactileeval.s3.us-east-1.amazonaws.com/family_datasets/Furniture_and_Structures/Chair/Natural/2_Chair.jpg","https://tactileeval.s3.us-east-1.amazonaws.com/family_datasets/Furniture_and_Structures/Chair/Tactile/2.jpg","","Chair","https://tactileeval.s3.us-east-1.amazonaws.com/family_datasets/Furniture_and_Structures/Chair/Natural/3_Chair%282%29.jpg","https://tactileeval.s3.us-east-1.amazonaws.com/family_datasets/Furniture_and_Structures/Chair/Tactile/3.jpg","","Chair","https://tactileeval.s3.us-east-1.amazonaws.com/family_datasets/Furniture_and_Structures/Chair/Natural/4_Chair%282%29_Edited.jpg","https://tactileeval.s3.us-east-1.amazonaws.com/family_datasets/Furniture_and_Structures/Chair/Tactile/4.png","","Chair","https://tactileeval.s3.us-east-1.amazonaws.com/family_datasets/Furniture_and_Structures/Chair/Natural/5_Chair.jpg","https://tactileeval.s3.us-east-1.amazonaws.com/family_datasets/Furniture_and_Structures/Chair/Tactile/5.jpg","","Chair","https://tactileeval.s3.us-east-1.amazonaws.com/family_datasets/Furniture_and_Structures/Chair/Natural/6_Chair.jpg","https://tactileeval.s3.us-east-1.amazonaws.com/family_datasets/Furniture_and_Structures/Chair/Tactile/6.jpg","","[{""question1"":{""background_clean"":true,""object_match"":false,""posture_match"":false},""question10"":{""background_clean"":true,""object_match"":true,""posture_match"":true},""question2"":{""background_clean"":false,""object_match"":true,""posture_match"":true},""question3"":{""background_clean"":true,""object_match"":true,""posture_match"":true},""question4"":{""background_clean"":true,""object_match"":false,""posture_match"":false},""question5"":{""background_clean"":true,""object_match"":false,""posture_match"":false},""question6"":{""background_clean"":true,""object_match"":false,""posture_match"":false},""question7"":{""background_clean"":true,""object_match"":false,""posture_match"":false},""question8"":{""background_clean"":true,""object_match"":true,""posture_match"":true},""question9"":{""background_clean"":true,""object_match"":true,""posture_match"":true}}]"
"31HLTCK4CD9F2JNUAZXZZ1M5RRPVGM","3QPQ7LAZEJ66DCMTWSGVH84J28CQAM","Categorize images based on background and posture.","Review 10 line-arts and judge if it has adequate background and configuration. (10 pairs)","tactile, image review, accessibility, furniture and structures","$0.08","Tue Apr 14 17:40:00 PDT 2026","7","BatchId:5385436;OriginalHitTemplateId:928390873;","1200","1296000","Tue Apr 21 17:40:00 PDT 2026","","","3KYQYYSHZOLJMZ2ZXZFEM8LTM18DO5","A1GFLIIHEL2KVW","Approved","Tue Apr 14 21:30:42 PDT 2026","Tue Apr 14 21:32:53 PDT 2026","Wed Apr 29 21:32:53 PDT 2026","Sat Apr 18 19:55:58 PDT 2026","","","131","83% (163/196)","30% (14/46)","30% (14/46)","Bed","https://tactileeval.s3.us-east-1.amazonaws.com/family_datasets/Furniture_and_Structures/Bed/Natural/11_Bed.jpg","https://tactileeval.s3.us-east-1.amazonaws.com/family_datasets/Furniture_and_Structures/Bed/Tactile/11.jpeg","","Bed","https://tactileeval.s3.us-east-1.amazonaws.com/family_datasets/Furniture_and_Structures/Bed/Natural/12_Bed.jpg","https://tactileeval.s3.us-east-1.amazonaws.com/family_datasets/Furniture_and_Structures/Bed/Tactile/12.jpeg","","Bed","https://tactileeval.s3.us-east-1.amazonaws.com/family_datasets/Furniture_and_Structures/Bed/Natural/13_Bed.jpg","https://tactileeval.s3.us-east-1.amazonaws.com/family_datasets/Furniture_and_Structures/Bed/Tactile/13.jpeg","","Bed","https://tactileeval.s3.us-east-1.amazonaws.com/family_datasets/Furniture_and_Structures/Bed/Natural/14_Bed.jpg","https://tactileeval.s3.us-east-1.amazonaws.com/family_datasets/Furniture_and_Structures/Bed/Tactile/14.jpeg","","Chair","https://tactileeval.s3.us-east-1.amazonaws.com/family_datasets/Furniture_and_Structures/Chair/Natural/1_Chair.jpg","https://tactileeval.s3.us-east-1.amazonaws.com/family_datasets/Furniture_and_Structures/Chair/Tactile/1.jpg","","Chair","https://tactileeval.s3.us-east-1.amazonaws.com/family_datasets/Furniture_and_Structures/Chair/Natural/2_Chair.jpg","https://tactileeval.s3.us-east-1.amazonaws.com/family_datasets/Furniture_and_Structures/Chair/Tactile/2.jpg","","Chair","https://tactileeval.s3.us-east-1.amazonaws.com/family_datasets/Furniture_and_Structures/Chair/Natural/3_Chair%282%29.jpg","https://tactileeval.s3.us-east-1.amazonaws.com/family_datasets/Furniture_and_Structures/Chair/Tactile/3.jpg","","Chair","https://tactileeval.s3.us-east-1.amazonaws.com/family_datasets/Furniture_and_Structures/Chair/Natural/4_Chair%282%29_Edited.jpg","https://tactileeval.s3.us-east-1.amazonaws.com/family_datasets/Furniture_and_Structures/Chair/Tactile/4.png","","Chair","https://tactileeval.s3.us-east-1.amazonaws.com/family_datasets/Furniture_and_Structures/Chair/Natural/5_Chair.jpg","https://tactileeval.s3.us-east-1.amazonaws.com/family_datasets/Furniture_and_Structures/Chair/Tactile/5.jpg","","Chair","https://tactileeval.s3.us-east-1.amazonaws.com/family_datasets/Furniture_and_Structures/Chair/Natural/6_Chair.jpg","https://tactileeval.s3.us-east-1.amazonaws.com/family_datasets/Furniture_and_Structures/Chair/Tactile/6.jpg","","[{""question1"":{""background_clean"":false,""object_match"":true,""posture_match"":true},""question10"":{""background_clean"":true,""object_match"":true,""posture_match"":true},""question2"":{""background_clean"":false,""object_match"":false,""posture_match"":true},""question3"":{""background_clean"":true,""object_match"":true,""posture_match"":true},""question4"":{""background_clean"":true,""object_match"":true,""posture_match"":true},""question5"":{""background_clean"":true,""object_match"":true,""posture_match"":true},""question6"":{""background_clean"":true,""object_match"":false,""posture_match"":true},""question7"":{""background_clean"":true,""object_match"":false,""posture_match"":false},""question8"":{""background_clean"":true,""object_match"":true,""posture_match"":true},""question9"":{""background_clean"":true,""object_match"":true,""posture_match"":true}}]"
"31HLTCK4CD9F2JNUAZXZZ1M5RRPVGM","3QPQ7LAZEJ66DCMTWSGVH84J28CQAM","Categorize images based on background and posture.","Review 10 line-arts and judge if it has adequate background and configuration. (10 pairs)","tactile, image review, accessibility, furniture and structures","$0.08","Tue Apr 14 17:40:00 PDT 2026","7","BatchId:5385436;OriginalHitTemplateId:928390873;","1200","1296000","Tue Apr 21 17:40:00 PDT 2026","","","3NL0RFNU181NWCYR6WMSCNAEPKYK4A","A3URILKJNVKSC6","Approved","Wed Apr 15 04:25:02 PDT 2026","Wed Apr 15 04:34:08 PDT 2026","Thu Apr 30 04:34:08 PDT 2026","Sat Apr 18 19:55:58 PDT 2026","","","546","75% (9/12)","70% (7/10)","70% (7/10)","Bed","https://tactileeval.s3.us-east-1.amazonaws.com/family_datasets/Furniture_and_Structures/Bed/Natural/11_Bed.jpg","https://tactileeval.s3.us-east-1.amazonaws.com/family_datasets/Furniture_and_Structures/Bed/Tactile/11.jpeg","","Bed","https://tactileeval.s3.us-east-1.amazonaws.com/family_datasets/Furniture_and_Structures/Bed/Natural/12_Bed.jpg","https://tactileeval.s3.us-east-1.amazonaws.com/family_datasets/Furniture_and_Structures/Bed/Tactile/12.jpeg","","Bed","https://tactileeval.s3.us-east-1.amazonaws.com/family_datasets/Furniture_and_Structures/Bed/Natural/13_Bed.jpg","https://tactileeval.s3.us-east-1.amazonaws.com/family_datasets/Furniture_and_Structures/Bed/Tactile/13.jpeg","","Bed","https://tactileeval.s3.us-east-1.amazonaws.com/family_datasets/Furniture_and_Structures/Bed/Natural/14_Bed.jpg","https://tactileeval.s3.us-east-1.amazonaws.com/family_datasets/Furniture_and_Structures/Bed/Tactile/14.jpeg","","Chair","https://tactileeval.s3.us-east-1.amazonaws.com/family_datasets/Furniture_and_Structures/Chair/Natural/1_Chair.jpg","https://tactileeval.s3.us-east-1.amazonaws.com/family_datasets/Furniture_and_Structures/Chair/Tactile/1.jpg","","Chair","https://tactileeval.s3.us-east-1.amazonaws.com/family_datasets/Furniture_and_Structures/Chair/Natural/2_Chair.jpg","https://tactileeval.s3.us-east-1.amazonaws.com/family_datasets/Furniture_and_Structures/Chair/Tactile/2.jpg","","Chair","https://tactileeval.s3.us-east-1.amazonaws.com/family_datasets/Furniture_and_Structures/Chair/Natural/3_Chair%282%29.jpg","https://tactileeval.s3.us-east-1.amazonaws.com/family_datasets/Furniture_and_Structures/Chair/Tactile/3.jpg","","Chair","https://tactileeval.s3.us-east-1.amazonaws.com/family_datasets/Furniture_and_Structures/Chair/Natural/4_Chair%282%29_Edited.jpg","https://tactileeval.s3.us-east-1.amazonaws.com/family_datasets/Furniture_and_Structures/Chair/Tactile/4.png","","Chair","https://tactileeval.s3.us-east-1.amazonaws.com/family_datasets/Furniture_and_Structures/Chair/Natural/5_Chair.jpg","https://tactileeval.s3.us-east-1.amazonaws.com/family_datasets/Furniture_and_Structures/Chair/Tactile/5.jpg","","Chair","https://tactileeval.s3.us-east-1.amazonaws.com/family_datasets/Furniture_and_Structures/Chair/Natural/6_Chair.jpg","https://tactileeval.s3.us-east-1.amazonaws.com/family_datasets/Furniture_and_Structures/Chair/Tactile/6.jpg","","[{""question1"":{""background_clean"":false,""object_match"":true,""posture_match"":false},""question10"":{""background_clean"":true,""object_match"":true,""posture_match"":true},""question2"":{""background_clean"":false,""object_match"":true,""posture_match"":false},""question3"":{""background_clean"":true,""object_match"":true,""posture_match"":false},""question4"":{""background_clean"":true,""object_match"":true,""posture_match"":false},""question5"":{""background_clean"":true,""object_match"":true,""posture_match"":false},""question6"":{""background_clean"":true,""object_match"":true,""posture_match"":false},""question7"":{""background_clean"":true,""object_match"":true,""posture_match"":false},""question8"":{""background_clean"":true,""object_match"":true,""posture_match"":true},""question9"":{""background_clean"":true,""object_match"":true,""posture_match"":true}}]"
"31HLTCK4CD9F2JNUAZXZZ1M5RRPVGM","3QPQ7LAZEJ66DCMTWSGVH84J28CQAM","Categorize images based on background and posture.","Review 10 line-arts and judge if it has adequate background and configuration. (10 pairs)","tactile, image review, accessibility, furniture and structures","$0.08","Tue Apr 14 17:40:00 PDT 2026","7","BatchId:5385436;OriginalHitTemplateId:928390873;","1200","1296000","Tue Apr 21 17:40:00 PDT 2026","","","3RRCEFRB8FQM39UX0J9ZDKRO2PUB4K","A1XT2MMWYNR9HU","Approved","Tue Apr 14 20:59:37 PDT 2026","Tue Apr 14 21:10:01 PDT 2026","Wed Apr 29 21:10:01 PDT 2026","Sat Apr 18 19:55:58 PDT 2026","","","624","90% (55/61)","60% (9/15)","60% (9/15)","Bed","https://tactileeval.s3.us-east-1.amazonaws.com/family_datasets/Furniture_and_Structures/Bed/Natural/11_Bed.jpg","https://tactileeval.s3.us-east-1.amazonaws.com/family_datasets/Furniture_and_Structures/Bed/Tactile/11.jpeg","","Bed","https://tactileeval.s3.us-east-1.amazonaws.com/family_datasets/Furniture_and_Structures/Bed/Natural/12_Bed.jpg","https://tactileeval.s3.us-east-1.amazonaws.com/family_datasets/Furniture_and_Structures/Bed/Tactile/12.jpeg","","Bed","https://tactileeval.s3.us-east-1.amazonaws.com/family_datasets/Furniture_and_Structures/Bed/Natural/13_Bed.jpg","https://tactileeval.s3.us-east-1.amazonaws.com/family_datasets/Furniture_and_Structures/Bed/Tactile/13.jpeg","","Bed","https://tactileeval.s3.us-east-1.amazonaws.com/family_datasets/Furniture_and_Structures/Bed/Natural/14_Bed.jpg","https://tactileeval.s3.us-east-1.amazonaws.com/family_datasets/Furniture_and_Structures/Bed/Tactile/14.jpeg","","Chair","https://tactileeval.s3.us-east-1.amazonaws.com/family_datasets/Furniture_and_Structures/Chair/Natural/1_Chair.jpg","https://tactileeval.s3.us-east-1.amazonaws.com/family_datasets/Furniture_and_Structures/Chair/Tactile/1.jpg","","Chair","https://tactileeval.s3.us-east-1.amazonaws.com/family_datasets/Furniture_and_Structures/Chair/Natural/2_Chair.jpg","https://tactileeval.s3.us-east-1.amazonaws.com/family_datasets/Furniture_and_Structures/Chair/Tactile/2.jpg","","Chair","https://tactileeval.s3.us-east-1.amazonaws.com/family_datasets/Furniture_and_Structures/Chair/Natural/3_Chair%282%29.jpg","https://tactileeval.s3.us-east-1.amazonaws.com/family_datasets/Furniture_and_Structures/Chair/Tactile/3.jpg","","Chair","https://tactileeval.s3.us-east-1.amazonaws.com/family_datasets/Furniture_and_Structures/Chair/Natural/4_Chair%282%29_Edited.jpg","https://tactileeval.s3.us-east-1.amazonaws.com/family_datasets/Furniture_and_Structures/Chair/Tactile/4.png","","Chair","https://tactileeval.s3.us-east-1.amazonaws.com/family_datasets/Furniture_and_Structures/Chair/Natural/5_Chair.jpg","https://tactileeval.s3.us-east-1.amazonaws.com/family_datasets/Furniture_and_Structures/Chair/Tactile/5.jpg","","Chair","https://tactileeval.s3.us-east-1.amazonaws.com/family_datasets/Furniture_and_Structures/Chair/Natural/6_Chair.jpg","https://tactileeval.s3.us-east-1.amazonaws.com/family_datasets/Furniture_and_Structures/Chair/Tactile/6.jpg","","[{""question1"":{""background_clean"":false,""object_match"":true,""posture_match"":true},""question10"":{""background_clean"":true,""object_match"":true,""posture_match"":false},""question2"":{""background_clean"":false,""object_match"":true,""posture_match"":true},""question3"":{""background_clean"":true,""object_match"":true,""posture_match"":true},""question4"":{""background_clean"":true,""object_match"":true,""posture_match"":true},""question5"":{""background_clean"":true,""object_match"":true,""posture_match"":true},""question6"":{""background_clean"":true,""object_match"":true,""posture_match"":true},""question7"":{""background_clean"":true,""object_match"":false,""posture_match"":false},""question8"":{""background_clean"":false,""object_match"":true,""posture_match"":true},""question9"":{""background_clean"":true,""object_match"":false,""posture_match"":true}}]"
"31HLTCK4CD9F2JNUAZXZZ1M5RRPVGM","3QPQ7LAZEJ66DCMTWSGVH84J28CQAM","Categorize images based on background and posture.","Review 10 line-arts and judge if it has adequate background and configuration. (10 pairs)","tactile, image review, accessibility, furniture and structures","$0.08","Tue Apr 14 17:40:00 PDT 2026","7","BatchId:5385436;OriginalHitTemplateId:928390873;","1200","1296000","Tue Apr 21 17:40:00 PDT 2026","","","3T111IHZ674AGMHYDBRGU778646R96","AXKXVUS9RU633","Approved","Wed Apr 15 04:33:07 PDT 2026","Wed Apr 15 04:38:21 PDT 2026","Thu Apr 30 04:38:21 PDT 2026","Sat Apr 18 19:55:58 PDT 2026","","","314","100% (1/1)","100% (1/1)","100% (1/1)","Bed","https://tactileeval.s3.us-east-1.amazonaws.com/family_datasets/Furniture_and_Structures/Bed/Natural/11_Bed.jpg","https://tactileeval.s3.us-east-1.amazonaws.com/family_datasets/Furniture_and_Structures/Bed/Tactile/11.jpeg","","Bed","https://tactileeval.s3.us-east-1.amazonaws.com/family_datasets/Furniture_and_Structures/Bed/Natural/12_Bed.jpg","https://tactileeval.s3.us-east-1.amazonaws.com/family_datasets/Furniture_and_Structures/Bed/Tactile/12.jpeg","","Bed","https://tactileeval.s3.us-east-1.amazonaws.com/family_datasets/Furniture_and_Structures/Bed/Natural/13_Bed.jpg","https://tactileeval.s3.us-east-1.amazonaws.com/family_datasets/Furniture_and_Structures/Bed/Tactile/13.jpeg","","Bed","https://tactileeval.s3.us-east-1.amazonaws.com/family_datasets/Furniture_and_Structures/Bed/Natural/14_Bed.jpg","https://tactileeval.s3.us-east-1.amazonaws.com/family_datasets/Furniture_and_Structures/Bed/Tactile/14.jpeg","","Chair","https://tactileeval.s3.us-east-1.amazonaws.com/family_datasets/Furniture_and_Structures/Chair/Natural/1_Chair.jpg","https://tactileeval.s3.us-east-1.amazonaws.com/family_datasets/Furniture_and_Structures/Chair/Tactile/1.jpg","","Chair","https://tactileeval.s3.us-east-1.amazonaws.com/family_datasets/Furniture_and_Structures/Chair/Natural/2_Chair.jpg","https://tactileeval.s3.us-east-1.amazonaws.com/family_datasets/Furniture_and_Structures/Chair/Tactile/2.jpg","","Chair","https://tactileeval.s3.us-east-1.amazonaws.com/family_datasets/Furniture_and_Structures/Chair/Natural/3_Chair%282%29.jpg","https://tactileeval.s3.us-east-1.amazonaws.com/family_datasets/Furniture_and_Structures/Chair/Tactile/3.jpg","","Chair","https://tactileeval.s3.us-east-1.amazonaws.com/family_datasets/Furniture_and_Structures/Chair/Natural/4_Chair%282%29_Edited.jpg","https://tactileeval.s3.us-east-1.amazonaws.com/family_datasets/Furniture_and_Structures/Chair/Tactile/4.png","","Chair","https://tactileeval.s3.us-east-1.amazonaws.com/family_datasets/Furniture_and_Structures/Chair/Natural/5_Chair.jpg","https://tactileeval.s3.us-east-1.amazonaws.com/family_datasets/Furniture_and_Structures/Chair/Tactile/5.jpg","","Chair","https://tactileeval.s3.us-east-1.amazonaws.com/family_datasets/Furniture_and_Structures/Chair/Natural/6_Chair.jpg","https://tactileeval.s3.us-east-1.amazonaws.com/family_datasets/Furniture_and_Structures/Chair/Tactile/6.jpg","","[{""question1"":{""background_clean"":false,""object_match"":true,""posture_match"":true},""question10"":{""background_clean"":true,""object_match"":true,""posture_match"":false},""question2"":{""background_clean"":false,""object_match"":true,""posture_match"":true},""question3"":{""background_clean"":true,""object_match"":true,""posture_match"":true},""question4"":{""background_clean"":true,""object_match"":true,""posture_match"":true},""question5"":{""background_clean"":true,""object_match"":true,""posture_match"":false},""question6"":{""background_clean"":true,""object_match"":true,""posture_match"":false},""question7"":{""background_clean"":true,""object_match"":false,""posture_match"":false},""question8"":{""background_clean"":true,""object_match"":true,""posture_match"":true},""question9"":{""background_clean"":true,""object_match"":true,""posture_match"":true}}]"
"31HLTCK4CD9F2JNUAZXZZ1M5RRPVGM","3QPQ7LAZEJ66DCMTWSGVH84J28CQAM","Categorize images based on background and posture.","Review 10 line-arts and judge if it has adequate background and configuration. (10 pairs)","tactile, image review, accessibility, furniture and structures","$0.08","Tue Apr 14 17:40:00 PDT 2026","7","BatchId:5385436;OriginalHitTemplateId:928390873;","1200","1296000","Tue Apr 21 17:40:00 PDT 2026","","","3Z3ZLGNNTB8OPJDIJN16Y4UHAOGQ35","A2U7UDW9Y1WGWF","Approved","Tue Apr 14 18:24:35 PDT 2026","Tue Apr 14 18:31:47 PDT 2026","Wed Apr 29 18:31:47 PDT 2026","Sat Apr 18 19:55:58 PDT 2026","","","432","100% (42/42)","100% (36/36)","100% (36/36)","Bed","https://tactileeval.s3.us-east-1.amazonaws.com/family_datasets/Furniture_and_Structures/Bed/Natural/11_Bed.jpg","https://tactileeval.s3.us-east-1.amazonaws.com/family_datasets/Furniture_and_Structures/Bed/Tactile/11.jpeg","","Bed","https://tactileeval.s3.us-east-1.amazonaws.com/family_datasets/Furniture_and_Structures/Bed/Natural/12_Bed.jpg","https://tactileeval.s3.us-east-1.amazonaws.com/family_datasets/Furniture_and_Structures/Bed/Tactile/12.jpeg","","Bed","https://tactileeval.s3.us-east-1.amazonaws.com/family_datasets/Furniture_and_Structures/Bed/Natural/13_Bed.jpg","https://tactileeval.s3.us-east-1.amazonaws.com/family_datasets/Furniture_and_Structures/Bed/Tactile/13.jpeg","","Bed","https://tactileeval.s3.us-east-1.amazonaws.com/family_datasets/Furniture_and_Structures/Bed/Natural/14_Bed.jpg","https://tactileeval.s3.us-east-1.amazonaws.com/family_datasets/Furniture_and_Structures/Bed/Tactile/14.jpeg","","Chair","https://tactileeval.s3.us-east-1.amazonaws.com/family_datasets/Furniture_and_Structures/Chair/Natural/1_Chair.jpg","https://tactileeval.s3.us-east-1.amazonaws.com/family_datasets/Furniture_and_Structures/Chair/Tactile/1.jpg","","Chair","https://tactileeval.s3.us-east-1.amazonaws.com/family_datasets/Furniture_and_Structures/Chair/Natural/2_Chair.jpg","https://tactileeval.s3.us-east-1.amazonaws.com/family_datasets/Furniture_and_Structures/Chair/Tactile/2.jpg","","Chair","https://tactileeval.s3.us-east-1.amazonaws.com/family_datasets/Furniture_and_Structures/Chair/Natural/3_Chair%282%29.jpg","https://tactileeval.s3.us-east-1.amazonaws.com/family_datasets/Furniture_and_Structures/Chair/Tactile/3.jpg","","Chair","https://tactileeval.s3.us-east-1.amazonaws.com/family_datasets/Furniture_and_Structures/Chair/Natural/4_Chair%282%29_Edited.jpg","https://tactileeval.s3.us-east-1.amazonaws.com/family_datasets/Furniture_and_Structures/Chair/Tactile/4.png","","Chair","https://tactileeval.s3.us-east-1.amazonaws.com/family_datasets/Furniture_and_Structures/Chair/Natural/5_Chair.jpg","https://tactileeval.s3.us-east-1.amazonaws.com/family_datasets/Furniture_and_Structures/Chair/Tactile/5.jpg","","Chair","https://tactileeval.s3.us-east-1.amazonaws.com/family_datasets/Furniture_and_Structures/Chair/Natural/6_Chair.jpg","https://tactileeval.s3.us-east-1.amazonaws.com/family_datasets/Furniture_and_Structures/Chair/Tactile/6.jpg","","[{""question1"":{""background_clean"":false,""object_match"":true,""posture_match"":true},""question10"":{""background_clean"":true,""object_match"":false,""posture_match"":true},""question2"":{""background_clean"":false,""object_match"":true,""posture_match"":true},""question3"":{""background_clean"":true,""object_match"":true,""posture_match"":false},""question4"":{""background_clean"":true,""object_match"":true,""posture_match"":true},""question5"":{""background_clean"":true,""object_match"":false,""posture_match"":true},""question6"":{""background_clean"":true,""object_match"":true,""posture_match"":true},""question7"":{""background_clean"":true,""object_match"":false,""posture_match"":true},""question8"":{""background_clean"":true,""object_match"":true,""posture_match"":true},""question9"":{""background_clean"":true,""object_match"":true,""posture_match"":true}}]"
"38O9DZ0A7U148Z0MAC42L5C50FU26K","3QPQ7LAZEJ66DCMTWSGVH84J28CQAM","Categorize images based on background and posture.","Review 10 line-arts and judge if it has adequate background and configuration. (10 pairs)","tactile, image review, accessibility, furniture and structures","$0.08","Tue Apr 14 17:40:00 PDT 2026","7","BatchId:5385436;OriginalHitTemplateId:928390873;","1200","1296000","Tue Apr 21 17:40:00 PDT 2026","","","37Z929RLH2M51GQPQ6W2BHDGMBESTD","A2U7UDW9Y1WGWF","Approved","Tue Apr 14 18:24:36 PDT 2026","Tue Apr 14 18:33:53 PDT 2026","Wed Apr 29 18:33:53 PDT 2026","Sat Apr 18 19:55:58 PDT 2026","","","557","100% (42/42)","100% (36/36)","100% (36/36)","Chair","https://tactileeval.s3.us-east-1.amazonaws.com/family_datasets/Furniture_and_Structures/Chair/Natural/7_Chair.jpg","https://tactileeval.s3.us-east-1.amazonaws.com/family_datasets/Furniture_and_Structures/Chair/Tactile/7.jpg","","Chair","https://tactileeval.s3.us-east-1.amazonaws.com/family_datasets/Furniture_and_Structures/Chair/Natural/8_Chair.jpg","https://tactileeval.s3.us-east-1.amazonaws.com/family_datasets/Furniture_and_Structures/Chair/Tactile/8.jpg","","Chair","https://tactileeval.s3.us-east-1.amazonaws.com/family_datasets/Furniture_and_Structures/Chair/Natural/9_Chair.jpg","https://tactileeval.s3.us-east-1.amazonaws.com/family_datasets/Furniture_and_Structures/Chair/Tactile/9.jpg","","Chair","https://tactileeval.s3.us-east-1.amazonaws.com/family_datasets/Furniture_and_Structures/Chair/Natural/10_Chair.jpg","https://tactileeval.s3.us-east-1.amazonaws.com/family_datasets/Furniture_and_Structures/Chair/Tactile/10.jpg","","Chair","https://tactileeval.s3.us-east-1.amazonaws.com/family_datasets/Furniture_and_Structures/Chair/Natural/11_Chair%282%29.jpg","https://tactileeval.s3.us-east-1.amazonaws.com/family_datasets/Furniture_and_Structures/Chair/Tactile/11.jpg","","Chair","https://tactileeval.s3.us-east-1.amazonaws.com/family_datasets/Furniture_and_Structures/Chair/Natural/12_Chair%282%29.jpg","https://tactileeval.s3.us-east-1.amazonaws.com/family_datasets/Furniture_and_Structures/Chair/Tactile/12.png","","Door","https://tactileeval.s3.us-east-1.amazonaws.com/family_datasets/Furniture_and_Structures/Door/Natural/Door_1.jpg","https://tactileeval.s3.us-east-1.amazonaws.com/family_datasets/Furniture_and_Structures/Door/Tactile/1.jpg","","Door","https://tactileeval.s3.us-east-1.amazonaws.com/family_datasets/Furniture_and_Structures/Door/Natural/Door_2.jpg","https://tactileeval.s3.us-east-1.amazonaws.com/family_datasets/Furniture_and_Structures/Door/Tactile/2.jpg","","Door","https://tactileeval.s3.us-east-1.amazonaws.com/family_datasets/Furniture_and_Structures/Door/Natural/Door_3.jpg","https://tactileeval.s3.us-east-1.amazonaws.com/family_datasets/Furniture_and_Structures/Door/Tactile/3.png","","Door","https://tactileeval.s3.us-east-1.amazonaws.com/family_datasets/Furniture_and_Structures/Door/Natural/Door_4.jpg","https://tactileeval.s3.us-east-1.amazonaws.com/family_datasets/Furniture_and_Structures/Door/Tactile/4.jpg","","[{""question1"":{""background_clean"":true,""object_match"":false,""posture_match"":true},""question10"":{""background_clean"":true,""object_match"":false,""posture_match"":true},""question2"":{""background_clean"":true,""object_match"":true,""posture_match"":true},""question3"":{""background_clean"":true,""object_match"":false,""posture_match"":true},""question4"":{""background_clean"":true,""object_match"":true,""posture_match"":true},""question5"":{""background_clean"":true,""object_match"":true,""posture_match"":true},""question6"":{""background_clean"":true,""object_match"":true,""posture_match"":true},""question7"":{""background_clean"":true,""object_match"":true,""posture_match"":true},""question8"":{""background_clean"":true,""object_match"":false,""posture_match"":true},""question9"":{""background_clean"":false,""object_match"":true,""posture_match"":false}}]"
"38O9DZ0A7U148Z0MAC42L5C50FU26K","3QPQ7LAZEJ66DCMTWSGVH84J28CQAM","Categorize images based on background and posture.","Review 10 line-arts and judge if it has adequate background and configuration. (10 pairs)","tactile, image review, accessibility, furniture and structures","$0.08","Tue Apr 14 17:40:00 PDT 2026","7","BatchId:5385436;OriginalHitTemplateId:928390873;","1200","1296000","Tue Apr 21 17:40:00 PDT 2026","","","3C44YUNSJU317ZE0CZSTB8QJW6WDPE","A22YCS3UW15WOO","Approved","Tue Apr 14 20:35:18 PDT 2026","Tue Apr 14 20:39:17 PDT 2026","Wed Apr 29 20:39:17 PDT 2026","Sat Apr 18 19:55:58 PDT 2026","","","239","94% (208/221)","86% (83/96)","86% (83/96)","Chair","https://tactileeval.s3.us-east-1.amazonaws.com/family_datasets/Furniture_and_Structures/Chair/Natural/7_Chair.jpg","https://tactileeval.s3.us-east-1.amazonaws.com/family_datasets/Furniture_and_Structures/Chair/Tactile/7.jpg","","Chair","https://tactileeval.s3.us-east-1.amazonaws.com/family_datasets/Furniture_and_Structures/Chair/Natural/8_Chair.jpg","https://tactileeval.s3.us-east-1.amazonaws.com/family_datasets/Furniture_and_Structures/Chair/Tactile/8.jpg","","Chair","https://tactileeval.s3.us-east-1.amazonaws.com/family_datasets/Furniture_and_Structures/Chair/Natural/9_Chair.jpg","https://tactileeval.s3.us-east-1.amazonaws.com/family_datasets/Furniture_and_Structures/Chair/Tactile/9.jpg","","Chair","https://tactileeval.s3.us-east-1.amazonaws.com/family_datasets/Furniture_and_Structures/Chair/Natural/10_Chair.jpg","https://tactileeval.s3.us-east-1.amazonaws.com/family_datasets/Furniture_and_Structures/Chair/Tactile/10.jpg","","Chair","https://tactileeval.s3.us-east-1.amazonaws.com/family_datasets/Furniture_and_Structures/Chair/Natural/11_Chair%282%29.jpg","https://tactileeval.s3.us-east-1.amazonaws.com/family_datasets/Furniture_and_Structures/Chair/Tactile/11.jpg","","Chair","https://tactileeval.s3.us-east-1.amazonaws.com/family_datasets/Furniture_and_Structures/Chair/Natural/12_Chair%282%29.jpg","https://tactileeval.s3.us-east-1.amazonaws.com/family_datasets/Furniture_and_Structures/Chair/Tactile/12.png","","Door","https://tactileeval.s3.us-east-1.amazonaws.com/family_datasets/Furniture_and_Structures/Door/Natural/Door_1.jpg","https://tactileeval.s3.us-east-1.amazonaws.com/family_datasets/Furniture_and_Structures/Door/Tactile/1.jpg","","Door","https://tactileeval.s3.us-east-1.amazonaws.com/family_datasets/Furniture_and_Structures/Door/Natural/Door_2.jpg","https://tactileeval.s3.us-east-1.amazonaws.com/family_datasets/Furniture_and_Structures/Door/Tactile/2.jpg","","Door","https://tactileeval.s3.us-east-1.amazonaws.com/family_datasets/Furniture_and_Structures/Door/Natural/Door_3.jpg","https://tactileeval.s3.us-east-1.amazonaws.com/family_datasets/Furniture_and_Structures/Door/Tactile/3.png","","Door","https://tactileeval.s3.us-east-1.amazonaws.com/family_datasets/Furniture_and_Structures/Door/Natural/Door_4.jpg","https://tactileeval.s3.us-east-1.amazonaws.com/family_datasets/Furniture_and_Structures/Door/Tactile/4.jpg","","[{""question1"":{""background_clean"":true,""object_match"":true,""posture_match"":true},""question10"":{""background_clean"":true,""object_match"":true,""posture_match"":true},""question2"":{""background_clean"":true,""object_match"":true,""posture_match"":true},""question3"":{""background_clean"":true,""object_match"":true,""posture_match"":true},""question4"":{""background_clean"":true,""object_match"":true,""posture_match"":true},""question5"":{""background_clean"":true,""object_match"":true,""posture_match"":true},""question6"":{""background_clean"":true,""object_match"":true,""posture_match"":true},""question7"":{""background_clean"":true,""object_match"":true,""posture_match"":true},""question8"":{""background_clean"":false,""object_match"":true,""posture_match"":true},""question9"":{""background_clean"":false,""object_match"":true,""posture_match"":true}}]"
"38O9DZ0A7U148Z0MAC42L5C50FU26K","3QPQ7LAZEJ66DCMTWSGVH84J28CQAM","Categorize images based on background and posture.","Review 10 line-arts and judge if it has adequate background and configuration. (10 pairs)","tactile, image review, accessibility, furniture and structures","$0.08","Tue Apr 14 17:40:00 PDT 2026","7","BatchId:5385436;OriginalHitTemplateId:928390873;","1200","1296000","Tue Apr 21 17:40:00 PDT 2026","","","3JZQSN0I4JOSS6ZX0MXW5ZFC7SXGFW","A1GFLIIHEL2KVW","Approved","Tue Apr 14 21:32:54 PDT 2026","Tue Apr 14 21:34:30 PDT 2026","Wed Apr 29 21:34:30 PDT 2026","Sat Apr 18 19:55:58 PDT 2026","","","96","83% (163/196)","30% (14/46)","30% (14/46)","Chair","https://tactileeval.s3.us-east-1.amazonaws.com/family_datasets/Furniture_and_Structures/Chair/Natural/7_Chair.jpg","https://tactileeval.s3.us-east-1.amazonaws.com/family_datasets/Furniture_and_Structures/Chair/Tactile/7.jpg","","Chair","https://tactileeval.s3.us-east-1.amazonaws.com/family_datasets/Furniture_and_Structures/Chair/Natural/8_Chair.jpg","https://tactileeval.s3.us-east-1.amazonaws.com/family_datasets/Furniture_and_Structures/Chair/Tactile/8.jpg","","Chair","https://tactileeval.s3.us-east-1.amazonaws.com/family_datasets/Furniture_and_Structures/Chair/Natural/9_Chair.jpg","https://tactileeval.s3.us-east-1.amazonaws.com/family_datasets/Furniture_and_Structures/Chair/Tactile/9.jpg","","Chair","https://tactileeval.s3.us-east-1.amazonaws.com/family_datasets/Furniture_and_Structures/Chair/Natural/10_Chair.jpg","https://tactileeval.s3.us-east-1.amazonaws.com/family_datasets/Furniture_and_Structures/Chair/Tactile/10.jpg","","Chair","https://tactileeval.s3.us-east-1.amazonaws.com/family_datasets/Furniture_and_Structures/Chair/Natural/11_Chair%282%29.jpg","https://tactileeval.s3.us-east-1.amazonaws.com/family_datasets/Furniture_and_Structures/Chair/Tactile/11.jpg","","Chair","https://tactileeval.s3.us-east-1.amazonaws.com/family_datasets/Furniture_and_Structures/Chair/Natural/12_Chair%282%29.jpg","https://tactileeval.s3.us-east-1.amazonaws.com/family_datasets/Furniture_and_Structures/Chair/Tactile/12.png","","Door","https://tactileeval.s3.us-east-1.amazonaws.com/family_datasets/Furniture_and_Structures/Door/Natural/Door_1.jpg","https://tactileeval.s3.us-east-1.amazonaws.com/family_datasets/Furniture_and_Structures/Door/Tactile/1.jpg","","Door","https://tactileeval.s3.us-east-1.amazonaws.com/family_datasets/Furniture_and_Structures/Door/Natural/Door_2.jpg","https://tactileeval.s3.us-east-1.amazonaws.com/family_datasets/Furniture_and_Structures/Door/Tactile/2.jpg","","Door","https://tactileeval.s3.us-east-1.amazonaws.com/family_datasets/Furniture_and_Structures/Door/Natural/Door_3.jpg","https://tactileeval.s3.us-east-1.amazonaws.com/family_datasets/Furniture_and_Structures/Door/Tactile/3.png","","Door","https://tactileeval.s3.us-east-1.amazonaws.com/family_datasets/Furniture_and_Structures/Door/Natural/Door_4.jpg","https://tactileeval.s3.us-east-1.amazonaws.com/family_datasets/Furniture_and_Structures/Door/Tactile/4.jpg","","[{""question1"":{""background_clean"":true,""object_match"":true,""posture_match"":true},""question10"":{""background_clean"":true,""object_match"":false,""posture_match"":false},""question2"":{""background_clean"":true,""object_match"":false,""posture_match"":false},""question3"":{""background_clean"":true,""object_match"":false,""posture_match"":false},""question4"":{""background_clean"":true,""object_match"":true,""posture_match"":true},""question5"":{""background_clean"":true,""object_match"":true,""posture_match"":true},""question6"":{""background_clean"":true,""object_match"":false,""posture_match"":false},""question7"":{""background_clean"":true,""object_match"":true,""posture_match"":true},""question8"":{""background_clean"":true,""object_match"":false,""posture_match"":false},""question9"":{""background_clean"":false,""object_match"":true,""posture_match"":true}}]"
"38O9DZ0A7U148Z0MAC42L5C50FU26K","3QPQ7LAZEJ66DCMTWSGVH84J28CQAM","Categorize images based on background and posture.","Review 10 line-arts and judge if it has adequate background and configuration. (10 pairs)","tactile, image review, accessibility, furniture and structures","$0.08","Tue Apr 14 17:40:00 PDT 2026","7","BatchId:5385436;OriginalHitTemplateId:928390873;","1200","1296000","Tue Apr 21 17:40:00 PDT 2026","","","3LQ8PUHQGE6Q2TWYL0LZTW452LWIHK","A160C751AAPJOO","Approved","Wed Apr 15 04:44:04 PDT 2026","Wed Apr 15 04:59:55 PDT 2026","Thu Apr 30 04:59:55 PDT 2026","Sat Apr 18 19:55:58 PDT 2026","","","951","75% (6/8)","75% (6/8)","75% (6/8)","Chair","https://tactileeval.s3.us-east-1.amazonaws.com/family_datasets/Furniture_and_Structures/Chair/Natural/7_Chair.jpg","https://tactileeval.s3.us-east-1.amazonaws.com/family_datasets/Furniture_and_Structures/Chair/Tactile/7.jpg","","Chair","https://tactileeval.s3.us-east-1.amazonaws.com/family_datasets/Furniture_and_Structures/Chair/Natural/8_Chair.jpg","https://tactileeval.s3.us-east-1.amazonaws.com/family_datasets/Furniture_and_Structures/Chair/Tactile/8.jpg","","Chair","https://tactileeval.s3.us-east-1.amazonaws.com/family_datasets/Furniture_and_Structures/Chair/Natural/9_Chair.jpg","https://tactileeval.s3.us-east-1.amazonaws.com/family_datasets/Furniture_and_Structures/Chair/Tactile/9.jpg","","Chair","https://tactileeval.s3.us-east-1.amazonaws.com/family_datasets/Furniture_and_Structures/Chair/Natural/10_Chair.jpg","https://tactileeval.s3.us-east-1.amazonaws.com/family_datasets/Furniture_and_Structures/Chair/Tactile/10.jpg","","Chair","https://tactileeval.s3.us-east-1.amazonaws.com/family_datasets/Furniture_and_Structures/Chair/Natural/11_Chair%282%29.jpg","https://tactileeval.s3.us-east-1.amazonaws.com/family_datasets/Furniture_and_Structures/Chair/Tactile/11.jpg","","Chair","https://tactileeval.s3.us-east-1.amazonaws.com/family_datasets/Furniture_and_Structures/Chair/Natural/12_Chair%282%29.jpg","https://tactileeval.s3.us-east-1.amazonaws.com/family_datasets/Furniture_and_Structures/Chair/Tactile/12.png","","Door","https://tactileeval.s3.us-east-1.amazonaws.com/family_datasets/Furniture_and_Structures/Door/Natural/Door_1.jpg","https://tactileeval.s3.us-east-1.amazonaws.com/family_datasets/Furniture_and_Structures/Door/Tactile/1.jpg","","Door","https://tactileeval.s3.us-east-1.amazonaws.com/family_datasets/Furniture_and_Structures/Door/Natural/Door_2.jpg","https://tactileeval.s3.us-east-1.amazonaws.com/family_datasets/Furniture_and_Structures/Door/Tactile/2.jpg","","Door","https://tactileeval.s3.us-east-1.amazonaws.com/family_datasets/Furniture_and_Structures/Door/Natural/Door_3.jpg","https://tactileeval.s3.us-east-1.amazonaws.com/family_datasets/Furniture_and_Structures/Door/Tactile/3.png","","Door","https://tactileeval.s3.us-east-1.amazonaws.com/family_datasets/Furniture_and_Structures/Door/Natural/Door_4.jpg","https://tactileeval.s3.us-east-1.amazonaws.com/family_datasets/Furniture_and_Structures/Door/Tactile/4.jpg","","[{""question1"":{""background_clean"":true,""object_match"":true,""posture_match"":true},""question10"":{""background_clean"":true,""object_match"":true,""posture_match"":true},""question2"":{""background_clean"":true,""object_match"":false,""posture_match"":true},""question3"":{""background_clean"":true,""object_match"":false,""posture_match"":false},""question4"":{""background_clean"":true,""object_match"":true,""posture_match"":true},""question5"":{""background_clean"":true,""object_match"":true,""posture_match"":true},""question6"":{""background_clean"":true,""object_match"":true,""posture_match"":true},""question7"":{""background_clean"":true,""object_match"":true,""posture_match"":true},""question8"":{""background_clean"":true,""object_match"":false,""posture_match"":false},""question9"":{""background_clean"":true,""object_match"":true,""posture_match"":true}}]"
"38O9DZ0A7U148Z0MAC42L5C50FU26K","3QPQ7LAZEJ66DCMTWSGVH84J28CQAM","Categorize images based on background and posture.","Review 10 line-arts and judge if it has adequate background and configuration. (10 pairs)","tactile, image review, accessibility, furniture and structures","$0.08","Tue Apr 14 17:40:00 PDT 2026","7","BatchId:5385436;OriginalHitTemplateId:928390873;","1200","1296000","Tue Apr 21 17:40:00 PDT 2026","","","3SLE99ER1GR266IMLCZP7G4X3LSBZT","A3URILKJNVKSC6","Approved","Wed Apr 15 04:25:03 PDT 2026","Wed Apr 15 04:40:45 PDT 2026","Thu Apr 30 04:40:45 PDT 2026","Sat Apr 18 19:55:59 PDT 2026","","","942","75% (9/12)","70% (7/10)","70% (7/10)","Chair","https://tactileeval.s3.us-east-1.amazonaws.com/family_datasets/Furniture_and_Structures/Chair/Natural/7_Chair.jpg","https://tactileeval.s3.us-east-1.amazonaws.com/family_datasets/Furniture_and_Structures/Chair/Tactile/7.jpg","","Chair","https://tactileeval.s3.us-east-1.amazonaws.com/family_datasets/Furniture_and_Structures/Chair/Natural/8_Chair.jpg","https://tactileeval.s3.us-east-1.amazonaws.com/family_datasets/Furniture_and_Structures/Chair/Tactile/8.jpg","","Chair","https://tactileeval.s3.us-east-1.amazonaws.com/family_datasets/Furniture_and_Structures/Chair/Natural/9_Chair.jpg","https://tactileeval.s3.us-east-1.amazonaws.com/family_datasets/Furniture_and_Structures/Chair/Tactile/9.jpg","","Chair","https://tactileeval.s3.us-east-1.amazonaws.com/family_datasets/Furniture_and_Structures/Chair/Natural/10_Chair.jpg","https://tactileeval.s3.us-east-1.amazonaws.com/family_datasets/Furniture_and_Structures/Chair/Tactile/10.jpg","","Chair","https://tactileeval.s3.us-east-1.amazonaws.com/family_datasets/Furniture_and_Structures/Chair/Natural/11_Chair%282%29.jpg","https://tactileeval.s3.us-east-1.amazonaws.com/family_datasets/Furniture_and_Structures/Chair/Tactile/11.jpg","","Chair","https://tactileeval.s3.us-east-1.amazonaws.com/family_datasets/Furniture_and_Structures/Chair/Natural/12_Chair%282%29.jpg","https://tactileeval.s3.us-east-1.amazonaws.com/family_datasets/Furniture_and_Structures/Chair/Tactile/12.png","","Door","https://tactileeval.s3.us-east-1.amazonaws.com/family_datasets/Furniture_and_Structures/Door/Natural/Door_1.jpg","https://tactileeval.s3.us-east-1.amazonaws.com/family_datasets/Furniture_and_Structures/Door/Tactile/1.jpg","","Door","https://tactileeval.s3.us-east-1.amazonaws.com/family_datasets/Furniture_and_Structures/Door/Natural/Door_2.jpg","https://tactileeval.s3.us-east-1.amazonaws.com/family_datasets/Furniture_and_Structures/Door/Tactile/2.jpg","","Door","https://tactileeval.s3.us-east-1.amazonaws.com/family_datasets/Furniture_and_Structures/Door/Natural/Door_3.jpg","https://tactileeval.s3.us-east-1.amazonaws.com/family_datasets/Furniture_and_Structures/Door/Tactile/3.png","","Door","https://tactileeval.s3.us-east-1.amazonaws.com/family_datasets/Furniture_and_Structures/Door/Natural/Door_4.jpg","https://tactileeval.s3.us-east-1.amazonaws.com/family_datasets/Furniture_and_Structures/Door/Tactile/4.jpg","","[{""question1"":{""background_clean"":true,""object_match"":true,""posture_match"":false},""question10"":{""background_clean"":true,""object_match"":false,""posture_match"":false},""question2"":{""background_clean"":true,""object_match"":true,""posture_match"":false},""question3"":{""background_clean"":true,""object_match"":true,""posture_match"":false},""question4"":{""background_clean"":true,""object_match"":true,""posture_match"":true},""question5"":{""background_clean"":true,""object_match"":true,""posture_match"":false},""question6"":{""background_clean"":true,""object_match"":true,""posture_match"":false},""question7"":{""background_clean"":true,""object_match"":true,""posture_match"":true},""question8"":{""background_clean"":true,""object_match"":false,""posture_match"":false},""question9"":{""background_clean"":false,""object_match"":true,""posture_match"":true}}]"
"38O9DZ0A7U148Z0MAC42L5C50FU26K","3QPQ7LAZEJ66DCMTWSGVH84J28CQAM","Categorize images based on background and posture.","Review 10 line-arts and judge if it has adequate background and configuration. (10 pairs)","tactile, image review, accessibility, furniture and structures","$0.08","Tue Apr 14 17:40:00 PDT 2026","7","BatchId:5385436;OriginalHitTemplateId:928390873;","1200","1296000","Tue Apr 21 17:40:00 PDT 2026","","","3X73LLYYRUSIGU7PIGYRY40MOKQNH5","A1LO9EDDV5D7LM","Approved","Wed Apr 15 04:44:44 PDT 2026","Wed Apr 15 04:49:09 PDT 2026","Thu Apr 30 04:49:09 PDT 2026","Sat Apr 18 19:55:59 PDT 2026","","","265","100% (6/6)","100% (6/6)","100% (6/6)","Chair","https://tactileeval.s3.us-east-1.amazonaws.com/family_datasets/Furniture_and_Structures/Chair/Natural/7_Chair.jpg","https://tactileeval.s3.us-east-1.amazonaws.com/family_datasets/Furniture_and_Structures/Chair/Tactile/7.jpg","","Chair","https://tactileeval.s3.us-east-1.amazonaws.com/family_datasets/Furniture_and_Structures/Chair/Natural/8_Chair.jpg","https://tactileeval.s3.us-east-1.amazonaws.com/family_datasets/Furniture_and_Structures/Chair/Tactile/8.jpg","","Chair","https://tactileeval.s3.us-east-1.amazonaws.com/family_datasets/Furniture_and_Structures/Chair/Natural/9_Chair.jpg","https://tactileeval.s3.us-east-1.amazonaws.com/family_datasets/Furniture_and_Structures/Chair/Tactile/9.jpg","","Chair","https://tactileeval.s3.us-east-1.amazonaws.com/family_datasets/Furniture_and_Structures/Chair/Natural/10_Chair.jpg","https://tactileeval.s3.us-east-1.amazonaws.com/family_datasets/Furniture_and_Structures/Chair/Tactile/10.jpg","","Chair","https://tactileeval.s3.us-east-1.amazonaws.com/family_datasets/Furniture_and_Structures/Chair/Natural/11_Chair%282%29.jpg","https://tactileeval.s3.us-east-1.amazonaws.com/family_datasets/Furniture_and_Structures/Chair/Tactile/11.jpg","","Chair","https://tactileeval.s3.us-east-1.amazonaws.com/family_datasets/Furniture_and_Structures/Chair/Natural/12_Chair%282%29.jpg","https://tactileeval.s3.us-east-1.amazonaws.com/family_datasets/Furniture_and_Structures/Chair/Tactile/12.png","","Door","https://tactileeval.s3.us-east-1.amazonaws.com/family_datasets/Furniture_and_Structures/Door/Natural/Door_1.jpg","https://tactileeval.s3.us-east-1.amazonaws.com/family_datasets/Furniture_and_Structures/Door/Tactile/1.jpg","","Door","https://tactileeval.s3.us-east-1.amazonaws.com/family_datasets/Furniture_and_Structures/Door/Natural/Door_2.jpg","https://tactileeval.s3.us-east-1.amazonaws.com/family_datasets/Furniture_and_Structures/Door/Tactile/2.jpg","","Door","https://tactileeval.s3.us-east-1.amazonaws.com/family_datasets/Furniture_and_Structures/Door/Natural/Door_3.jpg","https://tactileeval.s3.us-east-1.amazonaws.com/family_datasets/Furniture_and_Structures/Door/Tactile/3.png","","Door","https://tactileeval.s3.us-east-1.amazonaws.com/family_datasets/Furniture_and_Structures/Door/Natural/Door_4.jpg","https://tactileeval.s3.us-east-1.amazonaws.com/family_datasets/Furniture_and_Structures/Door/Tactile/4.jpg","","[{""question1"":{""background_clean"":true,""object_match"":false,""posture_match"":false},""question10"":{""background_clean"":true,""object_match"":false,""posture_match"":false},""question2"":{""background_clean"":true,""object_match"":false,""posture_match"":false},""question3"":{""background_clean"":true,""object_match"":false,""posture_match"":false},""question4"":{""background_clean"":true,""object_match"":false,""posture_match"":false},""question5"":{""background_clean"":true,""object_match"":false,""posture_match"":false},""question6"":{""background_clean"":true,""object_match"":false,""posture_match"":false},""question7"":{""background_clean"":true,""object_match"":false,""posture_match"":false},""question8"":{""background_clean"":true,""object_match"":false,""posture_match"":false},""question9"":{""background_clean"":false,""object_match"":true,""posture_match"":false}}]"
"38O9DZ0A7U148Z0MAC42L5C50FU26K","3QPQ7LAZEJ66DCMTWSGVH84J28CQAM","Categorize images based on background and posture.","Review 10 line-arts and judge if it has adequate background and configuration. (10 pairs)","tactile, image review, accessibility, furniture and structures","$0.08","Tue Apr 14 17:40:00 PDT 2026","7","BatchId:5385436;OriginalHitTemplateId:928390873;","1200","1296000","Tue Apr 21 17:40:00 PDT 2026","","","3Y4W8Q93MSYECJBWYB1SH0F1IU3DV5","A1XT2MMWYNR9HU","Approved","Tue Apr 14 20:59:38 PDT 2026","Tue Apr 14 21:12:57 PDT 2026","Wed Apr 29 21:12:57 PDT 2026","Sat Apr 18 19:55:59 PDT 2026","","","799","90% (55/61)","60% (9/15)","60% (9/15)","Chair","https://tactileeval.s3.us-east-1.amazonaws.com/family_datasets/Furniture_and_Structures/Chair/Natural/7_Chair.jpg","https://tactileeval.s3.us-east-1.amazonaws.com/family_datasets/Furniture_and_Structures/Chair/Tactile/7.jpg","","Chair","https://tactileeval.s3.us-east-1.amazonaws.com/family_datasets/Furniture_and_Structures/Chair/Natural/8_Chair.jpg","https://tactileeval.s3.us-east-1.amazonaws.com/family_datasets/Furniture_and_Structures/Chair/Tactile/8.jpg","","Chair","https://tactileeval.s3.us-east-1.amazonaws.com/family_datasets/Furniture_and_Structures/Chair/Natural/9_Chair.jpg","https://tactileeval.s3.us-east-1.amazonaws.com/family_datasets/Furniture_and_Structures/Chair/Tactile/9.jpg","","Chair","https://tactileeval.s3.us-east-1.amazonaws.com/family_datasets/Furniture_and_Structures/Chair/Natural/10_Chair.jpg","https://tactileeval.s3.us-east-1.amazonaws.com/family_datasets/Furniture_and_Structures/Chair/Tactile/10.jpg","","Chair","https://tactileeval.s3.us-east-1.amazonaws.com/family_datasets/Furniture_and_Structures/Chair/Natural/11_Chair%282%29.jpg","https://tactileeval.s3.us-east-1.amazonaws.com/family_datasets/Furniture_and_Structures/Chair/Tactile/11.jpg","","Chair","https://tactileeval.s3.us-east-1.amazonaws.com/family_datasets/Furniture_and_Structures/Chair/Natural/12_Chair%282%29.jpg","https://tactileeval.s3.us-east-1.amazonaws.com/family_datasets/Furniture_and_Structures/Chair/Tactile/12.png","","Door","https://tactileeval.s3.us-east-1.amazonaws.com/family_datasets/Furniture_and_Structures/Door/Natural/Door_1.jpg","https://tactileeval.s3.us-east-1.amazonaws.com/family_datasets/Furniture_and_Structures/Door/Tactile/1.jpg","","Door","https://tactileeval.s3.us-east-1.amazonaws.com/family_datasets/Furniture_and_Structures/Door/Natural/Door_2.jpg","https://tactileeval.s3.us-east-1.amazonaws.com/family_datasets/Furniture_and_Structures/Door/Tactile/2.jpg","","Door","https://tactileeval.s3.us-east-1.amazonaws.com/family_datasets/Furniture_and_Structures/Door/Natural/Door_3.jpg","https://tactileeval.s3.us-east-1.amazonaws.com/family_datasets/Furniture_and_Structures/Door/Tactile/3.png","","Door","https://tactileeval.s3.us-east-1.amazonaws.com/family_datasets/Furniture_and_Structures/Door/Natural/Door_4.jpg","https://tactileeval.s3.us-east-1.amazonaws.com/family_datasets/Furniture_and_Structures/Door/Tactile/4.jpg","","[{""question1"":{""background_clean"":true,""object_match"":true,""posture_match"":true},""question10"":{""background_clean"":true,""object_match"":true,""posture_match"":true},""question2"":{""background_clean"":true,""object_match"":false,""posture_match"":true},""question3"":{""background_clean"":true,""object_match"":false,""posture_match"":false},""question4"":{""background_clean"":true,""object_match"":true,""posture_match"":true},""question5"":{""background_clean"":true,""object_match"":true,""posture_match"":false},""question6"":{""background_clean"":true,""object_match"":false,""posture_match"":true},""question7"":{""background_clean"":true,""object_match"":false,""posture_match"":true},""question8"":{""background_clean"":true,""object_match"":false,""posture_match"":false},""question9"":{""background_clean"":false,""object_match"":true,""posture_match"":true}}]"
"3RQVKZ7ZSCXNCZERTM9URJC1VQE27J","3QPQ7LAZEJ66DCMTWSGVH84J28CQAM","Categorize images based on background and posture.","Review 10 line-arts and judge if it has adequate background and configuration. (10 pairs)","tactile, image review, accessibility, furniture and structures","$0.08","Tue Apr 14 17:40:00 PDT 2026","7","BatchId:5385436;OriginalHitTemplateId:928390873;","1200","1296000","Tue Apr 21 17:40:00 PDT 2026","","","32AT8R96HENK1T5EQBMCGDZI5PLSU4","A2U7UDW9Y1WGWF","Approved","Tue Apr 14 18:24:37 PDT 2026","Tue Apr 14 18:36:12 PDT 2026","Wed Apr 29 18:36:12 PDT 2026","Sat Apr 18 19:55:59 PDT 2026","","","695","100% (42/42)","100% (36/36)","100% (36/36)","Door","https://tactileeval.s3.us-east-1.amazonaws.com/family_datasets/Furniture_and_Structures/Door/Natural/Door_5.jpg","https://tactileeval.s3.us-east-1.amazonaws.com/family_datasets/Furniture_and_Structures/Door/Tactile/5.png","","Door","https://tactileeval.s3.us-east-1.amazonaws.com/family_datasets/Furniture_and_Structures/Door/Natural/Door_6.jpg","https://tactileeval.s3.us-east-1.amazonaws.com/family_datasets/Furniture_and_Structures/Door/Tactile/6.jpg","","Door","https://tactileeval.s3.us-east-1.amazonaws.com/family_datasets/Furniture_and_Structures/Door/Natural/Door_7.jpg","https://tactileeval.s3.us-east-1.amazonaws.com/family_datasets/Furniture_and_Structures/Door/Tactile/7.jpg","","Door","https://tactileeval.s3.us-east-1.amazonaws.com/family_datasets/Furniture_and_Structures/Door/Natural/Door_8.jpg","https://tactileeval.s3.us-east-1.amazonaws.com/family_datasets/Furniture_and_Structures/Door/Tactile/8.jpg","","Door","https://tactileeval.s3.us-east-1.amazonaws.com/family_datasets/Furniture_and_Structures/Door/Natural/Door_9.jpg","https://tactileeval.s3.us-east-1.amazonaws.com/family_datasets/Furniture_and_Structures/Door/Tactile/9.jpg","","Door","https://tactileeval.s3.us-east-1.amazonaws.com/family_datasets/Furniture_and_Structures/Door/Natural/Door_10.jpg","https://tactileeval.s3.us-east-1.amazonaws.com/family_datasets/Furniture_and_Structures/Door/Tactile/10.jpg","","Door","https://tactileeval.s3.us-east-1.amazonaws.com/family_datasets/Furniture_and_Structures/Door/Natural/Door_11.jpg","https://tactileeval.s3.us-east-1.amazonaws.com/family_datasets/Furniture_and_Structures/Door/Tactile/11.jpg","","Door","https://tactileeval.s3.us-east-1.amazonaws.com/family_datasets/Furniture_and_Structures/Door/Natural/Door_12.jpg","https://tactileeval.s3.us-east-1.amazonaws.com/family_datasets/Furniture_and_Structures/Door/Tactile/12.jpg","","Door","https://tactileeval.s3.us-east-1.amazonaws.com/family_datasets/Furniture_and_Structures/Door/Natural/Door_13.jpeg","https://tactileeval.s3.us-east-1.amazonaws.com/family_datasets/Furniture_and_Structures/Door/Tactile/13.jpg","","Hut","https://tactileeval.s3.us-east-1.amazonaws.com/family_datasets/Furniture_and_Structures/Hut/Natural/1_Hut.png","https://tactileeval.s3.us-east-1.amazonaws.com/family_datasets/Furniture_and_Structures/Hut/Tactile/1.jpg","","[{""question1"":{""background_clean"":true,""object_match"":false,""posture_match"":true},""question10"":{""background_clean"":false,""object_match"":true,""posture_match"":true},""question2"":{""background_clean"":true,""object_match"":false,""posture_match"":true},""question3"":{""background_clean"":true,""object_match"":false,""posture_match"":false},""question4"":{""background_clean"":true,""object_match"":false,""posture_match"":false},""question5"":{""background_clean"":true,""object_match"":false,""posture_match"":false},""question6"":{""background_clean"":true,""object_match"":false,""posture_match"":true},""question7"":{""background_clean"":true,""object_match"":false,""posture_match"":true},""question8"":{""background_clean"":true,""object_match"":false,""posture_match"":true},""question9"":{""background_clean"":true,""object_match"":false,""posture_match"":true}}]"
"3RQVKZ7ZSCXNCZERTM9URJC1VQE27J","3QPQ7LAZEJ66DCMTWSGVH84J28CQAM","Categorize images based on background and posture.","Review 10 line-arts and judge if it has adequate background and configuration. (10 pairs)","tactile, image review, accessibility, furniture and structures","$0.08","Tue Apr 14 17:40:00 PDT 2026","7","BatchId:5385436;OriginalHitTemplateId:928390873;","1200","1296000","Tue Apr 21 17:40:00 PDT 2026","","","33LKR6A5L7Y57WRVDNHIFGQ7WCM1TP","A1GFLIIHEL2KVW","Approved","Tue Apr 14 21:34:31 PDT 2026","Tue Apr 14 21:41:45 PDT 2026","Wed Apr 29 21:41:45 PDT 2026","Sat Apr 18 19:55:59 PDT 2026","","","434","83% (163/196)","30% (14/46)","30% (14/46)","Door","https://tactileeval.s3.us-east-1.amazonaws.com/family_datasets/Furniture_and_Structures/Door/Natural/Door_5.jpg","https://tactileeval.s3.us-east-1.amazonaws.com/family_datasets/Furniture_and_Structures/Door/Tactile/5.png","","Door","https://tactileeval.s3.us-east-1.amazonaws.com/family_datasets/Furniture_and_Structures/Door/Natural/Door_6.jpg","https://tactileeval.s3.us-east-1.amazonaws.com/family_datasets/Furniture_and_Structures/Door/Tactile/6.jpg","","Door","https://tactileeval.s3.us-east-1.amazonaws.com/family_datasets/Furniture_and_Structures/Door/Natural/Door_7.jpg","https://tactileeval.s3.us-east-1.amazonaws.com/family_datasets/Furniture_and_Structures/Door/Tactile/7.jpg","","Door","https://tactileeval.s3.us-east-1.amazonaws.com/family_datasets/Furniture_and_Structures/Door/Natural/Door_8.jpg","https://tactileeval.s3.us-east-1.amazonaws.com/family_datasets/Furniture_and_Structures/Door/Tactile/8.jpg","","Door","https://tactileeval.s3.us-east-1.amazonaws.com/family_datasets/Furniture_and_Structures/Door/Natural/Door_9.jpg","https://tactileeval.s3.us-east-1.amazonaws.com/family_datasets/Furniture_and_Structures/Door/Tactile/9.jpg","","Door","https://tactileeval.s3.us-east-1.amazonaws.com/family_datasets/Furniture_and_Structures/Door/Natural/Door_10.jpg","https://tactileeval.s3.us-east-1.amazonaws.com/family_datasets/Furniture_and_Structures/Door/Tactile/10.jpg","","Door","https://tactileeval.s3.us-east-1.amazonaws.com/family_datasets/Furniture_and_Structures/Door/Natural/Door_11.jpg","https://tactileeval.s3.us-east-1.amazonaws.com/family_datasets/Furniture_and_Structures/Door/Tactile/11.jpg","","Door","https://tactileeval.s3.us-east-1.amazonaws.com/family_datasets/Furniture_and_Structures/Door/Natural/Door_12.jpg","https://tactileeval.s3.us-east-1.amazonaws.com/family_datasets/Furniture_and_Structures/Door/Tactile/12.jpg","","Door","https://tactileeval.s3.us-east-1.amazonaws.com/family_datasets/Furniture_and_Structures/Door/Natural/Door_13.jpeg","https://tactileeval.s3.us-east-1.amazonaws.com/family_datasets/Furniture_and_Structures/Door/Tactile/13.jpg","","Hut","https://tactileeval.s3.us-east-1.amazonaws.com/family_datasets/Furniture_and_Structures/Hut/Natural/1_Hut.png","https://tactileeval.s3.us-east-1.amazonaws.com/family_datasets/Furniture_and_Structures/Hut/Tactile/1.jpg","","[{""question1"":{""background_clean"":true,""object_match"":false,""posture_match"":false},""question10"":{""background_clean"":true,""object_match"":true,""posture_match"":true},""question2"":{""background_clean"":true,""object_match"":false,""posture_match"":false},""question3"":{""background_clean"":true,""object_match"":false,""posture_match"":false},""question4"":{""background_clean"":true,""object_match"":false,""posture_match"":false},""question5"":{""background_clean"":true,""object_match"":false,""posture_match"":true},""question6"":{""background_clean"":true,""object_match"":false,""posture_match"":false},""question7"":{""background_clean"":true,""object_match"":false,""posture_match"":false},""question8"":{""background_clean"":true,""object_match"":false,""posture_match"":true},""question9"":{""background_clean"":true,""object_match"":false,""posture_match"":false}}]"
"3RQVKZ7ZSCXNCZERTM9URJC1VQE27J","3QPQ7LAZEJ66DCMTWSGVH84J28CQAM","Categorize images based on background and posture.","Review 10 line-arts and judge if it has adequate background and configuration. (10 pairs)","tactile, image review, accessibility, furniture and structures","$0.08","Tue Apr 14 17:40:00 PDT 2026","7","BatchId:5385436;OriginalHitTemplateId:928390873;","1200","1296000","Tue Apr 21 17:40:00 PDT 2026","","","33NF62TLYCGDZUHC939WIPZX7GNJKX","A22YCS3UW15WOO","Approved","Tue Apr 14 20:35:23 PDT 2026","Tue Apr 14 20:47:10 PDT 2026","Wed Apr 29 20:47:10 PDT 2026","Sat Apr 18 19:55:59 PDT 2026","","","707","94% (208/221)","86% (83/96)","86% (83/96)","Door","https://tactileeval.s3.us-east-1.amazonaws.com/family_datasets/Furniture_and_Structures/Door/Natural/Door_5.jpg","https://tactileeval.s3.us-east-1.amazonaws.com/family_datasets/Furniture_and_Structures/Door/Tactile/5.png","","Door","https://tactileeval.s3.us-east-1.amazonaws.com/family_datasets/Furniture_and_Structures/Door/Natural/Door_6.jpg","https://tactileeval.s3.us-east-1.amazonaws.com/family_datasets/Furniture_and_Structures/Door/Tactile/6.jpg","","Door","https://tactileeval.s3.us-east-1.amazonaws.com/family_datasets/Furniture_and_Structures/Door/Natural/Door_7.jpg","https://tactileeval.s3.us-east-1.amazonaws.com/family_datasets/Furniture_and_Structures/Door/Tactile/7.jpg","","Door","https://tactileeval.s3.us-east-1.amazonaws.com/family_datasets/Furniture_and_Structures/Door/Natural/Door_8.jpg","https://tactileeval.s3.us-east-1.amazonaws.com/family_datasets/Furniture_and_Structures/Door/Tactile/8.jpg","","Door","https://tactileeval.s3.us-east-1.amazonaws.com/family_datasets/Furniture_and_Structures/Door/Natural/Door_9.jpg","https://tactileeval.s3.us-east-1.amazonaws.com/family_datasets/Furniture_and_Structures/Door/Tactile/9.jpg","","Door","https://tactileeval.s3.us-east-1.amazonaws.com/family_datasets/Furniture_and_Structures/Door/Natural/Door_10.jpg","https://tactileeval.s3.us-east-1.amazonaws.com/family_datasets/Furniture_and_Structures/Door/Tactile/10.jpg","","Door","https://tactileeval.s3.us-east-1.amazonaws.com/family_datasets/Furniture_and_Structures/Door/Natural/Door_11.jpg","https://tactileeval.s3.us-east-1.amazonaws.com/family_datasets/Furniture_and_Structures/Door/Tactile/11.jpg","","Door","https://tactileeval.s3.us-east-1.amazonaws.com/family_datasets/Furniture_and_Structures/Door/Natural/Door_12.jpg","https://tactileeval.s3.us-east-1.amazonaws.com/family_datasets/Furniture_and_Structures/Door/Tactile/12.jpg","","Door","https://tactileeval.s3.us-east-1.amazonaws.com/family_datasets/Furniture_and_Structures/Door/Natural/Door_13.jpeg","https://tactileeval.s3.us-east-1.amazonaws.com/family_datasets/Furniture_and_Structures/Door/Tactile/13.jpg","","Hut","https://tactileeval.s3.us-east-1.amazonaws.com/family_datasets/Furniture_and_Structures/Hut/Natural/1_Hut.png","https://tactileeval.s3.us-east-1.amazonaws.com/family_datasets/Furniture_and_Structures/Hut/Tactile/1.jpg","","[{""question1"":{""background_clean"":true,""object_match"":true,""posture_match"":true},""question10"":{""background_clean"":true,""object_match"":false,""posture_match"":false},""question2"":{""background_clean"":true,""object_match"":true,""posture_match"":true},""question3"":{""background_clean"":true,""object_match"":true,""posture_match"":false},""question4"":{""background_clean"":true,""object_match"":false,""posture_match"":false},""question5"":{""background_clean"":true,""object_match"":true,""posture_match"":true},""question6"":{""background_clean"":true,""object_match"":true,""posture_match"":true},""question7"":{""background_clean"":true,""object_match"":true,""posture_match"":true},""question8"":{""background_clean"":true,""object_match"":true,""posture_match"":true},""question9"":{""background_clean"":true,""object_match"":true,""posture_match"":true}}]"
"3RQVKZ7ZSCXNCZERTM9URJC1VQE27J","3QPQ7LAZEJ66DCMTWSGVH84J28CQAM","Categorize images based on background and posture.","Review 10 line-arts and judge if it has adequate background and configuration. (10 pairs)","tactile, image review, accessibility, furniture and structures","$0.08","Tue Apr 14 17:40:00 PDT 2026","7","BatchId:5385436;OriginalHitTemplateId:928390873;","1200","1296000","Tue Apr 21 17:40:00 PDT 2026","","","3JJVG1YBF4B4ZSYXEOS9ICX22MLB5N","A1TNF9Q4I9MJ8B","Approved","Wed Apr 15 04:46:15 PDT 2026","Wed Apr 15 04:53:21 PDT 2026","Thu Apr 30 04:53:21 PDT 2026","Sat Apr 18 19:55:59 PDT 2026","","","426","50% (1/2)","50% (1/2)","50% (1/2)","Door","https://tactileeval.s3.us-east-1.amazonaws.com/family_datasets/Furniture_and_Structures/Door/Natural/Door_5.jpg","https://tactileeval.s3.us-east-1.amazonaws.com/family_datasets/Furniture_and_Structures/Door/Tactile/5.png","","Door","https://tactileeval.s3.us-east-1.amazonaws.com/family_datasets/Furniture_and_Structures/Door/Natural/Door_6.jpg","https://tactileeval.s3.us-east-1.amazonaws.com/family_datasets/Furniture_and_Structures/Door/Tactile/6.jpg","","Door","https://tactileeval.s3.us-east-1.amazonaws.com/family_datasets/Furniture_and_Structures/Door/Natural/Door_7.jpg","https://tactileeval.s3.us-east-1.amazonaws.com/family_datasets/Furniture_and_Structures/Door/Tactile/7.jpg","","Door","https://tactileeval.s3.us-east-1.amazonaws.com/family_datasets/Furniture_and_Structures/Door/Natural/Door_8.jpg","https://tactileeval.s3.us-east-1.amazonaws.com/family_datasets/Furniture_and_Structures/Door/Tactile/8.jpg","","Door","https://tactileeval.s3.us-east-1.amazonaws.com/family_datasets/Furniture_and_Structures/Door/Natural/Door_9.jpg","https://tactileeval.s3.us-east-1.amazonaws.com/family_datasets/Furniture_and_Structures/Door/Tactile/9.jpg","","Door","https://tactileeval.s3.us-east-1.amazonaws.com/family_datasets/Furniture_and_Structures/Door/Natural/Door_10.jpg","https://tactileeval.s3.us-east-1.amazonaws.com/family_datasets/Furniture_and_Structures/Door/Tactile/10.jpg","","Door","https://tactileeval.s3.us-east-1.amazonaws.com/family_datasets/Furniture_and_Structures/Door/Natural/Door_11.jpg","https://tactileeval.s3.us-east-1.amazonaws.com/family_datasets/Furniture_and_Structures/Door/Tactile/11.jpg","","Door","https://tactileeval.s3.us-east-1.amazonaws.com/family_datasets/Furniture_and_Structures/Door/Natural/Door_12.jpg","https://tactileeval.s3.us-east-1.amazonaws.com/family_datasets/Furniture_and_Structures/Door/Tactile/12.jpg","","Door","https://tactileeval.s3.us-east-1.amazonaws.com/family_datasets/Furniture_and_Structures/Door/Natural/Door_13.jpeg","https://tactileeval.s3.us-east-1.amazonaws.com/family_datasets/Furniture_and_Structures/Door/Tactile/13.jpg","","Hut","https://tactileeval.s3.us-east-1.amazonaws.com/family_datasets/Furniture_and_Structures/Hut/Natural/1_Hut.png","https://tactileeval.s3.us-east-1.amazonaws.com/family_datasets/Furniture_and_Structures/Hut/Tactile/1.jpg","","[{""question1"":{""background_clean"":true,""object_match"":true,""posture_match"":false},""question10"":{""background_clean"":true,""object_match"":false,""posture_match"":false},""question2"":{""background_clean"":false,""object_match"":false,""posture_match"":true},""question3"":{""background_clean"":true,""object_match"":true,""posture_match"":false},""question4"":{""background_clean"":true,""object_match"":false,""posture_match"":false},""question5"":{""background_clean"":true,""object_match"":false,""posture_match"":false},""question6"":{""background_clean"":true,""object_match"":true,""posture_match"":false},""question7"":{""background_clean"":true,""object_match"":false,""posture_match"":false},""question8"":{""background_clean"":true,""object_match"":false,""posture_match"":false},""question9"":{""background_clean"":true,""object_match"":false,""posture_match"":false}}]"
"3RQVKZ7ZSCXNCZERTM9URJC1VQE27J","3QPQ7LAZEJ66DCMTWSGVH84J28CQAM","Categorize images based on background and posture.","Review 10 line-arts and judge if it has adequate background and configuration. (10 pairs)","tactile, image review, accessibility, furniture and structures","$0.08","Tue Apr 14 17:40:00 PDT 2026","7","BatchId:5385436;OriginalHitTemplateId:928390873;","1200","1296000","Tue Apr 21 17:40:00 PDT 2026","","","3OHYZ19UH5JLOSZNDPOCW7DN1Z5AOW","A160C751AAPJOO","Approved","Wed Apr 15 04:44:07 PDT 2026","Wed Apr 15 05:03:17 PDT 2026","Thu Apr 30 05:03:17 PDT 2026","Sat Apr 18 19:55:59 PDT 2026","","","1150","75% (6/8)","75% (6/8)","75% (6/8)","Door","https://tactileeval.s3.us-east-1.amazonaws.com/family_datasets/Furniture_and_Structures/Door/Natural/Door_5.jpg","https://tactileeval.s3.us-east-1.amazonaws.com/family_datasets/Furniture_and_Structures/Door/Tactile/5.png","","Door","https://tactileeval.s3.us-east-1.amazonaws.com/family_datasets/Furniture_and_Structures/Door/Natural/Door_6.jpg","https://tactileeval.s3.us-east-1.amazonaws.com/family_datasets/Furniture_and_Structures/Door/Tactile/6.jpg","","Door","https://tactileeval.s3.us-east-1.amazonaws.com/family_datasets/Furniture_and_Structures/Door/Natural/Door_7.jpg","https://tactileeval.s3.us-east-1.amazonaws.com/family_datasets/Furniture_and_Structures/Door/Tactile/7.jpg","","Door","https://tactileeval.s3.us-east-1.amazonaws.com/family_datasets/Furniture_and_Structures/Door/Natural/Door_8.jpg","https://tactileeval.s3.us-east-1.amazonaws.com/family_datasets/Furniture_and_Structures/Door/Tactile/8.jpg","","Door","https://tactileeval.s3.us-east-1.amazonaws.com/family_datasets/Furniture_and_Structures/Door/Natural/Door_9.jpg","https://tactileeval.s3.us-east-1.amazonaws.com/family_datasets/Furniture_and_Structures/Door/Tactile/9.jpg","","Door","https://tactileeval.s3.us-east-1.amazonaws.com/family_datasets/Furniture_and_Structures/Door/Natural/Door_10.jpg","https://tactileeval.s3.us-east-1.amazonaws.com/family_datasets/Furniture_and_Structures/Door/Tactile/10.jpg","","Door","https://tactileeval.s3.us-east-1.amazonaws.com/family_datasets/Furniture_and_Structures/Door/Natural/Door_11.jpg","https://tactileeval.s3.us-east-1.amazonaws.com/family_datasets/Furniture_and_Structures/Door/Tactile/11.jpg","","Door","https://tactileeval.s3.us-east-1.amazonaws.com/family_datasets/Furniture_and_Structures/Door/Natural/Door_12.jpg","https://tactileeval.s3.us-east-1.amazonaws.com/family_datasets/Furniture_and_Structures/Door/Tactile/12.jpg","","Door","https://tactileeval.s3.us-east-1.amazonaws.com/family_datasets/Furniture_and_Structures/Door/Natural/Door_13.jpeg","https://tactileeval.s3.us-east-1.amazonaws.com/family_datasets/Furniture_and_Structures/Door/Tactile/13.jpg","","Hut","https://tactileeval.s3.us-east-1.amazonaws.com/family_datasets/Furniture_and_Structures/Hut/Natural/1_Hut.png","https://tactileeval.s3.us-east-1.amazonaws.com/family_datasets/Furniture_and_Structures/Hut/Tactile/1.jpg","","[{""question1"":{""background_clean"":true,""object_match"":true,""posture_match"":true},""question10"":{""background_clean"":true,""object_match"":true,""posture_match"":false},""question2"":{""background_clean"":true,""object_match"":true,""posture_match"":true},""question3"":{""background_clean"":true,""object_match"":false,""posture_match"":false},""question4"":{""background_clean"":true,""object_match"":false,""posture_match"":false},""question5"":{""background_clean"":true,""object_match"":true,""posture_match"":true},""question6"":{""background_clean"":true,""object_match"":false,""posture_match"":true},""question7"":{""background_clean"":true,""object_match"":false,""posture_match"":true},""question8"":{""background_clean"":true,""object_match"":false,""posture_match"":true},""question9"":{""background_clean"":true,""object_match"":false,""posture_match"":true}}]"
"3RQVKZ7ZSCXNCZERTM9URJC1VQE27J","3QPQ7LAZEJ66DCMTWSGVH84J28CQAM","Categorize images based on background and posture.","Review 10 line-arts and judge if it has adequate background and configuration. (10 pairs)","tactile, image review, accessibility, furniture and structures","$0.08","Tue Apr 14 17:40:00 PDT 2026","7","BatchId:5385436;OriginalHitTemplateId:928390873;","1200","1296000","Tue Apr 21 17:40:00 PDT 2026","","","3TXWC2NHOS4MH1HBS0RLKHC4S6QS9W","A1LO9EDDV5D7LM","Approved","Wed Apr 15 04:45:05 PDT 2026","Wed Apr 15 04:57:42 PDT 2026","Thu Apr 30 04:57:42 PDT 2026","Sat Apr 18 19:55:59 PDT 2026","","","757","100% (6/6)","100% (6/6)","100% (6/6)","Door","https://tactileeval.s3.us-east-1.amazonaws.com/family_datasets/Furniture_and_Structures/Door/Natural/Door_5.jpg","https://tactileeval.s3.us-east-1.amazonaws.com/family_datasets/Furniture_and_Structures/Door/Tactile/5.png","","Door","https://tactileeval.s3.us-east-1.amazonaws.com/family_datasets/Furniture_and_Structures/Door/Natural/Door_6.jpg","https://tactileeval.s3.us-east-1.amazonaws.com/family_datasets/Furniture_and_Structures/Door/Tactile/6.jpg","","Door","https://tactileeval.s3.us-east-1.amazonaws.com/family_datasets/Furniture_and_Structures/Door/Natural/Door_7.jpg","https://tactileeval.s3.us-east-1.amazonaws.com/family_datasets/Furniture_and_Structures/Door/Tactile/7.jpg","","Door","https://tactileeval.s3.us-east-1.amazonaws.com/family_datasets/Furniture_and_Structures/Door/Natural/Door_8.jpg","https://tactileeval.s3.us-east-1.amazonaws.com/family_datasets/Furniture_and_Structures/Door/Tactile/8.jpg","","Door","https://tactileeval.s3.us-east-1.amazonaws.com/family_datasets/Furniture_and_Structures/Door/Natural/Door_9.jpg","https://tactileeval.s3.us-east-1.amazonaws.com/family_datasets/Furniture_and_Structures/Door/Tactile/9.jpg","","Door","https://tactileeval.s3.us-east-1.amazonaws.com/family_datasets/Furniture_and_Structures/Door/Natural/Door_10.jpg","https://tactileeval.s3.us-east-1.amazonaws.com/family_datasets/Furniture_and_Structures/Door/Tactile/10.jpg","","Door","https://tactileeval.s3.us-east-1.amazonaws.com/family_datasets/Furniture_and_Structures/Door/Natural/Door_11.jpg","https://tactileeval.s3.us-east-1.amazonaws.com/family_datasets/Furniture_and_Structures/Door/Tactile/11.jpg","","Door","https://tactileeval.s3.us-east-1.amazonaws.com/family_datasets/Furniture_and_Structures/Door/Natural/Door_12.jpg","https://tactileeval.s3.us-east-1.amazonaws.com/family_datasets/Furniture_and_Structures/Door/Tactile/12.jpg","","Door","https://tactileeval.s3.us-east-1.amazonaws.com/family_datasets/Furniture_and_Structures/Door/Natural/Door_13.jpeg","https://tactileeval.s3.us-east-1.amazonaws.com/family_datasets/Furniture_and_Structures/Door/Tactile/13.jpg","","Hut","https://tactileeval.s3.us-east-1.amazonaws.com/family_datasets/Furniture_and_Structures/Hut/Natural/1_Hut.png","https://tactileeval.s3.us-east-1.amazonaws.com/family_datasets/Furniture_and_Structures/Hut/Tactile/1.jpg","","[{""question1"":{""background_clean"":true,""object_match"":false,""posture_match"":false},""question10"":{""background_clean"":true,""object_match"":false,""posture_match"":false},""question2"":{""background_clean"":true,""object_match"":false,""posture_match"":false},""question3"":{""background_clean"":true,""object_match"":false,""posture_match"":false},""question4"":{""background_clean"":true,""object_match"":false,""posture_match"":false},""question5"":{""background_clean"":true,""object_match"":false,""posture_match"":false},""question6"":{""background_clean"":true,""object_match"":false,""posture_match"":false},""question7"":{""background_clean"":true,""object_match"":false,""posture_match"":false},""question8"":{""background_clean"":true,""object_match"":false,""posture_match"":false},""question9"":{""background_clean"":true,""object_match"":false,""posture_match"":false}}]"
"3RQVKZ7ZSCXNCZERTM9URJC1VQE27J","3QPQ7LAZEJ66DCMTWSGVH84J28CQAM","Categorize images based on background and posture.","Review 10 line-arts and judge if it has adequate background and configuration. (10 pairs)","tactile, image review, accessibility, furniture and structures","$0.08","Tue Apr 14 17:40:00 PDT 2026","7","BatchId:5385436;OriginalHitTemplateId:928390873;","1200","1296000","Tue Apr 21 17:40:00 PDT 2026","","","3YZ8UPK3WM04UCGITPWC18V0JODCUC","A3URILKJNVKSC6","Approved","Wed Apr 15 04:28:57 PDT 2026","Wed Apr 15 04:42:03 PDT 2026","Thu Apr 30 04:42:03 PDT 2026","Sat Apr 18 19:55:59 PDT 2026","","","786","75% (9/12)","70% (7/10)","70% (7/10)","Door","https://tactileeval.s3.us-east-1.amazonaws.com/family_datasets/Furniture_and_Structures/Door/Natural/Door_5.jpg","https://tactileeval.s3.us-east-1.amazonaws.com/family_datasets/Furniture_and_Structures/Door/Tactile/5.png","","Door","https://tactileeval.s3.us-east-1.amazonaws.com/family_datasets/Furniture_and_Structures/Door/Natural/Door_6.jpg","https://tactileeval.s3.us-east-1.amazonaws.com/family_datasets/Furniture_and_Structures/Door/Tactile/6.jpg","","Door","https://tactileeval.s3.us-east-1.amazonaws.com/family_datasets/Furniture_and_Structures/Door/Natural/Door_7.jpg","https://tactileeval.s3.us-east-1.amazonaws.com/family_datasets/Furniture_and_Structures/Door/Tactile/7.jpg","","Door","https://tactileeval.s3.us-east-1.amazonaws.com/family_datasets/Furniture_and_Structures/Door/Natural/Door_8.jpg","https://tactileeval.s3.us-east-1.amazonaws.com/family_datasets/Furniture_and_Structures/Door/Tactile/8.jpg","","Door","https://tactileeval.s3.us-east-1.amazonaws.com/family_datasets/Furniture_and_Structures/Door/Natural/Door_9.jpg","https://tactileeval.s3.us-east-1.amazonaws.com/family_datasets/Furniture_and_Structures/Door/Tactile/9.jpg","","Door","https://tactileeval.s3.us-east-1.amazonaws.com/family_datasets/Furniture_and_Structures/Door/Natural/Door_10.jpg","https://tactileeval.s3.us-east-1.amazonaws.com/family_datasets/Furniture_and_Structures/Door/Tactile/10.jpg","","Door","https://tactileeval.s3.us-east-1.amazonaws.com/family_datasets/Furniture_and_Structures/Door/Natural/Door_11.jpg","https://tactileeval.s3.us-east-1.amazonaws.com/family_datasets/Furniture_and_Structures/Door/Tactile/11.jpg","","Door","https://tactileeval.s3.us-east-1.amazonaws.com/family_datasets/Furniture_and_Structures/Door/Natural/Door_12.jpg","https://tactileeval.s3.us-east-1.amazonaws.com/family_datasets/Furniture_and_Structures/Door/Tactile/12.jpg","","Door","https://tactileeval.s3.us-east-1.amazonaws.com/family_datasets/Furniture_and_Structures/Door/Natural/Door_13.jpeg","https://tactileeval.s3.us-east-1.amazonaws.com/family_datasets/Furniture_and_Structures/Door/Tactile/13.jpg","","Hut","https://tactileeval.s3.us-east-1.amazonaws.com/family_datasets/Furniture_and_Structures/Hut/Natural/1_Hut.png","https://tactileeval.s3.us-east-1.amazonaws.com/family_datasets/Furniture_and_Structures/Hut/Tactile/1.jpg","","[{""question1"":{""background_clean"":true,""object_match"":true,""posture_match"":false},""question10"":{""background_clean"":true,""object_match"":false,""posture_match"":false},""question2"":{""background_clean"":true,""object_match"":true,""posture_match"":false},""question3"":{""background_clean"":true,""object_match"":false,""posture_match"":false},""question4"":{""background_clean"":true,""object_match"":false,""posture_match"":false},""question5"":{""background_clean"":true,""object_match"":false,""posture_match"":false},""question6"":{""background_clean"":true,""object_match"":false,""posture_match"":false},""question7"":{""background_clean"":true,""object_match"":false,""posture_match"":false},""question8"":{""background_clean"":true,""object_match"":false,""posture_match"":false},""question9"":{""background_clean"":true,""object_match"":false,""posture_match"":false}}]"
"3AC6MFV6ACWABZNFV24K57B2U28ZHP","3QPQ7LAZEJ66DCMTWSGVH84J28CQAM","Categorize images based on background and posture.","Review 10 line-arts and judge if it has adequate background and configuration. (10 pairs)","tactile, image review, accessibility, furniture and structures","$0.08","Tue Apr 14 17:40:00 PDT 2026","7","BatchId:5385436;OriginalHitTemplateId:928390873;","1200","1296000","Tue Apr 21 17:40:00 PDT 2026","","","32M8BPYGBM0C2X1N1U3H8WS4NLJIGL","A160C751AAPJOO","Approved","Wed Apr 15 04:44:02 PDT 2026","Wed Apr 15 04:55:53 PDT 2026","Thu Apr 30 04:55:53 PDT 2026","Sat Apr 18 19:55:59 PDT 2026","","","711","75% (6/8)","75% (6/8)","75% (6/8)","Hut","https://tactileeval.s3.us-east-1.amazonaws.com/family_datasets/Furniture_and_Structures/Hut/Natural/2_Hut.png","https://tactileeval.s3.us-east-1.amazonaws.com/family_datasets/Furniture_and_Structures/Hut/Tactile/2.png","","Hut","https://tactileeval.s3.us-east-1.amazonaws.com/family_datasets/Furniture_and_Structures/Hut/Natural/3_Hut.jpeg","https://tactileeval.s3.us-east-1.amazonaws.com/family_datasets/Furniture_and_Structures/Hut/Tactile/3.jpg","","Hut","https://tactileeval.s3.us-east-1.amazonaws.com/family_datasets/Furniture_and_Structures/Hut/Natural/4_Hut.jpeg","https://tactileeval.s3.us-east-1.amazonaws.com/family_datasets/Furniture_and_Structures/Hut/Tactile/4.jpg","","Hut","https://tactileeval.s3.us-east-1.amazonaws.com/family_datasets/Furniture_and_Structures/Hut/Natural/5_Hut.png","https://tactileeval.s3.us-east-1.amazonaws.com/family_datasets/Furniture_and_Structures/Hut/Tactile/5.jpg","","Hut","https://tactileeval.s3.us-east-1.amazonaws.com/family_datasets/Furniture_and_Structures/Hut/Natural/6_Hut.jpeg","https://tactileeval.s3.us-east-1.amazonaws.com/family_datasets/Furniture_and_Structures/Hut/Tactile/6.jpg","","Hut","https://tactileeval.s3.us-east-1.amazonaws.com/family_datasets/Furniture_and_Structures/Hut/Natural/7_Hut.png","https://tactileeval.s3.us-east-1.amazonaws.com/family_datasets/Furniture_and_Structures/Hut/Tactile/7.jpg","","Hut","https://tactileeval.s3.us-east-1.amazonaws.com/family_datasets/Furniture_and_Structures/Hut/Natural/8_Hut.jpeg","https://tactileeval.s3.us-east-1.amazonaws.com/family_datasets/Furniture_and_Structures/Hut/Tactile/8.jpg","","Hut","https://tactileeval.s3.us-east-1.amazonaws.com/family_datasets/Furniture_and_Structures/Hut/Natural/9_Hut.jpeg","https://tactileeval.s3.us-east-1.amazonaws.com/family_datasets/Furniture_and_Structures/Hut/Tactile/9.jpg","","Hut","https://tactileeval.s3.us-east-1.amazonaws.com/family_datasets/Furniture_and_Structures/Hut/Natural/10_Hut.jpeg","https://tactileeval.s3.us-east-1.amazonaws.com/family_datasets/Furniture_and_Structures/Hut/Tactile/10.jpg","","Lamp","https://tactileeval.s3.us-east-1.amazonaws.com/family_datasets/Furniture_and_Structures/Lamp/Natural/1.jpg","https://tactileeval.s3.us-east-1.amazonaws.com/family_datasets/Furniture_and_Structures/Lamp/Tactile/1.jpeg","","[{""question1"":{""background_clean"":true,""object_match"":true,""posture_match"":true},""question10"":{""background_clean"":true,""object_match"":true,""posture_match"":true},""question2"":{""background_clean"":true,""object_match"":false,""posture_match"":false},""question3"":{""background_clean"":true,""object_match"":true,""posture_match"":true},""question4"":{""background_clean"":true,""object_match"":true,""posture_match"":true},""question5"":{""background_clean"":true,""object_match"":true,""posture_match"":true},""question6"":{""background_clean"":true,""object_match"":true,""posture_match"":true},""question7"":{""background_clean"":true,""object_match"":true,""posture_match"":true},""question8"":{""background_clean"":true,""object_match"":true,""posture_match"":true},""question9"":{""background_clean"":true,""object_match"":true,""posture_match"":true}}]"
"3AC6MFV6ACWABZNFV24K57B2U28ZHP","3QPQ7LAZEJ66DCMTWSGVH84J28CQAM","Categorize images based on background and posture.","Review 10 line-arts and judge if it has adequate background and configuration. (10 pairs)","tactile, image review, accessibility, furniture and structures","$0.08","Tue Apr 14 17:40:00 PDT 2026","7","BatchId:5385436;OriginalHitTemplateId:928390873;","1200","1296000","Tue Apr 21 17:40:00 PDT 2026","","","34BBWHLWI3P8ZJRNGZ7ZUZESH7UIW1","A2U7UDW9Y1WGWF","Approved","Tue Apr 14 18:24:43 PDT 2026","Tue Apr 14 18:39:22 PDT 2026","Wed Apr 29 18:39:22 PDT 2026","Sat Apr 18 19:55:59 PDT 2026","","","879","100% (42/42)","100% (36/36)","100% (36/36)","Hut","https://tactileeval.s3.us-east-1.amazonaws.com/family_datasets/Furniture_and_Structures/Hut/Natural/2_Hut.png","https://tactileeval.s3.us-east-1.amazonaws.com/family_datasets/Furniture_and_Structures/Hut/Tactile/2.png","","Hut","https://tactileeval.s3.us-east-1.amazonaws.com/family_datasets/Furniture_and_Structures/Hut/Natural/3_Hut.jpeg","https://tactileeval.s3.us-east-1.amazonaws.com/family_datasets/Furniture_and_Structures/Hut/Tactile/3.jpg","","Hut","https://tactileeval.s3.us-east-1.amazonaws.com/family_datasets/Furniture_and_Structures/Hut/Natural/4_Hut.jpeg","https://tactileeval.s3.us-east-1.amazonaws.com/family_datasets/Furniture_and_Structures/Hut/Tactile/4.jpg","","Hut","https://tactileeval.s3.us-east-1.amazonaws.com/family_datasets/Furniture_and_Structures/Hut/Natural/5_Hut.png","https://tactileeval.s3.us-east-1.amazonaws.com/family_datasets/Furniture_and_Structures/Hut/Tactile/5.jpg","","Hut","https://tactileeval.s3.us-east-1.amazonaws.com/family_datasets/Furniture_and_Structures/Hut/Natural/6_Hut.jpeg","https://tactileeval.s3.us-east-1.amazonaws.com/family_datasets/Furniture_and_Structures/Hut/Tactile/6.jpg","","Hut","https://tactileeval.s3.us-east-1.amazonaws.com/family_datasets/Furniture_and_Structures/Hut/Natural/7_Hut.png","https://tactileeval.s3.us-east-1.amazonaws.com/family_datasets/Furniture_and_Structures/Hut/Tactile/7.jpg","","Hut","https://tactileeval.s3.us-east-1.amazonaws.com/family_datasets/Furniture_and_Structures/Hut/Natural/8_Hut.jpeg","https://tactileeval.s3.us-east-1.amazonaws.com/family_datasets/Furniture_and_Structures/Hut/Tactile/8.jpg","","Hut","https://tactileeval.s3.us-east-1.amazonaws.com/family_datasets/Furniture_and_Structures/Hut/Natural/9_Hut.jpeg","https://tactileeval.s3.us-east-1.amazonaws.com/family_datasets/Furniture_and_Structures/Hut/Tactile/9.jpg","","Hut","https://tactileeval.s3.us-east-1.amazonaws.com/family_datasets/Furniture_and_Structures/Hut/Natural/10_Hut.jpeg","https://tactileeval.s3.us-east-1.amazonaws.com/family_datasets/Furniture_and_Structures/Hut/Tactile/10.jpg","","Lamp","https://tactileeval.s3.us-east-1.amazonaws.com/family_datasets/Furniture_and_Structures/Lamp/Natural/1.jpg","https://tactileeval.s3.us-east-1.amazonaws.com/family_datasets/Furniture_and_Structures/Lamp/Tactile/1.jpeg","","[{""question1"":{""background_clean"":true,""object_match"":true,""posture_match"":true},""question10"":{""background_clean"":true,""object_match"":true,""posture_match"":true},""question2"":{""background_clean"":true,""object_match"":false,""posture_match"":true},""question3"":{""background_clean"":true,""object_match"":false,""posture_match"":true},""question4"":{""background_clean"":true,""object_match"":true,""posture_match"":false},""question5"":{""background_clean"":true,""object_match"":true,""posture_match"":true},""question6"":{""background_clean"":true,""object_match"":true,""posture_match"":true},""question7"":{""background_clean"":true,""object_match"":false,""posture_match"":true},""question8"":{""background_clean"":true,""object_match"":false,""posture_match"":true},""question9"":{""background_clean"":true,""object_match"":true,""posture_match"":true}}]"
"3AC6MFV6ACWABZNFV24K57B2U28ZHP","3QPQ7LAZEJ66DCMTWSGVH84J28CQAM","Categorize images based on background and posture.","Review 10 line-arts and judge if it has adequate background and configuration. (10 pairs)","tactile, image review, accessibility, furniture and structures","$0.08","Tue Apr 14 17:40:00 PDT 2026","7","BatchId:5385436;OriginalHitTemplateId:928390873;","1200","1296000","Tue Apr 21 17:40:00 PDT 2026","","","39JEC7538NF47R5IYF6HXUXJXVMCV1","A3URILKJNVKSC6","Approved","Wed Apr 15 04:28:58 PDT 2026","Wed Apr 15 04:43:27 PDT 2026","Thu Apr 30 04:43:27 PDT 2026","Sat Apr 18 19:55:59 PDT 2026","","","869","75% (9/12)","70% (7/10)","70% (7/10)","Hut","https://tactileeval.s3.us-east-1.amazonaws.com/family_datasets/Furniture_and_Structures/Hut/Natural/2_Hut.png","https://tactileeval.s3.us-east-1.amazonaws.com/family_datasets/Furniture_and_Structures/Hut/Tactile/2.png","","Hut","https://tactileeval.s3.us-east-1.amazonaws.com/family_datasets/Furniture_and_Structures/Hut/Natural/3_Hut.jpeg","https://tactileeval.s3.us-east-1.amazonaws.com/family_datasets/Furniture_and_Structures/Hut/Tactile/3.jpg","","Hut","https://tactileeval.s3.us-east-1.amazonaws.com/family_datasets/Furniture_and_Structures/Hut/Natural/4_Hut.jpeg","https://tactileeval.s3.us-east-1.amazonaws.com/family_datasets/Furniture_and_Structures/Hut/Tactile/4.jpg","","Hut","https://tactileeval.s3.us-east-1.amazonaws.com/family_datasets/Furniture_and_Structures/Hut/Natural/5_Hut.png","https://tactileeval.s3.us-east-1.amazonaws.com/family_datasets/Furniture_and_Structures/Hut/Tactile/5.jpg","","Hut","https://tactileeval.s3.us-east-1.amazonaws.com/family_datasets/Furniture_and_Structures/Hut/Natural/6_Hut.jpeg","https://tactileeval.s3.us-east-1.amazonaws.com/family_datasets/Furniture_and_Structures/Hut/Tactile/6.jpg","","Hut","https://tactileeval.s3.us-east-1.amazonaws.com/family_datasets/Furniture_and_Structures/Hut/Natural/7_Hut.png","https://tactileeval.s3.us-east-1.amazonaws.com/family_datasets/Furniture_and_Structures/Hut/Tactile/7.jpg","","Hut","https://tactileeval.s3.us-east-1.amazonaws.com/family_datasets/Furniture_and_Structures/Hut/Natural/8_Hut.jpeg","https://tactileeval.s3.us-east-1.amazonaws.com/family_datasets/Furniture_and_Structures/Hut/Tactile/8.jpg","","Hut","https://tactileeval.s3.us-east-1.amazonaws.com/family_datasets/Furniture_and_Structures/Hut/Natural/9_Hut.jpeg","https://tactileeval.s3.us-east-1.amazonaws.com/family_datasets/Furniture_and_Structures/Hut/Tactile/9.jpg","","Hut","https://tactileeval.s3.us-east-1.amazonaws.com/family_datasets/Furniture_and_Structures/Hut/Natural/10_Hut.jpeg","https://tactileeval.s3.us-east-1.amazonaws.com/family_datasets/Furniture_and_Structures/Hut/Tactile/10.jpg","","Lamp","https://tactileeval.s3.us-east-1.amazonaws.com/family_datasets/Furniture_and_Structures/Lamp/Natural/1.jpg","https://tactileeval.s3.us-east-1.amazonaws.com/family_datasets/Furniture_and_Structures/Lamp/Tactile/1.jpeg","","[{""question1"":{""background_clean"":true,""object_match"":true,""posture_match"":false},""question10"":{""background_clean"":true,""object_match"":true,""posture_match"":true},""question2"":{""background_clean"":true,""object_match"":true,""posture_match"":false},""question3"":{""background_clean"":true,""object_match"":true,""posture_match"":false},""question4"":{""background_clean"":true,""object_match"":true,""posture_match"":true},""question5"":{""background_clean"":true,""object_match"":false,""posture_match"":false},""question6"":{""background_clean"":true,""object_match"":false,""posture_match"":false},""question7"":{""background_clean"":true,""object_match"":false,""posture_match"":false},""question8"":{""background_clean"":true,""object_match"":true,""posture_match"":true},""question9"":{""background_clean"":true,""object_match"":true,""posture_match"":true}}]"
"3AC6MFV6ACWABZNFV24K57B2U28ZHP","3QPQ7LAZEJ66DCMTWSGVH84J28CQAM","Categorize images based on background and posture.","Review 10 line-arts and judge if it has adequate background and configuration. (10 pairs)","tactile, image review, accessibility, furniture and structures","$0.08","Tue Apr 14 17:40:00 PDT 2026","7","BatchId:5385436;OriginalHitTemplateId:928390873;","1200","1296000","Tue Apr 21 17:40:00 PDT 2026","","","3PB5A5BD1OKFDDKRI3ZKH72V946G7K","A22YCS3UW15WOO","Approved","Tue Apr 14 20:35:21 PDT 2026","Tue Apr 14 20:44:34 PDT 2026","Wed Apr 29 20:44:34 PDT 2026","Sat Apr 18 19:56:00 PDT 2026","","","553","94% (208/221)","86% (83/96)","86% (83/96)","Hut","https://tactileeval.s3.us-east-1.amazonaws.com/family_datasets/Furniture_and_Structures/Hut/Natural/2_Hut.png","https://tactileeval.s3.us-east-1.amazonaws.com/family_datasets/Furniture_and_Structures/Hut/Tactile/2.png","","Hut","https://tactileeval.s3.us-east-1.amazonaws.com/family_datasets/Furniture_and_Structures/Hut/Natural/3_Hut.jpeg","https://tactileeval.s3.us-east-1.amazonaws.com/family_datasets/Furniture_and_Structures/Hut/Tactile/3.jpg","","Hut","https://tactileeval.s3.us-east-1.amazonaws.com/family_datasets/Furniture_and_Structures/Hut/Natural/4_Hut.jpeg","https://tactileeval.s3.us-east-1.amazonaws.com/family_datasets/Furniture_and_Structures/Hut/Tactile/4.jpg","","Hut","https://tactileeval.s3.us-east-1.amazonaws.com/family_datasets/Furniture_and_Structures/Hut/Natural/5_Hut.png","https://tactileeval.s3.us-east-1.amazonaws.com/family_datasets/Furniture_and_Structures/Hut/Tactile/5.jpg","","Hut","https://tactileeval.s3.us-east-1.amazonaws.com/family_datasets/Furniture_and_Structures/Hut/Natural/6_Hut.jpeg","https://tactileeval.s3.us-east-1.amazonaws.com/family_datasets/Furniture_and_Structures/Hut/Tactile/6.jpg","","Hut","https://tactileeval.s3.us-east-1.amazonaws.com/family_datasets/Furniture_and_Structures/Hut/Natural/7_Hut.png","https://tactileeval.s3.us-east-1.amazonaws.com/family_datasets/Furniture_and_Structures/Hut/Tactile/7.jpg","","Hut","https://tactileeval.s3.us-east-1.amazonaws.com/family_datasets/Furniture_and_Structures/Hut/Natural/8_Hut.jpeg","https://tactileeval.s3.us-east-1.amazonaws.com/family_datasets/Furniture_and_Structures/Hut/Tactile/8.jpg","","Hut","https://tactileeval.s3.us-east-1.amazonaws.com/family_datasets/Furniture_and_Structures/Hut/Natural/9_Hut.jpeg","https://tactileeval.s3.us-east-1.amazonaws.com/family_datasets/Furniture_and_Structures/Hut/Tactile/9.jpg","","Hut","https://tactileeval.s3.us-east-1.amazonaws.com/family_datasets/Furniture_and_Structures/Hut/Natural/10_Hut.jpeg","https://tactileeval.s3.us-east-1.amazonaws.com/family_datasets/Furniture_and_Structures/Hut/Tactile/10.jpg","","Lamp","https://tactileeval.s3.us-east-1.amazonaws.com/family_datasets/Furniture_and_Structures/Lamp/Natural/1.jpg","https://tactileeval.s3.us-east-1.amazonaws.com/family_datasets/Furniture_and_Structures/Lamp/Tactile/1.jpeg","","[{""question1"":{""background_clean"":true,""object_match"":true,""posture_match"":true},""question10"":{""background_clean"":true,""object_match"":true,""posture_match"":false},""question2"":{""background_clean"":true,""object_match"":true,""posture_match"":true},""question3"":{""background_clean"":true,""object_match"":false,""posture_match"":false},""question4"":{""background_clean"":true,""object_match"":true,""posture_match"":true},""question5"":{""background_clean"":true,""object_match"":true,""posture_match"":false},""question6"":{""background_clean"":true,""object_match"":true,""posture_match"":true},""question7"":{""background_clean"":true,""object_match"":true,""posture_match"":true},""question8"":{""background_clean"":true,""object_match"":true,""posture_match"":true},""question9"":{""background_clean"":true,""object_match"":true,""posture_match"":true}}]"
"3AC6MFV6ACWABZNFV24K57B2U28ZHP","3QPQ7LAZEJ66DCMTWSGVH84J28CQAM","Categorize images based on background and posture.","Review 10 line-arts and judge if it has adequate background and configuration. (10 pairs)","tactile, image review, accessibility, furniture and structures","$0.08","Tue Apr 14 17:40:00 PDT 2026","7","BatchId:5385436;OriginalHitTemplateId:928390873;","1200","1296000","Tue Apr 21 17:40:00 PDT 2026","","","3RXCAC0YJK3JDRPAS8RQV7YQKPEG8B","A1LO9EDDV5D7LM","Approved","Wed Apr 15 04:44:44 PDT 2026","Wed Apr 15 04:47:31 PDT 2026","Thu Apr 30 04:47:31 PDT 2026","Sat Apr 18 19:56:00 PDT 2026","","","167","100% (6/6)","100% (6/6)","100% (6/6)","Hut","https://tactileeval.s3.us-east-1.amazonaws.com/family_datasets/Furniture_and_Structures/Hut/Natural/2_Hut.png","https://tactileeval.s3.us-east-1.amazonaws.com/family_datasets/Furniture_and_Structures/Hut/Tactile/2.png","","Hut","https://tactileeval.s3.us-east-1.amazonaws.com/family_datasets/Furniture_and_Structures/Hut/Natural/3_Hut.jpeg","https://tactileeval.s3.us-east-1.amazonaws.com/family_datasets/Furniture_and_Structures/Hut/Tactile/3.jpg","","Hut","https://tactileeval.s3.us-east-1.amazonaws.com/family_datasets/Furniture_and_Structures/Hut/Natural/4_Hut.jpeg","https://tactileeval.s3.us-east-1.amazonaws.com/family_datasets/Furniture_and_Structures/Hut/Tactile/4.jpg","","Hut","https://tactileeval.s3.us-east-1.amazonaws.com/family_datasets/Furniture_and_Structures/Hut/Natural/5_Hut.png","https://tactileeval.s3.us-east-1.amazonaws.com/family_datasets/Furniture_and_Structures/Hut/Tactile/5.jpg","","Hut","https://tactileeval.s3.us-east-1.amazonaws.com/family_datasets/Furniture_and_Structures/Hut/Natural/6_Hut.jpeg","https://tactileeval.s3.us-east-1.amazonaws.com/family_datasets/Furniture_and_Structures/Hut/Tactile/6.jpg","","Hut","https://tactileeval.s3.us-east-1.amazonaws.com/family_datasets/Furniture_and_Structures/Hut/Natural/7_Hut.png","https://tactileeval.s3.us-east-1.amazonaws.com/family_datasets/Furniture_and_Structures/Hut/Tactile/7.jpg","","Hut","https://tactileeval.s3.us-east-1.amazonaws.com/family_datasets/Furniture_and_Structures/Hut/Natural/8_Hut.jpeg","https://tactileeval.s3.us-east-1.amazonaws.com/family_datasets/Furniture_and_Structures/Hut/Tactile/8.jpg","","Hut","https://tactileeval.s3.us-east-1.amazonaws.com/family_datasets/Furniture_and_Structures/Hut/Natural/9_Hut.jpeg","https://tactileeval.s3.us-east-1.amazonaws.com/family_datasets/Furniture_and_Structures/Hut/Tactile/9.jpg","","Hut","https://tactileeval.s3.us-east-1.amazonaws.com/family_datasets/Furniture_and_Structures/Hut/Natural/10_Hut.jpeg","https://tactileeval.s3.us-east-1.amazonaws.com/family_datasets/Furniture_and_Structures/Hut/Tactile/10.jpg","","Lamp","https://tactileeval.s3.us-east-1.amazonaws.com/family_datasets/Furniture_and_Structures/Lamp/Natural/1.jpg","https://tactileeval.s3.us-east-1.amazonaws.com/family_datasets/Furniture_and_Structures/Lamp/Tactile/1.jpeg","","[{""question1"":{""background_clean"":true,""object_match"":false,""posture_match"":false},""question10"":{""background_clean"":true,""object_match"":true,""posture_match"":true},""question2"":{""background_clean"":true,""object_match"":false,""posture_match"":false},""question3"":{""background_clean"":true,""object_match"":false,""posture_match"":false},""question4"":{""background_clean"":true,""object_match"":false,""posture_match"":false},""question5"":{""background_clean"":true,""object_match"":false,""posture_match"":false},""question6"":{""background_clean"":true,""object_match"":false,""posture_match"":false},""question7"":{""background_clean"":true,""object_match"":false,""posture_match"":false},""question8"":{""background_clean"":true,""object_match"":true,""posture_match"":true},""question9"":{""background_clean"":true,""object_match"":false,""posture_match"":false}}]"
"3AC6MFV6ACWABZNFV24K57B2U28ZHP","3QPQ7LAZEJ66DCMTWSGVH84J28CQAM","Categorize images based on background and posture.","Review 10 line-arts and judge if it has adequate background and configuration. (10 pairs)","tactile, image review, accessibility, furniture and structures","$0.08","Tue Apr 14 17:40:00 PDT 2026","7","BatchId:5385436;OriginalHitTemplateId:928390873;","1200","1296000","Tue Apr 21 17:40:00 PDT 2026","","","3W92K5RLXNVJ86W3J5J9JOR95D7V5H","A1GFLIIHEL2KVW","Approved","Tue Apr 14 21:41:45 PDT 2026","Tue Apr 14 21:43:10 PDT 2026","Wed Apr 29 21:43:10 PDT 2026","Sat Apr 18 19:56:00 PDT 2026","","","85","83% (163/196)","30% (14/46)","30% (14/46)","Hut","https://tactileeval.s3.us-east-1.amazonaws.com/family_datasets/Furniture_and_Structures/Hut/Natural/2_Hut.png","https://tactileeval.s3.us-east-1.amazonaws.com/family_datasets/Furniture_and_Structures/Hut/Tactile/2.png","","Hut","https://tactileeval.s3.us-east-1.amazonaws.com/family_datasets/Furniture_and_Structures/Hut/Natural/3_Hut.jpeg","https://tactileeval.s3.us-east-1.amazonaws.com/family_datasets/Furniture_and_Structures/Hut/Tactile/3.jpg","","Hut","https://tactileeval.s3.us-east-1.amazonaws.com/family_datasets/Furniture_and_Structures/Hut/Natural/4_Hut.jpeg","https://tactileeval.s3.us-east-1.amazonaws.com/family_datasets/Furniture_and_Structures/Hut/Tactile/4.jpg","","Hut","https://tactileeval.s3.us-east-1.amazonaws.com/family_datasets/Furniture_and_Structures/Hut/Natural/5_Hut.png","https://tactileeval.s3.us-east-1.amazonaws.com/family_datasets/Furniture_and_Structures/Hut/Tactile/5.jpg","","Hut","https://tactileeval.s3.us-east-1.amazonaws.com/family_datasets/Furniture_and_Structures/Hut/Natural/6_Hut.jpeg","https://tactileeval.s3.us-east-1.amazonaws.com/family_datasets/Furniture_and_Structures/Hut/Tactile/6.jpg","","Hut","https://tactileeval.s3.us-east-1.amazonaws.com/family_datasets/Furniture_and_Structures/Hut/Natural/7_Hut.png","https://tactileeval.s3.us-east-1.amazonaws.com/family_datasets/Furniture_and_Structures/Hut/Tactile/7.jpg","","Hut","https://tactileeval.s3.us-east-1.amazonaws.com/family_datasets/Furniture_and_Structures/Hut/Natural/8_Hut.jpeg","https://tactileeval.s3.us-east-1.amazonaws.com/family_datasets/Furniture_and_Structures/Hut/Tactile/8.jpg","","Hut","https://tactileeval.s3.us-east-1.amazonaws.com/family_datasets/Furniture_and_Structures/Hut/Natural/9_Hut.jpeg","https://tactileeval.s3.us-east-1.amazonaws.com/family_datasets/Furniture_and_Structures/Hut/Tactile/9.jpg","","Hut","https://tactileeval.s3.us-east-1.amazonaws.com/family_datasets/Furniture_and_Structures/Hut/Natural/10_Hut.jpeg","https://tactileeval.s3.us-east-1.amazonaws.com/family_datasets/Furniture_and_Structures/Hut/Tactile/10.jpg","","Lamp","https://tactileeval.s3.us-east-1.amazonaws.com/family_datasets/Furniture_and_Structures/Lamp/Natural/1.jpg","https://tactileeval.s3.us-east-1.amazonaws.com/family_datasets/Furniture_and_Structures/Lamp/Tactile/1.jpeg","","[{""question1"":{""background_clean"":false,""object_match"":true,""posture_match"":true},""question10"":{""background_clean"":true,""object_match"":true,""posture_match"":true},""question2"":{""background_clean"":true,""object_match"":true,""posture_match"":true},""question3"":{""background_clean"":true,""object_match"":true,""posture_match"":true},""question4"":{""background_clean"":true,""object_match"":false,""posture_match"":true},""question5"":{""background_clean"":true,""object_match"":false,""posture_match"":true},""question6"":{""background_clean"":true,""object_match"":true,""posture_match"":true},""question7"":{""background_clean"":true,""object_match"":true,""posture_match"":true},""question8"":{""background_clean"":true,""object_match"":false,""posture_match"":true},""question9"":{""background_clean"":true,""object_match"":false,""posture_match"":true}}]"
"3AC6MFV6ACWABZNFV24K57B2U28ZHP","3QPQ7LAZEJ66DCMTWSGVH84J28CQAM","Categorize images based on background and posture.","Review 10 line-arts and judge if it has adequate background and configuration. (10 pairs)","tactile, image review, accessibility, furniture and structures","$0.08","Tue Apr 14 17:40:00 PDT 2026","7","BatchId:5385436;OriginalHitTemplateId:928390873;","1200","1296000","Tue Apr 21 17:40:00 PDT 2026","","","3YDTZAI2XQULQBC5YMGA78EFGD314R","A1XT2MMWYNR9HU","Approved","Tue Apr 14 20:59:36 PDT 2026","Tue Apr 14 21:05:52 PDT 2026","Wed Apr 29 21:05:52 PDT 2026","Sat Apr 18 19:56:00 PDT 2026","","","376","90% (55/61)","60% (9/15)","60% (9/15)","Hut","https://tactileeval.s3.us-east-1.amazonaws.com/family_datasets/Furniture_and_Structures/Hut/Natural/2_Hut.png","https://tactileeval.s3.us-east-1.amazonaws.com/family_datasets/Furniture_and_Structures/Hut/Tactile/2.png","","Hut","https://tactileeval.s3.us-east-1.amazonaws.com/family_datasets/Furniture_and_Structures/Hut/Natural/3_Hut.jpeg","https://tactileeval.s3.us-east-1.amazonaws.com/family_datasets/Furniture_and_Structures/Hut/Tactile/3.jpg","","Hut","https://tactileeval.s3.us-east-1.amazonaws.com/family_datasets/Furniture_and_Structures/Hut/Natural/4_Hut.jpeg","https://tactileeval.s3.us-east-1.amazonaws.com/family_datasets/Furniture_and_Structures/Hut/Tactile/4.jpg","","Hut","https://tactileeval.s3.us-east-1.amazonaws.com/family_datasets/Furniture_and_Structures/Hut/Natural/5_Hut.png","https://tactileeval.s3.us-east-1.amazonaws.com/family_datasets/Furniture_and_Structures/Hut/Tactile/5.jpg","","Hut","https://tactileeval.s3.us-east-1.amazonaws.com/family_datasets/Furniture_and_Structures/Hut/Natural/6_Hut.jpeg","https://tactileeval.s3.us-east-1.amazonaws.com/family_datasets/Furniture_and_Structures/Hut/Tactile/6.jpg","","Hut","https://tactileeval.s3.us-east-1.amazonaws.com/family_datasets/Furniture_and_Structures/Hut/Natural/7_Hut.png","https://tactileeval.s3.us-east-1.amazonaws.com/family_datasets/Furniture_and_Structures/Hut/Tactile/7.jpg","","Hut","https://tactileeval.s3.us-east-1.amazonaws.com/family_datasets/Furniture_and_Structures/Hut/Natural/8_Hut.jpeg","https://tactileeval.s3.us-east-1.amazonaws.com/family_datasets/Furniture_and_Structures/Hut/Tactile/8.jpg","","Hut","https://tactileeval.s3.us-east-1.amazonaws.com/family_datasets/Furniture_and_Structures/Hut/Natural/9_Hut.jpeg","https://tactileeval.s3.us-east-1.amazonaws.com/family_datasets/Furniture_and_Structures/Hut/Tactile/9.jpg","","Hut","https://tactileeval.s3.us-east-1.amazonaws.com/family_datasets/Furniture_and_Structures/Hut/Natural/10_Hut.jpeg","https://tactileeval.s3.us-east-1.amazonaws.com/family_datasets/Furniture_and_Structures/Hut/Tactile/10.jpg","","Lamp","https://tactileeval.s3.us-east-1.amazonaws.com/family_datasets/Furniture_and_Structures/Lamp/Natural/1.jpg","https://tactileeval.s3.us-east-1.amazonaws.com/family_datasets/Furniture_and_Structures/Lamp/Tactile/1.jpeg","","[{""question1"":{""background_clean"":false,""object_match"":true,""posture_match"":false},""question10"":{""background_clean"":true,""object_match"":true,""posture_match"":true},""question2"":{""background_clean"":true,""object_match"":false,""posture_match"":true},""question3"":{""background_clean"":true,""object_match"":false,""posture_match"":true},""question4"":{""background_clean"":true,""object_match"":false,""posture_match"":true},""question5"":{""background_clean"":true,""object_match"":true,""posture_match"":true},""question6"":{""background_clean"":true,""object_match"":false,""posture_match"":true},""question7"":{""background_clean"":true,""object_match"":false,""posture_match"":true},""question8"":{""background_clean"":true,""object_match"":true,""posture_match"":true},""question9"":{""background_clean"":true,""object_match"":false,""posture_match"":false}}]"
"3CMIQF80HF4L0I27CNU3HNA8GL7Q6L","3QPQ7LAZEJ66DCMTWSGVH84J28CQAM","Categorize images based on background and posture.","Review 10 line-arts and judge if it has adequate background and configuration. (10 pairs)","tactile, image review, accessibility, furniture and structures","$0.08","Tue Apr 14 17:40:01 PDT 2026","7","BatchId:5385436;OriginalHitTemplateId:928390873;","1200","1296000","Tue Apr 21 17:40:01 PDT 2026","","","36W0OB37IPSCXJL8L49LTR7VYX3HZJ","A1GFLIIHEL2KVW","Approved","Tue Apr 14 21:24:22 PDT 2026","Tue Apr 14 21:28:49 PDT 2026","Wed Apr 29 21:28:49 PDT 2026","Sat Apr 18 19:56:00 PDT 2026","","","267","83% (163/196)","30% (14/46)","30% (14/46)","Lamp","https://tactileeval.s3.us-east-1.amazonaws.com/family_datasets/Furniture_and_Structures/Lamp/Natural/2.jpg","https://tactileeval.s3.us-east-1.amazonaws.com/family_datasets/Furniture_and_Structures/Lamp/Tactile/2.jpeg","","Lamp","https://tactileeval.s3.us-east-1.amazonaws.com/family_datasets/Furniture_and_Structures/Lamp/Natural/3.jpg","https://tactileeval.s3.us-east-1.amazonaws.com/family_datasets/Furniture_and_Structures/Lamp/Tactile/3.jpeg","","Lamp","https://tactileeval.s3.us-east-1.amazonaws.com/family_datasets/Furniture_and_Structures/Lamp/Natural/4.jpg","https://tactileeval.s3.us-east-1.amazonaws.com/family_datasets/Furniture_and_Structures/Lamp/Tactile/4.jpeg","","Lamp","https://tactileeval.s3.us-east-1.amazonaws.com/family_datasets/Furniture_and_Structures/Lamp/Natural/5.jpg","https://tactileeval.s3.us-east-1.amazonaws.com/family_datasets/Furniture_and_Structures/Lamp/Tactile/5.jpeg","","Lamp","https://tactileeval.s3.us-east-1.amazonaws.com/family_datasets/Furniture_and_Structures/Lamp/Natural/6.png","https://tactileeval.s3.us-east-1.amazonaws.com/family_datasets/Furniture_and_Structures/Lamp/Tactile/6.jpeg","","Lamp","https://tactileeval.s3.us-east-1.amazonaws.com/family_datasets/Furniture_and_Structures/Lamp/Natural/7_refined.jpg","https://tactileeval.s3.us-east-1.amazonaws.com/family_datasets/Furniture_and_Structures/Lamp/Tactile/7_refined.png","","Lamp","https://tactileeval.s3.us-east-1.amazonaws.com/family_datasets/Furniture_and_Structures/Lamp/Natural/8.jpg","https://tactileeval.s3.us-east-1.amazonaws.com/family_datasets/Furniture_and_Structures/Lamp/Tactile/8.jpeg","","Lamp","https://tactileeval.s3.us-east-1.amazonaws.com/family_datasets/Furniture_and_Structures/Lamp/Natural/9.jpg","https://tactileeval.s3.us-east-1.amazonaws.com/family_datasets/Furniture_and_Structures/Lamp/Tactile/9.jpeg","","Lamp","https://tactileeval.s3.us-east-1.amazonaws.com/family_datasets/Furniture_and_Structures/Lamp/Natural/10.png","https://tactileeval.s3.us-east-1.amazonaws.com/family_datasets/Furniture_and_Structures/Lamp/Tactile/10.jpeg","","","","","","[{""question1"":{""background_clean"":true,""object_match"":false,""posture_match"":false},""question10"":{""background_clean"":false,""object_match"":false,""posture_match"":true},""question2"":{""background_clean"":true,""object_match"":false,""posture_match"":true},""question3"":{""background_clean"":true,""object_match"":false,""posture_match"":true},""question4"":{""background_clean"":true,""object_match"":false,""posture_match"":true},""question5"":{""background_clean"":true,""object_match"":false,""posture_match"":true},""question6"":{""background_clean"":true,""object_match"":true,""posture_match"":false},""question7"":{""background_clean"":true,""object_match"":false,""posture_match"":false},""question8"":{""background_clean"":false,""object_match"":false,""posture_match"":true},""question9"":{""background_clean"":true,""object_match"":false,""posture_match"":false}}]"
"3CMIQF80HF4L0I27CNU3HNA8GL7Q6L","3QPQ7LAZEJ66DCMTWSGVH84J28CQAM","Categorize images based on background and posture.","Review 10 line-arts and judge if it has adequate background and configuration. (10 pairs)","tactile, image review, accessibility, furniture and structures","$0.08","Tue Apr 14 17:40:01 PDT 2026","7","BatchId:5385436;OriginalHitTemplateId:928390873;","1200","1296000","Tue Apr 21 17:40:01 PDT 2026","","","38BQUHLAAPEMQT8CASEH5Y8NVGTMOR","A3URILKJNVKSC6","Approved","Wed Apr 15 04:25:00 PDT 2026","Wed Apr 15 04:28:53 PDT 2026","Thu Apr 30 04:28:53 PDT 2026","Sat Apr 18 19:56:00 PDT 2026","","","233","75% (9/12)","70% (7/10)","70% (7/10)","Lamp","https://tactileeval.s3.us-east-1.amazonaws.com/family_datasets/Furniture_and_Structures/Lamp/Natural/2.jpg","https://tactileeval.s3.us-east-1.amazonaws.com/family_datasets/Furniture_and_Structures/Lamp/Tactile/2.jpeg","","Lamp","https://tactileeval.s3.us-east-1.amazonaws.com/family_datasets/Furniture_and_Structures/Lamp/Natural/3.jpg","https://tactileeval.s3.us-east-1.amazonaws.com/family_datasets/Furniture_and_Structures/Lamp/Tactile/3.jpeg","","Lamp","https://tactileeval.s3.us-east-1.amazonaws.com/family_datasets/Furniture_and_Structures/Lamp/Natural/4.jpg","https://tactileeval.s3.us-east-1.amazonaws.com/family_datasets/Furniture_and_Structures/Lamp/Tactile/4.jpeg","","Lamp","https://tactileeval.s3.us-east-1.amazonaws.com/family_datasets/Furniture_and_Structures/Lamp/Natural/5.jpg","https://tactileeval.s3.us-east-1.amazonaws.com/family_datasets/Furniture_and_Structures/Lamp/Tactile/5.jpeg","","Lamp","https://tactileeval.s3.us-east-1.amazonaws.com/family_datasets/Furniture_and_Structures/Lamp/Natural/6.png","https://tactileeval.s3.us-east-1.amazonaws.com/family_datasets/Furniture_and_Structures/Lamp/Tactile/6.jpeg","","Lamp","https://tactileeval.s3.us-east-1.amazonaws.com/family_datasets/Furniture_and_Structures/Lamp/Natural/7_refined.jpg","https://tactileeval.s3.us-east-1.amazonaws.com/family_datasets/Furniture_and_Structures/Lamp/Tactile/7_refined.png","","Lamp","https://tactileeval.s3.us-east-1.amazonaws.com/family_datasets/Furniture_and_Structures/Lamp/Natural/8.jpg","https://tactileeval.s3.us-east-1.amazonaws.com/family_datasets/Furniture_and_Structures/Lamp/Tactile/8.jpeg","","Lamp","https://tactileeval.s3.us-east-1.amazonaws.com/family_datasets/Furniture_and_Structures/Lamp/Natural/9.jpg","https://tactileeval.s3.us-east-1.amazonaws.com/family_datasets/Furniture_and_Structures/Lamp/Tactile/9.jpeg","","Lamp","https://tactileeval.s3.us-east-1.amazonaws.com/family_datasets/Furniture_and_Structures/Lamp/Natural/10.png","https://tactileeval.s3.us-east-1.amazonaws.com/family_datasets/Furniture_and_Structures/Lamp/Tactile/10.jpeg","","","","","","[{""question1"":{""background_clean"":true,""object_match"":true,""posture_match"":false},""question10"":{""background_clean"":true,""object_match"":true,""posture_match"":true},""question2"":{""background_clean"":true,""object_match"":true,""posture_match"":true},""question3"":{""background_clean"":true,""object_match"":true,""posture_match"":true},""question4"":{""background_clean"":true,""object_match"":true,""posture_match"":true},""question5"":{""background_clean"":true,""object_match"":false,""posture_match"":false},""question6"":{""background_clean"":true,""object_match"":true,""posture_match"":false},""question7"":{""background_clean"":true,""object_match"":true,""posture_match"":false},""question8"":{""background_clean"":true,""object_match"":false,""posture_match"":false},""question9"":{""background_clean"":true,""object_match"":true,""posture_match"":true}}]"
"3CMIQF80HF4L0I27CNU3HNA8GL7Q6L","3QPQ7LAZEJ66DCMTWSGVH84J28CQAM","Categorize images based on background and posture.","Review 10 line-arts and judge if it has adequate background and configuration. (10 pairs)","tactile, image review, accessibility, furniture and structures","$0.08","Tue Apr 14 17:40:01 PDT 2026","7","BatchId:5385436;OriginalHitTemplateId:928390873;","1200","1296000","Tue Apr 21 17:40:01 PDT 2026","","","3COPXFW7Y4Q9L5KA4GEGFLL9GGVKP2","A1LO9EDDV5D7LM","Approved","Wed Apr 15 04:45:02 PDT 2026","Wed Apr 15 04:56:27 PDT 2026","Thu Apr 30 04:56:27 PDT 2026","Sat Apr 18 19:56:00 PDT 2026","","","685","100% (6/6)","100% (6/6)","100% (6/6)","Lamp","https://tactileeval.s3.us-east-1.amazonaws.com/family_datasets/Furniture_and_Structures/Lamp/Natural/2.jpg","https://tactileeval.s3.us-east-1.amazonaws.com/family_datasets/Furniture_and_Structures/Lamp/Tactile/2.jpeg","","Lamp","https://tactileeval.s3.us-east-1.amazonaws.com/family_datasets/Furniture_and_Structures/Lamp/Natural/3.jpg","https://tactileeval.s3.us-east-1.amazonaws.com/family_datasets/Furniture_and_Structures/Lamp/Tactile/3.jpeg","","Lamp","https://tactileeval.s3.us-east-1.amazonaws.com/family_datasets/Furniture_and_Structures/Lamp/Natural/4.jpg","https://tactileeval.s3.us-east-1.amazonaws.com/family_datasets/Furniture_and_Structures/Lamp/Tactile/4.jpeg","","Lamp","https://tactileeval.s3.us-east-1.amazonaws.com/family_datasets/Furniture_and_Structures/Lamp/Natural/5.jpg","https://tactileeval.s3.us-east-1.amazonaws.com/family_datasets/Furniture_and_Structures/Lamp/Tactile/5.jpeg","","Lamp","https://tactileeval.s3.us-east-1.amazonaws.com/family_datasets/Furniture_and_Structures/Lamp/Natural/6.png","https://tactileeval.s3.us-east-1.amazonaws.com/family_datasets/Furniture_and_Structures/Lamp/Tactile/6.jpeg","","Lamp","https://tactileeval.s3.us-east-1.amazonaws.com/family_datasets/Furniture_and_Structures/Lamp/Natural/7_refined.jpg","https://tactileeval.s3.us-east-1.amazonaws.com/family_datasets/Furniture_and_Structures/Lamp/Tactile/7_refined.png","","Lamp","https://tactileeval.s3.us-east-1.amazonaws.com/family_datasets/Furniture_and_Structures/Lamp/Natural/8.jpg","https://tactileeval.s3.us-east-1.amazonaws.com/family_datasets/Furniture_and_Structures/Lamp/Tactile/8.jpeg","","Lamp","https://tactileeval.s3.us-east-1.amazonaws.com/family_datasets/Furniture_and_Structures/Lamp/Natural/9.jpg","https://tactileeval.s3.us-east-1.amazonaws.com/family_datasets/Furniture_and_Structures/Lamp/Tactile/9.jpeg","","Lamp","https://tactileeval.s3.us-east-1.amazonaws.com/family_datasets/Furniture_and_Structures/Lamp/Natural/10.png","https://tactileeval.s3.us-east-1.amazonaws.com/family_datasets/Furniture_and_Structures/Lamp/Tactile/10.jpeg","","","","","","[{""question1"":{""background_clean"":true,""object_match"":false,""posture_match"":false},""question10"":{""background_clean"":true,""object_match"":false,""posture_match"":false},""question2"":{""background_clean"":true,""object_match"":false,""posture_match"":false},""question3"":{""background_clean"":true,""object_match"":false,""posture_match"":false},""question4"":{""background_clean"":true,""object_match"":true,""posture_match"":true},""question5"":{""background_clean"":true,""object_match"":false,""posture_match"":false},""question6"":{""background_clean"":true,""object_match"":false,""posture_match"":false},""question7"":{""background_clean"":true,""object_match"":false,""posture_match"":false},""question8"":{""background_clean"":true,""object_match"":false,""posture_match"":false},""question9"":{""background_clean"":true,""object_match"":true,""posture_match"":true}}]"
"3CMIQF80HF4L0I27CNU3HNA8GL7Q6L","3QPQ7LAZEJ66DCMTWSGVH84J28CQAM","Categorize images based on background and posture.","Review 10 line-arts and judge if it has adequate background and configuration. (10 pairs)","tactile, image review, accessibility, furniture and structures","$0.08","Tue Apr 14 17:40:01 PDT 2026","7","BatchId:5385436;OriginalHitTemplateId:928390873;","1200","1296000","Tue Apr 21 17:40:01 PDT 2026","","","3DHE4R9ODPP8RCNLCRIPLGLNYN7G2P","A2U7UDW9Y1WGWF","Approved","Tue Apr 14 18:24:31 PDT 2026","Tue Apr 14 18:27:00 PDT 2026","Wed Apr 29 18:27:00 PDT 2026","Sat Apr 18 19:56:00 PDT 2026","","","149","100% (42/42)","100% (36/36)","100% (36/36)","Lamp","https://tactileeval.s3.us-east-1.amazonaws.com/family_datasets/Furniture_and_Structures/Lamp/Natural/2.jpg","https://tactileeval.s3.us-east-1.amazonaws.com/family_datasets/Furniture_and_Structures/Lamp/Tactile/2.jpeg","","Lamp","https://tactileeval.s3.us-east-1.amazonaws.com/family_datasets/Furniture_and_Structures/Lamp/Natural/3.jpg","https://tactileeval.s3.us-east-1.amazonaws.com/family_datasets/Furniture_and_Structures/Lamp/Tactile/3.jpeg","","Lamp","https://tactileeval.s3.us-east-1.amazonaws.com/family_datasets/Furniture_and_Structures/Lamp/Natural/4.jpg","https://tactileeval.s3.us-east-1.amazonaws.com/family_datasets/Furniture_and_Structures/Lamp/Tactile/4.jpeg","","Lamp","https://tactileeval.s3.us-east-1.amazonaws.com/family_datasets/Furniture_and_Structures/Lamp/Natural/5.jpg","https://tactileeval.s3.us-east-1.amazonaws.com/family_datasets/Furniture_and_Structures/Lamp/Tactile/5.jpeg","","Lamp","https://tactileeval.s3.us-east-1.amazonaws.com/family_datasets/Furniture_and_Structures/Lamp/Natural/6.png","https://tactileeval.s3.us-east-1.amazonaws.com/family_datasets/Furniture_and_Structures/Lamp/Tactile/6.jpeg","","Lamp","https://tactileeval.s3.us-east-1.amazonaws.com/family_datasets/Furniture_and_Structures/Lamp/Natural/7_refined.jpg","https://tactileeval.s3.us-east-1.amazonaws.com/family_datasets/Furniture_and_Structures/Lamp/Tactile/7_refined.png","","Lamp","https://tactileeval.s3.us-east-1.amazonaws.com/family_datasets/Furniture_and_Structures/Lamp/Natural/8.jpg","https://tactileeval.s3.us-east-1.amazonaws.com/family_datasets/Furniture_and_Structures/Lamp/Tactile/8.jpeg","","Lamp","https://tactileeval.s3.us-east-1.amazonaws.com/family_datasets/Furniture_and_Structures/Lamp/Natural/9.jpg","https://tactileeval.s3.us-east-1.amazonaws.com/family_datasets/Furniture_and_Structures/Lamp/Tactile/9.jpeg","","Lamp","https://tactileeval.s3.us-east-1.amazonaws.com/family_datasets/Furniture_and_Structures/Lamp/Natural/10.png","https://tactileeval.s3.us-east-1.amazonaws.com/family_datasets/Furniture_and_Structures/Lamp/Tactile/10.jpeg","","","","","","[{""question1"":{""background_clean"":true,""object_match"":true,""posture_match"":false},""question10"":{""background_clean"":true,""object_match"":false,""posture_match"":true},""question2"":{""background_clean"":true,""object_match"":true,""posture_match"":true},""question3"":{""background_clean"":true,""object_match"":true,""posture_match"":true},""question4"":{""background_clean"":true,""object_match"":true,""posture_match"":true},""question5"":{""background_clean"":true,""object_match"":false,""posture_match"":false},""question6"":{""background_clean"":true,""object_match"":true,""posture_match"":true},""question7"":{""background_clean"":true,""object_match"":true,""posture_match"":true},""question8"":{""background_clean"":true,""object_match"":true,""posture_match"":false},""question9"":{""background_clean"":true,""object_match"":true,""posture_match"":true}}]"
"3CMIQF80HF4L0I27CNU3HNA8GL7Q6L","3QPQ7LAZEJ66DCMTWSGVH84J28CQAM","Categorize images based on background and posture.","Review 10 line-arts and judge if it has adequate background and configuration. (10 pairs)","tactile, image review, accessibility, furniture and structures","$0.08","Tue Apr 14 17:40:01 PDT 2026","7","BatchId:5385436;OriginalHitTemplateId:928390873;","1200","1296000","Tue Apr 21 17:40:01 PDT 2026","","","3EFVCAY5MWNT4TFB0ECTSKQ6CG2J8N","A1OQ4WMWA6WCUV","Approved","Tue Apr 14 21:56:35 PDT 2026","Tue Apr 14 22:04:27 PDT 2026","Wed Apr 29 22:04:27 PDT 2026","Sat Apr 18 19:56:00 PDT 2026","","","472","100% (1/1)","100% (1/1)","100% (1/1)","Lamp","https://tactileeval.s3.us-east-1.amazonaws.com/family_datasets/Furniture_and_Structures/Lamp/Natural/2.jpg","https://tactileeval.s3.us-east-1.amazonaws.com/family_datasets/Furniture_and_Structures/Lamp/Tactile/2.jpeg","","Lamp","https://tactileeval.s3.us-east-1.amazonaws.com/family_datasets/Furniture_and_Structures/Lamp/Natural/3.jpg","https://tactileeval.s3.us-east-1.amazonaws.com/family_datasets/Furniture_and_Structures/Lamp/Tactile/3.jpeg","","Lamp","https://tactileeval.s3.us-east-1.amazonaws.com/family_datasets/Furniture_and_Structures/Lamp/Natural/4.jpg","https://tactileeval.s3.us-east-1.amazonaws.com/family_datasets/Furniture_and_Structures/Lamp/Tactile/4.jpeg","","Lamp","https://tactileeval.s3.us-east-1.amazonaws.com/family_datasets/Furniture_and_Structures/Lamp/Natural/5.jpg","https://tactileeval.s3.us-east-1.amazonaws.com/family_datasets/Furniture_and_Structures/Lamp/Tactile/5.jpeg","","Lamp","https://tactileeval.s3.us-east-1.amazonaws.com/family_datasets/Furniture_and_Structures/Lamp/Natural/6.png","https://tactileeval.s3.us-east-1.amazonaws.com/family_datasets/Furniture_and_Structures/Lamp/Tactile/6.jpeg","","Lamp","https://tactileeval.s3.us-east-1.amazonaws.com/family_datasets/Furniture_and_Structures/Lamp/Natural/7_refined.jpg","https://tactileeval.s3.us-east-1.amazonaws.com/family_datasets/Furniture_and_Structures/Lamp/Tactile/7_refined.png","","Lamp","https://tactileeval.s3.us-east-1.amazonaws.com/family_datasets/Furniture_and_Structures/Lamp/Natural/8.jpg","https://tactileeval.s3.us-east-1.amazonaws.com/family_datasets/Furniture_and_Structures/Lamp/Tactile/8.jpeg","","Lamp","https://tactileeval.s3.us-east-1.amazonaws.com/family_datasets/Furniture_and_Structures/Lamp/Natural/9.jpg","https://tactileeval.s3.us-east-1.amazonaws.com/family_datasets/Furniture_and_Structures/Lamp/Tactile/9.jpeg","","Lamp","https://tactileeval.s3.us-east-1.amazonaws.com/family_datasets/Furniture_and_Structures/Lamp/Natural/10.png","https://tactileeval.s3.us-east-1.amazonaws.com/family_datasets/Furniture_and_Structures/Lamp/Tactile/10.jpeg","","","","","","[{""question1"":{""background_clean"":true,""object_match"":true,""posture_match"":true},""question10"":{""background_clean"":true,""object_match"":false,""posture_match"":false},""question2"":{""background_clean"":false,""object_match"":true,""posture_match"":true},""question3"":{""background_clean"":true,""object_match"":true,""posture_match"":false},""question4"":{""background_clean"":false,""object_match"":true,""posture_match"":true},""question5"":{""background_clean"":false,""object_match"":true,""posture_match"":true},""question6"":{""background_clean"":true,""object_match"":true,""posture_match"":true},""question7"":{""background_clean"":true,""object_match"":true,""posture_match"":true},""question8"":{""background_clean"":true,""object_match"":true,""posture_match"":false},""question9"":{""background_clean"":true,""object_match"":true,""posture_match"":true}}]"
"3CMIQF80HF4L0I27CNU3HNA8GL7Q6L","3QPQ7LAZEJ66DCMTWSGVH84J28CQAM","Categorize images based on background and posture.","Review 10 line-arts and judge if it has adequate background and configuration. (10 pairs)","tactile, image review, accessibility, furniture and structures","$0.08","Tue Apr 14 17:40:01 PDT 2026","7","BatchId:5385436;OriginalHitTemplateId:928390873;","1200","1296000","Tue Apr 21 17:40:01 PDT 2026","","","3IAEQB9FN7YRR8B1OL6O32YFP35DWF","A1XT2MMWYNR9HU","Approved","Tue Apr 14 20:59:39 PDT 2026","Tue Apr 14 21:15:16 PDT 2026","Wed Apr 29 21:15:16 PDT 2026","Sat Apr 18 19:56:00 PDT 2026","","","937","90% (55/61)","60% (9/15)","60% (9/15)","Lamp","https://tactileeval.s3.us-east-1.amazonaws.com/family_datasets/Furniture_and_Structures/Lamp/Natural/2.jpg","https://tactileeval.s3.us-east-1.amazonaws.com/family_datasets/Furniture_and_Structures/Lamp/Tactile/2.jpeg","","Lamp","https://tactileeval.s3.us-east-1.amazonaws.com/family_datasets/Furniture_and_Structures/Lamp/Natural/3.jpg","https://tactileeval.s3.us-east-1.amazonaws.com/family_datasets/Furniture_and_Structures/Lamp/Tactile/3.jpeg","","Lamp","https://tactileeval.s3.us-east-1.amazonaws.com/family_datasets/Furniture_and_Structures/Lamp/Natural/4.jpg","https://tactileeval.s3.us-east-1.amazonaws.com/family_datasets/Furniture_and_Structures/Lamp/Tactile/4.jpeg","","Lamp","https://tactileeval.s3.us-east-1.amazonaws.com/family_datasets/Furniture_and_Structures/Lamp/Natural/5.jpg","https://tactileeval.s3.us-east-1.amazonaws.com/family_datasets/Furniture_and_Structures/Lamp/Tactile/5.jpeg","","Lamp","https://tactileeval.s3.us-east-1.amazonaws.com/family_datasets/Furniture_and_Structures/Lamp/Natural/6.png","https://tactileeval.s3.us-east-1.amazonaws.com/family_datasets/Furniture_and_Structures/Lamp/Tactile/6.jpeg","","Lamp","https://tactileeval.s3.us-east-1.amazonaws.com/family_datasets/Furniture_and_Structures/Lamp/Natural/7_refined.jpg","https://tactileeval.s3.us-east-1.amazonaws.com/family_datasets/Furniture_and_Structures/Lamp/Tactile/7_refined.png","","Lamp","https://tactileeval.s3.us-east-1.amazonaws.com/family_datasets/Furniture_and_Structures/Lamp/Natural/8.jpg","https://tactileeval.s3.us-east-1.amazonaws.com/family_datasets/Furniture_and_Structures/Lamp/Tactile/8.jpeg","","Lamp","https://tactileeval.s3.us-east-1.amazonaws.com/family_datasets/Furniture_and_Structures/Lamp/Natural/9.jpg","https://tactileeval.s3.us-east-1.amazonaws.com/family_datasets/Furniture_and_Structures/Lamp/Tactile/9.jpeg","","Lamp","https://tactileeval.s3.us-east-1.amazonaws.com/family_datasets/Furniture_and_Structures/Lamp/Natural/10.png","https://tactileeval.s3.us-east-1.amazonaws.com/family_datasets/Furniture_and_Structures/Lamp/Tactile/10.jpeg","","","","","","[{""question1"":{""background_clean"":true,""object_match"":true,""posture_match"":true},""question10"":{""background_clean"":true,""object_match"":true,""posture_match"":true},""question2"":{""background_clean"":true,""object_match"":true,""posture_match"":true},""question3"":{""background_clean"":false,""object_match"":true,""posture_match"":true},""question4"":{""background_clean"":false,""object_match"":true,""posture_match"":true},""question5"":{""background_clean"":false,""object_match"":true,""posture_match"":true},""question6"":{""background_clean"":true,""object_match"":true,""posture_match"":true},""question7"":{""background_clean"":true,""object_match"":true,""posture_match"":true},""question8"":{""background_clean"":false,""object_match"":false,""posture_match"":true},""question9"":{""background_clean"":false,""object_match"":true,""posture_match"":true}}]"
"3CMIQF80HF4L0I27CNU3HNA8GL7Q6L","3QPQ7LAZEJ66DCMTWSGVH84J28CQAM","Categorize images based on background and posture.","Review 10 line-arts and judge if it has adequate background and configuration. (10 pairs)","tactile, image review, accessibility, furniture and structures","$0.08","Tue Apr 14 17:40:01 PDT 2026","7","BatchId:5385436;OriginalHitTemplateId:928390873;","1200","1296000","Tue Apr 21 17:40:01 PDT 2026","","","3OB0CAO75A3CSTB3PI72FKYTS4VHYQ","A3XNJW1NJ13Y9","Approved","Wed Apr 15 05:02:43 PDT 2026","Wed Apr 15 05:17:40 PDT 2026","Thu Apr 30 05:17:40 PDT 2026","Sat Apr 18 19:56:00 PDT 2026","","","897","100% (1/1)","100% (1/1)","100% (1/1)","Lamp","https://tactileeval.s3.us-east-1.amazonaws.com/family_datasets/Furniture_and_Structures/Lamp/Natural/2.jpg","https://tactileeval.s3.us-east-1.amazonaws.com/family_datasets/Furniture_and_Structures/Lamp/Tactile/2.jpeg","","Lamp","https://tactileeval.s3.us-east-1.amazonaws.com/family_datasets/Furniture_and_Structures/Lamp/Natural/3.jpg","https://tactileeval.s3.us-east-1.amazonaws.com/family_datasets/Furniture_and_Structures/Lamp/Tactile/3.jpeg","","Lamp","https://tactileeval.s3.us-east-1.amazonaws.com/family_datasets/Furniture_and_Structures/Lamp/Natural/4.jpg","https://tactileeval.s3.us-east-1.amazonaws.com/family_datasets/Furniture_and_Structures/Lamp/Tactile/4.jpeg","","Lamp","https://tactileeval.s3.us-east-1.amazonaws.com/family_datasets/Furniture_and_Structures/Lamp/Natural/5.jpg","https://tactileeval.s3.us-east-1.amazonaws.com/family_datasets/Furniture_and_Structures/Lamp/Tactile/5.jpeg","","Lamp","https://tactileeval.s3.us-east-1.amazonaws.com/family_datasets/Furniture_and_Structures/Lamp/Natural/6.png","https://tactileeval.s3.us-east-1.amazonaws.com/family_datasets/Furniture_and_Structures/Lamp/Tactile/6.jpeg","","Lamp","https://tactileeval.s3.us-east-1.amazonaws.com/family_datasets/Furniture_and_Structures/Lamp/Natural/7_refined.jpg","https://tactileeval.s3.us-east-1.amazonaws.com/family_datasets/Furniture_and_Structures/Lamp/Tactile/7_refined.png","","Lamp","https://tactileeval.s3.us-east-1.amazonaws.com/family_datasets/Furniture_and_Structures/Lamp/Natural/8.jpg","https://tactileeval.s3.us-east-1.amazonaws.com/family_datasets/Furniture_and_Structures/Lamp/Tactile/8.jpeg","","Lamp","https://tactileeval.s3.us-east-1.amazonaws.com/family_datasets/Furniture_and_Structures/Lamp/Natural/9.jpg","https://tactileeval.s3.us-east-1.amazonaws.com/family_datasets/Furniture_and_Structures/Lamp/Tactile/9.jpeg","","Lamp","https://tactileeval.s3.us-east-1.amazonaws.com/family_datasets/Furniture_and_Structures/Lamp/Natural/10.png","https://tactileeval.s3.us-east-1.amazonaws.com/family_datasets/Furniture_and_Structures/Lamp/Tactile/10.jpeg","","","","","","[{""question1"":{""background_clean"":false,""object_match"":true,""posture_match"":true},""question10"":{""background_clean"":true,""object_match"":false,""posture_match"":true},""question2"":{""background_clean"":true,""object_match"":false,""posture_match"":true},""question3"":{""background_clean"":false,""object_match"":false,""posture_match"":true},""question4"":{""background_clean"":false,""object_match"":true,""posture_match"":true},""question5"":{""background_clean"":false,""object_match"":false,""posture_match"":true},""question6"":{""background_clean"":true,""object_match"":true,""posture_match"":true},""question7"":{""background_clean"":true,""object_match"":false,""posture_match"":true},""question8"":{""background_clean"":false,""object_match"":false,""posture_match"":true},""question9"":{""background_clean"":false,""object_match"":true,""posture_match"":true}}]"