"HITId","HITTypeId","Title","Description","Keywords","Reward","CreationTime","MaxAssignments","RequesterAnnotation","AssignmentDurationInSeconds","AutoApprovalDelayInSeconds","Expiration","NumberOfSimilarHITs","LifetimeInSeconds","AssignmentId","WorkerId","AssignmentStatus","AcceptTime","SubmitTime","AutoApprovalTime","ApprovalTime","RejectionTime","RequesterFeedback","WorkTimeInSeconds","LifetimeApprovalRate","Last30DaysApprovalRate","Last7DaysApprovalRate","Input.q1_name","Input.q1_natural_url","Input.q1_tactile_url","Input.q1_answer","Input.q2_name","Input.q2_natural_url","Input.q2_tactile_url","Input.q2_answer","Input.q3_name","Input.q3_natural_url","Input.q3_tactile_url","Input.q3_answer","Input.q4_name","Input.q4_natural_url","Input.q4_tactile_url","Input.q4_answer","Input.q5_name","Input.q5_natural_url","Input.q5_tactile_url","Input.q5_answer","Input.q6_name","Input.q6_natural_url","Input.q6_tactile_url","Input.q6_answer","Input.q7_name","Input.q7_natural_url","Input.q7_tactile_url","Input.q7_answer","Input.q8_name","Input.q8_natural_url","Input.q8_tactile_url","Input.q8_answer","Input.q9_name","Input.q9_natural_url","Input.q9_tactile_url","Input.q9_answer","Input.q10_name","Input.q10_natural_url","Input.q10_tactile_url","Input.q10_answer","Answer.taskAnswers","Approve","Reject"
"3U18MJKL2M0PD2YG6MFPZT7D7WVNCN","35280GTXAE4NKOCBSAFNOQNW8HVVOK","Categorize images based on quality of lines and strokes.","Review 10 line-arts and judge if it has adequate outlines and internal lines. (10 pairs)","tactile, image review, accessibility, furniture and structures","$0.08","Tue Apr 14 17:44:01 PDT 2026","7","BatchId:5385437;OriginalHitTemplateId:928390873;","1800","1296000","Tue Apr 21 17:44:01 PDT 2026","","","3A0EX8ZRO1221G8HPQX6T9VVXP7BYH","A312G4F6TIKFFQ","Approved","Tue Apr 14 17:50:43 PDT 2026","Tue Apr 14 17:51:49 PDT 2026","Wed Apr 29 17:51:49 PDT 2026","Sat Apr 18 19:57:17 PDT 2026","","","66","70% (26/37)","35% (6/17)","35% (6/17)","Bed","https://tactileeval.s3.us-east-1.amazonaws.com/family_datasets/Furniture_and_Structures/Bed/Natural/1.jpg","https://tactileeval.s3.us-east-1.amazonaws.com/family_datasets/Furniture_and_Structures/Bed/Tactile/1.jpeg","","Bed","https://tactileeval.s3.us-east-1.amazonaws.com/family_datasets/Furniture_and_Structures/Bed/Natural/2_Bed.jpg","https://tactileeval.s3.us-east-1.amazonaws.com/family_datasets/Furniture_and_Structures/Bed/Tactile/2.jpeg","","Bed","https://tactileeval.s3.us-east-1.amazonaws.com/family_datasets/Furniture_and_Structures/Bed/Natural/3_Bed.jpg","https://tactileeval.s3.us-east-1.amazonaws.com/family_datasets/Furniture_and_Structures/Bed/Tactile/3.jpeg","","Bed","https://tactileeval.s3.us-east-1.amazonaws.com/family_datasets/Furniture_and_Structures/Bed/Natural/4_Bed_refined.jpg","https://tactileeval.s3.us-east-1.amazonaws.com/family_datasets/Furniture_and_Structures/Bed/Tactile/4_refined.png","","Bed","https://tactileeval.s3.us-east-1.amazonaws.com/family_datasets/Furniture_and_Structures/Bed/Natural/5_Bed.jpg","https://tactileeval.s3.us-east-1.amazonaws.com/family_datasets/Furniture_and_Structures/Bed/Tactile/5.jpeg","","Bed","https://tactileeval.s3.us-east-1.amazonaws.com/family_datasets/Furniture_and_Structures/Bed/Natural/6_Bed.jpg","https://tactileeval.s3.us-east-1.amazonaws.com/family_datasets/Furniture_and_Structures/Bed/Tactile/6.jpeg","","Bed","https://tactileeval.s3.us-east-1.amazonaws.com/family_datasets/Furniture_and_Structures/Bed/Natural/7_Bed.jpg","https://tactileeval.s3.us-east-1.amazonaws.com/family_datasets/Furniture_and_Structures/Bed/Tactile/7.jpeg","","Bed","https://tactileeval.s3.us-east-1.amazonaws.com/family_datasets/Furniture_and_Structures/Bed/Natural/8_Bed.jpg","https://tactileeval.s3.us-east-1.amazonaws.com/family_datasets/Furniture_and_Structures/Bed/Tactile/8.jpeg","","Bed","https://tactileeval.s3.us-east-1.amazonaws.com/family_datasets/Furniture_and_Structures/Bed/Natural/9_Bed.jpg","https://tactileeval.s3.us-east-1.amazonaws.com/family_datasets/Furniture_and_Structures/Bed/Tactile/9.jpeg","","Bed","https://tactileeval.s3.us-east-1.amazonaws.com/family_datasets/Furniture_and_Structures/Bed/Natural/10_Bed.jpg","https://tactileeval.s3.us-east-1.amazonaws.com/family_datasets/Furniture_and_Structures/Bed/Tactile/10.jpeg","","[{""question1"":{""broken_lines"":true,""fuzzy_lines"":false,""no_line_issues"":false,""too_thick"":false},""question10"":{""broken_lines"":true,""fuzzy_lines"":true,""no_line_issues"":false,""too_thick"":false},""question2"":{""broken_lines"":false,""fuzzy_lines"":false,""no_line_issues"":false,""too_thick"":true},""question3"":{""broken_lines"":false,""fuzzy_lines"":false,""no_line_issues"":true,""too_thick"":false},""question4"":{""broken_lines"":false,""fuzzy_lines"":false,""no_line_issues"":true,""too_thick"":false},""question5"":{""broken_lines"":false,""fuzzy_lines"":false,""no_line_issues"":true,""too_thick"":false},""question6"":{""broken_lines"":false,""fuzzy_lines"":false,""no_line_issues"":false,""too_thick"":true},""question7"":{""broken_lines"":true,""fuzzy_lines"":true,""no_line_issues"":false,""too_thick"":false},""question8"":{""broken_lines"":true,""fuzzy_lines"":true,""no_line_issues"":false,""too_thick"":false},""question9"":{""broken_lines"":true,""fuzzy_lines"":true,""no_line_issues"":false,""too_thick"":false}}]"
"3U18MJKL2M0PD2YG6MFPZT7D7WVNCN","35280GTXAE4NKOCBSAFNOQNW8HVVOK","Categorize images based on quality of lines and strokes.","Review 10 line-arts and judge if it has adequate outlines and internal lines. (10 pairs)","tactile, image review, accessibility, furniture and structures","$0.08","Tue Apr 14 17:44:01 PDT 2026","7","BatchId:5385437;OriginalHitTemplateId:928390873;","1800","1296000","Tue Apr 21 17:44:01 PDT 2026","","","39OWYR0EQD5SEXKXUSJ2CZMGCN4YFR","A2D07SVRO4UFVL","Approved","Tue Apr 14 18:43:02 PDT 2026","Tue Apr 14 18:43:56 PDT 2026","Wed Apr 29 18:43:56 PDT 2026","Sat Apr 18 19:57:17 PDT 2026","","","54","80% (35/44)","79% (33/42)","79% (33/42)","Bed","https://tactileeval.s3.us-east-1.amazonaws.com/family_datasets/Furniture_and_Structures/Bed/Natural/1.jpg","https://tactileeval.s3.us-east-1.amazonaws.com/family_datasets/Furniture_and_Structures/Bed/Tactile/1.jpeg","","Bed","https://tactileeval.s3.us-east-1.amazonaws.com/family_datasets/Furniture_and_Structures/Bed/Natural/2_Bed.jpg","https://tactileeval.s3.us-east-1.amazonaws.com/family_datasets/Furniture_and_Structures/Bed/Tactile/2.jpeg","","Bed","https://tactileeval.s3.us-east-1.amazonaws.com/family_datasets/Furniture_and_Structures/Bed/Natural/3_Bed.jpg","https://tactileeval.s3.us-east-1.amazonaws.com/family_datasets/Furniture_and_Structures/Bed/Tactile/3.jpeg","","Bed","https://tactileeval.s3.us-east-1.amazonaws.com/family_datasets/Furniture_and_Structures/Bed/Natural/4_Bed_refined.jpg","https://tactileeval.s3.us-east-1.amazonaws.com/family_datasets/Furniture_and_Structures/Bed/Tactile/4_refined.png","","Bed","https://tactileeval.s3.us-east-1.amazonaws.com/family_datasets/Furniture_and_Structures/Bed/Natural/5_Bed.jpg","https://tactileeval.s3.us-east-1.amazonaws.com/family_datasets/Furniture_and_Structures/Bed/Tactile/5.jpeg","","Bed","https://tactileeval.s3.us-east-1.amazonaws.com/family_datasets/Furniture_and_Structures/Bed/Natural/6_Bed.jpg","https://tactileeval.s3.us-east-1.amazonaws.com/family_datasets/Furniture_and_Structures/Bed/Tactile/6.jpeg","","Bed","https://tactileeval.s3.us-east-1.amazonaws.com/family_datasets/Furniture_and_Structures/Bed/Natural/7_Bed.jpg","https://tactileeval.s3.us-east-1.amazonaws.com/family_datasets/Furniture_and_Structures/Bed/Tactile/7.jpeg","","Bed","https://tactileeval.s3.us-east-1.amazonaws.com/family_datasets/Furniture_and_Structures/Bed/Natural/8_Bed.jpg","https://tactileeval.s3.us-east-1.amazonaws.com/family_datasets/Furniture_and_Structures/Bed/Tactile/8.jpeg","","Bed","https://tactileeval.s3.us-east-1.amazonaws.com/family_datasets/Furniture_and_Structures/Bed/Natural/9_Bed.jpg","https://tactileeval.s3.us-east-1.amazonaws.com/family_datasets/Furniture_and_Structures/Bed/Tactile/9.jpeg","","Bed","https://tactileeval.s3.us-east-1.amazonaws.com/family_datasets/Furniture_and_Structures/Bed/Natural/10_Bed.jpg","https://tactileeval.s3.us-east-1.amazonaws.com/family_datasets/Furniture_and_Structures/Bed/Tactile/10.jpeg","","[{""question1"":{""broken_lines"":true,""fuzzy_lines"":false,""no_line_issues"":false,""too_thick"":false},""question10"":{""broken_lines"":true,""fuzzy_lines"":true,""no_line_issues"":false,""too_thick"":false},""question2"":{""broken_lines"":false,""fuzzy_lines"":false,""no_line_issues"":false,""too_thick"":true},""question3"":{""broken_lines"":false,""fuzzy_lines"":false,""no_line_issues"":true,""too_thick"":false},""question4"":{""broken_lines"":false,""fuzzy_lines"":false,""no_line_issues"":true,""too_thick"":false},""question5"":{""broken_lines"":false,""fuzzy_lines"":false,""no_line_issues"":false,""too_thick"":true},""question6"":{""broken_lines"":false,""fuzzy_lines"":false,""no_line_issues"":false,""too_thick"":true},""question7"":{""broken_lines"":true,""fuzzy_lines"":true,""no_line_issues"":false,""too_thick"":false},""question8"":{""broken_lines"":true,""fuzzy_lines"":true,""no_line_issues"":false,""too_thick"":false},""question9"":{""broken_lines"":true,""fuzzy_lines"":true,""no_line_issues"":false,""too_thick"":false}}]"
"3U18MJKL2M0PD2YG6MFPZT7D7WVNCN","35280GTXAE4NKOCBSAFNOQNW8HVVOK","Categorize images based on quality of lines and strokes.","Review 10 line-arts and judge if it has adequate outlines and internal lines. (10 pairs)","tactile, image review, accessibility, furniture and structures","$0.08","Tue Apr 14 17:44:01 PDT 2026","7","BatchId:5385437;OriginalHitTemplateId:928390873;","1800","1296000","Tue Apr 21 17:44:01 PDT 2026","","","358010RM677SAPGDPB24B7ITYC7XVJ","A2NZLZLLAZYXJX","Approved","Tue Apr 14 20:20:35 PDT 2026","Tue Apr 14 20:23:47 PDT 2026","Wed Apr 29 20:23:47 PDT 2026","Sat Apr 18 19:57:17 PDT 2026","","","192","67% (39/58)","67% (39/58)","67% (39/58)","Bed","https://tactileeval.s3.us-east-1.amazonaws.com/family_datasets/Furniture_and_Structures/Bed/Natural/1.jpg","https://tactileeval.s3.us-east-1.amazonaws.com/family_datasets/Furniture_and_Structures/Bed/Tactile/1.jpeg","","Bed","https://tactileeval.s3.us-east-1.amazonaws.com/family_datasets/Furniture_and_Structures/Bed/Natural/2_Bed.jpg","https://tactileeval.s3.us-east-1.amazonaws.com/family_datasets/Furniture_and_Structures/Bed/Tactile/2.jpeg","","Bed","https://tactileeval.s3.us-east-1.amazonaws.com/family_datasets/Furniture_and_Structures/Bed/Natural/3_Bed.jpg","https://tactileeval.s3.us-east-1.amazonaws.com/family_datasets/Furniture_and_Structures/Bed/Tactile/3.jpeg","","Bed","https://tactileeval.s3.us-east-1.amazonaws.com/family_datasets/Furniture_and_Structures/Bed/Natural/4_Bed_refined.jpg","https://tactileeval.s3.us-east-1.amazonaws.com/family_datasets/Furniture_and_Structures/Bed/Tactile/4_refined.png","","Bed","https://tactileeval.s3.us-east-1.amazonaws.com/family_datasets/Furniture_and_Structures/Bed/Natural/5_Bed.jpg","https://tactileeval.s3.us-east-1.amazonaws.com/family_datasets/Furniture_and_Structures/Bed/Tactile/5.jpeg","","Bed","https://tactileeval.s3.us-east-1.amazonaws.com/family_datasets/Furniture_and_Structures/Bed/Natural/6_Bed.jpg","https://tactileeval.s3.us-east-1.amazonaws.com/family_datasets/Furniture_and_Structures/Bed/Tactile/6.jpeg","","Bed","https://tactileeval.s3.us-east-1.amazonaws.com/family_datasets/Furniture_and_Structures/Bed/Natural/7_Bed.jpg","https://tactileeval.s3.us-east-1.amazonaws.com/family_datasets/Furniture_and_Structures/Bed/Tactile/7.jpeg","","Bed","https://tactileeval.s3.us-east-1.amazonaws.com/family_datasets/Furniture_and_Structures/Bed/Natural/8_Bed.jpg","https://tactileeval.s3.us-east-1.amazonaws.com/family_datasets/Furniture_and_Structures/Bed/Tactile/8.jpeg","","Bed","https://tactileeval.s3.us-east-1.amazonaws.com/family_datasets/Furniture_and_Structures/Bed/Natural/9_Bed.jpg","https://tactileeval.s3.us-east-1.amazonaws.com/family_datasets/Furniture_and_Structures/Bed/Tactile/9.jpeg","","Bed","https://tactileeval.s3.us-east-1.amazonaws.com/family_datasets/Furniture_and_Structures/Bed/Natural/10_Bed.jpg","https://tactileeval.s3.us-east-1.amazonaws.com/family_datasets/Furniture_and_Structures/Bed/Tactile/10.jpeg","","[{""question1"":{""broken_lines"":false,""fuzzy_lines"":false,""no_line_issues"":true,""too_thick"":false},""question10"":{""broken_lines"":true,""fuzzy_lines"":false,""no_line_issues"":false,""too_thick"":false},""question2"":{""broken_lines"":false,""fuzzy_lines"":false,""no_line_issues"":false,""too_thick"":true},""question3"":{""broken_lines"":false,""fuzzy_lines"":false,""no_line_issues"":true,""too_thick"":false},""question4"":{""broken_lines"":false,""fuzzy_lines"":false,""no_line_issues"":true,""too_thick"":false},""question5"":{""broken_lines"":false,""fuzzy_lines"":false,""no_line_issues"":true,""too_thick"":false},""question6"":{""broken_lines"":false,""fuzzy_lines"":false,""no_line_issues"":false,""too_thick"":true},""question7"":{""broken_lines"":true,""fuzzy_lines"":false,""no_line_issues"":false,""too_thick"":false},""question8"":{""broken_lines"":false,""fuzzy_lines"":false,""no_line_issues"":true,""too_thick"":false},""question9"":{""broken_lines"":true,""fuzzy_lines"":false,""no_line_issues"":false,""too_thick"":false}}]"
"3U18MJKL2M0PD2YG6MFPZT7D7WVNCN","35280GTXAE4NKOCBSAFNOQNW8HVVOK","Categorize images based on quality of lines and strokes.","Review 10 line-arts and judge if it has adequate outlines and internal lines. (10 pairs)","tactile, image review, accessibility, furniture and structures","$0.08","Tue Apr 14 17:44:01 PDT 2026","7","BatchId:5385437;OriginalHitTemplateId:928390873;","1800","1296000","Tue Apr 21 17:44:01 PDT 2026","","","3BEFOD78XZ7IM0YUR8Z8R02IEORM4D","AZG7LNQUXYW8V","Approved","Tue Apr 14 20:25:55 PDT 2026","Tue Apr 14 20:40:43 PDT 2026","Wed Apr 29 20:40:43 PDT 2026","Sat Apr 18 19:57:17 PDT 2026","","","888","58% (21/36)","58% (21/36)","58% (21/36)","Bed","https://tactileeval.s3.us-east-1.amazonaws.com/family_datasets/Furniture_and_Structures/Bed/Natural/1.jpg","https://tactileeval.s3.us-east-1.amazonaws.com/family_datasets/Furniture_and_Structures/Bed/Tactile/1.jpeg","","Bed","https://tactileeval.s3.us-east-1.amazonaws.com/family_datasets/Furniture_and_Structures/Bed/Natural/2_Bed.jpg","https://tactileeval.s3.us-east-1.amazonaws.com/family_datasets/Furniture_and_Structures/Bed/Tactile/2.jpeg","","Bed","https://tactileeval.s3.us-east-1.amazonaws.com/family_datasets/Furniture_and_Structures/Bed/Natural/3_Bed.jpg","https://tactileeval.s3.us-east-1.amazonaws.com/family_datasets/Furniture_and_Structures/Bed/Tactile/3.jpeg","","Bed","https://tactileeval.s3.us-east-1.amazonaws.com/family_datasets/Furniture_and_Structures/Bed/Natural/4_Bed_refined.jpg","https://tactileeval.s3.us-east-1.amazonaws.com/family_datasets/Furniture_and_Structures/Bed/Tactile/4_refined.png","","Bed","https://tactileeval.s3.us-east-1.amazonaws.com/family_datasets/Furniture_and_Structures/Bed/Natural/5_Bed.jpg","https://tactileeval.s3.us-east-1.amazonaws.com/family_datasets/Furniture_and_Structures/Bed/Tactile/5.jpeg","","Bed","https://tactileeval.s3.us-east-1.amazonaws.com/family_datasets/Furniture_and_Structures/Bed/Natural/6_Bed.jpg","https://tactileeval.s3.us-east-1.amazonaws.com/family_datasets/Furniture_and_Structures/Bed/Tactile/6.jpeg","","Bed","https://tactileeval.s3.us-east-1.amazonaws.com/family_datasets/Furniture_and_Structures/Bed/Natural/7_Bed.jpg","https://tactileeval.s3.us-east-1.amazonaws.com/family_datasets/Furniture_and_Structures/Bed/Tactile/7.jpeg","","Bed","https://tactileeval.s3.us-east-1.amazonaws.com/family_datasets/Furniture_and_Structures/Bed/Natural/8_Bed.jpg","https://tactileeval.s3.us-east-1.amazonaws.com/family_datasets/Furniture_and_Structures/Bed/Tactile/8.jpeg","","Bed","https://tactileeval.s3.us-east-1.amazonaws.com/family_datasets/Furniture_and_Structures/Bed/Natural/9_Bed.jpg","https://tactileeval.s3.us-east-1.amazonaws.com/family_datasets/Furniture_and_Structures/Bed/Tactile/9.jpeg","","Bed","https://tactileeval.s3.us-east-1.amazonaws.com/family_datasets/Furniture_and_Structures/Bed/Natural/10_Bed.jpg","https://tactileeval.s3.us-east-1.amazonaws.com/family_datasets/Furniture_and_Structures/Bed/Tactile/10.jpeg","","[{""question1"":{""broken_lines"":false,""fuzzy_lines"":false,""no_line_issues"":true,""too_thick"":false},""question10"":{""broken_lines"":true,""fuzzy_lines"":false,""no_line_issues"":false,""too_thick"":false},""question2"":{""broken_lines"":false,""fuzzy_lines"":false,""no_line_issues"":false,""too_thick"":true},""question3"":{""broken_lines"":false,""fuzzy_lines"":false,""no_line_issues"":true,""too_thick"":false},""question4"":{""broken_lines"":false,""fuzzy_lines"":false,""no_line_issues"":true,""too_thick"":false},""question5"":{""broken_lines"":false,""fuzzy_lines"":false,""no_line_issues"":true,""too_thick"":false},""question6"":{""broken_lines"":false,""fuzzy_lines"":false,""no_line_issues"":false,""too_thick"":true},""question7"":{""broken_lines"":true,""fuzzy_lines"":false,""no_line_issues"":false,""too_thick"":false},""question8"":{""broken_lines"":true,""fuzzy_lines"":false,""no_line_issues"":false,""too_thick"":false},""question9"":{""broken_lines"":true,""fuzzy_lines"":false,""no_line_issues"":false,""too_thick"":false}}]"
"3U18MJKL2M0PD2YG6MFPZT7D7WVNCN","35280GTXAE4NKOCBSAFNOQNW8HVVOK","Categorize images based on quality of lines and strokes.","Review 10 line-arts and judge if it has adequate outlines and internal lines. (10 pairs)","tactile, image review, accessibility, furniture and structures","$0.08","Tue Apr 14 17:44:01 PDT 2026","7","BatchId:5385437;OriginalHitTemplateId:928390873;","1800","1296000","Tue Apr 21 17:44:01 PDT 2026","","","3STRJBFXPP57DXDHLXN0KVM65IDTKB","A1ASIOBX12Z73I","Approved","Tue Apr 14 20:26:27 PDT 2026","Tue Apr 14 20:41:35 PDT 2026","Wed Apr 29 20:41:35 PDT 2026","Sat Apr 18 19:57:17 PDT 2026","","","908","66% (19/29)","66% (19/29)","66% (19/29)","Bed","https://tactileeval.s3.us-east-1.amazonaws.com/family_datasets/Furniture_and_Structures/Bed/Natural/1.jpg","https://tactileeval.s3.us-east-1.amazonaws.com/family_datasets/Furniture_and_Structures/Bed/Tactile/1.jpeg","","Bed","https://tactileeval.s3.us-east-1.amazonaws.com/family_datasets/Furniture_and_Structures/Bed/Natural/2_Bed.jpg","https://tactileeval.s3.us-east-1.amazonaws.com/family_datasets/Furniture_and_Structures/Bed/Tactile/2.jpeg","","Bed","https://tactileeval.s3.us-east-1.amazonaws.com/family_datasets/Furniture_and_Structures/Bed/Natural/3_Bed.jpg","https://tactileeval.s3.us-east-1.amazonaws.com/family_datasets/Furniture_and_Structures/Bed/Tactile/3.jpeg","","Bed","https://tactileeval.s3.us-east-1.amazonaws.com/family_datasets/Furniture_and_Structures/Bed/Natural/4_Bed_refined.jpg","https://tactileeval.s3.us-east-1.amazonaws.com/family_datasets/Furniture_and_Structures/Bed/Tactile/4_refined.png","","Bed","https://tactileeval.s3.us-east-1.amazonaws.com/family_datasets/Furniture_and_Structures/Bed/Natural/5_Bed.jpg","https://tactileeval.s3.us-east-1.amazonaws.com/family_datasets/Furniture_and_Structures/Bed/Tactile/5.jpeg","","Bed","https://tactileeval.s3.us-east-1.amazonaws.com/family_datasets/Furniture_and_Structures/Bed/Natural/6_Bed.jpg","https://tactileeval.s3.us-east-1.amazonaws.com/family_datasets/Furniture_and_Structures/Bed/Tactile/6.jpeg","","Bed","https://tactileeval.s3.us-east-1.amazonaws.com/family_datasets/Furniture_and_Structures/Bed/Natural/7_Bed.jpg","https://tactileeval.s3.us-east-1.amazonaws.com/family_datasets/Furniture_and_Structures/Bed/Tactile/7.jpeg","","Bed","https://tactileeval.s3.us-east-1.amazonaws.com/family_datasets/Furniture_and_Structures/Bed/Natural/8_Bed.jpg","https://tactileeval.s3.us-east-1.amazonaws.com/family_datasets/Furniture_and_Structures/Bed/Tactile/8.jpeg","","Bed","https://tactileeval.s3.us-east-1.amazonaws.com/family_datasets/Furniture_and_Structures/Bed/Natural/9_Bed.jpg","https://tactileeval.s3.us-east-1.amazonaws.com/family_datasets/Furniture_and_Structures/Bed/Tactile/9.jpeg","","Bed","https://tactileeval.s3.us-east-1.amazonaws.com/family_datasets/Furniture_and_Structures/Bed/Natural/10_Bed.jpg","https://tactileeval.s3.us-east-1.amazonaws.com/family_datasets/Furniture_and_Structures/Bed/Tactile/10.jpeg","","[{""question1"":{""broken_lines"":true,""fuzzy_lines"":false,""no_line_issues"":false,""too_thick"":false},""question10"":{""broken_lines"":true,""fuzzy_lines"":false,""no_line_issues"":false,""too_thick"":false},""question2"":{""broken_lines"":false,""fuzzy_lines"":false,""no_line_issues"":false,""too_thick"":true},""question3"":{""broken_lines"":false,""fuzzy_lines"":false,""no_line_issues"":true,""too_thick"":false},""question4"":{""broken_lines"":false,""fuzzy_lines"":false,""no_line_issues"":true,""too_thick"":false},""question5"":{""broken_lines"":false,""fuzzy_lines"":false,""no_line_issues"":true,""too_thick"":false},""question6"":{""broken_lines"":false,""fuzzy_lines"":false,""no_line_issues"":true,""too_thick"":false},""question7"":{""broken_lines"":true,""fuzzy_lines"":false,""no_line_issues"":false,""too_thick"":false},""question8"":{""broken_lines"":true,""fuzzy_lines"":false,""no_line_issues"":false,""too_thick"":false},""question9"":{""broken_lines"":true,""fuzzy_lines"":false,""no_line_issues"":false,""too_thick"":false}}]"
"3U18MJKL2M0PD2YG6MFPZT7D7WVNCN","35280GTXAE4NKOCBSAFNOQNW8HVVOK","Categorize images based on quality of lines and strokes.","Review 10 line-arts and judge if it has adequate outlines and internal lines. (10 pairs)","tactile, image review, accessibility, furniture and structures","$0.08","Tue Apr 14 17:44:01 PDT 2026","7","BatchId:5385437;OriginalHitTemplateId:928390873;","1800","1296000","Tue Apr 21 17:44:01 PDT 2026","","","34X6J5FLQMCZAXF7M8TTEBB66MEJQO","A26211PR4VJSYZ","Approved","Tue Apr 14 20:27:43 PDT 2026","Tue Apr 14 20:56:11 PDT 2026","Wed Apr 29 20:56:11 PDT 2026","Sat Apr 18 19:57:17 PDT 2026","","","1708","100% (6/6)","100% (6/6)","100% (6/6)","Bed","https://tactileeval.s3.us-east-1.amazonaws.com/family_datasets/Furniture_and_Structures/Bed/Natural/1.jpg","https://tactileeval.s3.us-east-1.amazonaws.com/family_datasets/Furniture_and_Structures/Bed/Tactile/1.jpeg","","Bed","https://tactileeval.s3.us-east-1.amazonaws.com/family_datasets/Furniture_and_Structures/Bed/Natural/2_Bed.jpg","https://tactileeval.s3.us-east-1.amazonaws.com/family_datasets/Furniture_and_Structures/Bed/Tactile/2.jpeg","","Bed","https://tactileeval.s3.us-east-1.amazonaws.com/family_datasets/Furniture_and_Structures/Bed/Natural/3_Bed.jpg","https://tactileeval.s3.us-east-1.amazonaws.com/family_datasets/Furniture_and_Structures/Bed/Tactile/3.jpeg","","Bed","https://tactileeval.s3.us-east-1.amazonaws.com/family_datasets/Furniture_and_Structures/Bed/Natural/4_Bed_refined.jpg","https://tactileeval.s3.us-east-1.amazonaws.com/family_datasets/Furniture_and_Structures/Bed/Tactile/4_refined.png","","Bed","https://tactileeval.s3.us-east-1.amazonaws.com/family_datasets/Furniture_and_Structures/Bed/Natural/5_Bed.jpg","https://tactileeval.s3.us-east-1.amazonaws.com/family_datasets/Furniture_and_Structures/Bed/Tactile/5.jpeg","","Bed","https://tactileeval.s3.us-east-1.amazonaws.com/family_datasets/Furniture_and_Structures/Bed/Natural/6_Bed.jpg","https://tactileeval.s3.us-east-1.amazonaws.com/family_datasets/Furniture_and_Structures/Bed/Tactile/6.jpeg","","Bed","https://tactileeval.s3.us-east-1.amazonaws.com/family_datasets/Furniture_and_Structures/Bed/Natural/7_Bed.jpg","https://tactileeval.s3.us-east-1.amazonaws.com/family_datasets/Furniture_and_Structures/Bed/Tactile/7.jpeg","","Bed","https://tactileeval.s3.us-east-1.amazonaws.com/family_datasets/Furniture_and_Structures/Bed/Natural/8_Bed.jpg","https://tactileeval.s3.us-east-1.amazonaws.com/family_datasets/Furniture_and_Structures/Bed/Tactile/8.jpeg","","Bed","https://tactileeval.s3.us-east-1.amazonaws.com/family_datasets/Furniture_and_Structures/Bed/Natural/9_Bed.jpg","https://tactileeval.s3.us-east-1.amazonaws.com/family_datasets/Furniture_and_Structures/Bed/Tactile/9.jpeg","","Bed","https://tactileeval.s3.us-east-1.amazonaws.com/family_datasets/Furniture_and_Structures/Bed/Natural/10_Bed.jpg","https://tactileeval.s3.us-east-1.amazonaws.com/family_datasets/Furniture_and_Structures/Bed/Tactile/10.jpeg","","[{""question1"":{""broken_lines"":false,""fuzzy_lines"":false,""no_line_issues"":true,""too_thick"":false},""question10"":{""broken_lines"":true,""fuzzy_lines"":false,""no_line_issues"":false,""too_thick"":false},""question2"":{""broken_lines"":false,""fuzzy_lines"":false,""no_line_issues"":false,""too_thick"":true},""question3"":{""broken_lines"":false,""fuzzy_lines"":false,""no_line_issues"":true,""too_thick"":false},""question4"":{""broken_lines"":false,""fuzzy_lines"":false,""no_line_issues"":true,""too_thick"":false},""question5"":{""broken_lines"":false,""fuzzy_lines"":false,""no_line_issues"":true,""too_thick"":false},""question6"":{""broken_lines"":false,""fuzzy_lines"":false,""no_line_issues"":false,""too_thick"":true},""question7"":{""broken_lines"":true,""fuzzy_lines"":false,""no_line_issues"":false,""too_thick"":false},""question8"":{""broken_lines"":true,""fuzzy_lines"":false,""no_line_issues"":false,""too_thick"":false},""question9"":{""broken_lines"":true,""fuzzy_lines"":false,""no_line_issues"":false,""too_thick"":false}}]"
"3U18MJKL2M0PD2YG6MFPZT7D7WVNCN","35280GTXAE4NKOCBSAFNOQNW8HVVOK","Categorize images based on quality of lines and strokes.","Review 10 line-arts and judge if it has adequate outlines and internal lines. (10 pairs)","tactile, image review, accessibility, furniture and structures","$0.08","Tue Apr 14 17:44:01 PDT 2026","7","BatchId:5385437;OriginalHitTemplateId:928390873;","1800","1296000","Tue Apr 21 17:44:01 PDT 2026","","","36V4Q8R50DEPB5LSP56LU33NAG9MQV","A131OURGHR3KFX","Approved","Tue Apr 14 20:28:14 PDT 2026","Tue Apr 14 20:57:31 PDT 2026","Wed Apr 29 20:57:31 PDT 2026","Sat Apr 18 19:57:17 PDT 2026","","","1757","100% (6/6)","100% (6/6)","100% (6/6)","Bed","https://tactileeval.s3.us-east-1.amazonaws.com/family_datasets/Furniture_and_Structures/Bed/Natural/1.jpg","https://tactileeval.s3.us-east-1.amazonaws.com/family_datasets/Furniture_and_Structures/Bed/Tactile/1.jpeg","","Bed","https://tactileeval.s3.us-east-1.amazonaws.com/family_datasets/Furniture_and_Structures/Bed/Natural/2_Bed.jpg","https://tactileeval.s3.us-east-1.amazonaws.com/family_datasets/Furniture_and_Structures/Bed/Tactile/2.jpeg","","Bed","https://tactileeval.s3.us-east-1.amazonaws.com/family_datasets/Furniture_and_Structures/Bed/Natural/3_Bed.jpg","https://tactileeval.s3.us-east-1.amazonaws.com/family_datasets/Furniture_and_Structures/Bed/Tactile/3.jpeg","","Bed","https://tactileeval.s3.us-east-1.amazonaws.com/family_datasets/Furniture_and_Structures/Bed/Natural/4_Bed_refined.jpg","https://tactileeval.s3.us-east-1.amazonaws.com/family_datasets/Furniture_and_Structures/Bed/Tactile/4_refined.png","","Bed","https://tactileeval.s3.us-east-1.amazonaws.com/family_datasets/Furniture_and_Structures/Bed/Natural/5_Bed.jpg","https://tactileeval.s3.us-east-1.amazonaws.com/family_datasets/Furniture_and_Structures/Bed/Tactile/5.jpeg","","Bed","https://tactileeval.s3.us-east-1.amazonaws.com/family_datasets/Furniture_and_Structures/Bed/Natural/6_Bed.jpg","https://tactileeval.s3.us-east-1.amazonaws.com/family_datasets/Furniture_and_Structures/Bed/Tactile/6.jpeg","","Bed","https://tactileeval.s3.us-east-1.amazonaws.com/family_datasets/Furniture_and_Structures/Bed/Natural/7_Bed.jpg","https://tactileeval.s3.us-east-1.amazonaws.com/family_datasets/Furniture_and_Structures/Bed/Tactile/7.jpeg","","Bed","https://tactileeval.s3.us-east-1.amazonaws.com/family_datasets/Furniture_and_Structures/Bed/Natural/8_Bed.jpg","https://tactileeval.s3.us-east-1.amazonaws.com/family_datasets/Furniture_and_Structures/Bed/Tactile/8.jpeg","","Bed","https://tactileeval.s3.us-east-1.amazonaws.com/family_datasets/Furniture_and_Structures/Bed/Natural/9_Bed.jpg","https://tactileeval.s3.us-east-1.amazonaws.com/family_datasets/Furniture_and_Structures/Bed/Tactile/9.jpeg","","Bed","https://tactileeval.s3.us-east-1.amazonaws.com/family_datasets/Furniture_and_Structures/Bed/Natural/10_Bed.jpg","https://tactileeval.s3.us-east-1.amazonaws.com/family_datasets/Furniture_and_Structures/Bed/Tactile/10.jpeg","","[{""question1"":{""broken_lines"":false,""fuzzy_lines"":false,""no_line_issues"":true,""too_thick"":false},""question10"":{""broken_lines"":true,""fuzzy_lines"":false,""no_line_issues"":false,""too_thick"":false},""question2"":{""broken_lines"":false,""fuzzy_lines"":false,""no_line_issues"":false,""too_thick"":true},""question3"":{""broken_lines"":false,""fuzzy_lines"":false,""no_line_issues"":true,""too_thick"":false},""question4"":{""broken_lines"":false,""fuzzy_lines"":false,""no_line_issues"":true,""too_thick"":false},""question5"":{""broken_lines"":false,""fuzzy_lines"":false,""no_line_issues"":true,""too_thick"":false},""question6"":{""broken_lines"":false,""fuzzy_lines"":false,""no_line_issues"":true,""too_thick"":false},""question7"":{""broken_lines"":true,""fuzzy_lines"":false,""no_line_issues"":false,""too_thick"":false},""question8"":{""broken_lines"":true,""fuzzy_lines"":false,""no_line_issues"":false,""too_thick"":false},""question9"":{""broken_lines"":true,""fuzzy_lines"":false,""no_line_issues"":false,""too_thick"":false}}]"
"3VI0PC2ZBQYVYL9NYXBPSVSSYOOXOE","35280GTXAE4NKOCBSAFNOQNW8HVVOK","Categorize images based on quality of lines and strokes.","Review 10 line-arts and judge if it has adequate outlines and internal lines. (10 pairs)","tactile, image review, accessibility, furniture and structures","$0.08","Tue Apr 14 17:44:01 PDT 2026","9","BatchId:5385437;OriginalHitTemplateId:928390873;","1800","1296000","Tue Apr 21 17:44:01 PDT 2026","","","30BXRYBRQXB83OG3AHPEUNDDHUHHW9","A2D07SVRO4UFVL","Rejected","Tue Apr 14 18:39:45 PDT 2026","Tue Apr 14 18:41:03 PDT 2026","Wed Apr 29 18:41:03 PDT 2026","","Sat Apr 18 19:57:17 PDT 2026","Thank you for your time. Unfortunately this submission did not pass the embedded gold-standard checks; this task requires very careful attention to detail.","78","80% (35/44)","79% (33/42)","79% (33/42)","Bed","https://tactileeval.s3.us-east-1.amazonaws.com/family_datasets/Furniture_and_Structures/Bed/Natural/11_Bed.jpg","https://tactileeval.s3.us-east-1.amazonaws.com/family_datasets/Furniture_and_Structures/Bed/Tactile/11.jpeg","","Bed","https://tactileeval.s3.us-east-1.amazonaws.com/family_datasets/Furniture_and_Structures/Bed/Natural/12_Bed.jpg","https://tactileeval.s3.us-east-1.amazonaws.com/family_datasets/Furniture_and_Structures/Bed/Tactile/12.jpeg","","Bed","https://tactileeval.s3.us-east-1.amazonaws.com/family_datasets/Furniture_and_Structures/Bed/Natural/13_Bed.jpg","https://tactileeval.s3.us-east-1.amazonaws.com/family_datasets/Furniture_and_Structures/Bed/Tactile/13.jpeg","","Bed","https://tactileeval.s3.us-east-1.amazonaws.com/family_datasets/Furniture_and_Structures/Bed/Natural/14_Bed.jpg","https://tactileeval.s3.us-east-1.amazonaws.com/family_datasets/Furniture_and_Structures/Bed/Tactile/14.jpeg","","Chair","https://tactileeval.s3.us-east-1.amazonaws.com/family_datasets/Furniture_and_Structures/Chair/Natural/1_Chair.jpg","https://tactileeval.s3.us-east-1.amazonaws.com/family_datasets/Furniture_and_Structures/Chair/Tactile/1.jpg","","Chair","https://tactileeval.s3.us-east-1.amazonaws.com/family_datasets/Furniture_and_Structures/Chair/Natural/2_Chair.jpg","https://tactileeval.s3.us-east-1.amazonaws.com/family_datasets/Furniture_and_Structures/Chair/Tactile/2.jpg","","Chair","https://tactileeval.s3.us-east-1.amazonaws.com/family_datasets/Furniture_and_Structures/Chair/Natural/3_Chair%282%29.jpg","https://tactileeval.s3.us-east-1.amazonaws.com/family_datasets/Furniture_and_Structures/Chair/Tactile/3.jpg","","Chair","https://tactileeval.s3.us-east-1.amazonaws.com/family_datasets/Furniture_and_Structures/Chair/Natural/4_Chair%282%29_Edited.jpg","https://tactileeval.s3.us-east-1.amazonaws.com/family_datasets/Furniture_and_Structures/Chair/Tactile/4.png","","Chair","https://tactileeval.s3.us-east-1.amazonaws.com/family_datasets/Furniture_and_Structures/Chair/Natural/5_Chair.jpg","https://tactileeval.s3.us-east-1.amazonaws.com/family_datasets/Furniture_and_Structures/Chair/Tactile/5.jpg","","Chair","https://tactileeval.s3.us-east-1.amazonaws.com/family_datasets/Furniture_and_Structures/Chair/Natural/6_Chair.jpg","https://tactileeval.s3.us-east-1.amazonaws.com/family_datasets/Furniture_and_Structures/Chair/Tactile/6.jpg","","[{""question1"":{""broken_lines"":false,""fuzzy_lines"":false,""no_line_issues"":true,""too_thick"":false},""question10"":{""broken_lines"":true,""fuzzy_lines"":false,""no_line_issues"":false,""too_thick"":true},""question2"":{""broken_lines"":false,""fuzzy_lines"":false,""no_line_issues"":true,""too_thick"":false},""question3"":{""broken_lines"":false,""fuzzy_lines"":true,""no_line_issues"":false,""too_thick"":false},""question4"":{""broken_lines"":true,""fuzzy_lines"":true,""no_line_issues"":false,""too_thick"":false},""question5"":{""broken_lines"":true,""fuzzy_lines"":false,""no_line_issues"":false,""too_thick"":false},""question6"":{""broken_lines"":true,""fuzzy_lines"":false,""no_line_issues"":false,""too_thick"":true},""question7"":{""broken_lines"":false,""fuzzy_lines"":false,""no_line_issues"":true,""too_thick"":false},""question8"":{""broken_lines"":true,""fuzzy_lines"":false,""no_line_issues"":false,""too_thick"":false},""question9"":{""broken_lines"":true,""fuzzy_lines"":false,""no_line_issues"":false,""too_thick"":true}}]"
"3VI0PC2ZBQYVYL9NYXBPSVSSYOOXOE","35280GTXAE4NKOCBSAFNOQNW8HVVOK","Categorize images based on quality of lines and strokes.","Review 10 line-arts and judge if it has adequate outlines and internal lines. (10 pairs)","tactile, image review, accessibility, furniture and structures","$0.08","Tue Apr 14 17:44:01 PDT 2026","9","BatchId:5385437;OriginalHitTemplateId:928390873;","1800","1296000","Tue Apr 21 17:44:01 PDT 2026","","","3IQ1VMJRZMYIH5VHB05UZHIY6ZD9A9","A312G4F6TIKFFQ","Rejected","Tue Apr 14 19:53:59 PDT 2026","Tue Apr 14 19:55:10 PDT 2026","Wed Apr 29 19:55:10 PDT 2026","","Sat Apr 18 19:57:17 PDT 2026","Thank you for your time. Unfortunately this submission did not pass the embedded gold-standard checks; this task requires very careful attention to detail.","71","70% (26/37)","35% (6/17)","35% (6/17)","Bed","https://tactileeval.s3.us-east-1.amazonaws.com/family_datasets/Furniture_and_Structures/Bed/Natural/11_Bed.jpg","https://tactileeval.s3.us-east-1.amazonaws.com/family_datasets/Furniture_and_Structures/Bed/Tactile/11.jpeg","","Bed","https://tactileeval.s3.us-east-1.amazonaws.com/family_datasets/Furniture_and_Structures/Bed/Natural/12_Bed.jpg","https://tactileeval.s3.us-east-1.amazonaws.com/family_datasets/Furniture_and_Structures/Bed/Tactile/12.jpeg","","Bed","https://tactileeval.s3.us-east-1.amazonaws.com/family_datasets/Furniture_and_Structures/Bed/Natural/13_Bed.jpg","https://tactileeval.s3.us-east-1.amazonaws.com/family_datasets/Furniture_and_Structures/Bed/Tactile/13.jpeg","","Bed","https://tactileeval.s3.us-east-1.amazonaws.com/family_datasets/Furniture_and_Structures/Bed/Natural/14_Bed.jpg","https://tactileeval.s3.us-east-1.amazonaws.com/family_datasets/Furniture_and_Structures/Bed/Tactile/14.jpeg","","Chair","https://tactileeval.s3.us-east-1.amazonaws.com/family_datasets/Furniture_and_Structures/Chair/Natural/1_Chair.jpg","https://tactileeval.s3.us-east-1.amazonaws.com/family_datasets/Furniture_and_Structures/Chair/Tactile/1.jpg","","Chair","https://tactileeval.s3.us-east-1.amazonaws.com/family_datasets/Furniture_and_Structures/Chair/Natural/2_Chair.jpg","https://tactileeval.s3.us-east-1.amazonaws.com/family_datasets/Furniture_and_Structures/Chair/Tactile/2.jpg","","Chair","https://tactileeval.s3.us-east-1.amazonaws.com/family_datasets/Furniture_and_Structures/Chair/Natural/3_Chair%282%29.jpg","https://tactileeval.s3.us-east-1.amazonaws.com/family_datasets/Furniture_and_Structures/Chair/Tactile/3.jpg","","Chair","https://tactileeval.s3.us-east-1.amazonaws.com/family_datasets/Furniture_and_Structures/Chair/Natural/4_Chair%282%29_Edited.jpg","https://tactileeval.s3.us-east-1.amazonaws.com/family_datasets/Furniture_and_Structures/Chair/Tactile/4.png","","Chair","https://tactileeval.s3.us-east-1.amazonaws.com/family_datasets/Furniture_and_Structures/Chair/Natural/5_Chair.jpg","https://tactileeval.s3.us-east-1.amazonaws.com/family_datasets/Furniture_and_Structures/Chair/Tactile/5.jpg","","Chair","https://tactileeval.s3.us-east-1.amazonaws.com/family_datasets/Furniture_and_Structures/Chair/Natural/6_Chair.jpg","https://tactileeval.s3.us-east-1.amazonaws.com/family_datasets/Furniture_and_Structures/Chair/Tactile/6.jpg","","[{""question1"":{""broken_lines"":false,""fuzzy_lines"":false,""no_line_issues"":true,""too_thick"":false},""question10"":{""broken_lines"":true,""fuzzy_lines"":false,""no_line_issues"":false,""too_thick"":true},""question2"":{""broken_lines"":false,""fuzzy_lines"":false,""no_line_issues"":false,""too_thick"":true},""question3"":{""broken_lines"":false,""fuzzy_lines"":true,""no_line_issues"":false,""too_thick"":false},""question4"":{""broken_lines"":true,""fuzzy_lines"":true,""no_line_issues"":false,""too_thick"":false},""question5"":{""broken_lines"":true,""fuzzy_lines"":false,""no_line_issues"":false,""too_thick"":false},""question6"":{""broken_lines"":false,""fuzzy_lines"":false,""no_line_issues"":true,""too_thick"":false},""question7"":{""broken_lines"":true,""fuzzy_lines"":false,""no_line_issues"":false,""too_thick"":false},""question8"":{""broken_lines"":true,""fuzzy_lines"":false,""no_line_issues"":false,""too_thick"":false},""question9"":{""broken_lines"":true,""fuzzy_lines"":false,""no_line_issues"":false,""too_thick"":true}}]"
"3VI0PC2ZBQYVYL9NYXBPSVSSYOOXOE","35280GTXAE4NKOCBSAFNOQNW8HVVOK","Categorize images based on quality of lines and strokes.","Review 10 line-arts and judge if it has adequate outlines and internal lines. (10 pairs)","tactile, image review, accessibility, furniture and structures","$0.08","Tue Apr 14 17:44:01 PDT 2026","9","BatchId:5385437;OriginalHitTemplateId:928390873;","1800","1296000","Tue Apr 21 17:44:01 PDT 2026","","","3WJEQKOXB1G0S0SM7NQ1KB0F8NSA14","A2NZLZLLAZYXJX","Approved","Tue Apr 14 20:20:34 PDT 2026","Tue Apr 14 20:23:17 PDT 2026","Wed Apr 29 20:23:17 PDT 2026","Sat Apr 18 19:57:17 PDT 2026","","","163","67% (39/58)","67% (39/58)","67% (39/58)","Bed","https://tactileeval.s3.us-east-1.amazonaws.com/family_datasets/Furniture_and_Structures/Bed/Natural/11_Bed.jpg","https://tactileeval.s3.us-east-1.amazonaws.com/family_datasets/Furniture_and_Structures/Bed/Tactile/11.jpeg","","Bed","https://tactileeval.s3.us-east-1.amazonaws.com/family_datasets/Furniture_and_Structures/Bed/Natural/12_Bed.jpg","https://tactileeval.s3.us-east-1.amazonaws.com/family_datasets/Furniture_and_Structures/Bed/Tactile/12.jpeg","","Bed","https://tactileeval.s3.us-east-1.amazonaws.com/family_datasets/Furniture_and_Structures/Bed/Natural/13_Bed.jpg","https://tactileeval.s3.us-east-1.amazonaws.com/family_datasets/Furniture_and_Structures/Bed/Tactile/13.jpeg","","Bed","https://tactileeval.s3.us-east-1.amazonaws.com/family_datasets/Furniture_and_Structures/Bed/Natural/14_Bed.jpg","https://tactileeval.s3.us-east-1.amazonaws.com/family_datasets/Furniture_and_Structures/Bed/Tactile/14.jpeg","","Chair","https://tactileeval.s3.us-east-1.amazonaws.com/family_datasets/Furniture_and_Structures/Chair/Natural/1_Chair.jpg","https://tactileeval.s3.us-east-1.amazonaws.com/family_datasets/Furniture_and_Structures/Chair/Tactile/1.jpg","","Chair","https://tactileeval.s3.us-east-1.amazonaws.com/family_datasets/Furniture_and_Structures/Chair/Natural/2_Chair.jpg","https://tactileeval.s3.us-east-1.amazonaws.com/family_datasets/Furniture_and_Structures/Chair/Tactile/2.jpg","","Chair","https://tactileeval.s3.us-east-1.amazonaws.com/family_datasets/Furniture_and_Structures/Chair/Natural/3_Chair%282%29.jpg","https://tactileeval.s3.us-east-1.amazonaws.com/family_datasets/Furniture_and_Structures/Chair/Tactile/3.jpg","","Chair","https://tactileeval.s3.us-east-1.amazonaws.com/family_datasets/Furniture_and_Structures/Chair/Natural/4_Chair%282%29_Edited.jpg","https://tactileeval.s3.us-east-1.amazonaws.com/family_datasets/Furniture_and_Structures/Chair/Tactile/4.png","","Chair","https://tactileeval.s3.us-east-1.amazonaws.com/family_datasets/Furniture_and_Structures/Chair/Natural/5_Chair.jpg","https://tactileeval.s3.us-east-1.amazonaws.com/family_datasets/Furniture_and_Structures/Chair/Tactile/5.jpg","","Chair","https://tactileeval.s3.us-east-1.amazonaws.com/family_datasets/Furniture_and_Structures/Chair/Natural/6_Chair.jpg","https://tactileeval.s3.us-east-1.amazonaws.com/family_datasets/Furniture_and_Structures/Chair/Tactile/6.jpg","","[{""question1"":{""broken_lines"":false,""fuzzy_lines"":false,""no_line_issues"":true,""too_thick"":false},""question10"":{""broken_lines"":false,""fuzzy_lines"":false,""no_line_issues"":false,""too_thick"":true},""question2"":{""broken_lines"":false,""fuzzy_lines"":false,""no_line_issues"":false,""too_thick"":true},""question3"":{""broken_lines"":false,""fuzzy_lines"":true,""no_line_issues"":false,""too_thick"":false},""question4"":{""broken_lines"":false,""fuzzy_lines"":true,""no_line_issues"":false,""too_thick"":false},""question5"":{""broken_lines"":true,""fuzzy_lines"":false,""no_line_issues"":false,""too_thick"":false},""question6"":{""broken_lines"":true,""fuzzy_lines"":false,""no_line_issues"":false,""too_thick"":false},""question7"":{""broken_lines"":false,""fuzzy_lines"":false,""no_line_issues"":true,""too_thick"":false},""question8"":{""broken_lines"":false,""fuzzy_lines"":false,""no_line_issues"":true,""too_thick"":false},""question9"":{""broken_lines"":true,""fuzzy_lines"":false,""no_line_issues"":false,""too_thick"":false}}]"
"3VI0PC2ZBQYVYL9NYXBPSVSSYOOXOE","35280GTXAE4NKOCBSAFNOQNW8HVVOK","Categorize images based on quality of lines and strokes.","Review 10 line-arts and judge if it has adequate outlines and internal lines. (10 pairs)","tactile, image review, accessibility, furniture and structures","$0.08","Tue Apr 14 17:44:01 PDT 2026","9","BatchId:5385437;OriginalHitTemplateId:928390873;","1800","1296000","Tue Apr 21 17:44:01 PDT 2026","","","3IRIK4HM43YJS1QHX7Y9L2HKG1TC66","AZG7LNQUXYW8V","Rejected","Tue Apr 14 20:25:53 PDT 2026","Tue Apr 14 20:33:59 PDT 2026","Wed Apr 29 20:33:59 PDT 2026","","Sat Apr 18 19:57:17 PDT 2026","Thank you for your time. Unfortunately this submission did not pass the embedded gold-standard checks; this task requires very careful attention to detail.","486","58% (21/36)","58% (21/36)","58% (21/36)","Bed","https://tactileeval.s3.us-east-1.amazonaws.com/family_datasets/Furniture_and_Structures/Bed/Natural/11_Bed.jpg","https://tactileeval.s3.us-east-1.amazonaws.com/family_datasets/Furniture_and_Structures/Bed/Tactile/11.jpeg","","Bed","https://tactileeval.s3.us-east-1.amazonaws.com/family_datasets/Furniture_and_Structures/Bed/Natural/12_Bed.jpg","https://tactileeval.s3.us-east-1.amazonaws.com/family_datasets/Furniture_and_Structures/Bed/Tactile/12.jpeg","","Bed","https://tactileeval.s3.us-east-1.amazonaws.com/family_datasets/Furniture_and_Structures/Bed/Natural/13_Bed.jpg","https://tactileeval.s3.us-east-1.amazonaws.com/family_datasets/Furniture_and_Structures/Bed/Tactile/13.jpeg","","Bed","https://tactileeval.s3.us-east-1.amazonaws.com/family_datasets/Furniture_and_Structures/Bed/Natural/14_Bed.jpg","https://tactileeval.s3.us-east-1.amazonaws.com/family_datasets/Furniture_and_Structures/Bed/Tactile/14.jpeg","","Chair","https://tactileeval.s3.us-east-1.amazonaws.com/family_datasets/Furniture_and_Structures/Chair/Natural/1_Chair.jpg","https://tactileeval.s3.us-east-1.amazonaws.com/family_datasets/Furniture_and_Structures/Chair/Tactile/1.jpg","","Chair","https://tactileeval.s3.us-east-1.amazonaws.com/family_datasets/Furniture_and_Structures/Chair/Natural/2_Chair.jpg","https://tactileeval.s3.us-east-1.amazonaws.com/family_datasets/Furniture_and_Structures/Chair/Tactile/2.jpg","","Chair","https://tactileeval.s3.us-east-1.amazonaws.com/family_datasets/Furniture_and_Structures/Chair/Natural/3_Chair%282%29.jpg","https://tactileeval.s3.us-east-1.amazonaws.com/family_datasets/Furniture_and_Structures/Chair/Tactile/3.jpg","","Chair","https://tactileeval.s3.us-east-1.amazonaws.com/family_datasets/Furniture_and_Structures/Chair/Natural/4_Chair%282%29_Edited.jpg","https://tactileeval.s3.us-east-1.amazonaws.com/family_datasets/Furniture_and_Structures/Chair/Tactile/4.png","","Chair","https://tactileeval.s3.us-east-1.amazonaws.com/family_datasets/Furniture_and_Structures/Chair/Natural/5_Chair.jpg","https://tactileeval.s3.us-east-1.amazonaws.com/family_datasets/Furniture_and_Structures/Chair/Tactile/5.jpg","","Chair","https://tactileeval.s3.us-east-1.amazonaws.com/family_datasets/Furniture_and_Structures/Chair/Natural/6_Chair.jpg","https://tactileeval.s3.us-east-1.amazonaws.com/family_datasets/Furniture_and_Structures/Chair/Tactile/6.jpg","","[{""question1"":{""broken_lines"":false,""fuzzy_lines"":false,""no_line_issues"":true,""too_thick"":false},""question10"":{""broken_lines"":true,""fuzzy_lines"":false,""no_line_issues"":false,""too_thick"":false},""question2"":{""broken_lines"":false,""fuzzy_lines"":false,""no_line_issues"":false,""too_thick"":true},""question3"":{""broken_lines"":false,""fuzzy_lines"":true,""no_line_issues"":false,""too_thick"":false},""question4"":{""broken_lines"":false,""fuzzy_lines"":true,""no_line_issues"":false,""too_thick"":false},""question5"":{""broken_lines"":true,""fuzzy_lines"":false,""no_line_issues"":false,""too_thick"":false},""question6"":{""broken_lines"":true,""fuzzy_lines"":false,""no_line_issues"":false,""too_thick"":false},""question7"":{""broken_lines"":false,""fuzzy_lines"":false,""no_line_issues"":true,""too_thick"":false},""question8"":{""broken_lines"":false,""fuzzy_lines"":false,""no_line_issues"":true,""too_thick"":false},""question9"":{""broken_lines"":true,""fuzzy_lines"":false,""no_line_issues"":false,""too_thick"":false}}]"
"3VI0PC2ZBQYVYL9NYXBPSVSSYOOXOE","35280GTXAE4NKOCBSAFNOQNW8HVVOK","Categorize images based on quality of lines and strokes.","Review 10 line-arts and judge if it has adequate outlines and internal lines. (10 pairs)","tactile, image review, accessibility, furniture and structures","$0.08","Tue Apr 14 17:44:01 PDT 2026","9","BatchId:5385437;OriginalHitTemplateId:928390873;","1800","1296000","Tue Apr 21 17:44:01 PDT 2026","","","3H0W84IWCDGRBI8FLM72ML8JX0KREC","A1ASIOBX12Z73I","Approved","Tue Apr 14 20:26:30 PDT 2026","Tue Apr 14 20:53:27 PDT 2026","Wed Apr 29 20:53:27 PDT 2026","Sat Apr 18 19:57:17 PDT 2026","","","1617","66% (19/29)","66% (19/29)","66% (19/29)","Bed","https://tactileeval.s3.us-east-1.amazonaws.com/family_datasets/Furniture_and_Structures/Bed/Natural/11_Bed.jpg","https://tactileeval.s3.us-east-1.amazonaws.com/family_datasets/Furniture_and_Structures/Bed/Tactile/11.jpeg","","Bed","https://tactileeval.s3.us-east-1.amazonaws.com/family_datasets/Furniture_and_Structures/Bed/Natural/12_Bed.jpg","https://tactileeval.s3.us-east-1.amazonaws.com/family_datasets/Furniture_and_Structures/Bed/Tactile/12.jpeg","","Bed","https://tactileeval.s3.us-east-1.amazonaws.com/family_datasets/Furniture_and_Structures/Bed/Natural/13_Bed.jpg","https://tactileeval.s3.us-east-1.amazonaws.com/family_datasets/Furniture_and_Structures/Bed/Tactile/13.jpeg","","Bed","https://tactileeval.s3.us-east-1.amazonaws.com/family_datasets/Furniture_and_Structures/Bed/Natural/14_Bed.jpg","https://tactileeval.s3.us-east-1.amazonaws.com/family_datasets/Furniture_and_Structures/Bed/Tactile/14.jpeg","","Chair","https://tactileeval.s3.us-east-1.amazonaws.com/family_datasets/Furniture_and_Structures/Chair/Natural/1_Chair.jpg","https://tactileeval.s3.us-east-1.amazonaws.com/family_datasets/Furniture_and_Structures/Chair/Tactile/1.jpg","","Chair","https://tactileeval.s3.us-east-1.amazonaws.com/family_datasets/Furniture_and_Structures/Chair/Natural/2_Chair.jpg","https://tactileeval.s3.us-east-1.amazonaws.com/family_datasets/Furniture_and_Structures/Chair/Tactile/2.jpg","","Chair","https://tactileeval.s3.us-east-1.amazonaws.com/family_datasets/Furniture_and_Structures/Chair/Natural/3_Chair%282%29.jpg","https://tactileeval.s3.us-east-1.amazonaws.com/family_datasets/Furniture_and_Structures/Chair/Tactile/3.jpg","","Chair","https://tactileeval.s3.us-east-1.amazonaws.com/family_datasets/Furniture_and_Structures/Chair/Natural/4_Chair%282%29_Edited.jpg","https://tactileeval.s3.us-east-1.amazonaws.com/family_datasets/Furniture_and_Structures/Chair/Tactile/4.png","","Chair","https://tactileeval.s3.us-east-1.amazonaws.com/family_datasets/Furniture_and_Structures/Chair/Natural/5_Chair.jpg","https://tactileeval.s3.us-east-1.amazonaws.com/family_datasets/Furniture_and_Structures/Chair/Tactile/5.jpg","","Chair","https://tactileeval.s3.us-east-1.amazonaws.com/family_datasets/Furniture_and_Structures/Chair/Natural/6_Chair.jpg","https://tactileeval.s3.us-east-1.amazonaws.com/family_datasets/Furniture_and_Structures/Chair/Tactile/6.jpg","","[{""question1"":{""broken_lines"":false,""fuzzy_lines"":false,""no_line_issues"":true,""too_thick"":false},""question10"":{""broken_lines"":false,""fuzzy_lines"":false,""no_line_issues"":false,""too_thick"":true},""question2"":{""broken_lines"":false,""fuzzy_lines"":false,""no_line_issues"":true,""too_thick"":false},""question3"":{""broken_lines"":false,""fuzzy_lines"":true,""no_line_issues"":false,""too_thick"":false},""question4"":{""broken_lines"":true,""fuzzy_lines"":false,""no_line_issues"":false,""too_thick"":false},""question5"":{""broken_lines"":true,""fuzzy_lines"":false,""no_line_issues"":false,""too_thick"":false},""question6"":{""broken_lines"":false,""fuzzy_lines"":true,""no_line_issues"":false,""too_thick"":false},""question7"":{""broken_lines"":false,""fuzzy_lines"":false,""no_line_issues"":true,""too_thick"":false},""question8"":{""broken_lines"":true,""fuzzy_lines"":false,""no_line_issues"":false,""too_thick"":false},""question9"":{""broken_lines"":true,""fuzzy_lines"":false,""no_line_issues"":false,""too_thick"":false}}]"
"3VI0PC2ZBQYVYL9NYXBPSVSSYOOXOE","35280GTXAE4NKOCBSAFNOQNW8HVVOK","Categorize images based on quality of lines and strokes.","Review 10 line-arts and judge if it has adequate outlines and internal lines. (10 pairs)","tactile, image review, accessibility, furniture and structures","$0.08","Tue Apr 14 17:44:01 PDT 2026","9","BatchId:5385437;OriginalHitTemplateId:928390873;","1800","1296000","Tue Apr 21 17:44:01 PDT 2026","","","3QJOXOW4YC50E2VNGEBL0ME9RDLMEJ","A26211PR4VJSYZ","Approved","Tue Apr 14 20:27:12 PDT 2026","Tue Apr 14 20:55:57 PDT 2026","Wed Apr 29 20:55:57 PDT 2026","Sat Apr 18 19:57:17 PDT 2026","","","1725","100% (6/6)","100% (6/6)","100% (6/6)","Bed","https://tactileeval.s3.us-east-1.amazonaws.com/family_datasets/Furniture_and_Structures/Bed/Natural/11_Bed.jpg","https://tactileeval.s3.us-east-1.amazonaws.com/family_datasets/Furniture_and_Structures/Bed/Tactile/11.jpeg","","Bed","https://tactileeval.s3.us-east-1.amazonaws.com/family_datasets/Furniture_and_Structures/Bed/Natural/12_Bed.jpg","https://tactileeval.s3.us-east-1.amazonaws.com/family_datasets/Furniture_and_Structures/Bed/Tactile/12.jpeg","","Bed","https://tactileeval.s3.us-east-1.amazonaws.com/family_datasets/Furniture_and_Structures/Bed/Natural/13_Bed.jpg","https://tactileeval.s3.us-east-1.amazonaws.com/family_datasets/Furniture_and_Structures/Bed/Tactile/13.jpeg","","Bed","https://tactileeval.s3.us-east-1.amazonaws.com/family_datasets/Furniture_and_Structures/Bed/Natural/14_Bed.jpg","https://tactileeval.s3.us-east-1.amazonaws.com/family_datasets/Furniture_and_Structures/Bed/Tactile/14.jpeg","","Chair","https://tactileeval.s3.us-east-1.amazonaws.com/family_datasets/Furniture_and_Structures/Chair/Natural/1_Chair.jpg","https://tactileeval.s3.us-east-1.amazonaws.com/family_datasets/Furniture_and_Structures/Chair/Tactile/1.jpg","","Chair","https://tactileeval.s3.us-east-1.amazonaws.com/family_datasets/Furniture_and_Structures/Chair/Natural/2_Chair.jpg","https://tactileeval.s3.us-east-1.amazonaws.com/family_datasets/Furniture_and_Structures/Chair/Tactile/2.jpg","","Chair","https://tactileeval.s3.us-east-1.amazonaws.com/family_datasets/Furniture_and_Structures/Chair/Natural/3_Chair%282%29.jpg","https://tactileeval.s3.us-east-1.amazonaws.com/family_datasets/Furniture_and_Structures/Chair/Tactile/3.jpg","","Chair","https://tactileeval.s3.us-east-1.amazonaws.com/family_datasets/Furniture_and_Structures/Chair/Natural/4_Chair%282%29_Edited.jpg","https://tactileeval.s3.us-east-1.amazonaws.com/family_datasets/Furniture_and_Structures/Chair/Tactile/4.png","","Chair","https://tactileeval.s3.us-east-1.amazonaws.com/family_datasets/Furniture_and_Structures/Chair/Natural/5_Chair.jpg","https://tactileeval.s3.us-east-1.amazonaws.com/family_datasets/Furniture_and_Structures/Chair/Tactile/5.jpg","","Chair","https://tactileeval.s3.us-east-1.amazonaws.com/family_datasets/Furniture_and_Structures/Chair/Natural/6_Chair.jpg","https://tactileeval.s3.us-east-1.amazonaws.com/family_datasets/Furniture_and_Structures/Chair/Tactile/6.jpg","","[{""question1"":{""broken_lines"":false,""fuzzy_lines"":false,""no_line_issues"":true,""too_thick"":false},""question10"":{""broken_lines"":false,""fuzzy_lines"":false,""no_line_issues"":false,""too_thick"":true},""question2"":{""broken_lines"":false,""fuzzy_lines"":false,""no_line_issues"":false,""too_thick"":true},""question3"":{""broken_lines"":false,""fuzzy_lines"":true,""no_line_issues"":false,""too_thick"":false},""question4"":{""broken_lines"":false,""fuzzy_lines"":false,""no_line_issues"":true,""too_thick"":false},""question5"":{""broken_lines"":true,""fuzzy_lines"":true,""no_line_issues"":false,""too_thick"":false},""question6"":{""broken_lines"":true,""fuzzy_lines"":false,""no_line_issues"":false,""too_thick"":false},""question7"":{""broken_lines"":false,""fuzzy_lines"":false,""no_line_issues"":true,""too_thick"":false},""question8"":{""broken_lines"":false,""fuzzy_lines"":false,""no_line_issues"":true,""too_thick"":false},""question9"":{""broken_lines"":true,""fuzzy_lines"":false,""no_line_issues"":false,""too_thick"":false}}]"
"3VI0PC2ZBQYVYL9NYXBPSVSSYOOXOE","35280GTXAE4NKOCBSAFNOQNW8HVVOK","Categorize images based on quality of lines and strokes.","Review 10 line-arts and judge if it has adequate outlines and internal lines. (10 pairs)","tactile, image review, accessibility, furniture and structures","$0.08","Tue Apr 14 17:44:01 PDT 2026","9","BatchId:5385437;OriginalHitTemplateId:928390873;","1800","1296000","Tue Apr 21 17:44:01 PDT 2026","","","3NS0A6KXDXMYXNQX1YR38RVUJXIGZB","A131OURGHR3KFX","Approved","Tue Apr 14 20:27:47 PDT 2026","Tue Apr 14 20:57:01 PDT 2026","Wed Apr 29 20:57:01 PDT 2026","Sat Apr 18 19:57:17 PDT 2026","","","1754","100% (6/6)","100% (6/6)","100% (6/6)","Bed","https://tactileeval.s3.us-east-1.amazonaws.com/family_datasets/Furniture_and_Structures/Bed/Natural/11_Bed.jpg","https://tactileeval.s3.us-east-1.amazonaws.com/family_datasets/Furniture_and_Structures/Bed/Tactile/11.jpeg","","Bed","https://tactileeval.s3.us-east-1.amazonaws.com/family_datasets/Furniture_and_Structures/Bed/Natural/12_Bed.jpg","https://tactileeval.s3.us-east-1.amazonaws.com/family_datasets/Furniture_and_Structures/Bed/Tactile/12.jpeg","","Bed","https://tactileeval.s3.us-east-1.amazonaws.com/family_datasets/Furniture_and_Structures/Bed/Natural/13_Bed.jpg","https://tactileeval.s3.us-east-1.amazonaws.com/family_datasets/Furniture_and_Structures/Bed/Tactile/13.jpeg","","Bed","https://tactileeval.s3.us-east-1.amazonaws.com/family_datasets/Furniture_and_Structures/Bed/Natural/14_Bed.jpg","https://tactileeval.s3.us-east-1.amazonaws.com/family_datasets/Furniture_and_Structures/Bed/Tactile/14.jpeg","","Chair","https://tactileeval.s3.us-east-1.amazonaws.com/family_datasets/Furniture_and_Structures/Chair/Natural/1_Chair.jpg","https://tactileeval.s3.us-east-1.amazonaws.com/family_datasets/Furniture_and_Structures/Chair/Tactile/1.jpg","","Chair","https://tactileeval.s3.us-east-1.amazonaws.com/family_datasets/Furniture_and_Structures/Chair/Natural/2_Chair.jpg","https://tactileeval.s3.us-east-1.amazonaws.com/family_datasets/Furniture_and_Structures/Chair/Tactile/2.jpg","","Chair","https://tactileeval.s3.us-east-1.amazonaws.com/family_datasets/Furniture_and_Structures/Chair/Natural/3_Chair%282%29.jpg","https://tactileeval.s3.us-east-1.amazonaws.com/family_datasets/Furniture_and_Structures/Chair/Tactile/3.jpg","","Chair","https://tactileeval.s3.us-east-1.amazonaws.com/family_datasets/Furniture_and_Structures/Chair/Natural/4_Chair%282%29_Edited.jpg","https://tactileeval.s3.us-east-1.amazonaws.com/family_datasets/Furniture_and_Structures/Chair/Tactile/4.png","","Chair","https://tactileeval.s3.us-east-1.amazonaws.com/family_datasets/Furniture_and_Structures/Chair/Natural/5_Chair.jpg","https://tactileeval.s3.us-east-1.amazonaws.com/family_datasets/Furniture_and_Structures/Chair/Tactile/5.jpg","","Chair","https://tactileeval.s3.us-east-1.amazonaws.com/family_datasets/Furniture_and_Structures/Chair/Natural/6_Chair.jpg","https://tactileeval.s3.us-east-1.amazonaws.com/family_datasets/Furniture_and_Structures/Chair/Tactile/6.jpg","","[{""question1"":{""broken_lines"":false,""fuzzy_lines"":false,""no_line_issues"":true,""too_thick"":false},""question10"":{""broken_lines"":false,""fuzzy_lines"":false,""no_line_issues"":false,""too_thick"":true},""question2"":{""broken_lines"":false,""fuzzy_lines"":false,""no_line_issues"":false,""too_thick"":true},""question3"":{""broken_lines"":false,""fuzzy_lines"":true,""no_line_issues"":false,""too_thick"":false},""question4"":{""broken_lines"":false,""fuzzy_lines"":false,""no_line_issues"":true,""too_thick"":false},""question5"":{""broken_lines"":false,""fuzzy_lines"":false,""no_line_issues"":true,""too_thick"":false},""question6"":{""broken_lines"":false,""fuzzy_lines"":false,""no_line_issues"":false,""too_thick"":true},""question7"":{""broken_lines"":false,""fuzzy_lines"":false,""no_line_issues"":true,""too_thick"":false},""question8"":{""broken_lines"":false,""fuzzy_lines"":false,""no_line_issues"":true,""too_thick"":false},""question9"":{""broken_lines"":false,""fuzzy_lines"":false,""no_line_issues"":false,""too_thick"":true}}]"
"3VI0PC2ZBQYVYL9NYXBPSVSSYOOXOE","35280GTXAE4NKOCBSAFNOQNW8HVVOK","Categorize images based on quality of lines and strokes.","Review 10 line-arts and judge if it has adequate outlines and internal lines. (10 pairs)","tactile, image review, accessibility, furniture and structures","$0.08","Tue Apr 14 17:44:01 PDT 2026","9","BatchId:5385437;OriginalHitTemplateId:928390873;","1800","1296000","Tue Apr 21 17:44:01 PDT 2026","","","3NGMS9VZUEWME632P2RENEF06M9FFQ","A7D1G6VBRTJMJ","Approved","Sat Apr 18 20:52:49 PDT 2026","Sat Apr 18 20:56:00 PDT 2026","Sun May 03 20:56:00 PDT 2026","Sun Apr 19 07:35:34 PDT 2026","","","191","46% (11/24)","46% (11/24)","46% (11/24)","Bed","https://tactileeval.s3.us-east-1.amazonaws.com/family_datasets/Furniture_and_Structures/Bed/Natural/11_Bed.jpg","https://tactileeval.s3.us-east-1.amazonaws.com/family_datasets/Furniture_and_Structures/Bed/Tactile/11.jpeg","","Bed","https://tactileeval.s3.us-east-1.amazonaws.com/family_datasets/Furniture_and_Structures/Bed/Natural/12_Bed.jpg","https://tactileeval.s3.us-east-1.amazonaws.com/family_datasets/Furniture_and_Structures/Bed/Tactile/12.jpeg","","Bed","https://tactileeval.s3.us-east-1.amazonaws.com/family_datasets/Furniture_and_Structures/Bed/Natural/13_Bed.jpg","https://tactileeval.s3.us-east-1.amazonaws.com/family_datasets/Furniture_and_Structures/Bed/Tactile/13.jpeg","","Bed","https://tactileeval.s3.us-east-1.amazonaws.com/family_datasets/Furniture_and_Structures/Bed/Natural/14_Bed.jpg","https://tactileeval.s3.us-east-1.amazonaws.com/family_datasets/Furniture_and_Structures/Bed/Tactile/14.jpeg","","Chair","https://tactileeval.s3.us-east-1.amazonaws.com/family_datasets/Furniture_and_Structures/Chair/Natural/1_Chair.jpg","https://tactileeval.s3.us-east-1.amazonaws.com/family_datasets/Furniture_and_Structures/Chair/Tactile/1.jpg","","Chair","https://tactileeval.s3.us-east-1.amazonaws.com/family_datasets/Furniture_and_Structures/Chair/Natural/2_Chair.jpg","https://tactileeval.s3.us-east-1.amazonaws.com/family_datasets/Furniture_and_Structures/Chair/Tactile/2.jpg","","Chair","https://tactileeval.s3.us-east-1.amazonaws.com/family_datasets/Furniture_and_Structures/Chair/Natural/3_Chair%282%29.jpg","https://tactileeval.s3.us-east-1.amazonaws.com/family_datasets/Furniture_and_Structures/Chair/Tactile/3.jpg","","Chair","https://tactileeval.s3.us-east-1.amazonaws.com/family_datasets/Furniture_and_Structures/Chair/Natural/4_Chair%282%29_Edited.jpg","https://tactileeval.s3.us-east-1.amazonaws.com/family_datasets/Furniture_and_Structures/Chair/Tactile/4.png","","Chair","https://tactileeval.s3.us-east-1.amazonaws.com/family_datasets/Furniture_and_Structures/Chair/Natural/5_Chair.jpg","https://tactileeval.s3.us-east-1.amazonaws.com/family_datasets/Furniture_and_Structures/Chair/Tactile/5.jpg","","Chair","https://tactileeval.s3.us-east-1.amazonaws.com/family_datasets/Furniture_and_Structures/Chair/Natural/6_Chair.jpg","https://tactileeval.s3.us-east-1.amazonaws.com/family_datasets/Furniture_and_Structures/Chair/Tactile/6.jpg","","[{""question1"":{""broken_lines"":false,""fuzzy_lines"":false,""no_line_issues"":true,""too_thick"":false},""question10"":{""broken_lines"":true,""fuzzy_lines"":false,""no_line_issues"":false,""too_thick"":true},""question2"":{""broken_lines"":false,""fuzzy_lines"":false,""no_line_issues"":false,""too_thick"":true},""question3"":{""broken_lines"":true,""fuzzy_lines"":false,""no_line_issues"":false,""too_thick"":false},""question4"":{""broken_lines"":true,""fuzzy_lines"":false,""no_line_issues"":false,""too_thick"":false},""question5"":{""broken_lines"":true,""fuzzy_lines"":false,""no_line_issues"":false,""too_thick"":false},""question6"":{""broken_lines"":true,""fuzzy_lines"":false,""no_line_issues"":false,""too_thick"":false},""question7"":{""broken_lines"":true,""fuzzy_lines"":false,""no_line_issues"":false,""too_thick"":false},""question8"":{""broken_lines"":true,""fuzzy_lines"":false,""no_line_issues"":false,""too_thick"":false},""question9"":{""broken_lines"":true,""fuzzy_lines"":false,""no_line_issues"":false,""too_thick"":true}}]"
"3VI0PC2ZBQYVYL9NYXBPSVSSYOOXOE","35280GTXAE4NKOCBSAFNOQNW8HVVOK","Categorize images based on quality of lines and strokes.","Review 10 line-arts and judge if it has adequate outlines and internal lines. (10 pairs)","tactile, image review, accessibility, furniture and structures","$0.08","Tue Apr 14 17:44:01 PDT 2026","9","BatchId:5385437;OriginalHitTemplateId:928390873;","1800","1296000","Tue Apr 21 17:44:01 PDT 2026","","","3FTF2T8WMKWFOIYKC51MH6FPYR59WR","A2599EZFAW93DZ","Rejected","Sat Apr 18 21:08:48 PDT 2026","Sat Apr 18 21:14:11 PDT 2026","Sun May 03 21:14:11 PDT 2026","","Sun Apr 19 07:35:34 PDT 2026","Thank you for your time. Unfortunately this submission did not pass the embedded gold-standard checks; this task requires very careful attention to detail.","323","40% (6/15)","40% (6/15)","40% (6/15)","Bed","https://tactileeval.s3.us-east-1.amazonaws.com/family_datasets/Furniture_and_Structures/Bed/Natural/11_Bed.jpg","https://tactileeval.s3.us-east-1.amazonaws.com/family_datasets/Furniture_and_Structures/Bed/Tactile/11.jpeg","","Bed","https://tactileeval.s3.us-east-1.amazonaws.com/family_datasets/Furniture_and_Structures/Bed/Natural/12_Bed.jpg","https://tactileeval.s3.us-east-1.amazonaws.com/family_datasets/Furniture_and_Structures/Bed/Tactile/12.jpeg","","Bed","https://tactileeval.s3.us-east-1.amazonaws.com/family_datasets/Furniture_and_Structures/Bed/Natural/13_Bed.jpg","https://tactileeval.s3.us-east-1.amazonaws.com/family_datasets/Furniture_and_Structures/Bed/Tactile/13.jpeg","","Bed","https://tactileeval.s3.us-east-1.amazonaws.com/family_datasets/Furniture_and_Structures/Bed/Natural/14_Bed.jpg","https://tactileeval.s3.us-east-1.amazonaws.com/family_datasets/Furniture_and_Structures/Bed/Tactile/14.jpeg","","Chair","https://tactileeval.s3.us-east-1.amazonaws.com/family_datasets/Furniture_and_Structures/Chair/Natural/1_Chair.jpg","https://tactileeval.s3.us-east-1.amazonaws.com/family_datasets/Furniture_and_Structures/Chair/Tactile/1.jpg","","Chair","https://tactileeval.s3.us-east-1.amazonaws.com/family_datasets/Furniture_and_Structures/Chair/Natural/2_Chair.jpg","https://tactileeval.s3.us-east-1.amazonaws.com/family_datasets/Furniture_and_Structures/Chair/Tactile/2.jpg","","Chair","https://tactileeval.s3.us-east-1.amazonaws.com/family_datasets/Furniture_and_Structures/Chair/Natural/3_Chair%282%29.jpg","https://tactileeval.s3.us-east-1.amazonaws.com/family_datasets/Furniture_and_Structures/Chair/Tactile/3.jpg","","Chair","https://tactileeval.s3.us-east-1.amazonaws.com/family_datasets/Furniture_and_Structures/Chair/Natural/4_Chair%282%29_Edited.jpg","https://tactileeval.s3.us-east-1.amazonaws.com/family_datasets/Furniture_and_Structures/Chair/Tactile/4.png","","Chair","https://tactileeval.s3.us-east-1.amazonaws.com/family_datasets/Furniture_and_Structures/Chair/Natural/5_Chair.jpg","https://tactileeval.s3.us-east-1.amazonaws.com/family_datasets/Furniture_and_Structures/Chair/Tactile/5.jpg","","Chair","https://tactileeval.s3.us-east-1.amazonaws.com/family_datasets/Furniture_and_Structures/Chair/Natural/6_Chair.jpg","https://tactileeval.s3.us-east-1.amazonaws.com/family_datasets/Furniture_and_Structures/Chair/Tactile/6.jpg","","[{""question1"":{""broken_lines"":false,""fuzzy_lines"":false,""no_line_issues"":true,""too_thick"":false},""question10"":{""broken_lines"":true,""fuzzy_lines"":false,""no_line_issues"":false,""too_thick"":true},""question2"":{""broken_lines"":false,""fuzzy_lines"":false,""no_line_issues"":false,""too_thick"":true},""question3"":{""broken_lines"":true,""fuzzy_lines"":false,""no_line_issues"":false,""too_thick"":false},""question4"":{""broken_lines"":true,""fuzzy_lines"":false,""no_line_issues"":false,""too_thick"":false},""question5"":{""broken_lines"":true,""fuzzy_lines"":false,""no_line_issues"":false,""too_thick"":false},""question6"":{""broken_lines"":true,""fuzzy_lines"":false,""no_line_issues"":false,""too_thick"":false},""question7"":{""broken_lines"":false,""fuzzy_lines"":false,""no_line_issues"":true,""too_thick"":false},""question8"":{""broken_lines"":true,""fuzzy_lines"":false,""no_line_issues"":false,""too_thick"":false},""question9"":{""broken_lines"":true,""fuzzy_lines"":false,""no_line_issues"":false,""too_thick"":true}}]"
"3JMQI2OLGRJZIU4U6IA0JZPVSW7NDN","35280GTXAE4NKOCBSAFNOQNW8HVVOK","Categorize images based on quality of lines and strokes.","Review 10 line-arts and judge if it has adequate outlines and internal lines. (10 pairs)","tactile, image review, accessibility, furniture and structures","$0.08","Tue Apr 14 17:44:01 PDT 2026","9","BatchId:5385437;OriginalHitTemplateId:928390873;","1800","1296000","Tue Apr 21 17:44:01 PDT 2026","","","3LKC68YZ43HIV52QEUK4EWAETGVOW4","A2D07SVRO4UFVL","Rejected","Tue Apr 14 18:42:12 PDT 2026","Tue Apr 14 18:42:54 PDT 2026","Wed Apr 29 18:42:54 PDT 2026","","Sat Apr 18 19:57:18 PDT 2026","Thank you for your time. Unfortunately this submission did not pass the embedded gold-standard checks; this task requires very careful attention to detail.","42","80% (35/44)","79% (33/42)","79% (33/42)","Chair","https://tactileeval.s3.us-east-1.amazonaws.com/family_datasets/Furniture_and_Structures/Chair/Natural/7_Chair.jpg","https://tactileeval.s3.us-east-1.amazonaws.com/family_datasets/Furniture_and_Structures/Chair/Tactile/7.jpg","","Chair","https://tactileeval.s3.us-east-1.amazonaws.com/family_datasets/Furniture_and_Structures/Chair/Natural/8_Chair.jpg","https://tactileeval.s3.us-east-1.amazonaws.com/family_datasets/Furniture_and_Structures/Chair/Tactile/8.jpg","","Chair","https://tactileeval.s3.us-east-1.amazonaws.com/family_datasets/Furniture_and_Structures/Chair/Natural/9_Chair.jpg","https://tactileeval.s3.us-east-1.amazonaws.com/family_datasets/Furniture_and_Structures/Chair/Tactile/9.jpg","","Chair","https://tactileeval.s3.us-east-1.amazonaws.com/family_datasets/Furniture_and_Structures/Chair/Natural/10_Chair.jpg","https://tactileeval.s3.us-east-1.amazonaws.com/family_datasets/Furniture_and_Structures/Chair/Tactile/10.jpg","","Chair","https://tactileeval.s3.us-east-1.amazonaws.com/family_datasets/Furniture_and_Structures/Chair/Natural/11_Chair%282%29.jpg","https://tactileeval.s3.us-east-1.amazonaws.com/family_datasets/Furniture_and_Structures/Chair/Tactile/11.jpg","","Chair","https://tactileeval.s3.us-east-1.amazonaws.com/family_datasets/Furniture_and_Structures/Chair/Natural/12_Chair%282%29.jpg","https://tactileeval.s3.us-east-1.amazonaws.com/family_datasets/Furniture_and_Structures/Chair/Tactile/12.png","","Door","https://tactileeval.s3.us-east-1.amazonaws.com/family_datasets/Furniture_and_Structures/Door/Natural/Door_1.jpg","https://tactileeval.s3.us-east-1.amazonaws.com/family_datasets/Furniture_and_Structures/Door/Tactile/1.jpg","","Door","https://tactileeval.s3.us-east-1.amazonaws.com/family_datasets/Furniture_and_Structures/Door/Natural/Door_2.jpg","https://tactileeval.s3.us-east-1.amazonaws.com/family_datasets/Furniture_and_Structures/Door/Tactile/2.jpg","","Door","https://tactileeval.s3.us-east-1.amazonaws.com/family_datasets/Furniture_and_Structures/Door/Natural/Door_3.jpg","https://tactileeval.s3.us-east-1.amazonaws.com/family_datasets/Furniture_and_Structures/Door/Tactile/3.png","","Door","https://tactileeval.s3.us-east-1.amazonaws.com/family_datasets/Furniture_and_Structures/Door/Natural/Door_4.jpg","https://tactileeval.s3.us-east-1.amazonaws.com/family_datasets/Furniture_and_Structures/Door/Tactile/4.jpg","","[{""question1"":{""broken_lines"":true,""fuzzy_lines"":false,""no_line_issues"":false,""too_thick"":true},""question10"":{""broken_lines"":false,""fuzzy_lines"":true,""no_line_issues"":false,""too_thick"":false},""question2"":{""broken_lines"":true,""fuzzy_lines"":false,""no_line_issues"":false,""too_thick"":false},""question3"":{""broken_lines"":false,""fuzzy_lines"":false,""no_line_issues"":true,""too_thick"":false},""question4"":{""broken_lines"":true,""fuzzy_lines"":false,""no_line_issues"":false,""too_thick"":false},""question5"":{""broken_lines"":true,""fuzzy_lines"":false,""no_line_issues"":false,""too_thick"":true},""question6"":{""broken_lines"":false,""fuzzy_lines"":false,""no_line_issues"":true,""too_thick"":false},""question7"":{""broken_lines"":false,""fuzzy_lines"":true,""no_line_issues"":false,""too_thick"":true},""question8"":{""broken_lines"":false,""fuzzy_lines"":false,""no_line_issues"":false,""too_thick"":true},""question9"":{""broken_lines"":false,""fuzzy_lines"":false,""no_line_issues"":true,""too_thick"":false}}]"
"3JMQI2OLGRJZIU4U6IA0JZPVSW7NDN","35280GTXAE4NKOCBSAFNOQNW8HVVOK","Categorize images based on quality of lines and strokes.","Review 10 line-arts and judge if it has adequate outlines and internal lines. (10 pairs)","tactile, image review, accessibility, furniture and structures","$0.08","Tue Apr 14 17:44:01 PDT 2026","9","BatchId:5385437;OriginalHitTemplateId:928390873;","1800","1296000","Tue Apr 21 17:44:01 PDT 2026","","","3ATPCQ38K1OXI63PJCXAYYBPF80AY1","A312G4F6TIKFFQ","Rejected","Tue Apr 14 20:13:20 PDT 2026","Tue Apr 14 20:14:30 PDT 2026","Wed Apr 29 20:14:30 PDT 2026","","Sat Apr 18 19:57:17 PDT 2026","Thank you for your time. Unfortunately this submission did not pass the embedded gold-standard checks; this task requires very careful attention to detail.","70","70% (26/37)","35% (6/17)","35% (6/17)","Chair","https://tactileeval.s3.us-east-1.amazonaws.com/family_datasets/Furniture_and_Structures/Chair/Natural/7_Chair.jpg","https://tactileeval.s3.us-east-1.amazonaws.com/family_datasets/Furniture_and_Structures/Chair/Tactile/7.jpg","","Chair","https://tactileeval.s3.us-east-1.amazonaws.com/family_datasets/Furniture_and_Structures/Chair/Natural/8_Chair.jpg","https://tactileeval.s3.us-east-1.amazonaws.com/family_datasets/Furniture_and_Structures/Chair/Tactile/8.jpg","","Chair","https://tactileeval.s3.us-east-1.amazonaws.com/family_datasets/Furniture_and_Structures/Chair/Natural/9_Chair.jpg","https://tactileeval.s3.us-east-1.amazonaws.com/family_datasets/Furniture_and_Structures/Chair/Tactile/9.jpg","","Chair","https://tactileeval.s3.us-east-1.amazonaws.com/family_datasets/Furniture_and_Structures/Chair/Natural/10_Chair.jpg","https://tactileeval.s3.us-east-1.amazonaws.com/family_datasets/Furniture_and_Structures/Chair/Tactile/10.jpg","","Chair","https://tactileeval.s3.us-east-1.amazonaws.com/family_datasets/Furniture_and_Structures/Chair/Natural/11_Chair%282%29.jpg","https://tactileeval.s3.us-east-1.amazonaws.com/family_datasets/Furniture_and_Structures/Chair/Tactile/11.jpg","","Chair","https://tactileeval.s3.us-east-1.amazonaws.com/family_datasets/Furniture_and_Structures/Chair/Natural/12_Chair%282%29.jpg","https://tactileeval.s3.us-east-1.amazonaws.com/family_datasets/Furniture_and_Structures/Chair/Tactile/12.png","","Door","https://tactileeval.s3.us-east-1.amazonaws.com/family_datasets/Furniture_and_Structures/Door/Natural/Door_1.jpg","https://tactileeval.s3.us-east-1.amazonaws.com/family_datasets/Furniture_and_Structures/Door/Tactile/1.jpg","","Door","https://tactileeval.s3.us-east-1.amazonaws.com/family_datasets/Furniture_and_Structures/Door/Natural/Door_2.jpg","https://tactileeval.s3.us-east-1.amazonaws.com/family_datasets/Furniture_and_Structures/Door/Tactile/2.jpg","","Door","https://tactileeval.s3.us-east-1.amazonaws.com/family_datasets/Furniture_and_Structures/Door/Natural/Door_3.jpg","https://tactileeval.s3.us-east-1.amazonaws.com/family_datasets/Furniture_and_Structures/Door/Tactile/3.png","","Door","https://tactileeval.s3.us-east-1.amazonaws.com/family_datasets/Furniture_and_Structures/Door/Natural/Door_4.jpg","https://tactileeval.s3.us-east-1.amazonaws.com/family_datasets/Furniture_and_Structures/Door/Tactile/4.jpg","","[{""question1"":{""broken_lines"":true,""fuzzy_lines"":false,""no_line_issues"":false,""too_thick"":true},""question10"":{""broken_lines"":false,""fuzzy_lines"":true,""no_line_issues"":false,""too_thick"":false},""question2"":{""broken_lines"":true,""fuzzy_lines"":false,""no_line_issues"":false,""too_thick"":true},""question3"":{""broken_lines"":true,""fuzzy_lines"":false,""no_line_issues"":false,""too_thick"":false},""question4"":{""broken_lines"":true,""fuzzy_lines"":false,""no_line_issues"":false,""too_thick"":false},""question5"":{""broken_lines"":true,""fuzzy_lines"":false,""no_line_issues"":false,""too_thick"":true},""question6"":{""broken_lines"":true,""fuzzy_lines"":false,""no_line_issues"":false,""too_thick"":false},""question7"":{""broken_lines"":false,""fuzzy_lines"":true,""no_line_issues"":false,""too_thick"":false},""question8"":{""broken_lines"":false,""fuzzy_lines"":false,""no_line_issues"":true,""too_thick"":false},""question9"":{""broken_lines"":false,""fuzzy_lines"":false,""no_line_issues"":true,""too_thick"":false}}]"
"3JMQI2OLGRJZIU4U6IA0JZPVSW7NDN","35280GTXAE4NKOCBSAFNOQNW8HVVOK","Categorize images based on quality of lines and strokes.","Review 10 line-arts and judge if it has adequate outlines and internal lines. (10 pairs)","tactile, image review, accessibility, furniture and structures","$0.08","Tue Apr 14 17:44:01 PDT 2026","9","BatchId:5385437;OriginalHitTemplateId:928390873;","1800","1296000","Tue Apr 21 17:44:01 PDT 2026","","","3W2LOLRXM4TUXI0PH8I5KGLOHXFKRO","A2NZLZLLAZYXJX","Approved","Tue Apr 14 20:19:30 PDT 2026","Tue Apr 14 20:21:16 PDT 2026","Wed Apr 29 20:21:16 PDT 2026","Sat Apr 18 19:57:18 PDT 2026","","","106","67% (39/58)","67% (39/58)","67% (39/58)","Chair","https://tactileeval.s3.us-east-1.amazonaws.com/family_datasets/Furniture_and_Structures/Chair/Natural/7_Chair.jpg","https://tactileeval.s3.us-east-1.amazonaws.com/family_datasets/Furniture_and_Structures/Chair/Tactile/7.jpg","","Chair","https://tactileeval.s3.us-east-1.amazonaws.com/family_datasets/Furniture_and_Structures/Chair/Natural/8_Chair.jpg","https://tactileeval.s3.us-east-1.amazonaws.com/family_datasets/Furniture_and_Structures/Chair/Tactile/8.jpg","","Chair","https://tactileeval.s3.us-east-1.amazonaws.com/family_datasets/Furniture_and_Structures/Chair/Natural/9_Chair.jpg","https://tactileeval.s3.us-east-1.amazonaws.com/family_datasets/Furniture_and_Structures/Chair/Tactile/9.jpg","","Chair","https://tactileeval.s3.us-east-1.amazonaws.com/family_datasets/Furniture_and_Structures/Chair/Natural/10_Chair.jpg","https://tactileeval.s3.us-east-1.amazonaws.com/family_datasets/Furniture_and_Structures/Chair/Tactile/10.jpg","","Chair","https://tactileeval.s3.us-east-1.amazonaws.com/family_datasets/Furniture_and_Structures/Chair/Natural/11_Chair%282%29.jpg","https://tactileeval.s3.us-east-1.amazonaws.com/family_datasets/Furniture_and_Structures/Chair/Tactile/11.jpg","","Chair","https://tactileeval.s3.us-east-1.amazonaws.com/family_datasets/Furniture_and_Structures/Chair/Natural/12_Chair%282%29.jpg","https://tactileeval.s3.us-east-1.amazonaws.com/family_datasets/Furniture_and_Structures/Chair/Tactile/12.png","","Door","https://tactileeval.s3.us-east-1.amazonaws.com/family_datasets/Furniture_and_Structures/Door/Natural/Door_1.jpg","https://tactileeval.s3.us-east-1.amazonaws.com/family_datasets/Furniture_and_Structures/Door/Tactile/1.jpg","","Door","https://tactileeval.s3.us-east-1.amazonaws.com/family_datasets/Furniture_and_Structures/Door/Natural/Door_2.jpg","https://tactileeval.s3.us-east-1.amazonaws.com/family_datasets/Furniture_and_Structures/Door/Tactile/2.jpg","","Door","https://tactileeval.s3.us-east-1.amazonaws.com/family_datasets/Furniture_and_Structures/Door/Natural/Door_3.jpg","https://tactileeval.s3.us-east-1.amazonaws.com/family_datasets/Furniture_and_Structures/Door/Tactile/3.png","","Door","https://tactileeval.s3.us-east-1.amazonaws.com/family_datasets/Furniture_and_Structures/Door/Natural/Door_4.jpg","https://tactileeval.s3.us-east-1.amazonaws.com/family_datasets/Furniture_and_Structures/Door/Tactile/4.jpg","","[{""question1"":{""broken_lines"":false,""fuzzy_lines"":true,""no_line_issues"":false,""too_thick"":false},""question10"":{""broken_lines"":false,""fuzzy_lines"":false,""no_line_issues"":true,""too_thick"":false},""question2"":{""broken_lines"":true,""fuzzy_lines"":false,""no_line_issues"":false,""too_thick"":false},""question3"":{""broken_lines"":true,""fuzzy_lines"":false,""no_line_issues"":false,""too_thick"":false},""question4"":{""broken_lines"":false,""fuzzy_lines"":false,""no_line_issues"":false,""too_thick"":true},""question5"":{""broken_lines"":true,""fuzzy_lines"":false,""no_line_issues"":false,""too_thick"":false},""question6"":{""broken_lines"":true,""fuzzy_lines"":false,""no_line_issues"":false,""too_thick"":false},""question7"":{""broken_lines"":false,""fuzzy_lines"":true,""no_line_issues"":false,""too_thick"":false},""question8"":{""broken_lines"":false,""fuzzy_lines"":false,""no_line_issues"":true,""too_thick"":false},""question9"":{""broken_lines"":false,""fuzzy_lines"":false,""no_line_issues"":true,""too_thick"":false}}]"
"3JMQI2OLGRJZIU4U6IA0JZPVSW7NDN","35280GTXAE4NKOCBSAFNOQNW8HVVOK","Categorize images based on quality of lines and strokes.","Review 10 line-arts and judge if it has adequate outlines and internal lines. (10 pairs)","tactile, image review, accessibility, furniture and structures","$0.08","Tue Apr 14 17:44:01 PDT 2026","9","BatchId:5385437;OriginalHitTemplateId:928390873;","1800","1296000","Tue Apr 21 17:44:01 PDT 2026","","","3OVHNO1VFZFVL3G6Z8QV26SX652DZY","AZG7LNQUXYW8V","Rejected","Tue Apr 14 20:25:54 PDT 2026","Tue Apr 14 20:39:05 PDT 2026","Wed Apr 29 20:39:05 PDT 2026","","Sat Apr 18 19:57:18 PDT 2026","Thank you for your time. Unfortunately this submission did not pass the embedded gold-standard checks; this task requires very careful attention to detail.","791","58% (21/36)","58% (21/36)","58% (21/36)","Chair","https://tactileeval.s3.us-east-1.amazonaws.com/family_datasets/Furniture_and_Structures/Chair/Natural/7_Chair.jpg","https://tactileeval.s3.us-east-1.amazonaws.com/family_datasets/Furniture_and_Structures/Chair/Tactile/7.jpg","","Chair","https://tactileeval.s3.us-east-1.amazonaws.com/family_datasets/Furniture_and_Structures/Chair/Natural/8_Chair.jpg","https://tactileeval.s3.us-east-1.amazonaws.com/family_datasets/Furniture_and_Structures/Chair/Tactile/8.jpg","","Chair","https://tactileeval.s3.us-east-1.amazonaws.com/family_datasets/Furniture_and_Structures/Chair/Natural/9_Chair.jpg","https://tactileeval.s3.us-east-1.amazonaws.com/family_datasets/Furniture_and_Structures/Chair/Tactile/9.jpg","","Chair","https://tactileeval.s3.us-east-1.amazonaws.com/family_datasets/Furniture_and_Structures/Chair/Natural/10_Chair.jpg","https://tactileeval.s3.us-east-1.amazonaws.com/family_datasets/Furniture_and_Structures/Chair/Tactile/10.jpg","","Chair","https://tactileeval.s3.us-east-1.amazonaws.com/family_datasets/Furniture_and_Structures/Chair/Natural/11_Chair%282%29.jpg","https://tactileeval.s3.us-east-1.amazonaws.com/family_datasets/Furniture_and_Structures/Chair/Tactile/11.jpg","","Chair","https://tactileeval.s3.us-east-1.amazonaws.com/family_datasets/Furniture_and_Structures/Chair/Natural/12_Chair%282%29.jpg","https://tactileeval.s3.us-east-1.amazonaws.com/family_datasets/Furniture_and_Structures/Chair/Tactile/12.png","","Door","https://tactileeval.s3.us-east-1.amazonaws.com/family_datasets/Furniture_and_Structures/Door/Natural/Door_1.jpg","https://tactileeval.s3.us-east-1.amazonaws.com/family_datasets/Furniture_and_Structures/Door/Tactile/1.jpg","","Door","https://tactileeval.s3.us-east-1.amazonaws.com/family_datasets/Furniture_and_Structures/Door/Natural/Door_2.jpg","https://tactileeval.s3.us-east-1.amazonaws.com/family_datasets/Furniture_and_Structures/Door/Tactile/2.jpg","","Door","https://tactileeval.s3.us-east-1.amazonaws.com/family_datasets/Furniture_and_Structures/Door/Natural/Door_3.jpg","https://tactileeval.s3.us-east-1.amazonaws.com/family_datasets/Furniture_and_Structures/Door/Tactile/3.png","","Door","https://tactileeval.s3.us-east-1.amazonaws.com/family_datasets/Furniture_and_Structures/Door/Natural/Door_4.jpg","https://tactileeval.s3.us-east-1.amazonaws.com/family_datasets/Furniture_and_Structures/Door/Tactile/4.jpg","","[{""question1"":{""broken_lines"":true,""fuzzy_lines"":false,""no_line_issues"":false,""too_thick"":true},""question10"":{""broken_lines"":false,""fuzzy_lines"":true,""no_line_issues"":false,""too_thick"":false},""question2"":{""broken_lines"":true,""fuzzy_lines"":false,""no_line_issues"":false,""too_thick"":true},""question3"":{""broken_lines"":true,""fuzzy_lines"":false,""no_line_issues"":false,""too_thick"":false},""question4"":{""broken_lines"":true,""fuzzy_lines"":false,""no_line_issues"":false,""too_thick"":false},""question5"":{""broken_lines"":true,""fuzzy_lines"":false,""no_line_issues"":false,""too_thick"":false},""question6"":{""broken_lines"":true,""fuzzy_lines"":false,""no_line_issues"":false,""too_thick"":false},""question7"":{""broken_lines"":false,""fuzzy_lines"":true,""no_line_issues"":false,""too_thick"":false},""question8"":{""broken_lines"":false,""fuzzy_lines"":false,""no_line_issues"":true,""too_thick"":false},""question9"":{""broken_lines"":false,""fuzzy_lines"":false,""no_line_issues"":true,""too_thick"":false}}]"
"3JMQI2OLGRJZIU4U6IA0JZPVSW7NDN","35280GTXAE4NKOCBSAFNOQNW8HVVOK","Categorize images based on quality of lines and strokes.","Review 10 line-arts and judge if it has adequate outlines and internal lines. (10 pairs)","tactile, image review, accessibility, furniture and structures","$0.08","Tue Apr 14 17:44:01 PDT 2026","9","BatchId:5385437;OriginalHitTemplateId:928390873;","1800","1296000","Tue Apr 21 17:44:01 PDT 2026","","","3WI0P0II7U6MJCUFPRWIG3QYXOJRDJ","A1ASIOBX12Z73I","Approved","Tue Apr 14 20:26:31 PDT 2026","Tue Apr 14 20:53:42 PDT 2026","Wed Apr 29 20:53:42 PDT 2026","Sat Apr 18 19:57:18 PDT 2026","","","1631","66% (19/29)","66% (19/29)","66% (19/29)","Chair","https://tactileeval.s3.us-east-1.amazonaws.com/family_datasets/Furniture_and_Structures/Chair/Natural/7_Chair.jpg","https://tactileeval.s3.us-east-1.amazonaws.com/family_datasets/Furniture_and_Structures/Chair/Tactile/7.jpg","","Chair","https://tactileeval.s3.us-east-1.amazonaws.com/family_datasets/Furniture_and_Structures/Chair/Natural/8_Chair.jpg","https://tactileeval.s3.us-east-1.amazonaws.com/family_datasets/Furniture_and_Structures/Chair/Tactile/8.jpg","","Chair","https://tactileeval.s3.us-east-1.amazonaws.com/family_datasets/Furniture_and_Structures/Chair/Natural/9_Chair.jpg","https://tactileeval.s3.us-east-1.amazonaws.com/family_datasets/Furniture_and_Structures/Chair/Tactile/9.jpg","","Chair","https://tactileeval.s3.us-east-1.amazonaws.com/family_datasets/Furniture_and_Structures/Chair/Natural/10_Chair.jpg","https://tactileeval.s3.us-east-1.amazonaws.com/family_datasets/Furniture_and_Structures/Chair/Tactile/10.jpg","","Chair","https://tactileeval.s3.us-east-1.amazonaws.com/family_datasets/Furniture_and_Structures/Chair/Natural/11_Chair%282%29.jpg","https://tactileeval.s3.us-east-1.amazonaws.com/family_datasets/Furniture_and_Structures/Chair/Tactile/11.jpg","","Chair","https://tactileeval.s3.us-east-1.amazonaws.com/family_datasets/Furniture_and_Structures/Chair/Natural/12_Chair%282%29.jpg","https://tactileeval.s3.us-east-1.amazonaws.com/family_datasets/Furniture_and_Structures/Chair/Tactile/12.png","","Door","https://tactileeval.s3.us-east-1.amazonaws.com/family_datasets/Furniture_and_Structures/Door/Natural/Door_1.jpg","https://tactileeval.s3.us-east-1.amazonaws.com/family_datasets/Furniture_and_Structures/Door/Tactile/1.jpg","","Door","https://tactileeval.s3.us-east-1.amazonaws.com/family_datasets/Furniture_and_Structures/Door/Natural/Door_2.jpg","https://tactileeval.s3.us-east-1.amazonaws.com/family_datasets/Furniture_and_Structures/Door/Tactile/2.jpg","","Door","https://tactileeval.s3.us-east-1.amazonaws.com/family_datasets/Furniture_and_Structures/Door/Natural/Door_3.jpg","https://tactileeval.s3.us-east-1.amazonaws.com/family_datasets/Furniture_and_Structures/Door/Tactile/3.png","","Door","https://tactileeval.s3.us-east-1.amazonaws.com/family_datasets/Furniture_and_Structures/Door/Natural/Door_4.jpg","https://tactileeval.s3.us-east-1.amazonaws.com/family_datasets/Furniture_and_Structures/Door/Tactile/4.jpg","","[{""question1"":{""broken_lines"":false,""fuzzy_lines"":false,""no_line_issues"":false,""too_thick"":true},""question10"":{""broken_lines"":false,""fuzzy_lines"":false,""no_line_issues"":true,""too_thick"":false},""question2"":{""broken_lines"":true,""fuzzy_lines"":false,""no_line_issues"":false,""too_thick"":false},""question3"":{""broken_lines"":false,""fuzzy_lines"":false,""no_line_issues"":false,""too_thick"":true},""question4"":{""broken_lines"":false,""fuzzy_lines"":false,""no_line_issues"":false,""too_thick"":true},""question5"":{""broken_lines"":false,""fuzzy_lines"":false,""no_line_issues"":false,""too_thick"":true},""question6"":{""broken_lines"":true,""fuzzy_lines"":false,""no_line_issues"":false,""too_thick"":false},""question7"":{""broken_lines"":false,""fuzzy_lines"":true,""no_line_issues"":false,""too_thick"":false},""question8"":{""broken_lines"":false,""fuzzy_lines"":false,""no_line_issues"":true,""too_thick"":false},""question9"":{""broken_lines"":false,""fuzzy_lines"":false,""no_line_issues"":true,""too_thick"":false}}]"
"3JMQI2OLGRJZIU4U6IA0JZPVSW7NDN","35280GTXAE4NKOCBSAFNOQNW8HVVOK","Categorize images based on quality of lines and strokes.","Review 10 line-arts and judge if it has adequate outlines and internal lines. (10 pairs)","tactile, image review, accessibility, furniture and structures","$0.08","Tue Apr 14 17:44:01 PDT 2026","9","BatchId:5385437;OriginalHitTemplateId:928390873;","1800","1296000","Tue Apr 21 17:44:01 PDT 2026","","","333U7HK6J2T5LOB2HMN9EC47N7PJDJ","A26211PR4VJSYZ","Approved","Tue Apr 14 20:26:57 PDT 2026","Tue Apr 14 20:54:53 PDT 2026","Wed Apr 29 20:54:53 PDT 2026","Sat Apr 18 19:57:17 PDT 2026","","","1676","100% (6/6)","100% (6/6)","100% (6/6)","Chair","https://tactileeval.s3.us-east-1.amazonaws.com/family_datasets/Furniture_and_Structures/Chair/Natural/7_Chair.jpg","https://tactileeval.s3.us-east-1.amazonaws.com/family_datasets/Furniture_and_Structures/Chair/Tactile/7.jpg","","Chair","https://tactileeval.s3.us-east-1.amazonaws.com/family_datasets/Furniture_and_Structures/Chair/Natural/8_Chair.jpg","https://tactileeval.s3.us-east-1.amazonaws.com/family_datasets/Furniture_and_Structures/Chair/Tactile/8.jpg","","Chair","https://tactileeval.s3.us-east-1.amazonaws.com/family_datasets/Furniture_and_Structures/Chair/Natural/9_Chair.jpg","https://tactileeval.s3.us-east-1.amazonaws.com/family_datasets/Furniture_and_Structures/Chair/Tactile/9.jpg","","Chair","https://tactileeval.s3.us-east-1.amazonaws.com/family_datasets/Furniture_and_Structures/Chair/Natural/10_Chair.jpg","https://tactileeval.s3.us-east-1.amazonaws.com/family_datasets/Furniture_and_Structures/Chair/Tactile/10.jpg","","Chair","https://tactileeval.s3.us-east-1.amazonaws.com/family_datasets/Furniture_and_Structures/Chair/Natural/11_Chair%282%29.jpg","https://tactileeval.s3.us-east-1.amazonaws.com/family_datasets/Furniture_and_Structures/Chair/Tactile/11.jpg","","Chair","https://tactileeval.s3.us-east-1.amazonaws.com/family_datasets/Furniture_and_Structures/Chair/Natural/12_Chair%282%29.jpg","https://tactileeval.s3.us-east-1.amazonaws.com/family_datasets/Furniture_and_Structures/Chair/Tactile/12.png","","Door","https://tactileeval.s3.us-east-1.amazonaws.com/family_datasets/Furniture_and_Structures/Door/Natural/Door_1.jpg","https://tactileeval.s3.us-east-1.amazonaws.com/family_datasets/Furniture_and_Structures/Door/Tactile/1.jpg","","Door","https://tactileeval.s3.us-east-1.amazonaws.com/family_datasets/Furniture_and_Structures/Door/Natural/Door_2.jpg","https://tactileeval.s3.us-east-1.amazonaws.com/family_datasets/Furniture_and_Structures/Door/Tactile/2.jpg","","Door","https://tactileeval.s3.us-east-1.amazonaws.com/family_datasets/Furniture_and_Structures/Door/Natural/Door_3.jpg","https://tactileeval.s3.us-east-1.amazonaws.com/family_datasets/Furniture_and_Structures/Door/Tactile/3.png","","Door","https://tactileeval.s3.us-east-1.amazonaws.com/family_datasets/Furniture_and_Structures/Door/Natural/Door_4.jpg","https://tactileeval.s3.us-east-1.amazonaws.com/family_datasets/Furniture_and_Structures/Door/Tactile/4.jpg","","[{""question1"":{""broken_lines"":false,""fuzzy_lines"":false,""no_line_issues"":false,""too_thick"":true},""question10"":{""broken_lines"":false,""fuzzy_lines"":false,""no_line_issues"":true,""too_thick"":false},""question2"":{""broken_lines"":true,""fuzzy_lines"":false,""no_line_issues"":false,""too_thick"":true},""question3"":{""broken_lines"":true,""fuzzy_lines"":false,""no_line_issues"":false,""too_thick"":true},""question4"":{""broken_lines"":true,""fuzzy_lines"":false,""no_line_issues"":false,""too_thick"":true},""question5"":{""broken_lines"":true,""fuzzy_lines"":false,""no_line_issues"":false,""too_thick"":true},""question6"":{""broken_lines"":false,""fuzzy_lines"":false,""no_line_issues"":true,""too_thick"":false},""question7"":{""broken_lines"":false,""fuzzy_lines"":true,""no_line_issues"":false,""too_thick"":false},""question8"":{""broken_lines"":false,""fuzzy_lines"":false,""no_line_issues"":true,""too_thick"":false},""question9"":{""broken_lines"":false,""fuzzy_lines"":false,""no_line_issues"":true,""too_thick"":false}}]"
"3JMQI2OLGRJZIU4U6IA0JZPVSW7NDN","35280GTXAE4NKOCBSAFNOQNW8HVVOK","Categorize images based on quality of lines and strokes.","Review 10 line-arts and judge if it has adequate outlines and internal lines. (10 pairs)","tactile, image review, accessibility, furniture and structures","$0.08","Tue Apr 14 17:44:01 PDT 2026","9","BatchId:5385437;OriginalHitTemplateId:928390873;","1800","1296000","Tue Apr 21 17:44:01 PDT 2026","","","3ITXP059QPXBNDUKECIY9BQ7OAZJSD","A131OURGHR3KFX","Approved","Tue Apr 14 20:27:46 PDT 2026","Tue Apr 14 20:56:48 PDT 2026","Wed Apr 29 20:56:48 PDT 2026","Sat Apr 18 19:57:18 PDT 2026","","","1742","100% (6/6)","100% (6/6)","100% (6/6)","Chair","https://tactileeval.s3.us-east-1.amazonaws.com/family_datasets/Furniture_and_Structures/Chair/Natural/7_Chair.jpg","https://tactileeval.s3.us-east-1.amazonaws.com/family_datasets/Furniture_and_Structures/Chair/Tactile/7.jpg","","Chair","https://tactileeval.s3.us-east-1.amazonaws.com/family_datasets/Furniture_and_Structures/Chair/Natural/8_Chair.jpg","https://tactileeval.s3.us-east-1.amazonaws.com/family_datasets/Furniture_and_Structures/Chair/Tactile/8.jpg","","Chair","https://tactileeval.s3.us-east-1.amazonaws.com/family_datasets/Furniture_and_Structures/Chair/Natural/9_Chair.jpg","https://tactileeval.s3.us-east-1.amazonaws.com/family_datasets/Furniture_and_Structures/Chair/Tactile/9.jpg","","Chair","https://tactileeval.s3.us-east-1.amazonaws.com/family_datasets/Furniture_and_Structures/Chair/Natural/10_Chair.jpg","https://tactileeval.s3.us-east-1.amazonaws.com/family_datasets/Furniture_and_Structures/Chair/Tactile/10.jpg","","Chair","https://tactileeval.s3.us-east-1.amazonaws.com/family_datasets/Furniture_and_Structures/Chair/Natural/11_Chair%282%29.jpg","https://tactileeval.s3.us-east-1.amazonaws.com/family_datasets/Furniture_and_Structures/Chair/Tactile/11.jpg","","Chair","https://tactileeval.s3.us-east-1.amazonaws.com/family_datasets/Furniture_and_Structures/Chair/Natural/12_Chair%282%29.jpg","https://tactileeval.s3.us-east-1.amazonaws.com/family_datasets/Furniture_and_Structures/Chair/Tactile/12.png","","Door","https://tactileeval.s3.us-east-1.amazonaws.com/family_datasets/Furniture_and_Structures/Door/Natural/Door_1.jpg","https://tactileeval.s3.us-east-1.amazonaws.com/family_datasets/Furniture_and_Structures/Door/Tactile/1.jpg","","Door","https://tactileeval.s3.us-east-1.amazonaws.com/family_datasets/Furniture_and_Structures/Door/Natural/Door_2.jpg","https://tactileeval.s3.us-east-1.amazonaws.com/family_datasets/Furniture_and_Structures/Door/Tactile/2.jpg","","Door","https://tactileeval.s3.us-east-1.amazonaws.com/family_datasets/Furniture_and_Structures/Door/Natural/Door_3.jpg","https://tactileeval.s3.us-east-1.amazonaws.com/family_datasets/Furniture_and_Structures/Door/Tactile/3.png","","Door","https://tactileeval.s3.us-east-1.amazonaws.com/family_datasets/Furniture_and_Structures/Door/Natural/Door_4.jpg","https://tactileeval.s3.us-east-1.amazonaws.com/family_datasets/Furniture_and_Structures/Door/Tactile/4.jpg","","[{""question1"":{""broken_lines"":false,""fuzzy_lines"":false,""no_line_issues"":false,""too_thick"":true},""question10"":{""broken_lines"":false,""fuzzy_lines"":false,""no_line_issues"":true,""too_thick"":false},""question2"":{""broken_lines"":false,""fuzzy_lines"":false,""no_line_issues"":false,""too_thick"":true},""question3"":{""broken_lines"":false,""fuzzy_lines"":false,""no_line_issues"":false,""too_thick"":true},""question4"":{""broken_lines"":false,""fuzzy_lines"":false,""no_line_issues"":false,""too_thick"":true},""question5"":{""broken_lines"":false,""fuzzy_lines"":false,""no_line_issues"":true,""too_thick"":false},""question6"":{""broken_lines"":false,""fuzzy_lines"":false,""no_line_issues"":false,""too_thick"":true},""question7"":{""broken_lines"":false,""fuzzy_lines"":false,""no_line_issues"":true,""too_thick"":false},""question8"":{""broken_lines"":false,""fuzzy_lines"":false,""no_line_issues"":true,""too_thick"":false},""question9"":{""broken_lines"":false,""fuzzy_lines"":false,""no_line_issues"":true,""too_thick"":false}}]"
"3JMQI2OLGRJZIU4U6IA0JZPVSW7NDN","35280GTXAE4NKOCBSAFNOQNW8HVVOK","Categorize images based on quality of lines and strokes.","Review 10 line-arts and judge if it has adequate outlines and internal lines. (10 pairs)","tactile, image review, accessibility, furniture and structures","$0.08","Tue Apr 14 17:44:01 PDT 2026","9","BatchId:5385437;OriginalHitTemplateId:928390873;","1800","1296000","Tue Apr 21 17:44:01 PDT 2026","","","3QAVNHZ3FFIDI7WQ0X8K4Q9T62IALD","A7D1G6VBRTJMJ","Approved","Sat Apr 18 20:52:51 PDT 2026","Sat Apr 18 20:56:40 PDT 2026","Sun May 03 20:56:40 PDT 2026","Sun Apr 19 07:35:34 PDT 2026","","","229","46% (11/24)","46% (11/24)","46% (11/24)","Chair","https://tactileeval.s3.us-east-1.amazonaws.com/family_datasets/Furniture_and_Structures/Chair/Natural/7_Chair.jpg","https://tactileeval.s3.us-east-1.amazonaws.com/family_datasets/Furniture_and_Structures/Chair/Tactile/7.jpg","","Chair","https://tactileeval.s3.us-east-1.amazonaws.com/family_datasets/Furniture_and_Structures/Chair/Natural/8_Chair.jpg","https://tactileeval.s3.us-east-1.amazonaws.com/family_datasets/Furniture_and_Structures/Chair/Tactile/8.jpg","","Chair","https://tactileeval.s3.us-east-1.amazonaws.com/family_datasets/Furniture_and_Structures/Chair/Natural/9_Chair.jpg","https://tactileeval.s3.us-east-1.amazonaws.com/family_datasets/Furniture_and_Structures/Chair/Tactile/9.jpg","","Chair","https://tactileeval.s3.us-east-1.amazonaws.com/family_datasets/Furniture_and_Structures/Chair/Natural/10_Chair.jpg","https://tactileeval.s3.us-east-1.amazonaws.com/family_datasets/Furniture_and_Structures/Chair/Tactile/10.jpg","","Chair","https://tactileeval.s3.us-east-1.amazonaws.com/family_datasets/Furniture_and_Structures/Chair/Natural/11_Chair%282%29.jpg","https://tactileeval.s3.us-east-1.amazonaws.com/family_datasets/Furniture_and_Structures/Chair/Tactile/11.jpg","","Chair","https://tactileeval.s3.us-east-1.amazonaws.com/family_datasets/Furniture_and_Structures/Chair/Natural/12_Chair%282%29.jpg","https://tactileeval.s3.us-east-1.amazonaws.com/family_datasets/Furniture_and_Structures/Chair/Tactile/12.png","","Door","https://tactileeval.s3.us-east-1.amazonaws.com/family_datasets/Furniture_and_Structures/Door/Natural/Door_1.jpg","https://tactileeval.s3.us-east-1.amazonaws.com/family_datasets/Furniture_and_Structures/Door/Tactile/1.jpg","","Door","https://tactileeval.s3.us-east-1.amazonaws.com/family_datasets/Furniture_and_Structures/Door/Natural/Door_2.jpg","https://tactileeval.s3.us-east-1.amazonaws.com/family_datasets/Furniture_and_Structures/Door/Tactile/2.jpg","","Door","https://tactileeval.s3.us-east-1.amazonaws.com/family_datasets/Furniture_and_Structures/Door/Natural/Door_3.jpg","https://tactileeval.s3.us-east-1.amazonaws.com/family_datasets/Furniture_and_Structures/Door/Tactile/3.png","","Door","https://tactileeval.s3.us-east-1.amazonaws.com/family_datasets/Furniture_and_Structures/Door/Natural/Door_4.jpg","https://tactileeval.s3.us-east-1.amazonaws.com/family_datasets/Furniture_and_Structures/Door/Tactile/4.jpg","","[{""question1"":{""broken_lines"":true,""fuzzy_lines"":false,""no_line_issues"":false,""too_thick"":true},""question10"":{""broken_lines"":false,""fuzzy_lines"":false,""no_line_issues"":true,""too_thick"":false},""question2"":{""broken_lines"":true,""fuzzy_lines"":false,""no_line_issues"":false,""too_thick"":true},""question3"":{""broken_lines"":true,""fuzzy_lines"":false,""no_line_issues"":false,""too_thick"":true},""question4"":{""broken_lines"":true,""fuzzy_lines"":false,""no_line_issues"":false,""too_thick"":true},""question5"":{""broken_lines"":true,""fuzzy_lines"":false,""no_line_issues"":false,""too_thick"":true},""question6"":{""broken_lines"":true,""fuzzy_lines"":false,""no_line_issues"":false,""too_thick"":false},""question7"":{""broken_lines"":false,""fuzzy_lines"":true,""no_line_issues"":false,""too_thick"":false},""question8"":{""broken_lines"":false,""fuzzy_lines"":false,""no_line_issues"":true,""too_thick"":false},""question9"":{""broken_lines"":false,""fuzzy_lines"":false,""no_line_issues"":true,""too_thick"":false}}]"
"3JMQI2OLGRJZIU4U6IA0JZPVSW7NDN","35280GTXAE4NKOCBSAFNOQNW8HVVOK","Categorize images based on quality of lines and strokes.","Review 10 line-arts and judge if it has adequate outlines and internal lines. (10 pairs)","tactile, image review, accessibility, furniture and structures","$0.08","Tue Apr 14 17:44:01 PDT 2026","9","BatchId:5385437;OriginalHitTemplateId:928390873;","1800","1296000","Tue Apr 21 17:44:01 PDT 2026","","","30IQTZXKBDKCHOFXMEEFQES34PGX0V","A2599EZFAW93DZ","Approved","Sat Apr 18 21:08:52 PDT 2026","Sat Apr 18 21:13:07 PDT 2026","Sun May 03 21:13:07 PDT 2026","Sun Apr 19 07:35:34 PDT 2026","","","255","40% (6/15)","40% (6/15)","40% (6/15)","Chair","https://tactileeval.s3.us-east-1.amazonaws.com/family_datasets/Furniture_and_Structures/Chair/Natural/7_Chair.jpg","https://tactileeval.s3.us-east-1.amazonaws.com/family_datasets/Furniture_and_Structures/Chair/Tactile/7.jpg","","Chair","https://tactileeval.s3.us-east-1.amazonaws.com/family_datasets/Furniture_and_Structures/Chair/Natural/8_Chair.jpg","https://tactileeval.s3.us-east-1.amazonaws.com/family_datasets/Furniture_and_Structures/Chair/Tactile/8.jpg","","Chair","https://tactileeval.s3.us-east-1.amazonaws.com/family_datasets/Furniture_and_Structures/Chair/Natural/9_Chair.jpg","https://tactileeval.s3.us-east-1.amazonaws.com/family_datasets/Furniture_and_Structures/Chair/Tactile/9.jpg","","Chair","https://tactileeval.s3.us-east-1.amazonaws.com/family_datasets/Furniture_and_Structures/Chair/Natural/10_Chair.jpg","https://tactileeval.s3.us-east-1.amazonaws.com/family_datasets/Furniture_and_Structures/Chair/Tactile/10.jpg","","Chair","https://tactileeval.s3.us-east-1.amazonaws.com/family_datasets/Furniture_and_Structures/Chair/Natural/11_Chair%282%29.jpg","https://tactileeval.s3.us-east-1.amazonaws.com/family_datasets/Furniture_and_Structures/Chair/Tactile/11.jpg","","Chair","https://tactileeval.s3.us-east-1.amazonaws.com/family_datasets/Furniture_and_Structures/Chair/Natural/12_Chair%282%29.jpg","https://tactileeval.s3.us-east-1.amazonaws.com/family_datasets/Furniture_and_Structures/Chair/Tactile/12.png","","Door","https://tactileeval.s3.us-east-1.amazonaws.com/family_datasets/Furniture_and_Structures/Door/Natural/Door_1.jpg","https://tactileeval.s3.us-east-1.amazonaws.com/family_datasets/Furniture_and_Structures/Door/Tactile/1.jpg","","Door","https://tactileeval.s3.us-east-1.amazonaws.com/family_datasets/Furniture_and_Structures/Door/Natural/Door_2.jpg","https://tactileeval.s3.us-east-1.amazonaws.com/family_datasets/Furniture_and_Structures/Door/Tactile/2.jpg","","Door","https://tactileeval.s3.us-east-1.amazonaws.com/family_datasets/Furniture_and_Structures/Door/Natural/Door_3.jpg","https://tactileeval.s3.us-east-1.amazonaws.com/family_datasets/Furniture_and_Structures/Door/Tactile/3.png","","Door","https://tactileeval.s3.us-east-1.amazonaws.com/family_datasets/Furniture_and_Structures/Door/Natural/Door_4.jpg","https://tactileeval.s3.us-east-1.amazonaws.com/family_datasets/Furniture_and_Structures/Door/Tactile/4.jpg","","[{""question1"":{""broken_lines"":true,""fuzzy_lines"":false,""no_line_issues"":false,""too_thick"":true},""question10"":{""broken_lines"":false,""fuzzy_lines"":false,""no_line_issues"":true,""too_thick"":false},""question2"":{""broken_lines"":true,""fuzzy_lines"":false,""no_line_issues"":false,""too_thick"":true},""question3"":{""broken_lines"":true,""fuzzy_lines"":false,""no_line_issues"":false,""too_thick"":true},""question4"":{""broken_lines"":true,""fuzzy_lines"":false,""no_line_issues"":false,""too_thick"":true},""question5"":{""broken_lines"":true,""fuzzy_lines"":false,""no_line_issues"":false,""too_thick"":true},""question6"":{""broken_lines"":true,""fuzzy_lines"":false,""no_line_issues"":false,""too_thick"":false},""question7"":{""broken_lines"":false,""fuzzy_lines"":true,""no_line_issues"":false,""too_thick"":false},""question8"":{""broken_lines"":false,""fuzzy_lines"":false,""no_line_issues"":true,""too_thick"":false},""question9"":{""broken_lines"":false,""fuzzy_lines"":false,""no_line_issues"":true,""too_thick"":false}}]"
"334ZEL5JYYTN24NO4N52TNB0J9MSO1","35280GTXAE4NKOCBSAFNOQNW8HVVOK","Categorize images based on quality of lines and strokes.","Review 10 line-arts and judge if it has adequate outlines and internal lines. (10 pairs)","tactile, image review, accessibility, furniture and structures","$0.08","Tue Apr 14 17:44:01 PDT 2026","9","BatchId:5385437;OriginalHitTemplateId:928390873;","1800","1296000","Tue Apr 21 17:44:01 PDT 2026","","","3ZSY5X72OQPDN9L4F0AYRX2X11BORW","A312G4F6TIKFFQ","Rejected","Tue Apr 14 18:02:00 PDT 2026","Tue Apr 14 18:03:39 PDT 2026","Wed Apr 29 18:03:39 PDT 2026","","Sat Apr 18 19:57:19 PDT 2026","Thank you for your time. Unfortunately this submission did not pass the embedded gold-standard checks; this task requires very careful attention to detail.","99","70% (26/37)","35% (6/17)","35% (6/17)","Door","https://tactileeval.s3.us-east-1.amazonaws.com/family_datasets/Furniture_and_Structures/Door/Natural/Door_5.jpg","https://tactileeval.s3.us-east-1.amazonaws.com/family_datasets/Furniture_and_Structures/Door/Tactile/5.png","","Door","https://tactileeval.s3.us-east-1.amazonaws.com/family_datasets/Furniture_and_Structures/Door/Natural/Door_6.jpg","https://tactileeval.s3.us-east-1.amazonaws.com/family_datasets/Furniture_and_Structures/Door/Tactile/6.jpg","","Door","https://tactileeval.s3.us-east-1.amazonaws.com/family_datasets/Furniture_and_Structures/Door/Natural/Door_7.jpg","https://tactileeval.s3.us-east-1.amazonaws.com/family_datasets/Furniture_and_Structures/Door/Tactile/7.jpg","","Door","https://tactileeval.s3.us-east-1.amazonaws.com/family_datasets/Furniture_and_Structures/Door/Natural/Door_8.jpg","https://tactileeval.s3.us-east-1.amazonaws.com/family_datasets/Furniture_and_Structures/Door/Tactile/8.jpg","","Door","https://tactileeval.s3.us-east-1.amazonaws.com/family_datasets/Furniture_and_Structures/Door/Natural/Door_9.jpg","https://tactileeval.s3.us-east-1.amazonaws.com/family_datasets/Furniture_and_Structures/Door/Tactile/9.jpg","","Door","https://tactileeval.s3.us-east-1.amazonaws.com/family_datasets/Furniture_and_Structures/Door/Natural/Door_10.jpg","https://tactileeval.s3.us-east-1.amazonaws.com/family_datasets/Furniture_and_Structures/Door/Tactile/10.jpg","","Door","https://tactileeval.s3.us-east-1.amazonaws.com/family_datasets/Furniture_and_Structures/Door/Natural/Door_11.jpg","https://tactileeval.s3.us-east-1.amazonaws.com/family_datasets/Furniture_and_Structures/Door/Tactile/11.jpg","","Door","https://tactileeval.s3.us-east-1.amazonaws.com/family_datasets/Furniture_and_Structures/Door/Natural/Door_12.jpg","https://tactileeval.s3.us-east-1.amazonaws.com/family_datasets/Furniture_and_Structures/Door/Tactile/12.jpg","","Door","https://tactileeval.s3.us-east-1.amazonaws.com/family_datasets/Furniture_and_Structures/Door/Natural/Door_13.jpeg","https://tactileeval.s3.us-east-1.amazonaws.com/family_datasets/Furniture_and_Structures/Door/Tactile/13.jpg","","Hut","https://tactileeval.s3.us-east-1.amazonaws.com/family_datasets/Furniture_and_Structures/Hut/Natural/1_Hut.png","https://tactileeval.s3.us-east-1.amazonaws.com/family_datasets/Furniture_and_Structures/Hut/Tactile/1.jpg","","[{""question1"":{""broken_lines"":false,""fuzzy_lines"":true,""no_line_issues"":false,""too_thick"":false},""question10"":{""broken_lines"":false,""fuzzy_lines"":false,""no_line_issues"":false,""too_thick"":true},""question2"":{""broken_lines"":true,""fuzzy_lines"":false,""no_line_issues"":false,""too_thick"":false},""question3"":{""broken_lines"":false,""fuzzy_lines"":true,""no_line_issues"":false,""too_thick"":true},""question4"":{""broken_lines"":false,""fuzzy_lines"":true,""no_line_issues"":false,""too_thick"":false},""question5"":{""broken_lines"":false,""fuzzy_lines"":false,""no_line_issues"":true,""too_thick"":false},""question6"":{""broken_lines"":false,""fuzzy_lines"":false,""no_line_issues"":true,""too_thick"":false},""question7"":{""broken_lines"":false,""fuzzy_lines"":false,""no_line_issues"":true,""too_thick"":false},""question8"":{""broken_lines"":true,""fuzzy_lines"":false,""no_line_issues"":false,""too_thick"":false},""question9"":{""broken_lines"":false,""fuzzy_lines"":false,""no_line_issues"":false,""too_thick"":true}}]"
"334ZEL5JYYTN24NO4N52TNB0J9MSO1","35280GTXAE4NKOCBSAFNOQNW8HVVOK","Categorize images based on quality of lines and strokes.","Review 10 line-arts and judge if it has adequate outlines and internal lines. (10 pairs)","tactile, image review, accessibility, furniture and structures","$0.08","Tue Apr 14 17:44:01 PDT 2026","9","BatchId:5385437;OriginalHitTemplateId:928390873;","1800","1296000","Tue Apr 21 17:44:01 PDT 2026","","","3RSDURM973008JK1ZHZWUH1G0MOEYO","A2D07SVRO4UFVL","Rejected","Tue Apr 14 18:30:00 PDT 2026","Tue Apr 14 18:32:06 PDT 2026","Wed Apr 29 18:32:06 PDT 2026","","Sat Apr 18 19:57:19 PDT 2026","Thank you for your time. Unfortunately this submission did not pass the embedded gold-standard checks; this task requires very careful attention to detail.","126","80% (35/44)","79% (33/42)","79% (33/42)","Door","https://tactileeval.s3.us-east-1.amazonaws.com/family_datasets/Furniture_and_Structures/Door/Natural/Door_5.jpg","https://tactileeval.s3.us-east-1.amazonaws.com/family_datasets/Furniture_and_Structures/Door/Tactile/5.png","","Door","https://tactileeval.s3.us-east-1.amazonaws.com/family_datasets/Furniture_and_Structures/Door/Natural/Door_6.jpg","https://tactileeval.s3.us-east-1.amazonaws.com/family_datasets/Furniture_and_Structures/Door/Tactile/6.jpg","","Door","https://tactileeval.s3.us-east-1.amazonaws.com/family_datasets/Furniture_and_Structures/Door/Natural/Door_7.jpg","https://tactileeval.s3.us-east-1.amazonaws.com/family_datasets/Furniture_and_Structures/Door/Tactile/7.jpg","","Door","https://tactileeval.s3.us-east-1.amazonaws.com/family_datasets/Furniture_and_Structures/Door/Natural/Door_8.jpg","https://tactileeval.s3.us-east-1.amazonaws.com/family_datasets/Furniture_and_Structures/Door/Tactile/8.jpg","","Door","https://tactileeval.s3.us-east-1.amazonaws.com/family_datasets/Furniture_and_Structures/Door/Natural/Door_9.jpg","https://tactileeval.s3.us-east-1.amazonaws.com/family_datasets/Furniture_and_Structures/Door/Tactile/9.jpg","","Door","https://tactileeval.s3.us-east-1.amazonaws.com/family_datasets/Furniture_and_Structures/Door/Natural/Door_10.jpg","https://tactileeval.s3.us-east-1.amazonaws.com/family_datasets/Furniture_and_Structures/Door/Tactile/10.jpg","","Door","https://tactileeval.s3.us-east-1.amazonaws.com/family_datasets/Furniture_and_Structures/Door/Natural/Door_11.jpg","https://tactileeval.s3.us-east-1.amazonaws.com/family_datasets/Furniture_and_Structures/Door/Tactile/11.jpg","","Door","https://tactileeval.s3.us-east-1.amazonaws.com/family_datasets/Furniture_and_Structures/Door/Natural/Door_12.jpg","https://tactileeval.s3.us-east-1.amazonaws.com/family_datasets/Furniture_and_Structures/Door/Tactile/12.jpg","","Door","https://tactileeval.s3.us-east-1.amazonaws.com/family_datasets/Furniture_and_Structures/Door/Natural/Door_13.jpeg","https://tactileeval.s3.us-east-1.amazonaws.com/family_datasets/Furniture_and_Structures/Door/Tactile/13.jpg","","Hut","https://tactileeval.s3.us-east-1.amazonaws.com/family_datasets/Furniture_and_Structures/Hut/Natural/1_Hut.png","https://tactileeval.s3.us-east-1.amazonaws.com/family_datasets/Furniture_and_Structures/Hut/Tactile/1.jpg","","[{""question1"":{""broken_lines"":false,""fuzzy_lines"":false,""no_line_issues"":true,""too_thick"":false},""question10"":{""broken_lines"":false,""fuzzy_lines"":false,""no_line_issues"":false,""too_thick"":true},""question2"":{""broken_lines"":true,""fuzzy_lines"":false,""no_line_issues"":false,""too_thick"":false},""question3"":{""broken_lines"":false,""fuzzy_lines"":true,""no_line_issues"":false,""too_thick"":true},""question4"":{""broken_lines"":false,""fuzzy_lines"":true,""no_line_issues"":false,""too_thick"":true},""question5"":{""broken_lines"":false,""fuzzy_lines"":false,""no_line_issues"":true,""too_thick"":false},""question6"":{""broken_lines"":false,""fuzzy_lines"":false,""no_line_issues"":true,""too_thick"":false},""question7"":{""broken_lines"":false,""fuzzy_lines"":false,""no_line_issues"":true,""too_thick"":false},""question8"":{""broken_lines"":false,""fuzzy_lines"":false,""no_line_issues"":false,""too_thick"":true},""question9"":{""broken_lines"":false,""fuzzy_lines"":false,""no_line_issues"":false,""too_thick"":true}}]"
"334ZEL5JYYTN24NO4N52TNB0J9MSO1","35280GTXAE4NKOCBSAFNOQNW8HVVOK","Categorize images based on quality of lines and strokes.","Review 10 line-arts and judge if it has adequate outlines and internal lines. (10 pairs)","tactile, image review, accessibility, furniture and structures","$0.08","Tue Apr 14 17:44:01 PDT 2026","9","BatchId:5385437;OriginalHitTemplateId:928390873;","1800","1296000","Tue Apr 21 17:44:01 PDT 2026","","","30ZX6P7VG19IIEDMKX3SITD3QG02JT","A2NZLZLLAZYXJX","Approved","Tue Apr 14 20:19:59 PDT 2026","Tue Apr 14 20:21:49 PDT 2026","Wed Apr 29 20:21:49 PDT 2026","Sat Apr 18 19:57:18 PDT 2026","","","110","67% (39/58)","67% (39/58)","67% (39/58)","Door","https://tactileeval.s3.us-east-1.amazonaws.com/family_datasets/Furniture_and_Structures/Door/Natural/Door_5.jpg","https://tactileeval.s3.us-east-1.amazonaws.com/family_datasets/Furniture_and_Structures/Door/Tactile/5.png","","Door","https://tactileeval.s3.us-east-1.amazonaws.com/family_datasets/Furniture_and_Structures/Door/Natural/Door_6.jpg","https://tactileeval.s3.us-east-1.amazonaws.com/family_datasets/Furniture_and_Structures/Door/Tactile/6.jpg","","Door","https://tactileeval.s3.us-east-1.amazonaws.com/family_datasets/Furniture_and_Structures/Door/Natural/Door_7.jpg","https://tactileeval.s3.us-east-1.amazonaws.com/family_datasets/Furniture_and_Structures/Door/Tactile/7.jpg","","Door","https://tactileeval.s3.us-east-1.amazonaws.com/family_datasets/Furniture_and_Structures/Door/Natural/Door_8.jpg","https://tactileeval.s3.us-east-1.amazonaws.com/family_datasets/Furniture_and_Structures/Door/Tactile/8.jpg","","Door","https://tactileeval.s3.us-east-1.amazonaws.com/family_datasets/Furniture_and_Structures/Door/Natural/Door_9.jpg","https://tactileeval.s3.us-east-1.amazonaws.com/family_datasets/Furniture_and_Structures/Door/Tactile/9.jpg","","Door","https://tactileeval.s3.us-east-1.amazonaws.com/family_datasets/Furniture_and_Structures/Door/Natural/Door_10.jpg","https://tactileeval.s3.us-east-1.amazonaws.com/family_datasets/Furniture_and_Structures/Door/Tactile/10.jpg","","Door","https://tactileeval.s3.us-east-1.amazonaws.com/family_datasets/Furniture_and_Structures/Door/Natural/Door_11.jpg","https://tactileeval.s3.us-east-1.amazonaws.com/family_datasets/Furniture_and_Structures/Door/Tactile/11.jpg","","Door","https://tactileeval.s3.us-east-1.amazonaws.com/family_datasets/Furniture_and_Structures/Door/Natural/Door_12.jpg","https://tactileeval.s3.us-east-1.amazonaws.com/family_datasets/Furniture_and_Structures/Door/Tactile/12.jpg","","Door","https://tactileeval.s3.us-east-1.amazonaws.com/family_datasets/Furniture_and_Structures/Door/Natural/Door_13.jpeg","https://tactileeval.s3.us-east-1.amazonaws.com/family_datasets/Furniture_and_Structures/Door/Tactile/13.jpg","","Hut","https://tactileeval.s3.us-east-1.amazonaws.com/family_datasets/Furniture_and_Structures/Hut/Natural/1_Hut.png","https://tactileeval.s3.us-east-1.amazonaws.com/family_datasets/Furniture_and_Structures/Hut/Tactile/1.jpg","","[{""question1"":{""broken_lines"":false,""fuzzy_lines"":false,""no_line_issues"":true,""too_thick"":false},""question10"":{""broken_lines"":false,""fuzzy_lines"":false,""no_line_issues"":false,""too_thick"":true},""question2"":{""broken_lines"":true,""fuzzy_lines"":false,""no_line_issues"":false,""too_thick"":false},""question3"":{""broken_lines"":false,""fuzzy_lines"":true,""no_line_issues"":false,""too_thick"":false},""question4"":{""broken_lines"":false,""fuzzy_lines"":true,""no_line_issues"":false,""too_thick"":false},""question5"":{""broken_lines"":false,""fuzzy_lines"":false,""no_line_issues"":true,""too_thick"":false},""question6"":{""broken_lines"":false,""fuzzy_lines"":false,""no_line_issues"":true,""too_thick"":false},""question7"":{""broken_lines"":false,""fuzzy_lines"":false,""no_line_issues"":true,""too_thick"":false},""question8"":{""broken_lines"":false,""fuzzy_lines"":false,""no_line_issues"":true,""too_thick"":false},""question9"":{""broken_lines"":false,""fuzzy_lines"":false,""no_line_issues"":false,""too_thick"":true}}]"
"334ZEL5JYYTN24NO4N52TNB0J9MSO1","35280GTXAE4NKOCBSAFNOQNW8HVVOK","Categorize images based on quality of lines and strokes.","Review 10 line-arts and judge if it has adequate outlines and internal lines. (10 pairs)","tactile, image review, accessibility, furniture and structures","$0.08","Tue Apr 14 17:44:01 PDT 2026","9","BatchId:5385437;OriginalHitTemplateId:928390873;","1800","1296000","Tue Apr 21 17:44:01 PDT 2026","","","358UUM7WSSH623T5YETWGBG2BDGR7Q","AZG7LNQUXYW8V","Rejected","Tue Apr 14 20:25:51 PDT 2026","Tue Apr 14 20:32:11 PDT 2026","Wed Apr 29 20:32:11 PDT 2026","","Sat Apr 18 19:57:19 PDT 2026","Thank you for your time. Unfortunately this submission did not pass the embedded gold-standard checks; this task requires very careful attention to detail.","380","58% (21/36)","58% (21/36)","58% (21/36)","Door","https://tactileeval.s3.us-east-1.amazonaws.com/family_datasets/Furniture_and_Structures/Door/Natural/Door_5.jpg","https://tactileeval.s3.us-east-1.amazonaws.com/family_datasets/Furniture_and_Structures/Door/Tactile/5.png","","Door","https://tactileeval.s3.us-east-1.amazonaws.com/family_datasets/Furniture_and_Structures/Door/Natural/Door_6.jpg","https://tactileeval.s3.us-east-1.amazonaws.com/family_datasets/Furniture_and_Structures/Door/Tactile/6.jpg","","Door","https://tactileeval.s3.us-east-1.amazonaws.com/family_datasets/Furniture_and_Structures/Door/Natural/Door_7.jpg","https://tactileeval.s3.us-east-1.amazonaws.com/family_datasets/Furniture_and_Structures/Door/Tactile/7.jpg","","Door","https://tactileeval.s3.us-east-1.amazonaws.com/family_datasets/Furniture_and_Structures/Door/Natural/Door_8.jpg","https://tactileeval.s3.us-east-1.amazonaws.com/family_datasets/Furniture_and_Structures/Door/Tactile/8.jpg","","Door","https://tactileeval.s3.us-east-1.amazonaws.com/family_datasets/Furniture_and_Structures/Door/Natural/Door_9.jpg","https://tactileeval.s3.us-east-1.amazonaws.com/family_datasets/Furniture_and_Structures/Door/Tactile/9.jpg","","Door","https://tactileeval.s3.us-east-1.amazonaws.com/family_datasets/Furniture_and_Structures/Door/Natural/Door_10.jpg","https://tactileeval.s3.us-east-1.amazonaws.com/family_datasets/Furniture_and_Structures/Door/Tactile/10.jpg","","Door","https://tactileeval.s3.us-east-1.amazonaws.com/family_datasets/Furniture_and_Structures/Door/Natural/Door_11.jpg","https://tactileeval.s3.us-east-1.amazonaws.com/family_datasets/Furniture_and_Structures/Door/Tactile/11.jpg","","Door","https://tactileeval.s3.us-east-1.amazonaws.com/family_datasets/Furniture_and_Structures/Door/Natural/Door_12.jpg","https://tactileeval.s3.us-east-1.amazonaws.com/family_datasets/Furniture_and_Structures/Door/Tactile/12.jpg","","Door","https://tactileeval.s3.us-east-1.amazonaws.com/family_datasets/Furniture_and_Structures/Door/Natural/Door_13.jpeg","https://tactileeval.s3.us-east-1.amazonaws.com/family_datasets/Furniture_and_Structures/Door/Tactile/13.jpg","","Hut","https://tactileeval.s3.us-east-1.amazonaws.com/family_datasets/Furniture_and_Structures/Hut/Natural/1_Hut.png","https://tactileeval.s3.us-east-1.amazonaws.com/family_datasets/Furniture_and_Structures/Hut/Tactile/1.jpg","","[{""question1"":{""broken_lines"":false,""fuzzy_lines"":false,""no_line_issues"":true,""too_thick"":false},""question10"":{""broken_lines"":false,""fuzzy_lines"":true,""no_line_issues"":false,""too_thick"":false},""question2"":{""broken_lines"":true,""fuzzy_lines"":false,""no_line_issues"":false,""too_thick"":false},""question3"":{""broken_lines"":false,""fuzzy_lines"":true,""no_line_issues"":false,""too_thick"":false},""question4"":{""broken_lines"":false,""fuzzy_lines"":true,""no_line_issues"":false,""too_thick"":false},""question5"":{""broken_lines"":false,""fuzzy_lines"":false,""no_line_issues"":true,""too_thick"":false},""question6"":{""broken_lines"":false,""fuzzy_lines"":false,""no_line_issues"":true,""too_thick"":false},""question7"":{""broken_lines"":false,""fuzzy_lines"":false,""no_line_issues"":true,""too_thick"":false},""question8"":{""broken_lines"":true,""fuzzy_lines"":false,""no_line_issues"":false,""too_thick"":false},""question9"":{""broken_lines"":false,""fuzzy_lines"":true,""no_line_issues"":false,""too_thick"":false}}]"
"334ZEL5JYYTN24NO4N52TNB0J9MSO1","35280GTXAE4NKOCBSAFNOQNW8HVVOK","Categorize images based on quality of lines and strokes.","Review 10 line-arts and judge if it has adequate outlines and internal lines. (10 pairs)","tactile, image review, accessibility, furniture and structures","$0.08","Tue Apr 14 17:44:01 PDT 2026","9","BatchId:5385437;OriginalHitTemplateId:928390873;","1800","1296000","Tue Apr 21 17:44:01 PDT 2026","","","3F6HPJW4K6E4OYDLRWM77J7BSC9W2I","A1ASIOBX12Z73I","Approved","Tue Apr 14 20:26:28 PDT 2026","Tue Apr 14 20:41:54 PDT 2026","Wed Apr 29 20:41:54 PDT 2026","Sat Apr 18 19:57:19 PDT 2026","","","926","66% (19/29)","66% (19/29)","66% (19/29)","Door","https://tactileeval.s3.us-east-1.amazonaws.com/family_datasets/Furniture_and_Structures/Door/Natural/Door_5.jpg","https://tactileeval.s3.us-east-1.amazonaws.com/family_datasets/Furniture_and_Structures/Door/Tactile/5.png","","Door","https://tactileeval.s3.us-east-1.amazonaws.com/family_datasets/Furniture_and_Structures/Door/Natural/Door_6.jpg","https://tactileeval.s3.us-east-1.amazonaws.com/family_datasets/Furniture_and_Structures/Door/Tactile/6.jpg","","Door","https://tactileeval.s3.us-east-1.amazonaws.com/family_datasets/Furniture_and_Structures/Door/Natural/Door_7.jpg","https://tactileeval.s3.us-east-1.amazonaws.com/family_datasets/Furniture_and_Structures/Door/Tactile/7.jpg","","Door","https://tactileeval.s3.us-east-1.amazonaws.com/family_datasets/Furniture_and_Structures/Door/Natural/Door_8.jpg","https://tactileeval.s3.us-east-1.amazonaws.com/family_datasets/Furniture_and_Structures/Door/Tactile/8.jpg","","Door","https://tactileeval.s3.us-east-1.amazonaws.com/family_datasets/Furniture_and_Structures/Door/Natural/Door_9.jpg","https://tactileeval.s3.us-east-1.amazonaws.com/family_datasets/Furniture_and_Structures/Door/Tactile/9.jpg","","Door","https://tactileeval.s3.us-east-1.amazonaws.com/family_datasets/Furniture_and_Structures/Door/Natural/Door_10.jpg","https://tactileeval.s3.us-east-1.amazonaws.com/family_datasets/Furniture_and_Structures/Door/Tactile/10.jpg","","Door","https://tactileeval.s3.us-east-1.amazonaws.com/family_datasets/Furniture_and_Structures/Door/Natural/Door_11.jpg","https://tactileeval.s3.us-east-1.amazonaws.com/family_datasets/Furniture_and_Structures/Door/Tactile/11.jpg","","Door","https://tactileeval.s3.us-east-1.amazonaws.com/family_datasets/Furniture_and_Structures/Door/Natural/Door_12.jpg","https://tactileeval.s3.us-east-1.amazonaws.com/family_datasets/Furniture_and_Structures/Door/Tactile/12.jpg","","Door","https://tactileeval.s3.us-east-1.amazonaws.com/family_datasets/Furniture_and_Structures/Door/Natural/Door_13.jpeg","https://tactileeval.s3.us-east-1.amazonaws.com/family_datasets/Furniture_and_Structures/Door/Tactile/13.jpg","","Hut","https://tactileeval.s3.us-east-1.amazonaws.com/family_datasets/Furniture_and_Structures/Hut/Natural/1_Hut.png","https://tactileeval.s3.us-east-1.amazonaws.com/family_datasets/Furniture_and_Structures/Hut/Tactile/1.jpg","","[{""question1"":{""broken_lines"":false,""fuzzy_lines"":false,""no_line_issues"":true,""too_thick"":false},""question10"":{""broken_lines"":false,""fuzzy_lines"":false,""no_line_issues"":true,""too_thick"":false},""question2"":{""broken_lines"":true,""fuzzy_lines"":false,""no_line_issues"":false,""too_thick"":false},""question3"":{""broken_lines"":false,""fuzzy_lines"":true,""no_line_issues"":false,""too_thick"":false},""question4"":{""broken_lines"":false,""fuzzy_lines"":true,""no_line_issues"":false,""too_thick"":false},""question5"":{""broken_lines"":false,""fuzzy_lines"":false,""no_line_issues"":true,""too_thick"":false},""question6"":{""broken_lines"":false,""fuzzy_lines"":false,""no_line_issues"":true,""too_thick"":false},""question7"":{""broken_lines"":false,""fuzzy_lines"":false,""no_line_issues"":true,""too_thick"":false},""question8"":{""broken_lines"":true,""fuzzy_lines"":false,""no_line_issues"":false,""too_thick"":false},""question9"":{""broken_lines"":false,""fuzzy_lines"":false,""no_line_issues"":true,""too_thick"":false}}]"
"334ZEL5JYYTN24NO4N52TNB0J9MSO1","35280GTXAE4NKOCBSAFNOQNW8HVVOK","Categorize images based on quality of lines and strokes.","Review 10 line-arts and judge if it has adequate outlines and internal lines. (10 pairs)","tactile, image review, accessibility, furniture and structures","$0.08","Tue Apr 14 17:44:01 PDT 2026","9","BatchId:5385437;OriginalHitTemplateId:928390873;","1800","1296000","Tue Apr 21 17:44:01 PDT 2026","","","3137ONMDL9J0MSZ15BDQNHUCVR9EG3","A26211PR4VJSYZ","Approved","Tue Apr 14 20:27:11 PDT 2026","Tue Apr 14 20:55:39 PDT 2026","Wed Apr 29 20:55:39 PDT 2026","Sat Apr 18 19:57:19 PDT 2026","","","1708","100% (6/6)","100% (6/6)","100% (6/6)","Door","https://tactileeval.s3.us-east-1.amazonaws.com/family_datasets/Furniture_and_Structures/Door/Natural/Door_5.jpg","https://tactileeval.s3.us-east-1.amazonaws.com/family_datasets/Furniture_and_Structures/Door/Tactile/5.png","","Door","https://tactileeval.s3.us-east-1.amazonaws.com/family_datasets/Furniture_and_Structures/Door/Natural/Door_6.jpg","https://tactileeval.s3.us-east-1.amazonaws.com/family_datasets/Furniture_and_Structures/Door/Tactile/6.jpg","","Door","https://tactileeval.s3.us-east-1.amazonaws.com/family_datasets/Furniture_and_Structures/Door/Natural/Door_7.jpg","https://tactileeval.s3.us-east-1.amazonaws.com/family_datasets/Furniture_and_Structures/Door/Tactile/7.jpg","","Door","https://tactileeval.s3.us-east-1.amazonaws.com/family_datasets/Furniture_and_Structures/Door/Natural/Door_8.jpg","https://tactileeval.s3.us-east-1.amazonaws.com/family_datasets/Furniture_and_Structures/Door/Tactile/8.jpg","","Door","https://tactileeval.s3.us-east-1.amazonaws.com/family_datasets/Furniture_and_Structures/Door/Natural/Door_9.jpg","https://tactileeval.s3.us-east-1.amazonaws.com/family_datasets/Furniture_and_Structures/Door/Tactile/9.jpg","","Door","https://tactileeval.s3.us-east-1.amazonaws.com/family_datasets/Furniture_and_Structures/Door/Natural/Door_10.jpg","https://tactileeval.s3.us-east-1.amazonaws.com/family_datasets/Furniture_and_Structures/Door/Tactile/10.jpg","","Door","https://tactileeval.s3.us-east-1.amazonaws.com/family_datasets/Furniture_and_Structures/Door/Natural/Door_11.jpg","https://tactileeval.s3.us-east-1.amazonaws.com/family_datasets/Furniture_and_Structures/Door/Tactile/11.jpg","","Door","https://tactileeval.s3.us-east-1.amazonaws.com/family_datasets/Furniture_and_Structures/Door/Natural/Door_12.jpg","https://tactileeval.s3.us-east-1.amazonaws.com/family_datasets/Furniture_and_Structures/Door/Tactile/12.jpg","","Door","https://tactileeval.s3.us-east-1.amazonaws.com/family_datasets/Furniture_and_Structures/Door/Natural/Door_13.jpeg","https://tactileeval.s3.us-east-1.amazonaws.com/family_datasets/Furniture_and_Structures/Door/Tactile/13.jpg","","Hut","https://tactileeval.s3.us-east-1.amazonaws.com/family_datasets/Furniture_and_Structures/Hut/Natural/1_Hut.png","https://tactileeval.s3.us-east-1.amazonaws.com/family_datasets/Furniture_and_Structures/Hut/Tactile/1.jpg","","[{""question1"":{""broken_lines"":false,""fuzzy_lines"":false,""no_line_issues"":true,""too_thick"":false},""question10"":{""broken_lines"":false,""fuzzy_lines"":false,""no_line_issues"":false,""too_thick"":true},""question2"":{""broken_lines"":true,""fuzzy_lines"":false,""no_line_issues"":false,""too_thick"":false},""question3"":{""broken_lines"":true,""fuzzy_lines"":false,""no_line_issues"":false,""too_thick"":true},""question4"":{""broken_lines"":false,""fuzzy_lines"":true,""no_line_issues"":false,""too_thick"":false},""question5"":{""broken_lines"":false,""fuzzy_lines"":false,""no_line_issues"":true,""too_thick"":false},""question6"":{""broken_lines"":false,""fuzzy_lines"":false,""no_line_issues"":true,""too_thick"":false},""question7"":{""broken_lines"":false,""fuzzy_lines"":false,""no_line_issues"":true,""too_thick"":false},""question8"":{""broken_lines"":false,""fuzzy_lines"":false,""no_line_issues"":true,""too_thick"":false},""question9"":{""broken_lines"":false,""fuzzy_lines"":true,""no_line_issues"":false,""too_thick"":true}}]"
"334ZEL5JYYTN24NO4N52TNB0J9MSO1","35280GTXAE4NKOCBSAFNOQNW8HVVOK","Categorize images based on quality of lines and strokes.","Review 10 line-arts and judge if it has adequate outlines and internal lines. (10 pairs)","tactile, image review, accessibility, furniture and structures","$0.08","Tue Apr 14 17:44:01 PDT 2026","9","BatchId:5385437;OriginalHitTemplateId:928390873;","1800","1296000","Tue Apr 21 17:44:01 PDT 2026","","","3XUHV3NRWDCEQ51JEG254N00XYNH54","A131OURGHR3KFX","Approved","Tue Apr 14 20:28:12 PDT 2026","Tue Apr 14 20:57:16 PDT 2026","Wed Apr 29 20:57:16 PDT 2026","Sat Apr 18 19:57:19 PDT 2026","","","1744","100% (6/6)","100% (6/6)","100% (6/6)","Door","https://tactileeval.s3.us-east-1.amazonaws.com/family_datasets/Furniture_and_Structures/Door/Natural/Door_5.jpg","https://tactileeval.s3.us-east-1.amazonaws.com/family_datasets/Furniture_and_Structures/Door/Tactile/5.png","","Door","https://tactileeval.s3.us-east-1.amazonaws.com/family_datasets/Furniture_and_Structures/Door/Natural/Door_6.jpg","https://tactileeval.s3.us-east-1.amazonaws.com/family_datasets/Furniture_and_Structures/Door/Tactile/6.jpg","","Door","https://tactileeval.s3.us-east-1.amazonaws.com/family_datasets/Furniture_and_Structures/Door/Natural/Door_7.jpg","https://tactileeval.s3.us-east-1.amazonaws.com/family_datasets/Furniture_and_Structures/Door/Tactile/7.jpg","","Door","https://tactileeval.s3.us-east-1.amazonaws.com/family_datasets/Furniture_and_Structures/Door/Natural/Door_8.jpg","https://tactileeval.s3.us-east-1.amazonaws.com/family_datasets/Furniture_and_Structures/Door/Tactile/8.jpg","","Door","https://tactileeval.s3.us-east-1.amazonaws.com/family_datasets/Furniture_and_Structures/Door/Natural/Door_9.jpg","https://tactileeval.s3.us-east-1.amazonaws.com/family_datasets/Furniture_and_Structures/Door/Tactile/9.jpg","","Door","https://tactileeval.s3.us-east-1.amazonaws.com/family_datasets/Furniture_and_Structures/Door/Natural/Door_10.jpg","https://tactileeval.s3.us-east-1.amazonaws.com/family_datasets/Furniture_and_Structures/Door/Tactile/10.jpg","","Door","https://tactileeval.s3.us-east-1.amazonaws.com/family_datasets/Furniture_and_Structures/Door/Natural/Door_11.jpg","https://tactileeval.s3.us-east-1.amazonaws.com/family_datasets/Furniture_and_Structures/Door/Tactile/11.jpg","","Door","https://tactileeval.s3.us-east-1.amazonaws.com/family_datasets/Furniture_and_Structures/Door/Natural/Door_12.jpg","https://tactileeval.s3.us-east-1.amazonaws.com/family_datasets/Furniture_and_Structures/Door/Tactile/12.jpg","","Door","https://tactileeval.s3.us-east-1.amazonaws.com/family_datasets/Furniture_and_Structures/Door/Natural/Door_13.jpeg","https://tactileeval.s3.us-east-1.amazonaws.com/family_datasets/Furniture_and_Structures/Door/Tactile/13.jpg","","Hut","https://tactileeval.s3.us-east-1.amazonaws.com/family_datasets/Furniture_and_Structures/Hut/Natural/1_Hut.png","https://tactileeval.s3.us-east-1.amazonaws.com/family_datasets/Furniture_and_Structures/Hut/Tactile/1.jpg","","[{""question1"":{""broken_lines"":false,""fuzzy_lines"":false,""no_line_issues"":true,""too_thick"":false},""question10"":{""broken_lines"":false,""fuzzy_lines"":false,""no_line_issues"":true,""too_thick"":false},""question2"":{""broken_lines"":false,""fuzzy_lines"":false,""no_line_issues"":false,""too_thick"":true},""question3"":{""broken_lines"":false,""fuzzy_lines"":false,""no_line_issues"":false,""too_thick"":true},""question4"":{""broken_lines"":true,""fuzzy_lines"":true,""no_line_issues"":false,""too_thick"":false},""question5"":{""broken_lines"":false,""fuzzy_lines"":false,""no_line_issues"":true,""too_thick"":false},""question6"":{""broken_lines"":false,""fuzzy_lines"":false,""no_line_issues"":true,""too_thick"":false},""question7"":{""broken_lines"":false,""fuzzy_lines"":false,""no_line_issues"":true,""too_thick"":false},""question8"":{""broken_lines"":false,""fuzzy_lines"":false,""no_line_issues"":true,""too_thick"":false},""question9"":{""broken_lines"":false,""fuzzy_lines"":false,""no_line_issues"":true,""too_thick"":false}}]"
"334ZEL5JYYTN24NO4N52TNB0J9MSO1","35280GTXAE4NKOCBSAFNOQNW8HVVOK","Categorize images based on quality of lines and strokes.","Review 10 line-arts and judge if it has adequate outlines and internal lines. (10 pairs)","tactile, image review, accessibility, furniture and structures","$0.08","Tue Apr 14 17:44:01 PDT 2026","9","BatchId:5385437;OriginalHitTemplateId:928390873;","1800","1296000","Tue Apr 21 17:44:01 PDT 2026","","","3CTOC39K404P4FASQ9KNEKUB1577JH","A7D1G6VBRTJMJ","Approved","Sat Apr 18 20:52:52 PDT 2026","Sat Apr 18 20:56:58 PDT 2026","Sun May 03 20:56:58 PDT 2026","Sun Apr 19 07:35:34 PDT 2026","","","246","46% (11/24)","46% (11/24)","46% (11/24)","Door","https://tactileeval.s3.us-east-1.amazonaws.com/family_datasets/Furniture_and_Structures/Door/Natural/Door_5.jpg","https://tactileeval.s3.us-east-1.amazonaws.com/family_datasets/Furniture_and_Structures/Door/Tactile/5.png","","Door","https://tactileeval.s3.us-east-1.amazonaws.com/family_datasets/Furniture_and_Structures/Door/Natural/Door_6.jpg","https://tactileeval.s3.us-east-1.amazonaws.com/family_datasets/Furniture_and_Structures/Door/Tactile/6.jpg","","Door","https://tactileeval.s3.us-east-1.amazonaws.com/family_datasets/Furniture_and_Structures/Door/Natural/Door_7.jpg","https://tactileeval.s3.us-east-1.amazonaws.com/family_datasets/Furniture_and_Structures/Door/Tactile/7.jpg","","Door","https://tactileeval.s3.us-east-1.amazonaws.com/family_datasets/Furniture_and_Structures/Door/Natural/Door_8.jpg","https://tactileeval.s3.us-east-1.amazonaws.com/family_datasets/Furniture_and_Structures/Door/Tactile/8.jpg","","Door","https://tactileeval.s3.us-east-1.amazonaws.com/family_datasets/Furniture_and_Structures/Door/Natural/Door_9.jpg","https://tactileeval.s3.us-east-1.amazonaws.com/family_datasets/Furniture_and_Structures/Door/Tactile/9.jpg","","Door","https://tactileeval.s3.us-east-1.amazonaws.com/family_datasets/Furniture_and_Structures/Door/Natural/Door_10.jpg","https://tactileeval.s3.us-east-1.amazonaws.com/family_datasets/Furniture_and_Structures/Door/Tactile/10.jpg","","Door","https://tactileeval.s3.us-east-1.amazonaws.com/family_datasets/Furniture_and_Structures/Door/Natural/Door_11.jpg","https://tactileeval.s3.us-east-1.amazonaws.com/family_datasets/Furniture_and_Structures/Door/Tactile/11.jpg","","Door","https://tactileeval.s3.us-east-1.amazonaws.com/family_datasets/Furniture_and_Structures/Door/Natural/Door_12.jpg","https://tactileeval.s3.us-east-1.amazonaws.com/family_datasets/Furniture_and_Structures/Door/Tactile/12.jpg","","Door","https://tactileeval.s3.us-east-1.amazonaws.com/family_datasets/Furniture_and_Structures/Door/Natural/Door_13.jpeg","https://tactileeval.s3.us-east-1.amazonaws.com/family_datasets/Furniture_and_Structures/Door/Tactile/13.jpg","","Hut","https://tactileeval.s3.us-east-1.amazonaws.com/family_datasets/Furniture_and_Structures/Hut/Natural/1_Hut.png","https://tactileeval.s3.us-east-1.amazonaws.com/family_datasets/Furniture_and_Structures/Hut/Tactile/1.jpg","","[{""question1"":{""broken_lines"":false,""fuzzy_lines"":false,""no_line_issues"":true,""too_thick"":false},""question10"":{""broken_lines"":false,""fuzzy_lines"":false,""no_line_issues"":true,""too_thick"":false},""question2"":{""broken_lines"":true,""fuzzy_lines"":false,""no_line_issues"":false,""too_thick"":false},""question3"":{""broken_lines"":false,""fuzzy_lines"":true,""no_line_issues"":false,""too_thick"":false},""question4"":{""broken_lines"":false,""fuzzy_lines"":true,""no_line_issues"":false,""too_thick"":false},""question5"":{""broken_lines"":false,""fuzzy_lines"":false,""no_line_issues"":true,""too_thick"":false},""question6"":{""broken_lines"":false,""fuzzy_lines"":false,""no_line_issues"":true,""too_thick"":false},""question7"":{""broken_lines"":false,""fuzzy_lines"":false,""no_line_issues"":true,""too_thick"":false},""question8"":{""broken_lines"":false,""fuzzy_lines"":false,""no_line_issues"":true,""too_thick"":false},""question9"":{""broken_lines"":false,""fuzzy_lines"":false,""no_line_issues"":true,""too_thick"":false}}]"
"334ZEL5JYYTN24NO4N52TNB0J9MSO1","35280GTXAE4NKOCBSAFNOQNW8HVVOK","Categorize images based on quality of lines and strokes.","Review 10 line-arts and judge if it has adequate outlines and internal lines. (10 pairs)","tactile, image review, accessibility, furniture and structures","$0.08","Tue Apr 14 17:44:01 PDT 2026","9","BatchId:5385437;OriginalHitTemplateId:928390873;","1800","1296000","Tue Apr 21 17:44:01 PDT 2026","","","3LBXNTKX1K9UDI3AMAX8JPTW7TB9XK","A2599EZFAW93DZ","Approved","Sat Apr 18 21:08:48 PDT 2026","Sat Apr 18 21:13:55 PDT 2026","Sun May 03 21:13:55 PDT 2026","Sun Apr 19 07:35:34 PDT 2026","","","307","40% (6/15)","40% (6/15)","40% (6/15)","Door","https://tactileeval.s3.us-east-1.amazonaws.com/family_datasets/Furniture_and_Structures/Door/Natural/Door_5.jpg","https://tactileeval.s3.us-east-1.amazonaws.com/family_datasets/Furniture_and_Structures/Door/Tactile/5.png","","Door","https://tactileeval.s3.us-east-1.amazonaws.com/family_datasets/Furniture_and_Structures/Door/Natural/Door_6.jpg","https://tactileeval.s3.us-east-1.amazonaws.com/family_datasets/Furniture_and_Structures/Door/Tactile/6.jpg","","Door","https://tactileeval.s3.us-east-1.amazonaws.com/family_datasets/Furniture_and_Structures/Door/Natural/Door_7.jpg","https://tactileeval.s3.us-east-1.amazonaws.com/family_datasets/Furniture_and_Structures/Door/Tactile/7.jpg","","Door","https://tactileeval.s3.us-east-1.amazonaws.com/family_datasets/Furniture_and_Structures/Door/Natural/Door_8.jpg","https://tactileeval.s3.us-east-1.amazonaws.com/family_datasets/Furniture_and_Structures/Door/Tactile/8.jpg","","Door","https://tactileeval.s3.us-east-1.amazonaws.com/family_datasets/Furniture_and_Structures/Door/Natural/Door_9.jpg","https://tactileeval.s3.us-east-1.amazonaws.com/family_datasets/Furniture_and_Structures/Door/Tactile/9.jpg","","Door","https://tactileeval.s3.us-east-1.amazonaws.com/family_datasets/Furniture_and_Structures/Door/Natural/Door_10.jpg","https://tactileeval.s3.us-east-1.amazonaws.com/family_datasets/Furniture_and_Structures/Door/Tactile/10.jpg","","Door","https://tactileeval.s3.us-east-1.amazonaws.com/family_datasets/Furniture_and_Structures/Door/Natural/Door_11.jpg","https://tactileeval.s3.us-east-1.amazonaws.com/family_datasets/Furniture_and_Structures/Door/Tactile/11.jpg","","Door","https://tactileeval.s3.us-east-1.amazonaws.com/family_datasets/Furniture_and_Structures/Door/Natural/Door_12.jpg","https://tactileeval.s3.us-east-1.amazonaws.com/family_datasets/Furniture_and_Structures/Door/Tactile/12.jpg","","Door","https://tactileeval.s3.us-east-1.amazonaws.com/family_datasets/Furniture_and_Structures/Door/Natural/Door_13.jpeg","https://tactileeval.s3.us-east-1.amazonaws.com/family_datasets/Furniture_and_Structures/Door/Tactile/13.jpg","","Hut","https://tactileeval.s3.us-east-1.amazonaws.com/family_datasets/Furniture_and_Structures/Hut/Natural/1_Hut.png","https://tactileeval.s3.us-east-1.amazonaws.com/family_datasets/Furniture_and_Structures/Hut/Tactile/1.jpg","","[{""question1"":{""broken_lines"":false,""fuzzy_lines"":false,""no_line_issues"":true,""too_thick"":false},""question10"":{""broken_lines"":false,""fuzzy_lines"":false,""no_line_issues"":false,""too_thick"":true},""question2"":{""broken_lines"":true,""fuzzy_lines"":false,""no_line_issues"":false,""too_thick"":false},""question3"":{""broken_lines"":false,""fuzzy_lines"":true,""no_line_issues"":false,""too_thick"":false},""question4"":{""broken_lines"":false,""fuzzy_lines"":true,""no_line_issues"":false,""too_thick"":false},""question5"":{""broken_lines"":false,""fuzzy_lines"":false,""no_line_issues"":true,""too_thick"":false},""question6"":{""broken_lines"":false,""fuzzy_lines"":false,""no_line_issues"":true,""too_thick"":false},""question7"":{""broken_lines"":false,""fuzzy_lines"":false,""no_line_issues"":true,""too_thick"":false},""question8"":{""broken_lines"":false,""fuzzy_lines"":false,""no_line_issues"":true,""too_thick"":false},""question9"":{""broken_lines"":false,""fuzzy_lines"":false,""no_line_issues"":false,""too_thick"":true}}]"
"3M67TQBQR92GVLXOLY0TBXM524TA99","35280GTXAE4NKOCBSAFNOQNW8HVVOK","Categorize images based on quality of lines and strokes.","Review 10 line-arts and judge if it has adequate outlines and internal lines. (10 pairs)","tactile, image review, accessibility, furniture and structures","$0.08","Tue Apr 14 17:44:01 PDT 2026","9","BatchId:5385437;OriginalHitTemplateId:928390873;","1800","1296000","Tue Apr 21 17:44:01 PDT 2026","","","304SM51WBWI55UW8QK5HBN7UG4GSBP","A2D07SVRO4UFVL","Rejected","Tue Apr 14 18:41:13 PDT 2026","Tue Apr 14 18:42:03 PDT 2026","Wed Apr 29 18:42:03 PDT 2026","","Sat Apr 18 19:57:19 PDT 2026","Thank you for your time. Unfortunately this submission did not pass the embedded gold-standard checks; this task requires very careful attention to detail.","50","80% (35/44)","79% (33/42)","79% (33/42)","Hut","https://tactileeval.s3.us-east-1.amazonaws.com/family_datasets/Furniture_and_Structures/Hut/Natural/2_Hut.png","https://tactileeval.s3.us-east-1.amazonaws.com/family_datasets/Furniture_and_Structures/Hut/Tactile/2.png","","Hut","https://tactileeval.s3.us-east-1.amazonaws.com/family_datasets/Furniture_and_Structures/Hut/Natural/3_Hut.jpeg","https://tactileeval.s3.us-east-1.amazonaws.com/family_datasets/Furniture_and_Structures/Hut/Tactile/3.jpg","","Hut","https://tactileeval.s3.us-east-1.amazonaws.com/family_datasets/Furniture_and_Structures/Hut/Natural/4_Hut.jpeg","https://tactileeval.s3.us-east-1.amazonaws.com/family_datasets/Furniture_and_Structures/Hut/Tactile/4.jpg","","Hut","https://tactileeval.s3.us-east-1.amazonaws.com/family_datasets/Furniture_and_Structures/Hut/Natural/5_Hut.png","https://tactileeval.s3.us-east-1.amazonaws.com/family_datasets/Furniture_and_Structures/Hut/Tactile/5.jpg","","Hut","https://tactileeval.s3.us-east-1.amazonaws.com/family_datasets/Furniture_and_Structures/Hut/Natural/6_Hut.jpeg","https://tactileeval.s3.us-east-1.amazonaws.com/family_datasets/Furniture_and_Structures/Hut/Tactile/6.jpg","","Hut","https://tactileeval.s3.us-east-1.amazonaws.com/family_datasets/Furniture_and_Structures/Hut/Natural/7_Hut.png","https://tactileeval.s3.us-east-1.amazonaws.com/family_datasets/Furniture_and_Structures/Hut/Tactile/7.jpg","","Hut","https://tactileeval.s3.us-east-1.amazonaws.com/family_datasets/Furniture_and_Structures/Hut/Natural/8_Hut.jpeg","https://tactileeval.s3.us-east-1.amazonaws.com/family_datasets/Furniture_and_Structures/Hut/Tactile/8.jpg","","Hut","https://tactileeval.s3.us-east-1.amazonaws.com/family_datasets/Furniture_and_Structures/Hut/Natural/9_Hut.jpeg","https://tactileeval.s3.us-east-1.amazonaws.com/family_datasets/Furniture_and_Structures/Hut/Tactile/9.jpg","","Hut","https://tactileeval.s3.us-east-1.amazonaws.com/family_datasets/Furniture_and_Structures/Hut/Natural/10_Hut.jpeg","https://tactileeval.s3.us-east-1.amazonaws.com/family_datasets/Furniture_and_Structures/Hut/Tactile/10.jpg","","Lamp","https://tactileeval.s3.us-east-1.amazonaws.com/family_datasets/Furniture_and_Structures/Lamp/Natural/1.jpg","https://tactileeval.s3.us-east-1.amazonaws.com/family_datasets/Furniture_and_Structures/Lamp/Tactile/1.jpeg","","[{""question1"":{""broken_lines"":true,""fuzzy_lines"":false,""no_line_issues"":false,""too_thick"":false},""question10"":{""broken_lines"":true,""fuzzy_lines"":true,""no_line_issues"":false,""too_thick"":false},""question2"":{""broken_lines"":false,""fuzzy_lines"":true,""no_line_issues"":false,""too_thick"":false},""question3"":{""broken_lines"":false,""fuzzy_lines"":false,""no_line_issues"":true,""too_thick"":false},""question4"":{""broken_lines"":true,""fuzzy_lines"":false,""no_line_issues"":false,""too_thick"":true},""question5"":{""broken_lines"":false,""fuzzy_lines"":false,""no_line_issues"":false,""too_thick"":true},""question6"":{""broken_lines"":false,""fuzzy_lines"":true,""no_line_issues"":false,""too_thick"":false},""question7"":{""broken_lines"":false,""fuzzy_lines"":false,""no_line_issues"":true,""too_thick"":false},""question8"":{""broken_lines"":false,""fuzzy_lines"":false,""no_line_issues"":true,""too_thick"":false},""question9"":{""broken_lines"":false,""fuzzy_lines"":false,""no_line_issues"":false,""too_thick"":true}}]"
"3M67TQBQR92GVLXOLY0TBXM524TA99","35280GTXAE4NKOCBSAFNOQNW8HVVOK","Categorize images based on quality of lines and strokes.","Review 10 line-arts and judge if it has adequate outlines and internal lines. (10 pairs)","tactile, image review, accessibility, furniture and structures","$0.08","Tue Apr 14 17:44:01 PDT 2026","9","BatchId:5385437;OriginalHitTemplateId:928390873;","1800","1296000","Tue Apr 21 17:44:01 PDT 2026","","","3OWEPKL092QLN51D57CF7RBSAGON7V","A312G4F6TIKFFQ","Rejected","Tue Apr 14 20:00:24 PDT 2026","Tue Apr 14 20:01:32 PDT 2026","Wed Apr 29 20:01:32 PDT 2026","","Sat Apr 18 19:57:20 PDT 2026","Thank you for your time. Unfortunately this submission did not pass the embedded gold-standard checks; this task requires very careful attention to detail.","68","70% (26/37)","35% (6/17)","35% (6/17)","Hut","https://tactileeval.s3.us-east-1.amazonaws.com/family_datasets/Furniture_and_Structures/Hut/Natural/2_Hut.png","https://tactileeval.s3.us-east-1.amazonaws.com/family_datasets/Furniture_and_Structures/Hut/Tactile/2.png","","Hut","https://tactileeval.s3.us-east-1.amazonaws.com/family_datasets/Furniture_and_Structures/Hut/Natural/3_Hut.jpeg","https://tactileeval.s3.us-east-1.amazonaws.com/family_datasets/Furniture_and_Structures/Hut/Tactile/3.jpg","","Hut","https://tactileeval.s3.us-east-1.amazonaws.com/family_datasets/Furniture_and_Structures/Hut/Natural/4_Hut.jpeg","https://tactileeval.s3.us-east-1.amazonaws.com/family_datasets/Furniture_and_Structures/Hut/Tactile/4.jpg","","Hut","https://tactileeval.s3.us-east-1.amazonaws.com/family_datasets/Furniture_and_Structures/Hut/Natural/5_Hut.png","https://tactileeval.s3.us-east-1.amazonaws.com/family_datasets/Furniture_and_Structures/Hut/Tactile/5.jpg","","Hut","https://tactileeval.s3.us-east-1.amazonaws.com/family_datasets/Furniture_and_Structures/Hut/Natural/6_Hut.jpeg","https://tactileeval.s3.us-east-1.amazonaws.com/family_datasets/Furniture_and_Structures/Hut/Tactile/6.jpg","","Hut","https://tactileeval.s3.us-east-1.amazonaws.com/family_datasets/Furniture_and_Structures/Hut/Natural/7_Hut.png","https://tactileeval.s3.us-east-1.amazonaws.com/family_datasets/Furniture_and_Structures/Hut/Tactile/7.jpg","","Hut","https://tactileeval.s3.us-east-1.amazonaws.com/family_datasets/Furniture_and_Structures/Hut/Natural/8_Hut.jpeg","https://tactileeval.s3.us-east-1.amazonaws.com/family_datasets/Furniture_and_Structures/Hut/Tactile/8.jpg","","Hut","https://tactileeval.s3.us-east-1.amazonaws.com/family_datasets/Furniture_and_Structures/Hut/Natural/9_Hut.jpeg","https://tactileeval.s3.us-east-1.amazonaws.com/family_datasets/Furniture_and_Structures/Hut/Tactile/9.jpg","","Hut","https://tactileeval.s3.us-east-1.amazonaws.com/family_datasets/Furniture_and_Structures/Hut/Natural/10_Hut.jpeg","https://tactileeval.s3.us-east-1.amazonaws.com/family_datasets/Furniture_and_Structures/Hut/Tactile/10.jpg","","Lamp","https://tactileeval.s3.us-east-1.amazonaws.com/family_datasets/Furniture_and_Structures/Lamp/Natural/1.jpg","https://tactileeval.s3.us-east-1.amazonaws.com/family_datasets/Furniture_and_Structures/Lamp/Tactile/1.jpeg","","[{""question1"":{""broken_lines"":true,""fuzzy_lines"":true,""no_line_issues"":false,""too_thick"":true},""question10"":{""broken_lines"":true,""fuzzy_lines"":true,""no_line_issues"":false,""too_thick"":false},""question2"":{""broken_lines"":true,""fuzzy_lines"":false,""no_line_issues"":false,""too_thick"":false},""question3"":{""broken_lines"":false,""fuzzy_lines"":true,""no_line_issues"":false,""too_thick"":false},""question4"":{""broken_lines"":true,""fuzzy_lines"":false,""no_line_issues"":false,""too_thick"":false},""question5"":{""broken_lines"":true,""fuzzy_lines"":false,""no_line_issues"":false,""too_thick"":false},""question6"":{""broken_lines"":true,""fuzzy_lines"":true,""no_line_issues"":false,""too_thick"":false},""question7"":{""broken_lines"":false,""fuzzy_lines"":true,""no_line_issues"":false,""too_thick"":false},""question8"":{""broken_lines"":true,""fuzzy_lines"":false,""no_line_issues"":false,""too_thick"":false},""question9"":{""broken_lines"":false,""fuzzy_lines"":false,""no_line_issues"":false,""too_thick"":true}}]"
"3M67TQBQR92GVLXOLY0TBXM524TA99","35280GTXAE4NKOCBSAFNOQNW8HVVOK","Categorize images based on quality of lines and strokes.","Review 10 line-arts and judge if it has adequate outlines and internal lines. (10 pairs)","tactile, image review, accessibility, furniture and structures","$0.08","Tue Apr 14 17:44:01 PDT 2026","9","BatchId:5385437;OriginalHitTemplateId:928390873;","1800","1296000","Tue Apr 21 17:44:01 PDT 2026","","","3QUO65DNRN2531DLJU53W8PH81TUOM","A2NZLZLLAZYXJX","Approved","Tue Apr 14 20:20:19 PDT 2026","Tue Apr 14 20:22:50 PDT 2026","Wed Apr 29 20:22:50 PDT 2026","Sat Apr 18 19:57:20 PDT 2026","","","151","67% (39/58)","67% (39/58)","67% (39/58)","Hut","https://tactileeval.s3.us-east-1.amazonaws.com/family_datasets/Furniture_and_Structures/Hut/Natural/2_Hut.png","https://tactileeval.s3.us-east-1.amazonaws.com/family_datasets/Furniture_and_Structures/Hut/Tactile/2.png","","Hut","https://tactileeval.s3.us-east-1.amazonaws.com/family_datasets/Furniture_and_Structures/Hut/Natural/3_Hut.jpeg","https://tactileeval.s3.us-east-1.amazonaws.com/family_datasets/Furniture_and_Structures/Hut/Tactile/3.jpg","","Hut","https://tactileeval.s3.us-east-1.amazonaws.com/family_datasets/Furniture_and_Structures/Hut/Natural/4_Hut.jpeg","https://tactileeval.s3.us-east-1.amazonaws.com/family_datasets/Furniture_and_Structures/Hut/Tactile/4.jpg","","Hut","https://tactileeval.s3.us-east-1.amazonaws.com/family_datasets/Furniture_and_Structures/Hut/Natural/5_Hut.png","https://tactileeval.s3.us-east-1.amazonaws.com/family_datasets/Furniture_and_Structures/Hut/Tactile/5.jpg","","Hut","https://tactileeval.s3.us-east-1.amazonaws.com/family_datasets/Furniture_and_Structures/Hut/Natural/6_Hut.jpeg","https://tactileeval.s3.us-east-1.amazonaws.com/family_datasets/Furniture_and_Structures/Hut/Tactile/6.jpg","","Hut","https://tactileeval.s3.us-east-1.amazonaws.com/family_datasets/Furniture_and_Structures/Hut/Natural/7_Hut.png","https://tactileeval.s3.us-east-1.amazonaws.com/family_datasets/Furniture_and_Structures/Hut/Tactile/7.jpg","","Hut","https://tactileeval.s3.us-east-1.amazonaws.com/family_datasets/Furniture_and_Structures/Hut/Natural/8_Hut.jpeg","https://tactileeval.s3.us-east-1.amazonaws.com/family_datasets/Furniture_and_Structures/Hut/Tactile/8.jpg","","Hut","https://tactileeval.s3.us-east-1.amazonaws.com/family_datasets/Furniture_and_Structures/Hut/Natural/9_Hut.jpeg","https://tactileeval.s3.us-east-1.amazonaws.com/family_datasets/Furniture_and_Structures/Hut/Tactile/9.jpg","","Hut","https://tactileeval.s3.us-east-1.amazonaws.com/family_datasets/Furniture_and_Structures/Hut/Natural/10_Hut.jpeg","https://tactileeval.s3.us-east-1.amazonaws.com/family_datasets/Furniture_and_Structures/Hut/Tactile/10.jpg","","Lamp","https://tactileeval.s3.us-east-1.amazonaws.com/family_datasets/Furniture_and_Structures/Lamp/Natural/1.jpg","https://tactileeval.s3.us-east-1.amazonaws.com/family_datasets/Furniture_and_Structures/Lamp/Tactile/1.jpeg","","[{""question1"":{""broken_lines"":false,""fuzzy_lines"":false,""no_line_issues"":true,""too_thick"":false},""question10"":{""broken_lines"":false,""fuzzy_lines"":true,""no_line_issues"":false,""too_thick"":false},""question2"":{""broken_lines"":false,""fuzzy_lines"":false,""no_line_issues"":true,""too_thick"":false},""question3"":{""broken_lines"":false,""fuzzy_lines"":false,""no_line_issues"":true,""too_thick"":false},""question4"":{""broken_lines"":true,""fuzzy_lines"":false,""no_line_issues"":false,""too_thick"":false},""question5"":{""broken_lines"":false,""fuzzy_lines"":false,""no_line_issues"":true,""too_thick"":false},""question6"":{""broken_lines"":false,""fuzzy_lines"":true,""no_line_issues"":false,""too_thick"":false},""question7"":{""broken_lines"":false,""fuzzy_lines"":false,""no_line_issues"":true,""too_thick"":false},""question8"":{""broken_lines"":false,""fuzzy_lines"":false,""no_line_issues"":true,""too_thick"":false},""question9"":{""broken_lines"":false,""fuzzy_lines"":false,""no_line_issues"":false,""too_thick"":true}}]"
"3M67TQBQR92GVLXOLY0TBXM524TA99","35280GTXAE4NKOCBSAFNOQNW8HVVOK","Categorize images based on quality of lines and strokes.","Review 10 line-arts and judge if it has adequate outlines and internal lines. (10 pairs)","tactile, image review, accessibility, furniture and structures","$0.08","Tue Apr 14 17:44:01 PDT 2026","9","BatchId:5385437;OriginalHitTemplateId:928390873;","1800","1296000","Tue Apr 21 17:44:01 PDT 2026","","","3JAOYWH7WBIZDOML8RUK8VY90BF9LU","AZG7LNQUXYW8V","Rejected","Tue Apr 14 20:25:51 PDT 2026","Tue Apr 14 20:33:24 PDT 2026","Wed Apr 29 20:33:24 PDT 2026","","Sat Apr 18 19:57:20 PDT 2026","Thank you for your time. Unfortunately this submission did not pass the embedded gold-standard checks; this task requires very careful attention to detail.","453","58% (21/36)","58% (21/36)","58% (21/36)","Hut","https://tactileeval.s3.us-east-1.amazonaws.com/family_datasets/Furniture_and_Structures/Hut/Natural/2_Hut.png","https://tactileeval.s3.us-east-1.amazonaws.com/family_datasets/Furniture_and_Structures/Hut/Tactile/2.png","","Hut","https://tactileeval.s3.us-east-1.amazonaws.com/family_datasets/Furniture_and_Structures/Hut/Natural/3_Hut.jpeg","https://tactileeval.s3.us-east-1.amazonaws.com/family_datasets/Furniture_and_Structures/Hut/Tactile/3.jpg","","Hut","https://tactileeval.s3.us-east-1.amazonaws.com/family_datasets/Furniture_and_Structures/Hut/Natural/4_Hut.jpeg","https://tactileeval.s3.us-east-1.amazonaws.com/family_datasets/Furniture_and_Structures/Hut/Tactile/4.jpg","","Hut","https://tactileeval.s3.us-east-1.amazonaws.com/family_datasets/Furniture_and_Structures/Hut/Natural/5_Hut.png","https://tactileeval.s3.us-east-1.amazonaws.com/family_datasets/Furniture_and_Structures/Hut/Tactile/5.jpg","","Hut","https://tactileeval.s3.us-east-1.amazonaws.com/family_datasets/Furniture_and_Structures/Hut/Natural/6_Hut.jpeg","https://tactileeval.s3.us-east-1.amazonaws.com/family_datasets/Furniture_and_Structures/Hut/Tactile/6.jpg","","Hut","https://tactileeval.s3.us-east-1.amazonaws.com/family_datasets/Furniture_and_Structures/Hut/Natural/7_Hut.png","https://tactileeval.s3.us-east-1.amazonaws.com/family_datasets/Furniture_and_Structures/Hut/Tactile/7.jpg","","Hut","https://tactileeval.s3.us-east-1.amazonaws.com/family_datasets/Furniture_and_Structures/Hut/Natural/8_Hut.jpeg","https://tactileeval.s3.us-east-1.amazonaws.com/family_datasets/Furniture_and_Structures/Hut/Tactile/8.jpg","","Hut","https://tactileeval.s3.us-east-1.amazonaws.com/family_datasets/Furniture_and_Structures/Hut/Natural/9_Hut.jpeg","https://tactileeval.s3.us-east-1.amazonaws.com/family_datasets/Furniture_and_Structures/Hut/Tactile/9.jpg","","Hut","https://tactileeval.s3.us-east-1.amazonaws.com/family_datasets/Furniture_and_Structures/Hut/Natural/10_Hut.jpeg","https://tactileeval.s3.us-east-1.amazonaws.com/family_datasets/Furniture_and_Structures/Hut/Tactile/10.jpg","","Lamp","https://tactileeval.s3.us-east-1.amazonaws.com/family_datasets/Furniture_and_Structures/Lamp/Natural/1.jpg","https://tactileeval.s3.us-east-1.amazonaws.com/family_datasets/Furniture_and_Structures/Lamp/Tactile/1.jpeg","","[{""question1"":{""broken_lines"":false,""fuzzy_lines"":false,""no_line_issues"":true,""too_thick"":false},""question10"":{""broken_lines"":false,""fuzzy_lines"":true,""no_line_issues"":false,""too_thick"":false},""question2"":{""broken_lines"":true,""fuzzy_lines"":false,""no_line_issues"":false,""too_thick"":false},""question3"":{""broken_lines"":false,""fuzzy_lines"":false,""no_line_issues"":true,""too_thick"":false},""question4"":{""broken_lines"":true,""fuzzy_lines"":false,""no_line_issues"":false,""too_thick"":false},""question5"":{""broken_lines"":false,""fuzzy_lines"":false,""no_line_issues"":true,""too_thick"":false},""question6"":{""broken_lines"":false,""fuzzy_lines"":true,""no_line_issues"":false,""too_thick"":false},""question7"":{""broken_lines"":false,""fuzzy_lines"":false,""no_line_issues"":true,""too_thick"":false},""question8"":{""broken_lines"":false,""fuzzy_lines"":false,""no_line_issues"":true,""too_thick"":false},""question9"":{""broken_lines"":false,""fuzzy_lines"":false,""no_line_issues"":false,""too_thick"":true}}]"
"3M67TQBQR92GVLXOLY0TBXM524TA99","35280GTXAE4NKOCBSAFNOQNW8HVVOK","Categorize images based on quality of lines and strokes.","Review 10 line-arts and judge if it has adequate outlines and internal lines. (10 pairs)","tactile, image review, accessibility, furniture and structures","$0.08","Tue Apr 14 17:44:01 PDT 2026","9","BatchId:5385437;OriginalHitTemplateId:928390873;","1800","1296000","Tue Apr 21 17:44:01 PDT 2026","","","3FE2ERCC0QMSBW5P2869M22I0K2OPL","A1ASIOBX12Z73I","Approved","Tue Apr 14 20:26:32 PDT 2026","Tue Apr 14 20:54:00 PDT 2026","Wed Apr 29 20:54:00 PDT 2026","Sat Apr 18 19:57:19 PDT 2026","","","1648","66% (19/29)","66% (19/29)","66% (19/29)","Hut","https://tactileeval.s3.us-east-1.amazonaws.com/family_datasets/Furniture_and_Structures/Hut/Natural/2_Hut.png","https://tactileeval.s3.us-east-1.amazonaws.com/family_datasets/Furniture_and_Structures/Hut/Tactile/2.png","","Hut","https://tactileeval.s3.us-east-1.amazonaws.com/family_datasets/Furniture_and_Structures/Hut/Natural/3_Hut.jpeg","https://tactileeval.s3.us-east-1.amazonaws.com/family_datasets/Furniture_and_Structures/Hut/Tactile/3.jpg","","Hut","https://tactileeval.s3.us-east-1.amazonaws.com/family_datasets/Furniture_and_Structures/Hut/Natural/4_Hut.jpeg","https://tactileeval.s3.us-east-1.amazonaws.com/family_datasets/Furniture_and_Structures/Hut/Tactile/4.jpg","","Hut","https://tactileeval.s3.us-east-1.amazonaws.com/family_datasets/Furniture_and_Structures/Hut/Natural/5_Hut.png","https://tactileeval.s3.us-east-1.amazonaws.com/family_datasets/Furniture_and_Structures/Hut/Tactile/5.jpg","","Hut","https://tactileeval.s3.us-east-1.amazonaws.com/family_datasets/Furniture_and_Structures/Hut/Natural/6_Hut.jpeg","https://tactileeval.s3.us-east-1.amazonaws.com/family_datasets/Furniture_and_Structures/Hut/Tactile/6.jpg","","Hut","https://tactileeval.s3.us-east-1.amazonaws.com/family_datasets/Furniture_and_Structures/Hut/Natural/7_Hut.png","https://tactileeval.s3.us-east-1.amazonaws.com/family_datasets/Furniture_and_Structures/Hut/Tactile/7.jpg","","Hut","https://tactileeval.s3.us-east-1.amazonaws.com/family_datasets/Furniture_and_Structures/Hut/Natural/8_Hut.jpeg","https://tactileeval.s3.us-east-1.amazonaws.com/family_datasets/Furniture_and_Structures/Hut/Tactile/8.jpg","","Hut","https://tactileeval.s3.us-east-1.amazonaws.com/family_datasets/Furniture_and_Structures/Hut/Natural/9_Hut.jpeg","https://tactileeval.s3.us-east-1.amazonaws.com/family_datasets/Furniture_and_Structures/Hut/Tactile/9.jpg","","Hut","https://tactileeval.s3.us-east-1.amazonaws.com/family_datasets/Furniture_and_Structures/Hut/Natural/10_Hut.jpeg","https://tactileeval.s3.us-east-1.amazonaws.com/family_datasets/Furniture_and_Structures/Hut/Tactile/10.jpg","","Lamp","https://tactileeval.s3.us-east-1.amazonaws.com/family_datasets/Furniture_and_Structures/Lamp/Natural/1.jpg","https://tactileeval.s3.us-east-1.amazonaws.com/family_datasets/Furniture_and_Structures/Lamp/Tactile/1.jpeg","","[{""question1"":{""broken_lines"":false,""fuzzy_lines"":false,""no_line_issues"":true,""too_thick"":false},""question10"":{""broken_lines"":false,""fuzzy_lines"":true,""no_line_issues"":false,""too_thick"":false},""question2"":{""broken_lines"":false,""fuzzy_lines"":false,""no_line_issues"":true,""too_thick"":false},""question3"":{""broken_lines"":false,""fuzzy_lines"":false,""no_line_issues"":true,""too_thick"":false},""question4"":{""broken_lines"":true,""fuzzy_lines"":false,""no_line_issues"":false,""too_thick"":false},""question5"":{""broken_lines"":false,""fuzzy_lines"":false,""no_line_issues"":true,""too_thick"":false},""question6"":{""broken_lines"":false,""fuzzy_lines"":false,""no_line_issues"":true,""too_thick"":false},""question7"":{""broken_lines"":false,""fuzzy_lines"":false,""no_line_issues"":true,""too_thick"":false},""question8"":{""broken_lines"":false,""fuzzy_lines"":false,""no_line_issues"":true,""too_thick"":false},""question9"":{""broken_lines"":false,""fuzzy_lines"":false,""no_line_issues"":false,""too_thick"":true}}]"
"3M67TQBQR92GVLXOLY0TBXM524TA99","35280GTXAE4NKOCBSAFNOQNW8HVVOK","Categorize images based on quality of lines and strokes.","Review 10 line-arts and judge if it has adequate outlines and internal lines. (10 pairs)","tactile, image review, accessibility, furniture and structures","$0.08","Tue Apr 14 17:44:01 PDT 2026","9","BatchId:5385437;OriginalHitTemplateId:928390873;","1800","1296000","Tue Apr 21 17:44:01 PDT 2026","","","320DUZ38H008X8LTJCOHKX740Z5JGT","A26211PR4VJSYZ","Approved","Tue Apr 14 20:27:09 PDT 2026","Tue Apr 14 20:55:09 PDT 2026","Wed Apr 29 20:55:09 PDT 2026","Sat Apr 18 19:57:19 PDT 2026","","","1680","100% (6/6)","100% (6/6)","100% (6/6)","Hut","https://tactileeval.s3.us-east-1.amazonaws.com/family_datasets/Furniture_and_Structures/Hut/Natural/2_Hut.png","https://tactileeval.s3.us-east-1.amazonaws.com/family_datasets/Furniture_and_Structures/Hut/Tactile/2.png","","Hut","https://tactileeval.s3.us-east-1.amazonaws.com/family_datasets/Furniture_and_Structures/Hut/Natural/3_Hut.jpeg","https://tactileeval.s3.us-east-1.amazonaws.com/family_datasets/Furniture_and_Structures/Hut/Tactile/3.jpg","","Hut","https://tactileeval.s3.us-east-1.amazonaws.com/family_datasets/Furniture_and_Structures/Hut/Natural/4_Hut.jpeg","https://tactileeval.s3.us-east-1.amazonaws.com/family_datasets/Furniture_and_Structures/Hut/Tactile/4.jpg","","Hut","https://tactileeval.s3.us-east-1.amazonaws.com/family_datasets/Furniture_and_Structures/Hut/Natural/5_Hut.png","https://tactileeval.s3.us-east-1.amazonaws.com/family_datasets/Furniture_and_Structures/Hut/Tactile/5.jpg","","Hut","https://tactileeval.s3.us-east-1.amazonaws.com/family_datasets/Furniture_and_Structures/Hut/Natural/6_Hut.jpeg","https://tactileeval.s3.us-east-1.amazonaws.com/family_datasets/Furniture_and_Structures/Hut/Tactile/6.jpg","","Hut","https://tactileeval.s3.us-east-1.amazonaws.com/family_datasets/Furniture_and_Structures/Hut/Natural/7_Hut.png","https://tactileeval.s3.us-east-1.amazonaws.com/family_datasets/Furniture_and_Structures/Hut/Tactile/7.jpg","","Hut","https://tactileeval.s3.us-east-1.amazonaws.com/family_datasets/Furniture_and_Structures/Hut/Natural/8_Hut.jpeg","https://tactileeval.s3.us-east-1.amazonaws.com/family_datasets/Furniture_and_Structures/Hut/Tactile/8.jpg","","Hut","https://tactileeval.s3.us-east-1.amazonaws.com/family_datasets/Furniture_and_Structures/Hut/Natural/9_Hut.jpeg","https://tactileeval.s3.us-east-1.amazonaws.com/family_datasets/Furniture_and_Structures/Hut/Tactile/9.jpg","","Hut","https://tactileeval.s3.us-east-1.amazonaws.com/family_datasets/Furniture_and_Structures/Hut/Natural/10_Hut.jpeg","https://tactileeval.s3.us-east-1.amazonaws.com/family_datasets/Furniture_and_Structures/Hut/Tactile/10.jpg","","Lamp","https://tactileeval.s3.us-east-1.amazonaws.com/family_datasets/Furniture_and_Structures/Lamp/Natural/1.jpg","https://tactileeval.s3.us-east-1.amazonaws.com/family_datasets/Furniture_and_Structures/Lamp/Tactile/1.jpeg","","[{""question1"":{""broken_lines"":false,""fuzzy_lines"":false,""no_line_issues"":true,""too_thick"":false},""question10"":{""broken_lines"":false,""fuzzy_lines"":true,""no_line_issues"":false,""too_thick"":false},""question2"":{""broken_lines"":false,""fuzzy_lines"":false,""no_line_issues"":true,""too_thick"":false},""question3"":{""broken_lines"":false,""fuzzy_lines"":false,""no_line_issues"":true,""too_thick"":false},""question4"":{""broken_lines"":true,""fuzzy_lines"":false,""no_line_issues"":false,""too_thick"":false},""question5"":{""broken_lines"":false,""fuzzy_lines"":false,""no_line_issues"":true,""too_thick"":false},""question6"":{""broken_lines"":false,""fuzzy_lines"":false,""no_line_issues"":true,""too_thick"":false},""question7"":{""broken_lines"":false,""fuzzy_lines"":false,""no_line_issues"":true,""too_thick"":false},""question8"":{""broken_lines"":false,""fuzzy_lines"":false,""no_line_issues"":true,""too_thick"":false},""question9"":{""broken_lines"":false,""fuzzy_lines"":false,""no_line_issues"":false,""too_thick"":true}}]"
"3M67TQBQR92GVLXOLY0TBXM524TA99","35280GTXAE4NKOCBSAFNOQNW8HVVOK","Categorize images based on quality of lines and strokes.","Review 10 line-arts and judge if it has adequate outlines and internal lines. (10 pairs)","tactile, image review, accessibility, furniture and structures","$0.08","Tue Apr 14 17:44:01 PDT 2026","9","BatchId:5385437;OriginalHitTemplateId:928390873;","1800","1296000","Tue Apr 21 17:44:01 PDT 2026","","","3IHR8NYAN0FO73V7JOR084WDJT2P4C","A131OURGHR3KFX","Approved","Tue Apr 14 20:27:46 PDT 2026","Tue Apr 14 20:56:30 PDT 2026","Wed Apr 29 20:56:30 PDT 2026","Sat Apr 18 19:57:19 PDT 2026","","","1724","100% (6/6)","100% (6/6)","100% (6/6)","Hut","https://tactileeval.s3.us-east-1.amazonaws.com/family_datasets/Furniture_and_Structures/Hut/Natural/2_Hut.png","https://tactileeval.s3.us-east-1.amazonaws.com/family_datasets/Furniture_and_Structures/Hut/Tactile/2.png","","Hut","https://tactileeval.s3.us-east-1.amazonaws.com/family_datasets/Furniture_and_Structures/Hut/Natural/3_Hut.jpeg","https://tactileeval.s3.us-east-1.amazonaws.com/family_datasets/Furniture_and_Structures/Hut/Tactile/3.jpg","","Hut","https://tactileeval.s3.us-east-1.amazonaws.com/family_datasets/Furniture_and_Structures/Hut/Natural/4_Hut.jpeg","https://tactileeval.s3.us-east-1.amazonaws.com/family_datasets/Furniture_and_Structures/Hut/Tactile/4.jpg","","Hut","https://tactileeval.s3.us-east-1.amazonaws.com/family_datasets/Furniture_and_Structures/Hut/Natural/5_Hut.png","https://tactileeval.s3.us-east-1.amazonaws.com/family_datasets/Furniture_and_Structures/Hut/Tactile/5.jpg","","Hut","https://tactileeval.s3.us-east-1.amazonaws.com/family_datasets/Furniture_and_Structures/Hut/Natural/6_Hut.jpeg","https://tactileeval.s3.us-east-1.amazonaws.com/family_datasets/Furniture_and_Structures/Hut/Tactile/6.jpg","","Hut","https://tactileeval.s3.us-east-1.amazonaws.com/family_datasets/Furniture_and_Structures/Hut/Natural/7_Hut.png","https://tactileeval.s3.us-east-1.amazonaws.com/family_datasets/Furniture_and_Structures/Hut/Tactile/7.jpg","","Hut","https://tactileeval.s3.us-east-1.amazonaws.com/family_datasets/Furniture_and_Structures/Hut/Natural/8_Hut.jpeg","https://tactileeval.s3.us-east-1.amazonaws.com/family_datasets/Furniture_and_Structures/Hut/Tactile/8.jpg","","Hut","https://tactileeval.s3.us-east-1.amazonaws.com/family_datasets/Furniture_and_Structures/Hut/Natural/9_Hut.jpeg","https://tactileeval.s3.us-east-1.amazonaws.com/family_datasets/Furniture_and_Structures/Hut/Tactile/9.jpg","","Hut","https://tactileeval.s3.us-east-1.amazonaws.com/family_datasets/Furniture_and_Structures/Hut/Natural/10_Hut.jpeg","https://tactileeval.s3.us-east-1.amazonaws.com/family_datasets/Furniture_and_Structures/Hut/Tactile/10.jpg","","Lamp","https://tactileeval.s3.us-east-1.amazonaws.com/family_datasets/Furniture_and_Structures/Lamp/Natural/1.jpg","https://tactileeval.s3.us-east-1.amazonaws.com/family_datasets/Furniture_and_Structures/Lamp/Tactile/1.jpeg","","[{""question1"":{""broken_lines"":false,""fuzzy_lines"":false,""no_line_issues"":true,""too_thick"":false},""question10"":{""broken_lines"":false,""fuzzy_lines"":true,""no_line_issues"":false,""too_thick"":false},""question2"":{""broken_lines"":false,""fuzzy_lines"":false,""no_line_issues"":true,""too_thick"":false},""question3"":{""broken_lines"":false,""fuzzy_lines"":false,""no_line_issues"":true,""too_thick"":false},""question4"":{""broken_lines"":true,""fuzzy_lines"":false,""no_line_issues"":false,""too_thick"":false},""question5"":{""broken_lines"":false,""fuzzy_lines"":false,""no_line_issues"":true,""too_thick"":false},""question6"":{""broken_lines"":false,""fuzzy_lines"":false,""no_line_issues"":true,""too_thick"":false},""question7"":{""broken_lines"":false,""fuzzy_lines"":false,""no_line_issues"":true,""too_thick"":false},""question8"":{""broken_lines"":false,""fuzzy_lines"":false,""no_line_issues"":true,""too_thick"":false},""question9"":{""broken_lines"":false,""fuzzy_lines"":false,""no_line_issues"":false,""too_thick"":true}}]"
"3M67TQBQR92GVLXOLY0TBXM524TA99","35280GTXAE4NKOCBSAFNOQNW8HVVOK","Categorize images based on quality of lines and strokes.","Review 10 line-arts and judge if it has adequate outlines and internal lines. (10 pairs)","tactile, image review, accessibility, furniture and structures","$0.08","Tue Apr 14 17:44:01 PDT 2026","9","BatchId:5385437;OriginalHitTemplateId:928390873;","1800","1296000","Tue Apr 21 17:44:01 PDT 2026","","","3Y9N9SS8MRPU0A9DE1VMY5NIRJO3DU","A7D1G6VBRTJMJ","Approved","Sat Apr 18 20:52:50 PDT 2026","Sat Apr 18 20:56:20 PDT 2026","Sun May 03 20:56:20 PDT 2026","Sun Apr 19 07:35:34 PDT 2026","","","210","46% (11/24)","46% (11/24)","46% (11/24)","Hut","https://tactileeval.s3.us-east-1.amazonaws.com/family_datasets/Furniture_and_Structures/Hut/Natural/2_Hut.png","https://tactileeval.s3.us-east-1.amazonaws.com/family_datasets/Furniture_and_Structures/Hut/Tactile/2.png","","Hut","https://tactileeval.s3.us-east-1.amazonaws.com/family_datasets/Furniture_and_Structures/Hut/Natural/3_Hut.jpeg","https://tactileeval.s3.us-east-1.amazonaws.com/family_datasets/Furniture_and_Structures/Hut/Tactile/3.jpg","","Hut","https://tactileeval.s3.us-east-1.amazonaws.com/family_datasets/Furniture_and_Structures/Hut/Natural/4_Hut.jpeg","https://tactileeval.s3.us-east-1.amazonaws.com/family_datasets/Furniture_and_Structures/Hut/Tactile/4.jpg","","Hut","https://tactileeval.s3.us-east-1.amazonaws.com/family_datasets/Furniture_and_Structures/Hut/Natural/5_Hut.png","https://tactileeval.s3.us-east-1.amazonaws.com/family_datasets/Furniture_and_Structures/Hut/Tactile/5.jpg","","Hut","https://tactileeval.s3.us-east-1.amazonaws.com/family_datasets/Furniture_and_Structures/Hut/Natural/6_Hut.jpeg","https://tactileeval.s3.us-east-1.amazonaws.com/family_datasets/Furniture_and_Structures/Hut/Tactile/6.jpg","","Hut","https://tactileeval.s3.us-east-1.amazonaws.com/family_datasets/Furniture_and_Structures/Hut/Natural/7_Hut.png","https://tactileeval.s3.us-east-1.amazonaws.com/family_datasets/Furniture_and_Structures/Hut/Tactile/7.jpg","","Hut","https://tactileeval.s3.us-east-1.amazonaws.com/family_datasets/Furniture_and_Structures/Hut/Natural/8_Hut.jpeg","https://tactileeval.s3.us-east-1.amazonaws.com/family_datasets/Furniture_and_Structures/Hut/Tactile/8.jpg","","Hut","https://tactileeval.s3.us-east-1.amazonaws.com/family_datasets/Furniture_and_Structures/Hut/Natural/9_Hut.jpeg","https://tactileeval.s3.us-east-1.amazonaws.com/family_datasets/Furniture_and_Structures/Hut/Tactile/9.jpg","","Hut","https://tactileeval.s3.us-east-1.amazonaws.com/family_datasets/Furniture_and_Structures/Hut/Natural/10_Hut.jpeg","https://tactileeval.s3.us-east-1.amazonaws.com/family_datasets/Furniture_and_Structures/Hut/Tactile/10.jpg","","Lamp","https://tactileeval.s3.us-east-1.amazonaws.com/family_datasets/Furniture_and_Structures/Lamp/Natural/1.jpg","https://tactileeval.s3.us-east-1.amazonaws.com/family_datasets/Furniture_and_Structures/Lamp/Tactile/1.jpeg","","[{""question1"":{""broken_lines"":false,""fuzzy_lines"":false,""no_line_issues"":true,""too_thick"":false},""question10"":{""broken_lines"":true,""fuzzy_lines"":false,""no_line_issues"":false,""too_thick"":false},""question2"":{""broken_lines"":false,""fuzzy_lines"":false,""no_line_issues"":true,""too_thick"":false},""question3"":{""broken_lines"":false,""fuzzy_lines"":false,""no_line_issues"":true,""too_thick"":false},""question4"":{""broken_lines"":true,""fuzzy_lines"":false,""no_line_issues"":false,""too_thick"":false},""question5"":{""broken_lines"":false,""fuzzy_lines"":false,""no_line_issues"":true,""too_thick"":false},""question6"":{""broken_lines"":false,""fuzzy_lines"":false,""no_line_issues"":true,""too_thick"":false},""question7"":{""broken_lines"":false,""fuzzy_lines"":false,""no_line_issues"":true,""too_thick"":false},""question8"":{""broken_lines"":false,""fuzzy_lines"":false,""no_line_issues"":true,""too_thick"":false},""question9"":{""broken_lines"":false,""fuzzy_lines"":false,""no_line_issues"":false,""too_thick"":true}}]"
"3M67TQBQR92GVLXOLY0TBXM524TA99","35280GTXAE4NKOCBSAFNOQNW8HVVOK","Categorize images based on quality of lines and strokes.","Review 10 line-arts and judge if it has adequate outlines and internal lines. (10 pairs)","tactile, image review, accessibility, furniture and structures","$0.08","Tue Apr 14 17:44:01 PDT 2026","9","BatchId:5385437;OriginalHitTemplateId:928390873;","1800","1296000","Tue Apr 21 17:44:01 PDT 2026","","","3TYCR1GOU5XEJF4YCPOJLJ02FNPZL3","A2599EZFAW93DZ","Approved","Sat Apr 18 21:08:51 PDT 2026","Sat Apr 18 21:13:30 PDT 2026","Sun May 03 21:13:30 PDT 2026","Sun Apr 19 07:35:34 PDT 2026","","","279","40% (6/15)","40% (6/15)","40% (6/15)","Hut","https://tactileeval.s3.us-east-1.amazonaws.com/family_datasets/Furniture_and_Structures/Hut/Natural/2_Hut.png","https://tactileeval.s3.us-east-1.amazonaws.com/family_datasets/Furniture_and_Structures/Hut/Tactile/2.png","","Hut","https://tactileeval.s3.us-east-1.amazonaws.com/family_datasets/Furniture_and_Structures/Hut/Natural/3_Hut.jpeg","https://tactileeval.s3.us-east-1.amazonaws.com/family_datasets/Furniture_and_Structures/Hut/Tactile/3.jpg","","Hut","https://tactileeval.s3.us-east-1.amazonaws.com/family_datasets/Furniture_and_Structures/Hut/Natural/4_Hut.jpeg","https://tactileeval.s3.us-east-1.amazonaws.com/family_datasets/Furniture_and_Structures/Hut/Tactile/4.jpg","","Hut","https://tactileeval.s3.us-east-1.amazonaws.com/family_datasets/Furniture_and_Structures/Hut/Natural/5_Hut.png","https://tactileeval.s3.us-east-1.amazonaws.com/family_datasets/Furniture_and_Structures/Hut/Tactile/5.jpg","","Hut","https://tactileeval.s3.us-east-1.amazonaws.com/family_datasets/Furniture_and_Structures/Hut/Natural/6_Hut.jpeg","https://tactileeval.s3.us-east-1.amazonaws.com/family_datasets/Furniture_and_Structures/Hut/Tactile/6.jpg","","Hut","https://tactileeval.s3.us-east-1.amazonaws.com/family_datasets/Furniture_and_Structures/Hut/Natural/7_Hut.png","https://tactileeval.s3.us-east-1.amazonaws.com/family_datasets/Furniture_and_Structures/Hut/Tactile/7.jpg","","Hut","https://tactileeval.s3.us-east-1.amazonaws.com/family_datasets/Furniture_and_Structures/Hut/Natural/8_Hut.jpeg","https://tactileeval.s3.us-east-1.amazonaws.com/family_datasets/Furniture_and_Structures/Hut/Tactile/8.jpg","","Hut","https://tactileeval.s3.us-east-1.amazonaws.com/family_datasets/Furniture_and_Structures/Hut/Natural/9_Hut.jpeg","https://tactileeval.s3.us-east-1.amazonaws.com/family_datasets/Furniture_and_Structures/Hut/Tactile/9.jpg","","Hut","https://tactileeval.s3.us-east-1.amazonaws.com/family_datasets/Furniture_and_Structures/Hut/Natural/10_Hut.jpeg","https://tactileeval.s3.us-east-1.amazonaws.com/family_datasets/Furniture_and_Structures/Hut/Tactile/10.jpg","","Lamp","https://tactileeval.s3.us-east-1.amazonaws.com/family_datasets/Furniture_and_Structures/Lamp/Natural/1.jpg","https://tactileeval.s3.us-east-1.amazonaws.com/family_datasets/Furniture_and_Structures/Lamp/Tactile/1.jpeg","","[{""question1"":{""broken_lines"":false,""fuzzy_lines"":false,""no_line_issues"":false,""too_thick"":true},""question10"":{""broken_lines"":true,""fuzzy_lines"":false,""no_line_issues"":false,""too_thick"":false},""question2"":{""broken_lines"":true,""fuzzy_lines"":false,""no_line_issues"":false,""too_thick"":false},""question3"":{""broken_lines"":false,""fuzzy_lines"":false,""no_line_issues"":true,""too_thick"":false},""question4"":{""broken_lines"":true,""fuzzy_lines"":false,""no_line_issues"":false,""too_thick"":false},""question5"":{""broken_lines"":false,""fuzzy_lines"":false,""no_line_issues"":true,""too_thick"":false},""question6"":{""broken_lines"":false,""fuzzy_lines"":false,""no_line_issues"":true,""too_thick"":false},""question7"":{""broken_lines"":false,""fuzzy_lines"":false,""no_line_issues"":true,""too_thick"":false},""question8"":{""broken_lines"":false,""fuzzy_lines"":false,""no_line_issues"":true,""too_thick"":false},""question9"":{""broken_lines"":false,""fuzzy_lines"":false,""no_line_issues"":false,""too_thick"":true}}]"
"3VADEH0UI4B5N4ZPJNIHINGQTEISPI","35280GTXAE4NKOCBSAFNOQNW8HVVOK","Categorize images based on quality of lines and strokes.","Review 10 line-arts and judge if it has adequate outlines and internal lines. (10 pairs)","tactile, image review, accessibility, furniture and structures","$0.08","Tue Apr 14 17:44:01 PDT 2026","9","BatchId:5385437;OriginalHitTemplateId:928390873;","1800","1296000","Tue Apr 21 17:44:01 PDT 2026","","","37ZHEEHM7P0EJ183NOS0YDDM5ZZ37X","A312G4F6TIKFFQ","Rejected","Tue Apr 14 20:12:24 PDT 2026","Tue Apr 14 20:13:15 PDT 2026","Wed Apr 29 20:13:15 PDT 2026","","Sat Apr 18 19:57:20 PDT 2026","Thank you for your time. Unfortunately this submission did not pass the embedded gold-standard checks; this task requires very careful attention to detail.","51","70% (26/37)","35% (6/17)","35% (6/17)","Lamp","https://tactileeval.s3.us-east-1.amazonaws.com/family_datasets/Furniture_and_Structures/Lamp/Natural/2.jpg","https://tactileeval.s3.us-east-1.amazonaws.com/family_datasets/Furniture_and_Structures/Lamp/Tactile/2.jpeg","","Lamp","https://tactileeval.s3.us-east-1.amazonaws.com/family_datasets/Furniture_and_Structures/Lamp/Natural/3.jpg","https://tactileeval.s3.us-east-1.amazonaws.com/family_datasets/Furniture_and_Structures/Lamp/Tactile/3.jpeg","","Lamp","https://tactileeval.s3.us-east-1.amazonaws.com/family_datasets/Furniture_and_Structures/Lamp/Natural/4.jpg","https://tactileeval.s3.us-east-1.amazonaws.com/family_datasets/Furniture_and_Structures/Lamp/Tactile/4.jpeg","","Lamp","https://tactileeval.s3.us-east-1.amazonaws.com/family_datasets/Furniture_and_Structures/Lamp/Natural/5.jpg","https://tactileeval.s3.us-east-1.amazonaws.com/family_datasets/Furniture_and_Structures/Lamp/Tactile/5.jpeg","","Lamp","https://tactileeval.s3.us-east-1.amazonaws.com/family_datasets/Furniture_and_Structures/Lamp/Natural/6.png","https://tactileeval.s3.us-east-1.amazonaws.com/family_datasets/Furniture_and_Structures/Lamp/Tactile/6.jpeg","","Lamp","https://tactileeval.s3.us-east-1.amazonaws.com/family_datasets/Furniture_and_Structures/Lamp/Natural/7_refined.jpg","https://tactileeval.s3.us-east-1.amazonaws.com/family_datasets/Furniture_and_Structures/Lamp/Tactile/7_refined.png","","Lamp","https://tactileeval.s3.us-east-1.amazonaws.com/family_datasets/Furniture_and_Structures/Lamp/Natural/8.jpg","https://tactileeval.s3.us-east-1.amazonaws.com/family_datasets/Furniture_and_Structures/Lamp/Tactile/8.jpeg","","Lamp","https://tactileeval.s3.us-east-1.amazonaws.com/family_datasets/Furniture_and_Structures/Lamp/Natural/9.jpg","https://tactileeval.s3.us-east-1.amazonaws.com/family_datasets/Furniture_and_Structures/Lamp/Tactile/9.jpeg","","Lamp","https://tactileeval.s3.us-east-1.amazonaws.com/family_datasets/Furniture_and_Structures/Lamp/Natural/10.png","https://tactileeval.s3.us-east-1.amazonaws.com/family_datasets/Furniture_and_Structures/Lamp/Tactile/10.jpeg","","","","","","[{""question1"":{""broken_lines"":false,""fuzzy_lines"":true,""no_line_issues"":false,""too_thick"":false},""question10"":{""broken_lines"":false,""fuzzy_lines"":false,""no_line_issues"":true,""too_thick"":false},""question2"":{""broken_lines"":false,""fuzzy_lines"":true,""no_line_issues"":false,""too_thick"":false},""question3"":{""broken_lines"":false,""fuzzy_lines"":true,""no_line_issues"":false,""too_thick"":false},""question4"":{""broken_lines"":false,""fuzzy_lines"":true,""no_line_issues"":false,""too_thick"":false},""question5"":{""broken_lines"":false,""fuzzy_lines"":true,""no_line_issues"":false,""too_thick"":false},""question6"":{""broken_lines"":false,""fuzzy_lines"":false,""no_line_issues"":false,""too_thick"":true},""question7"":{""broken_lines"":true,""fuzzy_lines"":false,""no_line_issues"":false,""too_thick"":false},""question8"":{""broken_lines"":false,""fuzzy_lines"":true,""no_line_issues"":false,""too_thick"":false},""question9"":{""broken_lines"":false,""fuzzy_lines"":true,""no_line_issues"":false,""too_thick"":false}}]"
"3VADEH0UI4B5N4ZPJNIHINGQTEISPI","35280GTXAE4NKOCBSAFNOQNW8HVVOK","Categorize images based on quality of lines and strokes.","Review 10 line-arts and judge if it has adequate outlines and internal lines. (10 pairs)","tactile, image review, accessibility, furniture and structures","$0.08","Tue Apr 14 17:44:01 PDT 2026","9","BatchId:5385437;OriginalHitTemplateId:928390873;","1800","1296000","Tue Apr 21 17:44:01 PDT 2026","","","3WLEIWSYIHVMR8IWWX076GXODOW2HO","A2NZLZLLAZYXJX","Approved","Tue Apr 14 20:20:06 PDT 2026","Tue Apr 14 20:22:22 PDT 2026","Wed Apr 29 20:22:22 PDT 2026","Sat Apr 18 19:57:21 PDT 2026","","","136","67% (39/58)","67% (39/58)","67% (39/58)","Lamp","https://tactileeval.s3.us-east-1.amazonaws.com/family_datasets/Furniture_and_Structures/Lamp/Natural/2.jpg","https://tactileeval.s3.us-east-1.amazonaws.com/family_datasets/Furniture_and_Structures/Lamp/Tactile/2.jpeg","","Lamp","https://tactileeval.s3.us-east-1.amazonaws.com/family_datasets/Furniture_and_Structures/Lamp/Natural/3.jpg","https://tactileeval.s3.us-east-1.amazonaws.com/family_datasets/Furniture_and_Structures/Lamp/Tactile/3.jpeg","","Lamp","https://tactileeval.s3.us-east-1.amazonaws.com/family_datasets/Furniture_and_Structures/Lamp/Natural/4.jpg","https://tactileeval.s3.us-east-1.amazonaws.com/family_datasets/Furniture_and_Structures/Lamp/Tactile/4.jpeg","","Lamp","https://tactileeval.s3.us-east-1.amazonaws.com/family_datasets/Furniture_and_Structures/Lamp/Natural/5.jpg","https://tactileeval.s3.us-east-1.amazonaws.com/family_datasets/Furniture_and_Structures/Lamp/Tactile/5.jpeg","","Lamp","https://tactileeval.s3.us-east-1.amazonaws.com/family_datasets/Furniture_and_Structures/Lamp/Natural/6.png","https://tactileeval.s3.us-east-1.amazonaws.com/family_datasets/Furniture_and_Structures/Lamp/Tactile/6.jpeg","","Lamp","https://tactileeval.s3.us-east-1.amazonaws.com/family_datasets/Furniture_and_Structures/Lamp/Natural/7_refined.jpg","https://tactileeval.s3.us-east-1.amazonaws.com/family_datasets/Furniture_and_Structures/Lamp/Tactile/7_refined.png","","Lamp","https://tactileeval.s3.us-east-1.amazonaws.com/family_datasets/Furniture_and_Structures/Lamp/Natural/8.jpg","https://tactileeval.s3.us-east-1.amazonaws.com/family_datasets/Furniture_and_Structures/Lamp/Tactile/8.jpeg","","Lamp","https://tactileeval.s3.us-east-1.amazonaws.com/family_datasets/Furniture_and_Structures/Lamp/Natural/9.jpg","https://tactileeval.s3.us-east-1.amazonaws.com/family_datasets/Furniture_and_Structures/Lamp/Tactile/9.jpeg","","Lamp","https://tactileeval.s3.us-east-1.amazonaws.com/family_datasets/Furniture_and_Structures/Lamp/Natural/10.png","https://tactileeval.s3.us-east-1.amazonaws.com/family_datasets/Furniture_and_Structures/Lamp/Tactile/10.jpeg","","","","","","[{""question1"":{""broken_lines"":false,""fuzzy_lines"":false,""no_line_issues"":true,""too_thick"":false},""question10"":{""broken_lines"":false,""fuzzy_lines"":false,""no_line_issues"":true,""too_thick"":false},""question2"":{""broken_lines"":false,""fuzzy_lines"":false,""no_line_issues"":true,""too_thick"":false},""question3"":{""broken_lines"":false,""fuzzy_lines"":true,""no_line_issues"":false,""too_thick"":false},""question4"":{""broken_lines"":false,""fuzzy_lines"":true,""no_line_issues"":false,""too_thick"":false},""question5"":{""broken_lines"":false,""fuzzy_lines"":true,""no_line_issues"":false,""too_thick"":false},""question6"":{""broken_lines"":false,""fuzzy_lines"":false,""no_line_issues"":true,""too_thick"":false},""question7"":{""broken_lines"":false,""fuzzy_lines"":false,""no_line_issues"":true,""too_thick"":false},""question8"":{""broken_lines"":false,""fuzzy_lines"":true,""no_line_issues"":false,""too_thick"":false},""question9"":{""broken_lines"":false,""fuzzy_lines"":true,""no_line_issues"":false,""too_thick"":false}}]"
"3VADEH0UI4B5N4ZPJNIHINGQTEISPI","35280GTXAE4NKOCBSAFNOQNW8HVVOK","Categorize images based on quality of lines and strokes.","Review 10 line-arts and judge if it has adequate outlines and internal lines. (10 pairs)","tactile, image review, accessibility, furniture and structures","$0.08","Tue Apr 14 17:44:01 PDT 2026","9","BatchId:5385437;OriginalHitTemplateId:928390873;","1800","1296000","Tue Apr 21 17:44:01 PDT 2026","","","30MVJZJNIFRTIYYL56I7SGLHWMA9JS","AZG7LNQUXYW8V","Rejected","Tue Apr 14 20:25:50 PDT 2026","Tue Apr 14 20:29:31 PDT 2026","Wed Apr 29 20:29:31 PDT 2026","","Sat Apr 18 19:57:20 PDT 2026","Thank you for your time. Unfortunately this submission did not pass the embedded gold-standard checks; this task requires very careful attention to detail.","221","58% (21/36)","58% (21/36)","58% (21/36)","Lamp","https://tactileeval.s3.us-east-1.amazonaws.com/family_datasets/Furniture_and_Structures/Lamp/Natural/2.jpg","https://tactileeval.s3.us-east-1.amazonaws.com/family_datasets/Furniture_and_Structures/Lamp/Tactile/2.jpeg","","Lamp","https://tactileeval.s3.us-east-1.amazonaws.com/family_datasets/Furniture_and_Structures/Lamp/Natural/3.jpg","https://tactileeval.s3.us-east-1.amazonaws.com/family_datasets/Furniture_and_Structures/Lamp/Tactile/3.jpeg","","Lamp","https://tactileeval.s3.us-east-1.amazonaws.com/family_datasets/Furniture_and_Structures/Lamp/Natural/4.jpg","https://tactileeval.s3.us-east-1.amazonaws.com/family_datasets/Furniture_and_Structures/Lamp/Tactile/4.jpeg","","Lamp","https://tactileeval.s3.us-east-1.amazonaws.com/family_datasets/Furniture_and_Structures/Lamp/Natural/5.jpg","https://tactileeval.s3.us-east-1.amazonaws.com/family_datasets/Furniture_and_Structures/Lamp/Tactile/5.jpeg","","Lamp","https://tactileeval.s3.us-east-1.amazonaws.com/family_datasets/Furniture_and_Structures/Lamp/Natural/6.png","https://tactileeval.s3.us-east-1.amazonaws.com/family_datasets/Furniture_and_Structures/Lamp/Tactile/6.jpeg","","Lamp","https://tactileeval.s3.us-east-1.amazonaws.com/family_datasets/Furniture_and_Structures/Lamp/Natural/7_refined.jpg","https://tactileeval.s3.us-east-1.amazonaws.com/family_datasets/Furniture_and_Structures/Lamp/Tactile/7_refined.png","","Lamp","https://tactileeval.s3.us-east-1.amazonaws.com/family_datasets/Furniture_and_Structures/Lamp/Natural/8.jpg","https://tactileeval.s3.us-east-1.amazonaws.com/family_datasets/Furniture_and_Structures/Lamp/Tactile/8.jpeg","","Lamp","https://tactileeval.s3.us-east-1.amazonaws.com/family_datasets/Furniture_and_Structures/Lamp/Natural/9.jpg","https://tactileeval.s3.us-east-1.amazonaws.com/family_datasets/Furniture_and_Structures/Lamp/Tactile/9.jpeg","","Lamp","https://tactileeval.s3.us-east-1.amazonaws.com/family_datasets/Furniture_and_Structures/Lamp/Natural/10.png","https://tactileeval.s3.us-east-1.amazonaws.com/family_datasets/Furniture_and_Structures/Lamp/Tactile/10.jpeg","","","","","","[{""question1"":{""broken_lines"":false,""fuzzy_lines"":true,""no_line_issues"":false,""too_thick"":false},""question10"":{""broken_lines"":false,""fuzzy_lines"":false,""no_line_issues"":true,""too_thick"":false},""question2"":{""broken_lines"":false,""fuzzy_lines"":true,""no_line_issues"":false,""too_thick"":false},""question3"":{""broken_lines"":false,""fuzzy_lines"":true,""no_line_issues"":false,""too_thick"":false},""question4"":{""broken_lines"":false,""fuzzy_lines"":true,""no_line_issues"":false,""too_thick"":false},""question5"":{""broken_lines"":false,""fuzzy_lines"":true,""no_line_issues"":false,""too_thick"":false},""question6"":{""broken_lines"":false,""fuzzy_lines"":false,""no_line_issues"":true,""too_thick"":false},""question7"":{""broken_lines"":false,""fuzzy_lines"":false,""no_line_issues"":true,""too_thick"":false},""question8"":{""broken_lines"":false,""fuzzy_lines"":true,""no_line_issues"":false,""too_thick"":false},""question9"":{""broken_lines"":false,""fuzzy_lines"":true,""no_line_issues"":false,""too_thick"":false}}]"
"3VADEH0UI4B5N4ZPJNIHINGQTEISPI","35280GTXAE4NKOCBSAFNOQNW8HVVOK","Categorize images based on quality of lines and strokes.","Review 10 line-arts and judge if it has adequate outlines and internal lines. (10 pairs)","tactile, image review, accessibility, furniture and structures","$0.08","Tue Apr 14 17:44:01 PDT 2026","9","BatchId:5385437;OriginalHitTemplateId:928390873;","1800","1296000","Tue Apr 21 17:44:01 PDT 2026","","","37XITHEITPNCEKO1PV17WX8GCO7RCJ","A1ASIOBX12Z73I","Approved","Tue Apr 14 20:26:29 PDT 2026","Tue Apr 14 20:42:07 PDT 2026","Wed Apr 29 20:42:07 PDT 2026","Sat Apr 18 19:57:20 PDT 2026","","","938","66% (19/29)","66% (19/29)","66% (19/29)","Lamp","https://tactileeval.s3.us-east-1.amazonaws.com/family_datasets/Furniture_and_Structures/Lamp/Natural/2.jpg","https://tactileeval.s3.us-east-1.amazonaws.com/family_datasets/Furniture_and_Structures/Lamp/Tactile/2.jpeg","","Lamp","https://tactileeval.s3.us-east-1.amazonaws.com/family_datasets/Furniture_and_Structures/Lamp/Natural/3.jpg","https://tactileeval.s3.us-east-1.amazonaws.com/family_datasets/Furniture_and_Structures/Lamp/Tactile/3.jpeg","","Lamp","https://tactileeval.s3.us-east-1.amazonaws.com/family_datasets/Furniture_and_Structures/Lamp/Natural/4.jpg","https://tactileeval.s3.us-east-1.amazonaws.com/family_datasets/Furniture_and_Structures/Lamp/Tactile/4.jpeg","","Lamp","https://tactileeval.s3.us-east-1.amazonaws.com/family_datasets/Furniture_and_Structures/Lamp/Natural/5.jpg","https://tactileeval.s3.us-east-1.amazonaws.com/family_datasets/Furniture_and_Structures/Lamp/Tactile/5.jpeg","","Lamp","https://tactileeval.s3.us-east-1.amazonaws.com/family_datasets/Furniture_and_Structures/Lamp/Natural/6.png","https://tactileeval.s3.us-east-1.amazonaws.com/family_datasets/Furniture_and_Structures/Lamp/Tactile/6.jpeg","","Lamp","https://tactileeval.s3.us-east-1.amazonaws.com/family_datasets/Furniture_and_Structures/Lamp/Natural/7_refined.jpg","https://tactileeval.s3.us-east-1.amazonaws.com/family_datasets/Furniture_and_Structures/Lamp/Tactile/7_refined.png","","Lamp","https://tactileeval.s3.us-east-1.amazonaws.com/family_datasets/Furniture_and_Structures/Lamp/Natural/8.jpg","https://tactileeval.s3.us-east-1.amazonaws.com/family_datasets/Furniture_and_Structures/Lamp/Tactile/8.jpeg","","Lamp","https://tactileeval.s3.us-east-1.amazonaws.com/family_datasets/Furniture_and_Structures/Lamp/Natural/9.jpg","https://tactileeval.s3.us-east-1.amazonaws.com/family_datasets/Furniture_and_Structures/Lamp/Tactile/9.jpeg","","Lamp","https://tactileeval.s3.us-east-1.amazonaws.com/family_datasets/Furniture_and_Structures/Lamp/Natural/10.png","https://tactileeval.s3.us-east-1.amazonaws.com/family_datasets/Furniture_and_Structures/Lamp/Tactile/10.jpeg","","","","","","[{""question1"":{""broken_lines"":false,""fuzzy_lines"":true,""no_line_issues"":false,""too_thick"":false},""question10"":{""broken_lines"":false,""fuzzy_lines"":true,""no_line_issues"":false,""too_thick"":false},""question2"":{""broken_lines"":false,""fuzzy_lines"":true,""no_line_issues"":false,""too_thick"":false},""question3"":{""broken_lines"":false,""fuzzy_lines"":true,""no_line_issues"":false,""too_thick"":false},""question4"":{""broken_lines"":false,""fuzzy_lines"":true,""no_line_issues"":false,""too_thick"":false},""question5"":{""broken_lines"":false,""fuzzy_lines"":true,""no_line_issues"":false,""too_thick"":false},""question6"":{""broken_lines"":false,""fuzzy_lines"":false,""no_line_issues"":true,""too_thick"":false},""question7"":{""broken_lines"":false,""fuzzy_lines"":false,""no_line_issues"":true,""too_thick"":false},""question8"":{""broken_lines"":false,""fuzzy_lines"":true,""no_line_issues"":false,""too_thick"":false},""question9"":{""broken_lines"":false,""fuzzy_lines"":true,""no_line_issues"":false,""too_thick"":false}}]"
"3VADEH0UI4B5N4ZPJNIHINGQTEISPI","35280GTXAE4NKOCBSAFNOQNW8HVVOK","Categorize images based on quality of lines and strokes.","Review 10 line-arts and judge if it has adequate outlines and internal lines. (10 pairs)","tactile, image review, accessibility, furniture and structures","$0.08","Tue Apr 14 17:44:01 PDT 2026","9","BatchId:5385437;OriginalHitTemplateId:928390873;","1800","1296000","Tue Apr 21 17:44:01 PDT 2026","","","3TVSS0C0FUEY8X7YAB6386G1SPMTW7","A26211PR4VJSYZ","Approved","Tue Apr 14 20:27:10 PDT 2026","Tue Apr 14 20:55:20 PDT 2026","Wed Apr 29 20:55:20 PDT 2026","Sat Apr 18 19:57:20 PDT 2026","","","1690","100% (6/6)","100% (6/6)","100% (6/6)","Lamp","https://tactileeval.s3.us-east-1.amazonaws.com/family_datasets/Furniture_and_Structures/Lamp/Natural/2.jpg","https://tactileeval.s3.us-east-1.amazonaws.com/family_datasets/Furniture_and_Structures/Lamp/Tactile/2.jpeg","","Lamp","https://tactileeval.s3.us-east-1.amazonaws.com/family_datasets/Furniture_and_Structures/Lamp/Natural/3.jpg","https://tactileeval.s3.us-east-1.amazonaws.com/family_datasets/Furniture_and_Structures/Lamp/Tactile/3.jpeg","","Lamp","https://tactileeval.s3.us-east-1.amazonaws.com/family_datasets/Furniture_and_Structures/Lamp/Natural/4.jpg","https://tactileeval.s3.us-east-1.amazonaws.com/family_datasets/Furniture_and_Structures/Lamp/Tactile/4.jpeg","","Lamp","https://tactileeval.s3.us-east-1.amazonaws.com/family_datasets/Furniture_and_Structures/Lamp/Natural/5.jpg","https://tactileeval.s3.us-east-1.amazonaws.com/family_datasets/Furniture_and_Structures/Lamp/Tactile/5.jpeg","","Lamp","https://tactileeval.s3.us-east-1.amazonaws.com/family_datasets/Furniture_and_Structures/Lamp/Natural/6.png","https://tactileeval.s3.us-east-1.amazonaws.com/family_datasets/Furniture_and_Structures/Lamp/Tactile/6.jpeg","","Lamp","https://tactileeval.s3.us-east-1.amazonaws.com/family_datasets/Furniture_and_Structures/Lamp/Natural/7_refined.jpg","https://tactileeval.s3.us-east-1.amazonaws.com/family_datasets/Furniture_and_Structures/Lamp/Tactile/7_refined.png","","Lamp","https://tactileeval.s3.us-east-1.amazonaws.com/family_datasets/Furniture_and_Structures/Lamp/Natural/8.jpg","https://tactileeval.s3.us-east-1.amazonaws.com/family_datasets/Furniture_and_Structures/Lamp/Tactile/8.jpeg","","Lamp","https://tactileeval.s3.us-east-1.amazonaws.com/family_datasets/Furniture_and_Structures/Lamp/Natural/9.jpg","https://tactileeval.s3.us-east-1.amazonaws.com/family_datasets/Furniture_and_Structures/Lamp/Tactile/9.jpeg","","Lamp","https://tactileeval.s3.us-east-1.amazonaws.com/family_datasets/Furniture_and_Structures/Lamp/Natural/10.png","https://tactileeval.s3.us-east-1.amazonaws.com/family_datasets/Furniture_and_Structures/Lamp/Tactile/10.jpeg","","","","","","[{""question1"":{""broken_lines"":false,""fuzzy_lines"":false,""no_line_issues"":true,""too_thick"":false},""question10"":{""broken_lines"":false,""fuzzy_lines"":true,""no_line_issues"":false,""too_thick"":false},""question2"":{""broken_lines"":false,""fuzzy_lines"":true,""no_line_issues"":false,""too_thick"":false},""question3"":{""broken_lines"":false,""fuzzy_lines"":true,""no_line_issues"":false,""too_thick"":false},""question4"":{""broken_lines"":false,""fuzzy_lines"":true,""no_line_issues"":false,""too_thick"":false},""question5"":{""broken_lines"":false,""fuzzy_lines"":true,""no_line_issues"":false,""too_thick"":false},""question6"":{""broken_lines"":false,""fuzzy_lines"":false,""no_line_issues"":true,""too_thick"":false},""question7"":{""broken_lines"":false,""fuzzy_lines"":false,""no_line_issues"":true,""too_thick"":false},""question8"":{""broken_lines"":false,""fuzzy_lines"":true,""no_line_issues"":false,""too_thick"":false},""question9"":{""broken_lines"":false,""fuzzy_lines"":true,""no_line_issues"":false,""too_thick"":false}}]"
"3VADEH0UI4B5N4ZPJNIHINGQTEISPI","35280GTXAE4NKOCBSAFNOQNW8HVVOK","Categorize images based on quality of lines and strokes.","Review 10 line-arts and judge if it has adequate outlines and internal lines. (10 pairs)","tactile, image review, accessibility, furniture and structures","$0.08","Tue Apr 14 17:44:01 PDT 2026","9","BatchId:5385437;OriginalHitTemplateId:928390873;","1800","1296000","Tue Apr 21 17:44:01 PDT 2026","","","3NJM2BJS5PKR278MC3XIR281B6JPCP","A131OURGHR3KFX","Approved","Tue Apr 14 20:28:16 PDT 2026","Tue Apr 14 20:57:44 PDT 2026","Wed Apr 29 20:57:44 PDT 2026","Sat Apr 18 19:57:20 PDT 2026","","","1768","100% (6/6)","100% (6/6)","100% (6/6)","Lamp","https://tactileeval.s3.us-east-1.amazonaws.com/family_datasets/Furniture_and_Structures/Lamp/Natural/2.jpg","https://tactileeval.s3.us-east-1.amazonaws.com/family_datasets/Furniture_and_Structures/Lamp/Tactile/2.jpeg","","Lamp","https://tactileeval.s3.us-east-1.amazonaws.com/family_datasets/Furniture_and_Structures/Lamp/Natural/3.jpg","https://tactileeval.s3.us-east-1.amazonaws.com/family_datasets/Furniture_and_Structures/Lamp/Tactile/3.jpeg","","Lamp","https://tactileeval.s3.us-east-1.amazonaws.com/family_datasets/Furniture_and_Structures/Lamp/Natural/4.jpg","https://tactileeval.s3.us-east-1.amazonaws.com/family_datasets/Furniture_and_Structures/Lamp/Tactile/4.jpeg","","Lamp","https://tactileeval.s3.us-east-1.amazonaws.com/family_datasets/Furniture_and_Structures/Lamp/Natural/5.jpg","https://tactileeval.s3.us-east-1.amazonaws.com/family_datasets/Furniture_and_Structures/Lamp/Tactile/5.jpeg","","Lamp","https://tactileeval.s3.us-east-1.amazonaws.com/family_datasets/Furniture_and_Structures/Lamp/Natural/6.png","https://tactileeval.s3.us-east-1.amazonaws.com/family_datasets/Furniture_and_Structures/Lamp/Tactile/6.jpeg","","Lamp","https://tactileeval.s3.us-east-1.amazonaws.com/family_datasets/Furniture_and_Structures/Lamp/Natural/7_refined.jpg","https://tactileeval.s3.us-east-1.amazonaws.com/family_datasets/Furniture_and_Structures/Lamp/Tactile/7_refined.png","","Lamp","https://tactileeval.s3.us-east-1.amazonaws.com/family_datasets/Furniture_and_Structures/Lamp/Natural/8.jpg","https://tactileeval.s3.us-east-1.amazonaws.com/family_datasets/Furniture_and_Structures/Lamp/Tactile/8.jpeg","","Lamp","https://tactileeval.s3.us-east-1.amazonaws.com/family_datasets/Furniture_and_Structures/Lamp/Natural/9.jpg","https://tactileeval.s3.us-east-1.amazonaws.com/family_datasets/Furniture_and_Structures/Lamp/Tactile/9.jpeg","","Lamp","https://tactileeval.s3.us-east-1.amazonaws.com/family_datasets/Furniture_and_Structures/Lamp/Natural/10.png","https://tactileeval.s3.us-east-1.amazonaws.com/family_datasets/Furniture_and_Structures/Lamp/Tactile/10.jpeg","","","","","","[{""question1"":{""broken_lines"":false,""fuzzy_lines"":false,""no_line_issues"":true,""too_thick"":false},""question10"":{""broken_lines"":false,""fuzzy_lines"":true,""no_line_issues"":false,""too_thick"":false},""question2"":{""broken_lines"":false,""fuzzy_lines"":false,""no_line_issues"":true,""too_thick"":false},""question3"":{""broken_lines"":false,""fuzzy_lines"":true,""no_line_issues"":false,""too_thick"":false},""question4"":{""broken_lines"":false,""fuzzy_lines"":true,""no_line_issues"":false,""too_thick"":false},""question5"":{""broken_lines"":false,""fuzzy_lines"":true,""no_line_issues"":false,""too_thick"":false},""question6"":{""broken_lines"":false,""fuzzy_lines"":false,""no_line_issues"":true,""too_thick"":false},""question7"":{""broken_lines"":false,""fuzzy_lines"":false,""no_line_issues"":true,""too_thick"":false},""question8"":{""broken_lines"":false,""fuzzy_lines"":true,""no_line_issues"":false,""too_thick"":false},""question9"":{""broken_lines"":false,""fuzzy_lines"":true,""no_line_issues"":false,""too_thick"":false}}]"
"3VADEH0UI4B5N4ZPJNIHINGQTEISPI","35280GTXAE4NKOCBSAFNOQNW8HVVOK","Categorize images based on quality of lines and strokes.","Review 10 line-arts and judge if it has adequate outlines and internal lines. (10 pairs)","tactile, image review, accessibility, furniture and structures","$0.08","Tue Apr 14 17:44:01 PDT 2026","9","BatchId:5385437;OriginalHitTemplateId:928390873;","1800","1296000","Tue Apr 21 17:44:01 PDT 2026","","","3SPJ03343UH8JZ6TDIANRXE85VVJYR","A3JEBV791DHRZL","Rejected","Tue Apr 14 20:28:14 PDT 2026","Tue Apr 14 20:58:00 PDT 2026","Wed Apr 29 20:58:00 PDT 2026","","Sat Apr 18 19:57:20 PDT 2026","Thank you for your time. Unfortunately this submission did not pass the embedded gold-standard checks; this task requires very careful attention to detail.","1786","0% (0/1)","0% (0/1)","0% (0/1)","Lamp","https://tactileeval.s3.us-east-1.amazonaws.com/family_datasets/Furniture_and_Structures/Lamp/Natural/2.jpg","https://tactileeval.s3.us-east-1.amazonaws.com/family_datasets/Furniture_and_Structures/Lamp/Tactile/2.jpeg","","Lamp","https://tactileeval.s3.us-east-1.amazonaws.com/family_datasets/Furniture_and_Structures/Lamp/Natural/3.jpg","https://tactileeval.s3.us-east-1.amazonaws.com/family_datasets/Furniture_and_Structures/Lamp/Tactile/3.jpeg","","Lamp","https://tactileeval.s3.us-east-1.amazonaws.com/family_datasets/Furniture_and_Structures/Lamp/Natural/4.jpg","https://tactileeval.s3.us-east-1.amazonaws.com/family_datasets/Furniture_and_Structures/Lamp/Tactile/4.jpeg","","Lamp","https://tactileeval.s3.us-east-1.amazonaws.com/family_datasets/Furniture_and_Structures/Lamp/Natural/5.jpg","https://tactileeval.s3.us-east-1.amazonaws.com/family_datasets/Furniture_and_Structures/Lamp/Tactile/5.jpeg","","Lamp","https://tactileeval.s3.us-east-1.amazonaws.com/family_datasets/Furniture_and_Structures/Lamp/Natural/6.png","https://tactileeval.s3.us-east-1.amazonaws.com/family_datasets/Furniture_and_Structures/Lamp/Tactile/6.jpeg","","Lamp","https://tactileeval.s3.us-east-1.amazonaws.com/family_datasets/Furniture_and_Structures/Lamp/Natural/7_refined.jpg","https://tactileeval.s3.us-east-1.amazonaws.com/family_datasets/Furniture_and_Structures/Lamp/Tactile/7_refined.png","","Lamp","https://tactileeval.s3.us-east-1.amazonaws.com/family_datasets/Furniture_and_Structures/Lamp/Natural/8.jpg","https://tactileeval.s3.us-east-1.amazonaws.com/family_datasets/Furniture_and_Structures/Lamp/Tactile/8.jpeg","","Lamp","https://tactileeval.s3.us-east-1.amazonaws.com/family_datasets/Furniture_and_Structures/Lamp/Natural/9.jpg","https://tactileeval.s3.us-east-1.amazonaws.com/family_datasets/Furniture_and_Structures/Lamp/Tactile/9.jpeg","","Lamp","https://tactileeval.s3.us-east-1.amazonaws.com/family_datasets/Furniture_and_Structures/Lamp/Natural/10.png","https://tactileeval.s3.us-east-1.amazonaws.com/family_datasets/Furniture_and_Structures/Lamp/Tactile/10.jpeg","","","","","","[{""question1"":{""broken_lines"":false,""fuzzy_lines"":false,""no_line_issues"":true,""too_thick"":false},""question10"":{""broken_lines"":false,""fuzzy_lines"":true,""no_line_issues"":false,""too_thick"":false},""question2"":{""broken_lines"":false,""fuzzy_lines"":true,""no_line_issues"":false,""too_thick"":false},""question3"":{""broken_lines"":false,""fuzzy_lines"":true,""no_line_issues"":false,""too_thick"":false},""question4"":{""broken_lines"":false,""fuzzy_lines"":true,""no_line_issues"":false,""too_thick"":false},""question5"":{""broken_lines"":false,""fuzzy_lines"":true,""no_line_issues"":false,""too_thick"":false},""question6"":{""broken_lines"":false,""fuzzy_lines"":false,""no_line_issues"":true,""too_thick"":false},""question7"":{""broken_lines"":false,""fuzzy_lines"":false,""no_line_issues"":true,""too_thick"":false},""question8"":{""broken_lines"":false,""fuzzy_lines"":true,""no_line_issues"":false,""too_thick"":false},""question9"":{""broken_lines"":false,""fuzzy_lines"":true,""no_line_issues"":false,""too_thick"":false}}]"
"3VADEH0UI4B5N4ZPJNIHINGQTEISPI","35280GTXAE4NKOCBSAFNOQNW8HVVOK","Categorize images based on quality of lines and strokes.","Review 10 line-arts and judge if it has adequate outlines and internal lines. (10 pairs)","tactile, image review, accessibility, furniture and structures","$0.08","Tue Apr 14 17:44:01 PDT 2026","9","BatchId:5385437;OriginalHitTemplateId:928390873;","1800","1296000","Tue Apr 21 17:44:01 PDT 2026","","","3LRLIPTPFJN2Y1E8FXWJPQWEH2DAKA","A7D1G6VBRTJMJ","Approved","Sat Apr 18 20:52:48 PDT 2026","Sat Apr 18 20:55:38 PDT 2026","Sun May 03 20:55:38 PDT 2026","Sun Apr 19 07:35:34 PDT 2026","","","170","46% (11/24)","46% (11/24)","46% (11/24)","Lamp","https://tactileeval.s3.us-east-1.amazonaws.com/family_datasets/Furniture_and_Structures/Lamp/Natural/2.jpg","https://tactileeval.s3.us-east-1.amazonaws.com/family_datasets/Furniture_and_Structures/Lamp/Tactile/2.jpeg","","Lamp","https://tactileeval.s3.us-east-1.amazonaws.com/family_datasets/Furniture_and_Structures/Lamp/Natural/3.jpg","https://tactileeval.s3.us-east-1.amazonaws.com/family_datasets/Furniture_and_Structures/Lamp/Tactile/3.jpeg","","Lamp","https://tactileeval.s3.us-east-1.amazonaws.com/family_datasets/Furniture_and_Structures/Lamp/Natural/4.jpg","https://tactileeval.s3.us-east-1.amazonaws.com/family_datasets/Furniture_and_Structures/Lamp/Tactile/4.jpeg","","Lamp","https://tactileeval.s3.us-east-1.amazonaws.com/family_datasets/Furniture_and_Structures/Lamp/Natural/5.jpg","https://tactileeval.s3.us-east-1.amazonaws.com/family_datasets/Furniture_and_Structures/Lamp/Tactile/5.jpeg","","Lamp","https://tactileeval.s3.us-east-1.amazonaws.com/family_datasets/Furniture_and_Structures/Lamp/Natural/6.png","https://tactileeval.s3.us-east-1.amazonaws.com/family_datasets/Furniture_and_Structures/Lamp/Tactile/6.jpeg","","Lamp","https://tactileeval.s3.us-east-1.amazonaws.com/family_datasets/Furniture_and_Structures/Lamp/Natural/7_refined.jpg","https://tactileeval.s3.us-east-1.amazonaws.com/family_datasets/Furniture_and_Structures/Lamp/Tactile/7_refined.png","","Lamp","https://tactileeval.s3.us-east-1.amazonaws.com/family_datasets/Furniture_and_Structures/Lamp/Natural/8.jpg","https://tactileeval.s3.us-east-1.amazonaws.com/family_datasets/Furniture_and_Structures/Lamp/Tactile/8.jpeg","","Lamp","https://tactileeval.s3.us-east-1.amazonaws.com/family_datasets/Furniture_and_Structures/Lamp/Natural/9.jpg","https://tactileeval.s3.us-east-1.amazonaws.com/family_datasets/Furniture_and_Structures/Lamp/Tactile/9.jpeg","","Lamp","https://tactileeval.s3.us-east-1.amazonaws.com/family_datasets/Furniture_and_Structures/Lamp/Natural/10.png","https://tactileeval.s3.us-east-1.amazonaws.com/family_datasets/Furniture_and_Structures/Lamp/Tactile/10.jpeg","","","","","","[{""question1"":{""broken_lines"":false,""fuzzy_lines"":false,""no_line_issues"":true,""too_thick"":false},""question10"":{""broken_lines"":false,""fuzzy_lines"":true,""no_line_issues"":false,""too_thick"":false},""question2"":{""broken_lines"":false,""fuzzy_lines"":false,""no_line_issues"":true,""too_thick"":false},""question3"":{""broken_lines"":false,""fuzzy_lines"":false,""no_line_issues"":true,""too_thick"":false},""question4"":{""broken_lines"":false,""fuzzy_lines"":false,""no_line_issues"":true,""too_thick"":false},""question5"":{""broken_lines"":false,""fuzzy_lines"":true,""no_line_issues"":false,""too_thick"":false},""question6"":{""broken_lines"":false,""fuzzy_lines"":false,""no_line_issues"":true,""too_thick"":false},""question7"":{""broken_lines"":false,""fuzzy_lines"":false,""no_line_issues"":true,""too_thick"":false},""question8"":{""broken_lines"":false,""fuzzy_lines"":true,""no_line_issues"":false,""too_thick"":false},""question9"":{""broken_lines"":false,""fuzzy_lines"":false,""no_line_issues"":true,""too_thick"":false}}]"
"3VADEH0UI4B5N4ZPJNIHINGQTEISPI","35280GTXAE4NKOCBSAFNOQNW8HVVOK","Categorize images based on quality of lines and strokes.","Review 10 line-arts and judge if it has adequate outlines and internal lines. (10 pairs)","tactile, image review, accessibility, furniture and structures","$0.08","Tue Apr 14 17:44:01 PDT 2026","9","BatchId:5385437;OriginalHitTemplateId:928390873;","1800","1296000","Tue Apr 21 17:44:01 PDT 2026","","","3Z2R0DQ0KASA7YRU6WS1LD0BLHQ2EC","A2599EZFAW93DZ","Approved","Sat Apr 18 21:08:53 PDT 2026","Sat Apr 18 21:12:39 PDT 2026","Sun May 03 21:12:39 PDT 2026","Sun Apr 19 07:35:34 PDT 2026","","","226","40% (6/15)","40% (6/15)","40% (6/15)","Lamp","https://tactileeval.s3.us-east-1.amazonaws.com/family_datasets/Furniture_and_Structures/Lamp/Natural/2.jpg","https://tactileeval.s3.us-east-1.amazonaws.com/family_datasets/Furniture_and_Structures/Lamp/Tactile/2.jpeg","","Lamp","https://tactileeval.s3.us-east-1.amazonaws.com/family_datasets/Furniture_and_Structures/Lamp/Natural/3.jpg","https://tactileeval.s3.us-east-1.amazonaws.com/family_datasets/Furniture_and_Structures/Lamp/Tactile/3.jpeg","","Lamp","https://tactileeval.s3.us-east-1.amazonaws.com/family_datasets/Furniture_and_Structures/Lamp/Natural/4.jpg","https://tactileeval.s3.us-east-1.amazonaws.com/family_datasets/Furniture_and_Structures/Lamp/Tactile/4.jpeg","","Lamp","https://tactileeval.s3.us-east-1.amazonaws.com/family_datasets/Furniture_and_Structures/Lamp/Natural/5.jpg","https://tactileeval.s3.us-east-1.amazonaws.com/family_datasets/Furniture_and_Structures/Lamp/Tactile/5.jpeg","","Lamp","https://tactileeval.s3.us-east-1.amazonaws.com/family_datasets/Furniture_and_Structures/Lamp/Natural/6.png","https://tactileeval.s3.us-east-1.amazonaws.com/family_datasets/Furniture_and_Structures/Lamp/Tactile/6.jpeg","","Lamp","https://tactileeval.s3.us-east-1.amazonaws.com/family_datasets/Furniture_and_Structures/Lamp/Natural/7_refined.jpg","https://tactileeval.s3.us-east-1.amazonaws.com/family_datasets/Furniture_and_Structures/Lamp/Tactile/7_refined.png","","Lamp","https://tactileeval.s3.us-east-1.amazonaws.com/family_datasets/Furniture_and_Structures/Lamp/Natural/8.jpg","https://tactileeval.s3.us-east-1.amazonaws.com/family_datasets/Furniture_and_Structures/Lamp/Tactile/8.jpeg","","Lamp","https://tactileeval.s3.us-east-1.amazonaws.com/family_datasets/Furniture_and_Structures/Lamp/Natural/9.jpg","https://tactileeval.s3.us-east-1.amazonaws.com/family_datasets/Furniture_and_Structures/Lamp/Tactile/9.jpeg","","Lamp","https://tactileeval.s3.us-east-1.amazonaws.com/family_datasets/Furniture_and_Structures/Lamp/Natural/10.png","https://tactileeval.s3.us-east-1.amazonaws.com/family_datasets/Furniture_and_Structures/Lamp/Tactile/10.jpeg","","","","","","[{""question1"":{""broken_lines"":false,""fuzzy_lines"":false,""no_line_issues"":true,""too_thick"":false},""question10"":{""broken_lines"":false,""fuzzy_lines"":true,""no_line_issues"":false,""too_thick"":false},""question2"":{""broken_lines"":false,""fuzzy_lines"":true,""no_line_issues"":false,""too_thick"":false},""question3"":{""broken_lines"":false,""fuzzy_lines"":true,""no_line_issues"":false,""too_thick"":false},""question4"":{""broken_lines"":false,""fuzzy_lines"":true,""no_line_issues"":false,""too_thick"":false},""question5"":{""broken_lines"":false,""fuzzy_lines"":true,""no_line_issues"":false,""too_thick"":false},""question6"":{""broken_lines"":false,""fuzzy_lines"":false,""no_line_issues"":true,""too_thick"":false},""question7"":{""broken_lines"":false,""fuzzy_lines"":false,""no_line_issues"":true,""too_thick"":false},""question8"":{""broken_lines"":false,""fuzzy_lines"":true,""no_line_issues"":false,""too_thick"":false},""question9"":{""broken_lines"":false,""fuzzy_lines"":true,""no_line_issues"":false,""too_thick"":false}}]"