"HITId","HITTypeId","Title","Description","Keywords","Reward","CreationTime","MaxAssignments","RequesterAnnotation","AssignmentDurationInSeconds","AutoApprovalDelayInSeconds","Expiration","NumberOfSimilarHITs","LifetimeInSeconds","AssignmentId","WorkerId","AssignmentStatus","AcceptTime","SubmitTime","AutoApprovalTime","ApprovalTime","RejectionTime","RequesterFeedback","WorkTimeInSeconds","LifetimeApprovalRate","Last30DaysApprovalRate","Last7DaysApprovalRate","Input.q1_name","Input.q1_natural_url","Input.q1_tactile_url","Input.q1_answer","Input.q2_name","Input.q2_natural_url","Input.q2_tactile_url","Input.q2_answer","Input.q3_name","Input.q3_natural_url","Input.q3_tactile_url","Input.q3_answer","Input.q4_name","Input.q4_natural_url","Input.q4_tactile_url","Input.q4_answer","Input.q5_name","Input.q5_natural_url","Input.q5_tactile_url","Input.q5_answer","Input.q6_name","Input.q6_natural_url","Input.q6_tactile_url","Input.q6_answer","Input.q7_name","Input.q7_natural_url","Input.q7_tactile_url","Input.q7_answer","Input.q8_name","Input.q8_natural_url","Input.q8_tactile_url","Input.q8_answer","Input.q9_name","Input.q9_natural_url","Input.q9_tactile_url","Input.q9_answer","Input.q10_name","Input.q10_natural_url","Input.q10_tactile_url","Input.q10_answer","Answer.taskAnswers","Approve","Reject"
"344M16OZLAT4A0IU2DLKPH7GS88NEG","3J2L5QGBT1OH89RPJDNGBQLLQKL2QS","Judge if an objects line-art has missing elements (10 pairs)","Review 10  line-arts and judge if it has/hasn't missing or extra content. (10 pairs)","tactile, image review, accessibility, furniture and structures","$0.08","Tue Apr 14 17:47:17 PDT 2026","9","BatchId:5385438;OriginalHitTemplateId:928390873;","1800","1296000","Sun Apr 19 10:30:36 PDT 2026","","","35DR22AR66Y8YGEU51WYSCQA7SUX32","A2F2MA8JDO0ETG","Rejected","Tue Apr 14 23:09:59 PDT 2026","Tue Apr 14 23:17:04 PDT 2026","Wed Apr 29 23:17:04 PDT 2026","","Sat Apr 18 20:00:31 PDT 2026","Thank you for your time. Unfortunately this submission did not pass the embedded gold-standard checks; this task requires very careful attention to detail.","425","0% (0/2)","0% (0/2)","0% (0/2)","Bed","https://tactileeval.s3.us-east-1.amazonaws.com/family_datasets/Furniture_and_Structures/Bed/Natural/1.jpg","https://tactileeval.s3.us-east-1.amazonaws.com/family_datasets/Furniture_and_Structures/Bed/Tactile/1.jpeg","","Bed","https://tactileeval.s3.us-east-1.amazonaws.com/family_datasets/Furniture_and_Structures/Bed/Natural/2_Bed.jpg","https://tactileeval.s3.us-east-1.amazonaws.com/family_datasets/Furniture_and_Structures/Bed/Tactile/2.jpeg","","Bed","https://tactileeval.s3.us-east-1.amazonaws.com/family_datasets/Furniture_and_Structures/Bed/Natural/3_Bed.jpg","https://tactileeval.s3.us-east-1.amazonaws.com/family_datasets/Furniture_and_Structures/Bed/Tactile/3.jpeg","","Bed","https://tactileeval.s3.us-east-1.amazonaws.com/family_datasets/Furniture_and_Structures/Bed/Natural/4_Bed_refined.jpg","https://tactileeval.s3.us-east-1.amazonaws.com/family_datasets/Furniture_and_Structures/Bed/Tactile/4_refined.png","","Bed","https://tactileeval.s3.us-east-1.amazonaws.com/family_datasets/Furniture_and_Structures/Bed/Natural/5_Bed.jpg","https://tactileeval.s3.us-east-1.amazonaws.com/family_datasets/Furniture_and_Structures/Bed/Tactile/5.jpeg","","Bed","https://tactileeval.s3.us-east-1.amazonaws.com/family_datasets/Furniture_and_Structures/Bed/Natural/6_Bed.jpg","https://tactileeval.s3.us-east-1.amazonaws.com/family_datasets/Furniture_and_Structures/Bed/Tactile/6.jpeg","","Bed","https://tactileeval.s3.us-east-1.amazonaws.com/family_datasets/Furniture_and_Structures/Bed/Natural/7_Bed.jpg","https://tactileeval.s3.us-east-1.amazonaws.com/family_datasets/Furniture_and_Structures/Bed/Tactile/7.jpeg","","Bed","https://tactileeval.s3.us-east-1.amazonaws.com/family_datasets/Furniture_and_Structures/Bed/Natural/8_Bed.jpg","https://tactileeval.s3.us-east-1.amazonaws.com/family_datasets/Furniture_and_Structures/Bed/Tactile/8.jpeg","","Bed","https://tactileeval.s3.us-east-1.amazonaws.com/family_datasets/Furniture_and_Structures/Bed/Natural/9_Bed.jpg","https://tactileeval.s3.us-east-1.amazonaws.com/family_datasets/Furniture_and_Structures/Bed/Tactile/9.jpeg","","Bed","https://tactileeval.s3.us-east-1.amazonaws.com/family_datasets/Furniture_and_Structures/Bed/Natural/10_Bed.jpg","https://tactileeval.s3.us-east-1.amazonaws.com/family_datasets/Furniture_and_Structures/Bed/Tactile/10.jpeg","","[{""question1"":{""all_correct"":false,""extra_parts"":false,""missing_parts"":true,""wrong_location"":false},""question10"":{""all_correct"":false,""extra_parts"":false,""missing_parts"":true,""wrong_location"":false},""question2"":{""all_correct"":false,""extra_parts"":false,""missing_parts"":true,""wrong_location"":false},""question3"":{""all_correct"":false,""extra_parts"":false,""missing_parts"":true,""wrong_location"":false},""question4"":{""all_correct"":false,""extra_parts"":false,""missing_parts"":true,""wrong_location"":false},""question5"":{""all_correct"":false,""extra_parts"":false,""missing_parts"":true,""wrong_location"":false},""question6"":{""all_correct"":false,""extra_parts"":true,""missing_parts"":true,""wrong_location"":false},""question7"":{""all_correct"":true,""extra_parts"":false,""missing_parts"":false,""wrong_location"":false},""question8"":{""all_correct"":false,""extra_parts"":false,""missing_parts"":true,""wrong_location"":true},""question9"":{""all_correct"":false,""extra_parts"":false,""missing_parts"":true,""wrong_location"":false}}]"
"344M16OZLAT4A0IU2DLKPH7GS88NEG","3J2L5QGBT1OH89RPJDNGBQLLQKL2QS","Judge if an objects line-art has missing elements (10 pairs)","Review 10  line-arts and judge if it has/hasn't missing or extra content. (10 pairs)","tactile, image review, accessibility, furniture and structures","$0.08","Tue Apr 14 17:47:17 PDT 2026","9","BatchId:5385438;OriginalHitTemplateId:928390873;","1800","1296000","Sun Apr 19 10:30:36 PDT 2026","","","35LDD55583I302NXC0MOYHREB98KMQ","A284MIYRBSSI2J","Rejected","Tue Apr 14 18:50:44 PDT 2026","Tue Apr 14 19:14:40 PDT 2026","Wed Apr 29 19:14:40 PDT 2026","","Sat Apr 18 20:00:32 PDT 2026","Thank you for your time. Unfortunately this submission did not pass the embedded gold-standard checks; this task requires very careful attention to detail.","1436","62% (8/13)","62% (8/13)","62% (8/13)","Bed","https://tactileeval.s3.us-east-1.amazonaws.com/family_datasets/Furniture_and_Structures/Bed/Natural/1.jpg","https://tactileeval.s3.us-east-1.amazonaws.com/family_datasets/Furniture_and_Structures/Bed/Tactile/1.jpeg","","Bed","https://tactileeval.s3.us-east-1.amazonaws.com/family_datasets/Furniture_and_Structures/Bed/Natural/2_Bed.jpg","https://tactileeval.s3.us-east-1.amazonaws.com/family_datasets/Furniture_and_Structures/Bed/Tactile/2.jpeg","","Bed","https://tactileeval.s3.us-east-1.amazonaws.com/family_datasets/Furniture_and_Structures/Bed/Natural/3_Bed.jpg","https://tactileeval.s3.us-east-1.amazonaws.com/family_datasets/Furniture_and_Structures/Bed/Tactile/3.jpeg","","Bed","https://tactileeval.s3.us-east-1.amazonaws.com/family_datasets/Furniture_and_Structures/Bed/Natural/4_Bed_refined.jpg","https://tactileeval.s3.us-east-1.amazonaws.com/family_datasets/Furniture_and_Structures/Bed/Tactile/4_refined.png","","Bed","https://tactileeval.s3.us-east-1.amazonaws.com/family_datasets/Furniture_and_Structures/Bed/Natural/5_Bed.jpg","https://tactileeval.s3.us-east-1.amazonaws.com/family_datasets/Furniture_and_Structures/Bed/Tactile/5.jpeg","","Bed","https://tactileeval.s3.us-east-1.amazonaws.com/family_datasets/Furniture_and_Structures/Bed/Natural/6_Bed.jpg","https://tactileeval.s3.us-east-1.amazonaws.com/family_datasets/Furniture_and_Structures/Bed/Tactile/6.jpeg","","Bed","https://tactileeval.s3.us-east-1.amazonaws.com/family_datasets/Furniture_and_Structures/Bed/Natural/7_Bed.jpg","https://tactileeval.s3.us-east-1.amazonaws.com/family_datasets/Furniture_and_Structures/Bed/Tactile/7.jpeg","","Bed","https://tactileeval.s3.us-east-1.amazonaws.com/family_datasets/Furniture_and_Structures/Bed/Natural/8_Bed.jpg","https://tactileeval.s3.us-east-1.amazonaws.com/family_datasets/Furniture_and_Structures/Bed/Tactile/8.jpeg","","Bed","https://tactileeval.s3.us-east-1.amazonaws.com/family_datasets/Furniture_and_Structures/Bed/Natural/9_Bed.jpg","https://tactileeval.s3.us-east-1.amazonaws.com/family_datasets/Furniture_and_Structures/Bed/Tactile/9.jpeg","","Bed","https://tactileeval.s3.us-east-1.amazonaws.com/family_datasets/Furniture_and_Structures/Bed/Natural/10_Bed.jpg","https://tactileeval.s3.us-east-1.amazonaws.com/family_datasets/Furniture_and_Structures/Bed/Tactile/10.jpeg","","[{""question1"":{""all_correct"":false,""extra_parts"":false,""missing_parts"":true,""wrong_location"":true},""question10"":{""all_correct"":true,""extra_parts"":false,""missing_parts"":false,""wrong_location"":false},""question2"":{""all_correct"":false,""extra_parts"":false,""missing_parts"":true,""wrong_location"":false},""question3"":{""all_correct"":true,""extra_parts"":false,""missing_parts"":false,""wrong_location"":false},""question4"":{""all_correct"":false,""extra_parts"":false,""missing_parts"":true,""wrong_location"":false},""question5"":{""all_correct"":false,""extra_parts"":false,""missing_parts"":true,""wrong_location"":false},""question6"":{""all_correct"":false,""extra_parts"":true,""missing_parts"":true,""wrong_location"":false},""question7"":{""all_correct"":true,""extra_parts"":false,""missing_parts"":false,""wrong_location"":false},""question8"":{""all_correct"":false,""extra_parts"":false,""missing_parts"":true,""wrong_location"":true},""question9"":{""all_correct"":true,""extra_parts"":false,""missing_parts"":false,""wrong_location"":false}}]"
"344M16OZLAT4A0IU2DLKPH7GS88NEG","3J2L5QGBT1OH89RPJDNGBQLLQKL2QS","Judge if an objects line-art has missing elements (10 pairs)","Review 10  line-arts and judge if it has/hasn't missing or extra content. (10 pairs)","tactile, image review, accessibility, furniture and structures","$0.08","Tue Apr 14 17:47:17 PDT 2026","9","BatchId:5385438;OriginalHitTemplateId:928390873;","1800","1296000","Sun Apr 19 10:30:36 PDT 2026","","","39K0FND3BATXOPEB099Z43OI6YMAMB","A21SP66LYUNOR7","Rejected","Tue Apr 14 20:12:08 PDT 2026","Tue Apr 14 20:22:37 PDT 2026","Wed Apr 29 20:22:37 PDT 2026","","Sat Apr 18 20:00:31 PDT 2026","Thank you for your time. Unfortunately this submission did not pass the embedded gold-standard checks; this task requires very careful attention to detail.","629","74% (17/23)","74% (17/23)","74% (17/23)","Bed","https://tactileeval.s3.us-east-1.amazonaws.com/family_datasets/Furniture_and_Structures/Bed/Natural/1.jpg","https://tactileeval.s3.us-east-1.amazonaws.com/family_datasets/Furniture_and_Structures/Bed/Tactile/1.jpeg","","Bed","https://tactileeval.s3.us-east-1.amazonaws.com/family_datasets/Furniture_and_Structures/Bed/Natural/2_Bed.jpg","https://tactileeval.s3.us-east-1.amazonaws.com/family_datasets/Furniture_and_Structures/Bed/Tactile/2.jpeg","","Bed","https://tactileeval.s3.us-east-1.amazonaws.com/family_datasets/Furniture_and_Structures/Bed/Natural/3_Bed.jpg","https://tactileeval.s3.us-east-1.amazonaws.com/family_datasets/Furniture_and_Structures/Bed/Tactile/3.jpeg","","Bed","https://tactileeval.s3.us-east-1.amazonaws.com/family_datasets/Furniture_and_Structures/Bed/Natural/4_Bed_refined.jpg","https://tactileeval.s3.us-east-1.amazonaws.com/family_datasets/Furniture_and_Structures/Bed/Tactile/4_refined.png","","Bed","https://tactileeval.s3.us-east-1.amazonaws.com/family_datasets/Furniture_and_Structures/Bed/Natural/5_Bed.jpg","https://tactileeval.s3.us-east-1.amazonaws.com/family_datasets/Furniture_and_Structures/Bed/Tactile/5.jpeg","","Bed","https://tactileeval.s3.us-east-1.amazonaws.com/family_datasets/Furniture_and_Structures/Bed/Natural/6_Bed.jpg","https://tactileeval.s3.us-east-1.amazonaws.com/family_datasets/Furniture_and_Structures/Bed/Tactile/6.jpeg","","Bed","https://tactileeval.s3.us-east-1.amazonaws.com/family_datasets/Furniture_and_Structures/Bed/Natural/7_Bed.jpg","https://tactileeval.s3.us-east-1.amazonaws.com/family_datasets/Furniture_and_Structures/Bed/Tactile/7.jpeg","","Bed","https://tactileeval.s3.us-east-1.amazonaws.com/family_datasets/Furniture_and_Structures/Bed/Natural/8_Bed.jpg","https://tactileeval.s3.us-east-1.amazonaws.com/family_datasets/Furniture_and_Structures/Bed/Tactile/8.jpeg","","Bed","https://tactileeval.s3.us-east-1.amazonaws.com/family_datasets/Furniture_and_Structures/Bed/Natural/9_Bed.jpg","https://tactileeval.s3.us-east-1.amazonaws.com/family_datasets/Furniture_and_Structures/Bed/Tactile/9.jpeg","","Bed","https://tactileeval.s3.us-east-1.amazonaws.com/family_datasets/Furniture_and_Structures/Bed/Natural/10_Bed.jpg","https://tactileeval.s3.us-east-1.amazonaws.com/family_datasets/Furniture_and_Structures/Bed/Tactile/10.jpeg","","[{""question1"":{""all_correct"":false,""extra_parts"":false,""missing_parts"":true,""wrong_location"":false},""question10"":{""all_correct"":false,""extra_parts"":false,""missing_parts"":true,""wrong_location"":true},""question2"":{""all_correct"":false,""extra_parts"":false,""missing_parts"":true,""wrong_location"":false},""question3"":{""all_correct"":false,""extra_parts"":false,""missing_parts"":true,""wrong_location"":true},""question4"":{""all_correct"":false,""extra_parts"":false,""missing_parts"":true,""wrong_location"":false},""question5"":{""all_correct"":false,""extra_parts"":true,""missing_parts"":false,""wrong_location"":false},""question6"":{""all_correct"":false,""extra_parts"":true,""missing_parts"":true,""wrong_location"":true},""question7"":{""all_correct"":true,""extra_parts"":false,""missing_parts"":false,""wrong_location"":false},""question8"":{""all_correct"":false,""extra_parts"":false,""missing_parts"":true,""wrong_location"":false},""question9"":{""all_correct"":false,""extra_parts"":false,""missing_parts"":true,""wrong_location"":false}}]"
"344M16OZLAT4A0IU2DLKPH7GS88NEG","3J2L5QGBT1OH89RPJDNGBQLLQKL2QS","Judge if an objects line-art has missing elements (10 pairs)","Review 10  line-arts and judge if it has/hasn't missing or extra content. (10 pairs)","tactile, image review, accessibility, furniture and structures","$0.08","Tue Apr 14 17:47:17 PDT 2026","9","BatchId:5385438;OriginalHitTemplateId:928390873;","1800","1296000","Sun Apr 19 10:30:36 PDT 2026","","","39KFRKBFJG9MKAXQTV2SZTVU4ZOYOS","A3JE60IF6QQS2L","Approved","Sun Apr 19 10:26:22 PDT 2026","Sun Apr 19 10:29:22 PDT 2026","Mon May 04 10:29:22 PDT 2026","Sun Apr 19 10:53:06 PDT 2026","","","180","100% (6/6)","100% (6/6)","100% (6/6)","Bed","https://tactileeval.s3.us-east-1.amazonaws.com/family_datasets/Furniture_and_Structures/Bed/Natural/1.jpg","https://tactileeval.s3.us-east-1.amazonaws.com/family_datasets/Furniture_and_Structures/Bed/Tactile/1.jpeg","","Bed","https://tactileeval.s3.us-east-1.amazonaws.com/family_datasets/Furniture_and_Structures/Bed/Natural/2_Bed.jpg","https://tactileeval.s3.us-east-1.amazonaws.com/family_datasets/Furniture_and_Structures/Bed/Tactile/2.jpeg","","Bed","https://tactileeval.s3.us-east-1.amazonaws.com/family_datasets/Furniture_and_Structures/Bed/Natural/3_Bed.jpg","https://tactileeval.s3.us-east-1.amazonaws.com/family_datasets/Furniture_and_Structures/Bed/Tactile/3.jpeg","","Bed","https://tactileeval.s3.us-east-1.amazonaws.com/family_datasets/Furniture_and_Structures/Bed/Natural/4_Bed_refined.jpg","https://tactileeval.s3.us-east-1.amazonaws.com/family_datasets/Furniture_and_Structures/Bed/Tactile/4_refined.png","","Bed","https://tactileeval.s3.us-east-1.amazonaws.com/family_datasets/Furniture_and_Structures/Bed/Natural/5_Bed.jpg","https://tactileeval.s3.us-east-1.amazonaws.com/family_datasets/Furniture_and_Structures/Bed/Tactile/5.jpeg","","Bed","https://tactileeval.s3.us-east-1.amazonaws.com/family_datasets/Furniture_and_Structures/Bed/Natural/6_Bed.jpg","https://tactileeval.s3.us-east-1.amazonaws.com/family_datasets/Furniture_and_Structures/Bed/Tactile/6.jpeg","","Bed","https://tactileeval.s3.us-east-1.amazonaws.com/family_datasets/Furniture_and_Structures/Bed/Natural/7_Bed.jpg","https://tactileeval.s3.us-east-1.amazonaws.com/family_datasets/Furniture_and_Structures/Bed/Tactile/7.jpeg","","Bed","https://tactileeval.s3.us-east-1.amazonaws.com/family_datasets/Furniture_and_Structures/Bed/Natural/8_Bed.jpg","https://tactileeval.s3.us-east-1.amazonaws.com/family_datasets/Furniture_and_Structures/Bed/Tactile/8.jpeg","","Bed","https://tactileeval.s3.us-east-1.amazonaws.com/family_datasets/Furniture_and_Structures/Bed/Natural/9_Bed.jpg","https://tactileeval.s3.us-east-1.amazonaws.com/family_datasets/Furniture_and_Structures/Bed/Tactile/9.jpeg","","Bed","https://tactileeval.s3.us-east-1.amazonaws.com/family_datasets/Furniture_and_Structures/Bed/Natural/10_Bed.jpg","https://tactileeval.s3.us-east-1.amazonaws.com/family_datasets/Furniture_and_Structures/Bed/Tactile/10.jpeg","","[{""question1"":{""all_correct"":false,""extra_parts"":true,""missing_parts"":true,""wrong_location"":false},""question10"":{""all_correct"":true,""extra_parts"":false,""missing_parts"":false,""wrong_location"":false},""question2"":{""all_correct"":true,""extra_parts"":false,""missing_parts"":false,""wrong_location"":false},""question3"":{""all_correct"":false,""extra_parts"":true,""missing_parts"":true,""wrong_location"":false},""question4"":{""all_correct"":false,""extra_parts"":true,""missing_parts"":false,""wrong_location"":true},""question5"":{""all_correct"":false,""extra_parts"":true,""missing_parts"":false,""wrong_location"":false},""question6"":{""all_correct"":false,""extra_parts"":false,""missing_parts"":true,""wrong_location"":false},""question7"":{""all_correct"":false,""extra_parts"":true,""missing_parts"":false,""wrong_location"":false},""question8"":{""all_correct"":false,""extra_parts"":false,""missing_parts"":true,""wrong_location"":false},""question9"":{""all_correct"":true,""extra_parts"":false,""missing_parts"":false,""wrong_location"":false}}]"
"344M16OZLAT4A0IU2DLKPH7GS88NEG","3J2L5QGBT1OH89RPJDNGBQLLQKL2QS","Judge if an objects line-art has missing elements (10 pairs)","Review 10  line-arts and judge if it has/hasn't missing or extra content. (10 pairs)","tactile, image review, accessibility, furniture and structures","$0.08","Tue Apr 14 17:47:17 PDT 2026","9","BatchId:5385438;OriginalHitTemplateId:928390873;","1800","1296000","Sun Apr 19 10:30:36 PDT 2026","","","3E13VNJ1OG9FYIBKJBIE19OYLVWI1F","A3YMV4L5PLL2V","Rejected","Tue Apr 14 20:11:39 PDT 2026","Tue Apr 14 20:17:11 PDT 2026","Wed Apr 29 20:17:11 PDT 2026","","Sat Apr 18 20:00:32 PDT 2026","Thank you for your time. Unfortunately this submission did not pass the embedded gold-standard checks; this task requires very careful attention to detail.","332","50% (6/12)","50% (6/12)","50% (6/12)","Bed","https://tactileeval.s3.us-east-1.amazonaws.com/family_datasets/Furniture_and_Structures/Bed/Natural/1.jpg","https://tactileeval.s3.us-east-1.amazonaws.com/family_datasets/Furniture_and_Structures/Bed/Tactile/1.jpeg","","Bed","https://tactileeval.s3.us-east-1.amazonaws.com/family_datasets/Furniture_and_Structures/Bed/Natural/2_Bed.jpg","https://tactileeval.s3.us-east-1.amazonaws.com/family_datasets/Furniture_and_Structures/Bed/Tactile/2.jpeg","","Bed","https://tactileeval.s3.us-east-1.amazonaws.com/family_datasets/Furniture_and_Structures/Bed/Natural/3_Bed.jpg","https://tactileeval.s3.us-east-1.amazonaws.com/family_datasets/Furniture_and_Structures/Bed/Tactile/3.jpeg","","Bed","https://tactileeval.s3.us-east-1.amazonaws.com/family_datasets/Furniture_and_Structures/Bed/Natural/4_Bed_refined.jpg","https://tactileeval.s3.us-east-1.amazonaws.com/family_datasets/Furniture_and_Structures/Bed/Tactile/4_refined.png","","Bed","https://tactileeval.s3.us-east-1.amazonaws.com/family_datasets/Furniture_and_Structures/Bed/Natural/5_Bed.jpg","https://tactileeval.s3.us-east-1.amazonaws.com/family_datasets/Furniture_and_Structures/Bed/Tactile/5.jpeg","","Bed","https://tactileeval.s3.us-east-1.amazonaws.com/family_datasets/Furniture_and_Structures/Bed/Natural/6_Bed.jpg","https://tactileeval.s3.us-east-1.amazonaws.com/family_datasets/Furniture_and_Structures/Bed/Tactile/6.jpeg","","Bed","https://tactileeval.s3.us-east-1.amazonaws.com/family_datasets/Furniture_and_Structures/Bed/Natural/7_Bed.jpg","https://tactileeval.s3.us-east-1.amazonaws.com/family_datasets/Furniture_and_Structures/Bed/Tactile/7.jpeg","","Bed","https://tactileeval.s3.us-east-1.amazonaws.com/family_datasets/Furniture_and_Structures/Bed/Natural/8_Bed.jpg","https://tactileeval.s3.us-east-1.amazonaws.com/family_datasets/Furniture_and_Structures/Bed/Tactile/8.jpeg","","Bed","https://tactileeval.s3.us-east-1.amazonaws.com/family_datasets/Furniture_and_Structures/Bed/Natural/9_Bed.jpg","https://tactileeval.s3.us-east-1.amazonaws.com/family_datasets/Furniture_and_Structures/Bed/Tactile/9.jpeg","","Bed","https://tactileeval.s3.us-east-1.amazonaws.com/family_datasets/Furniture_and_Structures/Bed/Natural/10_Bed.jpg","https://tactileeval.s3.us-east-1.amazonaws.com/family_datasets/Furniture_and_Structures/Bed/Tactile/10.jpeg","","[{""question1"":{""all_correct"":false,""extra_parts"":false,""missing_parts"":true,""wrong_location"":true},""question10"":{""all_correct"":false,""extra_parts"":false,""missing_parts"":true,""wrong_location"":false},""question2"":{""all_correct"":false,""extra_parts"":false,""missing_parts"":true,""wrong_location"":false},""question3"":{""all_correct"":false,""extra_parts"":false,""missing_parts"":true,""wrong_location"":true},""question4"":{""all_correct"":false,""extra_parts"":false,""missing_parts"":true,""wrong_location"":false},""question5"":{""all_correct"":false,""extra_parts"":true,""missing_parts"":true,""wrong_location"":false},""question6"":{""all_correct"":false,""extra_parts"":true,""missing_parts"":true,""wrong_location"":true},""question7"":{""all_correct"":true,""extra_parts"":false,""missing_parts"":false,""wrong_location"":false},""question8"":{""all_correct"":false,""extra_parts"":false,""missing_parts"":true,""wrong_location"":true},""question9"":{""all_correct"":false,""extra_parts"":false,""missing_parts"":true,""wrong_location"":false}}]"
"344M16OZLAT4A0IU2DLKPH7GS88NEG","3J2L5QGBT1OH89RPJDNGBQLLQKL2QS","Judge if an objects line-art has missing elements (10 pairs)","Review 10  line-arts and judge if it has/hasn't missing or extra content. (10 pairs)","tactile, image review, accessibility, furniture and structures","$0.08","Tue Apr 14 17:47:17 PDT 2026","9","BatchId:5385438;OriginalHitTemplateId:928390873;","1800","1296000","Sun Apr 19 10:30:36 PDT 2026","","","3GFK2QRXY2VWNVW89FO55QANCLR5WH","A2FK6782M09EBO","Rejected","Tue Apr 14 18:47:25 PDT 2026","Tue Apr 14 18:56:51 PDT 2026","Wed Apr 29 18:56:51 PDT 2026","","Sat Apr 18 20:00:30 PDT 2026","Thank you for your time. Unfortunately this submission did not pass the embedded gold-standard checks; this task requires very careful attention to detail.","566","94% (103/109)","94% (103/109)","94% (103/109)","Bed","https://tactileeval.s3.us-east-1.amazonaws.com/family_datasets/Furniture_and_Structures/Bed/Natural/1.jpg","https://tactileeval.s3.us-east-1.amazonaws.com/family_datasets/Furniture_and_Structures/Bed/Tactile/1.jpeg","","Bed","https://tactileeval.s3.us-east-1.amazonaws.com/family_datasets/Furniture_and_Structures/Bed/Natural/2_Bed.jpg","https://tactileeval.s3.us-east-1.amazonaws.com/family_datasets/Furniture_and_Structures/Bed/Tactile/2.jpeg","","Bed","https://tactileeval.s3.us-east-1.amazonaws.com/family_datasets/Furniture_and_Structures/Bed/Natural/3_Bed.jpg","https://tactileeval.s3.us-east-1.amazonaws.com/family_datasets/Furniture_and_Structures/Bed/Tactile/3.jpeg","","Bed","https://tactileeval.s3.us-east-1.amazonaws.com/family_datasets/Furniture_and_Structures/Bed/Natural/4_Bed_refined.jpg","https://tactileeval.s3.us-east-1.amazonaws.com/family_datasets/Furniture_and_Structures/Bed/Tactile/4_refined.png","","Bed","https://tactileeval.s3.us-east-1.amazonaws.com/family_datasets/Furniture_and_Structures/Bed/Natural/5_Bed.jpg","https://tactileeval.s3.us-east-1.amazonaws.com/family_datasets/Furniture_and_Structures/Bed/Tactile/5.jpeg","","Bed","https://tactileeval.s3.us-east-1.amazonaws.com/family_datasets/Furniture_and_Structures/Bed/Natural/6_Bed.jpg","https://tactileeval.s3.us-east-1.amazonaws.com/family_datasets/Furniture_and_Structures/Bed/Tactile/6.jpeg","","Bed","https://tactileeval.s3.us-east-1.amazonaws.com/family_datasets/Furniture_and_Structures/Bed/Natural/7_Bed.jpg","https://tactileeval.s3.us-east-1.amazonaws.com/family_datasets/Furniture_and_Structures/Bed/Tactile/7.jpeg","","Bed","https://tactileeval.s3.us-east-1.amazonaws.com/family_datasets/Furniture_and_Structures/Bed/Natural/8_Bed.jpg","https://tactileeval.s3.us-east-1.amazonaws.com/family_datasets/Furniture_and_Structures/Bed/Tactile/8.jpeg","","Bed","https://tactileeval.s3.us-east-1.amazonaws.com/family_datasets/Furniture_and_Structures/Bed/Natural/9_Bed.jpg","https://tactileeval.s3.us-east-1.amazonaws.com/family_datasets/Furniture_and_Structures/Bed/Tactile/9.jpeg","","Bed","https://tactileeval.s3.us-east-1.amazonaws.com/family_datasets/Furniture_and_Structures/Bed/Natural/10_Bed.jpg","https://tactileeval.s3.us-east-1.amazonaws.com/family_datasets/Furniture_and_Structures/Bed/Tactile/10.jpeg","","[{""question1"":{""all_correct"":false,""extra_parts"":false,""missing_parts"":true,""wrong_location"":false},""question10"":{""all_correct"":false,""extra_parts"":true,""missing_parts"":false,""wrong_location"":false},""question2"":{""all_correct"":true,""extra_parts"":false,""missing_parts"":false,""wrong_location"":false},""question3"":{""all_correct"":false,""extra_parts"":false,""missing_parts"":false,""wrong_location"":true},""question4"":{""all_correct"":true,""extra_parts"":false,""missing_parts"":false,""wrong_location"":false},""question5"":{""all_correct"":true,""extra_parts"":false,""missing_parts"":false,""wrong_location"":false},""question6"":{""all_correct"":false,""extra_parts"":false,""missing_parts"":true,""wrong_location"":false},""question7"":{""all_correct"":false,""extra_parts"":true,""missing_parts"":false,""wrong_location"":false},""question8"":{""all_correct"":true,""extra_parts"":false,""missing_parts"":false,""wrong_location"":false},""question9"":{""all_correct"":false,""extra_parts"":false,""missing_parts"":true,""wrong_location"":false}}]"
"344M16OZLAT4A0IU2DLKPH7GS88NEG","3J2L5QGBT1OH89RPJDNGBQLLQKL2QS","Judge if an objects line-art has missing elements (10 pairs)","Review 10  line-arts and judge if it has/hasn't missing or extra content. (10 pairs)","tactile, image review, accessibility, furniture and structures","$0.08","Tue Apr 14 17:47:17 PDT 2026","9","BatchId:5385438;OriginalHitTemplateId:928390873;","1800","1296000","Sun Apr 19 10:30:36 PDT 2026","","","3LEP4MGT49EZ35DQTUASGOLUF17BDF","ASD3A849JVVRZ","Approved","Tue Apr 14 18:50:31 PDT 2026","Tue Apr 14 19:02:19 PDT 2026","Wed Apr 29 19:02:19 PDT 2026","Sat Apr 18 20:00:32 PDT 2026","","","708","82% (23/28)","82% (23/28)","82% (23/28)","Bed","https://tactileeval.s3.us-east-1.amazonaws.com/family_datasets/Furniture_and_Structures/Bed/Natural/1.jpg","https://tactileeval.s3.us-east-1.amazonaws.com/family_datasets/Furniture_and_Structures/Bed/Tactile/1.jpeg","","Bed","https://tactileeval.s3.us-east-1.amazonaws.com/family_datasets/Furniture_and_Structures/Bed/Natural/2_Bed.jpg","https://tactileeval.s3.us-east-1.amazonaws.com/family_datasets/Furniture_and_Structures/Bed/Tactile/2.jpeg","","Bed","https://tactileeval.s3.us-east-1.amazonaws.com/family_datasets/Furniture_and_Structures/Bed/Natural/3_Bed.jpg","https://tactileeval.s3.us-east-1.amazonaws.com/family_datasets/Furniture_and_Structures/Bed/Tactile/3.jpeg","","Bed","https://tactileeval.s3.us-east-1.amazonaws.com/family_datasets/Furniture_and_Structures/Bed/Natural/4_Bed_refined.jpg","https://tactileeval.s3.us-east-1.amazonaws.com/family_datasets/Furniture_and_Structures/Bed/Tactile/4_refined.png","","Bed","https://tactileeval.s3.us-east-1.amazonaws.com/family_datasets/Furniture_and_Structures/Bed/Natural/5_Bed.jpg","https://tactileeval.s3.us-east-1.amazonaws.com/family_datasets/Furniture_and_Structures/Bed/Tactile/5.jpeg","","Bed","https://tactileeval.s3.us-east-1.amazonaws.com/family_datasets/Furniture_and_Structures/Bed/Natural/6_Bed.jpg","https://tactileeval.s3.us-east-1.amazonaws.com/family_datasets/Furniture_and_Structures/Bed/Tactile/6.jpeg","","Bed","https://tactileeval.s3.us-east-1.amazonaws.com/family_datasets/Furniture_and_Structures/Bed/Natural/7_Bed.jpg","https://tactileeval.s3.us-east-1.amazonaws.com/family_datasets/Furniture_and_Structures/Bed/Tactile/7.jpeg","","Bed","https://tactileeval.s3.us-east-1.amazonaws.com/family_datasets/Furniture_and_Structures/Bed/Natural/8_Bed.jpg","https://tactileeval.s3.us-east-1.amazonaws.com/family_datasets/Furniture_and_Structures/Bed/Tactile/8.jpeg","","Bed","https://tactileeval.s3.us-east-1.amazonaws.com/family_datasets/Furniture_and_Structures/Bed/Natural/9_Bed.jpg","https://tactileeval.s3.us-east-1.amazonaws.com/family_datasets/Furniture_and_Structures/Bed/Tactile/9.jpeg","","Bed","https://tactileeval.s3.us-east-1.amazonaws.com/family_datasets/Furniture_and_Structures/Bed/Natural/10_Bed.jpg","https://tactileeval.s3.us-east-1.amazonaws.com/family_datasets/Furniture_and_Structures/Bed/Tactile/10.jpeg","","[{""question1"":{""all_correct"":false,""extra_parts"":false,""missing_parts"":true,""wrong_location"":true},""question10"":{""all_correct"":true,""extra_parts"":false,""missing_parts"":false,""wrong_location"":false},""question2"":{""all_correct"":false,""extra_parts"":false,""missing_parts"":true,""wrong_location"":false},""question3"":{""all_correct"":true,""extra_parts"":false,""missing_parts"":false,""wrong_location"":false},""question4"":{""all_correct"":false,""extra_parts"":true,""missing_parts"":false,""wrong_location"":false},""question5"":{""all_correct"":false,""extra_parts"":false,""missing_parts"":true,""wrong_location"":false},""question6"":{""all_correct"":false,""extra_parts"":true,""missing_parts"":true,""wrong_location"":false},""question7"":{""all_correct"":true,""extra_parts"":false,""missing_parts"":false,""wrong_location"":false},""question8"":{""all_correct"":false,""extra_parts"":false,""missing_parts"":true,""wrong_location"":false},""question9"":{""all_correct"":true,""extra_parts"":false,""missing_parts"":false,""wrong_location"":false}}]"
"344M16OZLAT4A0IU2DLKPH7GS88NEG","3J2L5QGBT1OH89RPJDNGBQLLQKL2QS","Judge if an objects line-art has missing elements (10 pairs)","Review 10  line-arts and judge if it has/hasn't missing or extra content. (10 pairs)","tactile, image review, accessibility, furniture and structures","$0.08","Tue Apr 14 17:47:17 PDT 2026","9","BatchId:5385438;OriginalHitTemplateId:928390873;","1800","1296000","Sun Apr 19 10:30:36 PDT 2026","","","3U5NZHP4MKGIJFJ2YVBJ2T5HOZLPHX","A1UAC2OZSP7WZG","Approved","Wed Apr 15 03:00:39 PDT 2026","Wed Apr 15 03:11:32 PDT 2026","Thu Apr 30 03:11:32 PDT 2026","Sat Apr 18 20:00:32 PDT 2026","","","653","100% (64/64)","100% (1/1)","100% (1/1)","Bed","https://tactileeval.s3.us-east-1.amazonaws.com/family_datasets/Furniture_and_Structures/Bed/Natural/1.jpg","https://tactileeval.s3.us-east-1.amazonaws.com/family_datasets/Furniture_and_Structures/Bed/Tactile/1.jpeg","","Bed","https://tactileeval.s3.us-east-1.amazonaws.com/family_datasets/Furniture_and_Structures/Bed/Natural/2_Bed.jpg","https://tactileeval.s3.us-east-1.amazonaws.com/family_datasets/Furniture_and_Structures/Bed/Tactile/2.jpeg","","Bed","https://tactileeval.s3.us-east-1.amazonaws.com/family_datasets/Furniture_and_Structures/Bed/Natural/3_Bed.jpg","https://tactileeval.s3.us-east-1.amazonaws.com/family_datasets/Furniture_and_Structures/Bed/Tactile/3.jpeg","","Bed","https://tactileeval.s3.us-east-1.amazonaws.com/family_datasets/Furniture_and_Structures/Bed/Natural/4_Bed_refined.jpg","https://tactileeval.s3.us-east-1.amazonaws.com/family_datasets/Furniture_and_Structures/Bed/Tactile/4_refined.png","","Bed","https://tactileeval.s3.us-east-1.amazonaws.com/family_datasets/Furniture_and_Structures/Bed/Natural/5_Bed.jpg","https://tactileeval.s3.us-east-1.amazonaws.com/family_datasets/Furniture_and_Structures/Bed/Tactile/5.jpeg","","Bed","https://tactileeval.s3.us-east-1.amazonaws.com/family_datasets/Furniture_and_Structures/Bed/Natural/6_Bed.jpg","https://tactileeval.s3.us-east-1.amazonaws.com/family_datasets/Furniture_and_Structures/Bed/Tactile/6.jpeg","","Bed","https://tactileeval.s3.us-east-1.amazonaws.com/family_datasets/Furniture_and_Structures/Bed/Natural/7_Bed.jpg","https://tactileeval.s3.us-east-1.amazonaws.com/family_datasets/Furniture_and_Structures/Bed/Tactile/7.jpeg","","Bed","https://tactileeval.s3.us-east-1.amazonaws.com/family_datasets/Furniture_and_Structures/Bed/Natural/8_Bed.jpg","https://tactileeval.s3.us-east-1.amazonaws.com/family_datasets/Furniture_and_Structures/Bed/Tactile/8.jpeg","","Bed","https://tactileeval.s3.us-east-1.amazonaws.com/family_datasets/Furniture_and_Structures/Bed/Natural/9_Bed.jpg","https://tactileeval.s3.us-east-1.amazonaws.com/family_datasets/Furniture_and_Structures/Bed/Tactile/9.jpeg","","Bed","https://tactileeval.s3.us-east-1.amazonaws.com/family_datasets/Furniture_and_Structures/Bed/Natural/10_Bed.jpg","https://tactileeval.s3.us-east-1.amazonaws.com/family_datasets/Furniture_and_Structures/Bed/Tactile/10.jpeg","","[{""question1"":{""all_correct"":false,""extra_parts"":false,""missing_parts"":true,""wrong_location"":false},""question10"":{""all_correct"":true,""extra_parts"":false,""missing_parts"":false,""wrong_location"":false},""question2"":{""all_correct"":false,""extra_parts"":false,""missing_parts"":true,""wrong_location"":false},""question3"":{""all_correct"":false,""extra_parts"":false,""missing_parts"":true,""wrong_location"":true},""question4"":{""all_correct"":false,""extra_parts"":true,""missing_parts"":false,""wrong_location"":true},""question5"":{""all_correct"":true,""extra_parts"":false,""missing_parts"":false,""wrong_location"":false},""question6"":{""all_correct"":false,""extra_parts"":false,""missing_parts"":true,""wrong_location"":false},""question7"":{""all_correct"":true,""extra_parts"":false,""missing_parts"":false,""wrong_location"":false},""question8"":{""all_correct"":false,""extra_parts"":false,""missing_parts"":true,""wrong_location"":false},""question9"":{""all_correct"":true,""extra_parts"":false,""missing_parts"":false,""wrong_location"":false}}]"
"3JHB4BPSGCN8I145AUXF1X1A6MFQ9W","3J2L5QGBT1OH89RPJDNGBQLLQKL2QS","Judge if an objects line-art has missing elements (10 pairs)","Review 10  line-arts and judge if it has/hasn't missing or extra content. (10 pairs)","tactile, image review, accessibility, furniture and structures","$0.08","Tue Apr 14 17:47:17 PDT 2026","9","BatchId:5385438;OriginalHitTemplateId:928390873;","1800","1296000","Sun Apr 19 10:30:37 PDT 2026","","","317HQ483J06ICPI9OYGCYG11OVTNII","ASD3A849JVVRZ","Rejected","Tue Apr 14 18:50:33 PDT 2026","Tue Apr 14 19:09:12 PDT 2026","Wed Apr 29 19:09:12 PDT 2026","","Sat Apr 18 20:00:32 PDT 2026","Thank you for your time. Unfortunately this submission did not pass the embedded gold-standard checks; this task requires very careful attention to detail.","1119","82% (23/28)","82% (23/28)","82% (23/28)","Bed","https://tactileeval.s3.us-east-1.amazonaws.com/family_datasets/Furniture_and_Structures/Bed/Natural/11_Bed.jpg","https://tactileeval.s3.us-east-1.amazonaws.com/family_datasets/Furniture_and_Structures/Bed/Tactile/11.jpeg","","Bed","https://tactileeval.s3.us-east-1.amazonaws.com/family_datasets/Furniture_and_Structures/Bed/Natural/12_Bed.jpg","https://tactileeval.s3.us-east-1.amazonaws.com/family_datasets/Furniture_and_Structures/Bed/Tactile/12.jpeg","","Bed","https://tactileeval.s3.us-east-1.amazonaws.com/family_datasets/Furniture_and_Structures/Bed/Natural/13_Bed.jpg","https://tactileeval.s3.us-east-1.amazonaws.com/family_datasets/Furniture_and_Structures/Bed/Tactile/13.jpeg","","Bed","https://tactileeval.s3.us-east-1.amazonaws.com/family_datasets/Furniture_and_Structures/Bed/Natural/14_Bed.jpg","https://tactileeval.s3.us-east-1.amazonaws.com/family_datasets/Furniture_and_Structures/Bed/Tactile/14.jpeg","","Chair","https://tactileeval.s3.us-east-1.amazonaws.com/family_datasets/Furniture_and_Structures/Chair/Natural/1_Chair.jpg","https://tactileeval.s3.us-east-1.amazonaws.com/family_datasets/Furniture_and_Structures/Chair/Tactile/1.jpg","","Chair","https://tactileeval.s3.us-east-1.amazonaws.com/family_datasets/Furniture_and_Structures/Chair/Natural/2_Chair.jpg","https://tactileeval.s3.us-east-1.amazonaws.com/family_datasets/Furniture_and_Structures/Chair/Tactile/2.jpg","","Chair","https://tactileeval.s3.us-east-1.amazonaws.com/family_datasets/Furniture_and_Structures/Chair/Natural/3_Chair%282%29.jpg","https://tactileeval.s3.us-east-1.amazonaws.com/family_datasets/Furniture_and_Structures/Chair/Tactile/3.jpg","","Chair","https://tactileeval.s3.us-east-1.amazonaws.com/family_datasets/Furniture_and_Structures/Chair/Natural/4_Chair%282%29_Edited.jpg","https://tactileeval.s3.us-east-1.amazonaws.com/family_datasets/Furniture_and_Structures/Chair/Tactile/4.png","","Chair","https://tactileeval.s3.us-east-1.amazonaws.com/family_datasets/Furniture_and_Structures/Chair/Natural/5_Chair.jpg","https://tactileeval.s3.us-east-1.amazonaws.com/family_datasets/Furniture_and_Structures/Chair/Tactile/5.jpg","","Chair","https://tactileeval.s3.us-east-1.amazonaws.com/family_datasets/Furniture_and_Structures/Chair/Natural/6_Chair.jpg","https://tactileeval.s3.us-east-1.amazonaws.com/family_datasets/Furniture_and_Structures/Chair/Tactile/6.jpg","","[{""question1"":{""all_correct"":true,""extra_parts"":false,""missing_parts"":false,""wrong_location"":false},""question10"":{""all_correct"":true,""extra_parts"":false,""missing_parts"":false,""wrong_location"":false},""question2"":{""all_correct"":true,""extra_parts"":false,""missing_parts"":false,""wrong_location"":false},""question3"":{""all_correct"":true,""extra_parts"":false,""missing_parts"":false,""wrong_location"":false},""question4"":{""all_correct"":true,""extra_parts"":false,""missing_parts"":false,""wrong_location"":false},""question5"":{""all_correct"":false,""extra_parts"":true,""missing_parts"":false,""wrong_location"":true},""question6"":{""all_correct"":false,""extra_parts"":false,""missing_parts"":false,""wrong_location"":true},""question7"":{""all_correct"":false,""extra_parts"":false,""missing_parts"":true,""wrong_location"":true},""question8"":{""all_correct"":false,""extra_parts"":false,""missing_parts"":true,""wrong_location"":true},""question9"":{""all_correct"":false,""extra_parts"":false,""missing_parts"":true,""wrong_location"":true}}]"
"3JHB4BPSGCN8I145AUXF1X1A6MFQ9W","3J2L5QGBT1OH89RPJDNGBQLLQKL2QS","Judge if an objects line-art has missing elements (10 pairs)","Review 10  line-arts and judge if it has/hasn't missing or extra content. (10 pairs)","tactile, image review, accessibility, furniture and structures","$0.08","Tue Apr 14 17:47:17 PDT 2026","9","BatchId:5385438;OriginalHitTemplateId:928390873;","1800","1296000","Sun Apr 19 10:30:37 PDT 2026","","","32AT8R96HENK1T5EQBMCGDZI5QVSUG","A3YMV4L5PLL2V","Rejected","Tue Apr 14 20:11:37 PDT 2026","Tue Apr 14 20:14:34 PDT 2026","Wed Apr 29 20:14:34 PDT 2026","","Sat Apr 18 20:00:32 PDT 2026","Thank you for your time. Unfortunately this submission did not pass the embedded gold-standard checks; this task requires very careful attention to detail.","177","50% (6/12)","50% (6/12)","50% (6/12)","Bed","https://tactileeval.s3.us-east-1.amazonaws.com/family_datasets/Furniture_and_Structures/Bed/Natural/11_Bed.jpg","https://tactileeval.s3.us-east-1.amazonaws.com/family_datasets/Furniture_and_Structures/Bed/Tactile/11.jpeg","","Bed","https://tactileeval.s3.us-east-1.amazonaws.com/family_datasets/Furniture_and_Structures/Bed/Natural/12_Bed.jpg","https://tactileeval.s3.us-east-1.amazonaws.com/family_datasets/Furniture_and_Structures/Bed/Tactile/12.jpeg","","Bed","https://tactileeval.s3.us-east-1.amazonaws.com/family_datasets/Furniture_and_Structures/Bed/Natural/13_Bed.jpg","https://tactileeval.s3.us-east-1.amazonaws.com/family_datasets/Furniture_and_Structures/Bed/Tactile/13.jpeg","","Bed","https://tactileeval.s3.us-east-1.amazonaws.com/family_datasets/Furniture_and_Structures/Bed/Natural/14_Bed.jpg","https://tactileeval.s3.us-east-1.amazonaws.com/family_datasets/Furniture_and_Structures/Bed/Tactile/14.jpeg","","Chair","https://tactileeval.s3.us-east-1.amazonaws.com/family_datasets/Furniture_and_Structures/Chair/Natural/1_Chair.jpg","https://tactileeval.s3.us-east-1.amazonaws.com/family_datasets/Furniture_and_Structures/Chair/Tactile/1.jpg","","Chair","https://tactileeval.s3.us-east-1.amazonaws.com/family_datasets/Furniture_and_Structures/Chair/Natural/2_Chair.jpg","https://tactileeval.s3.us-east-1.amazonaws.com/family_datasets/Furniture_and_Structures/Chair/Tactile/2.jpg","","Chair","https://tactileeval.s3.us-east-1.amazonaws.com/family_datasets/Furniture_and_Structures/Chair/Natural/3_Chair%282%29.jpg","https://tactileeval.s3.us-east-1.amazonaws.com/family_datasets/Furniture_and_Structures/Chair/Tactile/3.jpg","","Chair","https://tactileeval.s3.us-east-1.amazonaws.com/family_datasets/Furniture_and_Structures/Chair/Natural/4_Chair%282%29_Edited.jpg","https://tactileeval.s3.us-east-1.amazonaws.com/family_datasets/Furniture_and_Structures/Chair/Tactile/4.png","","Chair","https://tactileeval.s3.us-east-1.amazonaws.com/family_datasets/Furniture_and_Structures/Chair/Natural/5_Chair.jpg","https://tactileeval.s3.us-east-1.amazonaws.com/family_datasets/Furniture_and_Structures/Chair/Tactile/5.jpg","","Chair","https://tactileeval.s3.us-east-1.amazonaws.com/family_datasets/Furniture_and_Structures/Chair/Natural/6_Chair.jpg","https://tactileeval.s3.us-east-1.amazonaws.com/family_datasets/Furniture_and_Structures/Chair/Tactile/6.jpg","","[{""question1"":{""all_correct"":false,""extra_parts"":false,""missing_parts"":true,""wrong_location"":true},""question10"":{""all_correct"":false,""extra_parts"":false,""missing_parts"":false,""wrong_location"":true},""question2"":{""all_correct"":true,""extra_parts"":false,""missing_parts"":false,""wrong_location"":false},""question3"":{""all_correct"":false,""extra_parts"":false,""missing_parts"":true,""wrong_location"":false},""question4"":{""all_correct"":false,""extra_parts"":true,""missing_parts"":true,""wrong_location"":false},""question5"":{""all_correct"":false,""extra_parts"":false,""missing_parts"":false,""wrong_location"":true},""question6"":{""all_correct"":false,""extra_parts"":false,""missing_parts"":false,""wrong_location"":true},""question7"":{""all_correct"":false,""extra_parts"":false,""missing_parts"":true,""wrong_location"":true},""question8"":{""all_correct"":false,""extra_parts"":true,""missing_parts"":false,""wrong_location"":false},""question9"":{""all_correct"":false,""extra_parts"":true,""missing_parts"":false,""wrong_location"":true}}]"
"3JHB4BPSGCN8I145AUXF1X1A6MFQ9W","3J2L5QGBT1OH89RPJDNGBQLLQKL2QS","Judge if an objects line-art has missing elements (10 pairs)","Review 10  line-arts and judge if it has/hasn't missing or extra content. (10 pairs)","tactile, image review, accessibility, furniture and structures","$0.08","Tue Apr 14 17:47:17 PDT 2026","9","BatchId:5385438;OriginalHitTemplateId:928390873;","1800","1296000","Sun Apr 19 10:30:37 PDT 2026","","","36H9ULYP7V82J8PY8SIZ2C7SZJRFJA","A1DIU7FKL9G7A7","Rejected","Tue Apr 14 18:08:31 PDT 2026","Tue Apr 14 18:10:22 PDT 2026","Wed Apr 29 18:10:22 PDT 2026","","Sat Apr 18 20:00:32 PDT 2026","Thank you for your time. Unfortunately this submission did not pass the embedded gold-standard checks; this task requires very careful attention to detail.","111","33% (1/3)","33% (1/3)","33% (1/3)","Bed","https://tactileeval.s3.us-east-1.amazonaws.com/family_datasets/Furniture_and_Structures/Bed/Natural/11_Bed.jpg","https://tactileeval.s3.us-east-1.amazonaws.com/family_datasets/Furniture_and_Structures/Bed/Tactile/11.jpeg","","Bed","https://tactileeval.s3.us-east-1.amazonaws.com/family_datasets/Furniture_and_Structures/Bed/Natural/12_Bed.jpg","https://tactileeval.s3.us-east-1.amazonaws.com/family_datasets/Furniture_and_Structures/Bed/Tactile/12.jpeg","","Bed","https://tactileeval.s3.us-east-1.amazonaws.com/family_datasets/Furniture_and_Structures/Bed/Natural/13_Bed.jpg","https://tactileeval.s3.us-east-1.amazonaws.com/family_datasets/Furniture_and_Structures/Bed/Tactile/13.jpeg","","Bed","https://tactileeval.s3.us-east-1.amazonaws.com/family_datasets/Furniture_and_Structures/Bed/Natural/14_Bed.jpg","https://tactileeval.s3.us-east-1.amazonaws.com/family_datasets/Furniture_and_Structures/Bed/Tactile/14.jpeg","","Chair","https://tactileeval.s3.us-east-1.amazonaws.com/family_datasets/Furniture_and_Structures/Chair/Natural/1_Chair.jpg","https://tactileeval.s3.us-east-1.amazonaws.com/family_datasets/Furniture_and_Structures/Chair/Tactile/1.jpg","","Chair","https://tactileeval.s3.us-east-1.amazonaws.com/family_datasets/Furniture_and_Structures/Chair/Natural/2_Chair.jpg","https://tactileeval.s3.us-east-1.amazonaws.com/family_datasets/Furniture_and_Structures/Chair/Tactile/2.jpg","","Chair","https://tactileeval.s3.us-east-1.amazonaws.com/family_datasets/Furniture_and_Structures/Chair/Natural/3_Chair%282%29.jpg","https://tactileeval.s3.us-east-1.amazonaws.com/family_datasets/Furniture_and_Structures/Chair/Tactile/3.jpg","","Chair","https://tactileeval.s3.us-east-1.amazonaws.com/family_datasets/Furniture_and_Structures/Chair/Natural/4_Chair%282%29_Edited.jpg","https://tactileeval.s3.us-east-1.amazonaws.com/family_datasets/Furniture_and_Structures/Chair/Tactile/4.png","","Chair","https://tactileeval.s3.us-east-1.amazonaws.com/family_datasets/Furniture_and_Structures/Chair/Natural/5_Chair.jpg","https://tactileeval.s3.us-east-1.amazonaws.com/family_datasets/Furniture_and_Structures/Chair/Tactile/5.jpg","","Chair","https://tactileeval.s3.us-east-1.amazonaws.com/family_datasets/Furniture_and_Structures/Chair/Natural/6_Chair.jpg","https://tactileeval.s3.us-east-1.amazonaws.com/family_datasets/Furniture_and_Structures/Chair/Tactile/6.jpg","","[{""question1"":{""all_correct"":true,""extra_parts"":false,""missing_parts"":false,""wrong_location"":false},""question10"":{""all_correct"":false,""extra_parts"":false,""missing_parts"":false,""wrong_location"":true},""question2"":{""all_correct"":false,""extra_parts"":true,""missing_parts"":true,""wrong_location"":false},""question3"":{""all_correct"":false,""extra_parts"":false,""missing_parts"":false,""wrong_location"":true},""question4"":{""all_correct"":false,""extra_parts"":true,""missing_parts"":false,""wrong_location"":true},""question5"":{""all_correct"":false,""extra_parts"":false,""missing_parts"":false,""wrong_location"":true},""question6"":{""all_correct"":false,""extra_parts"":true,""missing_parts"":false,""wrong_location"":true},""question7"":{""all_correct"":false,""extra_parts"":true,""missing_parts"":true,""wrong_location"":true},""question8"":{""all_correct"":false,""extra_parts"":false,""missing_parts"":false,""wrong_location"":true},""question9"":{""all_correct"":false,""extra_parts"":false,""missing_parts"":true,""wrong_location"":true}}]"
"3JHB4BPSGCN8I145AUXF1X1A6MFQ9W","3J2L5QGBT1OH89RPJDNGBQLLQKL2QS","Judge if an objects line-art has missing elements (10 pairs)","Review 10  line-arts and judge if it has/hasn't missing or extra content. (10 pairs)","tactile, image review, accessibility, furniture and structures","$0.08","Tue Apr 14 17:47:17 PDT 2026","9","BatchId:5385438;OriginalHitTemplateId:928390873;","1800","1296000","Sun Apr 19 10:30:37 PDT 2026","","","3G5F9DBFPIBVOZGYK7KI8LUZALGHV0","A284MIYRBSSI2J","Rejected","Tue Apr 14 18:50:49 PDT 2026","Tue Apr 14 19:20:36 PDT 2026","Wed Apr 29 19:20:36 PDT 2026","","Sat Apr 18 20:00:32 PDT 2026","Thank you for your time. Unfortunately this submission did not pass the embedded gold-standard checks; this task requires very careful attention to detail.","1787","62% (8/13)","62% (8/13)","62% (8/13)","Bed","https://tactileeval.s3.us-east-1.amazonaws.com/family_datasets/Furniture_and_Structures/Bed/Natural/11_Bed.jpg","https://tactileeval.s3.us-east-1.amazonaws.com/family_datasets/Furniture_and_Structures/Bed/Tactile/11.jpeg","","Bed","https://tactileeval.s3.us-east-1.amazonaws.com/family_datasets/Furniture_and_Structures/Bed/Natural/12_Bed.jpg","https://tactileeval.s3.us-east-1.amazonaws.com/family_datasets/Furniture_and_Structures/Bed/Tactile/12.jpeg","","Bed","https://tactileeval.s3.us-east-1.amazonaws.com/family_datasets/Furniture_and_Structures/Bed/Natural/13_Bed.jpg","https://tactileeval.s3.us-east-1.amazonaws.com/family_datasets/Furniture_and_Structures/Bed/Tactile/13.jpeg","","Bed","https://tactileeval.s3.us-east-1.amazonaws.com/family_datasets/Furniture_and_Structures/Bed/Natural/14_Bed.jpg","https://tactileeval.s3.us-east-1.amazonaws.com/family_datasets/Furniture_and_Structures/Bed/Tactile/14.jpeg","","Chair","https://tactileeval.s3.us-east-1.amazonaws.com/family_datasets/Furniture_and_Structures/Chair/Natural/1_Chair.jpg","https://tactileeval.s3.us-east-1.amazonaws.com/family_datasets/Furniture_and_Structures/Chair/Tactile/1.jpg","","Chair","https://tactileeval.s3.us-east-1.amazonaws.com/family_datasets/Furniture_and_Structures/Chair/Natural/2_Chair.jpg","https://tactileeval.s3.us-east-1.amazonaws.com/family_datasets/Furniture_and_Structures/Chair/Tactile/2.jpg","","Chair","https://tactileeval.s3.us-east-1.amazonaws.com/family_datasets/Furniture_and_Structures/Chair/Natural/3_Chair%282%29.jpg","https://tactileeval.s3.us-east-1.amazonaws.com/family_datasets/Furniture_and_Structures/Chair/Tactile/3.jpg","","Chair","https://tactileeval.s3.us-east-1.amazonaws.com/family_datasets/Furniture_and_Structures/Chair/Natural/4_Chair%282%29_Edited.jpg","https://tactileeval.s3.us-east-1.amazonaws.com/family_datasets/Furniture_and_Structures/Chair/Tactile/4.png","","Chair","https://tactileeval.s3.us-east-1.amazonaws.com/family_datasets/Furniture_and_Structures/Chair/Natural/5_Chair.jpg","https://tactileeval.s3.us-east-1.amazonaws.com/family_datasets/Furniture_and_Structures/Chair/Tactile/5.jpg","","Chair","https://tactileeval.s3.us-east-1.amazonaws.com/family_datasets/Furniture_and_Structures/Chair/Natural/6_Chair.jpg","https://tactileeval.s3.us-east-1.amazonaws.com/family_datasets/Furniture_and_Structures/Chair/Tactile/6.jpg","","[{""question1"":{""all_correct"":true,""extra_parts"":false,""missing_parts"":false,""wrong_location"":false},""question10"":{""all_correct"":true,""extra_parts"":false,""missing_parts"":false,""wrong_location"":false},""question2"":{""all_correct"":true,""extra_parts"":false,""missing_parts"":false,""wrong_location"":false},""question3"":{""all_correct"":false,""extra_parts"":false,""missing_parts"":true,""wrong_location"":false},""question4"":{""all_correct"":false,""extra_parts"":true,""missing_parts"":true,""wrong_location"":false},""question5"":{""all_correct"":false,""extra_parts"":false,""missing_parts"":false,""wrong_location"":true},""question6"":{""all_correct"":false,""extra_parts"":false,""missing_parts"":false,""wrong_location"":true},""question7"":{""all_correct"":false,""extra_parts"":true,""missing_parts"":false,""wrong_location"":true},""question8"":{""all_correct"":false,""extra_parts"":true,""missing_parts"":false,""wrong_location"":true},""question9"":{""all_correct"":false,""extra_parts"":true,""missing_parts"":true,""wrong_location"":true}}]"
"3JHB4BPSGCN8I145AUXF1X1A6MFQ9W","3J2L5QGBT1OH89RPJDNGBQLLQKL2QS","Judge if an objects line-art has missing elements (10 pairs)","Review 10  line-arts and judge if it has/hasn't missing or extra content. (10 pairs)","tactile, image review, accessibility, furniture and structures","$0.08","Tue Apr 14 17:47:17 PDT 2026","9","BatchId:5385438;OriginalHitTemplateId:928390873;","1800","1296000","Sun Apr 19 10:30:37 PDT 2026","","","3PH3VY7DKEBUU9GXG3VLUUHIDM5WZP","A26XG9S2VM1JG1","Rejected","Wed Apr 15 03:02:04 PDT 2026","Wed Apr 15 03:14:59 PDT 2026","Thu Apr 30 03:14:59 PDT 2026","","Sat Apr 18 20:00:32 PDT 2026","Thank you for your time. Unfortunately this submission did not pass the embedded gold-standard checks; this task requires very careful attention to detail.","775","60% (3/5)","0% (0/2)","0% (0/2)","Bed","https://tactileeval.s3.us-east-1.amazonaws.com/family_datasets/Furniture_and_Structures/Bed/Natural/11_Bed.jpg","https://tactileeval.s3.us-east-1.amazonaws.com/family_datasets/Furniture_and_Structures/Bed/Tactile/11.jpeg","","Bed","https://tactileeval.s3.us-east-1.amazonaws.com/family_datasets/Furniture_and_Structures/Bed/Natural/12_Bed.jpg","https://tactileeval.s3.us-east-1.amazonaws.com/family_datasets/Furniture_and_Structures/Bed/Tactile/12.jpeg","","Bed","https://tactileeval.s3.us-east-1.amazonaws.com/family_datasets/Furniture_and_Structures/Bed/Natural/13_Bed.jpg","https://tactileeval.s3.us-east-1.amazonaws.com/family_datasets/Furniture_and_Structures/Bed/Tactile/13.jpeg","","Bed","https://tactileeval.s3.us-east-1.amazonaws.com/family_datasets/Furniture_and_Structures/Bed/Natural/14_Bed.jpg","https://tactileeval.s3.us-east-1.amazonaws.com/family_datasets/Furniture_and_Structures/Bed/Tactile/14.jpeg","","Chair","https://tactileeval.s3.us-east-1.amazonaws.com/family_datasets/Furniture_and_Structures/Chair/Natural/1_Chair.jpg","https://tactileeval.s3.us-east-1.amazonaws.com/family_datasets/Furniture_and_Structures/Chair/Tactile/1.jpg","","Chair","https://tactileeval.s3.us-east-1.amazonaws.com/family_datasets/Furniture_and_Structures/Chair/Natural/2_Chair.jpg","https://tactileeval.s3.us-east-1.amazonaws.com/family_datasets/Furniture_and_Structures/Chair/Tactile/2.jpg","","Chair","https://tactileeval.s3.us-east-1.amazonaws.com/family_datasets/Furniture_and_Structures/Chair/Natural/3_Chair%282%29.jpg","https://tactileeval.s3.us-east-1.amazonaws.com/family_datasets/Furniture_and_Structures/Chair/Tactile/3.jpg","","Chair","https://tactileeval.s3.us-east-1.amazonaws.com/family_datasets/Furniture_and_Structures/Chair/Natural/4_Chair%282%29_Edited.jpg","https://tactileeval.s3.us-east-1.amazonaws.com/family_datasets/Furniture_and_Structures/Chair/Tactile/4.png","","Chair","https://tactileeval.s3.us-east-1.amazonaws.com/family_datasets/Furniture_and_Structures/Chair/Natural/5_Chair.jpg","https://tactileeval.s3.us-east-1.amazonaws.com/family_datasets/Furniture_and_Structures/Chair/Tactile/5.jpg","","Chair","https://tactileeval.s3.us-east-1.amazonaws.com/family_datasets/Furniture_and_Structures/Chair/Natural/6_Chair.jpg","https://tactileeval.s3.us-east-1.amazonaws.com/family_datasets/Furniture_and_Structures/Chair/Tactile/6.jpg","","[{""question1"":{""all_correct"":true,""extra_parts"":false,""missing_parts"":false,""wrong_location"":false},""question10"":{""all_correct"":true,""extra_parts"":false,""missing_parts"":false,""wrong_location"":false},""question2"":{""all_correct"":false,""extra_parts"":false,""missing_parts"":true,""wrong_location"":false},""question3"":{""all_correct"":false,""extra_parts"":false,""missing_parts"":true,""wrong_location"":true},""question4"":{""all_correct"":true,""extra_parts"":false,""missing_parts"":false,""wrong_location"":false},""question5"":{""all_correct"":true,""extra_parts"":false,""missing_parts"":false,""wrong_location"":false},""question6"":{""all_correct"":true,""extra_parts"":false,""missing_parts"":false,""wrong_location"":false},""question7"":{""all_correct"":false,""extra_parts"":false,""missing_parts"":true,""wrong_location"":false},""question8"":{""all_correct"":true,""extra_parts"":false,""missing_parts"":false,""wrong_location"":false},""question9"":{""all_correct"":true,""extra_parts"":false,""missing_parts"":false,""wrong_location"":false}}]"
"3JHB4BPSGCN8I145AUXF1X1A6MFQ9W","3J2L5QGBT1OH89RPJDNGBQLLQKL2QS","Judge if an objects line-art has missing elements (10 pairs)","Review 10  line-arts and judge if it has/hasn't missing or extra content. (10 pairs)","tactile, image review, accessibility, furniture and structures","$0.08","Tue Apr 14 17:47:17 PDT 2026","9","BatchId:5385438;OriginalHitTemplateId:928390873;","1800","1296000","Sun Apr 19 10:30:37 PDT 2026","","","3TY7ZAOG68Y6XOGQNVZQ0KK1867K0F","A2FK6782M09EBO","Approved","Tue Apr 14 18:47:31 PDT 2026","Tue Apr 14 18:58:48 PDT 2026","Wed Apr 29 18:58:48 PDT 2026","Sat Apr 18 20:00:31 PDT 2026","","","677","94% (103/109)","94% (103/109)","94% (103/109)","Bed","https://tactileeval.s3.us-east-1.amazonaws.com/family_datasets/Furniture_and_Structures/Bed/Natural/11_Bed.jpg","https://tactileeval.s3.us-east-1.amazonaws.com/family_datasets/Furniture_and_Structures/Bed/Tactile/11.jpeg","","Bed","https://tactileeval.s3.us-east-1.amazonaws.com/family_datasets/Furniture_and_Structures/Bed/Natural/12_Bed.jpg","https://tactileeval.s3.us-east-1.amazonaws.com/family_datasets/Furniture_and_Structures/Bed/Tactile/12.jpeg","","Bed","https://tactileeval.s3.us-east-1.amazonaws.com/family_datasets/Furniture_and_Structures/Bed/Natural/13_Bed.jpg","https://tactileeval.s3.us-east-1.amazonaws.com/family_datasets/Furniture_and_Structures/Bed/Tactile/13.jpeg","","Bed","https://tactileeval.s3.us-east-1.amazonaws.com/family_datasets/Furniture_and_Structures/Bed/Natural/14_Bed.jpg","https://tactileeval.s3.us-east-1.amazonaws.com/family_datasets/Furniture_and_Structures/Bed/Tactile/14.jpeg","","Chair","https://tactileeval.s3.us-east-1.amazonaws.com/family_datasets/Furniture_and_Structures/Chair/Natural/1_Chair.jpg","https://tactileeval.s3.us-east-1.amazonaws.com/family_datasets/Furniture_and_Structures/Chair/Tactile/1.jpg","","Chair","https://tactileeval.s3.us-east-1.amazonaws.com/family_datasets/Furniture_and_Structures/Chair/Natural/2_Chair.jpg","https://tactileeval.s3.us-east-1.amazonaws.com/family_datasets/Furniture_and_Structures/Chair/Tactile/2.jpg","","Chair","https://tactileeval.s3.us-east-1.amazonaws.com/family_datasets/Furniture_and_Structures/Chair/Natural/3_Chair%282%29.jpg","https://tactileeval.s3.us-east-1.amazonaws.com/family_datasets/Furniture_and_Structures/Chair/Tactile/3.jpg","","Chair","https://tactileeval.s3.us-east-1.amazonaws.com/family_datasets/Furniture_and_Structures/Chair/Natural/4_Chair%282%29_Edited.jpg","https://tactileeval.s3.us-east-1.amazonaws.com/family_datasets/Furniture_and_Structures/Chair/Tactile/4.png","","Chair","https://tactileeval.s3.us-east-1.amazonaws.com/family_datasets/Furniture_and_Structures/Chair/Natural/5_Chair.jpg","https://tactileeval.s3.us-east-1.amazonaws.com/family_datasets/Furniture_and_Structures/Chair/Tactile/5.jpg","","Chair","https://tactileeval.s3.us-east-1.amazonaws.com/family_datasets/Furniture_and_Structures/Chair/Natural/6_Chair.jpg","https://tactileeval.s3.us-east-1.amazonaws.com/family_datasets/Furniture_and_Structures/Chair/Tactile/6.jpg","","[{""question1"":{""all_correct"":true,""extra_parts"":false,""missing_parts"":false,""wrong_location"":false},""question10"":{""all_correct"":false,""extra_parts"":false,""missing_parts"":true,""wrong_location"":false},""question2"":{""all_correct"":true,""extra_parts"":false,""missing_parts"":false,""wrong_location"":false},""question3"":{""all_correct"":true,""extra_parts"":false,""missing_parts"":false,""wrong_location"":false},""question4"":{""all_correct"":false,""extra_parts"":true,""missing_parts"":false,""wrong_location"":false},""question5"":{""all_correct"":false,""extra_parts"":true,""missing_parts"":false,""wrong_location"":false},""question6"":{""all_correct"":true,""extra_parts"":false,""missing_parts"":false,""wrong_location"":false},""question7"":{""all_correct"":false,""extra_parts"":true,""missing_parts"":false,""wrong_location"":false},""question8"":{""all_correct"":true,""extra_parts"":false,""missing_parts"":false,""wrong_location"":false},""question9"":{""all_correct"":false,""extra_parts"":false,""missing_parts"":true,""wrong_location"":false}}]"
"3JHB4BPSGCN8I145AUXF1X1A6MFQ9W","3J2L5QGBT1OH89RPJDNGBQLLQKL2QS","Judge if an objects line-art has missing elements (10 pairs)","Review 10  line-arts and judge if it has/hasn't missing or extra content. (10 pairs)","tactile, image review, accessibility, furniture and structures","$0.08","Tue Apr 14 17:47:17 PDT 2026","9","BatchId:5385438;OriginalHitTemplateId:928390873;","1800","1296000","Sun Apr 19 10:30:37 PDT 2026","","","3V5Q80FXJQ57X0BXHCB52MWEUJD32H","A21SP66LYUNOR7","Rejected","Tue Apr 14 20:12:07 PDT 2026","Tue Apr 14 20:21:28 PDT 2026","Wed Apr 29 20:21:28 PDT 2026","","Sat Apr 18 20:00:32 PDT 2026","Thank you for your time. Unfortunately this submission did not pass the embedded gold-standard checks; this task requires very careful attention to detail.","561","74% (17/23)","74% (17/23)","74% (17/23)","Bed","https://tactileeval.s3.us-east-1.amazonaws.com/family_datasets/Furniture_and_Structures/Bed/Natural/11_Bed.jpg","https://tactileeval.s3.us-east-1.amazonaws.com/family_datasets/Furniture_and_Structures/Bed/Tactile/11.jpeg","","Bed","https://tactileeval.s3.us-east-1.amazonaws.com/family_datasets/Furniture_and_Structures/Bed/Natural/12_Bed.jpg","https://tactileeval.s3.us-east-1.amazonaws.com/family_datasets/Furniture_and_Structures/Bed/Tactile/12.jpeg","","Bed","https://tactileeval.s3.us-east-1.amazonaws.com/family_datasets/Furniture_and_Structures/Bed/Natural/13_Bed.jpg","https://tactileeval.s3.us-east-1.amazonaws.com/family_datasets/Furniture_and_Structures/Bed/Tactile/13.jpeg","","Bed","https://tactileeval.s3.us-east-1.amazonaws.com/family_datasets/Furniture_and_Structures/Bed/Natural/14_Bed.jpg","https://tactileeval.s3.us-east-1.amazonaws.com/family_datasets/Furniture_and_Structures/Bed/Tactile/14.jpeg","","Chair","https://tactileeval.s3.us-east-1.amazonaws.com/family_datasets/Furniture_and_Structures/Chair/Natural/1_Chair.jpg","https://tactileeval.s3.us-east-1.amazonaws.com/family_datasets/Furniture_and_Structures/Chair/Tactile/1.jpg","","Chair","https://tactileeval.s3.us-east-1.amazonaws.com/family_datasets/Furniture_and_Structures/Chair/Natural/2_Chair.jpg","https://tactileeval.s3.us-east-1.amazonaws.com/family_datasets/Furniture_and_Structures/Chair/Tactile/2.jpg","","Chair","https://tactileeval.s3.us-east-1.amazonaws.com/family_datasets/Furniture_and_Structures/Chair/Natural/3_Chair%282%29.jpg","https://tactileeval.s3.us-east-1.amazonaws.com/family_datasets/Furniture_and_Structures/Chair/Tactile/3.jpg","","Chair","https://tactileeval.s3.us-east-1.amazonaws.com/family_datasets/Furniture_and_Structures/Chair/Natural/4_Chair%282%29_Edited.jpg","https://tactileeval.s3.us-east-1.amazonaws.com/family_datasets/Furniture_and_Structures/Chair/Tactile/4.png","","Chair","https://tactileeval.s3.us-east-1.amazonaws.com/family_datasets/Furniture_and_Structures/Chair/Natural/5_Chair.jpg","https://tactileeval.s3.us-east-1.amazonaws.com/family_datasets/Furniture_and_Structures/Chair/Tactile/5.jpg","","Chair","https://tactileeval.s3.us-east-1.amazonaws.com/family_datasets/Furniture_and_Structures/Chair/Natural/6_Chair.jpg","https://tactileeval.s3.us-east-1.amazonaws.com/family_datasets/Furniture_and_Structures/Chair/Tactile/6.jpg","","[{""question1"":{""all_correct"":false,""extra_parts"":false,""missing_parts"":true,""wrong_location"":true},""question10"":{""all_correct"":false,""extra_parts"":false,""missing_parts"":false,""wrong_location"":true},""question2"":{""all_correct"":true,""extra_parts"":false,""missing_parts"":false,""wrong_location"":false},""question3"":{""all_correct"":false,""extra_parts"":false,""missing_parts"":true,""wrong_location"":false},""question4"":{""all_correct"":false,""extra_parts"":false,""missing_parts"":true,""wrong_location"":true},""question5"":{""all_correct"":false,""extra_parts"":false,""missing_parts"":false,""wrong_location"":true},""question6"":{""all_correct"":false,""extra_parts"":false,""missing_parts"":false,""wrong_location"":true},""question7"":{""all_correct"":false,""extra_parts"":false,""missing_parts"":true,""wrong_location"":true},""question8"":{""all_correct"":false,""extra_parts"":false,""missing_parts"":true,""wrong_location"":true},""question9"":{""all_correct"":false,""extra_parts"":false,""missing_parts"":true,""wrong_location"":true}}]"
"3FJ2RVH26RKRQI2K8J7E5F37QG229V","3J2L5QGBT1OH89RPJDNGBQLLQKL2QS","Judge if an objects line-art has missing elements (10 pairs)","Review 10  line-arts and judge if it has/hasn't missing or extra content. (10 pairs)","tactile, image review, accessibility, furniture and structures","$0.08","Tue Apr 14 17:47:17 PDT 2026","9","BatchId:5385438;OriginalHitTemplateId:928390873;","1800","1296000","Sun Apr 19 10:30:37 PDT 2026","","","379J5II42HUG8KD2G2A609ZKR7MELY","A2FK6782M09EBO","Rejected","Tue Apr 14 18:47:22 PDT 2026","Tue Apr 14 18:50:23 PDT 2026","Wed Apr 29 18:50:23 PDT 2026","","Sat Apr 18 20:00:32 PDT 2026","Thank you for your time. Unfortunately this submission did not pass the embedded gold-standard checks; this task requires very careful attention to detail.","181","94% (103/109)","94% (103/109)","94% (103/109)","Chair","https://tactileeval.s3.us-east-1.amazonaws.com/family_datasets/Furniture_and_Structures/Chair/Natural/7_Chair.jpg","https://tactileeval.s3.us-east-1.amazonaws.com/family_datasets/Furniture_and_Structures/Chair/Tactile/7.jpg","","Chair","https://tactileeval.s3.us-east-1.amazonaws.com/family_datasets/Furniture_and_Structures/Chair/Natural/8_Chair.jpg","https://tactileeval.s3.us-east-1.amazonaws.com/family_datasets/Furniture_and_Structures/Chair/Tactile/8.jpg","","Chair","https://tactileeval.s3.us-east-1.amazonaws.com/family_datasets/Furniture_and_Structures/Chair/Natural/9_Chair.jpg","https://tactileeval.s3.us-east-1.amazonaws.com/family_datasets/Furniture_and_Structures/Chair/Tactile/9.jpg","","Chair","https://tactileeval.s3.us-east-1.amazonaws.com/family_datasets/Furniture_and_Structures/Chair/Natural/10_Chair.jpg","https://tactileeval.s3.us-east-1.amazonaws.com/family_datasets/Furniture_and_Structures/Chair/Tactile/10.jpg","","Chair","https://tactileeval.s3.us-east-1.amazonaws.com/family_datasets/Furniture_and_Structures/Chair/Natural/11_Chair%282%29.jpg","https://tactileeval.s3.us-east-1.amazonaws.com/family_datasets/Furniture_and_Structures/Chair/Tactile/11.jpg","","Chair","https://tactileeval.s3.us-east-1.amazonaws.com/family_datasets/Furniture_and_Structures/Chair/Natural/12_Chair%282%29.jpg","https://tactileeval.s3.us-east-1.amazonaws.com/family_datasets/Furniture_and_Structures/Chair/Tactile/12.png","","Door","https://tactileeval.s3.us-east-1.amazonaws.com/family_datasets/Furniture_and_Structures/Door/Natural/Door_1.jpg","https://tactileeval.s3.us-east-1.amazonaws.com/family_datasets/Furniture_and_Structures/Door/Tactile/1.jpg","","Door","https://tactileeval.s3.us-east-1.amazonaws.com/family_datasets/Furniture_and_Structures/Door/Natural/Door_2.jpg","https://tactileeval.s3.us-east-1.amazonaws.com/family_datasets/Furniture_and_Structures/Door/Tactile/2.jpg","","Door","https://tactileeval.s3.us-east-1.amazonaws.com/family_datasets/Furniture_and_Structures/Door/Natural/Door_3.jpg","https://tactileeval.s3.us-east-1.amazonaws.com/family_datasets/Furniture_and_Structures/Door/Tactile/3.png","","Door","https://tactileeval.s3.us-east-1.amazonaws.com/family_datasets/Furniture_and_Structures/Door/Natural/Door_4.jpg","https://tactileeval.s3.us-east-1.amazonaws.com/family_datasets/Furniture_and_Structures/Door/Tactile/4.jpg","","[{""question1"":{""all_correct"":false,""extra_parts"":true,""missing_parts"":true,""wrong_location"":false},""question10"":{""all_correct"":false,""extra_parts"":true,""missing_parts"":true,""wrong_location"":false},""question2"":{""all_correct"":false,""extra_parts"":true,""missing_parts"":false,""wrong_location"":false},""question3"":{""all_correct"":false,""extra_parts"":true,""missing_parts"":false,""wrong_location"":false},""question4"":{""all_correct"":false,""extra_parts"":true,""missing_parts"":false,""wrong_location"":false},""question5"":{""all_correct"":false,""extra_parts"":true,""missing_parts"":false,""wrong_location"":true},""question6"":{""all_correct"":false,""extra_parts"":false,""missing_parts"":false,""wrong_location"":true},""question7"":{""all_correct"":false,""extra_parts"":true,""missing_parts"":true,""wrong_location"":false},""question8"":{""all_correct"":false,""extra_parts"":false,""missing_parts"":true,""wrong_location"":false},""question9"":{""all_correct"":false,""extra_parts"":false,""missing_parts"":true,""wrong_location"":false}}]"
"3FJ2RVH26RKRQI2K8J7E5F37QG229V","3J2L5QGBT1OH89RPJDNGBQLLQKL2QS","Judge if an objects line-art has missing elements (10 pairs)","Review 10  line-arts and judge if it has/hasn't missing or extra content. (10 pairs)","tactile, image review, accessibility, furniture and structures","$0.08","Tue Apr 14 17:47:17 PDT 2026","9","BatchId:5385438;OriginalHitTemplateId:928390873;","1800","1296000","Sun Apr 19 10:30:37 PDT 2026","","","3B3WTRP3E4GTC20DYLCFTZZ0UAA29I","A1DIU7FKL9G7A7","Rejected","Tue Apr 14 18:05:33 PDT 2026","Tue Apr 14 18:08:25 PDT 2026","Wed Apr 29 18:08:25 PDT 2026","","Sat Apr 18 20:00:33 PDT 2026","Thank you for your time. Unfortunately this submission did not pass the embedded gold-standard checks; this task requires very careful attention to detail.","172","33% (1/3)","33% (1/3)","33% (1/3)","Chair","https://tactileeval.s3.us-east-1.amazonaws.com/family_datasets/Furniture_and_Structures/Chair/Natural/7_Chair.jpg","https://tactileeval.s3.us-east-1.amazonaws.com/family_datasets/Furniture_and_Structures/Chair/Tactile/7.jpg","","Chair","https://tactileeval.s3.us-east-1.amazonaws.com/family_datasets/Furniture_and_Structures/Chair/Natural/8_Chair.jpg","https://tactileeval.s3.us-east-1.amazonaws.com/family_datasets/Furniture_and_Structures/Chair/Tactile/8.jpg","","Chair","https://tactileeval.s3.us-east-1.amazonaws.com/family_datasets/Furniture_and_Structures/Chair/Natural/9_Chair.jpg","https://tactileeval.s3.us-east-1.amazonaws.com/family_datasets/Furniture_and_Structures/Chair/Tactile/9.jpg","","Chair","https://tactileeval.s3.us-east-1.amazonaws.com/family_datasets/Furniture_and_Structures/Chair/Natural/10_Chair.jpg","https://tactileeval.s3.us-east-1.amazonaws.com/family_datasets/Furniture_and_Structures/Chair/Tactile/10.jpg","","Chair","https://tactileeval.s3.us-east-1.amazonaws.com/family_datasets/Furniture_and_Structures/Chair/Natural/11_Chair%282%29.jpg","https://tactileeval.s3.us-east-1.amazonaws.com/family_datasets/Furniture_and_Structures/Chair/Tactile/11.jpg","","Chair","https://tactileeval.s3.us-east-1.amazonaws.com/family_datasets/Furniture_and_Structures/Chair/Natural/12_Chair%282%29.jpg","https://tactileeval.s3.us-east-1.amazonaws.com/family_datasets/Furniture_and_Structures/Chair/Tactile/12.png","","Door","https://tactileeval.s3.us-east-1.amazonaws.com/family_datasets/Furniture_and_Structures/Door/Natural/Door_1.jpg","https://tactileeval.s3.us-east-1.amazonaws.com/family_datasets/Furniture_and_Structures/Door/Tactile/1.jpg","","Door","https://tactileeval.s3.us-east-1.amazonaws.com/family_datasets/Furniture_and_Structures/Door/Natural/Door_2.jpg","https://tactileeval.s3.us-east-1.amazonaws.com/family_datasets/Furniture_and_Structures/Door/Tactile/2.jpg","","Door","https://tactileeval.s3.us-east-1.amazonaws.com/family_datasets/Furniture_and_Structures/Door/Natural/Door_3.jpg","https://tactileeval.s3.us-east-1.amazonaws.com/family_datasets/Furniture_and_Structures/Door/Tactile/3.png","","Door","https://tactileeval.s3.us-east-1.amazonaws.com/family_datasets/Furniture_and_Structures/Door/Natural/Door_4.jpg","https://tactileeval.s3.us-east-1.amazonaws.com/family_datasets/Furniture_and_Structures/Door/Tactile/4.jpg","","[{""question1"":{""all_correct"":false,""extra_parts"":true,""missing_parts"":true,""wrong_location"":false},""question10"":{""all_correct"":false,""extra_parts"":false,""missing_parts"":true,""wrong_location"":false},""question2"":{""all_correct"":false,""extra_parts"":true,""missing_parts"":false,""wrong_location"":false},""question3"":{""all_correct"":false,""extra_parts"":true,""missing_parts"":false,""wrong_location"":false},""question4"":{""all_correct"":false,""extra_parts"":true,""missing_parts"":false,""wrong_location"":false},""question5"":{""all_correct"":false,""extra_parts"":false,""missing_parts"":true,""wrong_location"":false},""question6"":{""all_correct"":false,""extra_parts"":true,""missing_parts"":false,""wrong_location"":true},""question7"":{""all_correct"":false,""extra_parts"":false,""missing_parts"":false,""wrong_location"":true},""question8"":{""all_correct"":false,""extra_parts"":false,""missing_parts"":true,""wrong_location"":true},""question9"":{""all_correct"":false,""extra_parts"":false,""missing_parts"":true,""wrong_location"":true}}]"
"3FJ2RVH26RKRQI2K8J7E5F37QG229V","3J2L5QGBT1OH89RPJDNGBQLLQKL2QS","Judge if an objects line-art has missing elements (10 pairs)","Review 10  line-arts and judge if it has/hasn't missing or extra content. (10 pairs)","tactile, image review, accessibility, furniture and structures","$0.08","Tue Apr 14 17:47:17 PDT 2026","9","BatchId:5385438;OriginalHitTemplateId:928390873;","1800","1296000","Sun Apr 19 10:30:37 PDT 2026","","","3F0BG9B9NI1FZ45RC9LQO79ZE0U7Y7","A3YMV4L5PLL2V","Rejected","Tue Apr 14 20:12:02 PDT 2026","Tue Apr 14 20:18:31 PDT 2026","Wed Apr 29 20:18:31 PDT 2026","","Sat Apr 18 20:00:33 PDT 2026","Thank you for your time. Unfortunately this submission did not pass the embedded gold-standard checks; this task requires very careful attention to detail.","389","50% (6/12)","50% (6/12)","50% (6/12)","Chair","https://tactileeval.s3.us-east-1.amazonaws.com/family_datasets/Furniture_and_Structures/Chair/Natural/7_Chair.jpg","https://tactileeval.s3.us-east-1.amazonaws.com/family_datasets/Furniture_and_Structures/Chair/Tactile/7.jpg","","Chair","https://tactileeval.s3.us-east-1.amazonaws.com/family_datasets/Furniture_and_Structures/Chair/Natural/8_Chair.jpg","https://tactileeval.s3.us-east-1.amazonaws.com/family_datasets/Furniture_and_Structures/Chair/Tactile/8.jpg","","Chair","https://tactileeval.s3.us-east-1.amazonaws.com/family_datasets/Furniture_and_Structures/Chair/Natural/9_Chair.jpg","https://tactileeval.s3.us-east-1.amazonaws.com/family_datasets/Furniture_and_Structures/Chair/Tactile/9.jpg","","Chair","https://tactileeval.s3.us-east-1.amazonaws.com/family_datasets/Furniture_and_Structures/Chair/Natural/10_Chair.jpg","https://tactileeval.s3.us-east-1.amazonaws.com/family_datasets/Furniture_and_Structures/Chair/Tactile/10.jpg","","Chair","https://tactileeval.s3.us-east-1.amazonaws.com/family_datasets/Furniture_and_Structures/Chair/Natural/11_Chair%282%29.jpg","https://tactileeval.s3.us-east-1.amazonaws.com/family_datasets/Furniture_and_Structures/Chair/Tactile/11.jpg","","Chair","https://tactileeval.s3.us-east-1.amazonaws.com/family_datasets/Furniture_and_Structures/Chair/Natural/12_Chair%282%29.jpg","https://tactileeval.s3.us-east-1.amazonaws.com/family_datasets/Furniture_and_Structures/Chair/Tactile/12.png","","Door","https://tactileeval.s3.us-east-1.amazonaws.com/family_datasets/Furniture_and_Structures/Door/Natural/Door_1.jpg","https://tactileeval.s3.us-east-1.amazonaws.com/family_datasets/Furniture_and_Structures/Door/Tactile/1.jpg","","Door","https://tactileeval.s3.us-east-1.amazonaws.com/family_datasets/Furniture_and_Structures/Door/Natural/Door_2.jpg","https://tactileeval.s3.us-east-1.amazonaws.com/family_datasets/Furniture_and_Structures/Door/Tactile/2.jpg","","Door","https://tactileeval.s3.us-east-1.amazonaws.com/family_datasets/Furniture_and_Structures/Door/Natural/Door_3.jpg","https://tactileeval.s3.us-east-1.amazonaws.com/family_datasets/Furniture_and_Structures/Door/Tactile/3.png","","Door","https://tactileeval.s3.us-east-1.amazonaws.com/family_datasets/Furniture_and_Structures/Door/Natural/Door_4.jpg","https://tactileeval.s3.us-east-1.amazonaws.com/family_datasets/Furniture_and_Structures/Door/Tactile/4.jpg","","[{""question1"":{""all_correct"":false,""extra_parts"":true,""missing_parts"":true,""wrong_location"":true},""question10"":{""all_correct"":false,""extra_parts"":false,""missing_parts"":true,""wrong_location"":true},""question2"":{""all_correct"":false,""extra_parts"":true,""missing_parts"":false,""wrong_location"":true},""question3"":{""all_correct"":false,""extra_parts"":true,""missing_parts"":false,""wrong_location"":true},""question4"":{""all_correct"":true,""extra_parts"":false,""missing_parts"":false,""wrong_location"":false},""question5"":{""all_correct"":false,""extra_parts"":false,""missing_parts"":true,""wrong_location"":true},""question6"":{""all_correct"":false,""extra_parts"":false,""missing_parts"":true,""wrong_location"":true},""question7"":{""all_correct"":true,""extra_parts"":false,""missing_parts"":false,""wrong_location"":false},""question8"":{""all_correct"":false,""extra_parts"":false,""missing_parts"":true,""wrong_location"":true},""question9"":{""all_correct"":false,""extra_parts"":false,""missing_parts"":true,""wrong_location"":true}}]"
"3FJ2RVH26RKRQI2K8J7E5F37QG229V","3J2L5QGBT1OH89RPJDNGBQLLQKL2QS","Judge if an objects line-art has missing elements (10 pairs)","Review 10  line-arts and judge if it has/hasn't missing or extra content. (10 pairs)","tactile, image review, accessibility, furniture and structures","$0.08","Tue Apr 14 17:47:17 PDT 2026","9","BatchId:5385438;OriginalHitTemplateId:928390873;","1800","1296000","Sun Apr 19 10:30:37 PDT 2026","","","3JC6VJ2SB4XZGIT58ASDN1DWK3W5AG","A21SP66LYUNOR7","Rejected","Tue Apr 14 20:12:08 PDT 2026","Tue Apr 14 20:23:33 PDT 2026","Wed Apr 29 20:23:33 PDT 2026","","Sat Apr 18 20:00:33 PDT 2026","Thank you for your time. Unfortunately this submission did not pass the embedded gold-standard checks; this task requires very careful attention to detail.","685","74% (17/23)","74% (17/23)","74% (17/23)","Chair","https://tactileeval.s3.us-east-1.amazonaws.com/family_datasets/Furniture_and_Structures/Chair/Natural/7_Chair.jpg","https://tactileeval.s3.us-east-1.amazonaws.com/family_datasets/Furniture_and_Structures/Chair/Tactile/7.jpg","","Chair","https://tactileeval.s3.us-east-1.amazonaws.com/family_datasets/Furniture_and_Structures/Chair/Natural/8_Chair.jpg","https://tactileeval.s3.us-east-1.amazonaws.com/family_datasets/Furniture_and_Structures/Chair/Tactile/8.jpg","","Chair","https://tactileeval.s3.us-east-1.amazonaws.com/family_datasets/Furniture_and_Structures/Chair/Natural/9_Chair.jpg","https://tactileeval.s3.us-east-1.amazonaws.com/family_datasets/Furniture_and_Structures/Chair/Tactile/9.jpg","","Chair","https://tactileeval.s3.us-east-1.amazonaws.com/family_datasets/Furniture_and_Structures/Chair/Natural/10_Chair.jpg","https://tactileeval.s3.us-east-1.amazonaws.com/family_datasets/Furniture_and_Structures/Chair/Tactile/10.jpg","","Chair","https://tactileeval.s3.us-east-1.amazonaws.com/family_datasets/Furniture_and_Structures/Chair/Natural/11_Chair%282%29.jpg","https://tactileeval.s3.us-east-1.amazonaws.com/family_datasets/Furniture_and_Structures/Chair/Tactile/11.jpg","","Chair","https://tactileeval.s3.us-east-1.amazonaws.com/family_datasets/Furniture_and_Structures/Chair/Natural/12_Chair%282%29.jpg","https://tactileeval.s3.us-east-1.amazonaws.com/family_datasets/Furniture_and_Structures/Chair/Tactile/12.png","","Door","https://tactileeval.s3.us-east-1.amazonaws.com/family_datasets/Furniture_and_Structures/Door/Natural/Door_1.jpg","https://tactileeval.s3.us-east-1.amazonaws.com/family_datasets/Furniture_and_Structures/Door/Tactile/1.jpg","","Door","https://tactileeval.s3.us-east-1.amazonaws.com/family_datasets/Furniture_and_Structures/Door/Natural/Door_2.jpg","https://tactileeval.s3.us-east-1.amazonaws.com/family_datasets/Furniture_and_Structures/Door/Tactile/2.jpg","","Door","https://tactileeval.s3.us-east-1.amazonaws.com/family_datasets/Furniture_and_Structures/Door/Natural/Door_3.jpg","https://tactileeval.s3.us-east-1.amazonaws.com/family_datasets/Furniture_and_Structures/Door/Tactile/3.png","","Door","https://tactileeval.s3.us-east-1.amazonaws.com/family_datasets/Furniture_and_Structures/Door/Natural/Door_4.jpg","https://tactileeval.s3.us-east-1.amazonaws.com/family_datasets/Furniture_and_Structures/Door/Tactile/4.jpg","","[{""question1"":{""all_correct"":false,""extra_parts"":true,""missing_parts"":false,""wrong_location"":true},""question10"":{""all_correct"":false,""extra_parts"":false,""missing_parts"":false,""wrong_location"":true},""question2"":{""all_correct"":false,""extra_parts"":true,""missing_parts"":false,""wrong_location"":true},""question3"":{""all_correct"":false,""extra_parts"":false,""missing_parts"":false,""wrong_location"":true},""question4"":{""all_correct"":true,""extra_parts"":false,""missing_parts"":false,""wrong_location"":false},""question5"":{""all_correct"":false,""extra_parts"":false,""missing_parts"":true,""wrong_location"":true},""question6"":{""all_correct"":false,""extra_parts"":true,""missing_parts"":false,""wrong_location"":true},""question7"":{""all_correct"":true,""extra_parts"":false,""missing_parts"":false,""wrong_location"":false},""question8"":{""all_correct"":false,""extra_parts"":false,""missing_parts"":true,""wrong_location"":true},""question9"":{""all_correct"":false,""extra_parts"":false,""missing_parts"":true,""wrong_location"":false}}]"
"3FJ2RVH26RKRQI2K8J7E5F37QG229V","3J2L5QGBT1OH89RPJDNGBQLLQKL2QS","Judge if an objects line-art has missing elements (10 pairs)","Review 10  line-arts and judge if it has/hasn't missing or extra content. (10 pairs)","tactile, image review, accessibility, furniture and structures","$0.08","Tue Apr 14 17:47:17 PDT 2026","9","BatchId:5385438;OriginalHitTemplateId:928390873;","1800","1296000","Sun Apr 19 10:30:37 PDT 2026","","","3NS0A6KXDXMYXNQX1YR38RVUJ7WZGS","A3JE60IF6QQS2L","Approved","Sun Apr 19 09:09:30 PDT 2026","Sun Apr 19 09:12:23 PDT 2026","Mon May 04 09:12:23 PDT 2026","Sun Apr 19 09:22:04 PDT 2026","","","173","100% (6/6)","100% (6/6)","100% (6/6)","Chair","https://tactileeval.s3.us-east-1.amazonaws.com/family_datasets/Furniture_and_Structures/Chair/Natural/7_Chair.jpg","https://tactileeval.s3.us-east-1.amazonaws.com/family_datasets/Furniture_and_Structures/Chair/Tactile/7.jpg","","Chair","https://tactileeval.s3.us-east-1.amazonaws.com/family_datasets/Furniture_and_Structures/Chair/Natural/8_Chair.jpg","https://tactileeval.s3.us-east-1.amazonaws.com/family_datasets/Furniture_and_Structures/Chair/Tactile/8.jpg","","Chair","https://tactileeval.s3.us-east-1.amazonaws.com/family_datasets/Furniture_and_Structures/Chair/Natural/9_Chair.jpg","https://tactileeval.s3.us-east-1.amazonaws.com/family_datasets/Furniture_and_Structures/Chair/Tactile/9.jpg","","Chair","https://tactileeval.s3.us-east-1.amazonaws.com/family_datasets/Furniture_and_Structures/Chair/Natural/10_Chair.jpg","https://tactileeval.s3.us-east-1.amazonaws.com/family_datasets/Furniture_and_Structures/Chair/Tactile/10.jpg","","Chair","https://tactileeval.s3.us-east-1.amazonaws.com/family_datasets/Furniture_and_Structures/Chair/Natural/11_Chair%282%29.jpg","https://tactileeval.s3.us-east-1.amazonaws.com/family_datasets/Furniture_and_Structures/Chair/Tactile/11.jpg","","Chair","https://tactileeval.s3.us-east-1.amazonaws.com/family_datasets/Furniture_and_Structures/Chair/Natural/12_Chair%282%29.jpg","https://tactileeval.s3.us-east-1.amazonaws.com/family_datasets/Furniture_and_Structures/Chair/Tactile/12.png","","Door","https://tactileeval.s3.us-east-1.amazonaws.com/family_datasets/Furniture_and_Structures/Door/Natural/Door_1.jpg","https://tactileeval.s3.us-east-1.amazonaws.com/family_datasets/Furniture_and_Structures/Door/Tactile/1.jpg","","Door","https://tactileeval.s3.us-east-1.amazonaws.com/family_datasets/Furniture_and_Structures/Door/Natural/Door_2.jpg","https://tactileeval.s3.us-east-1.amazonaws.com/family_datasets/Furniture_and_Structures/Door/Tactile/2.jpg","","Door","https://tactileeval.s3.us-east-1.amazonaws.com/family_datasets/Furniture_and_Structures/Door/Natural/Door_3.jpg","https://tactileeval.s3.us-east-1.amazonaws.com/family_datasets/Furniture_and_Structures/Door/Tactile/3.png","","Door","https://tactileeval.s3.us-east-1.amazonaws.com/family_datasets/Furniture_and_Structures/Door/Natural/Door_4.jpg","https://tactileeval.s3.us-east-1.amazonaws.com/family_datasets/Furniture_and_Structures/Door/Tactile/4.jpg","","[{""question1"":{""all_correct"":false,""extra_parts"":true,""missing_parts"":false,""wrong_location"":true},""question10"":{""all_correct"":false,""extra_parts"":true,""missing_parts"":false,""wrong_location"":true},""question2"":{""all_correct"":false,""extra_parts"":true,""missing_parts"":false,""wrong_location"":false},""question3"":{""all_correct"":false,""extra_parts"":true,""missing_parts"":false,""wrong_location"":false},""question4"":{""all_correct"":false,""extra_parts"":true,""missing_parts"":false,""wrong_location"":false},""question5"":{""all_correct"":false,""extra_parts"":false,""missing_parts"":true,""wrong_location"":true},""question6"":{""all_correct"":false,""extra_parts"":true,""missing_parts"":false,""wrong_location"":false},""question7"":{""all_correct"":false,""extra_parts"":true,""missing_parts"":false,""wrong_location"":true},""question8"":{""all_correct"":false,""extra_parts"":true,""missing_parts"":true,""wrong_location"":true},""question9"":{""all_correct"":false,""extra_parts"":false,""missing_parts"":true,""wrong_location"":true}}]"
"3FJ2RVH26RKRQI2K8J7E5F37QG229V","3J2L5QGBT1OH89RPJDNGBQLLQKL2QS","Judge if an objects line-art has missing elements (10 pairs)","Review 10  line-arts and judge if it has/hasn't missing or extra content. (10 pairs)","tactile, image review, accessibility, furniture and structures","$0.08","Tue Apr 14 17:47:17 PDT 2026","9","BatchId:5385438;OriginalHitTemplateId:928390873;","1800","1296000","Sun Apr 19 10:30:37 PDT 2026","","","3OS4RQUCS2TW1PRMK05I4OOFRENBFQ","ASD3A849JVVRZ","Rejected","Tue Apr 14 18:50:32 PDT 2026","Tue Apr 14 19:05:16 PDT 2026","Wed Apr 29 19:05:16 PDT 2026","","Sat Apr 18 20:00:33 PDT 2026","Thank you for your time. Unfortunately this submission did not pass the embedded gold-standard checks; this task requires very careful attention to detail.","884","82% (23/28)","82% (23/28)","82% (23/28)","Chair","https://tactileeval.s3.us-east-1.amazonaws.com/family_datasets/Furniture_and_Structures/Chair/Natural/7_Chair.jpg","https://tactileeval.s3.us-east-1.amazonaws.com/family_datasets/Furniture_and_Structures/Chair/Tactile/7.jpg","","Chair","https://tactileeval.s3.us-east-1.amazonaws.com/family_datasets/Furniture_and_Structures/Chair/Natural/8_Chair.jpg","https://tactileeval.s3.us-east-1.amazonaws.com/family_datasets/Furniture_and_Structures/Chair/Tactile/8.jpg","","Chair","https://tactileeval.s3.us-east-1.amazonaws.com/family_datasets/Furniture_and_Structures/Chair/Natural/9_Chair.jpg","https://tactileeval.s3.us-east-1.amazonaws.com/family_datasets/Furniture_and_Structures/Chair/Tactile/9.jpg","","Chair","https://tactileeval.s3.us-east-1.amazonaws.com/family_datasets/Furniture_and_Structures/Chair/Natural/10_Chair.jpg","https://tactileeval.s3.us-east-1.amazonaws.com/family_datasets/Furniture_and_Structures/Chair/Tactile/10.jpg","","Chair","https://tactileeval.s3.us-east-1.amazonaws.com/family_datasets/Furniture_and_Structures/Chair/Natural/11_Chair%282%29.jpg","https://tactileeval.s3.us-east-1.amazonaws.com/family_datasets/Furniture_and_Structures/Chair/Tactile/11.jpg","","Chair","https://tactileeval.s3.us-east-1.amazonaws.com/family_datasets/Furniture_and_Structures/Chair/Natural/12_Chair%282%29.jpg","https://tactileeval.s3.us-east-1.amazonaws.com/family_datasets/Furniture_and_Structures/Chair/Tactile/12.png","","Door","https://tactileeval.s3.us-east-1.amazonaws.com/family_datasets/Furniture_and_Structures/Door/Natural/Door_1.jpg","https://tactileeval.s3.us-east-1.amazonaws.com/family_datasets/Furniture_and_Structures/Door/Tactile/1.jpg","","Door","https://tactileeval.s3.us-east-1.amazonaws.com/family_datasets/Furniture_and_Structures/Door/Natural/Door_2.jpg","https://tactileeval.s3.us-east-1.amazonaws.com/family_datasets/Furniture_and_Structures/Door/Tactile/2.jpg","","Door","https://tactileeval.s3.us-east-1.amazonaws.com/family_datasets/Furniture_and_Structures/Door/Natural/Door_3.jpg","https://tactileeval.s3.us-east-1.amazonaws.com/family_datasets/Furniture_and_Structures/Door/Tactile/3.png","","Door","https://tactileeval.s3.us-east-1.amazonaws.com/family_datasets/Furniture_and_Structures/Door/Natural/Door_4.jpg","https://tactileeval.s3.us-east-1.amazonaws.com/family_datasets/Furniture_and_Structures/Door/Tactile/4.jpg","","[{""question1"":{""all_correct"":false,""extra_parts"":false,""missing_parts"":true,""wrong_location"":true},""question10"":{""all_correct"":false,""extra_parts"":false,""missing_parts"":true,""wrong_location"":false},""question2"":{""all_correct"":false,""extra_parts"":true,""missing_parts"":false,""wrong_location"":true},""question3"":{""all_correct"":false,""extra_parts"":true,""missing_parts"":false,""wrong_location"":false},""question4"":{""all_correct"":true,""extra_parts"":false,""missing_parts"":false,""wrong_location"":false},""question5"":{""all_correct"":false,""extra_parts"":true,""missing_parts"":false,""wrong_location"":false},""question6"":{""all_correct"":false,""extra_parts"":true,""missing_parts"":false,""wrong_location"":false},""question7"":{""all_correct"":true,""extra_parts"":false,""missing_parts"":false,""wrong_location"":false},""question8"":{""all_correct"":false,""extra_parts"":false,""missing_parts"":false,""wrong_location"":true},""question9"":{""all_correct"":false,""extra_parts"":false,""missing_parts"":true,""wrong_location"":false}}]"
"3FJ2RVH26RKRQI2K8J7E5F37QG229V","3J2L5QGBT1OH89RPJDNGBQLLQKL2QS","Judge if an objects line-art has missing elements (10 pairs)","Review 10  line-arts and judge if it has/hasn't missing or extra content. (10 pairs)","tactile, image review, accessibility, furniture and structures","$0.08","Tue Apr 14 17:47:17 PDT 2026","9","BatchId:5385438;OriginalHitTemplateId:928390873;","1800","1296000","Sun Apr 19 10:30:37 PDT 2026","","","3P4MQ7TPQQQ6O8F6FYJMLYXUCGVBB8","A284MIYRBSSI2J","Approved","Tue Apr 14 18:50:45 PDT 2026","Tue Apr 14 19:15:37 PDT 2026","Wed Apr 29 19:15:37 PDT 2026","Sat Apr 18 20:00:33 PDT 2026","","","1492","62% (8/13)","62% (8/13)","62% (8/13)","Chair","https://tactileeval.s3.us-east-1.amazonaws.com/family_datasets/Furniture_and_Structures/Chair/Natural/7_Chair.jpg","https://tactileeval.s3.us-east-1.amazonaws.com/family_datasets/Furniture_and_Structures/Chair/Tactile/7.jpg","","Chair","https://tactileeval.s3.us-east-1.amazonaws.com/family_datasets/Furniture_and_Structures/Chair/Natural/8_Chair.jpg","https://tactileeval.s3.us-east-1.amazonaws.com/family_datasets/Furniture_and_Structures/Chair/Tactile/8.jpg","","Chair","https://tactileeval.s3.us-east-1.amazonaws.com/family_datasets/Furniture_and_Structures/Chair/Natural/9_Chair.jpg","https://tactileeval.s3.us-east-1.amazonaws.com/family_datasets/Furniture_and_Structures/Chair/Tactile/9.jpg","","Chair","https://tactileeval.s3.us-east-1.amazonaws.com/family_datasets/Furniture_and_Structures/Chair/Natural/10_Chair.jpg","https://tactileeval.s3.us-east-1.amazonaws.com/family_datasets/Furniture_and_Structures/Chair/Tactile/10.jpg","","Chair","https://tactileeval.s3.us-east-1.amazonaws.com/family_datasets/Furniture_and_Structures/Chair/Natural/11_Chair%282%29.jpg","https://tactileeval.s3.us-east-1.amazonaws.com/family_datasets/Furniture_and_Structures/Chair/Tactile/11.jpg","","Chair","https://tactileeval.s3.us-east-1.amazonaws.com/family_datasets/Furniture_and_Structures/Chair/Natural/12_Chair%282%29.jpg","https://tactileeval.s3.us-east-1.amazonaws.com/family_datasets/Furniture_and_Structures/Chair/Tactile/12.png","","Door","https://tactileeval.s3.us-east-1.amazonaws.com/family_datasets/Furniture_and_Structures/Door/Natural/Door_1.jpg","https://tactileeval.s3.us-east-1.amazonaws.com/family_datasets/Furniture_and_Structures/Door/Tactile/1.jpg","","Door","https://tactileeval.s3.us-east-1.amazonaws.com/family_datasets/Furniture_and_Structures/Door/Natural/Door_2.jpg","https://tactileeval.s3.us-east-1.amazonaws.com/family_datasets/Furniture_and_Structures/Door/Tactile/2.jpg","","Door","https://tactileeval.s3.us-east-1.amazonaws.com/family_datasets/Furniture_and_Structures/Door/Natural/Door_3.jpg","https://tactileeval.s3.us-east-1.amazonaws.com/family_datasets/Furniture_and_Structures/Door/Tactile/3.png","","Door","https://tactileeval.s3.us-east-1.amazonaws.com/family_datasets/Furniture_and_Structures/Door/Natural/Door_4.jpg","https://tactileeval.s3.us-east-1.amazonaws.com/family_datasets/Furniture_and_Structures/Door/Tactile/4.jpg","","[{""question1"":{""all_correct"":false,""extra_parts"":true,""missing_parts"":true,""wrong_location"":false},""question10"":{""all_correct"":false,""extra_parts"":false,""missing_parts"":true,""wrong_location"":false},""question2"":{""all_correct"":false,""extra_parts"":true,""missing_parts"":false,""wrong_location"":false},""question3"":{""all_correct"":false,""extra_parts"":true,""missing_parts"":false,""wrong_location"":false},""question4"":{""all_correct"":true,""extra_parts"":false,""missing_parts"":false,""wrong_location"":false},""question5"":{""all_correct"":false,""extra_parts"":true,""missing_parts"":false,""wrong_location"":false},""question6"":{""all_correct"":false,""extra_parts"":true,""missing_parts"":false,""wrong_location"":true},""question7"":{""all_correct"":true,""extra_parts"":false,""missing_parts"":false,""wrong_location"":false},""question8"":{""all_correct"":false,""extra_parts"":false,""missing_parts"":true,""wrong_location"":true},""question9"":{""all_correct"":false,""extra_parts"":false,""missing_parts"":true,""wrong_location"":false}}]"
"3FJ2RVH26RKRQI2K8J7E5F37QG229V","3J2L5QGBT1OH89RPJDNGBQLLQKL2QS","Judge if an objects line-art has missing elements (10 pairs)","Review 10  line-arts and judge if it has/hasn't missing or extra content. (10 pairs)","tactile, image review, accessibility, furniture and structures","$0.08","Tue Apr 14 17:47:17 PDT 2026","9","BatchId:5385438;OriginalHitTemplateId:928390873;","1800","1296000","Sun Apr 19 10:30:37 PDT 2026","","","3TK8OJTYNUZN1GEM3KSNHUWQWEWPVN","AC92JOAQIRPU2","Rejected","Wed Apr 15 03:02:03 PDT 2026","Wed Apr 15 03:18:18 PDT 2026","Thu Apr 30 03:18:18 PDT 2026","","Sat Apr 18 20:00:31 PDT 2026","Thank you for your time. Unfortunately this submission did not pass the embedded gold-standard checks; this task requires very careful attention to detail.","975","83% (5/6)","0% (0/1)","0% (0/1)","Chair","https://tactileeval.s3.us-east-1.amazonaws.com/family_datasets/Furniture_and_Structures/Chair/Natural/7_Chair.jpg","https://tactileeval.s3.us-east-1.amazonaws.com/family_datasets/Furniture_and_Structures/Chair/Tactile/7.jpg","","Chair","https://tactileeval.s3.us-east-1.amazonaws.com/family_datasets/Furniture_and_Structures/Chair/Natural/8_Chair.jpg","https://tactileeval.s3.us-east-1.amazonaws.com/family_datasets/Furniture_and_Structures/Chair/Tactile/8.jpg","","Chair","https://tactileeval.s3.us-east-1.amazonaws.com/family_datasets/Furniture_and_Structures/Chair/Natural/9_Chair.jpg","https://tactileeval.s3.us-east-1.amazonaws.com/family_datasets/Furniture_and_Structures/Chair/Tactile/9.jpg","","Chair","https://tactileeval.s3.us-east-1.amazonaws.com/family_datasets/Furniture_and_Structures/Chair/Natural/10_Chair.jpg","https://tactileeval.s3.us-east-1.amazonaws.com/family_datasets/Furniture_and_Structures/Chair/Tactile/10.jpg","","Chair","https://tactileeval.s3.us-east-1.amazonaws.com/family_datasets/Furniture_and_Structures/Chair/Natural/11_Chair%282%29.jpg","https://tactileeval.s3.us-east-1.amazonaws.com/family_datasets/Furniture_and_Structures/Chair/Tactile/11.jpg","","Chair","https://tactileeval.s3.us-east-1.amazonaws.com/family_datasets/Furniture_and_Structures/Chair/Natural/12_Chair%282%29.jpg","https://tactileeval.s3.us-east-1.amazonaws.com/family_datasets/Furniture_and_Structures/Chair/Tactile/12.png","","Door","https://tactileeval.s3.us-east-1.amazonaws.com/family_datasets/Furniture_and_Structures/Door/Natural/Door_1.jpg","https://tactileeval.s3.us-east-1.amazonaws.com/family_datasets/Furniture_and_Structures/Door/Tactile/1.jpg","","Door","https://tactileeval.s3.us-east-1.amazonaws.com/family_datasets/Furniture_and_Structures/Door/Natural/Door_2.jpg","https://tactileeval.s3.us-east-1.amazonaws.com/family_datasets/Furniture_and_Structures/Door/Tactile/2.jpg","","Door","https://tactileeval.s3.us-east-1.amazonaws.com/family_datasets/Furniture_and_Structures/Door/Natural/Door_3.jpg","https://tactileeval.s3.us-east-1.amazonaws.com/family_datasets/Furniture_and_Structures/Door/Tactile/3.png","","Door","https://tactileeval.s3.us-east-1.amazonaws.com/family_datasets/Furniture_and_Structures/Door/Natural/Door_4.jpg","https://tactileeval.s3.us-east-1.amazonaws.com/family_datasets/Furniture_and_Structures/Door/Tactile/4.jpg","","[{""question1"":{""all_correct"":true,""extra_parts"":false,""missing_parts"":false,""wrong_location"":false},""question10"":{""all_correct"":true,""extra_parts"":false,""missing_parts"":false,""wrong_location"":false},""question2"":{""all_correct"":true,""extra_parts"":false,""missing_parts"":false,""wrong_location"":false},""question3"":{""all_correct"":false,""extra_parts"":true,""missing_parts"":false,""wrong_location"":false},""question4"":{""all_correct"":true,""extra_parts"":false,""missing_parts"":false,""wrong_location"":false},""question5"":{""all_correct"":true,""extra_parts"":false,""missing_parts"":false,""wrong_location"":false},""question6"":{""all_correct"":true,""extra_parts"":false,""missing_parts"":false,""wrong_location"":false},""question7"":{""all_correct"":false,""extra_parts"":false,""missing_parts"":true,""wrong_location"":false},""question8"":{""all_correct"":true,""extra_parts"":false,""missing_parts"":false,""wrong_location"":false},""question9"":{""all_correct"":true,""extra_parts"":false,""missing_parts"":false,""wrong_location"":false}}]"
"3OZ4VAIBFPTPTLDVI5I2WEELJJ6VJQ","3J2L5QGBT1OH89RPJDNGBQLLQKL2QS","Judge if an objects line-art has missing elements (10 pairs)","Review 10  line-arts and judge if it has/hasn't missing or extra content. (10 pairs)","tactile, image review, accessibility, furniture and structures","$0.08","Tue Apr 14 17:47:17 PDT 2026","9","BatchId:5385438;OriginalHitTemplateId:928390873;","1800","1296000","Sun Apr 19 10:30:37 PDT 2026","","","31IBVUNMALDBA3PSPHWI50IMU63VFG","ASD3A849JVVRZ","Rejected","Tue Apr 14 18:50:33 PDT 2026","Tue Apr 14 19:10:51 PDT 2026","Wed Apr 29 19:10:51 PDT 2026","","Sat Apr 18 20:00:33 PDT 2026","Thank you for your time. Unfortunately this submission did not pass the embedded gold-standard checks; this task requires very careful attention to detail.","1218","82% (23/28)","82% (23/28)","82% (23/28)","Door","https://tactileeval.s3.us-east-1.amazonaws.com/family_datasets/Furniture_and_Structures/Door/Natural/Door_5.jpg","https://tactileeval.s3.us-east-1.amazonaws.com/family_datasets/Furniture_and_Structures/Door/Tactile/5.png","","Door","https://tactileeval.s3.us-east-1.amazonaws.com/family_datasets/Furniture_and_Structures/Door/Natural/Door_6.jpg","https://tactileeval.s3.us-east-1.amazonaws.com/family_datasets/Furniture_and_Structures/Door/Tactile/6.jpg","","Door","https://tactileeval.s3.us-east-1.amazonaws.com/family_datasets/Furniture_and_Structures/Door/Natural/Door_7.jpg","https://tactileeval.s3.us-east-1.amazonaws.com/family_datasets/Furniture_and_Structures/Door/Tactile/7.jpg","","Door","https://tactileeval.s3.us-east-1.amazonaws.com/family_datasets/Furniture_and_Structures/Door/Natural/Door_8.jpg","https://tactileeval.s3.us-east-1.amazonaws.com/family_datasets/Furniture_and_Structures/Door/Tactile/8.jpg","","Door","https://tactileeval.s3.us-east-1.amazonaws.com/family_datasets/Furniture_and_Structures/Door/Natural/Door_9.jpg","https://tactileeval.s3.us-east-1.amazonaws.com/family_datasets/Furniture_and_Structures/Door/Tactile/9.jpg","","Door","https://tactileeval.s3.us-east-1.amazonaws.com/family_datasets/Furniture_and_Structures/Door/Natural/Door_10.jpg","https://tactileeval.s3.us-east-1.amazonaws.com/family_datasets/Furniture_and_Structures/Door/Tactile/10.jpg","","Door","https://tactileeval.s3.us-east-1.amazonaws.com/family_datasets/Furniture_and_Structures/Door/Natural/Door_11.jpg","https://tactileeval.s3.us-east-1.amazonaws.com/family_datasets/Furniture_and_Structures/Door/Tactile/11.jpg","","Door","https://tactileeval.s3.us-east-1.amazonaws.com/family_datasets/Furniture_and_Structures/Door/Natural/Door_12.jpg","https://tactileeval.s3.us-east-1.amazonaws.com/family_datasets/Furniture_and_Structures/Door/Tactile/12.jpg","","Door","https://tactileeval.s3.us-east-1.amazonaws.com/family_datasets/Furniture_and_Structures/Door/Natural/Door_13.jpeg","https://tactileeval.s3.us-east-1.amazonaws.com/family_datasets/Furniture_and_Structures/Door/Tactile/13.jpg","","Hut","https://tactileeval.s3.us-east-1.amazonaws.com/family_datasets/Furniture_and_Structures/Hut/Natural/1_Hut.png","https://tactileeval.s3.us-east-1.amazonaws.com/family_datasets/Furniture_and_Structures/Hut/Tactile/1.jpg","","[{""question1"":{""all_correct"":true,""extra_parts"":false,""missing_parts"":false,""wrong_location"":false},""question10"":{""all_correct"":false,""extra_parts"":true,""missing_parts"":false,""wrong_location"":false},""question2"":{""all_correct"":false,""extra_parts"":true,""missing_parts"":false,""wrong_location"":false},""question3"":{""all_correct"":false,""extra_parts"":false,""missing_parts"":true,""wrong_location"":false},""question4"":{""all_correct"":false,""extra_parts"":false,""missing_parts"":true,""wrong_location"":true},""question5"":{""all_correct"":false,""extra_parts"":false,""missing_parts"":true,""wrong_location"":true},""question6"":{""all_correct"":false,""extra_parts"":false,""missing_parts"":true,""wrong_location"":true},""question7"":{""all_correct"":false,""extra_parts"":false,""missing_parts"":true,""wrong_location"":true},""question8"":{""all_correct"":false,""extra_parts"":false,""missing_parts"":true,""wrong_location"":true},""question9"":{""all_correct"":false,""extra_parts"":false,""missing_parts"":false,""wrong_location"":true}}]"
"3OZ4VAIBFPTPTLDVI5I2WEELJJ6VJQ","3J2L5QGBT1OH89RPJDNGBQLLQKL2QS","Judge if an objects line-art has missing elements (10 pairs)","Review 10  line-arts and judge if it has/hasn't missing or extra content. (10 pairs)","tactile, image review, accessibility, furniture and structures","$0.08","Tue Apr 14 17:47:17 PDT 2026","9","BatchId:5385438;OriginalHitTemplateId:928390873;","1800","1296000","Sun Apr 19 10:30:37 PDT 2026","","","33LK57MYMMJ1NSZOWYLKX5EX78AZSC","A3YMV4L5PLL2V","Rejected","Tue Apr 14 20:11:36 PDT 2026","Tue Apr 14 20:13:17 PDT 2026","Wed Apr 29 20:13:17 PDT 2026","","Sat Apr 18 20:00:33 PDT 2026","Thank you for your time. Unfortunately this submission did not pass the embedded gold-standard checks; this task requires very careful attention to detail.","101","50% (6/12)","50% (6/12)","50% (6/12)","Door","https://tactileeval.s3.us-east-1.amazonaws.com/family_datasets/Furniture_and_Structures/Door/Natural/Door_5.jpg","https://tactileeval.s3.us-east-1.amazonaws.com/family_datasets/Furniture_and_Structures/Door/Tactile/5.png","","Door","https://tactileeval.s3.us-east-1.amazonaws.com/family_datasets/Furniture_and_Structures/Door/Natural/Door_6.jpg","https://tactileeval.s3.us-east-1.amazonaws.com/family_datasets/Furniture_and_Structures/Door/Tactile/6.jpg","","Door","https://tactileeval.s3.us-east-1.amazonaws.com/family_datasets/Furniture_and_Structures/Door/Natural/Door_7.jpg","https://tactileeval.s3.us-east-1.amazonaws.com/family_datasets/Furniture_and_Structures/Door/Tactile/7.jpg","","Door","https://tactileeval.s3.us-east-1.amazonaws.com/family_datasets/Furniture_and_Structures/Door/Natural/Door_8.jpg","https://tactileeval.s3.us-east-1.amazonaws.com/family_datasets/Furniture_and_Structures/Door/Tactile/8.jpg","","Door","https://tactileeval.s3.us-east-1.amazonaws.com/family_datasets/Furniture_and_Structures/Door/Natural/Door_9.jpg","https://tactileeval.s3.us-east-1.amazonaws.com/family_datasets/Furniture_and_Structures/Door/Tactile/9.jpg","","Door","https://tactileeval.s3.us-east-1.amazonaws.com/family_datasets/Furniture_and_Structures/Door/Natural/Door_10.jpg","https://tactileeval.s3.us-east-1.amazonaws.com/family_datasets/Furniture_and_Structures/Door/Tactile/10.jpg","","Door","https://tactileeval.s3.us-east-1.amazonaws.com/family_datasets/Furniture_and_Structures/Door/Natural/Door_11.jpg","https://tactileeval.s3.us-east-1.amazonaws.com/family_datasets/Furniture_and_Structures/Door/Tactile/11.jpg","","Door","https://tactileeval.s3.us-east-1.amazonaws.com/family_datasets/Furniture_and_Structures/Door/Natural/Door_12.jpg","https://tactileeval.s3.us-east-1.amazonaws.com/family_datasets/Furniture_and_Structures/Door/Tactile/12.jpg","","Door","https://tactileeval.s3.us-east-1.amazonaws.com/family_datasets/Furniture_and_Structures/Door/Natural/Door_13.jpeg","https://tactileeval.s3.us-east-1.amazonaws.com/family_datasets/Furniture_and_Structures/Door/Tactile/13.jpg","","Hut","https://tactileeval.s3.us-east-1.amazonaws.com/family_datasets/Furniture_and_Structures/Hut/Natural/1_Hut.png","https://tactileeval.s3.us-east-1.amazonaws.com/family_datasets/Furniture_and_Structures/Hut/Tactile/1.jpg","","[{""question1"":{""all_correct"":false,""extra_parts"":true,""missing_parts"":false,""wrong_location"":false},""question10"":{""all_correct"":false,""extra_parts"":true,""missing_parts"":false,""wrong_location"":true},""question2"":{""all_correct"":false,""extra_parts"":true,""missing_parts"":false,""wrong_location"":false},""question3"":{""all_correct"":false,""extra_parts"":true,""missing_parts"":false,""wrong_location"":false},""question4"":{""all_correct"":false,""extra_parts"":false,""missing_parts"":true,""wrong_location"":true},""question5"":{""all_correct"":false,""extra_parts"":true,""missing_parts"":false,""wrong_location"":true},""question6"":{""all_correct"":false,""extra_parts"":false,""missing_parts"":true,""wrong_location"":true},""question7"":{""all_correct"":false,""extra_parts"":false,""missing_parts"":true,""wrong_location"":true},""question8"":{""all_correct"":false,""extra_parts"":false,""missing_parts"":true,""wrong_location"":true},""question9"":{""all_correct"":false,""extra_parts"":false,""missing_parts"":true,""wrong_location"":true}}]"
"3OZ4VAIBFPTPTLDVI5I2WEELJJ6VJQ","3J2L5QGBT1OH89RPJDNGBQLLQKL2QS","Judge if an objects line-art has missing elements (10 pairs)","Review 10  line-arts and judge if it has/hasn't missing or extra content. (10 pairs)","tactile, image review, accessibility, furniture and structures","$0.08","Tue Apr 14 17:47:17 PDT 2026","9","BatchId:5385438;OriginalHitTemplateId:928390873;","1800","1296000","Sun Apr 19 10:30:37 PDT 2026","","","3JJVG1YBF4B4ZSYXEOS9ICX22LH5BB","A21SP66LYUNOR7","Rejected","Tue Apr 14 20:12:09 PDT 2026","Tue Apr 14 20:25:03 PDT 2026","Wed Apr 29 20:25:03 PDT 2026","","Sat Apr 18 20:00:33 PDT 2026","Thank you for your time. Unfortunately this submission did not pass the embedded gold-standard checks; this task requires very careful attention to detail.","774","74% (17/23)","74% (17/23)","74% (17/23)","Door","https://tactileeval.s3.us-east-1.amazonaws.com/family_datasets/Furniture_and_Structures/Door/Natural/Door_5.jpg","https://tactileeval.s3.us-east-1.amazonaws.com/family_datasets/Furniture_and_Structures/Door/Tactile/5.png","","Door","https://tactileeval.s3.us-east-1.amazonaws.com/family_datasets/Furniture_and_Structures/Door/Natural/Door_6.jpg","https://tactileeval.s3.us-east-1.amazonaws.com/family_datasets/Furniture_and_Structures/Door/Tactile/6.jpg","","Door","https://tactileeval.s3.us-east-1.amazonaws.com/family_datasets/Furniture_and_Structures/Door/Natural/Door_7.jpg","https://tactileeval.s3.us-east-1.amazonaws.com/family_datasets/Furniture_and_Structures/Door/Tactile/7.jpg","","Door","https://tactileeval.s3.us-east-1.amazonaws.com/family_datasets/Furniture_and_Structures/Door/Natural/Door_8.jpg","https://tactileeval.s3.us-east-1.amazonaws.com/family_datasets/Furniture_and_Structures/Door/Tactile/8.jpg","","Door","https://tactileeval.s3.us-east-1.amazonaws.com/family_datasets/Furniture_and_Structures/Door/Natural/Door_9.jpg","https://tactileeval.s3.us-east-1.amazonaws.com/family_datasets/Furniture_and_Structures/Door/Tactile/9.jpg","","Door","https://tactileeval.s3.us-east-1.amazonaws.com/family_datasets/Furniture_and_Structures/Door/Natural/Door_10.jpg","https://tactileeval.s3.us-east-1.amazonaws.com/family_datasets/Furniture_and_Structures/Door/Tactile/10.jpg","","Door","https://tactileeval.s3.us-east-1.amazonaws.com/family_datasets/Furniture_and_Structures/Door/Natural/Door_11.jpg","https://tactileeval.s3.us-east-1.amazonaws.com/family_datasets/Furniture_and_Structures/Door/Tactile/11.jpg","","Door","https://tactileeval.s3.us-east-1.amazonaws.com/family_datasets/Furniture_and_Structures/Door/Natural/Door_12.jpg","https://tactileeval.s3.us-east-1.amazonaws.com/family_datasets/Furniture_and_Structures/Door/Tactile/12.jpg","","Door","https://tactileeval.s3.us-east-1.amazonaws.com/family_datasets/Furniture_and_Structures/Door/Natural/Door_13.jpeg","https://tactileeval.s3.us-east-1.amazonaws.com/family_datasets/Furniture_and_Structures/Door/Tactile/13.jpg","","Hut","https://tactileeval.s3.us-east-1.amazonaws.com/family_datasets/Furniture_and_Structures/Hut/Natural/1_Hut.png","https://tactileeval.s3.us-east-1.amazonaws.com/family_datasets/Furniture_and_Structures/Hut/Tactile/1.jpg","","[{""question1"":{""all_correct"":false,""extra_parts"":false,""missing_parts"":false,""wrong_location"":true},""question10"":{""all_correct"":false,""extra_parts"":false,""missing_parts"":false,""wrong_location"":true},""question2"":{""all_correct"":false,""extra_parts"":false,""missing_parts"":true,""wrong_location"":true},""question3"":{""all_correct"":false,""extra_parts"":false,""missing_parts"":true,""wrong_location"":true},""question4"":{""all_correct"":false,""extra_parts"":false,""missing_parts"":true,""wrong_location"":true},""question5"":{""all_correct"":false,""extra_parts"":false,""missing_parts"":false,""wrong_location"":true},""question6"":{""all_correct"":false,""extra_parts"":false,""missing_parts"":true,""wrong_location"":true},""question7"":{""all_correct"":false,""extra_parts"":false,""missing_parts"":true,""wrong_location"":true},""question8"":{""all_correct"":false,""extra_parts"":false,""missing_parts"":false,""wrong_location"":true},""question9"":{""all_correct"":false,""extra_parts"":false,""missing_parts"":false,""wrong_location"":true}}]"
"3OZ4VAIBFPTPTLDVI5I2WEELJJ6VJQ","3J2L5QGBT1OH89RPJDNGBQLLQKL2QS","Judge if an objects line-art has missing elements (10 pairs)","Review 10  line-arts and judge if it has/hasn't missing or extra content. (10 pairs)","tactile, image review, accessibility, furniture and structures","$0.08","Tue Apr 14 17:47:17 PDT 2026","9","BatchId:5385438;OriginalHitTemplateId:928390873;","1800","1296000","Sun Apr 19 10:30:37 PDT 2026","","","3N4BPTXIP16MDAS6L2DAPR88OXHKUS","A1AFLUR3ASLQMN","Rejected","Wed Apr 15 03:02:04 PDT 2026","Wed Apr 15 03:16:29 PDT 2026","Thu Apr 30 03:16:29 PDT 2026","","Sat Apr 18 20:00:33 PDT 2026","Thank you for your time. Unfortunately this submission did not pass the embedded gold-standard checks; this task requires very careful attention to detail.","865","90% (9/10)","0% (0/1)","0% (0/1)","Door","https://tactileeval.s3.us-east-1.amazonaws.com/family_datasets/Furniture_and_Structures/Door/Natural/Door_5.jpg","https://tactileeval.s3.us-east-1.amazonaws.com/family_datasets/Furniture_and_Structures/Door/Tactile/5.png","","Door","https://tactileeval.s3.us-east-1.amazonaws.com/family_datasets/Furniture_and_Structures/Door/Natural/Door_6.jpg","https://tactileeval.s3.us-east-1.amazonaws.com/family_datasets/Furniture_and_Structures/Door/Tactile/6.jpg","","Door","https://tactileeval.s3.us-east-1.amazonaws.com/family_datasets/Furniture_and_Structures/Door/Natural/Door_7.jpg","https://tactileeval.s3.us-east-1.amazonaws.com/family_datasets/Furniture_and_Structures/Door/Tactile/7.jpg","","Door","https://tactileeval.s3.us-east-1.amazonaws.com/family_datasets/Furniture_and_Structures/Door/Natural/Door_8.jpg","https://tactileeval.s3.us-east-1.amazonaws.com/family_datasets/Furniture_and_Structures/Door/Tactile/8.jpg","","Door","https://tactileeval.s3.us-east-1.amazonaws.com/family_datasets/Furniture_and_Structures/Door/Natural/Door_9.jpg","https://tactileeval.s3.us-east-1.amazonaws.com/family_datasets/Furniture_and_Structures/Door/Tactile/9.jpg","","Door","https://tactileeval.s3.us-east-1.amazonaws.com/family_datasets/Furniture_and_Structures/Door/Natural/Door_10.jpg","https://tactileeval.s3.us-east-1.amazonaws.com/family_datasets/Furniture_and_Structures/Door/Tactile/10.jpg","","Door","https://tactileeval.s3.us-east-1.amazonaws.com/family_datasets/Furniture_and_Structures/Door/Natural/Door_11.jpg","https://tactileeval.s3.us-east-1.amazonaws.com/family_datasets/Furniture_and_Structures/Door/Tactile/11.jpg","","Door","https://tactileeval.s3.us-east-1.amazonaws.com/family_datasets/Furniture_and_Structures/Door/Natural/Door_12.jpg","https://tactileeval.s3.us-east-1.amazonaws.com/family_datasets/Furniture_and_Structures/Door/Tactile/12.jpg","","Door","https://tactileeval.s3.us-east-1.amazonaws.com/family_datasets/Furniture_and_Structures/Door/Natural/Door_13.jpeg","https://tactileeval.s3.us-east-1.amazonaws.com/family_datasets/Furniture_and_Structures/Door/Tactile/13.jpg","","Hut","https://tactileeval.s3.us-east-1.amazonaws.com/family_datasets/Furniture_and_Structures/Hut/Natural/1_Hut.png","https://tactileeval.s3.us-east-1.amazonaws.com/family_datasets/Furniture_and_Structures/Hut/Tactile/1.jpg","","[{""question1"":{""all_correct"":true,""extra_parts"":false,""missing_parts"":false,""wrong_location"":false},""question10"":{""all_correct"":false,""extra_parts"":true,""missing_parts"":true,""wrong_location"":false},""question2"":{""all_correct"":true,""extra_parts"":false,""missing_parts"":false,""wrong_location"":false},""question3"":{""all_correct"":false,""extra_parts"":false,""missing_parts"":true,""wrong_location"":true},""question4"":{""all_correct"":false,""extra_parts"":false,""missing_parts"":true,""wrong_location"":true},""question5"":{""all_correct"":false,""extra_parts"":false,""missing_parts"":true,""wrong_location"":true},""question6"":{""all_correct"":false,""extra_parts"":false,""missing_parts"":true,""wrong_location"":false},""question7"":{""all_correct"":false,""extra_parts"":false,""missing_parts"":true,""wrong_location"":true},""question8"":{""all_correct"":true,""extra_parts"":false,""missing_parts"":false,""wrong_location"":false},""question9"":{""all_correct"":false,""extra_parts"":false,""missing_parts"":true,""wrong_location"":false}}]"
"3OZ4VAIBFPTPTLDVI5I2WEELJJ6VJQ","3J2L5QGBT1OH89RPJDNGBQLLQKL2QS","Judge if an objects line-art has missing elements (10 pairs)","Review 10  line-arts and judge if it has/hasn't missing or extra content. (10 pairs)","tactile, image review, accessibility, furniture and structures","$0.08","Tue Apr 14 17:47:17 PDT 2026","9","BatchId:5385438;OriginalHitTemplateId:928390873;","1800","1296000","Sun Apr 19 10:30:37 PDT 2026","","","3U5NZHP4MKGIJFJ2YVBJ2T5HOY4PHE","A2F2MA8JDO0ETG","Rejected","Tue Apr 14 23:17:20 PDT 2026","Tue Apr 14 23:25:40 PDT 2026","Wed Apr 29 23:25:40 PDT 2026","","Sat Apr 18 20:00:30 PDT 2026","Thank you for your time. Unfortunately this submission did not pass the embedded gold-standard checks; this task requires very careful attention to detail.","500","0% (0/2)","0% (0/2)","0% (0/2)","Door","https://tactileeval.s3.us-east-1.amazonaws.com/family_datasets/Furniture_and_Structures/Door/Natural/Door_5.jpg","https://tactileeval.s3.us-east-1.amazonaws.com/family_datasets/Furniture_and_Structures/Door/Tactile/5.png","","Door","https://tactileeval.s3.us-east-1.amazonaws.com/family_datasets/Furniture_and_Structures/Door/Natural/Door_6.jpg","https://tactileeval.s3.us-east-1.amazonaws.com/family_datasets/Furniture_and_Structures/Door/Tactile/6.jpg","","Door","https://tactileeval.s3.us-east-1.amazonaws.com/family_datasets/Furniture_and_Structures/Door/Natural/Door_7.jpg","https://tactileeval.s3.us-east-1.amazonaws.com/family_datasets/Furniture_and_Structures/Door/Tactile/7.jpg","","Door","https://tactileeval.s3.us-east-1.amazonaws.com/family_datasets/Furniture_and_Structures/Door/Natural/Door_8.jpg","https://tactileeval.s3.us-east-1.amazonaws.com/family_datasets/Furniture_and_Structures/Door/Tactile/8.jpg","","Door","https://tactileeval.s3.us-east-1.amazonaws.com/family_datasets/Furniture_and_Structures/Door/Natural/Door_9.jpg","https://tactileeval.s3.us-east-1.amazonaws.com/family_datasets/Furniture_and_Structures/Door/Tactile/9.jpg","","Door","https://tactileeval.s3.us-east-1.amazonaws.com/family_datasets/Furniture_and_Structures/Door/Natural/Door_10.jpg","https://tactileeval.s3.us-east-1.amazonaws.com/family_datasets/Furniture_and_Structures/Door/Tactile/10.jpg","","Door","https://tactileeval.s3.us-east-1.amazonaws.com/family_datasets/Furniture_and_Structures/Door/Natural/Door_11.jpg","https://tactileeval.s3.us-east-1.amazonaws.com/family_datasets/Furniture_and_Structures/Door/Tactile/11.jpg","","Door","https://tactileeval.s3.us-east-1.amazonaws.com/family_datasets/Furniture_and_Structures/Door/Natural/Door_12.jpg","https://tactileeval.s3.us-east-1.amazonaws.com/family_datasets/Furniture_and_Structures/Door/Tactile/12.jpg","","Door","https://tactileeval.s3.us-east-1.amazonaws.com/family_datasets/Furniture_and_Structures/Door/Natural/Door_13.jpeg","https://tactileeval.s3.us-east-1.amazonaws.com/family_datasets/Furniture_and_Structures/Door/Tactile/13.jpg","","Hut","https://tactileeval.s3.us-east-1.amazonaws.com/family_datasets/Furniture_and_Structures/Hut/Natural/1_Hut.png","https://tactileeval.s3.us-east-1.amazonaws.com/family_datasets/Furniture_and_Structures/Hut/Tactile/1.jpg","","[{""question1"":{""all_correct"":false,""extra_parts"":false,""missing_parts"":true,""wrong_location"":true},""question10"":{""all_correct"":false,""extra_parts"":false,""missing_parts"":true,""wrong_location"":true},""question2"":{""all_correct"":false,""extra_parts"":false,""missing_parts"":true,""wrong_location"":true},""question3"":{""all_correct"":false,""extra_parts"":false,""missing_parts"":true,""wrong_location"":true},""question4"":{""all_correct"":false,""extra_parts"":false,""missing_parts"":true,""wrong_location"":true},""question5"":{""all_correct"":false,""extra_parts"":false,""missing_parts"":true,""wrong_location"":false},""question6"":{""all_correct"":false,""extra_parts"":false,""missing_parts"":false,""wrong_location"":true},""question7"":{""all_correct"":false,""extra_parts"":false,""missing_parts"":false,""wrong_location"":true},""question8"":{""all_correct"":false,""extra_parts"":false,""missing_parts"":true,""wrong_location"":false},""question9"":{""all_correct"":false,""extra_parts"":false,""missing_parts"":true,""wrong_location"":false}}]"
"3OZ4VAIBFPTPTLDVI5I2WEELJJ6VJQ","3J2L5QGBT1OH89RPJDNGBQLLQKL2QS","Judge if an objects line-art has missing elements (10 pairs)","Review 10  line-arts and judge if it has/hasn't missing or extra content. (10 pairs)","tactile, image review, accessibility, furniture and structures","$0.08","Tue Apr 14 17:47:17 PDT 2026","9","BatchId:5385438;OriginalHitTemplateId:928390873;","1800","1296000","Sun Apr 19 10:30:37 PDT 2026","","","3WJ1OXY933UI30C768ZGZLNNMSP8AB","A2FK6782M09EBO","Approved","Tue Apr 14 18:47:47 PDT 2026","Tue Apr 14 19:01:43 PDT 2026","Wed Apr 29 19:01:43 PDT 2026","Sat Apr 18 20:00:33 PDT 2026","","","836","94% (103/109)","94% (103/109)","94% (103/109)","Door","https://tactileeval.s3.us-east-1.amazonaws.com/family_datasets/Furniture_and_Structures/Door/Natural/Door_5.jpg","https://tactileeval.s3.us-east-1.amazonaws.com/family_datasets/Furniture_and_Structures/Door/Tactile/5.png","","Door","https://tactileeval.s3.us-east-1.amazonaws.com/family_datasets/Furniture_and_Structures/Door/Natural/Door_6.jpg","https://tactileeval.s3.us-east-1.amazonaws.com/family_datasets/Furniture_and_Structures/Door/Tactile/6.jpg","","Door","https://tactileeval.s3.us-east-1.amazonaws.com/family_datasets/Furniture_and_Structures/Door/Natural/Door_7.jpg","https://tactileeval.s3.us-east-1.amazonaws.com/family_datasets/Furniture_and_Structures/Door/Tactile/7.jpg","","Door","https://tactileeval.s3.us-east-1.amazonaws.com/family_datasets/Furniture_and_Structures/Door/Natural/Door_8.jpg","https://tactileeval.s3.us-east-1.amazonaws.com/family_datasets/Furniture_and_Structures/Door/Tactile/8.jpg","","Door","https://tactileeval.s3.us-east-1.amazonaws.com/family_datasets/Furniture_and_Structures/Door/Natural/Door_9.jpg","https://tactileeval.s3.us-east-1.amazonaws.com/family_datasets/Furniture_and_Structures/Door/Tactile/9.jpg","","Door","https://tactileeval.s3.us-east-1.amazonaws.com/family_datasets/Furniture_and_Structures/Door/Natural/Door_10.jpg","https://tactileeval.s3.us-east-1.amazonaws.com/family_datasets/Furniture_and_Structures/Door/Tactile/10.jpg","","Door","https://tactileeval.s3.us-east-1.amazonaws.com/family_datasets/Furniture_and_Structures/Door/Natural/Door_11.jpg","https://tactileeval.s3.us-east-1.amazonaws.com/family_datasets/Furniture_and_Structures/Door/Tactile/11.jpg","","Door","https://tactileeval.s3.us-east-1.amazonaws.com/family_datasets/Furniture_and_Structures/Door/Natural/Door_12.jpg","https://tactileeval.s3.us-east-1.amazonaws.com/family_datasets/Furniture_and_Structures/Door/Tactile/12.jpg","","Door","https://tactileeval.s3.us-east-1.amazonaws.com/family_datasets/Furniture_and_Structures/Door/Natural/Door_13.jpeg","https://tactileeval.s3.us-east-1.amazonaws.com/family_datasets/Furniture_and_Structures/Door/Tactile/13.jpg","","Hut","https://tactileeval.s3.us-east-1.amazonaws.com/family_datasets/Furniture_and_Structures/Hut/Natural/1_Hut.png","https://tactileeval.s3.us-east-1.amazonaws.com/family_datasets/Furniture_and_Structures/Hut/Tactile/1.jpg","","[{""question1"":{""all_correct"":true,""extra_parts"":false,""missing_parts"":false,""wrong_location"":false},""question10"":{""all_correct"":true,""extra_parts"":false,""missing_parts"":false,""wrong_location"":false},""question2"":{""all_correct"":false,""extra_parts"":true,""missing_parts"":false,""wrong_location"":false},""question3"":{""all_correct"":false,""extra_parts"":false,""missing_parts"":false,""wrong_location"":true},""question4"":{""all_correct"":false,""extra_parts"":true,""missing_parts"":true,""wrong_location"":false},""question5"":{""all_correct"":false,""extra_parts"":false,""missing_parts"":false,""wrong_location"":true},""question6"":{""all_correct"":false,""extra_parts"":true,""missing_parts"":false,""wrong_location"":false},""question7"":{""all_correct"":false,""extra_parts"":true,""missing_parts"":false,""wrong_location"":false},""question8"":{""all_correct"":false,""extra_parts"":false,""missing_parts"":true,""wrong_location"":false},""question9"":{""all_correct"":false,""extra_parts"":true,""missing_parts"":false,""wrong_location"":false}}]"
"3OZ4VAIBFPTPTLDVI5I2WEELJJ6VJQ","3J2L5QGBT1OH89RPJDNGBQLLQKL2QS","Judge if an objects line-art has missing elements (10 pairs)","Review 10  line-arts and judge if it has/hasn't missing or extra content. (10 pairs)","tactile, image review, accessibility, furniture and structures","$0.08","Tue Apr 14 17:47:17 PDT 2026","9","BatchId:5385438;OriginalHitTemplateId:928390873;","1800","1296000","Sun Apr 19 10:30:37 PDT 2026","","","3ZDAD0O1UURDXXCOKG2PAPU81QJXTT","A284MIYRBSSI2J","Rejected","Tue Apr 14 18:50:48 PDT 2026","Tue Apr 14 19:19:32 PDT 2026","Wed Apr 29 19:19:32 PDT 2026","","Sat Apr 18 20:00:34 PDT 2026","Thank you for your time. Unfortunately this submission did not pass the embedded gold-standard checks; this task requires very careful attention to detail.","1724","62% (8/13)","62% (8/13)","62% (8/13)","Door","https://tactileeval.s3.us-east-1.amazonaws.com/family_datasets/Furniture_and_Structures/Door/Natural/Door_5.jpg","https://tactileeval.s3.us-east-1.amazonaws.com/family_datasets/Furniture_and_Structures/Door/Tactile/5.png","","Door","https://tactileeval.s3.us-east-1.amazonaws.com/family_datasets/Furniture_and_Structures/Door/Natural/Door_6.jpg","https://tactileeval.s3.us-east-1.amazonaws.com/family_datasets/Furniture_and_Structures/Door/Tactile/6.jpg","","Door","https://tactileeval.s3.us-east-1.amazonaws.com/family_datasets/Furniture_and_Structures/Door/Natural/Door_7.jpg","https://tactileeval.s3.us-east-1.amazonaws.com/family_datasets/Furniture_and_Structures/Door/Tactile/7.jpg","","Door","https://tactileeval.s3.us-east-1.amazonaws.com/family_datasets/Furniture_and_Structures/Door/Natural/Door_8.jpg","https://tactileeval.s3.us-east-1.amazonaws.com/family_datasets/Furniture_and_Structures/Door/Tactile/8.jpg","","Door","https://tactileeval.s3.us-east-1.amazonaws.com/family_datasets/Furniture_and_Structures/Door/Natural/Door_9.jpg","https://tactileeval.s3.us-east-1.amazonaws.com/family_datasets/Furniture_and_Structures/Door/Tactile/9.jpg","","Door","https://tactileeval.s3.us-east-1.amazonaws.com/family_datasets/Furniture_and_Structures/Door/Natural/Door_10.jpg","https://tactileeval.s3.us-east-1.amazonaws.com/family_datasets/Furniture_and_Structures/Door/Tactile/10.jpg","","Door","https://tactileeval.s3.us-east-1.amazonaws.com/family_datasets/Furniture_and_Structures/Door/Natural/Door_11.jpg","https://tactileeval.s3.us-east-1.amazonaws.com/family_datasets/Furniture_and_Structures/Door/Tactile/11.jpg","","Door","https://tactileeval.s3.us-east-1.amazonaws.com/family_datasets/Furniture_and_Structures/Door/Natural/Door_12.jpg","https://tactileeval.s3.us-east-1.amazonaws.com/family_datasets/Furniture_and_Structures/Door/Tactile/12.jpg","","Door","https://tactileeval.s3.us-east-1.amazonaws.com/family_datasets/Furniture_and_Structures/Door/Natural/Door_13.jpeg","https://tactileeval.s3.us-east-1.amazonaws.com/family_datasets/Furniture_and_Structures/Door/Tactile/13.jpg","","Hut","https://tactileeval.s3.us-east-1.amazonaws.com/family_datasets/Furniture_and_Structures/Hut/Natural/1_Hut.png","https://tactileeval.s3.us-east-1.amazonaws.com/family_datasets/Furniture_and_Structures/Hut/Tactile/1.jpg","","[{""question1"":{""all_correct"":false,""extra_parts"":false,""missing_parts"":false,""wrong_location"":true},""question10"":{""all_correct"":false,""extra_parts"":true,""missing_parts"":false,""wrong_location"":false},""question2"":{""all_correct"":false,""extra_parts"":true,""missing_parts"":false,""wrong_location"":false},""question3"":{""all_correct"":false,""extra_parts"":false,""missing_parts"":false,""wrong_location"":true},""question4"":{""all_correct"":false,""extra_parts"":false,""missing_parts"":true,""wrong_location"":true},""question5"":{""all_correct"":false,""extra_parts"":false,""missing_parts"":true,""wrong_location"":true},""question6"":{""all_correct"":false,""extra_parts"":false,""missing_parts"":true,""wrong_location"":true},""question7"":{""all_correct"":false,""extra_parts"":true,""missing_parts"":true,""wrong_location"":true},""question8"":{""all_correct"":false,""extra_parts"":false,""missing_parts"":false,""wrong_location"":true},""question9"":{""all_correct"":false,""extra_parts"":false,""missing_parts"":true,""wrong_location"":true}}]"
"3QHITW7OZGNMNKEA20BFXSCUC4XQAB","3J2L5QGBT1OH89RPJDNGBQLLQKL2QS","Judge if an objects line-art has missing elements (10 pairs)","Review 10  line-arts and judge if it has/hasn't missing or extra content. (10 pairs)","tactile, image review, accessibility, furniture and structures","$0.08","Tue Apr 14 17:47:17 PDT 2026","9","BatchId:5385438;OriginalHitTemplateId:928390873;","1800","1296000","Sun Apr 19 10:30:38 PDT 2026","","","336KAV9KZJ68D38L6X4VSGSR3K82YM","A3YMV4L5PLL2V","Rejected","Tue Apr 14 20:12:03 PDT 2026","Tue Apr 14 20:19:22 PDT 2026","Wed Apr 29 20:19:22 PDT 2026","","Sat Apr 18 20:00:33 PDT 2026","Thank you for your time. Unfortunately this submission did not pass the embedded gold-standard checks; this task requires very careful attention to detail.","439","50% (6/12)","50% (6/12)","50% (6/12)","Hut","https://tactileeval.s3.us-east-1.amazonaws.com/family_datasets/Furniture_and_Structures/Hut/Natural/2_Hut.png","https://tactileeval.s3.us-east-1.amazonaws.com/family_datasets/Furniture_and_Structures/Hut/Tactile/2.png","","Hut","https://tactileeval.s3.us-east-1.amazonaws.com/family_datasets/Furniture_and_Structures/Hut/Natural/3_Hut.jpeg","https://tactileeval.s3.us-east-1.amazonaws.com/family_datasets/Furniture_and_Structures/Hut/Tactile/3.jpg","","Hut","https://tactileeval.s3.us-east-1.amazonaws.com/family_datasets/Furniture_and_Structures/Hut/Natural/4_Hut.jpeg","https://tactileeval.s3.us-east-1.amazonaws.com/family_datasets/Furniture_and_Structures/Hut/Tactile/4.jpg","","Hut","https://tactileeval.s3.us-east-1.amazonaws.com/family_datasets/Furniture_and_Structures/Hut/Natural/5_Hut.png","https://tactileeval.s3.us-east-1.amazonaws.com/family_datasets/Furniture_and_Structures/Hut/Tactile/5.jpg","","Hut","https://tactileeval.s3.us-east-1.amazonaws.com/family_datasets/Furniture_and_Structures/Hut/Natural/6_Hut.jpeg","https://tactileeval.s3.us-east-1.amazonaws.com/family_datasets/Furniture_and_Structures/Hut/Tactile/6.jpg","","Hut","https://tactileeval.s3.us-east-1.amazonaws.com/family_datasets/Furniture_and_Structures/Hut/Natural/7_Hut.png","https://tactileeval.s3.us-east-1.amazonaws.com/family_datasets/Furniture_and_Structures/Hut/Tactile/7.jpg","","Hut","https://tactileeval.s3.us-east-1.amazonaws.com/family_datasets/Furniture_and_Structures/Hut/Natural/8_Hut.jpeg","https://tactileeval.s3.us-east-1.amazonaws.com/family_datasets/Furniture_and_Structures/Hut/Tactile/8.jpg","","Hut","https://tactileeval.s3.us-east-1.amazonaws.com/family_datasets/Furniture_and_Structures/Hut/Natural/9_Hut.jpeg","https://tactileeval.s3.us-east-1.amazonaws.com/family_datasets/Furniture_and_Structures/Hut/Tactile/9.jpg","","Hut","https://tactileeval.s3.us-east-1.amazonaws.com/family_datasets/Furniture_and_Structures/Hut/Natural/10_Hut.jpeg","https://tactileeval.s3.us-east-1.amazonaws.com/family_datasets/Furniture_and_Structures/Hut/Tactile/10.jpg","","Lamp","https://tactileeval.s3.us-east-1.amazonaws.com/family_datasets/Furniture_and_Structures/Lamp/Natural/1.jpg","https://tactileeval.s3.us-east-1.amazonaws.com/family_datasets/Furniture_and_Structures/Lamp/Tactile/1.jpeg","","[{""question1"":{""all_correct"":false,""extra_parts"":false,""missing_parts"":true,""wrong_location"":false},""question10"":{""all_correct"":false,""extra_parts"":false,""missing_parts"":true,""wrong_location"":false},""question2"":{""all_correct"":false,""extra_parts"":false,""missing_parts"":true,""wrong_location"":false},""question3"":{""all_correct"":false,""extra_parts"":false,""missing_parts"":true,""wrong_location"":false},""question4"":{""all_correct"":false,""extra_parts"":false,""missing_parts"":true,""wrong_location"":false},""question5"":{""all_correct"":false,""extra_parts"":false,""missing_parts"":false,""wrong_location"":true},""question6"":{""all_correct"":true,""extra_parts"":false,""missing_parts"":false,""wrong_location"":false},""question7"":{""all_correct"":false,""extra_parts"":false,""missing_parts"":true,""wrong_location"":false},""question8"":{""all_correct"":false,""extra_parts"":false,""missing_parts"":false,""wrong_location"":true},""question9"":{""all_correct"":true,""extra_parts"":false,""missing_parts"":false,""wrong_location"":false}}]"
"3QHITW7OZGNMNKEA20BFXSCUC4XQAB","3J2L5QGBT1OH89RPJDNGBQLLQKL2QS","Judge if an objects line-art has missing elements (10 pairs)","Review 10  line-arts and judge if it has/hasn't missing or extra content. (10 pairs)","tactile, image review, accessibility, furniture and structures","$0.08","Tue Apr 14 17:47:17 PDT 2026","9","BatchId:5385438;OriginalHitTemplateId:928390873;","1800","1296000","Sun Apr 19 10:30:38 PDT 2026","","","382M9COHFATJRA0WPG27RWV34YFEUS","A2FK6782M09EBO","Approved","Tue Apr 14 18:47:51 PDT 2026","Tue Apr 14 19:03:19 PDT 2026","Wed Apr 29 19:03:19 PDT 2026","Sat Apr 18 20:00:34 PDT 2026","","","928","94% (103/109)","94% (103/109)","94% (103/109)","Hut","https://tactileeval.s3.us-east-1.amazonaws.com/family_datasets/Furniture_and_Structures/Hut/Natural/2_Hut.png","https://tactileeval.s3.us-east-1.amazonaws.com/family_datasets/Furniture_and_Structures/Hut/Tactile/2.png","","Hut","https://tactileeval.s3.us-east-1.amazonaws.com/family_datasets/Furniture_and_Structures/Hut/Natural/3_Hut.jpeg","https://tactileeval.s3.us-east-1.amazonaws.com/family_datasets/Furniture_and_Structures/Hut/Tactile/3.jpg","","Hut","https://tactileeval.s3.us-east-1.amazonaws.com/family_datasets/Furniture_and_Structures/Hut/Natural/4_Hut.jpeg","https://tactileeval.s3.us-east-1.amazonaws.com/family_datasets/Furniture_and_Structures/Hut/Tactile/4.jpg","","Hut","https://tactileeval.s3.us-east-1.amazonaws.com/family_datasets/Furniture_and_Structures/Hut/Natural/5_Hut.png","https://tactileeval.s3.us-east-1.amazonaws.com/family_datasets/Furniture_and_Structures/Hut/Tactile/5.jpg","","Hut","https://tactileeval.s3.us-east-1.amazonaws.com/family_datasets/Furniture_and_Structures/Hut/Natural/6_Hut.jpeg","https://tactileeval.s3.us-east-1.amazonaws.com/family_datasets/Furniture_and_Structures/Hut/Tactile/6.jpg","","Hut","https://tactileeval.s3.us-east-1.amazonaws.com/family_datasets/Furniture_and_Structures/Hut/Natural/7_Hut.png","https://tactileeval.s3.us-east-1.amazonaws.com/family_datasets/Furniture_and_Structures/Hut/Tactile/7.jpg","","Hut","https://tactileeval.s3.us-east-1.amazonaws.com/family_datasets/Furniture_and_Structures/Hut/Natural/8_Hut.jpeg","https://tactileeval.s3.us-east-1.amazonaws.com/family_datasets/Furniture_and_Structures/Hut/Tactile/8.jpg","","Hut","https://tactileeval.s3.us-east-1.amazonaws.com/family_datasets/Furniture_and_Structures/Hut/Natural/9_Hut.jpeg","https://tactileeval.s3.us-east-1.amazonaws.com/family_datasets/Furniture_and_Structures/Hut/Tactile/9.jpg","","Hut","https://tactileeval.s3.us-east-1.amazonaws.com/family_datasets/Furniture_and_Structures/Hut/Natural/10_Hut.jpeg","https://tactileeval.s3.us-east-1.amazonaws.com/family_datasets/Furniture_and_Structures/Hut/Tactile/10.jpg","","Lamp","https://tactileeval.s3.us-east-1.amazonaws.com/family_datasets/Furniture_and_Structures/Lamp/Natural/1.jpg","https://tactileeval.s3.us-east-1.amazonaws.com/family_datasets/Furniture_and_Structures/Lamp/Tactile/1.jpeg","","[{""question1"":{""all_correct"":true,""extra_parts"":false,""missing_parts"":false,""wrong_location"":false},""question10"":{""all_correct"":true,""extra_parts"":false,""missing_parts"":false,""wrong_location"":false},""question2"":{""all_correct"":false,""extra_parts"":false,""missing_parts"":true,""wrong_location"":false},""question3"":{""all_correct"":false,""extra_parts"":false,""missing_parts"":false,""wrong_location"":true},""question4"":{""all_correct"":false,""extra_parts"":false,""missing_parts"":false,""wrong_location"":true},""question5"":{""all_correct"":true,""extra_parts"":false,""missing_parts"":false,""wrong_location"":false},""question6"":{""all_correct"":true,""extra_parts"":false,""missing_parts"":false,""wrong_location"":false},""question7"":{""all_correct"":false,""extra_parts"":false,""missing_parts"":true,""wrong_location"":false},""question8"":{""all_correct"":true,""extra_parts"":false,""missing_parts"":false,""wrong_location"":false},""question9"":{""all_correct"":true,""extra_parts"":false,""missing_parts"":false,""wrong_location"":false}}]"
"3QHITW7OZGNMNKEA20BFXSCUC4XQAB","3J2L5QGBT1OH89RPJDNGBQLLQKL2QS","Judge if an objects line-art has missing elements (10 pairs)","Review 10  line-arts and judge if it has/hasn't missing or extra content. (10 pairs)","tactile, image review, accessibility, furniture and structures","$0.08","Tue Apr 14 17:47:17 PDT 2026","9","BatchId:5385438;OriginalHitTemplateId:928390873;","1800","1296000","Sun Apr 19 10:30:38 PDT 2026","","","3DY46V3X4IW2ACHODE1WFQXASPV55A","A21SP66LYUNOR7","Rejected","Tue Apr 14 20:12:01 PDT 2026","Tue Apr 14 20:20:37 PDT 2026","Wed Apr 29 20:20:37 PDT 2026","","Sat Apr 18 20:00:34 PDT 2026","Thank you for your time. Unfortunately this submission did not pass the embedded gold-standard checks; this task requires very careful attention to detail.","516","74% (17/23)","74% (17/23)","74% (17/23)","Hut","https://tactileeval.s3.us-east-1.amazonaws.com/family_datasets/Furniture_and_Structures/Hut/Natural/2_Hut.png","https://tactileeval.s3.us-east-1.amazonaws.com/family_datasets/Furniture_and_Structures/Hut/Tactile/2.png","","Hut","https://tactileeval.s3.us-east-1.amazonaws.com/family_datasets/Furniture_and_Structures/Hut/Natural/3_Hut.jpeg","https://tactileeval.s3.us-east-1.amazonaws.com/family_datasets/Furniture_and_Structures/Hut/Tactile/3.jpg","","Hut","https://tactileeval.s3.us-east-1.amazonaws.com/family_datasets/Furniture_and_Structures/Hut/Natural/4_Hut.jpeg","https://tactileeval.s3.us-east-1.amazonaws.com/family_datasets/Furniture_and_Structures/Hut/Tactile/4.jpg","","Hut","https://tactileeval.s3.us-east-1.amazonaws.com/family_datasets/Furniture_and_Structures/Hut/Natural/5_Hut.png","https://tactileeval.s3.us-east-1.amazonaws.com/family_datasets/Furniture_and_Structures/Hut/Tactile/5.jpg","","Hut","https://tactileeval.s3.us-east-1.amazonaws.com/family_datasets/Furniture_and_Structures/Hut/Natural/6_Hut.jpeg","https://tactileeval.s3.us-east-1.amazonaws.com/family_datasets/Furniture_and_Structures/Hut/Tactile/6.jpg","","Hut","https://tactileeval.s3.us-east-1.amazonaws.com/family_datasets/Furniture_and_Structures/Hut/Natural/7_Hut.png","https://tactileeval.s3.us-east-1.amazonaws.com/family_datasets/Furniture_and_Structures/Hut/Tactile/7.jpg","","Hut","https://tactileeval.s3.us-east-1.amazonaws.com/family_datasets/Furniture_and_Structures/Hut/Natural/8_Hut.jpeg","https://tactileeval.s3.us-east-1.amazonaws.com/family_datasets/Furniture_and_Structures/Hut/Tactile/8.jpg","","Hut","https://tactileeval.s3.us-east-1.amazonaws.com/family_datasets/Furniture_and_Structures/Hut/Natural/9_Hut.jpeg","https://tactileeval.s3.us-east-1.amazonaws.com/family_datasets/Furniture_and_Structures/Hut/Tactile/9.jpg","","Hut","https://tactileeval.s3.us-east-1.amazonaws.com/family_datasets/Furniture_and_Structures/Hut/Natural/10_Hut.jpeg","https://tactileeval.s3.us-east-1.amazonaws.com/family_datasets/Furniture_and_Structures/Hut/Tactile/10.jpg","","Lamp","https://tactileeval.s3.us-east-1.amazonaws.com/family_datasets/Furniture_and_Structures/Lamp/Natural/1.jpg","https://tactileeval.s3.us-east-1.amazonaws.com/family_datasets/Furniture_and_Structures/Lamp/Tactile/1.jpeg","","[{""question1"":{""all_correct"":false,""extra_parts"":false,""missing_parts"":false,""wrong_location"":true},""question10"":{""all_correct"":false,""extra_parts"":false,""missing_parts"":true,""wrong_location"":false},""question2"":{""all_correct"":false,""extra_parts"":false,""missing_parts"":true,""wrong_location"":false},""question3"":{""all_correct"":false,""extra_parts"":false,""missing_parts"":true,""wrong_location"":false},""question4"":{""all_correct"":false,""extra_parts"":false,""missing_parts"":true,""wrong_location"":false},""question5"":{""all_correct"":false,""extra_parts"":false,""missing_parts"":true,""wrong_location"":true},""question6"":{""all_correct"":false,""extra_parts"":false,""missing_parts"":true,""wrong_location"":false},""question7"":{""all_correct"":false,""extra_parts"":false,""missing_parts"":true,""wrong_location"":false},""question8"":{""all_correct"":false,""extra_parts"":false,""missing_parts"":false,""wrong_location"":true},""question9"":{""all_correct"":true,""extra_parts"":false,""missing_parts"":false,""wrong_location"":false}}]"
"3QHITW7OZGNMNKEA20BFXSCUC4XQAB","3J2L5QGBT1OH89RPJDNGBQLLQKL2QS","Judge if an objects line-art has missing elements (10 pairs)","Review 10  line-arts and judge if it has/hasn't missing or extra content. (10 pairs)","tactile, image review, accessibility, furniture and structures","$0.08","Tue Apr 14 17:47:17 PDT 2026","9","BatchId:5385438;OriginalHitTemplateId:928390873;","1800","1296000","Sun Apr 19 10:30:38 PDT 2026","","","3GM6G9ZBLGB23LDK690GZ8EAUO5MT8","A3370LDRBVZ48T","Rejected","Wed Apr 15 03:02:38 PDT 2026","Wed Apr 15 03:13:38 PDT 2026","Thu Apr 30 03:13:38 PDT 2026","","Sat Apr 18 20:00:34 PDT 2026","Thank you for your time. Unfortunately this submission did not pass the embedded gold-standard checks; this task requires very careful attention to detail.","660","90% (19/21)","0% (0/2)","0% (0/2)","Hut","https://tactileeval.s3.us-east-1.amazonaws.com/family_datasets/Furniture_and_Structures/Hut/Natural/2_Hut.png","https://tactileeval.s3.us-east-1.amazonaws.com/family_datasets/Furniture_and_Structures/Hut/Tactile/2.png","","Hut","https://tactileeval.s3.us-east-1.amazonaws.com/family_datasets/Furniture_and_Structures/Hut/Natural/3_Hut.jpeg","https://tactileeval.s3.us-east-1.amazonaws.com/family_datasets/Furniture_and_Structures/Hut/Tactile/3.jpg","","Hut","https://tactileeval.s3.us-east-1.amazonaws.com/family_datasets/Furniture_and_Structures/Hut/Natural/4_Hut.jpeg","https://tactileeval.s3.us-east-1.amazonaws.com/family_datasets/Furniture_and_Structures/Hut/Tactile/4.jpg","","Hut","https://tactileeval.s3.us-east-1.amazonaws.com/family_datasets/Furniture_and_Structures/Hut/Natural/5_Hut.png","https://tactileeval.s3.us-east-1.amazonaws.com/family_datasets/Furniture_and_Structures/Hut/Tactile/5.jpg","","Hut","https://tactileeval.s3.us-east-1.amazonaws.com/family_datasets/Furniture_and_Structures/Hut/Natural/6_Hut.jpeg","https://tactileeval.s3.us-east-1.amazonaws.com/family_datasets/Furniture_and_Structures/Hut/Tactile/6.jpg","","Hut","https://tactileeval.s3.us-east-1.amazonaws.com/family_datasets/Furniture_and_Structures/Hut/Natural/7_Hut.png","https://tactileeval.s3.us-east-1.amazonaws.com/family_datasets/Furniture_and_Structures/Hut/Tactile/7.jpg","","Hut","https://tactileeval.s3.us-east-1.amazonaws.com/family_datasets/Furniture_and_Structures/Hut/Natural/8_Hut.jpeg","https://tactileeval.s3.us-east-1.amazonaws.com/family_datasets/Furniture_and_Structures/Hut/Tactile/8.jpg","","Hut","https://tactileeval.s3.us-east-1.amazonaws.com/family_datasets/Furniture_and_Structures/Hut/Natural/9_Hut.jpeg","https://tactileeval.s3.us-east-1.amazonaws.com/family_datasets/Furniture_and_Structures/Hut/Tactile/9.jpg","","Hut","https://tactileeval.s3.us-east-1.amazonaws.com/family_datasets/Furniture_and_Structures/Hut/Natural/10_Hut.jpeg","https://tactileeval.s3.us-east-1.amazonaws.com/family_datasets/Furniture_and_Structures/Hut/Tactile/10.jpg","","Lamp","https://tactileeval.s3.us-east-1.amazonaws.com/family_datasets/Furniture_and_Structures/Lamp/Natural/1.jpg","https://tactileeval.s3.us-east-1.amazonaws.com/family_datasets/Furniture_and_Structures/Lamp/Tactile/1.jpeg","","[{""question1"":{""all_correct"":false,""extra_parts"":false,""missing_parts"":true,""wrong_location"":false},""question10"":{""all_correct"":true,""extra_parts"":false,""missing_parts"":false,""wrong_location"":false},""question2"":{""all_correct"":false,""extra_parts"":false,""missing_parts"":true,""wrong_location"":false},""question3"":{""all_correct"":false,""extra_parts"":false,""missing_parts"":true,""wrong_location"":false},""question4"":{""all_correct"":false,""extra_parts"":false,""missing_parts"":true,""wrong_location"":false},""question5"":{""all_correct"":false,""extra_parts"":false,""missing_parts"":true,""wrong_location"":false},""question6"":{""all_correct"":true,""extra_parts"":false,""missing_parts"":false,""wrong_location"":false},""question7"":{""all_correct"":false,""extra_parts"":false,""missing_parts"":true,""wrong_location"":false},""question8"":{""all_correct"":false,""extra_parts"":false,""missing_parts"":true,""wrong_location"":false},""question9"":{""all_correct"":true,""extra_parts"":false,""missing_parts"":false,""wrong_location"":false}}]"
"3QHITW7OZGNMNKEA20BFXSCUC4XQAB","3J2L5QGBT1OH89RPJDNGBQLLQKL2QS","Judge if an objects line-art has missing elements (10 pairs)","Review 10  line-arts and judge if it has/hasn't missing or extra content. (10 pairs)","tactile, image review, accessibility, furniture and structures","$0.08","Tue Apr 14 17:47:17 PDT 2026","9","BatchId:5385438;OriginalHitTemplateId:928390873;","1800","1296000","Sun Apr 19 10:30:38 PDT 2026","","","3OSWBBLG27B6G8GRYQ2A5LCMY4VDXQ","A284MIYRBSSI2J","Rejected","Tue Apr 14 18:50:46 PDT 2026","Tue Apr 14 19:16:30 PDT 2026","Wed Apr 29 19:16:30 PDT 2026","","Sat Apr 18 20:00:34 PDT 2026","Thank you for your time. Unfortunately this submission did not pass the embedded gold-standard checks; this task requires very careful attention to detail.","1544","62% (8/13)","62% (8/13)","62% (8/13)","Hut","https://tactileeval.s3.us-east-1.amazonaws.com/family_datasets/Furniture_and_Structures/Hut/Natural/2_Hut.png","https://tactileeval.s3.us-east-1.amazonaws.com/family_datasets/Furniture_and_Structures/Hut/Tactile/2.png","","Hut","https://tactileeval.s3.us-east-1.amazonaws.com/family_datasets/Furniture_and_Structures/Hut/Natural/3_Hut.jpeg","https://tactileeval.s3.us-east-1.amazonaws.com/family_datasets/Furniture_and_Structures/Hut/Tactile/3.jpg","","Hut","https://tactileeval.s3.us-east-1.amazonaws.com/family_datasets/Furniture_and_Structures/Hut/Natural/4_Hut.jpeg","https://tactileeval.s3.us-east-1.amazonaws.com/family_datasets/Furniture_and_Structures/Hut/Tactile/4.jpg","","Hut","https://tactileeval.s3.us-east-1.amazonaws.com/family_datasets/Furniture_and_Structures/Hut/Natural/5_Hut.png","https://tactileeval.s3.us-east-1.amazonaws.com/family_datasets/Furniture_and_Structures/Hut/Tactile/5.jpg","","Hut","https://tactileeval.s3.us-east-1.amazonaws.com/family_datasets/Furniture_and_Structures/Hut/Natural/6_Hut.jpeg","https://tactileeval.s3.us-east-1.amazonaws.com/family_datasets/Furniture_and_Structures/Hut/Tactile/6.jpg","","Hut","https://tactileeval.s3.us-east-1.amazonaws.com/family_datasets/Furniture_and_Structures/Hut/Natural/7_Hut.png","https://tactileeval.s3.us-east-1.amazonaws.com/family_datasets/Furniture_and_Structures/Hut/Tactile/7.jpg","","Hut","https://tactileeval.s3.us-east-1.amazonaws.com/family_datasets/Furniture_and_Structures/Hut/Natural/8_Hut.jpeg","https://tactileeval.s3.us-east-1.amazonaws.com/family_datasets/Furniture_and_Structures/Hut/Tactile/8.jpg","","Hut","https://tactileeval.s3.us-east-1.amazonaws.com/family_datasets/Furniture_and_Structures/Hut/Natural/9_Hut.jpeg","https://tactileeval.s3.us-east-1.amazonaws.com/family_datasets/Furniture_and_Structures/Hut/Tactile/9.jpg","","Hut","https://tactileeval.s3.us-east-1.amazonaws.com/family_datasets/Furniture_and_Structures/Hut/Natural/10_Hut.jpeg","https://tactileeval.s3.us-east-1.amazonaws.com/family_datasets/Furniture_and_Structures/Hut/Tactile/10.jpg","","Lamp","https://tactileeval.s3.us-east-1.amazonaws.com/family_datasets/Furniture_and_Structures/Lamp/Natural/1.jpg","https://tactileeval.s3.us-east-1.amazonaws.com/family_datasets/Furniture_and_Structures/Lamp/Tactile/1.jpeg","","[{""question1"":{""all_correct"":false,""extra_parts"":false,""missing_parts"":false,""wrong_location"":true},""question10"":{""all_correct"":false,""extra_parts"":true,""missing_parts"":false,""wrong_location"":false},""question2"":{""all_correct"":false,""extra_parts"":false,""missing_parts"":true,""wrong_location"":false},""question3"":{""all_correct"":false,""extra_parts"":false,""missing_parts"":true,""wrong_location"":false},""question4"":{""all_correct"":false,""extra_parts"":false,""missing_parts"":true,""wrong_location"":false},""question5"":{""all_correct"":false,""extra_parts"":false,""missing_parts"":false,""wrong_location"":true},""question6"":{""all_correct"":true,""extra_parts"":false,""missing_parts"":false,""wrong_location"":false},""question7"":{""all_correct"":false,""extra_parts"":false,""missing_parts"":true,""wrong_location"":false},""question8"":{""all_correct"":false,""extra_parts"":false,""missing_parts"":false,""wrong_location"":true},""question9"":{""all_correct"":true,""extra_parts"":false,""missing_parts"":false,""wrong_location"":false}}]"
"3QHITW7OZGNMNKEA20BFXSCUC4XQAB","3J2L5QGBT1OH89RPJDNGBQLLQKL2QS","Judge if an objects line-art has missing elements (10 pairs)","Review 10  line-arts and judge if it has/hasn't missing or extra content. (10 pairs)","tactile, image review, accessibility, furniture and structures","$0.08","Tue Apr 14 17:47:17 PDT 2026","9","BatchId:5385438;OriginalHitTemplateId:928390873;","1800","1296000","Sun Apr 19 10:30:38 PDT 2026","","","3TMSXRD2YZEXZDVP8SMT20X605HW1L","A1DIU7FKL9G7A7","Approved","Tue Apr 14 18:10:28 PDT 2026","Tue Apr 14 18:11:57 PDT 2026","Wed Apr 29 18:11:57 PDT 2026","Sat Apr 18 20:00:34 PDT 2026","","","89","33% (1/3)","33% (1/3)","33% (1/3)","Hut","https://tactileeval.s3.us-east-1.amazonaws.com/family_datasets/Furniture_and_Structures/Hut/Natural/2_Hut.png","https://tactileeval.s3.us-east-1.amazonaws.com/family_datasets/Furniture_and_Structures/Hut/Tactile/2.png","","Hut","https://tactileeval.s3.us-east-1.amazonaws.com/family_datasets/Furniture_and_Structures/Hut/Natural/3_Hut.jpeg","https://tactileeval.s3.us-east-1.amazonaws.com/family_datasets/Furniture_and_Structures/Hut/Tactile/3.jpg","","Hut","https://tactileeval.s3.us-east-1.amazonaws.com/family_datasets/Furniture_and_Structures/Hut/Natural/4_Hut.jpeg","https://tactileeval.s3.us-east-1.amazonaws.com/family_datasets/Furniture_and_Structures/Hut/Tactile/4.jpg","","Hut","https://tactileeval.s3.us-east-1.amazonaws.com/family_datasets/Furniture_and_Structures/Hut/Natural/5_Hut.png","https://tactileeval.s3.us-east-1.amazonaws.com/family_datasets/Furniture_and_Structures/Hut/Tactile/5.jpg","","Hut","https://tactileeval.s3.us-east-1.amazonaws.com/family_datasets/Furniture_and_Structures/Hut/Natural/6_Hut.jpeg","https://tactileeval.s3.us-east-1.amazonaws.com/family_datasets/Furniture_and_Structures/Hut/Tactile/6.jpg","","Hut","https://tactileeval.s3.us-east-1.amazonaws.com/family_datasets/Furniture_and_Structures/Hut/Natural/7_Hut.png","https://tactileeval.s3.us-east-1.amazonaws.com/family_datasets/Furniture_and_Structures/Hut/Tactile/7.jpg","","Hut","https://tactileeval.s3.us-east-1.amazonaws.com/family_datasets/Furniture_and_Structures/Hut/Natural/8_Hut.jpeg","https://tactileeval.s3.us-east-1.amazonaws.com/family_datasets/Furniture_and_Structures/Hut/Tactile/8.jpg","","Hut","https://tactileeval.s3.us-east-1.amazonaws.com/family_datasets/Furniture_and_Structures/Hut/Natural/9_Hut.jpeg","https://tactileeval.s3.us-east-1.amazonaws.com/family_datasets/Furniture_and_Structures/Hut/Tactile/9.jpg","","Hut","https://tactileeval.s3.us-east-1.amazonaws.com/family_datasets/Furniture_and_Structures/Hut/Natural/10_Hut.jpeg","https://tactileeval.s3.us-east-1.amazonaws.com/family_datasets/Furniture_and_Structures/Hut/Tactile/10.jpg","","Lamp","https://tactileeval.s3.us-east-1.amazonaws.com/family_datasets/Furniture_and_Structures/Lamp/Natural/1.jpg","https://tactileeval.s3.us-east-1.amazonaws.com/family_datasets/Furniture_and_Structures/Lamp/Tactile/1.jpeg","","[{""question1"":{""all_correct"":false,""extra_parts"":false,""missing_parts"":false,""wrong_location"":true},""question10"":{""all_correct"":false,""extra_parts"":true,""missing_parts"":false,""wrong_location"":false},""question2"":{""all_correct"":false,""extra_parts"":true,""missing_parts"":true,""wrong_location"":false},""question3"":{""all_correct"":false,""extra_parts"":false,""missing_parts"":false,""wrong_location"":true},""question4"":{""all_correct"":false,""extra_parts"":false,""missing_parts"":true,""wrong_location"":true},""question5"":{""all_correct"":false,""extra_parts"":true,""missing_parts"":false,""wrong_location"":true},""question6"":{""all_correct"":true,""extra_parts"":false,""missing_parts"":false,""wrong_location"":false},""question7"":{""all_correct"":false,""extra_parts"":false,""missing_parts"":true,""wrong_location"":false},""question8"":{""all_correct"":true,""extra_parts"":false,""missing_parts"":false,""wrong_location"":false},""question9"":{""all_correct"":false,""extra_parts"":true,""missing_parts"":false,""wrong_location"":false}}]"
"3QHITW7OZGNMNKEA20BFXSCUC4XQAB","3J2L5QGBT1OH89RPJDNGBQLLQKL2QS","Judge if an objects line-art has missing elements (10 pairs)","Review 10  line-arts and judge if it has/hasn't missing or extra content. (10 pairs)","tactile, image review, accessibility, furniture and structures","$0.08","Tue Apr 14 17:47:17 PDT 2026","9","BatchId:5385438;OriginalHitTemplateId:928390873;","1800","1296000","Sun Apr 19 10:30:38 PDT 2026","","","3WT783CTQ4VPYD7CTYFHWI3CU1VBCF","ASD3A849JVVRZ","Rejected","Tue Apr 14 18:50:30 PDT 2026","Tue Apr 14 19:00:56 PDT 2026","Wed Apr 29 19:00:56 PDT 2026","","Sat Apr 18 20:00:34 PDT 2026","Thank you for your time. Unfortunately this submission did not pass the embedded gold-standard checks; this task requires very careful attention to detail.","626","82% (23/28)","82% (23/28)","82% (23/28)","Hut","https://tactileeval.s3.us-east-1.amazonaws.com/family_datasets/Furniture_and_Structures/Hut/Natural/2_Hut.png","https://tactileeval.s3.us-east-1.amazonaws.com/family_datasets/Furniture_and_Structures/Hut/Tactile/2.png","","Hut","https://tactileeval.s3.us-east-1.amazonaws.com/family_datasets/Furniture_and_Structures/Hut/Natural/3_Hut.jpeg","https://tactileeval.s3.us-east-1.amazonaws.com/family_datasets/Furniture_and_Structures/Hut/Tactile/3.jpg","","Hut","https://tactileeval.s3.us-east-1.amazonaws.com/family_datasets/Furniture_and_Structures/Hut/Natural/4_Hut.jpeg","https://tactileeval.s3.us-east-1.amazonaws.com/family_datasets/Furniture_and_Structures/Hut/Tactile/4.jpg","","Hut","https://tactileeval.s3.us-east-1.amazonaws.com/family_datasets/Furniture_and_Structures/Hut/Natural/5_Hut.png","https://tactileeval.s3.us-east-1.amazonaws.com/family_datasets/Furniture_and_Structures/Hut/Tactile/5.jpg","","Hut","https://tactileeval.s3.us-east-1.amazonaws.com/family_datasets/Furniture_and_Structures/Hut/Natural/6_Hut.jpeg","https://tactileeval.s3.us-east-1.amazonaws.com/family_datasets/Furniture_and_Structures/Hut/Tactile/6.jpg","","Hut","https://tactileeval.s3.us-east-1.amazonaws.com/family_datasets/Furniture_and_Structures/Hut/Natural/7_Hut.png","https://tactileeval.s3.us-east-1.amazonaws.com/family_datasets/Furniture_and_Structures/Hut/Tactile/7.jpg","","Hut","https://tactileeval.s3.us-east-1.amazonaws.com/family_datasets/Furniture_and_Structures/Hut/Natural/8_Hut.jpeg","https://tactileeval.s3.us-east-1.amazonaws.com/family_datasets/Furniture_and_Structures/Hut/Tactile/8.jpg","","Hut","https://tactileeval.s3.us-east-1.amazonaws.com/family_datasets/Furniture_and_Structures/Hut/Natural/9_Hut.jpeg","https://tactileeval.s3.us-east-1.amazonaws.com/family_datasets/Furniture_and_Structures/Hut/Tactile/9.jpg","","Hut","https://tactileeval.s3.us-east-1.amazonaws.com/family_datasets/Furniture_and_Structures/Hut/Natural/10_Hut.jpeg","https://tactileeval.s3.us-east-1.amazonaws.com/family_datasets/Furniture_and_Structures/Hut/Tactile/10.jpg","","Lamp","https://tactileeval.s3.us-east-1.amazonaws.com/family_datasets/Furniture_and_Structures/Lamp/Natural/1.jpg","https://tactileeval.s3.us-east-1.amazonaws.com/family_datasets/Furniture_and_Structures/Lamp/Tactile/1.jpeg","","[{""question1"":{""all_correct"":false,""extra_parts"":false,""missing_parts"":true,""wrong_location"":true},""question10"":{""all_correct"":true,""extra_parts"":false,""missing_parts"":false,""wrong_location"":false},""question2"":{""all_correct"":false,""extra_parts"":false,""missing_parts"":true,""wrong_location"":true},""question3"":{""all_correct"":false,""extra_parts"":false,""missing_parts"":true,""wrong_location"":false},""question4"":{""all_correct"":false,""extra_parts"":false,""missing_parts"":true,""wrong_location"":true},""question5"":{""all_correct"":false,""extra_parts"":false,""missing_parts"":false,""wrong_location"":true},""question6"":{""all_correct"":true,""extra_parts"":false,""missing_parts"":false,""wrong_location"":false},""question7"":{""all_correct"":false,""extra_parts"":false,""missing_parts"":true,""wrong_location"":false},""question8"":{""all_correct"":false,""extra_parts"":false,""missing_parts"":false,""wrong_location"":true},""question9"":{""all_correct"":true,""extra_parts"":false,""missing_parts"":false,""wrong_location"":false}}]"
"3UQ1LLR272MBWNYXAV3JG6D02YALAH","3J2L5QGBT1OH89RPJDNGBQLLQKL2QS","Judge if an objects line-art has missing elements (10 pairs)","Review 10  line-arts and judge if it has/hasn't missing or extra content. (10 pairs)","tactile, image review, accessibility, furniture and structures","$0.08","Tue Apr 14 17:47:17 PDT 2026","9","BatchId:5385438;OriginalHitTemplateId:928390873;","1800","1296000","Sun Apr 19 10:30:38 PDT 2026","","","378XPAWRV5RBS6OKFUB7CAH1PP2IA3","A21SP66LYUNOR7","Rejected","Tue Apr 14 20:12:09 PDT 2026","Tue Apr 14 20:24:19 PDT 2026","Wed Apr 29 20:24:19 PDT 2026","","Sat Apr 18 20:00:34 PDT 2026","Thank you for your time. Unfortunately this submission did not pass the embedded gold-standard checks; this task requires very careful attention to detail.","730","74% (17/23)","74% (17/23)","74% (17/23)","Lamp","https://tactileeval.s3.us-east-1.amazonaws.com/family_datasets/Furniture_and_Structures/Lamp/Natural/2.jpg","https://tactileeval.s3.us-east-1.amazonaws.com/family_datasets/Furniture_and_Structures/Lamp/Tactile/2.jpeg","","Lamp","https://tactileeval.s3.us-east-1.amazonaws.com/family_datasets/Furniture_and_Structures/Lamp/Natural/3.jpg","https://tactileeval.s3.us-east-1.amazonaws.com/family_datasets/Furniture_and_Structures/Lamp/Tactile/3.jpeg","","Lamp","https://tactileeval.s3.us-east-1.amazonaws.com/family_datasets/Furniture_and_Structures/Lamp/Natural/4.jpg","https://tactileeval.s3.us-east-1.amazonaws.com/family_datasets/Furniture_and_Structures/Lamp/Tactile/4.jpeg","","Lamp","https://tactileeval.s3.us-east-1.amazonaws.com/family_datasets/Furniture_and_Structures/Lamp/Natural/5.jpg","https://tactileeval.s3.us-east-1.amazonaws.com/family_datasets/Furniture_and_Structures/Lamp/Tactile/5.jpeg","","Lamp","https://tactileeval.s3.us-east-1.amazonaws.com/family_datasets/Furniture_and_Structures/Lamp/Natural/6.png","https://tactileeval.s3.us-east-1.amazonaws.com/family_datasets/Furniture_and_Structures/Lamp/Tactile/6.jpeg","","Lamp","https://tactileeval.s3.us-east-1.amazonaws.com/family_datasets/Furniture_and_Structures/Lamp/Natural/7_refined.jpg","https://tactileeval.s3.us-east-1.amazonaws.com/family_datasets/Furniture_and_Structures/Lamp/Tactile/7_refined.png","","Lamp","https://tactileeval.s3.us-east-1.amazonaws.com/family_datasets/Furniture_and_Structures/Lamp/Natural/8.jpg","https://tactileeval.s3.us-east-1.amazonaws.com/family_datasets/Furniture_and_Structures/Lamp/Tactile/8.jpeg","","Lamp","https://tactileeval.s3.us-east-1.amazonaws.com/family_datasets/Furniture_and_Structures/Lamp/Natural/9.jpg","https://tactileeval.s3.us-east-1.amazonaws.com/family_datasets/Furniture_and_Structures/Lamp/Tactile/9.jpeg","","Lamp","https://tactileeval.s3.us-east-1.amazonaws.com/family_datasets/Furniture_and_Structures/Lamp/Natural/10.png","https://tactileeval.s3.us-east-1.amazonaws.com/family_datasets/Furniture_and_Structures/Lamp/Tactile/10.jpeg","","","","","","[{""question1"":{""all_correct"":false,""extra_parts"":false,""missing_parts"":true,""wrong_location"":false},""question10"":{""all_correct"":false,""extra_parts"":false,""missing_parts"":true,""wrong_location"":false},""question2"":{""all_correct"":false,""extra_parts"":false,""missing_parts"":false,""wrong_location"":true},""question3"":{""all_correct"":false,""extra_parts"":false,""missing_parts"":true,""wrong_location"":true},""question4"":{""all_correct"":true,""extra_parts"":false,""missing_parts"":false,""wrong_location"":false},""question5"":{""all_correct"":false,""extra_parts"":true,""missing_parts"":false,""wrong_location"":true},""question6"":{""all_correct"":false,""extra_parts"":false,""missing_parts"":false,""wrong_location"":true},""question7"":{""all_correct"":false,""extra_parts"":false,""missing_parts"":true,""wrong_location"":true},""question8"":{""all_correct"":false,""extra_parts"":false,""missing_parts"":false,""wrong_location"":true},""question9"":{""all_correct"":false,""extra_parts"":false,""missing_parts"":true,""wrong_location"":true}}]"
"3UQ1LLR272MBWNYXAV3JG6D02YALAH","3J2L5QGBT1OH89RPJDNGBQLLQKL2QS","Judge if an objects line-art has missing elements (10 pairs)","Review 10  line-arts and judge if it has/hasn't missing or extra content. (10 pairs)","tactile, image review, accessibility, furniture and structures","$0.08","Tue Apr 14 17:47:17 PDT 2026","9","BatchId:5385438;OriginalHitTemplateId:928390873;","1800","1296000","Sun Apr 19 10:30:38 PDT 2026","","","37XITHEITPNCEKO1PV17WX8GCP4CR3","A2S3HRZE7RE89S","Rejected","Wed Apr 15 02:59:09 PDT 2026","Wed Apr 15 03:20:40 PDT 2026","Thu Apr 30 03:20:40 PDT 2026","","Sat Apr 18 20:00:34 PDT 2026","Thank you for your time. Unfortunately this submission did not pass the embedded gold-standard checks; this task requires very careful attention to detail.","1291","79% (15/19)","0% (0/4)","0% (0/4)","Lamp","https://tactileeval.s3.us-east-1.amazonaws.com/family_datasets/Furniture_and_Structures/Lamp/Natural/2.jpg","https://tactileeval.s3.us-east-1.amazonaws.com/family_datasets/Furniture_and_Structures/Lamp/Tactile/2.jpeg","","Lamp","https://tactileeval.s3.us-east-1.amazonaws.com/family_datasets/Furniture_and_Structures/Lamp/Natural/3.jpg","https://tactileeval.s3.us-east-1.amazonaws.com/family_datasets/Furniture_and_Structures/Lamp/Tactile/3.jpeg","","Lamp","https://tactileeval.s3.us-east-1.amazonaws.com/family_datasets/Furniture_and_Structures/Lamp/Natural/4.jpg","https://tactileeval.s3.us-east-1.amazonaws.com/family_datasets/Furniture_and_Structures/Lamp/Tactile/4.jpeg","","Lamp","https://tactileeval.s3.us-east-1.amazonaws.com/family_datasets/Furniture_and_Structures/Lamp/Natural/5.jpg","https://tactileeval.s3.us-east-1.amazonaws.com/family_datasets/Furniture_and_Structures/Lamp/Tactile/5.jpeg","","Lamp","https://tactileeval.s3.us-east-1.amazonaws.com/family_datasets/Furniture_and_Structures/Lamp/Natural/6.png","https://tactileeval.s3.us-east-1.amazonaws.com/family_datasets/Furniture_and_Structures/Lamp/Tactile/6.jpeg","","Lamp","https://tactileeval.s3.us-east-1.amazonaws.com/family_datasets/Furniture_and_Structures/Lamp/Natural/7_refined.jpg","https://tactileeval.s3.us-east-1.amazonaws.com/family_datasets/Furniture_and_Structures/Lamp/Tactile/7_refined.png","","Lamp","https://tactileeval.s3.us-east-1.amazonaws.com/family_datasets/Furniture_and_Structures/Lamp/Natural/8.jpg","https://tactileeval.s3.us-east-1.amazonaws.com/family_datasets/Furniture_and_Structures/Lamp/Tactile/8.jpeg","","Lamp","https://tactileeval.s3.us-east-1.amazonaws.com/family_datasets/Furniture_and_Structures/Lamp/Natural/9.jpg","https://tactileeval.s3.us-east-1.amazonaws.com/family_datasets/Furniture_and_Structures/Lamp/Tactile/9.jpeg","","Lamp","https://tactileeval.s3.us-east-1.amazonaws.com/family_datasets/Furniture_and_Structures/Lamp/Natural/10.png","https://tactileeval.s3.us-east-1.amazonaws.com/family_datasets/Furniture_and_Structures/Lamp/Tactile/10.jpeg","","","","","","[{""question1"":{""all_correct"":true,""extra_parts"":false,""missing_parts"":false,""wrong_location"":false},""question10"":{""all_correct"":false,""extra_parts"":false,""missing_parts"":true,""wrong_location"":false},""question2"":{""all_correct"":false,""extra_parts"":false,""missing_parts"":true,""wrong_location"":false},""question3"":{""all_correct"":false,""extra_parts"":false,""missing_parts"":true,""wrong_location"":false},""question4"":{""all_correct"":false,""extra_parts"":false,""missing_parts"":true,""wrong_location"":false},""question5"":{""all_correct"":false,""extra_parts"":false,""missing_parts"":true,""wrong_location"":false},""question6"":{""all_correct"":true,""extra_parts"":false,""missing_parts"":false,""wrong_location"":false},""question7"":{""all_correct"":false,""extra_parts"":false,""missing_parts"":true,""wrong_location"":false},""question8"":{""all_correct"":false,""extra_parts"":false,""missing_parts"":true,""wrong_location"":false},""question9"":{""all_correct"":false,""extra_parts"":false,""missing_parts"":true,""wrong_location"":false}}]"
"3UQ1LLR272MBWNYXAV3JG6D02YALAH","3J2L5QGBT1OH89RPJDNGBQLLQKL2QS","Judge if an objects line-art has missing elements (10 pairs)","Review 10  line-arts and judge if it has/hasn't missing or extra content. (10 pairs)","tactile, image review, accessibility, furniture and structures","$0.08","Tue Apr 14 17:47:17 PDT 2026","9","BatchId:5385438;OriginalHitTemplateId:928390873;","1800","1296000","Sun Apr 19 10:30:38 PDT 2026","","","3B2X28YI4PT0IWYBJ72EAIB2YGB6BB","AV80YFI6XESM3","Rejected","Tue Apr 14 23:43:39 PDT 2026","Tue Apr 14 23:56:27 PDT 2026","Wed Apr 29 23:56:27 PDT 2026","","Sat Apr 18 20:00:34 PDT 2026","Thank you for your time. Unfortunately this submission did not pass the embedded gold-standard checks; this task requires very careful attention to detail.","768","0% (0/1)","0% (0/1)","0% (0/1)","Lamp","https://tactileeval.s3.us-east-1.amazonaws.com/family_datasets/Furniture_and_Structures/Lamp/Natural/2.jpg","https://tactileeval.s3.us-east-1.amazonaws.com/family_datasets/Furniture_and_Structures/Lamp/Tactile/2.jpeg","","Lamp","https://tactileeval.s3.us-east-1.amazonaws.com/family_datasets/Furniture_and_Structures/Lamp/Natural/3.jpg","https://tactileeval.s3.us-east-1.amazonaws.com/family_datasets/Furniture_and_Structures/Lamp/Tactile/3.jpeg","","Lamp","https://tactileeval.s3.us-east-1.amazonaws.com/family_datasets/Furniture_and_Structures/Lamp/Natural/4.jpg","https://tactileeval.s3.us-east-1.amazonaws.com/family_datasets/Furniture_and_Structures/Lamp/Tactile/4.jpeg","","Lamp","https://tactileeval.s3.us-east-1.amazonaws.com/family_datasets/Furniture_and_Structures/Lamp/Natural/5.jpg","https://tactileeval.s3.us-east-1.amazonaws.com/family_datasets/Furniture_and_Structures/Lamp/Tactile/5.jpeg","","Lamp","https://tactileeval.s3.us-east-1.amazonaws.com/family_datasets/Furniture_and_Structures/Lamp/Natural/6.png","https://tactileeval.s3.us-east-1.amazonaws.com/family_datasets/Furniture_and_Structures/Lamp/Tactile/6.jpeg","","Lamp","https://tactileeval.s3.us-east-1.amazonaws.com/family_datasets/Furniture_and_Structures/Lamp/Natural/7_refined.jpg","https://tactileeval.s3.us-east-1.amazonaws.com/family_datasets/Furniture_and_Structures/Lamp/Tactile/7_refined.png","","Lamp","https://tactileeval.s3.us-east-1.amazonaws.com/family_datasets/Furniture_and_Structures/Lamp/Natural/8.jpg","https://tactileeval.s3.us-east-1.amazonaws.com/family_datasets/Furniture_and_Structures/Lamp/Tactile/8.jpeg","","Lamp","https://tactileeval.s3.us-east-1.amazonaws.com/family_datasets/Furniture_and_Structures/Lamp/Natural/9.jpg","https://tactileeval.s3.us-east-1.amazonaws.com/family_datasets/Furniture_and_Structures/Lamp/Tactile/9.jpeg","","Lamp","https://tactileeval.s3.us-east-1.amazonaws.com/family_datasets/Furniture_and_Structures/Lamp/Natural/10.png","https://tactileeval.s3.us-east-1.amazonaws.com/family_datasets/Furniture_and_Structures/Lamp/Tactile/10.jpeg","","","","","","[{""question1"":{""all_correct"":false,""extra_parts"":false,""missing_parts"":true,""wrong_location"":false},""question10"":{""all_correct"":false,""extra_parts"":false,""missing_parts"":false,""wrong_location"":true},""question2"":{""all_correct"":false,""extra_parts"":true,""missing_parts"":false,""wrong_location"":false},""question3"":{""all_correct"":false,""extra_parts"":false,""missing_parts"":true,""wrong_location"":false},""question4"":{""all_correct"":false,""extra_parts"":false,""missing_parts"":true,""wrong_location"":false},""question5"":{""all_correct"":false,""extra_parts"":true,""missing_parts"":false,""wrong_location"":false},""question6"":{""all_correct"":true,""extra_parts"":false,""missing_parts"":false,""wrong_location"":false},""question7"":{""all_correct"":false,""extra_parts"":false,""missing_parts"":true,""wrong_location"":false},""question8"":{""all_correct"":false,""extra_parts"":true,""missing_parts"":false,""wrong_location"":false},""question9"":{""all_correct"":false,""extra_parts"":true,""missing_parts"":true,""wrong_location"":false}}]"
"3UQ1LLR272MBWNYXAV3JG6D02YALAH","3J2L5QGBT1OH89RPJDNGBQLLQKL2QS","Judge if an objects line-art has missing elements (10 pairs)","Review 10  line-arts and judge if it has/hasn't missing or extra content. (10 pairs)","tactile, image review, accessibility, furniture and structures","$0.08","Tue Apr 14 17:47:17 PDT 2026","9","BatchId:5385438;OriginalHitTemplateId:928390873;","1800","1296000","Sun Apr 19 10:30:38 PDT 2026","","","3KIBXJ1WEY8R0589PG11QLGJ69NKO5","ASD3A849JVVRZ","Rejected","Tue Apr 14 18:50:34 PDT 2026","Tue Apr 14 19:13:03 PDT 2026","Wed Apr 29 19:13:03 PDT 2026","","Sat Apr 18 20:00:34 PDT 2026","Thank you for your time. Unfortunately this submission did not pass the embedded gold-standard checks; this task requires very careful attention to detail.","1349","82% (23/28)","82% (23/28)","82% (23/28)","Lamp","https://tactileeval.s3.us-east-1.amazonaws.com/family_datasets/Furniture_and_Structures/Lamp/Natural/2.jpg","https://tactileeval.s3.us-east-1.amazonaws.com/family_datasets/Furniture_and_Structures/Lamp/Tactile/2.jpeg","","Lamp","https://tactileeval.s3.us-east-1.amazonaws.com/family_datasets/Furniture_and_Structures/Lamp/Natural/3.jpg","https://tactileeval.s3.us-east-1.amazonaws.com/family_datasets/Furniture_and_Structures/Lamp/Tactile/3.jpeg","","Lamp","https://tactileeval.s3.us-east-1.amazonaws.com/family_datasets/Furniture_and_Structures/Lamp/Natural/4.jpg","https://tactileeval.s3.us-east-1.amazonaws.com/family_datasets/Furniture_and_Structures/Lamp/Tactile/4.jpeg","","Lamp","https://tactileeval.s3.us-east-1.amazonaws.com/family_datasets/Furniture_and_Structures/Lamp/Natural/5.jpg","https://tactileeval.s3.us-east-1.amazonaws.com/family_datasets/Furniture_and_Structures/Lamp/Tactile/5.jpeg","","Lamp","https://tactileeval.s3.us-east-1.amazonaws.com/family_datasets/Furniture_and_Structures/Lamp/Natural/6.png","https://tactileeval.s3.us-east-1.amazonaws.com/family_datasets/Furniture_and_Structures/Lamp/Tactile/6.jpeg","","Lamp","https://tactileeval.s3.us-east-1.amazonaws.com/family_datasets/Furniture_and_Structures/Lamp/Natural/7_refined.jpg","https://tactileeval.s3.us-east-1.amazonaws.com/family_datasets/Furniture_and_Structures/Lamp/Tactile/7_refined.png","","Lamp","https://tactileeval.s3.us-east-1.amazonaws.com/family_datasets/Furniture_and_Structures/Lamp/Natural/8.jpg","https://tactileeval.s3.us-east-1.amazonaws.com/family_datasets/Furniture_and_Structures/Lamp/Tactile/8.jpeg","","Lamp","https://tactileeval.s3.us-east-1.amazonaws.com/family_datasets/Furniture_and_Structures/Lamp/Natural/9.jpg","https://tactileeval.s3.us-east-1.amazonaws.com/family_datasets/Furniture_and_Structures/Lamp/Tactile/9.jpeg","","Lamp","https://tactileeval.s3.us-east-1.amazonaws.com/family_datasets/Furniture_and_Structures/Lamp/Natural/10.png","https://tactileeval.s3.us-east-1.amazonaws.com/family_datasets/Furniture_and_Structures/Lamp/Tactile/10.jpeg","","","","","","[{""question1"":{""all_correct"":false,""extra_parts"":false,""missing_parts"":true,""wrong_location"":false},""question10"":{""all_correct"":false,""extra_parts"":false,""missing_parts"":true,""wrong_location"":false},""question2"":{""all_correct"":false,""extra_parts"":false,""missing_parts"":true,""wrong_location"":true},""question3"":{""all_correct"":false,""extra_parts"":false,""missing_parts"":true,""wrong_location"":true},""question4"":{""all_correct"":true,""extra_parts"":false,""missing_parts"":false,""wrong_location"":false},""question5"":{""all_correct"":false,""extra_parts"":true,""missing_parts"":false,""wrong_location"":true},""question6"":{""all_correct"":true,""extra_parts"":false,""missing_parts"":false,""wrong_location"":false},""question7"":{""all_correct"":false,""extra_parts"":false,""missing_parts"":true,""wrong_location"":false},""question8"":{""all_correct"":false,""extra_parts"":false,""missing_parts"":true,""wrong_location"":false},""question9"":{""all_correct"":false,""extra_parts"":false,""missing_parts"":true,""wrong_location"":false}}]"
"3UQ1LLR272MBWNYXAV3JG6D02YALAH","3J2L5QGBT1OH89RPJDNGBQLLQKL2QS","Judge if an objects line-art has missing elements (10 pairs)","Review 10  line-arts and judge if it has/hasn't missing or extra content. (10 pairs)","tactile, image review, accessibility, furniture and structures","$0.08","Tue Apr 14 17:47:17 PDT 2026","9","BatchId:5385438;OriginalHitTemplateId:928390873;","1800","1296000","Sun Apr 19 10:30:38 PDT 2026","","","3LYA37P8JJ17HBJ0LBWFK1GKZA4BKS","A284MIYRBSSI2J","Rejected","Tue Apr 14 18:50:47 PDT 2026","Tue Apr 14 19:17:25 PDT 2026","Wed Apr 29 19:17:25 PDT 2026","","Sat Apr 18 20:00:34 PDT 2026","Thank you for your time. Unfortunately this submission did not pass the embedded gold-standard checks; this task requires very careful attention to detail.","1598","62% (8/13)","62% (8/13)","62% (8/13)","Lamp","https://tactileeval.s3.us-east-1.amazonaws.com/family_datasets/Furniture_and_Structures/Lamp/Natural/2.jpg","https://tactileeval.s3.us-east-1.amazonaws.com/family_datasets/Furniture_and_Structures/Lamp/Tactile/2.jpeg","","Lamp","https://tactileeval.s3.us-east-1.amazonaws.com/family_datasets/Furniture_and_Structures/Lamp/Natural/3.jpg","https://tactileeval.s3.us-east-1.amazonaws.com/family_datasets/Furniture_and_Structures/Lamp/Tactile/3.jpeg","","Lamp","https://tactileeval.s3.us-east-1.amazonaws.com/family_datasets/Furniture_and_Structures/Lamp/Natural/4.jpg","https://tactileeval.s3.us-east-1.amazonaws.com/family_datasets/Furniture_and_Structures/Lamp/Tactile/4.jpeg","","Lamp","https://tactileeval.s3.us-east-1.amazonaws.com/family_datasets/Furniture_and_Structures/Lamp/Natural/5.jpg","https://tactileeval.s3.us-east-1.amazonaws.com/family_datasets/Furniture_and_Structures/Lamp/Tactile/5.jpeg","","Lamp","https://tactileeval.s3.us-east-1.amazonaws.com/family_datasets/Furniture_and_Structures/Lamp/Natural/6.png","https://tactileeval.s3.us-east-1.amazonaws.com/family_datasets/Furniture_and_Structures/Lamp/Tactile/6.jpeg","","Lamp","https://tactileeval.s3.us-east-1.amazonaws.com/family_datasets/Furniture_and_Structures/Lamp/Natural/7_refined.jpg","https://tactileeval.s3.us-east-1.amazonaws.com/family_datasets/Furniture_and_Structures/Lamp/Tactile/7_refined.png","","Lamp","https://tactileeval.s3.us-east-1.amazonaws.com/family_datasets/Furniture_and_Structures/Lamp/Natural/8.jpg","https://tactileeval.s3.us-east-1.amazonaws.com/family_datasets/Furniture_and_Structures/Lamp/Tactile/8.jpeg","","Lamp","https://tactileeval.s3.us-east-1.amazonaws.com/family_datasets/Furniture_and_Structures/Lamp/Natural/9.jpg","https://tactileeval.s3.us-east-1.amazonaws.com/family_datasets/Furniture_and_Structures/Lamp/Tactile/9.jpeg","","Lamp","https://tactileeval.s3.us-east-1.amazonaws.com/family_datasets/Furniture_and_Structures/Lamp/Natural/10.png","https://tactileeval.s3.us-east-1.amazonaws.com/family_datasets/Furniture_and_Structures/Lamp/Tactile/10.jpeg","","","","","","[{""question1"":{""all_correct"":false,""extra_parts"":false,""missing_parts"":true,""wrong_location"":false},""question10"":{""all_correct"":false,""extra_parts"":false,""missing_parts"":true,""wrong_location"":false},""question2"":{""all_correct"":false,""extra_parts"":false,""missing_parts"":true,""wrong_location"":false},""question3"":{""all_correct"":false,""extra_parts"":false,""missing_parts"":true,""wrong_location"":false},""question4"":{""all_correct"":true,""extra_parts"":false,""missing_parts"":false,""wrong_location"":false},""question5"":{""all_correct"":false,""extra_parts"":true,""missing_parts"":false,""wrong_location"":true},""question6"":{""all_correct"":false,""extra_parts"":false,""missing_parts"":false,""wrong_location"":true},""question7"":{""all_correct"":false,""extra_parts"":false,""missing_parts"":true,""wrong_location"":false},""question8"":{""all_correct"":false,""extra_parts"":false,""missing_parts"":true,""wrong_location"":true},""question9"":{""all_correct"":false,""extra_parts"":false,""missing_parts"":false,""wrong_location"":true}}]"
"3UQ1LLR272MBWNYXAV3JG6D02YALAH","3J2L5QGBT1OH89RPJDNGBQLLQKL2QS","Judge if an objects line-art has missing elements (10 pairs)","Review 10  line-arts and judge if it has/hasn't missing or extra content. (10 pairs)","tactile, image review, accessibility, furniture and structures","$0.08","Tue Apr 14 17:47:17 PDT 2026","9","BatchId:5385438;OriginalHitTemplateId:928390873;","1800","1296000","Sun Apr 19 10:30:38 PDT 2026","","","3PB5A5BD1OKFDDKRI3ZKH72V9EP7GE","A3JE60IF6QQS2L","Approved","Sun Apr 19 10:30:32 PDT 2026","Sun Apr 19 10:32:30 PDT 2026","Mon May 04 10:32:30 PDT 2026","Sun Apr 19 10:53:07 PDT 2026","","","118","100% (6/6)","100% (6/6)","100% (6/6)","Lamp","https://tactileeval.s3.us-east-1.amazonaws.com/family_datasets/Furniture_and_Structures/Lamp/Natural/2.jpg","https://tactileeval.s3.us-east-1.amazonaws.com/family_datasets/Furniture_and_Structures/Lamp/Tactile/2.jpeg","","Lamp","https://tactileeval.s3.us-east-1.amazonaws.com/family_datasets/Furniture_and_Structures/Lamp/Natural/3.jpg","https://tactileeval.s3.us-east-1.amazonaws.com/family_datasets/Furniture_and_Structures/Lamp/Tactile/3.jpeg","","Lamp","https://tactileeval.s3.us-east-1.amazonaws.com/family_datasets/Furniture_and_Structures/Lamp/Natural/4.jpg","https://tactileeval.s3.us-east-1.amazonaws.com/family_datasets/Furniture_and_Structures/Lamp/Tactile/4.jpeg","","Lamp","https://tactileeval.s3.us-east-1.amazonaws.com/family_datasets/Furniture_and_Structures/Lamp/Natural/5.jpg","https://tactileeval.s3.us-east-1.amazonaws.com/family_datasets/Furniture_and_Structures/Lamp/Tactile/5.jpeg","","Lamp","https://tactileeval.s3.us-east-1.amazonaws.com/family_datasets/Furniture_and_Structures/Lamp/Natural/6.png","https://tactileeval.s3.us-east-1.amazonaws.com/family_datasets/Furniture_and_Structures/Lamp/Tactile/6.jpeg","","Lamp","https://tactileeval.s3.us-east-1.amazonaws.com/family_datasets/Furniture_and_Structures/Lamp/Natural/7_refined.jpg","https://tactileeval.s3.us-east-1.amazonaws.com/family_datasets/Furniture_and_Structures/Lamp/Tactile/7_refined.png","","Lamp","https://tactileeval.s3.us-east-1.amazonaws.com/family_datasets/Furniture_and_Structures/Lamp/Natural/8.jpg","https://tactileeval.s3.us-east-1.amazonaws.com/family_datasets/Furniture_and_Structures/Lamp/Tactile/8.jpeg","","Lamp","https://tactileeval.s3.us-east-1.amazonaws.com/family_datasets/Furniture_and_Structures/Lamp/Natural/9.jpg","https://tactileeval.s3.us-east-1.amazonaws.com/family_datasets/Furniture_and_Structures/Lamp/Tactile/9.jpeg","","Lamp","https://tactileeval.s3.us-east-1.amazonaws.com/family_datasets/Furniture_and_Structures/Lamp/Natural/10.png","https://tactileeval.s3.us-east-1.amazonaws.com/family_datasets/Furniture_and_Structures/Lamp/Tactile/10.jpeg","","","","","","[{""question1"":{""all_correct"":true,""extra_parts"":false,""missing_parts"":false,""wrong_location"":false},""question10"":{""all_correct"":false,""extra_parts"":false,""missing_parts"":true,""wrong_location"":false},""question2"":{""all_correct"":false,""extra_parts"":false,""missing_parts"":true,""wrong_location"":true},""question3"":{""all_correct"":false,""extra_parts"":false,""missing_parts"":false,""wrong_location"":true},""question4"":{""all_correct"":true,""extra_parts"":false,""missing_parts"":false,""wrong_location"":false},""question5"":{""all_correct"":false,""extra_parts"":true,""missing_parts"":false,""wrong_location"":false},""question6"":{""all_correct"":false,""extra_parts"":true,""missing_parts"":false,""wrong_location"":false},""question7"":{""all_correct"":false,""extra_parts"":true,""missing_parts"":false,""wrong_location"":false},""question8"":{""all_correct"":false,""extra_parts"":true,""missing_parts"":true,""wrong_location"":false},""question9"":{""all_correct"":true,""extra_parts"":false,""missing_parts"":false,""wrong_location"":false}}]"
"3UQ1LLR272MBWNYXAV3JG6D02YALAH","3J2L5QGBT1OH89RPJDNGBQLLQKL2QS","Judge if an objects line-art has missing elements (10 pairs)","Review 10  line-arts and judge if it has/hasn't missing or extra content. (10 pairs)","tactile, image review, accessibility, furniture and structures","$0.08","Tue Apr 14 17:47:17 PDT 2026","9","BatchId:5385438;OriginalHitTemplateId:928390873;","1800","1296000","Sun Apr 19 10:30:38 PDT 2026","","","3RJSC4XJ2T83F5VNG8VKYV1JBHK50P","A3YMV4L5PLL2V","Rejected","Tue Apr 14 20:11:38 PDT 2026","Tue Apr 14 20:15:35 PDT 2026","Wed Apr 29 20:15:35 PDT 2026","","Sat Apr 18 20:00:34 PDT 2026","Thank you for your time. Unfortunately this submission did not pass the embedded gold-standard checks; this task requires very careful attention to detail.","237","50% (6/12)","50% (6/12)","50% (6/12)","Lamp","https://tactileeval.s3.us-east-1.amazonaws.com/family_datasets/Furniture_and_Structures/Lamp/Natural/2.jpg","https://tactileeval.s3.us-east-1.amazonaws.com/family_datasets/Furniture_and_Structures/Lamp/Tactile/2.jpeg","","Lamp","https://tactileeval.s3.us-east-1.amazonaws.com/family_datasets/Furniture_and_Structures/Lamp/Natural/3.jpg","https://tactileeval.s3.us-east-1.amazonaws.com/family_datasets/Furniture_and_Structures/Lamp/Tactile/3.jpeg","","Lamp","https://tactileeval.s3.us-east-1.amazonaws.com/family_datasets/Furniture_and_Structures/Lamp/Natural/4.jpg","https://tactileeval.s3.us-east-1.amazonaws.com/family_datasets/Furniture_and_Structures/Lamp/Tactile/4.jpeg","","Lamp","https://tactileeval.s3.us-east-1.amazonaws.com/family_datasets/Furniture_and_Structures/Lamp/Natural/5.jpg","https://tactileeval.s3.us-east-1.amazonaws.com/family_datasets/Furniture_and_Structures/Lamp/Tactile/5.jpeg","","Lamp","https://tactileeval.s3.us-east-1.amazonaws.com/family_datasets/Furniture_and_Structures/Lamp/Natural/6.png","https://tactileeval.s3.us-east-1.amazonaws.com/family_datasets/Furniture_and_Structures/Lamp/Tactile/6.jpeg","","Lamp","https://tactileeval.s3.us-east-1.amazonaws.com/family_datasets/Furniture_and_Structures/Lamp/Natural/7_refined.jpg","https://tactileeval.s3.us-east-1.amazonaws.com/family_datasets/Furniture_and_Structures/Lamp/Tactile/7_refined.png","","Lamp","https://tactileeval.s3.us-east-1.amazonaws.com/family_datasets/Furniture_and_Structures/Lamp/Natural/8.jpg","https://tactileeval.s3.us-east-1.amazonaws.com/family_datasets/Furniture_and_Structures/Lamp/Tactile/8.jpeg","","Lamp","https://tactileeval.s3.us-east-1.amazonaws.com/family_datasets/Furniture_and_Structures/Lamp/Natural/9.jpg","https://tactileeval.s3.us-east-1.amazonaws.com/family_datasets/Furniture_and_Structures/Lamp/Tactile/9.jpeg","","Lamp","https://tactileeval.s3.us-east-1.amazonaws.com/family_datasets/Furniture_and_Structures/Lamp/Natural/10.png","https://tactileeval.s3.us-east-1.amazonaws.com/family_datasets/Furniture_and_Structures/Lamp/Tactile/10.jpeg","","","","","","[{""question1"":{""all_correct"":false,""extra_parts"":false,""missing_parts"":true,""wrong_location"":false},""question10"":{""all_correct"":false,""extra_parts"":false,""missing_parts"":true,""wrong_location"":false},""question2"":{""all_correct"":false,""extra_parts"":false,""missing_parts"":true,""wrong_location"":true},""question3"":{""all_correct"":false,""extra_parts"":false,""missing_parts"":true,""wrong_location"":true},""question4"":{""all_correct"":true,""extra_parts"":false,""missing_parts"":false,""wrong_location"":false},""question5"":{""all_correct"":false,""extra_parts"":true,""missing_parts"":false,""wrong_location"":true},""question6"":{""all_correct"":false,""extra_parts"":false,""missing_parts"":false,""wrong_location"":true},""question7"":{""all_correct"":false,""extra_parts"":false,""missing_parts"":true,""wrong_location"":false},""question8"":{""all_correct"":false,""extra_parts"":false,""missing_parts"":true,""wrong_location"":true},""question9"":{""all_correct"":false,""extra_parts"":false,""missing_parts"":false,""wrong_location"":true}}]"
"3UQ1LLR272MBWNYXAV3JG6D02YALAH","3J2L5QGBT1OH89RPJDNGBQLLQKL2QS","Judge if an objects line-art has missing elements (10 pairs)","Review 10  line-arts and judge if it has/hasn't missing or extra content. (10 pairs)","tactile, image review, accessibility, furniture and structures","$0.08","Tue Apr 14 17:47:17 PDT 2026","9","BatchId:5385438;OriginalHitTemplateId:928390873;","1800","1296000","Sun Apr 19 10:30:38 PDT 2026","","","3ZPBJO59LIF9UIGCTMKO2ZOSAECDHX","A2FK6782M09EBO","Rejected","Tue Apr 14 18:47:38 PDT 2026","Tue Apr 14 19:00:23 PDT 2026","Wed Apr 29 19:00:23 PDT 2026","","Sat Apr 18 20:00:34 PDT 2026","Thank you for your time. Unfortunately this submission did not pass the embedded gold-standard checks; this task requires very careful attention to detail.","765","94% (103/109)","94% (103/109)","94% (103/109)","Lamp","https://tactileeval.s3.us-east-1.amazonaws.com/family_datasets/Furniture_and_Structures/Lamp/Natural/2.jpg","https://tactileeval.s3.us-east-1.amazonaws.com/family_datasets/Furniture_and_Structures/Lamp/Tactile/2.jpeg","","Lamp","https://tactileeval.s3.us-east-1.amazonaws.com/family_datasets/Furniture_and_Structures/Lamp/Natural/3.jpg","https://tactileeval.s3.us-east-1.amazonaws.com/family_datasets/Furniture_and_Structures/Lamp/Tactile/3.jpeg","","Lamp","https://tactileeval.s3.us-east-1.amazonaws.com/family_datasets/Furniture_and_Structures/Lamp/Natural/4.jpg","https://tactileeval.s3.us-east-1.amazonaws.com/family_datasets/Furniture_and_Structures/Lamp/Tactile/4.jpeg","","Lamp","https://tactileeval.s3.us-east-1.amazonaws.com/family_datasets/Furniture_and_Structures/Lamp/Natural/5.jpg","https://tactileeval.s3.us-east-1.amazonaws.com/family_datasets/Furniture_and_Structures/Lamp/Tactile/5.jpeg","","Lamp","https://tactileeval.s3.us-east-1.amazonaws.com/family_datasets/Furniture_and_Structures/Lamp/Natural/6.png","https://tactileeval.s3.us-east-1.amazonaws.com/family_datasets/Furniture_and_Structures/Lamp/Tactile/6.jpeg","","Lamp","https://tactileeval.s3.us-east-1.amazonaws.com/family_datasets/Furniture_and_Structures/Lamp/Natural/7_refined.jpg","https://tactileeval.s3.us-east-1.amazonaws.com/family_datasets/Furniture_and_Structures/Lamp/Tactile/7_refined.png","","Lamp","https://tactileeval.s3.us-east-1.amazonaws.com/family_datasets/Furniture_and_Structures/Lamp/Natural/8.jpg","https://tactileeval.s3.us-east-1.amazonaws.com/family_datasets/Furniture_and_Structures/Lamp/Tactile/8.jpeg","","Lamp","https://tactileeval.s3.us-east-1.amazonaws.com/family_datasets/Furniture_and_Structures/Lamp/Natural/9.jpg","https://tactileeval.s3.us-east-1.amazonaws.com/family_datasets/Furniture_and_Structures/Lamp/Tactile/9.jpeg","","Lamp","https://tactileeval.s3.us-east-1.amazonaws.com/family_datasets/Furniture_and_Structures/Lamp/Natural/10.png","https://tactileeval.s3.us-east-1.amazonaws.com/family_datasets/Furniture_and_Structures/Lamp/Tactile/10.jpeg","","","","","","[{""question1"":{""all_correct"":true,""extra_parts"":false,""missing_parts"":false,""wrong_location"":false},""question10"":{""all_correct"":false,""extra_parts"":false,""missing_parts"":true,""wrong_location"":false},""question2"":{""all_correct"":true,""extra_parts"":false,""missing_parts"":false,""wrong_location"":false},""question3"":{""all_correct"":true,""extra_parts"":false,""missing_parts"":false,""wrong_location"":false},""question4"":{""all_correct"":true,""extra_parts"":false,""missing_parts"":false,""wrong_location"":false},""question5"":{""all_correct"":false,""extra_parts"":false,""missing_parts"":false,""wrong_location"":true},""question6"":{""all_correct"":true,""extra_parts"":false,""missing_parts"":false,""wrong_location"":false},""question7"":{""all_correct"":false,""extra_parts"":false,""missing_parts"":true,""wrong_location"":false},""question8"":{""all_correct"":false,""extra_parts"":false,""missing_parts"":true,""wrong_location"":false},""question9"":{""all_correct"":true,""extra_parts"":false,""missing_parts"":false,""wrong_location"":false}}]"