"HITId","HITTypeId","Title","Description","Keywords","Reward","CreationTime","MaxAssignments","RequesterAnnotation","AssignmentDurationInSeconds","AutoApprovalDelayInSeconds","Expiration","NumberOfSimilarHITs","LifetimeInSeconds","AssignmentId","WorkerId","AssignmentStatus","AcceptTime","SubmitTime","AutoApprovalTime","ApprovalTime","RejectionTime","RequesterFeedback","WorkTimeInSeconds","LifetimeApprovalRate","Last30DaysApprovalRate","Last7DaysApprovalRate","Input.q1_name","Input.q1_natural_url","Input.q1_tactile_url","Input.q1_answer","Input.q2_name","Input.q2_natural_url","Input.q2_tactile_url","Input.q2_answer","Input.q3_name","Input.q3_natural_url","Input.q3_tactile_url","Input.q3_answer","Input.q4_name","Input.q4_natural_url","Input.q4_tactile_url","Input.q4_answer","Input.q5_name","Input.q5_natural_url","Input.q5_tactile_url","Input.q5_answer","Input.q6_name","Input.q6_natural_url","Input.q6_tactile_url","Input.q6_answer","Input.q7_name","Input.q7_natural_url","Input.q7_tactile_url","Input.q7_answer","Input.q8_name","Input.q8_natural_url","Input.q8_tactile_url","Input.q8_answer","Input.q9_name","Input.q9_natural_url","Input.q9_tactile_url","Input.q9_answer","Input.q10_name","Input.q10_natural_url","Input.q10_tactile_url","Input.q10_answer","Answer.taskAnswers","Approve","Reject"
"31JUPBOOSFIXDZ5IDXJ5KF75CAG8L6","3XYCBL6ZT49TLP62BHCL6Q0M8862SH","Categorize images based on view.","Review 10 line-arts and judge if it has same or different views. Identify view for each tactile. (10 pairs)","tactile, image review, accessibility, furniture and structures","$0.08","Sat Apr 18 18:45:45 PDT 2026","7","BatchId:5385947;OriginalHitTemplateId:928390873;","1800","1296000","Sat Apr 25 18:45:45 PDT 2026","","","32ZKVD548811LDBT054G3FZIOY8B3R","A2FK6782M09EBO","Submitted","Sat Apr 18 19:50:16 PDT 2026","Sat Apr 18 19:56:11 PDT 2026","Sun May 03 19:56:11 PDT 2026","","","","355","93% (65/70)","93% (65/70)","93% (65/70)","Bed","https://tactileeval.s3.us-east-1.amazonaws.com/family_datasets/Furniture_and_Structures/Bed/Natural/1.jpg","https://tactileeval.s3.us-east-1.amazonaws.com/family_datasets/Furniture_and_Structures/Bed/Tactile/1.jpeg","","Bed","https://tactileeval.s3.us-east-1.amazonaws.com/family_datasets/Furniture_and_Structures/Bed/Natural/2_Bed.jpg","https://tactileeval.s3.us-east-1.amazonaws.com/family_datasets/Furniture_and_Structures/Bed/Tactile/2.jpeg","","Bed","https://tactileeval.s3.us-east-1.amazonaws.com/family_datasets/Furniture_and_Structures/Bed/Natural/3_Bed.jpg","https://tactileeval.s3.us-east-1.amazonaws.com/family_datasets/Furniture_and_Structures/Bed/Tactile/3.jpeg","","Bed","https://tactileeval.s3.us-east-1.amazonaws.com/family_datasets/Furniture_and_Structures/Bed/Natural/4_Bed_refined.jpg","https://tactileeval.s3.us-east-1.amazonaws.com/family_datasets/Furniture_and_Structures/Bed/Tactile/4_refined.png","","Bed","https://tactileeval.s3.us-east-1.amazonaws.com/family_datasets/Furniture_and_Structures/Bed/Natural/5_Bed.jpg","https://tactileeval.s3.us-east-1.amazonaws.com/family_datasets/Furniture_and_Structures/Bed/Tactile/5.jpeg","","Bed","https://tactileeval.s3.us-east-1.amazonaws.com/family_datasets/Furniture_and_Structures/Bed/Natural/6_Bed.jpg","https://tactileeval.s3.us-east-1.amazonaws.com/family_datasets/Furniture_and_Structures/Bed/Tactile/6.jpeg","","Bed","https://tactileeval.s3.us-east-1.amazonaws.com/family_datasets/Furniture_and_Structures/Bed/Natural/7_Bed.jpg","https://tactileeval.s3.us-east-1.amazonaws.com/family_datasets/Furniture_and_Structures/Bed/Tactile/7.jpeg","","Bed","https://tactileeval.s3.us-east-1.amazonaws.com/family_datasets/Furniture_and_Structures/Bed/Natural/8_Bed.jpg","https://tactileeval.s3.us-east-1.amazonaws.com/family_datasets/Furniture_and_Structures/Bed/Tactile/8.jpeg","","Bed","https://tactileeval.s3.us-east-1.amazonaws.com/family_datasets/Furniture_and_Structures/Bed/Natural/9_Bed.jpg","https://tactileeval.s3.us-east-1.amazonaws.com/family_datasets/Furniture_and_Structures/Bed/Tactile/9.jpeg","","Bed","https://tactileeval.s3.us-east-1.amazonaws.com/family_datasets/Furniture_and_Structures/Bed/Natural/10_Bed.jpg","https://tactileeval.s3.us-east-1.amazonaws.com/family_datasets/Furniture_and_Structures/Bed/Tactile/10.jpeg","","[{""question1"":{""orientation_match"":true,""view_frontal"":false,""view_perspective"":true,""view_side"":false,""view_top"":false},""question10"":{""orientation_match"":true,""view_frontal"":false,""view_perspective"":false,""view_side"":true,""view_top"":false},""question2"":{""orientation_match"":true,""view_frontal"":true,""view_perspective"":false,""view_side"":false,""view_top"":false},""question3"":{""orientation_match"":false,""view_frontal"":false,""view_perspective"":true,""view_side"":false,""view_top"":false},""question4"":{""orientation_match"":false,""view_frontal"":false,""view_perspective"":false,""view_side"":true,""view_top"":false},""question5"":{""orientation_match"":true,""view_frontal"":false,""view_perspective"":true,""view_side"":false,""view_top"":false},""question6"":{""orientation_match"":true,""view_frontal"":false,""view_perspective"":false,""view_side"":false,""view_top"":false},""question7"":{""orientation_match"":true,""view_frontal"":false,""view_perspective"":false,""view_side"":false,""view_top"":true},""question8"":{""orientation_match"":true,""view_frontal"":false,""view_perspective"":false,""view_side"":true,""view_top"":false},""question9"":{""orientation_match"":true,""view_frontal"":true,""view_perspective"":false,""view_side"":false,""view_top"":false}}]"
"31JUPBOOSFIXDZ5IDXJ5KF75CAG8L6","3XYCBL6ZT49TLP62BHCL6Q0M8862SH","Categorize images based on view.","Review 10 line-arts and judge if it has same or different views. Identify view for each tactile. (10 pairs)","tactile, image review, accessibility, furniture and structures","$0.08","Sat Apr 18 18:45:45 PDT 2026","7","BatchId:5385947;OriginalHitTemplateId:928390873;","1800","1296000","Sat Apr 25 18:45:45 PDT 2026","","","340UGXU9ERF0TLMIK6RHR0JP43TVUA","A3UD3Z0MVKSLF3","Submitted","Sat Apr 18 18:54:39 PDT 2026","Sat Apr 18 18:55:22 PDT 2026","Sun May 03 18:55:22 PDT 2026","","","","43","92% (77/84)","0% (0/0)","0% (0/0)","Bed","https://tactileeval.s3.us-east-1.amazonaws.com/family_datasets/Furniture_and_Structures/Bed/Natural/1.jpg","https://tactileeval.s3.us-east-1.amazonaws.com/family_datasets/Furniture_and_Structures/Bed/Tactile/1.jpeg","","Bed","https://tactileeval.s3.us-east-1.amazonaws.com/family_datasets/Furniture_and_Structures/Bed/Natural/2_Bed.jpg","https://tactileeval.s3.us-east-1.amazonaws.com/family_datasets/Furniture_and_Structures/Bed/Tactile/2.jpeg","","Bed","https://tactileeval.s3.us-east-1.amazonaws.com/family_datasets/Furniture_and_Structures/Bed/Natural/3_Bed.jpg","https://tactileeval.s3.us-east-1.amazonaws.com/family_datasets/Furniture_and_Structures/Bed/Tactile/3.jpeg","","Bed","https://tactileeval.s3.us-east-1.amazonaws.com/family_datasets/Furniture_and_Structures/Bed/Natural/4_Bed_refined.jpg","https://tactileeval.s3.us-east-1.amazonaws.com/family_datasets/Furniture_and_Structures/Bed/Tactile/4_refined.png","","Bed","https://tactileeval.s3.us-east-1.amazonaws.com/family_datasets/Furniture_and_Structures/Bed/Natural/5_Bed.jpg","https://tactileeval.s3.us-east-1.amazonaws.com/family_datasets/Furniture_and_Structures/Bed/Tactile/5.jpeg","","Bed","https://tactileeval.s3.us-east-1.amazonaws.com/family_datasets/Furniture_and_Structures/Bed/Natural/6_Bed.jpg","https://tactileeval.s3.us-east-1.amazonaws.com/family_datasets/Furniture_and_Structures/Bed/Tactile/6.jpeg","","Bed","https://tactileeval.s3.us-east-1.amazonaws.com/family_datasets/Furniture_and_Structures/Bed/Natural/7_Bed.jpg","https://tactileeval.s3.us-east-1.amazonaws.com/family_datasets/Furniture_and_Structures/Bed/Tactile/7.jpeg","","Bed","https://tactileeval.s3.us-east-1.amazonaws.com/family_datasets/Furniture_and_Structures/Bed/Natural/8_Bed.jpg","https://tactileeval.s3.us-east-1.amazonaws.com/family_datasets/Furniture_and_Structures/Bed/Tactile/8.jpeg","","Bed","https://tactileeval.s3.us-east-1.amazonaws.com/family_datasets/Furniture_and_Structures/Bed/Natural/9_Bed.jpg","https://tactileeval.s3.us-east-1.amazonaws.com/family_datasets/Furniture_and_Structures/Bed/Tactile/9.jpeg","","Bed","https://tactileeval.s3.us-east-1.amazonaws.com/family_datasets/Furniture_and_Structures/Bed/Natural/10_Bed.jpg","https://tactileeval.s3.us-east-1.amazonaws.com/family_datasets/Furniture_and_Structures/Bed/Tactile/10.jpeg","","[{""question1"":{""orientation_match"":false,""view_frontal"":false,""view_perspective"":false,""view_side"":true,""view_top"":false},""question10"":{""orientation_match"":false,""view_frontal"":false,""view_perspective"":false,""view_side"":true,""view_top"":false},""question2"":{""orientation_match"":true,""view_frontal"":false,""view_perspective"":false,""view_side"":false,""view_top"":false},""question3"":{""orientation_match"":false,""view_frontal"":false,""view_perspective"":true,""view_side"":false,""view_top"":false},""question4"":{""orientation_match"":false,""view_frontal"":true,""view_perspective"":false,""view_side"":false,""view_top"":false},""question5"":{""orientation_match"":true,""view_frontal"":false,""view_perspective"":false,""view_side"":false,""view_top"":false},""question6"":{""orientation_match"":true,""view_frontal"":false,""view_perspective"":false,""view_side"":false,""view_top"":false},""question7"":{""orientation_match"":false,""view_frontal"":false,""view_perspective"":false,""view_side"":false,""view_top"":true},""question8"":{""orientation_match"":false,""view_frontal"":false,""view_perspective"":false,""view_side"":true,""view_top"":false},""question9"":{""orientation_match"":true,""view_frontal"":true,""view_perspective"":false,""view_side"":false,""view_top"":false}}]"
"31JUPBOOSFIXDZ5IDXJ5KF75CAG8L6","3XYCBL6ZT49TLP62BHCL6Q0M8862SH","Categorize images based on view.","Review 10 line-arts and judge if it has same or different views. Identify view for each tactile. (10 pairs)","tactile, image review, accessibility, furniture and structures","$0.08","Sat Apr 18 18:45:45 PDT 2026","7","BatchId:5385947;OriginalHitTemplateId:928390873;","1800","1296000","Sat Apr 25 18:45:45 PDT 2026","","","36AHBNMV2KQVGD613MOCOZJV0KGYDS","A3MFBBVX106DGI","Submitted","Sat Apr 18 20:09:40 PDT 2026","Sat Apr 18 20:19:46 PDT 2026","Sun May 03 20:19:46 PDT 2026","","","","606","100% (51/51)","100% (29/29)","100% (29/29)","Bed","https://tactileeval.s3.us-east-1.amazonaws.com/family_datasets/Furniture_and_Structures/Bed/Natural/1.jpg","https://tactileeval.s3.us-east-1.amazonaws.com/family_datasets/Furniture_and_Structures/Bed/Tactile/1.jpeg","","Bed","https://tactileeval.s3.us-east-1.amazonaws.com/family_datasets/Furniture_and_Structures/Bed/Natural/2_Bed.jpg","https://tactileeval.s3.us-east-1.amazonaws.com/family_datasets/Furniture_and_Structures/Bed/Tactile/2.jpeg","","Bed","https://tactileeval.s3.us-east-1.amazonaws.com/family_datasets/Furniture_and_Structures/Bed/Natural/3_Bed.jpg","https://tactileeval.s3.us-east-1.amazonaws.com/family_datasets/Furniture_and_Structures/Bed/Tactile/3.jpeg","","Bed","https://tactileeval.s3.us-east-1.amazonaws.com/family_datasets/Furniture_and_Structures/Bed/Natural/4_Bed_refined.jpg","https://tactileeval.s3.us-east-1.amazonaws.com/family_datasets/Furniture_and_Structures/Bed/Tactile/4_refined.png","","Bed","https://tactileeval.s3.us-east-1.amazonaws.com/family_datasets/Furniture_and_Structures/Bed/Natural/5_Bed.jpg","https://tactileeval.s3.us-east-1.amazonaws.com/family_datasets/Furniture_and_Structures/Bed/Tactile/5.jpeg","","Bed","https://tactileeval.s3.us-east-1.amazonaws.com/family_datasets/Furniture_and_Structures/Bed/Natural/6_Bed.jpg","https://tactileeval.s3.us-east-1.amazonaws.com/family_datasets/Furniture_and_Structures/Bed/Tactile/6.jpeg","","Bed","https://tactileeval.s3.us-east-1.amazonaws.com/family_datasets/Furniture_and_Structures/Bed/Natural/7_Bed.jpg","https://tactileeval.s3.us-east-1.amazonaws.com/family_datasets/Furniture_and_Structures/Bed/Tactile/7.jpeg","","Bed","https://tactileeval.s3.us-east-1.amazonaws.com/family_datasets/Furniture_and_Structures/Bed/Natural/8_Bed.jpg","https://tactileeval.s3.us-east-1.amazonaws.com/family_datasets/Furniture_and_Structures/Bed/Tactile/8.jpeg","","Bed","https://tactileeval.s3.us-east-1.amazonaws.com/family_datasets/Furniture_and_Structures/Bed/Natural/9_Bed.jpg","https://tactileeval.s3.us-east-1.amazonaws.com/family_datasets/Furniture_and_Structures/Bed/Tactile/9.jpeg","","Bed","https://tactileeval.s3.us-east-1.amazonaws.com/family_datasets/Furniture_and_Structures/Bed/Natural/10_Bed.jpg","https://tactileeval.s3.us-east-1.amazonaws.com/family_datasets/Furniture_and_Structures/Bed/Tactile/10.jpeg","","[{""question1"":{""orientation_match"":true,""view_frontal"":false,""view_perspective"":false,""view_side"":false,""view_top"":true},""question10"":{""orientation_match"":true,""view_frontal"":false,""view_perspective"":false,""view_side"":true,""view_top"":false},""question2"":{""orientation_match"":true,""view_frontal"":true,""view_perspective"":false,""view_side"":false,""view_top"":false},""question3"":{""orientation_match"":true,""view_frontal"":true,""view_perspective"":false,""view_side"":false,""view_top"":false},""question4"":{""orientation_match"":true,""view_frontal"":false,""view_perspective"":false,""view_side"":true,""view_top"":false},""question5"":{""orientation_match"":true,""view_frontal"":false,""view_perspective"":false,""view_side"":false,""view_top"":true},""question6"":{""orientation_match"":true,""view_frontal"":true,""view_perspective"":false,""view_side"":false,""view_top"":false},""question7"":{""orientation_match"":true,""view_frontal"":false,""view_perspective"":false,""view_side"":false,""view_top"":true},""question8"":{""orientation_match"":true,""view_frontal"":false,""view_perspective"":false,""view_side"":true,""view_top"":false},""question9"":{""orientation_match"":true,""view_frontal"":true,""view_perspective"":false,""view_side"":false,""view_top"":false}}]"
"31JUPBOOSFIXDZ5IDXJ5KF75CAG8L6","3XYCBL6ZT49TLP62BHCL6Q0M8862SH","Categorize images based on view.","Review 10 line-arts and judge if it has same or different views. Identify view for each tactile. (10 pairs)","tactile, image review, accessibility, furniture and structures","$0.08","Sat Apr 18 18:45:45 PDT 2026","7","BatchId:5385947;OriginalHitTemplateId:928390873;","1800","1296000","Sat Apr 25 18:45:45 PDT 2026","","","3EKVH9QMFRI5FSDUA1HHFVIQL5L2DF","ARSYPIB62OGI8","Submitted","Sat Apr 18 19:58:30 PDT 2026","Sat Apr 18 20:25:49 PDT 2026","Sun May 03 20:25:49 PDT 2026","","","","1639","0% (0/0)","0% (0/0)","0% (0/0)","Bed","https://tactileeval.s3.us-east-1.amazonaws.com/family_datasets/Furniture_and_Structures/Bed/Natural/1.jpg","https://tactileeval.s3.us-east-1.amazonaws.com/family_datasets/Furniture_and_Structures/Bed/Tactile/1.jpeg","","Bed","https://tactileeval.s3.us-east-1.amazonaws.com/family_datasets/Furniture_and_Structures/Bed/Natural/2_Bed.jpg","https://tactileeval.s3.us-east-1.amazonaws.com/family_datasets/Furniture_and_Structures/Bed/Tactile/2.jpeg","","Bed","https://tactileeval.s3.us-east-1.amazonaws.com/family_datasets/Furniture_and_Structures/Bed/Natural/3_Bed.jpg","https://tactileeval.s3.us-east-1.amazonaws.com/family_datasets/Furniture_and_Structures/Bed/Tactile/3.jpeg","","Bed","https://tactileeval.s3.us-east-1.amazonaws.com/family_datasets/Furniture_and_Structures/Bed/Natural/4_Bed_refined.jpg","https://tactileeval.s3.us-east-1.amazonaws.com/family_datasets/Furniture_and_Structures/Bed/Tactile/4_refined.png","","Bed","https://tactileeval.s3.us-east-1.amazonaws.com/family_datasets/Furniture_and_Structures/Bed/Natural/5_Bed.jpg","https://tactileeval.s3.us-east-1.amazonaws.com/family_datasets/Furniture_and_Structures/Bed/Tactile/5.jpeg","","Bed","https://tactileeval.s3.us-east-1.amazonaws.com/family_datasets/Furniture_and_Structures/Bed/Natural/6_Bed.jpg","https://tactileeval.s3.us-east-1.amazonaws.com/family_datasets/Furniture_and_Structures/Bed/Tactile/6.jpeg","","Bed","https://tactileeval.s3.us-east-1.amazonaws.com/family_datasets/Furniture_and_Structures/Bed/Natural/7_Bed.jpg","https://tactileeval.s3.us-east-1.amazonaws.com/family_datasets/Furniture_and_Structures/Bed/Tactile/7.jpeg","","Bed","https://tactileeval.s3.us-east-1.amazonaws.com/family_datasets/Furniture_and_Structures/Bed/Natural/8_Bed.jpg","https://tactileeval.s3.us-east-1.amazonaws.com/family_datasets/Furniture_and_Structures/Bed/Tactile/8.jpeg","","Bed","https://tactileeval.s3.us-east-1.amazonaws.com/family_datasets/Furniture_and_Structures/Bed/Natural/9_Bed.jpg","https://tactileeval.s3.us-east-1.amazonaws.com/family_datasets/Furniture_and_Structures/Bed/Tactile/9.jpeg","","Bed","https://tactileeval.s3.us-east-1.amazonaws.com/family_datasets/Furniture_and_Structures/Bed/Natural/10_Bed.jpg","https://tactileeval.s3.us-east-1.amazonaws.com/family_datasets/Furniture_and_Structures/Bed/Tactile/10.jpeg","","[{""question1"":{""orientation_match"":true,""view_frontal"":false,""view_perspective"":true,""view_side"":false,""view_top"":false},""question10"":{""orientation_match"":true,""view_frontal"":false,""view_perspective"":false,""view_side"":true,""view_top"":false},""question2"":{""orientation_match"":true,""view_frontal"":true,""view_perspective"":false,""view_side"":false,""view_top"":false},""question3"":{""orientation_match"":false,""view_frontal"":false,""view_perspective"":true,""view_side"":false,""view_top"":false},""question4"":{""orientation_match"":false,""view_frontal"":false,""view_perspective"":false,""view_side"":true,""view_top"":false},""question5"":{""orientation_match"":true,""view_frontal"":false,""view_perspective"":false,""view_side"":true,""view_top"":false},""question6"":{""orientation_match"":true,""view_frontal"":true,""view_perspective"":false,""view_side"":false,""view_top"":false},""question7"":{""orientation_match"":true,""view_frontal"":false,""view_perspective"":false,""view_side"":false,""view_top"":true},""question8"":{""orientation_match"":true,""view_frontal"":false,""view_perspective"":false,""view_side"":true,""view_top"":false},""question9"":{""orientation_match"":true,""view_frontal"":true,""view_perspective"":false,""view_side"":false,""view_top"":false}}]"
"31JUPBOOSFIXDZ5IDXJ5KF75CAG8L6","3XYCBL6ZT49TLP62BHCL6Q0M8862SH","Categorize images based on view.","Review 10 line-arts and judge if it has same or different views. Identify view for each tactile. (10 pairs)","tactile, image review, accessibility, furniture and structures","$0.08","Sat Apr 18 18:45:45 PDT 2026","7","BatchId:5385947;OriginalHitTemplateId:928390873;","1800","1296000","Sat Apr 25 18:45:45 PDT 2026","","","3IX2EGZR84XZMYU7ZNITJ1LB2HXJRO","A1RQST9UG72B9D","Submitted","Sat Apr 18 19:52:09 PDT 2026","Sat Apr 18 19:53:07 PDT 2026","Sun May 03 19:53:07 PDT 2026","","","","58","0% (0/0)","0% (0/0)","0% (0/0)","Bed","https://tactileeval.s3.us-east-1.amazonaws.com/family_datasets/Furniture_and_Structures/Bed/Natural/1.jpg","https://tactileeval.s3.us-east-1.amazonaws.com/family_datasets/Furniture_and_Structures/Bed/Tactile/1.jpeg","","Bed","https://tactileeval.s3.us-east-1.amazonaws.com/family_datasets/Furniture_and_Structures/Bed/Natural/2_Bed.jpg","https://tactileeval.s3.us-east-1.amazonaws.com/family_datasets/Furniture_and_Structures/Bed/Tactile/2.jpeg","","Bed","https://tactileeval.s3.us-east-1.amazonaws.com/family_datasets/Furniture_and_Structures/Bed/Natural/3_Bed.jpg","https://tactileeval.s3.us-east-1.amazonaws.com/family_datasets/Furniture_and_Structures/Bed/Tactile/3.jpeg","","Bed","https://tactileeval.s3.us-east-1.amazonaws.com/family_datasets/Furniture_and_Structures/Bed/Natural/4_Bed_refined.jpg","https://tactileeval.s3.us-east-1.amazonaws.com/family_datasets/Furniture_and_Structures/Bed/Tactile/4_refined.png","","Bed","https://tactileeval.s3.us-east-1.amazonaws.com/family_datasets/Furniture_and_Structures/Bed/Natural/5_Bed.jpg","https://tactileeval.s3.us-east-1.amazonaws.com/family_datasets/Furniture_and_Structures/Bed/Tactile/5.jpeg","","Bed","https://tactileeval.s3.us-east-1.amazonaws.com/family_datasets/Furniture_and_Structures/Bed/Natural/6_Bed.jpg","https://tactileeval.s3.us-east-1.amazonaws.com/family_datasets/Furniture_and_Structures/Bed/Tactile/6.jpeg","","Bed","https://tactileeval.s3.us-east-1.amazonaws.com/family_datasets/Furniture_and_Structures/Bed/Natural/7_Bed.jpg","https://tactileeval.s3.us-east-1.amazonaws.com/family_datasets/Furniture_and_Structures/Bed/Tactile/7.jpeg","","Bed","https://tactileeval.s3.us-east-1.amazonaws.com/family_datasets/Furniture_and_Structures/Bed/Natural/8_Bed.jpg","https://tactileeval.s3.us-east-1.amazonaws.com/family_datasets/Furniture_and_Structures/Bed/Tactile/8.jpeg","","Bed","https://tactileeval.s3.us-east-1.amazonaws.com/family_datasets/Furniture_and_Structures/Bed/Natural/9_Bed.jpg","https://tactileeval.s3.us-east-1.amazonaws.com/family_datasets/Furniture_and_Structures/Bed/Tactile/9.jpeg","","Bed","https://tactileeval.s3.us-east-1.amazonaws.com/family_datasets/Furniture_and_Structures/Bed/Natural/10_Bed.jpg","https://tactileeval.s3.us-east-1.amazonaws.com/family_datasets/Furniture_and_Structures/Bed/Tactile/10.jpeg","","[{""question1"":{""orientation_match"":true,""view_frontal"":false,""view_perspective"":true,""view_side"":false,""view_top"":false},""question10"":{""orientation_match"":true,""view_frontal"":false,""view_perspective"":false,""view_side"":true,""view_top"":false},""question2"":{""orientation_match"":true,""view_frontal"":true,""view_perspective"":false,""view_side"":false,""view_top"":false},""question3"":{""orientation_match"":true,""view_frontal"":false,""view_perspective"":true,""view_side"":false,""view_top"":false},""question4"":{""orientation_match"":false,""view_frontal"":false,""view_perspective"":false,""view_side"":true,""view_top"":false},""question5"":{""orientation_match"":true,""view_frontal"":false,""view_perspective"":true,""view_side"":false,""view_top"":false},""question6"":{""orientation_match"":true,""view_frontal"":true,""view_perspective"":false,""view_side"":false,""view_top"":false},""question7"":{""orientation_match"":true,""view_frontal"":false,""view_perspective"":false,""view_side"":false,""view_top"":true},""question8"":{""orientation_match"":true,""view_frontal"":false,""view_perspective"":false,""view_side"":true,""view_top"":false},""question9"":{""orientation_match"":true,""view_frontal"":true,""view_perspective"":false,""view_side"":false,""view_top"":false}}]"
"31JUPBOOSFIXDZ5IDXJ5KF75CAG8L6","3XYCBL6ZT49TLP62BHCL6Q0M8862SH","Categorize images based on view.","Review 10 line-arts and judge if it has same or different views. Identify view for each tactile. (10 pairs)","tactile, image review, accessibility, furniture and structures","$0.08","Sat Apr 18 18:45:45 PDT 2026","7","BatchId:5385947;OriginalHitTemplateId:928390873;","1800","1296000","Sat Apr 25 18:45:45 PDT 2026","","","3JZQSN0I4JOSS6ZX0MXW5ZFC71WGFD","A3404IIFIN1T2H","Submitted","Sat Apr 18 18:58:11 PDT 2026","Sat Apr 18 19:02:43 PDT 2026","Sun May 03 19:02:43 PDT 2026","","","","272","94% (100/106)","0% (0/0)","0% (0/0)","Bed","https://tactileeval.s3.us-east-1.amazonaws.com/family_datasets/Furniture_and_Structures/Bed/Natural/1.jpg","https://tactileeval.s3.us-east-1.amazonaws.com/family_datasets/Furniture_and_Structures/Bed/Tactile/1.jpeg","","Bed","https://tactileeval.s3.us-east-1.amazonaws.com/family_datasets/Furniture_and_Structures/Bed/Natural/2_Bed.jpg","https://tactileeval.s3.us-east-1.amazonaws.com/family_datasets/Furniture_and_Structures/Bed/Tactile/2.jpeg","","Bed","https://tactileeval.s3.us-east-1.amazonaws.com/family_datasets/Furniture_and_Structures/Bed/Natural/3_Bed.jpg","https://tactileeval.s3.us-east-1.amazonaws.com/family_datasets/Furniture_and_Structures/Bed/Tactile/3.jpeg","","Bed","https://tactileeval.s3.us-east-1.amazonaws.com/family_datasets/Furniture_and_Structures/Bed/Natural/4_Bed_refined.jpg","https://tactileeval.s3.us-east-1.amazonaws.com/family_datasets/Furniture_and_Structures/Bed/Tactile/4_refined.png","","Bed","https://tactileeval.s3.us-east-1.amazonaws.com/family_datasets/Furniture_and_Structures/Bed/Natural/5_Bed.jpg","https://tactileeval.s3.us-east-1.amazonaws.com/family_datasets/Furniture_and_Structures/Bed/Tactile/5.jpeg","","Bed","https://tactileeval.s3.us-east-1.amazonaws.com/family_datasets/Furniture_and_Structures/Bed/Natural/6_Bed.jpg","https://tactileeval.s3.us-east-1.amazonaws.com/family_datasets/Furniture_and_Structures/Bed/Tactile/6.jpeg","","Bed","https://tactileeval.s3.us-east-1.amazonaws.com/family_datasets/Furniture_and_Structures/Bed/Natural/7_Bed.jpg","https://tactileeval.s3.us-east-1.amazonaws.com/family_datasets/Furniture_and_Structures/Bed/Tactile/7.jpeg","","Bed","https://tactileeval.s3.us-east-1.amazonaws.com/family_datasets/Furniture_and_Structures/Bed/Natural/8_Bed.jpg","https://tactileeval.s3.us-east-1.amazonaws.com/family_datasets/Furniture_and_Structures/Bed/Tactile/8.jpeg","","Bed","https://tactileeval.s3.us-east-1.amazonaws.com/family_datasets/Furniture_and_Structures/Bed/Natural/9_Bed.jpg","https://tactileeval.s3.us-east-1.amazonaws.com/family_datasets/Furniture_and_Structures/Bed/Tactile/9.jpeg","","Bed","https://tactileeval.s3.us-east-1.amazonaws.com/family_datasets/Furniture_and_Structures/Bed/Natural/10_Bed.jpg","https://tactileeval.s3.us-east-1.amazonaws.com/family_datasets/Furniture_and_Structures/Bed/Tactile/10.jpeg","","[{""question1"":{""orientation_match"":false,""view_frontal"":false,""view_perspective"":false,""view_side"":true,""view_top"":false},""question10"":{""orientation_match"":true,""view_frontal"":false,""view_perspective"":false,""view_side"":false,""view_top"":false},""question2"":{""orientation_match"":false,""view_frontal"":true,""view_perspective"":false,""view_side"":false,""view_top"":false},""question3"":{""orientation_match"":false,""view_frontal"":false,""view_perspective"":true,""view_side"":false,""view_top"":false},""question4"":{""orientation_match"":true,""view_frontal"":false,""view_perspective"":false,""view_side"":true,""view_top"":false},""question5"":{""orientation_match"":false,""view_frontal"":true,""view_perspective"":false,""view_side"":false,""view_top"":false},""question6"":{""orientation_match"":true,""view_frontal"":false,""view_perspective"":false,""view_side"":false,""view_top"":false},""question7"":{""orientation_match"":false,""view_frontal"":false,""view_perspective"":false,""view_side"":true,""view_top"":false},""question8"":{""orientation_match"":false,""view_frontal"":false,""view_perspective"":false,""view_side"":false,""view_top"":true},""question9"":{""orientation_match"":false,""view_frontal"":false,""view_perspective"":false,""view_side"":true,""view_top"":false}}]"
"31JUPBOOSFIXDZ5IDXJ5KF75CAG8L6","3XYCBL6ZT49TLP62BHCL6Q0M8862SH","Categorize images based on view.","Review 10 line-arts and judge if it has same or different views. Identify view for each tactile. (10 pairs)","tactile, image review, accessibility, furniture and structures","$0.08","Sat Apr 18 18:45:45 PDT 2026","7","BatchId:5385947;OriginalHitTemplateId:928390873;","1800","1296000","Sat Apr 25 18:45:45 PDT 2026","","","3QUO65DNRN2531DLJU53W8PH8AWUO7","AA1IM0SAQ3XFM","Submitted","Sat Apr 18 18:50:50 PDT 2026","Sat Apr 18 18:52:21 PDT 2026","Sun May 03 18:52:21 PDT 2026","","","","91","0% (0/0)","0% (0/0)","0% (0/0)","Bed","https://tactileeval.s3.us-east-1.amazonaws.com/family_datasets/Furniture_and_Structures/Bed/Natural/1.jpg","https://tactileeval.s3.us-east-1.amazonaws.com/family_datasets/Furniture_and_Structures/Bed/Tactile/1.jpeg","","Bed","https://tactileeval.s3.us-east-1.amazonaws.com/family_datasets/Furniture_and_Structures/Bed/Natural/2_Bed.jpg","https://tactileeval.s3.us-east-1.amazonaws.com/family_datasets/Furniture_and_Structures/Bed/Tactile/2.jpeg","","Bed","https://tactileeval.s3.us-east-1.amazonaws.com/family_datasets/Furniture_and_Structures/Bed/Natural/3_Bed.jpg","https://tactileeval.s3.us-east-1.amazonaws.com/family_datasets/Furniture_and_Structures/Bed/Tactile/3.jpeg","","Bed","https://tactileeval.s3.us-east-1.amazonaws.com/family_datasets/Furniture_and_Structures/Bed/Natural/4_Bed_refined.jpg","https://tactileeval.s3.us-east-1.amazonaws.com/family_datasets/Furniture_and_Structures/Bed/Tactile/4_refined.png","","Bed","https://tactileeval.s3.us-east-1.amazonaws.com/family_datasets/Furniture_and_Structures/Bed/Natural/5_Bed.jpg","https://tactileeval.s3.us-east-1.amazonaws.com/family_datasets/Furniture_and_Structures/Bed/Tactile/5.jpeg","","Bed","https://tactileeval.s3.us-east-1.amazonaws.com/family_datasets/Furniture_and_Structures/Bed/Natural/6_Bed.jpg","https://tactileeval.s3.us-east-1.amazonaws.com/family_datasets/Furniture_and_Structures/Bed/Tactile/6.jpeg","","Bed","https://tactileeval.s3.us-east-1.amazonaws.com/family_datasets/Furniture_and_Structures/Bed/Natural/7_Bed.jpg","https://tactileeval.s3.us-east-1.amazonaws.com/family_datasets/Furniture_and_Structures/Bed/Tactile/7.jpeg","","Bed","https://tactileeval.s3.us-east-1.amazonaws.com/family_datasets/Furniture_and_Structures/Bed/Natural/8_Bed.jpg","https://tactileeval.s3.us-east-1.amazonaws.com/family_datasets/Furniture_and_Structures/Bed/Tactile/8.jpeg","","Bed","https://tactileeval.s3.us-east-1.amazonaws.com/family_datasets/Furniture_and_Structures/Bed/Natural/9_Bed.jpg","https://tactileeval.s3.us-east-1.amazonaws.com/family_datasets/Furniture_and_Structures/Bed/Tactile/9.jpeg","","Bed","https://tactileeval.s3.us-east-1.amazonaws.com/family_datasets/Furniture_and_Structures/Bed/Natural/10_Bed.jpg","https://tactileeval.s3.us-east-1.amazonaws.com/family_datasets/Furniture_and_Structures/Bed/Tactile/10.jpeg","","[{""question1"":{""orientation_match"":true,""view_frontal"":false,""view_perspective"":true,""view_side"":false,""view_top"":false},""question10"":{""orientation_match"":true,""view_frontal"":false,""view_perspective"":false,""view_side"":true,""view_top"":false},""question2"":{""orientation_match"":true,""view_frontal"":true,""view_perspective"":false,""view_side"":false,""view_top"":false},""question3"":{""orientation_match"":true,""view_frontal"":false,""view_perspective"":true,""view_side"":false,""view_top"":false},""question4"":{""orientation_match"":false,""view_frontal"":false,""view_perspective"":false,""view_side"":true,""view_top"":false},""question5"":{""orientation_match"":false,""view_frontal"":false,""view_perspective"":true,""view_side"":false,""view_top"":false},""question6"":{""orientation_match"":true,""view_frontal"":true,""view_perspective"":false,""view_side"":false,""view_top"":false},""question7"":{""orientation_match"":true,""view_frontal"":false,""view_perspective"":false,""view_side"":false,""view_top"":true},""question8"":{""orientation_match"":true,""view_frontal"":false,""view_perspective"":false,""view_side"":true,""view_top"":false},""question9"":{""orientation_match"":true,""view_frontal"":true,""view_perspective"":false,""view_side"":false,""view_top"":false}}]"
"3P0I4CQYWQLG9L4XOSF3QCELPMNWOP","3XYCBL6ZT49TLP62BHCL6Q0M8862SH","Categorize images based on view.","Review 10 line-arts and judge if it has same or different views. Identify view for each tactile. (10 pairs)","tactile, image review, accessibility, furniture and structures","$0.08","Sat Apr 18 18:45:45 PDT 2026","7","BatchId:5385947;OriginalHitTemplateId:928390873;","1800","1296000","Sat Apr 25 18:45:45 PDT 2026","","","39GHHAVON85SLSS9OBMGB8A1A3DJ45","A2FK6782M09EBO","Submitted","Sat Apr 18 19:50:12 PDT 2026","Sat Apr 18 19:51:33 PDT 2026","Sun May 03 19:51:33 PDT 2026","","","","81","93% (65/70)","93% (65/70)","93% (65/70)","Bed","https://tactileeval.s3.us-east-1.amazonaws.com/family_datasets/Furniture_and_Structures/Bed/Natural/11_Bed.jpg","https://tactileeval.s3.us-east-1.amazonaws.com/family_datasets/Furniture_and_Structures/Bed/Tactile/11.jpeg","","Bed","https://tactileeval.s3.us-east-1.amazonaws.com/family_datasets/Furniture_and_Structures/Bed/Natural/12_Bed.jpg","https://tactileeval.s3.us-east-1.amazonaws.com/family_datasets/Furniture_and_Structures/Bed/Tactile/12.jpeg","","Bed","https://tactileeval.s3.us-east-1.amazonaws.com/family_datasets/Furniture_and_Structures/Bed/Natural/13_Bed.jpg","https://tactileeval.s3.us-east-1.amazonaws.com/family_datasets/Furniture_and_Structures/Bed/Tactile/13.jpeg","","Bed","https://tactileeval.s3.us-east-1.amazonaws.com/family_datasets/Furniture_and_Structures/Bed/Natural/14_Bed.jpg","https://tactileeval.s3.us-east-1.amazonaws.com/family_datasets/Furniture_and_Structures/Bed/Tactile/14.jpeg","","Chair","https://tactileeval.s3.us-east-1.amazonaws.com/family_datasets/Furniture_and_Structures/Chair/Natural/1_Chair.jpg","https://tactileeval.s3.us-east-1.amazonaws.com/family_datasets/Furniture_and_Structures/Chair/Tactile/1.jpg","","Chair","https://tactileeval.s3.us-east-1.amazonaws.com/family_datasets/Furniture_and_Structures/Chair/Natural/2_Chair.jpg","https://tactileeval.s3.us-east-1.amazonaws.com/family_datasets/Furniture_and_Structures/Chair/Tactile/2.jpg","","Chair","https://tactileeval.s3.us-east-1.amazonaws.com/family_datasets/Furniture_and_Structures/Chair/Natural/3_Chair%282%29.jpg","https://tactileeval.s3.us-east-1.amazonaws.com/family_datasets/Furniture_and_Structures/Chair/Tactile/3.jpg","","Chair","https://tactileeval.s3.us-east-1.amazonaws.com/family_datasets/Furniture_and_Structures/Chair/Natural/4_Chair%282%29_Edited.jpg","https://tactileeval.s3.us-east-1.amazonaws.com/family_datasets/Furniture_and_Structures/Chair/Tactile/4.png","","Chair","https://tactileeval.s3.us-east-1.amazonaws.com/family_datasets/Furniture_and_Structures/Chair/Natural/5_Chair.jpg","https://tactileeval.s3.us-east-1.amazonaws.com/family_datasets/Furniture_and_Structures/Chair/Tactile/5.jpg","","Chair","https://tactileeval.s3.us-east-1.amazonaws.com/family_datasets/Furniture_and_Structures/Chair/Natural/6_Chair.jpg","https://tactileeval.s3.us-east-1.amazonaws.com/family_datasets/Furniture_and_Structures/Chair/Tactile/6.jpg","","[{""question1"":{""orientation_match"":true,""view_frontal"":false,""view_perspective"":false,""view_side"":true,""view_top"":false},""question10"":{""orientation_match"":true,""view_frontal"":false,""view_perspective"":true,""view_side"":false,""view_top"":false},""question2"":{""orientation_match"":true,""view_frontal"":false,""view_perspective"":false,""view_side"":true,""view_top"":false},""question3"":{""orientation_match"":false,""view_frontal"":false,""view_perspective"":false,""view_side"":true,""view_top"":false},""question4"":{""orientation_match"":true,""view_frontal"":false,""view_perspective"":false,""view_side"":true,""view_top"":false},""question5"":{""orientation_match"":true,""view_frontal"":false,""view_perspective"":true,""view_side"":false,""view_top"":false},""question6"":{""orientation_match"":true,""view_frontal"":false,""view_perspective"":false,""view_side"":true,""view_top"":false},""question7"":{""orientation_match"":true,""view_frontal"":false,""view_perspective"":true,""view_side"":false,""view_top"":false},""question8"":{""orientation_match"":false,""view_frontal"":false,""view_perspective"":true,""view_side"":false,""view_top"":false},""question9"":{""orientation_match"":true,""view_frontal"":false,""view_perspective"":true,""view_side"":false,""view_top"":false}}]"
"3P0I4CQYWQLG9L4XOSF3QCELPMNWOP","3XYCBL6ZT49TLP62BHCL6Q0M8862SH","Categorize images based on view.","Review 10 line-arts and judge if it has same or different views. Identify view for each tactile. (10 pairs)","tactile, image review, accessibility, furniture and structures","$0.08","Sat Apr 18 18:45:45 PDT 2026","7","BatchId:5385947;OriginalHitTemplateId:928390873;","1800","1296000","Sat Apr 25 18:45:45 PDT 2026","","","3B3WTRP3E4GTC20DYLCFTZZ0UK329V","AA1IM0SAQ3XFM","Submitted","Sat Apr 18 19:09:21 PDT 2026","Sat Apr 18 19:10:30 PDT 2026","Sun May 03 19:10:30 PDT 2026","","","","69","0% (0/0)","0% (0/0)","0% (0/0)","Bed","https://tactileeval.s3.us-east-1.amazonaws.com/family_datasets/Furniture_and_Structures/Bed/Natural/11_Bed.jpg","https://tactileeval.s3.us-east-1.amazonaws.com/family_datasets/Furniture_and_Structures/Bed/Tactile/11.jpeg","","Bed","https://tactileeval.s3.us-east-1.amazonaws.com/family_datasets/Furniture_and_Structures/Bed/Natural/12_Bed.jpg","https://tactileeval.s3.us-east-1.amazonaws.com/family_datasets/Furniture_and_Structures/Bed/Tactile/12.jpeg","","Bed","https://tactileeval.s3.us-east-1.amazonaws.com/family_datasets/Furniture_and_Structures/Bed/Natural/13_Bed.jpg","https://tactileeval.s3.us-east-1.amazonaws.com/family_datasets/Furniture_and_Structures/Bed/Tactile/13.jpeg","","Bed","https://tactileeval.s3.us-east-1.amazonaws.com/family_datasets/Furniture_and_Structures/Bed/Natural/14_Bed.jpg","https://tactileeval.s3.us-east-1.amazonaws.com/family_datasets/Furniture_and_Structures/Bed/Tactile/14.jpeg","","Chair","https://tactileeval.s3.us-east-1.amazonaws.com/family_datasets/Furniture_and_Structures/Chair/Natural/1_Chair.jpg","https://tactileeval.s3.us-east-1.amazonaws.com/family_datasets/Furniture_and_Structures/Chair/Tactile/1.jpg","","Chair","https://tactileeval.s3.us-east-1.amazonaws.com/family_datasets/Furniture_and_Structures/Chair/Natural/2_Chair.jpg","https://tactileeval.s3.us-east-1.amazonaws.com/family_datasets/Furniture_and_Structures/Chair/Tactile/2.jpg","","Chair","https://tactileeval.s3.us-east-1.amazonaws.com/family_datasets/Furniture_and_Structures/Chair/Natural/3_Chair%282%29.jpg","https://tactileeval.s3.us-east-1.amazonaws.com/family_datasets/Furniture_and_Structures/Chair/Tactile/3.jpg","","Chair","https://tactileeval.s3.us-east-1.amazonaws.com/family_datasets/Furniture_and_Structures/Chair/Natural/4_Chair%282%29_Edited.jpg","https://tactileeval.s3.us-east-1.amazonaws.com/family_datasets/Furniture_and_Structures/Chair/Tactile/4.png","","Chair","https://tactileeval.s3.us-east-1.amazonaws.com/family_datasets/Furniture_and_Structures/Chair/Natural/5_Chair.jpg","https://tactileeval.s3.us-east-1.amazonaws.com/family_datasets/Furniture_and_Structures/Chair/Tactile/5.jpg","","Chair","https://tactileeval.s3.us-east-1.amazonaws.com/family_datasets/Furniture_and_Structures/Chair/Natural/6_Chair.jpg","https://tactileeval.s3.us-east-1.amazonaws.com/family_datasets/Furniture_and_Structures/Chair/Tactile/6.jpg","","[{""question1"":{""orientation_match"":true,""view_frontal"":false,""view_perspective"":false,""view_side"":true,""view_top"":false},""question10"":{""orientation_match"":true,""view_frontal"":false,""view_perspective"":true,""view_side"":false,""view_top"":false},""question2"":{""orientation_match"":false,""view_frontal"":false,""view_perspective"":false,""view_side"":true,""view_top"":false},""question3"":{""orientation_match"":false,""view_frontal"":false,""view_perspective"":false,""view_side"":false,""view_top"":true},""question4"":{""orientation_match"":false,""view_frontal"":false,""view_perspective"":false,""view_side"":true,""view_top"":false},""question5"":{""orientation_match"":true,""view_frontal"":false,""view_perspective"":true,""view_side"":false,""view_top"":false},""question6"":{""orientation_match"":true,""view_frontal"":false,""view_perspective"":true,""view_side"":false,""view_top"":false},""question7"":{""orientation_match"":true,""view_frontal"":false,""view_perspective"":true,""view_side"":false,""view_top"":false},""question8"":{""orientation_match"":true,""view_frontal"":false,""view_perspective"":true,""view_side"":false,""view_top"":false},""question9"":{""orientation_match"":true,""view_frontal"":false,""view_perspective"":true,""view_side"":false,""view_top"":false}}]"
"3P0I4CQYWQLG9L4XOSF3QCELPMNWOP","3XYCBL6ZT49TLP62BHCL6Q0M8862SH","Categorize images based on view.","Review 10 line-arts and judge if it has same or different views. Identify view for each tactile. (10 pairs)","tactile, image review, accessibility, furniture and structures","$0.08","Sat Apr 18 18:45:45 PDT 2026","7","BatchId:5385947;OriginalHitTemplateId:928390873;","1800","1296000","Sat Apr 25 18:45:45 PDT 2026","","","3BXQMRHWLSCH3YS96EQQ440CDALUMW","A3404IIFIN1T2H","Submitted","Sat Apr 18 18:57:49 PDT 2026","Sat Apr 18 18:59:25 PDT 2026","Sun May 03 18:59:25 PDT 2026","","","","96","94% (100/106)","0% (0/0)","0% (0/0)","Bed","https://tactileeval.s3.us-east-1.amazonaws.com/family_datasets/Furniture_and_Structures/Bed/Natural/11_Bed.jpg","https://tactileeval.s3.us-east-1.amazonaws.com/family_datasets/Furniture_and_Structures/Bed/Tactile/11.jpeg","","Bed","https://tactileeval.s3.us-east-1.amazonaws.com/family_datasets/Furniture_and_Structures/Bed/Natural/12_Bed.jpg","https://tactileeval.s3.us-east-1.amazonaws.com/family_datasets/Furniture_and_Structures/Bed/Tactile/12.jpeg","","Bed","https://tactileeval.s3.us-east-1.amazonaws.com/family_datasets/Furniture_and_Structures/Bed/Natural/13_Bed.jpg","https://tactileeval.s3.us-east-1.amazonaws.com/family_datasets/Furniture_and_Structures/Bed/Tactile/13.jpeg","","Bed","https://tactileeval.s3.us-east-1.amazonaws.com/family_datasets/Furniture_and_Structures/Bed/Natural/14_Bed.jpg","https://tactileeval.s3.us-east-1.amazonaws.com/family_datasets/Furniture_and_Structures/Bed/Tactile/14.jpeg","","Chair","https://tactileeval.s3.us-east-1.amazonaws.com/family_datasets/Furniture_and_Structures/Chair/Natural/1_Chair.jpg","https://tactileeval.s3.us-east-1.amazonaws.com/family_datasets/Furniture_and_Structures/Chair/Tactile/1.jpg","","Chair","https://tactileeval.s3.us-east-1.amazonaws.com/family_datasets/Furniture_and_Structures/Chair/Natural/2_Chair.jpg","https://tactileeval.s3.us-east-1.amazonaws.com/family_datasets/Furniture_and_Structures/Chair/Tactile/2.jpg","","Chair","https://tactileeval.s3.us-east-1.amazonaws.com/family_datasets/Furniture_and_Structures/Chair/Natural/3_Chair%282%29.jpg","https://tactileeval.s3.us-east-1.amazonaws.com/family_datasets/Furniture_and_Structures/Chair/Tactile/3.jpg","","Chair","https://tactileeval.s3.us-east-1.amazonaws.com/family_datasets/Furniture_and_Structures/Chair/Natural/4_Chair%282%29_Edited.jpg","https://tactileeval.s3.us-east-1.amazonaws.com/family_datasets/Furniture_and_Structures/Chair/Tactile/4.png","","Chair","https://tactileeval.s3.us-east-1.amazonaws.com/family_datasets/Furniture_and_Structures/Chair/Natural/5_Chair.jpg","https://tactileeval.s3.us-east-1.amazonaws.com/family_datasets/Furniture_and_Structures/Chair/Tactile/5.jpg","","Chair","https://tactileeval.s3.us-east-1.amazonaws.com/family_datasets/Furniture_and_Structures/Chair/Natural/6_Chair.jpg","https://tactileeval.s3.us-east-1.amazonaws.com/family_datasets/Furniture_and_Structures/Chair/Tactile/6.jpg","","[{""question1"":{""orientation_match"":false,""view_frontal"":false,""view_perspective"":false,""view_side"":true,""view_top"":false},""question10"":{""orientation_match"":true,""view_frontal"":false,""view_perspective"":true,""view_side"":false,""view_top"":false},""question2"":{""orientation_match"":false,""view_frontal"":true,""view_perspective"":false,""view_side"":false,""view_top"":false},""question3"":{""orientation_match"":true,""view_frontal"":false,""view_perspective"":false,""view_side"":true,""view_top"":false},""question4"":{""orientation_match"":true,""view_frontal"":true,""view_perspective"":false,""view_side"":false,""view_top"":false},""question5"":{""orientation_match"":false,""view_frontal"":false,""view_perspective"":true,""view_side"":false,""view_top"":false},""question6"":{""orientation_match"":false,""view_frontal"":false,""view_perspective"":true,""view_side"":false,""view_top"":false},""question7"":{""orientation_match"":true,""view_frontal"":false,""view_perspective"":false,""view_side"":false,""view_top"":false},""question8"":{""orientation_match"":true,""view_frontal"":true,""view_perspective"":false,""view_side"":false,""view_top"":false},""question9"":{""orientation_match"":true,""view_frontal"":false,""view_perspective"":true,""view_side"":false,""view_top"":false}}]"
"3P0I4CQYWQLG9L4XOSF3QCELPMNWOP","3XYCBL6ZT49TLP62BHCL6Q0M8862SH","Categorize images based on view.","Review 10 line-arts and judge if it has same or different views. Identify view for each tactile. (10 pairs)","tactile, image review, accessibility, furniture and structures","$0.08","Sat Apr 18 18:45:45 PDT 2026","7","BatchId:5385947;OriginalHitTemplateId:928390873;","1800","1296000","Sat Apr 25 18:45:45 PDT 2026","","","3H7Z272LY0LK5B2SPGQHULYO5OELP0","A1RQST9UG72B9D","Submitted","Sat Apr 18 19:50:42 PDT 2026","Sat Apr 18 19:52:08 PDT 2026","Sun May 03 19:52:08 PDT 2026","","","","86","0% (0/0)","0% (0/0)","0% (0/0)","Bed","https://tactileeval.s3.us-east-1.amazonaws.com/family_datasets/Furniture_and_Structures/Bed/Natural/11_Bed.jpg","https://tactileeval.s3.us-east-1.amazonaws.com/family_datasets/Furniture_and_Structures/Bed/Tactile/11.jpeg","","Bed","https://tactileeval.s3.us-east-1.amazonaws.com/family_datasets/Furniture_and_Structures/Bed/Natural/12_Bed.jpg","https://tactileeval.s3.us-east-1.amazonaws.com/family_datasets/Furniture_and_Structures/Bed/Tactile/12.jpeg","","Bed","https://tactileeval.s3.us-east-1.amazonaws.com/family_datasets/Furniture_and_Structures/Bed/Natural/13_Bed.jpg","https://tactileeval.s3.us-east-1.amazonaws.com/family_datasets/Furniture_and_Structures/Bed/Tactile/13.jpeg","","Bed","https://tactileeval.s3.us-east-1.amazonaws.com/family_datasets/Furniture_and_Structures/Bed/Natural/14_Bed.jpg","https://tactileeval.s3.us-east-1.amazonaws.com/family_datasets/Furniture_and_Structures/Bed/Tactile/14.jpeg","","Chair","https://tactileeval.s3.us-east-1.amazonaws.com/family_datasets/Furniture_and_Structures/Chair/Natural/1_Chair.jpg","https://tactileeval.s3.us-east-1.amazonaws.com/family_datasets/Furniture_and_Structures/Chair/Tactile/1.jpg","","Chair","https://tactileeval.s3.us-east-1.amazonaws.com/family_datasets/Furniture_and_Structures/Chair/Natural/2_Chair.jpg","https://tactileeval.s3.us-east-1.amazonaws.com/family_datasets/Furniture_and_Structures/Chair/Tactile/2.jpg","","Chair","https://tactileeval.s3.us-east-1.amazonaws.com/family_datasets/Furniture_and_Structures/Chair/Natural/3_Chair%282%29.jpg","https://tactileeval.s3.us-east-1.amazonaws.com/family_datasets/Furniture_and_Structures/Chair/Tactile/3.jpg","","Chair","https://tactileeval.s3.us-east-1.amazonaws.com/family_datasets/Furniture_and_Structures/Chair/Natural/4_Chair%282%29_Edited.jpg","https://tactileeval.s3.us-east-1.amazonaws.com/family_datasets/Furniture_and_Structures/Chair/Tactile/4.png","","Chair","https://tactileeval.s3.us-east-1.amazonaws.com/family_datasets/Furniture_and_Structures/Chair/Natural/5_Chair.jpg","https://tactileeval.s3.us-east-1.amazonaws.com/family_datasets/Furniture_and_Structures/Chair/Tactile/5.jpg","","Chair","https://tactileeval.s3.us-east-1.amazonaws.com/family_datasets/Furniture_and_Structures/Chair/Natural/6_Chair.jpg","https://tactileeval.s3.us-east-1.amazonaws.com/family_datasets/Furniture_and_Structures/Chair/Tactile/6.jpg","","[{""question1"":{""orientation_match"":true,""view_frontal"":false,""view_perspective"":false,""view_side"":true,""view_top"":false},""question10"":{""orientation_match"":true,""view_frontal"":false,""view_perspective"":true,""view_side"":false,""view_top"":false},""question2"":{""orientation_match"":false,""view_frontal"":false,""view_perspective"":false,""view_side"":true,""view_top"":false},""question3"":{""orientation_match"":false,""view_frontal"":false,""view_perspective"":true,""view_side"":false,""view_top"":false},""question4"":{""orientation_match"":false,""view_frontal"":false,""view_perspective"":false,""view_side"":true,""view_top"":false},""question5"":{""orientation_match"":true,""view_frontal"":false,""view_perspective"":true,""view_side"":false,""view_top"":false},""question6"":{""orientation_match"":true,""view_frontal"":false,""view_perspective"":true,""view_side"":false,""view_top"":false},""question7"":{""orientation_match"":true,""view_frontal"":false,""view_perspective"":true,""view_side"":false,""view_top"":false},""question8"":{""orientation_match"":true,""view_frontal"":false,""view_perspective"":true,""view_side"":false,""view_top"":false},""question9"":{""orientation_match"":true,""view_frontal"":false,""view_perspective"":true,""view_side"":false,""view_top"":false}}]"
"3P0I4CQYWQLG9L4XOSF3QCELPMNWOP","3XYCBL6ZT49TLP62BHCL6Q0M8862SH","Categorize images based on view.","Review 10 line-arts and judge if it has same or different views. Identify view for each tactile. (10 pairs)","tactile, image review, accessibility, furniture and structures","$0.08","Sat Apr 18 18:45:45 PDT 2026","7","BatchId:5385947;OriginalHitTemplateId:928390873;","1800","1296000","Sat Apr 25 18:45:45 PDT 2026","","","3RSDURM973008JK1ZHZWUH1G0WHYEL","A3MFBBVX106DGI","Submitted","Sat Apr 18 20:09:42 PDT 2026","Sat Apr 18 20:24:56 PDT 2026","Sun May 03 20:24:56 PDT 2026","","","","914","100% (51/51)","100% (29/29)","100% (29/29)","Bed","https://tactileeval.s3.us-east-1.amazonaws.com/family_datasets/Furniture_and_Structures/Bed/Natural/11_Bed.jpg","https://tactileeval.s3.us-east-1.amazonaws.com/family_datasets/Furniture_and_Structures/Bed/Tactile/11.jpeg","","Bed","https://tactileeval.s3.us-east-1.amazonaws.com/family_datasets/Furniture_and_Structures/Bed/Natural/12_Bed.jpg","https://tactileeval.s3.us-east-1.amazonaws.com/family_datasets/Furniture_and_Structures/Bed/Tactile/12.jpeg","","Bed","https://tactileeval.s3.us-east-1.amazonaws.com/family_datasets/Furniture_and_Structures/Bed/Natural/13_Bed.jpg","https://tactileeval.s3.us-east-1.amazonaws.com/family_datasets/Furniture_and_Structures/Bed/Tactile/13.jpeg","","Bed","https://tactileeval.s3.us-east-1.amazonaws.com/family_datasets/Furniture_and_Structures/Bed/Natural/14_Bed.jpg","https://tactileeval.s3.us-east-1.amazonaws.com/family_datasets/Furniture_and_Structures/Bed/Tactile/14.jpeg","","Chair","https://tactileeval.s3.us-east-1.amazonaws.com/family_datasets/Furniture_and_Structures/Chair/Natural/1_Chair.jpg","https://tactileeval.s3.us-east-1.amazonaws.com/family_datasets/Furniture_and_Structures/Chair/Tactile/1.jpg","","Chair","https://tactileeval.s3.us-east-1.amazonaws.com/family_datasets/Furniture_and_Structures/Chair/Natural/2_Chair.jpg","https://tactileeval.s3.us-east-1.amazonaws.com/family_datasets/Furniture_and_Structures/Chair/Tactile/2.jpg","","Chair","https://tactileeval.s3.us-east-1.amazonaws.com/family_datasets/Furniture_and_Structures/Chair/Natural/3_Chair%282%29.jpg","https://tactileeval.s3.us-east-1.amazonaws.com/family_datasets/Furniture_and_Structures/Chair/Tactile/3.jpg","","Chair","https://tactileeval.s3.us-east-1.amazonaws.com/family_datasets/Furniture_and_Structures/Chair/Natural/4_Chair%282%29_Edited.jpg","https://tactileeval.s3.us-east-1.amazonaws.com/family_datasets/Furniture_and_Structures/Chair/Tactile/4.png","","Chair","https://tactileeval.s3.us-east-1.amazonaws.com/family_datasets/Furniture_and_Structures/Chair/Natural/5_Chair.jpg","https://tactileeval.s3.us-east-1.amazonaws.com/family_datasets/Furniture_and_Structures/Chair/Tactile/5.jpg","","Chair","https://tactileeval.s3.us-east-1.amazonaws.com/family_datasets/Furniture_and_Structures/Chair/Natural/6_Chair.jpg","https://tactileeval.s3.us-east-1.amazonaws.com/family_datasets/Furniture_and_Structures/Chair/Tactile/6.jpg","","[{""question1"":{""orientation_match"":true,""view_frontal"":false,""view_perspective"":false,""view_side"":true,""view_top"":false},""question10"":{""orientation_match"":true,""view_frontal"":false,""view_perspective"":true,""view_side"":false,""view_top"":false},""question2"":{""orientation_match"":true,""view_frontal"":true,""view_perspective"":false,""view_side"":false,""view_top"":false},""question3"":{""orientation_match"":true,""view_frontal"":false,""view_perspective"":false,""view_side"":false,""view_top"":true},""question4"":{""orientation_match"":true,""view_frontal"":false,""view_perspective"":false,""view_side"":true,""view_top"":false},""question5"":{""orientation_match"":true,""view_frontal"":false,""view_perspective"":true,""view_side"":false,""view_top"":false},""question6"":{""orientation_match"":true,""view_frontal"":false,""view_perspective"":false,""view_side"":true,""view_top"":false},""question7"":{""orientation_match"":false,""view_frontal"":false,""view_perspective"":false,""view_side"":true,""view_top"":false},""question8"":{""orientation_match"":true,""view_frontal"":false,""view_perspective"":true,""view_side"":false,""view_top"":false},""question9"":{""orientation_match"":true,""view_frontal"":false,""view_perspective"":true,""view_side"":false,""view_top"":false}}]"
"3P0I4CQYWQLG9L4XOSF3QCELPMNWOP","3XYCBL6ZT49TLP62BHCL6Q0M8862SH","Categorize images based on view.","Review 10 line-arts and judge if it has same or different views. Identify view for each tactile. (10 pairs)","tactile, image review, accessibility, furniture and structures","$0.08","Sat Apr 18 18:45:45 PDT 2026","7","BatchId:5385947;OriginalHitTemplateId:928390873;","1800","1296000","Sat Apr 25 18:45:45 PDT 2026","","","3TGOYF992Q00G6XIFGHCVEH6QWKUUK","A3UD3Z0MVKSLF3","Submitted","Sat Apr 18 18:51:05 PDT 2026","Sat Apr 18 18:52:10 PDT 2026","Sun May 03 18:52:10 PDT 2026","","","","65","92% (77/84)","0% (0/0)","0% (0/0)","Bed","https://tactileeval.s3.us-east-1.amazonaws.com/family_datasets/Furniture_and_Structures/Bed/Natural/11_Bed.jpg","https://tactileeval.s3.us-east-1.amazonaws.com/family_datasets/Furniture_and_Structures/Bed/Tactile/11.jpeg","","Bed","https://tactileeval.s3.us-east-1.amazonaws.com/family_datasets/Furniture_and_Structures/Bed/Natural/12_Bed.jpg","https://tactileeval.s3.us-east-1.amazonaws.com/family_datasets/Furniture_and_Structures/Bed/Tactile/12.jpeg","","Bed","https://tactileeval.s3.us-east-1.amazonaws.com/family_datasets/Furniture_and_Structures/Bed/Natural/13_Bed.jpg","https://tactileeval.s3.us-east-1.amazonaws.com/family_datasets/Furniture_and_Structures/Bed/Tactile/13.jpeg","","Bed","https://tactileeval.s3.us-east-1.amazonaws.com/family_datasets/Furniture_and_Structures/Bed/Natural/14_Bed.jpg","https://tactileeval.s3.us-east-1.amazonaws.com/family_datasets/Furniture_and_Structures/Bed/Tactile/14.jpeg","","Chair","https://tactileeval.s3.us-east-1.amazonaws.com/family_datasets/Furniture_and_Structures/Chair/Natural/1_Chair.jpg","https://tactileeval.s3.us-east-1.amazonaws.com/family_datasets/Furniture_and_Structures/Chair/Tactile/1.jpg","","Chair","https://tactileeval.s3.us-east-1.amazonaws.com/family_datasets/Furniture_and_Structures/Chair/Natural/2_Chair.jpg","https://tactileeval.s3.us-east-1.amazonaws.com/family_datasets/Furniture_and_Structures/Chair/Tactile/2.jpg","","Chair","https://tactileeval.s3.us-east-1.amazonaws.com/family_datasets/Furniture_and_Structures/Chair/Natural/3_Chair%282%29.jpg","https://tactileeval.s3.us-east-1.amazonaws.com/family_datasets/Furniture_and_Structures/Chair/Tactile/3.jpg","","Chair","https://tactileeval.s3.us-east-1.amazonaws.com/family_datasets/Furniture_and_Structures/Chair/Natural/4_Chair%282%29_Edited.jpg","https://tactileeval.s3.us-east-1.amazonaws.com/family_datasets/Furniture_and_Structures/Chair/Tactile/4.png","","Chair","https://tactileeval.s3.us-east-1.amazonaws.com/family_datasets/Furniture_and_Structures/Chair/Natural/5_Chair.jpg","https://tactileeval.s3.us-east-1.amazonaws.com/family_datasets/Furniture_and_Structures/Chair/Tactile/5.jpg","","Chair","https://tactileeval.s3.us-east-1.amazonaws.com/family_datasets/Furniture_and_Structures/Chair/Natural/6_Chair.jpg","https://tactileeval.s3.us-east-1.amazonaws.com/family_datasets/Furniture_and_Structures/Chair/Tactile/6.jpg","","[{""question1"":{""orientation_match"":true,""view_frontal"":true,""view_perspective"":false,""view_side"":false,""view_top"":false},""question10"":{""orientation_match"":true,""view_frontal"":false,""view_perspective"":true,""view_side"":false,""view_top"":false},""question2"":{""orientation_match"":true,""view_frontal"":false,""view_perspective"":false,""view_side"":false,""view_top"":false},""question3"":{""orientation_match"":false,""view_frontal"":false,""view_perspective"":false,""view_side"":true,""view_top"":false},""question4"":{""orientation_match"":true,""view_frontal"":false,""view_perspective"":false,""view_side"":false,""view_top"":true},""question5"":{""orientation_match"":false,""view_frontal"":false,""view_perspective"":true,""view_side"":false,""view_top"":false},""question6"":{""orientation_match"":false,""view_frontal"":false,""view_perspective"":false,""view_side"":true,""view_top"":false},""question7"":{""orientation_match"":false,""view_frontal"":false,""view_perspective"":false,""view_side"":true,""view_top"":false},""question8"":{""orientation_match"":true,""view_frontal"":false,""view_perspective"":false,""view_side"":false,""view_top"":false},""question9"":{""orientation_match"":true,""view_frontal"":false,""view_perspective"":true,""view_side"":false,""view_top"":false}}]"
"3P0I4CQYWQLG9L4XOSF3QCELPMNWOP","3XYCBL6ZT49TLP62BHCL6Q0M8862SH","Categorize images based on view.","Review 10 line-arts and judge if it has same or different views. Identify view for each tactile. (10 pairs)","tactile, image review, accessibility, furniture and structures","$0.08","Sat Apr 18 18:45:45 PDT 2026","7","BatchId:5385947;OriginalHitTemplateId:928390873;","1800","1296000","Sat Apr 25 18:45:45 PDT 2026","","","3XUHV3NRWDCEQ51JEG254N00X755HS","ARSYPIB62OGI8","Submitted","Sat Apr 18 19:58:16 PDT 2026","Sat Apr 18 20:22:41 PDT 2026","Sun May 03 20:22:41 PDT 2026","","","","1465","0% (0/0)","0% (0/0)","0% (0/0)","Bed","https://tactileeval.s3.us-east-1.amazonaws.com/family_datasets/Furniture_and_Structures/Bed/Natural/11_Bed.jpg","https://tactileeval.s3.us-east-1.amazonaws.com/family_datasets/Furniture_and_Structures/Bed/Tactile/11.jpeg","","Bed","https://tactileeval.s3.us-east-1.amazonaws.com/family_datasets/Furniture_and_Structures/Bed/Natural/12_Bed.jpg","https://tactileeval.s3.us-east-1.amazonaws.com/family_datasets/Furniture_and_Structures/Bed/Tactile/12.jpeg","","Bed","https://tactileeval.s3.us-east-1.amazonaws.com/family_datasets/Furniture_and_Structures/Bed/Natural/13_Bed.jpg","https://tactileeval.s3.us-east-1.amazonaws.com/family_datasets/Furniture_and_Structures/Bed/Tactile/13.jpeg","","Bed","https://tactileeval.s3.us-east-1.amazonaws.com/family_datasets/Furniture_and_Structures/Bed/Natural/14_Bed.jpg","https://tactileeval.s3.us-east-1.amazonaws.com/family_datasets/Furniture_and_Structures/Bed/Tactile/14.jpeg","","Chair","https://tactileeval.s3.us-east-1.amazonaws.com/family_datasets/Furniture_and_Structures/Chair/Natural/1_Chair.jpg","https://tactileeval.s3.us-east-1.amazonaws.com/family_datasets/Furniture_and_Structures/Chair/Tactile/1.jpg","","Chair","https://tactileeval.s3.us-east-1.amazonaws.com/family_datasets/Furniture_and_Structures/Chair/Natural/2_Chair.jpg","https://tactileeval.s3.us-east-1.amazonaws.com/family_datasets/Furniture_and_Structures/Chair/Tactile/2.jpg","","Chair","https://tactileeval.s3.us-east-1.amazonaws.com/family_datasets/Furniture_and_Structures/Chair/Natural/3_Chair%282%29.jpg","https://tactileeval.s3.us-east-1.amazonaws.com/family_datasets/Furniture_and_Structures/Chair/Tactile/3.jpg","","Chair","https://tactileeval.s3.us-east-1.amazonaws.com/family_datasets/Furniture_and_Structures/Chair/Natural/4_Chair%282%29_Edited.jpg","https://tactileeval.s3.us-east-1.amazonaws.com/family_datasets/Furniture_and_Structures/Chair/Tactile/4.png","","Chair","https://tactileeval.s3.us-east-1.amazonaws.com/family_datasets/Furniture_and_Structures/Chair/Natural/5_Chair.jpg","https://tactileeval.s3.us-east-1.amazonaws.com/family_datasets/Furniture_and_Structures/Chair/Tactile/5.jpg","","Chair","https://tactileeval.s3.us-east-1.amazonaws.com/family_datasets/Furniture_and_Structures/Chair/Natural/6_Chair.jpg","https://tactileeval.s3.us-east-1.amazonaws.com/family_datasets/Furniture_and_Structures/Chair/Tactile/6.jpg","","[{""question1"":{""orientation_match"":true,""view_frontal"":false,""view_perspective"":false,""view_side"":true,""view_top"":false},""question10"":{""orientation_match"":true,""view_frontal"":false,""view_perspective"":true,""view_side"":false,""view_top"":false},""question2"":{""orientation_match"":false,""view_frontal"":false,""view_perspective"":false,""view_side"":true,""view_top"":false},""question3"":{""orientation_match"":false,""view_frontal"":false,""view_perspective"":false,""view_side"":true,""view_top"":false},""question4"":{""orientation_match"":true,""view_frontal"":false,""view_perspective"":false,""view_side"":true,""view_top"":false},""question5"":{""orientation_match"":true,""view_frontal"":false,""view_perspective"":true,""view_side"":false,""view_top"":false},""question6"":{""orientation_match"":true,""view_frontal"":false,""view_perspective"":false,""view_side"":true,""view_top"":false},""question7"":{""orientation_match"":true,""view_frontal"":false,""view_perspective"":true,""view_side"":false,""view_top"":false},""question8"":{""orientation_match"":false,""view_frontal"":false,""view_perspective"":false,""view_side"":true,""view_top"":false},""question9"":{""orientation_match"":true,""view_frontal"":false,""view_perspective"":true,""view_side"":false,""view_top"":false}}]"
"371Q3BEXE9NZ181V6WGJ9LI43DUZSF","3XYCBL6ZT49TLP62BHCL6Q0M8862SH","Categorize images based on view.","Review 10 line-arts and judge if it has same or different views. Identify view for each tactile. (10 pairs)","tactile, image review, accessibility, furniture and structures","$0.08","Sat Apr 18 18:45:45 PDT 2026","7","BatchId:5385947;OriginalHitTemplateId:928390873;","1800","1296000","Sat Apr 25 18:45:45 PDT 2026","","","388U7OUMG0FSKSTLDF8N1W6F38SR0Q","A3MFBBVX106DGI","Submitted","Sat Apr 18 20:09:42 PDT 2026","Sat Apr 18 20:23:05 PDT 2026","Sun May 03 20:23:05 PDT 2026","","","","803","100% (51/51)","100% (29/29)","100% (29/29)","Chair","https://tactileeval.s3.us-east-1.amazonaws.com/family_datasets/Furniture_and_Structures/Chair/Natural/7_Chair.jpg","https://tactileeval.s3.us-east-1.amazonaws.com/family_datasets/Furniture_and_Structures/Chair/Tactile/7.jpg","","Chair","https://tactileeval.s3.us-east-1.amazonaws.com/family_datasets/Furniture_and_Structures/Chair/Natural/8_Chair.jpg","https://tactileeval.s3.us-east-1.amazonaws.com/family_datasets/Furniture_and_Structures/Chair/Tactile/8.jpg","","Chair","https://tactileeval.s3.us-east-1.amazonaws.com/family_datasets/Furniture_and_Structures/Chair/Natural/9_Chair.jpg","https://tactileeval.s3.us-east-1.amazonaws.com/family_datasets/Furniture_and_Structures/Chair/Tactile/9.jpg","","Chair","https://tactileeval.s3.us-east-1.amazonaws.com/family_datasets/Furniture_and_Structures/Chair/Natural/10_Chair.jpg","https://tactileeval.s3.us-east-1.amazonaws.com/family_datasets/Furniture_and_Structures/Chair/Tactile/10.jpg","","Chair","https://tactileeval.s3.us-east-1.amazonaws.com/family_datasets/Furniture_and_Structures/Chair/Natural/11_Chair%282%29.jpg","https://tactileeval.s3.us-east-1.amazonaws.com/family_datasets/Furniture_and_Structures/Chair/Tactile/11.jpg","","Chair","https://tactileeval.s3.us-east-1.amazonaws.com/family_datasets/Furniture_and_Structures/Chair/Natural/12_Chair%282%29.jpg","https://tactileeval.s3.us-east-1.amazonaws.com/family_datasets/Furniture_and_Structures/Chair/Tactile/12.png","","Door","https://tactileeval.s3.us-east-1.amazonaws.com/family_datasets/Furniture_and_Structures/Door/Natural/Door_1.jpg","https://tactileeval.s3.us-east-1.amazonaws.com/family_datasets/Furniture_and_Structures/Door/Tactile/1.jpg","","Door","https://tactileeval.s3.us-east-1.amazonaws.com/family_datasets/Furniture_and_Structures/Door/Natural/Door_2.jpg","https://tactileeval.s3.us-east-1.amazonaws.com/family_datasets/Furniture_and_Structures/Door/Tactile/2.jpg","","Door","https://tactileeval.s3.us-east-1.amazonaws.com/family_datasets/Furniture_and_Structures/Door/Natural/Door_3.jpg","https://tactileeval.s3.us-east-1.amazonaws.com/family_datasets/Furniture_and_Structures/Door/Tactile/3.png","","Door","https://tactileeval.s3.us-east-1.amazonaws.com/family_datasets/Furniture_and_Structures/Door/Natural/Door_4.jpg","https://tactileeval.s3.us-east-1.amazonaws.com/family_datasets/Furniture_and_Structures/Door/Tactile/4.jpg","","[{""question1"":{""orientation_match"":true,""view_frontal"":false,""view_perspective"":true,""view_side"":false,""view_top"":false},""question10"":{""orientation_match"":true,""view_frontal"":true,""view_perspective"":false,""view_side"":false,""view_top"":false},""question2"":{""orientation_match"":true,""view_frontal"":false,""view_perspective"":true,""view_side"":false,""view_top"":false},""question3"":{""orientation_match"":true,""view_frontal"":true,""view_perspective"":false,""view_side"":false,""view_top"":false},""question4"":{""orientation_match"":true,""view_frontal"":false,""view_perspective"":true,""view_side"":false,""view_top"":false},""question5"":{""orientation_match"":true,""view_frontal"":false,""view_perspective"":false,""view_side"":true,""view_top"":false},""question6"":{""orientation_match"":true,""view_frontal"":false,""view_perspective"":true,""view_side"":false,""view_top"":false},""question7"":{""orientation_match"":true,""view_frontal"":true,""view_perspective"":false,""view_side"":false,""view_top"":false},""question8"":{""orientation_match"":true,""view_frontal"":false,""view_perspective"":false,""view_side"":true,""view_top"":false},""question9"":{""orientation_match"":true,""view_frontal"":true,""view_perspective"":false,""view_side"":false,""view_top"":false}}]"
"371Q3BEXE9NZ181V6WGJ9LI43DUZSF","3XYCBL6ZT49TLP62BHCL6Q0M8862SH","Categorize images based on view.","Review 10 line-arts and judge if it has same or different views. Identify view for each tactile. (10 pairs)","tactile, image review, accessibility, furniture and structures","$0.08","Sat Apr 18 18:45:45 PDT 2026","7","BatchId:5385947;OriginalHitTemplateId:928390873;","1800","1296000","Sat Apr 25 18:45:45 PDT 2026","","","3A9AA95AUP063MZ7XTAADW2RJYEP5G","A1RQST9UG72B9D","Submitted","Sat Apr 18 19:53:07 PDT 2026","Sat Apr 18 19:54:57 PDT 2026","Sun May 03 19:54:57 PDT 2026","","","","110","0% (0/0)","0% (0/0)","0% (0/0)","Chair","https://tactileeval.s3.us-east-1.amazonaws.com/family_datasets/Furniture_and_Structures/Chair/Natural/7_Chair.jpg","https://tactileeval.s3.us-east-1.amazonaws.com/family_datasets/Furniture_and_Structures/Chair/Tactile/7.jpg","","Chair","https://tactileeval.s3.us-east-1.amazonaws.com/family_datasets/Furniture_and_Structures/Chair/Natural/8_Chair.jpg","https://tactileeval.s3.us-east-1.amazonaws.com/family_datasets/Furniture_and_Structures/Chair/Tactile/8.jpg","","Chair","https://tactileeval.s3.us-east-1.amazonaws.com/family_datasets/Furniture_and_Structures/Chair/Natural/9_Chair.jpg","https://tactileeval.s3.us-east-1.amazonaws.com/family_datasets/Furniture_and_Structures/Chair/Tactile/9.jpg","","Chair","https://tactileeval.s3.us-east-1.amazonaws.com/family_datasets/Furniture_and_Structures/Chair/Natural/10_Chair.jpg","https://tactileeval.s3.us-east-1.amazonaws.com/family_datasets/Furniture_and_Structures/Chair/Tactile/10.jpg","","Chair","https://tactileeval.s3.us-east-1.amazonaws.com/family_datasets/Furniture_and_Structures/Chair/Natural/11_Chair%282%29.jpg","https://tactileeval.s3.us-east-1.amazonaws.com/family_datasets/Furniture_and_Structures/Chair/Tactile/11.jpg","","Chair","https://tactileeval.s3.us-east-1.amazonaws.com/family_datasets/Furniture_and_Structures/Chair/Natural/12_Chair%282%29.jpg","https://tactileeval.s3.us-east-1.amazonaws.com/family_datasets/Furniture_and_Structures/Chair/Tactile/12.png","","Door","https://tactileeval.s3.us-east-1.amazonaws.com/family_datasets/Furniture_and_Structures/Door/Natural/Door_1.jpg","https://tactileeval.s3.us-east-1.amazonaws.com/family_datasets/Furniture_and_Structures/Door/Tactile/1.jpg","","Door","https://tactileeval.s3.us-east-1.amazonaws.com/family_datasets/Furniture_and_Structures/Door/Natural/Door_2.jpg","https://tactileeval.s3.us-east-1.amazonaws.com/family_datasets/Furniture_and_Structures/Door/Tactile/2.jpg","","Door","https://tactileeval.s3.us-east-1.amazonaws.com/family_datasets/Furniture_and_Structures/Door/Natural/Door_3.jpg","https://tactileeval.s3.us-east-1.amazonaws.com/family_datasets/Furniture_and_Structures/Door/Tactile/3.png","","Door","https://tactileeval.s3.us-east-1.amazonaws.com/family_datasets/Furniture_and_Structures/Door/Natural/Door_4.jpg","https://tactileeval.s3.us-east-1.amazonaws.com/family_datasets/Furniture_and_Structures/Door/Tactile/4.jpg","","[{""question1"":{""orientation_match"":true,""view_frontal"":false,""view_perspective"":true,""view_side"":false,""view_top"":false},""question10"":{""orientation_match"":true,""view_frontal"":true,""view_perspective"":false,""view_side"":false,""view_top"":false},""question2"":{""orientation_match"":true,""view_frontal"":false,""view_perspective"":true,""view_side"":false,""view_top"":false},""question3"":{""orientation_match"":true,""view_frontal"":true,""view_perspective"":false,""view_side"":false,""view_top"":false},""question4"":{""orientation_match"":true,""view_frontal"":false,""view_perspective"":true,""view_side"":false,""view_top"":false},""question5"":{""orientation_match"":true,""view_frontal"":false,""view_perspective"":true,""view_side"":false,""view_top"":false},""question6"":{""orientation_match"":true,""view_frontal"":false,""view_perspective"":true,""view_side"":false,""view_top"":false},""question7"":{""orientation_match"":true,""view_frontal"":true,""view_perspective"":false,""view_side"":false,""view_top"":false},""question8"":{""orientation_match"":true,""view_frontal"":true,""view_perspective"":false,""view_side"":false,""view_top"":false},""question9"":{""orientation_match"":true,""view_frontal"":true,""view_perspective"":false,""view_side"":false,""view_top"":false}}]"
"371Q3BEXE9NZ181V6WGJ9LI43DUZSF","3XYCBL6ZT49TLP62BHCL6Q0M8862SH","Categorize images based on view.","Review 10 line-arts and judge if it has same or different views. Identify view for each tactile. (10 pairs)","tactile, image review, accessibility, furniture and structures","$0.08","Sat Apr 18 18:45:45 PDT 2026","7","BatchId:5385947;OriginalHitTemplateId:928390873;","1800","1296000","Sat Apr 25 18:45:45 PDT 2026","","","3I33IC7ZX8G7HLAIQRQFPUAK02O2AD","ARSYPIB62OGI8","Submitted","Sat Apr 18 19:58:12 PDT 2026","Sat Apr 18 20:16:52 PDT 2026","Sun May 03 20:16:52 PDT 2026","","","","1120","0% (0/0)","0% (0/0)","0% (0/0)","Chair","https://tactileeval.s3.us-east-1.amazonaws.com/family_datasets/Furniture_and_Structures/Chair/Natural/7_Chair.jpg","https://tactileeval.s3.us-east-1.amazonaws.com/family_datasets/Furniture_and_Structures/Chair/Tactile/7.jpg","","Chair","https://tactileeval.s3.us-east-1.amazonaws.com/family_datasets/Furniture_and_Structures/Chair/Natural/8_Chair.jpg","https://tactileeval.s3.us-east-1.amazonaws.com/family_datasets/Furniture_and_Structures/Chair/Tactile/8.jpg","","Chair","https://tactileeval.s3.us-east-1.amazonaws.com/family_datasets/Furniture_and_Structures/Chair/Natural/9_Chair.jpg","https://tactileeval.s3.us-east-1.amazonaws.com/family_datasets/Furniture_and_Structures/Chair/Tactile/9.jpg","","Chair","https://tactileeval.s3.us-east-1.amazonaws.com/family_datasets/Furniture_and_Structures/Chair/Natural/10_Chair.jpg","https://tactileeval.s3.us-east-1.amazonaws.com/family_datasets/Furniture_and_Structures/Chair/Tactile/10.jpg","","Chair","https://tactileeval.s3.us-east-1.amazonaws.com/family_datasets/Furniture_and_Structures/Chair/Natural/11_Chair%282%29.jpg","https://tactileeval.s3.us-east-1.amazonaws.com/family_datasets/Furniture_and_Structures/Chair/Tactile/11.jpg","","Chair","https://tactileeval.s3.us-east-1.amazonaws.com/family_datasets/Furniture_and_Structures/Chair/Natural/12_Chair%282%29.jpg","https://tactileeval.s3.us-east-1.amazonaws.com/family_datasets/Furniture_and_Structures/Chair/Tactile/12.png","","Door","https://tactileeval.s3.us-east-1.amazonaws.com/family_datasets/Furniture_and_Structures/Door/Natural/Door_1.jpg","https://tactileeval.s3.us-east-1.amazonaws.com/family_datasets/Furniture_and_Structures/Door/Tactile/1.jpg","","Door","https://tactileeval.s3.us-east-1.amazonaws.com/family_datasets/Furniture_and_Structures/Door/Natural/Door_2.jpg","https://tactileeval.s3.us-east-1.amazonaws.com/family_datasets/Furniture_and_Structures/Door/Tactile/2.jpg","","Door","https://tactileeval.s3.us-east-1.amazonaws.com/family_datasets/Furniture_and_Structures/Door/Natural/Door_3.jpg","https://tactileeval.s3.us-east-1.amazonaws.com/family_datasets/Furniture_and_Structures/Door/Tactile/3.png","","Door","https://tactileeval.s3.us-east-1.amazonaws.com/family_datasets/Furniture_and_Structures/Door/Natural/Door_4.jpg","https://tactileeval.s3.us-east-1.amazonaws.com/family_datasets/Furniture_and_Structures/Door/Tactile/4.jpg","","[{""question1"":{""orientation_match"":false,""view_frontal"":false,""view_perspective"":true,""view_side"":false,""view_top"":false},""question10"":{""orientation_match"":true,""view_frontal"":true,""view_perspective"":false,""view_side"":false,""view_top"":false},""question2"":{""orientation_match"":false,""view_frontal"":false,""view_perspective"":true,""view_side"":false,""view_top"":false},""question3"":{""orientation_match"":true,""view_frontal"":true,""view_perspective"":false,""view_side"":false,""view_top"":false},""question4"":{""orientation_match"":true,""view_frontal"":false,""view_perspective"":true,""view_side"":false,""view_top"":false},""question5"":{""orientation_match"":false,""view_frontal"":false,""view_perspective"":true,""view_side"":false,""view_top"":false},""question6"":{""orientation_match"":false,""view_frontal"":false,""view_perspective"":true,""view_side"":false,""view_top"":false},""question7"":{""orientation_match"":true,""view_frontal"":true,""view_perspective"":false,""view_side"":false,""view_top"":false},""question8"":{""orientation_match"":false,""view_frontal"":true,""view_perspective"":false,""view_side"":false,""view_top"":false},""question9"":{""orientation_match"":true,""view_frontal"":true,""view_perspective"":false,""view_side"":false,""view_top"":false}}]"
"371Q3BEXE9NZ181V6WGJ9LI43DUZSF","3XYCBL6ZT49TLP62BHCL6Q0M8862SH","Categorize images based on view.","Review 10 line-arts and judge if it has same or different views. Identify view for each tactile. (10 pairs)","tactile, image review, accessibility, furniture and structures","$0.08","Sat Apr 18 18:45:45 PDT 2026","7","BatchId:5385947;OriginalHitTemplateId:928390873;","1800","1296000","Sat Apr 25 18:45:45 PDT 2026","","","3LRLIPTPFJN2Y1E8FXWJPQWEH2VAKS","A3UD3Z0MVKSLF3","Submitted","Sat Apr 18 18:53:49 PDT 2026","Sat Apr 18 18:54:39 PDT 2026","Sun May 03 18:54:39 PDT 2026","","","","50","92% (77/84)","0% (0/0)","0% (0/0)","Chair","https://tactileeval.s3.us-east-1.amazonaws.com/family_datasets/Furniture_and_Structures/Chair/Natural/7_Chair.jpg","https://tactileeval.s3.us-east-1.amazonaws.com/family_datasets/Furniture_and_Structures/Chair/Tactile/7.jpg","","Chair","https://tactileeval.s3.us-east-1.amazonaws.com/family_datasets/Furniture_and_Structures/Chair/Natural/8_Chair.jpg","https://tactileeval.s3.us-east-1.amazonaws.com/family_datasets/Furniture_and_Structures/Chair/Tactile/8.jpg","","Chair","https://tactileeval.s3.us-east-1.amazonaws.com/family_datasets/Furniture_and_Structures/Chair/Natural/9_Chair.jpg","https://tactileeval.s3.us-east-1.amazonaws.com/family_datasets/Furniture_and_Structures/Chair/Tactile/9.jpg","","Chair","https://tactileeval.s3.us-east-1.amazonaws.com/family_datasets/Furniture_and_Structures/Chair/Natural/10_Chair.jpg","https://tactileeval.s3.us-east-1.amazonaws.com/family_datasets/Furniture_and_Structures/Chair/Tactile/10.jpg","","Chair","https://tactileeval.s3.us-east-1.amazonaws.com/family_datasets/Furniture_and_Structures/Chair/Natural/11_Chair%282%29.jpg","https://tactileeval.s3.us-east-1.amazonaws.com/family_datasets/Furniture_and_Structures/Chair/Tactile/11.jpg","","Chair","https://tactileeval.s3.us-east-1.amazonaws.com/family_datasets/Furniture_and_Structures/Chair/Natural/12_Chair%282%29.jpg","https://tactileeval.s3.us-east-1.amazonaws.com/family_datasets/Furniture_and_Structures/Chair/Tactile/12.png","","Door","https://tactileeval.s3.us-east-1.amazonaws.com/family_datasets/Furniture_and_Structures/Door/Natural/Door_1.jpg","https://tactileeval.s3.us-east-1.amazonaws.com/family_datasets/Furniture_and_Structures/Door/Tactile/1.jpg","","Door","https://tactileeval.s3.us-east-1.amazonaws.com/family_datasets/Furniture_and_Structures/Door/Natural/Door_2.jpg","https://tactileeval.s3.us-east-1.amazonaws.com/family_datasets/Furniture_and_Structures/Door/Tactile/2.jpg","","Door","https://tactileeval.s3.us-east-1.amazonaws.com/family_datasets/Furniture_and_Structures/Door/Natural/Door_3.jpg","https://tactileeval.s3.us-east-1.amazonaws.com/family_datasets/Furniture_and_Structures/Door/Tactile/3.png","","Door","https://tactileeval.s3.us-east-1.amazonaws.com/family_datasets/Furniture_and_Structures/Door/Natural/Door_4.jpg","https://tactileeval.s3.us-east-1.amazonaws.com/family_datasets/Furniture_and_Structures/Door/Tactile/4.jpg","","[{""question1"":{""orientation_match"":true,""view_frontal"":false,""view_perspective"":true,""view_side"":false,""view_top"":false},""question10"":{""orientation_match"":true,""view_frontal"":false,""view_perspective"":false,""view_side"":true,""view_top"":false},""question2"":{""orientation_match"":true,""view_frontal"":true,""view_perspective"":false,""view_side"":false,""view_top"":false},""question3"":{""orientation_match"":true,""view_frontal"":false,""view_perspective"":false,""view_side"":false,""view_top"":true},""question4"":{""orientation_match"":true,""view_frontal"":true,""view_perspective"":false,""view_side"":false,""view_top"":false},""question5"":{""orientation_match"":true,""view_frontal"":false,""view_perspective"":true,""view_side"":false,""view_top"":false},""question6"":{""orientation_match"":true,""view_frontal"":true,""view_perspective"":false,""view_side"":false,""view_top"":false},""question7"":{""orientation_match"":false,""view_frontal"":false,""view_perspective"":true,""view_side"":false,""view_top"":false},""question8"":{""orientation_match"":false,""view_frontal"":true,""view_perspective"":false,""view_side"":false,""view_top"":false},""question9"":{""orientation_match"":false,""view_frontal"":true,""view_perspective"":false,""view_side"":false,""view_top"":false}}]"
"371Q3BEXE9NZ181V6WGJ9LI43DUZSF","3XYCBL6ZT49TLP62BHCL6Q0M8862SH","Categorize images based on view.","Review 10 line-arts and judge if it has same or different views. Identify view for each tactile. (10 pairs)","tactile, image review, accessibility, furniture and structures","$0.08","Sat Apr 18 18:45:45 PDT 2026","7","BatchId:5385947;OriginalHitTemplateId:928390873;","1800","1296000","Sat Apr 25 18:45:45 PDT 2026","","","3TPWUS5F92FHMG5NOPBDJWGX4CTCWW","A3404IIFIN1T2H","Submitted","Sat Apr 18 18:58:06 PDT 2026","Sat Apr 18 19:01:49 PDT 2026","Sun May 03 19:01:49 PDT 2026","","","","223","94% (100/106)","0% (0/0)","0% (0/0)","Chair","https://tactileeval.s3.us-east-1.amazonaws.com/family_datasets/Furniture_and_Structures/Chair/Natural/7_Chair.jpg","https://tactileeval.s3.us-east-1.amazonaws.com/family_datasets/Furniture_and_Structures/Chair/Tactile/7.jpg","","Chair","https://tactileeval.s3.us-east-1.amazonaws.com/family_datasets/Furniture_and_Structures/Chair/Natural/8_Chair.jpg","https://tactileeval.s3.us-east-1.amazonaws.com/family_datasets/Furniture_and_Structures/Chair/Tactile/8.jpg","","Chair","https://tactileeval.s3.us-east-1.amazonaws.com/family_datasets/Furniture_and_Structures/Chair/Natural/9_Chair.jpg","https://tactileeval.s3.us-east-1.amazonaws.com/family_datasets/Furniture_and_Structures/Chair/Tactile/9.jpg","","Chair","https://tactileeval.s3.us-east-1.amazonaws.com/family_datasets/Furniture_and_Structures/Chair/Natural/10_Chair.jpg","https://tactileeval.s3.us-east-1.amazonaws.com/family_datasets/Furniture_and_Structures/Chair/Tactile/10.jpg","","Chair","https://tactileeval.s3.us-east-1.amazonaws.com/family_datasets/Furniture_and_Structures/Chair/Natural/11_Chair%282%29.jpg","https://tactileeval.s3.us-east-1.amazonaws.com/family_datasets/Furniture_and_Structures/Chair/Tactile/11.jpg","","Chair","https://tactileeval.s3.us-east-1.amazonaws.com/family_datasets/Furniture_and_Structures/Chair/Natural/12_Chair%282%29.jpg","https://tactileeval.s3.us-east-1.amazonaws.com/family_datasets/Furniture_and_Structures/Chair/Tactile/12.png","","Door","https://tactileeval.s3.us-east-1.amazonaws.com/family_datasets/Furniture_and_Structures/Door/Natural/Door_1.jpg","https://tactileeval.s3.us-east-1.amazonaws.com/family_datasets/Furniture_and_Structures/Door/Tactile/1.jpg","","Door","https://tactileeval.s3.us-east-1.amazonaws.com/family_datasets/Furniture_and_Structures/Door/Natural/Door_2.jpg","https://tactileeval.s3.us-east-1.amazonaws.com/family_datasets/Furniture_and_Structures/Door/Tactile/2.jpg","","Door","https://tactileeval.s3.us-east-1.amazonaws.com/family_datasets/Furniture_and_Structures/Door/Natural/Door_3.jpg","https://tactileeval.s3.us-east-1.amazonaws.com/family_datasets/Furniture_and_Structures/Door/Tactile/3.png","","Door","https://tactileeval.s3.us-east-1.amazonaws.com/family_datasets/Furniture_and_Structures/Door/Natural/Door_4.jpg","https://tactileeval.s3.us-east-1.amazonaws.com/family_datasets/Furniture_and_Structures/Door/Tactile/4.jpg","","[{""question1"":{""orientation_match"":true,""view_frontal"":false,""view_perspective"":true,""view_side"":false,""view_top"":false},""question10"":{""orientation_match"":true,""view_frontal"":false,""view_perspective"":false,""view_side"":false,""view_top"":false},""question2"":{""orientation_match"":true,""view_frontal"":true,""view_perspective"":false,""view_side"":false,""view_top"":false},""question3"":{""orientation_match"":true,""view_frontal"":false,""view_perspective"":true,""view_side"":false,""view_top"":false},""question4"":{""orientation_match"":true,""view_frontal"":true,""view_perspective"":false,""view_side"":false,""view_top"":false},""question5"":{""orientation_match"":true,""view_frontal"":false,""view_perspective"":true,""view_side"":false,""view_top"":false},""question6"":{""orientation_match"":true,""view_frontal"":false,""view_perspective"":false,""view_side"":false,""view_top"":false},""question7"":{""orientation_match"":false,""view_frontal"":false,""view_perspective"":false,""view_side"":true,""view_top"":false},""question8"":{""orientation_match"":false,""view_frontal"":true,""view_perspective"":false,""view_side"":false,""view_top"":false},""question9"":{""orientation_match"":false,""view_frontal"":false,""view_perspective"":false,""view_side"":true,""view_top"":false}}]"
"371Q3BEXE9NZ181V6WGJ9LI43DUZSF","3XYCBL6ZT49TLP62BHCL6Q0M8862SH","Categorize images based on view.","Review 10 line-arts and judge if it has same or different views. Identify view for each tactile. (10 pairs)","tactile, image review, accessibility, furniture and structures","$0.08","Sat Apr 18 18:45:45 PDT 2026","7","BatchId:5385947;OriginalHitTemplateId:928390873;","1800","1296000","Sat Apr 25 18:45:45 PDT 2026","","","3UWN2HHPVRJ763L5TAAQ2I7OX3LSNP","A2FK6782M09EBO","Submitted","Sat Apr 18 19:50:15 PDT 2026","Sat Apr 18 19:53:32 PDT 2026","Sun May 03 19:53:32 PDT 2026","","","","197","93% (65/70)","93% (65/70)","93% (65/70)","Chair","https://tactileeval.s3.us-east-1.amazonaws.com/family_datasets/Furniture_and_Structures/Chair/Natural/7_Chair.jpg","https://tactileeval.s3.us-east-1.amazonaws.com/family_datasets/Furniture_and_Structures/Chair/Tactile/7.jpg","","Chair","https://tactileeval.s3.us-east-1.amazonaws.com/family_datasets/Furniture_and_Structures/Chair/Natural/8_Chair.jpg","https://tactileeval.s3.us-east-1.amazonaws.com/family_datasets/Furniture_and_Structures/Chair/Tactile/8.jpg","","Chair","https://tactileeval.s3.us-east-1.amazonaws.com/family_datasets/Furniture_and_Structures/Chair/Natural/9_Chair.jpg","https://tactileeval.s3.us-east-1.amazonaws.com/family_datasets/Furniture_and_Structures/Chair/Tactile/9.jpg","","Chair","https://tactileeval.s3.us-east-1.amazonaws.com/family_datasets/Furniture_and_Structures/Chair/Natural/10_Chair.jpg","https://tactileeval.s3.us-east-1.amazonaws.com/family_datasets/Furniture_and_Structures/Chair/Tactile/10.jpg","","Chair","https://tactileeval.s3.us-east-1.amazonaws.com/family_datasets/Furniture_and_Structures/Chair/Natural/11_Chair%282%29.jpg","https://tactileeval.s3.us-east-1.amazonaws.com/family_datasets/Furniture_and_Structures/Chair/Tactile/11.jpg","","Chair","https://tactileeval.s3.us-east-1.amazonaws.com/family_datasets/Furniture_and_Structures/Chair/Natural/12_Chair%282%29.jpg","https://tactileeval.s3.us-east-1.amazonaws.com/family_datasets/Furniture_and_Structures/Chair/Tactile/12.png","","Door","https://tactileeval.s3.us-east-1.amazonaws.com/family_datasets/Furniture_and_Structures/Door/Natural/Door_1.jpg","https://tactileeval.s3.us-east-1.amazonaws.com/family_datasets/Furniture_and_Structures/Door/Tactile/1.jpg","","Door","https://tactileeval.s3.us-east-1.amazonaws.com/family_datasets/Furniture_and_Structures/Door/Natural/Door_2.jpg","https://tactileeval.s3.us-east-1.amazonaws.com/family_datasets/Furniture_and_Structures/Door/Tactile/2.jpg","","Door","https://tactileeval.s3.us-east-1.amazonaws.com/family_datasets/Furniture_and_Structures/Door/Natural/Door_3.jpg","https://tactileeval.s3.us-east-1.amazonaws.com/family_datasets/Furniture_and_Structures/Door/Tactile/3.png","","Door","https://tactileeval.s3.us-east-1.amazonaws.com/family_datasets/Furniture_and_Structures/Door/Natural/Door_4.jpg","https://tactileeval.s3.us-east-1.amazonaws.com/family_datasets/Furniture_and_Structures/Door/Tactile/4.jpg","","[{""question1"":{""orientation_match"":true,""view_frontal"":false,""view_perspective"":true,""view_side"":false,""view_top"":false},""question10"":{""orientation_match"":true,""view_frontal"":true,""view_perspective"":false,""view_side"":false,""view_top"":false},""question2"":{""orientation_match"":true,""view_frontal"":false,""view_perspective"":true,""view_side"":false,""view_top"":false},""question3"":{""orientation_match"":true,""view_frontal"":true,""view_perspective"":false,""view_side"":false,""view_top"":false},""question4"":{""orientation_match"":true,""view_frontal"":false,""view_perspective"":true,""view_side"":false,""view_top"":false},""question5"":{""orientation_match"":true,""view_frontal"":false,""view_perspective"":true,""view_side"":false,""view_top"":false},""question6"":{""orientation_match"":true,""view_frontal"":false,""view_perspective"":true,""view_side"":false,""view_top"":false},""question7"":{""orientation_match"":true,""view_frontal"":true,""view_perspective"":false,""view_side"":false,""view_top"":false},""question8"":{""orientation_match"":false,""view_frontal"":true,""view_perspective"":false,""view_side"":false,""view_top"":false},""question9"":{""orientation_match"":true,""view_frontal"":true,""view_perspective"":false,""view_side"":false,""view_top"":false}}]"
"371Q3BEXE9NZ181V6WGJ9LI43DUZSF","3XYCBL6ZT49TLP62BHCL6Q0M8862SH","Categorize images based on view.","Review 10 line-arts and judge if it has same or different views. Identify view for each tactile. (10 pairs)","tactile, image review, accessibility, furniture and structures","$0.08","Sat Apr 18 18:45:45 PDT 2026","7","BatchId:5385947;OriginalHitTemplateId:928390873;","1800","1296000","Sat Apr 25 18:45:45 PDT 2026","","","3UXUOQ9OL7BE3M7OW37ALLRSBIV7AJ","AA1IM0SAQ3XFM","Submitted","Sat Apr 18 18:52:24 PDT 2026","Sat Apr 18 18:53:26 PDT 2026","Sun May 03 18:53:26 PDT 2026","","","","62","0% (0/0)","0% (0/0)","0% (0/0)","Chair","https://tactileeval.s3.us-east-1.amazonaws.com/family_datasets/Furniture_and_Structures/Chair/Natural/7_Chair.jpg","https://tactileeval.s3.us-east-1.amazonaws.com/family_datasets/Furniture_and_Structures/Chair/Tactile/7.jpg","","Chair","https://tactileeval.s3.us-east-1.amazonaws.com/family_datasets/Furniture_and_Structures/Chair/Natural/8_Chair.jpg","https://tactileeval.s3.us-east-1.amazonaws.com/family_datasets/Furniture_and_Structures/Chair/Tactile/8.jpg","","Chair","https://tactileeval.s3.us-east-1.amazonaws.com/family_datasets/Furniture_and_Structures/Chair/Natural/9_Chair.jpg","https://tactileeval.s3.us-east-1.amazonaws.com/family_datasets/Furniture_and_Structures/Chair/Tactile/9.jpg","","Chair","https://tactileeval.s3.us-east-1.amazonaws.com/family_datasets/Furniture_and_Structures/Chair/Natural/10_Chair.jpg","https://tactileeval.s3.us-east-1.amazonaws.com/family_datasets/Furniture_and_Structures/Chair/Tactile/10.jpg","","Chair","https://tactileeval.s3.us-east-1.amazonaws.com/family_datasets/Furniture_and_Structures/Chair/Natural/11_Chair%282%29.jpg","https://tactileeval.s3.us-east-1.amazonaws.com/family_datasets/Furniture_and_Structures/Chair/Tactile/11.jpg","","Chair","https://tactileeval.s3.us-east-1.amazonaws.com/family_datasets/Furniture_and_Structures/Chair/Natural/12_Chair%282%29.jpg","https://tactileeval.s3.us-east-1.amazonaws.com/family_datasets/Furniture_and_Structures/Chair/Tactile/12.png","","Door","https://tactileeval.s3.us-east-1.amazonaws.com/family_datasets/Furniture_and_Structures/Door/Natural/Door_1.jpg","https://tactileeval.s3.us-east-1.amazonaws.com/family_datasets/Furniture_and_Structures/Door/Tactile/1.jpg","","Door","https://tactileeval.s3.us-east-1.amazonaws.com/family_datasets/Furniture_and_Structures/Door/Natural/Door_2.jpg","https://tactileeval.s3.us-east-1.amazonaws.com/family_datasets/Furniture_and_Structures/Door/Tactile/2.jpg","","Door","https://tactileeval.s3.us-east-1.amazonaws.com/family_datasets/Furniture_and_Structures/Door/Natural/Door_3.jpg","https://tactileeval.s3.us-east-1.amazonaws.com/family_datasets/Furniture_and_Structures/Door/Tactile/3.png","","Door","https://tactileeval.s3.us-east-1.amazonaws.com/family_datasets/Furniture_and_Structures/Door/Natural/Door_4.jpg","https://tactileeval.s3.us-east-1.amazonaws.com/family_datasets/Furniture_and_Structures/Door/Tactile/4.jpg","","[{""question1"":{""orientation_match"":true,""view_frontal"":false,""view_perspective"":true,""view_side"":false,""view_top"":false},""question10"":{""orientation_match"":true,""view_frontal"":true,""view_perspective"":false,""view_side"":false,""view_top"":false},""question2"":{""orientation_match"":true,""view_frontal"":false,""view_perspective"":true,""view_side"":false,""view_top"":false},""question3"":{""orientation_match"":true,""view_frontal"":true,""view_perspective"":false,""view_side"":false,""view_top"":false},""question4"":{""orientation_match"":true,""view_frontal"":false,""view_perspective"":true,""view_side"":false,""view_top"":false},""question5"":{""orientation_match"":true,""view_frontal"":false,""view_perspective"":true,""view_side"":false,""view_top"":false},""question6"":{""orientation_match"":true,""view_frontal"":false,""view_perspective"":true,""view_side"":false,""view_top"":false},""question7"":{""orientation_match"":true,""view_frontal"":true,""view_perspective"":false,""view_side"":false,""view_top"":false},""question8"":{""orientation_match"":false,""view_frontal"":true,""view_perspective"":false,""view_side"":false,""view_top"":false},""question9"":{""orientation_match"":true,""view_frontal"":true,""view_perspective"":false,""view_side"":false,""view_top"":false}}]"
"3KTZHH2OOATHJHN3D9KKKSMUCF68M8","3XYCBL6ZT49TLP62BHCL6Q0M8862SH","Categorize images based on view.","Review 10 line-arts and judge if it has same or different views. Identify view for each tactile. (10 pairs)","tactile, image review, accessibility, furniture and structures","$0.08","Sat Apr 18 18:45:45 PDT 2026","7","BatchId:5385947;OriginalHitTemplateId:928390873;","1800","1296000","Sat Apr 25 18:45:45 PDT 2026","","","33L7PJKHD9CNIWBGC8QXUQDFAR1T8S","A312G4F6TIKFFQ","Submitted","Sat Apr 18 20:11:46 PDT 2026","Sat Apr 18 20:13:27 PDT 2026","Sun May 03 20:13:27 PDT 2026","","","","101","78% (21/27)","14% (1/7)","14% (1/7)","Door","https://tactileeval.s3.us-east-1.amazonaws.com/family_datasets/Furniture_and_Structures/Door/Natural/Door_5.jpg","https://tactileeval.s3.us-east-1.amazonaws.com/family_datasets/Furniture_and_Structures/Door/Tactile/5.png","","Door","https://tactileeval.s3.us-east-1.amazonaws.com/family_datasets/Furniture_and_Structures/Door/Natural/Door_6.jpg","https://tactileeval.s3.us-east-1.amazonaws.com/family_datasets/Furniture_and_Structures/Door/Tactile/6.jpg","","Door","https://tactileeval.s3.us-east-1.amazonaws.com/family_datasets/Furniture_and_Structures/Door/Natural/Door_7.jpg","https://tactileeval.s3.us-east-1.amazonaws.com/family_datasets/Furniture_and_Structures/Door/Tactile/7.jpg","","Door","https://tactileeval.s3.us-east-1.amazonaws.com/family_datasets/Furniture_and_Structures/Door/Natural/Door_8.jpg","https://tactileeval.s3.us-east-1.amazonaws.com/family_datasets/Furniture_and_Structures/Door/Tactile/8.jpg","","Door","https://tactileeval.s3.us-east-1.amazonaws.com/family_datasets/Furniture_and_Structures/Door/Natural/Door_9.jpg","https://tactileeval.s3.us-east-1.amazonaws.com/family_datasets/Furniture_and_Structures/Door/Tactile/9.jpg","","Door","https://tactileeval.s3.us-east-1.amazonaws.com/family_datasets/Furniture_and_Structures/Door/Natural/Door_10.jpg","https://tactileeval.s3.us-east-1.amazonaws.com/family_datasets/Furniture_and_Structures/Door/Tactile/10.jpg","","Door","https://tactileeval.s3.us-east-1.amazonaws.com/family_datasets/Furniture_and_Structures/Door/Natural/Door_11.jpg","https://tactileeval.s3.us-east-1.amazonaws.com/family_datasets/Furniture_and_Structures/Door/Tactile/11.jpg","","Door","https://tactileeval.s3.us-east-1.amazonaws.com/family_datasets/Furniture_and_Structures/Door/Natural/Door_12.jpg","https://tactileeval.s3.us-east-1.amazonaws.com/family_datasets/Furniture_and_Structures/Door/Tactile/12.jpg","","Door","https://tactileeval.s3.us-east-1.amazonaws.com/family_datasets/Furniture_and_Structures/Door/Natural/Door_13.jpeg","https://tactileeval.s3.us-east-1.amazonaws.com/family_datasets/Furniture_and_Structures/Door/Tactile/13.jpg","","Hut","https://tactileeval.s3.us-east-1.amazonaws.com/family_datasets/Furniture_and_Structures/Hut/Natural/1_Hut.png","https://tactileeval.s3.us-east-1.amazonaws.com/family_datasets/Furniture_and_Structures/Hut/Tactile/1.jpg","","[{""question1"":{""orientation_match"":true,""view_frontal"":true,""view_perspective"":false,""view_side"":false,""view_top"":false},""question10"":{""orientation_match"":true,""view_frontal"":true,""view_perspective"":false,""view_side"":false,""view_top"":false},""question2"":{""orientation_match"":true,""view_frontal"":true,""view_perspective"":false,""view_side"":false,""view_top"":false},""question3"":{""orientation_match"":false,""view_frontal"":true,""view_perspective"":false,""view_side"":false,""view_top"":false},""question4"":{""orientation_match"":true,""view_frontal"":true,""view_perspective"":false,""view_side"":false,""view_top"":false},""question5"":{""orientation_match"":true,""view_frontal"":true,""view_perspective"":false,""view_side"":false,""view_top"":false},""question6"":{""orientation_match"":true,""view_frontal"":true,""view_perspective"":false,""view_side"":false,""view_top"":false},""question7"":{""orientation_match"":true,""view_frontal"":true,""view_perspective"":false,""view_side"":false,""view_top"":false},""question8"":{""orientation_match"":true,""view_frontal"":true,""view_perspective"":false,""view_side"":false,""view_top"":false},""question9"":{""orientation_match"":true,""view_frontal"":true,""view_perspective"":false,""view_side"":false,""view_top"":false}}]"
"3KTZHH2OOATHJHN3D9KKKSMUCF68M8","3XYCBL6ZT49TLP62BHCL6Q0M8862SH","Categorize images based on view.","Review 10 line-arts and judge if it has same or different views. Identify view for each tactile. (10 pairs)","tactile, image review, accessibility, furniture and structures","$0.08","Sat Apr 18 18:45:45 PDT 2026","7","BatchId:5385947;OriginalHitTemplateId:928390873;","1800","1296000","Sat Apr 25 18:45:45 PDT 2026","","","3BQU611VGIY4CMLCJURU3M7E0QD99U","AA1IM0SAQ3XFM","Submitted","Sat Apr 18 19:10:34 PDT 2026","Sat Apr 18 19:11:33 PDT 2026","Sun May 03 19:11:33 PDT 2026","","","","59","0% (0/0)","0% (0/0)","0% (0/0)","Door","https://tactileeval.s3.us-east-1.amazonaws.com/family_datasets/Furniture_and_Structures/Door/Natural/Door_5.jpg","https://tactileeval.s3.us-east-1.amazonaws.com/family_datasets/Furniture_and_Structures/Door/Tactile/5.png","","Door","https://tactileeval.s3.us-east-1.amazonaws.com/family_datasets/Furniture_and_Structures/Door/Natural/Door_6.jpg","https://tactileeval.s3.us-east-1.amazonaws.com/family_datasets/Furniture_and_Structures/Door/Tactile/6.jpg","","Door","https://tactileeval.s3.us-east-1.amazonaws.com/family_datasets/Furniture_and_Structures/Door/Natural/Door_7.jpg","https://tactileeval.s3.us-east-1.amazonaws.com/family_datasets/Furniture_and_Structures/Door/Tactile/7.jpg","","Door","https://tactileeval.s3.us-east-1.amazonaws.com/family_datasets/Furniture_and_Structures/Door/Natural/Door_8.jpg","https://tactileeval.s3.us-east-1.amazonaws.com/family_datasets/Furniture_and_Structures/Door/Tactile/8.jpg","","Door","https://tactileeval.s3.us-east-1.amazonaws.com/family_datasets/Furniture_and_Structures/Door/Natural/Door_9.jpg","https://tactileeval.s3.us-east-1.amazonaws.com/family_datasets/Furniture_and_Structures/Door/Tactile/9.jpg","","Door","https://tactileeval.s3.us-east-1.amazonaws.com/family_datasets/Furniture_and_Structures/Door/Natural/Door_10.jpg","https://tactileeval.s3.us-east-1.amazonaws.com/family_datasets/Furniture_and_Structures/Door/Tactile/10.jpg","","Door","https://tactileeval.s3.us-east-1.amazonaws.com/family_datasets/Furniture_and_Structures/Door/Natural/Door_11.jpg","https://tactileeval.s3.us-east-1.amazonaws.com/family_datasets/Furniture_and_Structures/Door/Tactile/11.jpg","","Door","https://tactileeval.s3.us-east-1.amazonaws.com/family_datasets/Furniture_and_Structures/Door/Natural/Door_12.jpg","https://tactileeval.s3.us-east-1.amazonaws.com/family_datasets/Furniture_and_Structures/Door/Tactile/12.jpg","","Door","https://tactileeval.s3.us-east-1.amazonaws.com/family_datasets/Furniture_and_Structures/Door/Natural/Door_13.jpeg","https://tactileeval.s3.us-east-1.amazonaws.com/family_datasets/Furniture_and_Structures/Door/Tactile/13.jpg","","Hut","https://tactileeval.s3.us-east-1.amazonaws.com/family_datasets/Furniture_and_Structures/Hut/Natural/1_Hut.png","https://tactileeval.s3.us-east-1.amazonaws.com/family_datasets/Furniture_and_Structures/Hut/Tactile/1.jpg","","[{""question1"":{""orientation_match"":true,""view_frontal"":true,""view_perspective"":false,""view_side"":false,""view_top"":false},""question10"":{""orientation_match"":true,""view_frontal"":true,""view_perspective"":false,""view_side"":false,""view_top"":false},""question2"":{""orientation_match"":true,""view_frontal"":true,""view_perspective"":false,""view_side"":false,""view_top"":false},""question3"":{""orientation_match"":false,""view_frontal"":true,""view_perspective"":false,""view_side"":false,""view_top"":false},""question4"":{""orientation_match"":true,""view_frontal"":true,""view_perspective"":false,""view_side"":false,""view_top"":false},""question5"":{""orientation_match"":true,""view_frontal"":true,""view_perspective"":false,""view_side"":false,""view_top"":false},""question6"":{""orientation_match"":true,""view_frontal"":true,""view_perspective"":false,""view_side"":false,""view_top"":false},""question7"":{""orientation_match"":true,""view_frontal"":true,""view_perspective"":false,""view_side"":false,""view_top"":false},""question8"":{""orientation_match"":true,""view_frontal"":true,""view_perspective"":false,""view_side"":false,""view_top"":false},""question9"":{""orientation_match"":true,""view_frontal"":true,""view_perspective"":false,""view_side"":false,""view_top"":false}}]"
"3KTZHH2OOATHJHN3D9KKKSMUCF68M8","3XYCBL6ZT49TLP62BHCL6Q0M8862SH","Categorize images based on view.","Review 10 line-arts and judge if it has same or different views. Identify view for each tactile. (10 pairs)","tactile, image review, accessibility, furniture and structures","$0.08","Sat Apr 18 18:45:45 PDT 2026","7","BatchId:5385947;OriginalHitTemplateId:928390873;","1800","1296000","Sat Apr 25 18:45:45 PDT 2026","","","3IAS3U3I18UC0VFAW5QBK5UQIK8B2G","A2FK6782M09EBO","Submitted","Sat Apr 18 19:50:14 PDT 2026","Sat Apr 18 19:52:41 PDT 2026","Sun May 03 19:52:41 PDT 2026","","","","147","93% (65/70)","93% (65/70)","93% (65/70)","Door","https://tactileeval.s3.us-east-1.amazonaws.com/family_datasets/Furniture_and_Structures/Door/Natural/Door_5.jpg","https://tactileeval.s3.us-east-1.amazonaws.com/family_datasets/Furniture_and_Structures/Door/Tactile/5.png","","Door","https://tactileeval.s3.us-east-1.amazonaws.com/family_datasets/Furniture_and_Structures/Door/Natural/Door_6.jpg","https://tactileeval.s3.us-east-1.amazonaws.com/family_datasets/Furniture_and_Structures/Door/Tactile/6.jpg","","Door","https://tactileeval.s3.us-east-1.amazonaws.com/family_datasets/Furniture_and_Structures/Door/Natural/Door_7.jpg","https://tactileeval.s3.us-east-1.amazonaws.com/family_datasets/Furniture_and_Structures/Door/Tactile/7.jpg","","Door","https://tactileeval.s3.us-east-1.amazonaws.com/family_datasets/Furniture_and_Structures/Door/Natural/Door_8.jpg","https://tactileeval.s3.us-east-1.amazonaws.com/family_datasets/Furniture_and_Structures/Door/Tactile/8.jpg","","Door","https://tactileeval.s3.us-east-1.amazonaws.com/family_datasets/Furniture_and_Structures/Door/Natural/Door_9.jpg","https://tactileeval.s3.us-east-1.amazonaws.com/family_datasets/Furniture_and_Structures/Door/Tactile/9.jpg","","Door","https://tactileeval.s3.us-east-1.amazonaws.com/family_datasets/Furniture_and_Structures/Door/Natural/Door_10.jpg","https://tactileeval.s3.us-east-1.amazonaws.com/family_datasets/Furniture_and_Structures/Door/Tactile/10.jpg","","Door","https://tactileeval.s3.us-east-1.amazonaws.com/family_datasets/Furniture_and_Structures/Door/Natural/Door_11.jpg","https://tactileeval.s3.us-east-1.amazonaws.com/family_datasets/Furniture_and_Structures/Door/Tactile/11.jpg","","Door","https://tactileeval.s3.us-east-1.amazonaws.com/family_datasets/Furniture_and_Structures/Door/Natural/Door_12.jpg","https://tactileeval.s3.us-east-1.amazonaws.com/family_datasets/Furniture_and_Structures/Door/Tactile/12.jpg","","Door","https://tactileeval.s3.us-east-1.amazonaws.com/family_datasets/Furniture_and_Structures/Door/Natural/Door_13.jpeg","https://tactileeval.s3.us-east-1.amazonaws.com/family_datasets/Furniture_and_Structures/Door/Tactile/13.jpg","","Hut","https://tactileeval.s3.us-east-1.amazonaws.com/family_datasets/Furniture_and_Structures/Hut/Natural/1_Hut.png","https://tactileeval.s3.us-east-1.amazonaws.com/family_datasets/Furniture_and_Structures/Hut/Tactile/1.jpg","","[{""question1"":{""orientation_match"":true,""view_frontal"":true,""view_perspective"":false,""view_side"":false,""view_top"":false},""question10"":{""orientation_match"":true,""view_frontal"":true,""view_perspective"":false,""view_side"":false,""view_top"":false},""question2"":{""orientation_match"":true,""view_frontal"":true,""view_perspective"":false,""view_side"":false,""view_top"":false},""question3"":{""orientation_match"":false,""view_frontal"":true,""view_perspective"":false,""view_side"":false,""view_top"":false},""question4"":{""orientation_match"":false,""view_frontal"":true,""view_perspective"":false,""view_side"":false,""view_top"":false},""question5"":{""orientation_match"":false,""view_frontal"":true,""view_perspective"":false,""view_side"":false,""view_top"":false},""question6"":{""orientation_match"":false,""view_frontal"":true,""view_perspective"":false,""view_side"":false,""view_top"":false},""question7"":{""orientation_match"":true,""view_frontal"":true,""view_perspective"":false,""view_side"":false,""view_top"":false},""question8"":{""orientation_match"":true,""view_frontal"":true,""view_perspective"":false,""view_side"":false,""view_top"":false},""question9"":{""orientation_match"":true,""view_frontal"":true,""view_perspective"":false,""view_side"":false,""view_top"":false}}]"
"3KTZHH2OOATHJHN3D9KKKSMUCF68M8","3XYCBL6ZT49TLP62BHCL6Q0M8862SH","Categorize images based on view.","Review 10 line-arts and judge if it has same or different views. Identify view for each tactile. (10 pairs)","tactile, image review, accessibility, furniture and structures","$0.08","Sat Apr 18 18:45:45 PDT 2026","7","BatchId:5385947;OriginalHitTemplateId:928390873;","1800","1296000","Sat Apr 25 18:45:45 PDT 2026","","","3TXD01ZLEXV1Z8330AQUIAJCRJX4U8","A3UD3Z0MVKSLF3","Submitted","Sat Apr 18 18:53:06 PDT 2026","Sat Apr 18 18:53:48 PDT 2026","Sun May 03 18:53:48 PDT 2026","","","","42","92% (77/84)","0% (0/0)","0% (0/0)","Door","https://tactileeval.s3.us-east-1.amazonaws.com/family_datasets/Furniture_and_Structures/Door/Natural/Door_5.jpg","https://tactileeval.s3.us-east-1.amazonaws.com/family_datasets/Furniture_and_Structures/Door/Tactile/5.png","","Door","https://tactileeval.s3.us-east-1.amazonaws.com/family_datasets/Furniture_and_Structures/Door/Natural/Door_6.jpg","https://tactileeval.s3.us-east-1.amazonaws.com/family_datasets/Furniture_and_Structures/Door/Tactile/6.jpg","","Door","https://tactileeval.s3.us-east-1.amazonaws.com/family_datasets/Furniture_and_Structures/Door/Natural/Door_7.jpg","https://tactileeval.s3.us-east-1.amazonaws.com/family_datasets/Furniture_and_Structures/Door/Tactile/7.jpg","","Door","https://tactileeval.s3.us-east-1.amazonaws.com/family_datasets/Furniture_and_Structures/Door/Natural/Door_8.jpg","https://tactileeval.s3.us-east-1.amazonaws.com/family_datasets/Furniture_and_Structures/Door/Tactile/8.jpg","","Door","https://tactileeval.s3.us-east-1.amazonaws.com/family_datasets/Furniture_and_Structures/Door/Natural/Door_9.jpg","https://tactileeval.s3.us-east-1.amazonaws.com/family_datasets/Furniture_and_Structures/Door/Tactile/9.jpg","","Door","https://tactileeval.s3.us-east-1.amazonaws.com/family_datasets/Furniture_and_Structures/Door/Natural/Door_10.jpg","https://tactileeval.s3.us-east-1.amazonaws.com/family_datasets/Furniture_and_Structures/Door/Tactile/10.jpg","","Door","https://tactileeval.s3.us-east-1.amazonaws.com/family_datasets/Furniture_and_Structures/Door/Natural/Door_11.jpg","https://tactileeval.s3.us-east-1.amazonaws.com/family_datasets/Furniture_and_Structures/Door/Tactile/11.jpg","","Door","https://tactileeval.s3.us-east-1.amazonaws.com/family_datasets/Furniture_and_Structures/Door/Natural/Door_12.jpg","https://tactileeval.s3.us-east-1.amazonaws.com/family_datasets/Furniture_and_Structures/Door/Tactile/12.jpg","","Door","https://tactileeval.s3.us-east-1.amazonaws.com/family_datasets/Furniture_and_Structures/Door/Natural/Door_13.jpeg","https://tactileeval.s3.us-east-1.amazonaws.com/family_datasets/Furniture_and_Structures/Door/Tactile/13.jpg","","Hut","https://tactileeval.s3.us-east-1.amazonaws.com/family_datasets/Furniture_and_Structures/Hut/Natural/1_Hut.png","https://tactileeval.s3.us-east-1.amazonaws.com/family_datasets/Furniture_and_Structures/Hut/Tactile/1.jpg","","[{""question1"":{""orientation_match"":true,""view_frontal"":false,""view_perspective"":true,""view_side"":false,""view_top"":false},""question10"":{""orientation_match"":true,""view_frontal"":false,""view_perspective"":true,""view_side"":false,""view_top"":false},""question2"":{""orientation_match"":false,""view_frontal"":false,""view_perspective"":true,""view_side"":false,""view_top"":false},""question3"":{""orientation_match"":true,""view_frontal"":false,""view_perspective"":false,""view_side"":true,""view_top"":false},""question4"":{""orientation_match"":true,""view_frontal"":true,""view_perspective"":false,""view_side"":false,""view_top"":false},""question5"":{""orientation_match"":true,""view_frontal"":true,""view_perspective"":false,""view_side"":false,""view_top"":false},""question6"":{""orientation_match"":false,""view_frontal"":false,""view_perspective"":true,""view_side"":false,""view_top"":false},""question7"":{""orientation_match"":true,""view_frontal"":false,""view_perspective"":false,""view_side"":false,""view_top"":false},""question8"":{""orientation_match"":true,""view_frontal"":true,""view_perspective"":false,""view_side"":false,""view_top"":false},""question9"":{""orientation_match"":true,""view_frontal"":false,""view_perspective"":false,""view_side"":false,""view_top"":false}}]"
"3KTZHH2OOATHJHN3D9KKKSMUCF68M8","3XYCBL6ZT49TLP62BHCL6Q0M8862SH","Categorize images based on view.","Review 10 line-arts and judge if it has same or different views. Identify view for each tactile. (10 pairs)","tactile, image review, accessibility, furniture and structures","$0.08","Sat Apr 18 18:45:45 PDT 2026","7","BatchId:5385947;OriginalHitTemplateId:928390873;","1800","1296000","Sat Apr 25 18:45:45 PDT 2026","","","3Z4AIRP3DZRCOD0FIXIF4JBD9HI1XY","A1RQST9UG72B9D","Submitted","Sat Apr 18 19:43:40 PDT 2026","Sat Apr 18 19:45:14 PDT 2026","Sun May 03 19:45:14 PDT 2026","","","","94","0% (0/0)","0% (0/0)","0% (0/0)","Door","https://tactileeval.s3.us-east-1.amazonaws.com/family_datasets/Furniture_and_Structures/Door/Natural/Door_5.jpg","https://tactileeval.s3.us-east-1.amazonaws.com/family_datasets/Furniture_and_Structures/Door/Tactile/5.png","","Door","https://tactileeval.s3.us-east-1.amazonaws.com/family_datasets/Furniture_and_Structures/Door/Natural/Door_6.jpg","https://tactileeval.s3.us-east-1.amazonaws.com/family_datasets/Furniture_and_Structures/Door/Tactile/6.jpg","","Door","https://tactileeval.s3.us-east-1.amazonaws.com/family_datasets/Furniture_and_Structures/Door/Natural/Door_7.jpg","https://tactileeval.s3.us-east-1.amazonaws.com/family_datasets/Furniture_and_Structures/Door/Tactile/7.jpg","","Door","https://tactileeval.s3.us-east-1.amazonaws.com/family_datasets/Furniture_and_Structures/Door/Natural/Door_8.jpg","https://tactileeval.s3.us-east-1.amazonaws.com/family_datasets/Furniture_and_Structures/Door/Tactile/8.jpg","","Door","https://tactileeval.s3.us-east-1.amazonaws.com/family_datasets/Furniture_and_Structures/Door/Natural/Door_9.jpg","https://tactileeval.s3.us-east-1.amazonaws.com/family_datasets/Furniture_and_Structures/Door/Tactile/9.jpg","","Door","https://tactileeval.s3.us-east-1.amazonaws.com/family_datasets/Furniture_and_Structures/Door/Natural/Door_10.jpg","https://tactileeval.s3.us-east-1.amazonaws.com/family_datasets/Furniture_and_Structures/Door/Tactile/10.jpg","","Door","https://tactileeval.s3.us-east-1.amazonaws.com/family_datasets/Furniture_and_Structures/Door/Natural/Door_11.jpg","https://tactileeval.s3.us-east-1.amazonaws.com/family_datasets/Furniture_and_Structures/Door/Tactile/11.jpg","","Door","https://tactileeval.s3.us-east-1.amazonaws.com/family_datasets/Furniture_and_Structures/Door/Natural/Door_12.jpg","https://tactileeval.s3.us-east-1.amazonaws.com/family_datasets/Furniture_and_Structures/Door/Tactile/12.jpg","","Door","https://tactileeval.s3.us-east-1.amazonaws.com/family_datasets/Furniture_and_Structures/Door/Natural/Door_13.jpeg","https://tactileeval.s3.us-east-1.amazonaws.com/family_datasets/Furniture_and_Structures/Door/Tactile/13.jpg","","Hut","https://tactileeval.s3.us-east-1.amazonaws.com/family_datasets/Furniture_and_Structures/Hut/Natural/1_Hut.png","https://tactileeval.s3.us-east-1.amazonaws.com/family_datasets/Furniture_and_Structures/Hut/Tactile/1.jpg","","[{""question1"":{""orientation_match"":true,""view_frontal"":true,""view_perspective"":false,""view_side"":false,""view_top"":false},""question10"":{""orientation_match"":true,""view_frontal"":true,""view_perspective"":false,""view_side"":false,""view_top"":false},""question2"":{""orientation_match"":true,""view_frontal"":true,""view_perspective"":false,""view_side"":false,""view_top"":false},""question3"":{""orientation_match"":true,""view_frontal"":true,""view_perspective"":false,""view_side"":false,""view_top"":false},""question4"":{""orientation_match"":false,""view_frontal"":true,""view_perspective"":false,""view_side"":false,""view_top"":false},""question5"":{""orientation_match"":false,""view_frontal"":true,""view_perspective"":false,""view_side"":false,""view_top"":false},""question6"":{""orientation_match"":true,""view_frontal"":true,""view_perspective"":false,""view_side"":false,""view_top"":false},""question7"":{""orientation_match"":true,""view_frontal"":true,""view_perspective"":false,""view_side"":false,""view_top"":false},""question8"":{""orientation_match"":true,""view_frontal"":true,""view_perspective"":false,""view_side"":false,""view_top"":false},""question9"":{""orientation_match"":true,""view_frontal"":true,""view_perspective"":false,""view_side"":false,""view_top"":false}}]"
"3KTZHH2OOATHJHN3D9KKKSMUCF68M8","3XYCBL6ZT49TLP62BHCL6Q0M8862SH","Categorize images based on view.","Review 10 line-arts and judge if it has same or different views. Identify view for each tactile. (10 pairs)","tactile, image review, accessibility, furniture and structures","$0.08","Sat Apr 18 18:45:45 PDT 2026","7","BatchId:5385947;OriginalHitTemplateId:928390873;","1800","1296000","Sat Apr 25 18:45:45 PDT 2026","","","3ZOTGHDK6BPPOOLHUPA3H77TNDROS1","A3MFBBVX106DGI","Submitted","Sat Apr 18 20:09:41 PDT 2026","Sat Apr 18 20:20:54 PDT 2026","Sun May 03 20:20:54 PDT 2026","","","","673","100% (51/51)","100% (29/29)","100% (29/29)","Door","https://tactileeval.s3.us-east-1.amazonaws.com/family_datasets/Furniture_and_Structures/Door/Natural/Door_5.jpg","https://tactileeval.s3.us-east-1.amazonaws.com/family_datasets/Furniture_and_Structures/Door/Tactile/5.png","","Door","https://tactileeval.s3.us-east-1.amazonaws.com/family_datasets/Furniture_and_Structures/Door/Natural/Door_6.jpg","https://tactileeval.s3.us-east-1.amazonaws.com/family_datasets/Furniture_and_Structures/Door/Tactile/6.jpg","","Door","https://tactileeval.s3.us-east-1.amazonaws.com/family_datasets/Furniture_and_Structures/Door/Natural/Door_7.jpg","https://tactileeval.s3.us-east-1.amazonaws.com/family_datasets/Furniture_and_Structures/Door/Tactile/7.jpg","","Door","https://tactileeval.s3.us-east-1.amazonaws.com/family_datasets/Furniture_and_Structures/Door/Natural/Door_8.jpg","https://tactileeval.s3.us-east-1.amazonaws.com/family_datasets/Furniture_and_Structures/Door/Tactile/8.jpg","","Door","https://tactileeval.s3.us-east-1.amazonaws.com/family_datasets/Furniture_and_Structures/Door/Natural/Door_9.jpg","https://tactileeval.s3.us-east-1.amazonaws.com/family_datasets/Furniture_and_Structures/Door/Tactile/9.jpg","","Door","https://tactileeval.s3.us-east-1.amazonaws.com/family_datasets/Furniture_and_Structures/Door/Natural/Door_10.jpg","https://tactileeval.s3.us-east-1.amazonaws.com/family_datasets/Furniture_and_Structures/Door/Tactile/10.jpg","","Door","https://tactileeval.s3.us-east-1.amazonaws.com/family_datasets/Furniture_and_Structures/Door/Natural/Door_11.jpg","https://tactileeval.s3.us-east-1.amazonaws.com/family_datasets/Furniture_and_Structures/Door/Tactile/11.jpg","","Door","https://tactileeval.s3.us-east-1.amazonaws.com/family_datasets/Furniture_and_Structures/Door/Natural/Door_12.jpg","https://tactileeval.s3.us-east-1.amazonaws.com/family_datasets/Furniture_and_Structures/Door/Tactile/12.jpg","","Door","https://tactileeval.s3.us-east-1.amazonaws.com/family_datasets/Furniture_and_Structures/Door/Natural/Door_13.jpeg","https://tactileeval.s3.us-east-1.amazonaws.com/family_datasets/Furniture_and_Structures/Door/Tactile/13.jpg","","Hut","https://tactileeval.s3.us-east-1.amazonaws.com/family_datasets/Furniture_and_Structures/Hut/Natural/1_Hut.png","https://tactileeval.s3.us-east-1.amazonaws.com/family_datasets/Furniture_and_Structures/Hut/Tactile/1.jpg","","[{""question1"":{""orientation_match"":true,""view_frontal"":true,""view_perspective"":false,""view_side"":false,""view_top"":false},""question10"":{""orientation_match"":true,""view_frontal"":true,""view_perspective"":false,""view_side"":false,""view_top"":false},""question2"":{""orientation_match"":true,""view_frontal"":true,""view_perspective"":false,""view_side"":false,""view_top"":false},""question3"":{""orientation_match"":true,""view_frontal"":true,""view_perspective"":false,""view_side"":false,""view_top"":false},""question4"":{""orientation_match"":true,""view_frontal"":false,""view_perspective"":false,""view_side"":true,""view_top"":false},""question5"":{""orientation_match"":true,""view_frontal"":true,""view_perspective"":false,""view_side"":false,""view_top"":false},""question6"":{""orientation_match"":true,""view_frontal"":true,""view_perspective"":false,""view_side"":false,""view_top"":false},""question7"":{""orientation_match"":true,""view_frontal"":true,""view_perspective"":false,""view_side"":false,""view_top"":false},""question8"":{""orientation_match"":true,""view_frontal"":true,""view_perspective"":false,""view_side"":false,""view_top"":false},""question9"":{""orientation_match"":true,""view_frontal"":true,""view_perspective"":false,""view_side"":false,""view_top"":false}}]"
"3KTZHH2OOATHJHN3D9KKKSMUCF68M8","3XYCBL6ZT49TLP62BHCL6Q0M8862SH","Categorize images based on view.","Review 10 line-arts and judge if it has same or different views. Identify view for each tactile. (10 pairs)","tactile, image review, accessibility, furniture and structures","$0.08","Sat Apr 18 18:45:45 PDT 2026","7","BatchId:5385947;OriginalHitTemplateId:928390873;","1800","1296000","Sat Apr 25 18:45:45 PDT 2026","","","3ZQIG0FLR7UDLPBNF66I9O4MPJ8WVE","A3404IIFIN1T2H","Submitted","Sat Apr 18 18:57:54 PDT 2026","Sat Apr 18 19:00:33 PDT 2026","Sun May 03 19:00:33 PDT 2026","","","","159","94% (100/106)","0% (0/0)","0% (0/0)","Door","https://tactileeval.s3.us-east-1.amazonaws.com/family_datasets/Furniture_and_Structures/Door/Natural/Door_5.jpg","https://tactileeval.s3.us-east-1.amazonaws.com/family_datasets/Furniture_and_Structures/Door/Tactile/5.png","","Door","https://tactileeval.s3.us-east-1.amazonaws.com/family_datasets/Furniture_and_Structures/Door/Natural/Door_6.jpg","https://tactileeval.s3.us-east-1.amazonaws.com/family_datasets/Furniture_and_Structures/Door/Tactile/6.jpg","","Door","https://tactileeval.s3.us-east-1.amazonaws.com/family_datasets/Furniture_and_Structures/Door/Natural/Door_7.jpg","https://tactileeval.s3.us-east-1.amazonaws.com/family_datasets/Furniture_and_Structures/Door/Tactile/7.jpg","","Door","https://tactileeval.s3.us-east-1.amazonaws.com/family_datasets/Furniture_and_Structures/Door/Natural/Door_8.jpg","https://tactileeval.s3.us-east-1.amazonaws.com/family_datasets/Furniture_and_Structures/Door/Tactile/8.jpg","","Door","https://tactileeval.s3.us-east-1.amazonaws.com/family_datasets/Furniture_and_Structures/Door/Natural/Door_9.jpg","https://tactileeval.s3.us-east-1.amazonaws.com/family_datasets/Furniture_and_Structures/Door/Tactile/9.jpg","","Door","https://tactileeval.s3.us-east-1.amazonaws.com/family_datasets/Furniture_and_Structures/Door/Natural/Door_10.jpg","https://tactileeval.s3.us-east-1.amazonaws.com/family_datasets/Furniture_and_Structures/Door/Tactile/10.jpg","","Door","https://tactileeval.s3.us-east-1.amazonaws.com/family_datasets/Furniture_and_Structures/Door/Natural/Door_11.jpg","https://tactileeval.s3.us-east-1.amazonaws.com/family_datasets/Furniture_and_Structures/Door/Tactile/11.jpg","","Door","https://tactileeval.s3.us-east-1.amazonaws.com/family_datasets/Furniture_and_Structures/Door/Natural/Door_12.jpg","https://tactileeval.s3.us-east-1.amazonaws.com/family_datasets/Furniture_and_Structures/Door/Tactile/12.jpg","","Door","https://tactileeval.s3.us-east-1.amazonaws.com/family_datasets/Furniture_and_Structures/Door/Natural/Door_13.jpeg","https://tactileeval.s3.us-east-1.amazonaws.com/family_datasets/Furniture_and_Structures/Door/Tactile/13.jpg","","Hut","https://tactileeval.s3.us-east-1.amazonaws.com/family_datasets/Furniture_and_Structures/Hut/Natural/1_Hut.png","https://tactileeval.s3.us-east-1.amazonaws.com/family_datasets/Furniture_and_Structures/Hut/Tactile/1.jpg","","[{""question1"":{""orientation_match"":true,""view_frontal"":false,""view_perspective"":false,""view_side"":true,""view_top"":false},""question10"":{""orientation_match"":true,""view_frontal"":false,""view_perspective"":false,""view_side"":false,""view_top"":false},""question2"":{""orientation_match"":true,""view_frontal"":false,""view_perspective"":true,""view_side"":false,""view_top"":false},""question3"":{""orientation_match"":false,""view_frontal"":false,""view_perspective"":false,""view_side"":true,""view_top"":false},""question4"":{""orientation_match"":false,""view_frontal"":false,""view_perspective"":false,""view_side"":false,""view_top"":true},""question5"":{""orientation_match"":true,""view_frontal"":false,""view_perspective"":false,""view_side"":false,""view_top"":false},""question6"":{""orientation_match"":true,""view_frontal"":false,""view_perspective"":false,""view_side"":false,""view_top"":false},""question7"":{""orientation_match"":true,""view_frontal"":true,""view_perspective"":false,""view_side"":false,""view_top"":false},""question8"":{""orientation_match"":true,""view_frontal"":false,""view_perspective"":true,""view_side"":false,""view_top"":false},""question9"":{""orientation_match"":true,""view_frontal"":false,""view_perspective"":false,""view_side"":false,""view_top"":false}}]"
"3KVQ0UJWQPZU1BYFJDJ4H6EU8RJ5WU","3XYCBL6ZT49TLP62BHCL6Q0M8862SH","Categorize images based on view.","Review 10 line-arts and judge if it has same or different views. Identify view for each tactile. (10 pairs)","tactile, image review, accessibility, furniture and structures","$0.08","Sat Apr 18 18:45:45 PDT 2026","7","BatchId:5385947;OriginalHitTemplateId:928390873;","1800","1296000","Sat Apr 25 18:45:45 PDT 2026","","","32N49TQG49WGEC8KE1AQRZ7VX0GVAD","A2FK6782M09EBO","Submitted","Sat Apr 18 19:50:17 PDT 2026","Sat Apr 18 19:57:16 PDT 2026","Sun May 03 19:57:16 PDT 2026","","","","419","93% (65/70)","93% (65/70)","93% (65/70)","Hut","https://tactileeval.s3.us-east-1.amazonaws.com/family_datasets/Furniture_and_Structures/Hut/Natural/2_Hut.png","https://tactileeval.s3.us-east-1.amazonaws.com/family_datasets/Furniture_and_Structures/Hut/Tactile/2.png","","Hut","https://tactileeval.s3.us-east-1.amazonaws.com/family_datasets/Furniture_and_Structures/Hut/Natural/3_Hut.jpeg","https://tactileeval.s3.us-east-1.amazonaws.com/family_datasets/Furniture_and_Structures/Hut/Tactile/3.jpg","","Hut","https://tactileeval.s3.us-east-1.amazonaws.com/family_datasets/Furniture_and_Structures/Hut/Natural/4_Hut.jpeg","https://tactileeval.s3.us-east-1.amazonaws.com/family_datasets/Furniture_and_Structures/Hut/Tactile/4.jpg","","Hut","https://tactileeval.s3.us-east-1.amazonaws.com/family_datasets/Furniture_and_Structures/Hut/Natural/5_Hut.png","https://tactileeval.s3.us-east-1.amazonaws.com/family_datasets/Furniture_and_Structures/Hut/Tactile/5.jpg","","Hut","https://tactileeval.s3.us-east-1.amazonaws.com/family_datasets/Furniture_and_Structures/Hut/Natural/6_Hut.jpeg","https://tactileeval.s3.us-east-1.amazonaws.com/family_datasets/Furniture_and_Structures/Hut/Tactile/6.jpg","","Hut","https://tactileeval.s3.us-east-1.amazonaws.com/family_datasets/Furniture_and_Structures/Hut/Natural/7_Hut.png","https://tactileeval.s3.us-east-1.amazonaws.com/family_datasets/Furniture_and_Structures/Hut/Tactile/7.jpg","","Hut","https://tactileeval.s3.us-east-1.amazonaws.com/family_datasets/Furniture_and_Structures/Hut/Natural/8_Hut.jpeg","https://tactileeval.s3.us-east-1.amazonaws.com/family_datasets/Furniture_and_Structures/Hut/Tactile/8.jpg","","Hut","https://tactileeval.s3.us-east-1.amazonaws.com/family_datasets/Furniture_and_Structures/Hut/Natural/9_Hut.jpeg","https://tactileeval.s3.us-east-1.amazonaws.com/family_datasets/Furniture_and_Structures/Hut/Tactile/9.jpg","","Hut","https://tactileeval.s3.us-east-1.amazonaws.com/family_datasets/Furniture_and_Structures/Hut/Natural/10_Hut.jpeg","https://tactileeval.s3.us-east-1.amazonaws.com/family_datasets/Furniture_and_Structures/Hut/Tactile/10.jpg","","Lamp","https://tactileeval.s3.us-east-1.amazonaws.com/family_datasets/Furniture_and_Structures/Lamp/Natural/1.jpg","https://tactileeval.s3.us-east-1.amazonaws.com/family_datasets/Furniture_and_Structures/Lamp/Tactile/1.jpeg","","[{""question1"":{""orientation_match"":true,""view_frontal"":true,""view_perspective"":false,""view_side"":false,""view_top"":false},""question10"":{""orientation_match"":true,""view_frontal"":false,""view_perspective"":false,""view_side"":true,""view_top"":false},""question2"":{""orientation_match"":true,""view_frontal"":true,""view_perspective"":false,""view_side"":false,""view_top"":false},""question3"":{""orientation_match"":false,""view_frontal"":true,""view_perspective"":false,""view_side"":false,""view_top"":false},""question4"":{""orientation_match"":true,""view_frontal"":true,""view_perspective"":false,""view_side"":false,""view_top"":false},""question5"":{""orientation_match"":false,""view_frontal"":false,""view_perspective"":false,""view_side"":true,""view_top"":false},""question6"":{""orientation_match"":true,""view_frontal"":true,""view_perspective"":false,""view_side"":false,""view_top"":false},""question7"":{""orientation_match"":false,""view_frontal"":true,""view_perspective"":false,""view_side"":false,""view_top"":false},""question8"":{""orientation_match"":true,""view_frontal"":true,""view_perspective"":false,""view_side"":false,""view_top"":false},""question9"":{""orientation_match"":true,""view_frontal"":true,""view_perspective"":false,""view_side"":false,""view_top"":false}}]"
"3KVQ0UJWQPZU1BYFJDJ4H6EU8RJ5WU","3XYCBL6ZT49TLP62BHCL6Q0M8862SH","Categorize images based on view.","Review 10 line-arts and judge if it has same or different views. Identify view for each tactile. (10 pairs)","tactile, image review, accessibility, furniture and structures","$0.08","Sat Apr 18 18:45:45 PDT 2026","7","BatchId:5385947;OriginalHitTemplateId:928390873;","1800","1296000","Sat Apr 25 18:45:45 PDT 2026","","","37QW5D2ZS90M3WY1N8L7KLHT88HS8W","AA1IM0SAQ3XFM","Submitted","Sat Apr 18 19:06:07 PDT 2026","Sat Apr 18 19:07:24 PDT 2026","Sun May 03 19:07:24 PDT 2026","","","","77","0% (0/0)","0% (0/0)","0% (0/0)","Hut","https://tactileeval.s3.us-east-1.amazonaws.com/family_datasets/Furniture_and_Structures/Hut/Natural/2_Hut.png","https://tactileeval.s3.us-east-1.amazonaws.com/family_datasets/Furniture_and_Structures/Hut/Tactile/2.png","","Hut","https://tactileeval.s3.us-east-1.amazonaws.com/family_datasets/Furniture_and_Structures/Hut/Natural/3_Hut.jpeg","https://tactileeval.s3.us-east-1.amazonaws.com/family_datasets/Furniture_and_Structures/Hut/Tactile/3.jpg","","Hut","https://tactileeval.s3.us-east-1.amazonaws.com/family_datasets/Furniture_and_Structures/Hut/Natural/4_Hut.jpeg","https://tactileeval.s3.us-east-1.amazonaws.com/family_datasets/Furniture_and_Structures/Hut/Tactile/4.jpg","","Hut","https://tactileeval.s3.us-east-1.amazonaws.com/family_datasets/Furniture_and_Structures/Hut/Natural/5_Hut.png","https://tactileeval.s3.us-east-1.amazonaws.com/family_datasets/Furniture_and_Structures/Hut/Tactile/5.jpg","","Hut","https://tactileeval.s3.us-east-1.amazonaws.com/family_datasets/Furniture_and_Structures/Hut/Natural/6_Hut.jpeg","https://tactileeval.s3.us-east-1.amazonaws.com/family_datasets/Furniture_and_Structures/Hut/Tactile/6.jpg","","Hut","https://tactileeval.s3.us-east-1.amazonaws.com/family_datasets/Furniture_and_Structures/Hut/Natural/7_Hut.png","https://tactileeval.s3.us-east-1.amazonaws.com/family_datasets/Furniture_and_Structures/Hut/Tactile/7.jpg","","Hut","https://tactileeval.s3.us-east-1.amazonaws.com/family_datasets/Furniture_and_Structures/Hut/Natural/8_Hut.jpeg","https://tactileeval.s3.us-east-1.amazonaws.com/family_datasets/Furniture_and_Structures/Hut/Tactile/8.jpg","","Hut","https://tactileeval.s3.us-east-1.amazonaws.com/family_datasets/Furniture_and_Structures/Hut/Natural/9_Hut.jpeg","https://tactileeval.s3.us-east-1.amazonaws.com/family_datasets/Furniture_and_Structures/Hut/Tactile/9.jpg","","Hut","https://tactileeval.s3.us-east-1.amazonaws.com/family_datasets/Furniture_and_Structures/Hut/Natural/10_Hut.jpeg","https://tactileeval.s3.us-east-1.amazonaws.com/family_datasets/Furniture_and_Structures/Hut/Tactile/10.jpg","","Lamp","https://tactileeval.s3.us-east-1.amazonaws.com/family_datasets/Furniture_and_Structures/Lamp/Natural/1.jpg","https://tactileeval.s3.us-east-1.amazonaws.com/family_datasets/Furniture_and_Structures/Lamp/Tactile/1.jpeg","","[{""question1"":{""orientation_match"":false,""view_frontal"":true,""view_perspective"":false,""view_side"":false,""view_top"":false},""question10"":{""orientation_match"":true,""view_frontal"":false,""view_perspective"":false,""view_side"":true,""view_top"":false},""question2"":{""orientation_match"":true,""view_frontal"":true,""view_perspective"":false,""view_side"":false,""view_top"":false},""question3"":{""orientation_match"":true,""view_frontal"":true,""view_perspective"":false,""view_side"":false,""view_top"":false},""question4"":{""orientation_match"":true,""view_frontal"":true,""view_perspective"":false,""view_side"":false,""view_top"":false},""question5"":{""orientation_match"":true,""view_frontal"":false,""view_perspective"":true,""view_side"":false,""view_top"":false},""question6"":{""orientation_match"":true,""view_frontal"":true,""view_perspective"":false,""view_side"":false,""view_top"":false},""question7"":{""orientation_match"":true,""view_frontal"":true,""view_perspective"":false,""view_side"":false,""view_top"":false},""question8"":{""orientation_match"":false,""view_frontal"":true,""view_perspective"":false,""view_side"":false,""view_top"":false},""question9"":{""orientation_match"":false,""view_frontal"":true,""view_perspective"":false,""view_side"":false,""view_top"":false}}]"
"3KVQ0UJWQPZU1BYFJDJ4H6EU8RJ5WU","3XYCBL6ZT49TLP62BHCL6Q0M8862SH","Categorize images based on view.","Review 10 line-arts and judge if it has same or different views. Identify view for each tactile. (10 pairs)","tactile, image review, accessibility, furniture and structures","$0.08","Sat Apr 18 18:45:45 PDT 2026","7","BatchId:5385947;OriginalHitTemplateId:928390873;","1800","1296000","Sat Apr 25 18:45:45 PDT 2026","","","39PAAFCOEFELT87TK117M4XNLPMVTJ","A3UD3Z0MVKSLF3","Submitted","Sat Apr 18 18:55:22 PDT 2026","Sat Apr 18 18:56:06 PDT 2026","Sun May 03 18:56:06 PDT 2026","","","","44","92% (77/84)","0% (0/0)","0% (0/0)","Hut","https://tactileeval.s3.us-east-1.amazonaws.com/family_datasets/Furniture_and_Structures/Hut/Natural/2_Hut.png","https://tactileeval.s3.us-east-1.amazonaws.com/family_datasets/Furniture_and_Structures/Hut/Tactile/2.png","","Hut","https://tactileeval.s3.us-east-1.amazonaws.com/family_datasets/Furniture_and_Structures/Hut/Natural/3_Hut.jpeg","https://tactileeval.s3.us-east-1.amazonaws.com/family_datasets/Furniture_and_Structures/Hut/Tactile/3.jpg","","Hut","https://tactileeval.s3.us-east-1.amazonaws.com/family_datasets/Furniture_and_Structures/Hut/Natural/4_Hut.jpeg","https://tactileeval.s3.us-east-1.amazonaws.com/family_datasets/Furniture_and_Structures/Hut/Tactile/4.jpg","","Hut","https://tactileeval.s3.us-east-1.amazonaws.com/family_datasets/Furniture_and_Structures/Hut/Natural/5_Hut.png","https://tactileeval.s3.us-east-1.amazonaws.com/family_datasets/Furniture_and_Structures/Hut/Tactile/5.jpg","","Hut","https://tactileeval.s3.us-east-1.amazonaws.com/family_datasets/Furniture_and_Structures/Hut/Natural/6_Hut.jpeg","https://tactileeval.s3.us-east-1.amazonaws.com/family_datasets/Furniture_and_Structures/Hut/Tactile/6.jpg","","Hut","https://tactileeval.s3.us-east-1.amazonaws.com/family_datasets/Furniture_and_Structures/Hut/Natural/7_Hut.png","https://tactileeval.s3.us-east-1.amazonaws.com/family_datasets/Furniture_and_Structures/Hut/Tactile/7.jpg","","Hut","https://tactileeval.s3.us-east-1.amazonaws.com/family_datasets/Furniture_and_Structures/Hut/Natural/8_Hut.jpeg","https://tactileeval.s3.us-east-1.amazonaws.com/family_datasets/Furniture_and_Structures/Hut/Tactile/8.jpg","","Hut","https://tactileeval.s3.us-east-1.amazonaws.com/family_datasets/Furniture_and_Structures/Hut/Natural/9_Hut.jpeg","https://tactileeval.s3.us-east-1.amazonaws.com/family_datasets/Furniture_and_Structures/Hut/Tactile/9.jpg","","Hut","https://tactileeval.s3.us-east-1.amazonaws.com/family_datasets/Furniture_and_Structures/Hut/Natural/10_Hut.jpeg","https://tactileeval.s3.us-east-1.amazonaws.com/family_datasets/Furniture_and_Structures/Hut/Tactile/10.jpg","","Lamp","https://tactileeval.s3.us-east-1.amazonaws.com/family_datasets/Furniture_and_Structures/Lamp/Natural/1.jpg","https://tactileeval.s3.us-east-1.amazonaws.com/family_datasets/Furniture_and_Structures/Lamp/Tactile/1.jpeg","","[{""question1"":{""orientation_match"":false,""view_frontal"":false,""view_perspective"":false,""view_side"":false,""view_top"":true},""question10"":{""orientation_match"":false,""view_frontal"":false,""view_perspective"":false,""view_side"":false,""view_top"":true},""question2"":{""orientation_match"":false,""view_frontal"":false,""view_perspective"":false,""view_side"":true,""view_top"":false},""question3"":{""orientation_match"":true,""view_frontal"":false,""view_perspective"":false,""view_side"":false,""view_top"":false},""question4"":{""orientation_match"":true,""view_frontal"":false,""view_perspective"":true,""view_side"":false,""view_top"":false},""question5"":{""orientation_match"":false,""view_frontal"":false,""view_perspective"":false,""view_side"":true,""view_top"":false},""question6"":{""orientation_match"":true,""view_frontal"":false,""view_perspective"":false,""view_side"":false,""view_top"":false},""question7"":{""orientation_match"":false,""view_frontal"":false,""view_perspective"":false,""view_side"":true,""view_top"":false},""question8"":{""orientation_match"":true,""view_frontal"":false,""view_perspective"":false,""view_side"":false,""view_top"":false},""question9"":{""orientation_match"":true,""view_frontal"":false,""view_perspective"":false,""view_side"":false,""view_top"":false}}]"
"3KVQ0UJWQPZU1BYFJDJ4H6EU8RJ5WU","3XYCBL6ZT49TLP62BHCL6Q0M8862SH","Categorize images based on view.","Review 10 line-arts and judge if it has same or different views. Identify view for each tactile. (10 pairs)","tactile, image review, accessibility, furniture and structures","$0.08","Sat Apr 18 18:45:45 PDT 2026","7","BatchId:5385947;OriginalHitTemplateId:928390873;","1800","1296000","Sat Apr 25 18:45:45 PDT 2026","","","3A0EX8ZRO1221G8HPQX6T9VVXZ4YBL","A3MFBBVX106DGI","Submitted","Sat Apr 18 20:09:39 PDT 2026","Sat Apr 18 20:17:05 PDT 2026","Sun May 03 20:17:05 PDT 2026","","","","446","100% (51/51)","100% (29/29)","100% (29/29)","Hut","https://tactileeval.s3.us-east-1.amazonaws.com/family_datasets/Furniture_and_Structures/Hut/Natural/2_Hut.png","https://tactileeval.s3.us-east-1.amazonaws.com/family_datasets/Furniture_and_Structures/Hut/Tactile/2.png","","Hut","https://tactileeval.s3.us-east-1.amazonaws.com/family_datasets/Furniture_and_Structures/Hut/Natural/3_Hut.jpeg","https://tactileeval.s3.us-east-1.amazonaws.com/family_datasets/Furniture_and_Structures/Hut/Tactile/3.jpg","","Hut","https://tactileeval.s3.us-east-1.amazonaws.com/family_datasets/Furniture_and_Structures/Hut/Natural/4_Hut.jpeg","https://tactileeval.s3.us-east-1.amazonaws.com/family_datasets/Furniture_and_Structures/Hut/Tactile/4.jpg","","Hut","https://tactileeval.s3.us-east-1.amazonaws.com/family_datasets/Furniture_and_Structures/Hut/Natural/5_Hut.png","https://tactileeval.s3.us-east-1.amazonaws.com/family_datasets/Furniture_and_Structures/Hut/Tactile/5.jpg","","Hut","https://tactileeval.s3.us-east-1.amazonaws.com/family_datasets/Furniture_and_Structures/Hut/Natural/6_Hut.jpeg","https://tactileeval.s3.us-east-1.amazonaws.com/family_datasets/Furniture_and_Structures/Hut/Tactile/6.jpg","","Hut","https://tactileeval.s3.us-east-1.amazonaws.com/family_datasets/Furniture_and_Structures/Hut/Natural/7_Hut.png","https://tactileeval.s3.us-east-1.amazonaws.com/family_datasets/Furniture_and_Structures/Hut/Tactile/7.jpg","","Hut","https://tactileeval.s3.us-east-1.amazonaws.com/family_datasets/Furniture_and_Structures/Hut/Natural/8_Hut.jpeg","https://tactileeval.s3.us-east-1.amazonaws.com/family_datasets/Furniture_and_Structures/Hut/Tactile/8.jpg","","Hut","https://tactileeval.s3.us-east-1.amazonaws.com/family_datasets/Furniture_and_Structures/Hut/Natural/9_Hut.jpeg","https://tactileeval.s3.us-east-1.amazonaws.com/family_datasets/Furniture_and_Structures/Hut/Tactile/9.jpg","","Hut","https://tactileeval.s3.us-east-1.amazonaws.com/family_datasets/Furniture_and_Structures/Hut/Natural/10_Hut.jpeg","https://tactileeval.s3.us-east-1.amazonaws.com/family_datasets/Furniture_and_Structures/Hut/Tactile/10.jpg","","Lamp","https://tactileeval.s3.us-east-1.amazonaws.com/family_datasets/Furniture_and_Structures/Lamp/Natural/1.jpg","https://tactileeval.s3.us-east-1.amazonaws.com/family_datasets/Furniture_and_Structures/Lamp/Tactile/1.jpeg","","[{""question1"":{""orientation_match"":true,""view_frontal"":true,""view_perspective"":false,""view_side"":false,""view_top"":false},""question10"":{""orientation_match"":true,""view_frontal"":false,""view_perspective"":false,""view_side"":true,""view_top"":false},""question2"":{""orientation_match"":true,""view_frontal"":true,""view_perspective"":false,""view_side"":false,""view_top"":false},""question3"":{""orientation_match"":true,""view_frontal"":true,""view_perspective"":false,""view_side"":false,""view_top"":false},""question4"":{""orientation_match"":true,""view_frontal"":true,""view_perspective"":false,""view_side"":false,""view_top"":false},""question5"":{""orientation_match"":true,""view_frontal"":false,""view_perspective"":false,""view_side"":true,""view_top"":false},""question6"":{""orientation_match"":true,""view_frontal"":true,""view_perspective"":false,""view_side"":false,""view_top"":false},""question7"":{""orientation_match"":true,""view_frontal"":true,""view_perspective"":false,""view_side"":false,""view_top"":false},""question8"":{""orientation_match"":true,""view_frontal"":true,""view_perspective"":false,""view_side"":false,""view_top"":false},""question9"":{""orientation_match"":true,""view_frontal"":true,""view_perspective"":false,""view_side"":false,""view_top"":false}}]"
"3KVQ0UJWQPZU1BYFJDJ4H6EU8RJ5WU","3XYCBL6ZT49TLP62BHCL6Q0M8862SH","Categorize images based on view.","Review 10 line-arts and judge if it has same or different views. Identify view for each tactile. (10 pairs)","tactile, image review, accessibility, furniture and structures","$0.08","Sat Apr 18 18:45:45 PDT 2026","7","BatchId:5385947;OriginalHitTemplateId:928390873;","1800","1296000","Sat Apr 25 18:45:45 PDT 2026","","","3EICBYG65XAVGW5OHQSYU6MP2GVCJC","ARSYPIB62OGI8","Submitted","Sat Apr 18 19:58:17 PDT 2026","Sat Apr 18 20:24:05 PDT 2026","Sun May 03 20:24:05 PDT 2026","","","","1548","0% (0/0)","0% (0/0)","0% (0/0)","Hut","https://tactileeval.s3.us-east-1.amazonaws.com/family_datasets/Furniture_and_Structures/Hut/Natural/2_Hut.png","https://tactileeval.s3.us-east-1.amazonaws.com/family_datasets/Furniture_and_Structures/Hut/Tactile/2.png","","Hut","https://tactileeval.s3.us-east-1.amazonaws.com/family_datasets/Furniture_and_Structures/Hut/Natural/3_Hut.jpeg","https://tactileeval.s3.us-east-1.amazonaws.com/family_datasets/Furniture_and_Structures/Hut/Tactile/3.jpg","","Hut","https://tactileeval.s3.us-east-1.amazonaws.com/family_datasets/Furniture_and_Structures/Hut/Natural/4_Hut.jpeg","https://tactileeval.s3.us-east-1.amazonaws.com/family_datasets/Furniture_and_Structures/Hut/Tactile/4.jpg","","Hut","https://tactileeval.s3.us-east-1.amazonaws.com/family_datasets/Furniture_and_Structures/Hut/Natural/5_Hut.png","https://tactileeval.s3.us-east-1.amazonaws.com/family_datasets/Furniture_and_Structures/Hut/Tactile/5.jpg","","Hut","https://tactileeval.s3.us-east-1.amazonaws.com/family_datasets/Furniture_and_Structures/Hut/Natural/6_Hut.jpeg","https://tactileeval.s3.us-east-1.amazonaws.com/family_datasets/Furniture_and_Structures/Hut/Tactile/6.jpg","","Hut","https://tactileeval.s3.us-east-1.amazonaws.com/family_datasets/Furniture_and_Structures/Hut/Natural/7_Hut.png","https://tactileeval.s3.us-east-1.amazonaws.com/family_datasets/Furniture_and_Structures/Hut/Tactile/7.jpg","","Hut","https://tactileeval.s3.us-east-1.amazonaws.com/family_datasets/Furniture_and_Structures/Hut/Natural/8_Hut.jpeg","https://tactileeval.s3.us-east-1.amazonaws.com/family_datasets/Furniture_and_Structures/Hut/Tactile/8.jpg","","Hut","https://tactileeval.s3.us-east-1.amazonaws.com/family_datasets/Furniture_and_Structures/Hut/Natural/9_Hut.jpeg","https://tactileeval.s3.us-east-1.amazonaws.com/family_datasets/Furniture_and_Structures/Hut/Tactile/9.jpg","","Hut","https://tactileeval.s3.us-east-1.amazonaws.com/family_datasets/Furniture_and_Structures/Hut/Natural/10_Hut.jpeg","https://tactileeval.s3.us-east-1.amazonaws.com/family_datasets/Furniture_and_Structures/Hut/Tactile/10.jpg","","Lamp","https://tactileeval.s3.us-east-1.amazonaws.com/family_datasets/Furniture_and_Structures/Lamp/Natural/1.jpg","https://tactileeval.s3.us-east-1.amazonaws.com/family_datasets/Furniture_and_Structures/Lamp/Tactile/1.jpeg","","[{""question1"":{""orientation_match"":true,""view_frontal"":true,""view_perspective"":false,""view_side"":false,""view_top"":false},""question10"":{""orientation_match"":true,""view_frontal"":false,""view_perspective"":false,""view_side"":true,""view_top"":false},""question2"":{""orientation_match"":true,""view_frontal"":true,""view_perspective"":false,""view_side"":false,""view_top"":false},""question3"":{""orientation_match"":true,""view_frontal"":true,""view_perspective"":false,""view_side"":false,""view_top"":false},""question4"":{""orientation_match"":true,""view_frontal"":true,""view_perspective"":false,""view_side"":false,""view_top"":false},""question5"":{""orientation_match"":true,""view_frontal"":false,""view_perspective"":true,""view_side"":false,""view_top"":false},""question6"":{""orientation_match"":true,""view_frontal"":true,""view_perspective"":false,""view_side"":false,""view_top"":false},""question7"":{""orientation_match"":true,""view_frontal"":true,""view_perspective"":false,""view_side"":false,""view_top"":false},""question8"":{""orientation_match"":true,""view_frontal"":true,""view_perspective"":false,""view_side"":false,""view_top"":false},""question9"":{""orientation_match"":true,""view_frontal"":true,""view_perspective"":false,""view_side"":false,""view_top"":false}}]"
"3KVQ0UJWQPZU1BYFJDJ4H6EU8RJ5WU","3XYCBL6ZT49TLP62BHCL6Q0M8862SH","Categorize images based on view.","Review 10 line-arts and judge if it has same or different views. Identify view for each tactile. (10 pairs)","tactile, image review, accessibility, furniture and structures","$0.08","Sat Apr 18 18:45:45 PDT 2026","7","BatchId:5385947;OriginalHitTemplateId:928390873;","1800","1296000","Sat Apr 25 18:45:45 PDT 2026","","","3HHRAGRYY1J7J9PILJAC0C23VP19OA","A1RQST9UG72B9D","Submitted","Sat Apr 18 19:45:14 PDT 2026","Sat Apr 18 19:47:11 PDT 2026","Sun May 03 19:47:11 PDT 2026","","","","117","0% (0/0)","0% (0/0)","0% (0/0)","Hut","https://tactileeval.s3.us-east-1.amazonaws.com/family_datasets/Furniture_and_Structures/Hut/Natural/2_Hut.png","https://tactileeval.s3.us-east-1.amazonaws.com/family_datasets/Furniture_and_Structures/Hut/Tactile/2.png","","Hut","https://tactileeval.s3.us-east-1.amazonaws.com/family_datasets/Furniture_and_Structures/Hut/Natural/3_Hut.jpeg","https://tactileeval.s3.us-east-1.amazonaws.com/family_datasets/Furniture_and_Structures/Hut/Tactile/3.jpg","","Hut","https://tactileeval.s3.us-east-1.amazonaws.com/family_datasets/Furniture_and_Structures/Hut/Natural/4_Hut.jpeg","https://tactileeval.s3.us-east-1.amazonaws.com/family_datasets/Furniture_and_Structures/Hut/Tactile/4.jpg","","Hut","https://tactileeval.s3.us-east-1.amazonaws.com/family_datasets/Furniture_and_Structures/Hut/Natural/5_Hut.png","https://tactileeval.s3.us-east-1.amazonaws.com/family_datasets/Furniture_and_Structures/Hut/Tactile/5.jpg","","Hut","https://tactileeval.s3.us-east-1.amazonaws.com/family_datasets/Furniture_and_Structures/Hut/Natural/6_Hut.jpeg","https://tactileeval.s3.us-east-1.amazonaws.com/family_datasets/Furniture_and_Structures/Hut/Tactile/6.jpg","","Hut","https://tactileeval.s3.us-east-1.amazonaws.com/family_datasets/Furniture_and_Structures/Hut/Natural/7_Hut.png","https://tactileeval.s3.us-east-1.amazonaws.com/family_datasets/Furniture_and_Structures/Hut/Tactile/7.jpg","","Hut","https://tactileeval.s3.us-east-1.amazonaws.com/family_datasets/Furniture_and_Structures/Hut/Natural/8_Hut.jpeg","https://tactileeval.s3.us-east-1.amazonaws.com/family_datasets/Furniture_and_Structures/Hut/Tactile/8.jpg","","Hut","https://tactileeval.s3.us-east-1.amazonaws.com/family_datasets/Furniture_and_Structures/Hut/Natural/9_Hut.jpeg","https://tactileeval.s3.us-east-1.amazonaws.com/family_datasets/Furniture_and_Structures/Hut/Tactile/9.jpg","","Hut","https://tactileeval.s3.us-east-1.amazonaws.com/family_datasets/Furniture_and_Structures/Hut/Natural/10_Hut.jpeg","https://tactileeval.s3.us-east-1.amazonaws.com/family_datasets/Furniture_and_Structures/Hut/Tactile/10.jpg","","Lamp","https://tactileeval.s3.us-east-1.amazonaws.com/family_datasets/Furniture_and_Structures/Lamp/Natural/1.jpg","https://tactileeval.s3.us-east-1.amazonaws.com/family_datasets/Furniture_and_Structures/Lamp/Tactile/1.jpeg","","[{""question1"":{""orientation_match"":true,""view_frontal"":true,""view_perspective"":false,""view_side"":false,""view_top"":false},""question10"":{""orientation_match"":true,""view_frontal"":false,""view_perspective"":false,""view_side"":true,""view_top"":false},""question2"":{""orientation_match"":true,""view_frontal"":true,""view_perspective"":false,""view_side"":false,""view_top"":false},""question3"":{""orientation_match"":false,""view_frontal"":true,""view_perspective"":false,""view_side"":false,""view_top"":false},""question4"":{""orientation_match"":true,""view_frontal"":true,""view_perspective"":false,""view_side"":false,""view_top"":false},""question5"":{""orientation_match"":false,""view_frontal"":false,""view_perspective"":true,""view_side"":false,""view_top"":false},""question6"":{""orientation_match"":true,""view_frontal"":true,""view_perspective"":false,""view_side"":false,""view_top"":false},""question7"":{""orientation_match"":false,""view_frontal"":true,""view_perspective"":false,""view_side"":false,""view_top"":false},""question8"":{""orientation_match"":true,""view_frontal"":true,""view_perspective"":false,""view_side"":false,""view_top"":false},""question9"":{""orientation_match"":true,""view_frontal"":true,""view_perspective"":false,""view_side"":false,""view_top"":false}}]"
"3KVQ0UJWQPZU1BYFJDJ4H6EU8RJ5WU","3XYCBL6ZT49TLP62BHCL6Q0M8862SH","Categorize images based on view.","Review 10 line-arts and judge if it has same or different views. Identify view for each tactile. (10 pairs)","tactile, image review, accessibility, furniture and structures","$0.08","Sat Apr 18 18:45:45 PDT 2026","7","BatchId:5385947;OriginalHitTemplateId:928390873;","1800","1296000","Sat Apr 25 18:45:45 PDT 2026","","","3OUYGIZWS0C78FD60N4YW1602QT0PW","A3404IIFIN1T2H","Submitted","Sat Apr 18 18:57:48 PDT 2026","Sat Apr 18 18:58:50 PDT 2026","Sun May 03 18:58:50 PDT 2026","","","","62","94% (100/106)","0% (0/0)","0% (0/0)","Hut","https://tactileeval.s3.us-east-1.amazonaws.com/family_datasets/Furniture_and_Structures/Hut/Natural/2_Hut.png","https://tactileeval.s3.us-east-1.amazonaws.com/family_datasets/Furniture_and_Structures/Hut/Tactile/2.png","","Hut","https://tactileeval.s3.us-east-1.amazonaws.com/family_datasets/Furniture_and_Structures/Hut/Natural/3_Hut.jpeg","https://tactileeval.s3.us-east-1.amazonaws.com/family_datasets/Furniture_and_Structures/Hut/Tactile/3.jpg","","Hut","https://tactileeval.s3.us-east-1.amazonaws.com/family_datasets/Furniture_and_Structures/Hut/Natural/4_Hut.jpeg","https://tactileeval.s3.us-east-1.amazonaws.com/family_datasets/Furniture_and_Structures/Hut/Tactile/4.jpg","","Hut","https://tactileeval.s3.us-east-1.amazonaws.com/family_datasets/Furniture_and_Structures/Hut/Natural/5_Hut.png","https://tactileeval.s3.us-east-1.amazonaws.com/family_datasets/Furniture_and_Structures/Hut/Tactile/5.jpg","","Hut","https://tactileeval.s3.us-east-1.amazonaws.com/family_datasets/Furniture_and_Structures/Hut/Natural/6_Hut.jpeg","https://tactileeval.s3.us-east-1.amazonaws.com/family_datasets/Furniture_and_Structures/Hut/Tactile/6.jpg","","Hut","https://tactileeval.s3.us-east-1.amazonaws.com/family_datasets/Furniture_and_Structures/Hut/Natural/7_Hut.png","https://tactileeval.s3.us-east-1.amazonaws.com/family_datasets/Furniture_and_Structures/Hut/Tactile/7.jpg","","Hut","https://tactileeval.s3.us-east-1.amazonaws.com/family_datasets/Furniture_and_Structures/Hut/Natural/8_Hut.jpeg","https://tactileeval.s3.us-east-1.amazonaws.com/family_datasets/Furniture_and_Structures/Hut/Tactile/8.jpg","","Hut","https://tactileeval.s3.us-east-1.amazonaws.com/family_datasets/Furniture_and_Structures/Hut/Natural/9_Hut.jpeg","https://tactileeval.s3.us-east-1.amazonaws.com/family_datasets/Furniture_and_Structures/Hut/Tactile/9.jpg","","Hut","https://tactileeval.s3.us-east-1.amazonaws.com/family_datasets/Furniture_and_Structures/Hut/Natural/10_Hut.jpeg","https://tactileeval.s3.us-east-1.amazonaws.com/family_datasets/Furniture_and_Structures/Hut/Tactile/10.jpg","","Lamp","https://tactileeval.s3.us-east-1.amazonaws.com/family_datasets/Furniture_and_Structures/Lamp/Natural/1.jpg","https://tactileeval.s3.us-east-1.amazonaws.com/family_datasets/Furniture_and_Structures/Lamp/Tactile/1.jpeg","","[{""question1"":{""orientation_match"":false,""view_frontal"":true,""view_perspective"":false,""view_side"":false,""view_top"":false},""question10"":{""orientation_match"":false,""view_frontal"":false,""view_perspective"":false,""view_side"":true,""view_top"":false},""question2"":{""orientation_match"":false,""view_frontal"":true,""view_perspective"":false,""view_side"":false,""view_top"":false},""question3"":{""orientation_match"":true,""view_frontal"":false,""view_perspective"":false,""view_side"":false,""view_top"":false},""question4"":{""orientation_match"":true,""view_frontal"":false,""view_perspective"":false,""view_side"":false,""view_top"":false},""question5"":{""orientation_match"":false,""view_frontal"":true,""view_perspective"":false,""view_side"":false,""view_top"":false},""question6"":{""orientation_match"":true,""view_frontal"":false,""view_perspective"":false,""view_side"":false,""view_top"":false},""question7"":{""orientation_match"":true,""view_frontal"":false,""view_perspective"":false,""view_side"":true,""view_top"":false},""question8"":{""orientation_match"":true,""view_frontal"":false,""view_perspective"":false,""view_side"":true,""view_top"":false},""question9"":{""orientation_match"":true,""view_frontal"":false,""view_perspective"":true,""view_side"":false,""view_top"":false}}]"
"3QD8LUVX5PC9QB35TIFQJPS1HTP5XN","3XYCBL6ZT49TLP62BHCL6Q0M8862SH","Categorize images based on view.","Review 10 line-arts and judge if it has same or different views. Identify view for each tactile. (10 pairs)","tactile, image review, accessibility, furniture and structures","$0.08","Sat Apr 18 18:45:45 PDT 2026","7","BatchId:5385947;OriginalHitTemplateId:928390873;","1800","1296000","Sat Apr 25 18:45:45 PDT 2026","","","3180JW2OUXQAHBW92G5QG0GFAZ8J5A","A2FK6782M09EBO","Submitted","Sat Apr 18 19:50:16 PDT 2026","Sat Apr 18 19:55:09 PDT 2026","Sun May 03 19:55:09 PDT 2026","","","","293","93% (65/70)","93% (65/70)","93% (65/70)","Lamp","https://tactileeval.s3.us-east-1.amazonaws.com/family_datasets/Furniture_and_Structures/Lamp/Natural/2.jpg","https://tactileeval.s3.us-east-1.amazonaws.com/family_datasets/Furniture_and_Structures/Lamp/Tactile/2.jpeg","","Lamp","https://tactileeval.s3.us-east-1.amazonaws.com/family_datasets/Furniture_and_Structures/Lamp/Natural/3.jpg","https://tactileeval.s3.us-east-1.amazonaws.com/family_datasets/Furniture_and_Structures/Lamp/Tactile/3.jpeg","","Lamp","https://tactileeval.s3.us-east-1.amazonaws.com/family_datasets/Furniture_and_Structures/Lamp/Natural/4.jpg","https://tactileeval.s3.us-east-1.amazonaws.com/family_datasets/Furniture_and_Structures/Lamp/Tactile/4.jpeg","","Lamp","https://tactileeval.s3.us-east-1.amazonaws.com/family_datasets/Furniture_and_Structures/Lamp/Natural/5.jpg","https://tactileeval.s3.us-east-1.amazonaws.com/family_datasets/Furniture_and_Structures/Lamp/Tactile/5.jpeg","","Lamp","https://tactileeval.s3.us-east-1.amazonaws.com/family_datasets/Furniture_and_Structures/Lamp/Natural/6.png","https://tactileeval.s3.us-east-1.amazonaws.com/family_datasets/Furniture_and_Structures/Lamp/Tactile/6.jpeg","","Lamp","https://tactileeval.s3.us-east-1.amazonaws.com/family_datasets/Furniture_and_Structures/Lamp/Natural/7_refined.jpg","https://tactileeval.s3.us-east-1.amazonaws.com/family_datasets/Furniture_and_Structures/Lamp/Tactile/7_refined.png","","Lamp","https://tactileeval.s3.us-east-1.amazonaws.com/family_datasets/Furniture_and_Structures/Lamp/Natural/8.jpg","https://tactileeval.s3.us-east-1.amazonaws.com/family_datasets/Furniture_and_Structures/Lamp/Tactile/8.jpeg","","Lamp","https://tactileeval.s3.us-east-1.amazonaws.com/family_datasets/Furniture_and_Structures/Lamp/Natural/9.jpg","https://tactileeval.s3.us-east-1.amazonaws.com/family_datasets/Furniture_and_Structures/Lamp/Tactile/9.jpeg","","Lamp","https://tactileeval.s3.us-east-1.amazonaws.com/family_datasets/Furniture_and_Structures/Lamp/Natural/10.png","https://tactileeval.s3.us-east-1.amazonaws.com/family_datasets/Furniture_and_Structures/Lamp/Tactile/10.jpeg","","","","","","[{""question1"":{""orientation_match"":true,""view_frontal"":true,""view_perspective"":false,""view_side"":false,""view_top"":false},""question10"":{""orientation_match"":true,""view_frontal"":true,""view_perspective"":false,""view_side"":false,""view_top"":false},""question2"":{""orientation_match"":true,""view_frontal"":true,""view_perspective"":false,""view_side"":false,""view_top"":false},""question3"":{""orientation_match"":true,""view_frontal"":false,""view_perspective"":false,""view_side"":true,""view_top"":false},""question4"":{""orientation_match"":true,""view_frontal"":true,""view_perspective"":false,""view_side"":false,""view_top"":false},""question5"":{""orientation_match"":true,""view_frontal"":true,""view_perspective"":false,""view_side"":false,""view_top"":false},""question6"":{""orientation_match"":true,""view_frontal"":false,""view_perspective"":false,""view_side"":true,""view_top"":false},""question7"":{""orientation_match"":true,""view_frontal"":false,""view_perspective"":false,""view_side"":true,""view_top"":false},""question8"":{""orientation_match"":true,""view_frontal"":false,""view_perspective"":false,""view_side"":true,""view_top"":false},""question9"":{""orientation_match"":true,""view_frontal"":true,""view_perspective"":false,""view_side"":false,""view_top"":false}}]"
"3QD8LUVX5PC9QB35TIFQJPS1HTP5XN","3XYCBL6ZT49TLP62BHCL6Q0M8862SH","Categorize images based on view.","Review 10 line-arts and judge if it has same or different views. Identify view for each tactile. (10 pairs)","tactile, image review, accessibility, furniture and structures","$0.08","Sat Apr 18 18:45:45 PDT 2026","7","BatchId:5385947;OriginalHitTemplateId:928390873;","1800","1296000","Sat Apr 25 18:45:45 PDT 2026","","","352YTHGRPORWUMXJ0BJVZVUMXBV4H7","A3UD3Z0MVKSLF3","Submitted","Sat Apr 18 18:52:11 PDT 2026","Sat Apr 18 18:53:06 PDT 2026","Sun May 03 18:53:06 PDT 2026","","","","55","92% (77/84)","0% (0/0)","0% (0/0)","Lamp","https://tactileeval.s3.us-east-1.amazonaws.com/family_datasets/Furniture_and_Structures/Lamp/Natural/2.jpg","https://tactileeval.s3.us-east-1.amazonaws.com/family_datasets/Furniture_and_Structures/Lamp/Tactile/2.jpeg","","Lamp","https://tactileeval.s3.us-east-1.amazonaws.com/family_datasets/Furniture_and_Structures/Lamp/Natural/3.jpg","https://tactileeval.s3.us-east-1.amazonaws.com/family_datasets/Furniture_and_Structures/Lamp/Tactile/3.jpeg","","Lamp","https://tactileeval.s3.us-east-1.amazonaws.com/family_datasets/Furniture_and_Structures/Lamp/Natural/4.jpg","https://tactileeval.s3.us-east-1.amazonaws.com/family_datasets/Furniture_and_Structures/Lamp/Tactile/4.jpeg","","Lamp","https://tactileeval.s3.us-east-1.amazonaws.com/family_datasets/Furniture_and_Structures/Lamp/Natural/5.jpg","https://tactileeval.s3.us-east-1.amazonaws.com/family_datasets/Furniture_and_Structures/Lamp/Tactile/5.jpeg","","Lamp","https://tactileeval.s3.us-east-1.amazonaws.com/family_datasets/Furniture_and_Structures/Lamp/Natural/6.png","https://tactileeval.s3.us-east-1.amazonaws.com/family_datasets/Furniture_and_Structures/Lamp/Tactile/6.jpeg","","Lamp","https://tactileeval.s3.us-east-1.amazonaws.com/family_datasets/Furniture_and_Structures/Lamp/Natural/7_refined.jpg","https://tactileeval.s3.us-east-1.amazonaws.com/family_datasets/Furniture_and_Structures/Lamp/Tactile/7_refined.png","","Lamp","https://tactileeval.s3.us-east-1.amazonaws.com/family_datasets/Furniture_and_Structures/Lamp/Natural/8.jpg","https://tactileeval.s3.us-east-1.amazonaws.com/family_datasets/Furniture_and_Structures/Lamp/Tactile/8.jpeg","","Lamp","https://tactileeval.s3.us-east-1.amazonaws.com/family_datasets/Furniture_and_Structures/Lamp/Natural/9.jpg","https://tactileeval.s3.us-east-1.amazonaws.com/family_datasets/Furniture_and_Structures/Lamp/Tactile/9.jpeg","","Lamp","https://tactileeval.s3.us-east-1.amazonaws.com/family_datasets/Furniture_and_Structures/Lamp/Natural/10.png","https://tactileeval.s3.us-east-1.amazonaws.com/family_datasets/Furniture_and_Structures/Lamp/Tactile/10.jpeg","","","","","","[{""question1"":{""orientation_match"":true,""view_frontal"":false,""view_perspective"":false,""view_side"":false,""view_top"":true},""question10"":{""orientation_match"":false,""view_frontal"":true,""view_perspective"":false,""view_side"":false,""view_top"":false},""question2"":{""orientation_match"":false,""view_frontal"":false,""view_perspective"":false,""view_side"":false,""view_top"":true},""question3"":{""orientation_match"":false,""view_frontal"":false,""view_perspective"":false,""view_side"":true,""view_top"":false},""question4"":{""orientation_match"":false,""view_frontal"":true,""view_perspective"":false,""view_side"":false,""view_top"":false},""question5"":{""orientation_match"":true,""view_frontal"":false,""view_perspective"":false,""view_side"":false,""view_top"":false},""question6"":{""orientation_match"":false,""view_frontal"":false,""view_perspective"":true,""view_side"":false,""view_top"":false},""question7"":{""orientation_match"":true,""view_frontal"":true,""view_perspective"":false,""view_side"":false,""view_top"":false},""question8"":{""orientation_match"":false,""view_frontal"":true,""view_perspective"":false,""view_side"":false,""view_top"":false},""question9"":{""orientation_match"":false,""view_frontal"":false,""view_perspective"":false,""view_side"":false,""view_top"":true}}]"
"3QD8LUVX5PC9QB35TIFQJPS1HTP5XN","3XYCBL6ZT49TLP62BHCL6Q0M8862SH","Categorize images based on view.","Review 10 line-arts and judge if it has same or different views. Identify view for each tactile. (10 pairs)","tactile, image review, accessibility, furniture and structures","$0.08","Sat Apr 18 18:45:45 PDT 2026","7","BatchId:5385947;OriginalHitTemplateId:928390873;","1800","1296000","Sat Apr 25 18:45:45 PDT 2026","","","38F71OA9HMASKGVJBPVRI4Z93NIFMU","ARSYPIB62OGI8","Submitted","Sat Apr 18 19:58:13 PDT 2026","Sat Apr 18 20:21:07 PDT 2026","Sun May 03 20:21:07 PDT 2026","","","","1374","0% (0/0)","0% (0/0)","0% (0/0)","Lamp","https://tactileeval.s3.us-east-1.amazonaws.com/family_datasets/Furniture_and_Structures/Lamp/Natural/2.jpg","https://tactileeval.s3.us-east-1.amazonaws.com/family_datasets/Furniture_and_Structures/Lamp/Tactile/2.jpeg","","Lamp","https://tactileeval.s3.us-east-1.amazonaws.com/family_datasets/Furniture_and_Structures/Lamp/Natural/3.jpg","https://tactileeval.s3.us-east-1.amazonaws.com/family_datasets/Furniture_and_Structures/Lamp/Tactile/3.jpeg","","Lamp","https://tactileeval.s3.us-east-1.amazonaws.com/family_datasets/Furniture_and_Structures/Lamp/Natural/4.jpg","https://tactileeval.s3.us-east-1.amazonaws.com/family_datasets/Furniture_and_Structures/Lamp/Tactile/4.jpeg","","Lamp","https://tactileeval.s3.us-east-1.amazonaws.com/family_datasets/Furniture_and_Structures/Lamp/Natural/5.jpg","https://tactileeval.s3.us-east-1.amazonaws.com/family_datasets/Furniture_and_Structures/Lamp/Tactile/5.jpeg","","Lamp","https://tactileeval.s3.us-east-1.amazonaws.com/family_datasets/Furniture_and_Structures/Lamp/Natural/6.png","https://tactileeval.s3.us-east-1.amazonaws.com/family_datasets/Furniture_and_Structures/Lamp/Tactile/6.jpeg","","Lamp","https://tactileeval.s3.us-east-1.amazonaws.com/family_datasets/Furniture_and_Structures/Lamp/Natural/7_refined.jpg","https://tactileeval.s3.us-east-1.amazonaws.com/family_datasets/Furniture_and_Structures/Lamp/Tactile/7_refined.png","","Lamp","https://tactileeval.s3.us-east-1.amazonaws.com/family_datasets/Furniture_and_Structures/Lamp/Natural/8.jpg","https://tactileeval.s3.us-east-1.amazonaws.com/family_datasets/Furniture_and_Structures/Lamp/Tactile/8.jpeg","","Lamp","https://tactileeval.s3.us-east-1.amazonaws.com/family_datasets/Furniture_and_Structures/Lamp/Natural/9.jpg","https://tactileeval.s3.us-east-1.amazonaws.com/family_datasets/Furniture_and_Structures/Lamp/Tactile/9.jpeg","","Lamp","https://tactileeval.s3.us-east-1.amazonaws.com/family_datasets/Furniture_and_Structures/Lamp/Natural/10.png","https://tactileeval.s3.us-east-1.amazonaws.com/family_datasets/Furniture_and_Structures/Lamp/Tactile/10.jpeg","","","","","","[{""question1"":{""orientation_match"":false,""view_frontal"":true,""view_perspective"":false,""view_side"":false,""view_top"":false},""question10"":{""orientation_match"":true,""view_frontal"":false,""view_perspective"":false,""view_side"":false,""view_top"":false},""question2"":{""orientation_match"":true,""view_frontal"":true,""view_perspective"":false,""view_side"":false,""view_top"":false},""question3"":{""orientation_match"":true,""view_frontal"":false,""view_perspective"":false,""view_side"":true,""view_top"":false},""question4"":{""orientation_match"":true,""view_frontal"":true,""view_perspective"":false,""view_side"":false,""view_top"":false},""question5"":{""orientation_match"":false,""view_frontal"":true,""view_perspective"":false,""view_side"":false,""view_top"":false},""question6"":{""orientation_match"":true,""view_frontal"":false,""view_perspective"":false,""view_side"":true,""view_top"":false},""question7"":{""orientation_match"":true,""view_frontal"":false,""view_perspective"":false,""view_side"":true,""view_top"":false},""question8"":{""orientation_match"":false,""view_frontal"":false,""view_perspective"":false,""view_side"":true,""view_top"":false},""question9"":{""orientation_match"":true,""view_frontal"":true,""view_perspective"":false,""view_side"":false,""view_top"":false}}]"
"3QD8LUVX5PC9QB35TIFQJPS1HTP5XN","3XYCBL6ZT49TLP62BHCL6Q0M8862SH","Categorize images based on view.","Review 10 line-arts and judge if it has same or different views. Identify view for each tactile. (10 pairs)","tactile, image review, accessibility, furniture and structures","$0.08","Sat Apr 18 18:45:45 PDT 2026","7","BatchId:5385947;OriginalHitTemplateId:928390873;","1800","1296000","Sat Apr 25 18:45:45 PDT 2026","","","3COPXFW7Y4Q9L5KA4GEGFLL9GO9KPW","A1RQST9UG72B9D","Submitted","Sat Apr 18 19:47:11 PDT 2026","Sat Apr 18 19:50:42 PDT 2026","Sun May 03 19:50:42 PDT 2026","","","","211","0% (0/0)","0% (0/0)","0% (0/0)","Lamp","https://tactileeval.s3.us-east-1.amazonaws.com/family_datasets/Furniture_and_Structures/Lamp/Natural/2.jpg","https://tactileeval.s3.us-east-1.amazonaws.com/family_datasets/Furniture_and_Structures/Lamp/Tactile/2.jpeg","","Lamp","https://tactileeval.s3.us-east-1.amazonaws.com/family_datasets/Furniture_and_Structures/Lamp/Natural/3.jpg","https://tactileeval.s3.us-east-1.amazonaws.com/family_datasets/Furniture_and_Structures/Lamp/Tactile/3.jpeg","","Lamp","https://tactileeval.s3.us-east-1.amazonaws.com/family_datasets/Furniture_and_Structures/Lamp/Natural/4.jpg","https://tactileeval.s3.us-east-1.amazonaws.com/family_datasets/Furniture_and_Structures/Lamp/Tactile/4.jpeg","","Lamp","https://tactileeval.s3.us-east-1.amazonaws.com/family_datasets/Furniture_and_Structures/Lamp/Natural/5.jpg","https://tactileeval.s3.us-east-1.amazonaws.com/family_datasets/Furniture_and_Structures/Lamp/Tactile/5.jpeg","","Lamp","https://tactileeval.s3.us-east-1.amazonaws.com/family_datasets/Furniture_and_Structures/Lamp/Natural/6.png","https://tactileeval.s3.us-east-1.amazonaws.com/family_datasets/Furniture_and_Structures/Lamp/Tactile/6.jpeg","","Lamp","https://tactileeval.s3.us-east-1.amazonaws.com/family_datasets/Furniture_and_Structures/Lamp/Natural/7_refined.jpg","https://tactileeval.s3.us-east-1.amazonaws.com/family_datasets/Furniture_and_Structures/Lamp/Tactile/7_refined.png","","Lamp","https://tactileeval.s3.us-east-1.amazonaws.com/family_datasets/Furniture_and_Structures/Lamp/Natural/8.jpg","https://tactileeval.s3.us-east-1.amazonaws.com/family_datasets/Furniture_and_Structures/Lamp/Tactile/8.jpeg","","Lamp","https://tactileeval.s3.us-east-1.amazonaws.com/family_datasets/Furniture_and_Structures/Lamp/Natural/9.jpg","https://tactileeval.s3.us-east-1.amazonaws.com/family_datasets/Furniture_and_Structures/Lamp/Tactile/9.jpeg","","Lamp","https://tactileeval.s3.us-east-1.amazonaws.com/family_datasets/Furniture_and_Structures/Lamp/Natural/10.png","https://tactileeval.s3.us-east-1.amazonaws.com/family_datasets/Furniture_and_Structures/Lamp/Tactile/10.jpeg","","","","","","[{""question1"":{""orientation_match"":true,""view_frontal"":false,""view_perspective"":true,""view_side"":false,""view_top"":false},""question10"":{""orientation_match"":true,""view_frontal"":true,""view_perspective"":false,""view_side"":false,""view_top"":false},""question2"":{""orientation_match"":true,""view_frontal"":false,""view_perspective"":false,""view_side"":true,""view_top"":false},""question3"":{""orientation_match"":true,""view_frontal"":false,""view_perspective"":false,""view_side"":true,""view_top"":false},""question4"":{""orientation_match"":true,""view_frontal"":false,""view_perspective"":false,""view_side"":true,""view_top"":false},""question5"":{""orientation_match"":false,""view_frontal"":false,""view_perspective"":true,""view_side"":false,""view_top"":false},""question6"":{""orientation_match"":true,""view_frontal"":false,""view_perspective"":true,""view_side"":false,""view_top"":false},""question7"":{""orientation_match"":true,""view_frontal"":false,""view_perspective"":true,""view_side"":false,""view_top"":false},""question8"":{""orientation_match"":false,""view_frontal"":false,""view_perspective"":false,""view_side"":true,""view_top"":false},""question9"":{""orientation_match"":true,""view_frontal"":true,""view_perspective"":false,""view_side"":false,""view_top"":false}}]"
"3QD8LUVX5PC9QB35TIFQJPS1HTP5XN","3XYCBL6ZT49TLP62BHCL6Q0M8862SH","Categorize images based on view.","Review 10 line-arts and judge if it has same or different views. Identify view for each tactile. (10 pairs)","tactile, image review, accessibility, furniture and structures","$0.08","Sat Apr 18 18:45:45 PDT 2026","7","BatchId:5385947;OriginalHitTemplateId:928390873;","1800","1296000","Sat Apr 25 18:45:45 PDT 2026","","","3F0BG9B9NI1FZ45RC9LQO79ZE9LY77","A16TN9IF4J115Q","Submitted","Sat Apr 18 22:53:43 PDT 2026","Sat Apr 18 23:15:36 PDT 2026","Sun May 03 23:15:36 PDT 2026","","","","1313","0% (0/0)","0% (0/0)","0% (0/0)","Lamp","https://tactileeval.s3.us-east-1.amazonaws.com/family_datasets/Furniture_and_Structures/Lamp/Natural/2.jpg","https://tactileeval.s3.us-east-1.amazonaws.com/family_datasets/Furniture_and_Structures/Lamp/Tactile/2.jpeg","","Lamp","https://tactileeval.s3.us-east-1.amazonaws.com/family_datasets/Furniture_and_Structures/Lamp/Natural/3.jpg","https://tactileeval.s3.us-east-1.amazonaws.com/family_datasets/Furniture_and_Structures/Lamp/Tactile/3.jpeg","","Lamp","https://tactileeval.s3.us-east-1.amazonaws.com/family_datasets/Furniture_and_Structures/Lamp/Natural/4.jpg","https://tactileeval.s3.us-east-1.amazonaws.com/family_datasets/Furniture_and_Structures/Lamp/Tactile/4.jpeg","","Lamp","https://tactileeval.s3.us-east-1.amazonaws.com/family_datasets/Furniture_and_Structures/Lamp/Natural/5.jpg","https://tactileeval.s3.us-east-1.amazonaws.com/family_datasets/Furniture_and_Structures/Lamp/Tactile/5.jpeg","","Lamp","https://tactileeval.s3.us-east-1.amazonaws.com/family_datasets/Furniture_and_Structures/Lamp/Natural/6.png","https://tactileeval.s3.us-east-1.amazonaws.com/family_datasets/Furniture_and_Structures/Lamp/Tactile/6.jpeg","","Lamp","https://tactileeval.s3.us-east-1.amazonaws.com/family_datasets/Furniture_and_Structures/Lamp/Natural/7_refined.jpg","https://tactileeval.s3.us-east-1.amazonaws.com/family_datasets/Furniture_and_Structures/Lamp/Tactile/7_refined.png","","Lamp","https://tactileeval.s3.us-east-1.amazonaws.com/family_datasets/Furniture_and_Structures/Lamp/Natural/8.jpg","https://tactileeval.s3.us-east-1.amazonaws.com/family_datasets/Furniture_and_Structures/Lamp/Tactile/8.jpeg","","Lamp","https://tactileeval.s3.us-east-1.amazonaws.com/family_datasets/Furniture_and_Structures/Lamp/Natural/9.jpg","https://tactileeval.s3.us-east-1.amazonaws.com/family_datasets/Furniture_and_Structures/Lamp/Tactile/9.jpeg","","Lamp","https://tactileeval.s3.us-east-1.amazonaws.com/family_datasets/Furniture_and_Structures/Lamp/Natural/10.png","https://tactileeval.s3.us-east-1.amazonaws.com/family_datasets/Furniture_and_Structures/Lamp/Tactile/10.jpeg","","","","","","[{""question1"":{""orientation_match"":true,""view_frontal"":true,""view_perspective"":false,""view_side"":false,""view_top"":false},""question10"":{""orientation_match"":false,""view_frontal"":false,""view_perspective"":true,""view_side"":false,""view_top"":false},""question2"":{""orientation_match"":true,""view_frontal"":true,""view_perspective"":false,""view_side"":false,""view_top"":false},""question3"":{""orientation_match"":true,""view_frontal"":false,""view_perspective"":false,""view_side"":true,""view_top"":false},""question4"":{""orientation_match"":true,""view_frontal"":true,""view_perspective"":false,""view_side"":false,""view_top"":false},""question5"":{""orientation_match"":false,""view_frontal"":false,""view_perspective"":false,""view_side"":false,""view_top"":true},""question6"":{""orientation_match"":false,""view_frontal"":false,""view_perspective"":false,""view_side"":true,""view_top"":false},""question7"":{""orientation_match"":false,""view_frontal"":false,""view_perspective"":false,""view_side"":true,""view_top"":false},""question8"":{""orientation_match"":false,""view_frontal"":false,""view_perspective"":false,""view_side"":true,""view_top"":false},""question9"":{""orientation_match"":false,""view_frontal"":true,""view_perspective"":false,""view_side"":false,""view_top"":false}}]"
"3QD8LUVX5PC9QB35TIFQJPS1HTP5XN","3XYCBL6ZT49TLP62BHCL6Q0M8862SH","Categorize images based on view.","Review 10 line-arts and judge if it has same or different views. Identify view for each tactile. (10 pairs)","tactile, image review, accessibility, furniture and structures","$0.08","Sat Apr 18 18:45:45 PDT 2026","7","BatchId:5385947;OriginalHitTemplateId:928390873;","1800","1296000","Sat Apr 25 18:45:45 PDT 2026","","","3GFK2QRXY2VWNVW89FO55QANCVF5WP","AA1IM0SAQ3XFM","Submitted","Sat Apr 18 19:07:27 PDT 2026","Sat Apr 18 19:09:18 PDT 2026","Sun May 03 19:09:18 PDT 2026","","","","111","0% (0/0)","0% (0/0)","0% (0/0)","Lamp","https://tactileeval.s3.us-east-1.amazonaws.com/family_datasets/Furniture_and_Structures/Lamp/Natural/2.jpg","https://tactileeval.s3.us-east-1.amazonaws.com/family_datasets/Furniture_and_Structures/Lamp/Tactile/2.jpeg","","Lamp","https://tactileeval.s3.us-east-1.amazonaws.com/family_datasets/Furniture_and_Structures/Lamp/Natural/3.jpg","https://tactileeval.s3.us-east-1.amazonaws.com/family_datasets/Furniture_and_Structures/Lamp/Tactile/3.jpeg","","Lamp","https://tactileeval.s3.us-east-1.amazonaws.com/family_datasets/Furniture_and_Structures/Lamp/Natural/4.jpg","https://tactileeval.s3.us-east-1.amazonaws.com/family_datasets/Furniture_and_Structures/Lamp/Tactile/4.jpeg","","Lamp","https://tactileeval.s3.us-east-1.amazonaws.com/family_datasets/Furniture_and_Structures/Lamp/Natural/5.jpg","https://tactileeval.s3.us-east-1.amazonaws.com/family_datasets/Furniture_and_Structures/Lamp/Tactile/5.jpeg","","Lamp","https://tactileeval.s3.us-east-1.amazonaws.com/family_datasets/Furniture_and_Structures/Lamp/Natural/6.png","https://tactileeval.s3.us-east-1.amazonaws.com/family_datasets/Furniture_and_Structures/Lamp/Tactile/6.jpeg","","Lamp","https://tactileeval.s3.us-east-1.amazonaws.com/family_datasets/Furniture_and_Structures/Lamp/Natural/7_refined.jpg","https://tactileeval.s3.us-east-1.amazonaws.com/family_datasets/Furniture_and_Structures/Lamp/Tactile/7_refined.png","","Lamp","https://tactileeval.s3.us-east-1.amazonaws.com/family_datasets/Furniture_and_Structures/Lamp/Natural/8.jpg","https://tactileeval.s3.us-east-1.amazonaws.com/family_datasets/Furniture_and_Structures/Lamp/Tactile/8.jpeg","","Lamp","https://tactileeval.s3.us-east-1.amazonaws.com/family_datasets/Furniture_and_Structures/Lamp/Natural/9.jpg","https://tactileeval.s3.us-east-1.amazonaws.com/family_datasets/Furniture_and_Structures/Lamp/Tactile/9.jpeg","","Lamp","https://tactileeval.s3.us-east-1.amazonaws.com/family_datasets/Furniture_and_Structures/Lamp/Natural/10.png","https://tactileeval.s3.us-east-1.amazonaws.com/family_datasets/Furniture_and_Structures/Lamp/Tactile/10.jpeg","","","","","","[{""question1"":{""orientation_match"":false,""view_frontal"":true,""view_perspective"":false,""view_side"":false,""view_top"":false},""question10"":{""orientation_match"":false,""view_frontal"":true,""view_perspective"":false,""view_side"":false,""view_top"":false},""question2"":{""orientation_match"":true,""view_frontal"":true,""view_perspective"":false,""view_side"":false,""view_top"":false},""question3"":{""orientation_match"":true,""view_frontal"":false,""view_perspective"":false,""view_side"":true,""view_top"":false},""question4"":{""orientation_match"":true,""view_frontal"":true,""view_perspective"":false,""view_side"":false,""view_top"":false},""question5"":{""orientation_match"":false,""view_frontal"":true,""view_perspective"":false,""view_side"":false,""view_top"":false},""question6"":{""orientation_match"":true,""view_frontal"":false,""view_perspective"":true,""view_side"":false,""view_top"":false},""question7"":{""orientation_match"":true,""view_frontal"":false,""view_perspective"":true,""view_side"":false,""view_top"":false},""question8"":{""orientation_match"":true,""view_frontal"":false,""view_perspective"":false,""view_side"":true,""view_top"":false},""question9"":{""orientation_match"":true,""view_frontal"":true,""view_perspective"":false,""view_side"":false,""view_top"":false}}]"
"3QD8LUVX5PC9QB35TIFQJPS1HTP5XN","3XYCBL6ZT49TLP62BHCL6Q0M8862SH","Categorize images based on view.","Review 10 line-arts and judge if it has same or different views. Identify view for each tactile. (10 pairs)","tactile, image review, accessibility, furniture and structures","$0.08","Sat Apr 18 18:45:45 PDT 2026","7","BatchId:5385947;OriginalHitTemplateId:928390873;","1800","1296000","Sat Apr 25 18:45:45 PDT 2026","","","3NL0RFNU181NWCYR6WMSCNAEPS3K4V","A3404IIFIN1T2H","Submitted","Sat Apr 18 18:58:00 PDT 2026","Sat Apr 18 19:01:07 PDT 2026","Sun May 03 19:01:07 PDT 2026","","","","187","94% (100/106)","0% (0/0)","0% (0/0)","Lamp","https://tactileeval.s3.us-east-1.amazonaws.com/family_datasets/Furniture_and_Structures/Lamp/Natural/2.jpg","https://tactileeval.s3.us-east-1.amazonaws.com/family_datasets/Furniture_and_Structures/Lamp/Tactile/2.jpeg","","Lamp","https://tactileeval.s3.us-east-1.amazonaws.com/family_datasets/Furniture_and_Structures/Lamp/Natural/3.jpg","https://tactileeval.s3.us-east-1.amazonaws.com/family_datasets/Furniture_and_Structures/Lamp/Tactile/3.jpeg","","Lamp","https://tactileeval.s3.us-east-1.amazonaws.com/family_datasets/Furniture_and_Structures/Lamp/Natural/4.jpg","https://tactileeval.s3.us-east-1.amazonaws.com/family_datasets/Furniture_and_Structures/Lamp/Tactile/4.jpeg","","Lamp","https://tactileeval.s3.us-east-1.amazonaws.com/family_datasets/Furniture_and_Structures/Lamp/Natural/5.jpg","https://tactileeval.s3.us-east-1.amazonaws.com/family_datasets/Furniture_and_Structures/Lamp/Tactile/5.jpeg","","Lamp","https://tactileeval.s3.us-east-1.amazonaws.com/family_datasets/Furniture_and_Structures/Lamp/Natural/6.png","https://tactileeval.s3.us-east-1.amazonaws.com/family_datasets/Furniture_and_Structures/Lamp/Tactile/6.jpeg","","Lamp","https://tactileeval.s3.us-east-1.amazonaws.com/family_datasets/Furniture_and_Structures/Lamp/Natural/7_refined.jpg","https://tactileeval.s3.us-east-1.amazonaws.com/family_datasets/Furniture_and_Structures/Lamp/Tactile/7_refined.png","","Lamp","https://tactileeval.s3.us-east-1.amazonaws.com/family_datasets/Furniture_and_Structures/Lamp/Natural/8.jpg","https://tactileeval.s3.us-east-1.amazonaws.com/family_datasets/Furniture_and_Structures/Lamp/Tactile/8.jpeg","","Lamp","https://tactileeval.s3.us-east-1.amazonaws.com/family_datasets/Furniture_and_Structures/Lamp/Natural/9.jpg","https://tactileeval.s3.us-east-1.amazonaws.com/family_datasets/Furniture_and_Structures/Lamp/Tactile/9.jpeg","","Lamp","https://tactileeval.s3.us-east-1.amazonaws.com/family_datasets/Furniture_and_Structures/Lamp/Natural/10.png","https://tactileeval.s3.us-east-1.amazonaws.com/family_datasets/Furniture_and_Structures/Lamp/Tactile/10.jpeg","","","","","","[{""question1"":{""orientation_match"":false,""view_frontal"":true,""view_perspective"":false,""view_side"":false,""view_top"":false},""question10"":{""orientation_match"":true,""view_frontal"":false,""view_perspective"":false,""view_side"":false,""view_top"":false},""question2"":{""orientation_match"":false,""view_frontal"":true,""view_perspective"":false,""view_side"":false,""view_top"":false},""question3"":{""orientation_match"":false,""view_frontal"":false,""view_perspective"":false,""view_side"":true,""view_top"":false},""question4"":{""orientation_match"":false,""view_frontal"":true,""view_perspective"":false,""view_side"":false,""view_top"":false},""question5"":{""orientation_match"":false,""view_frontal"":true,""view_perspective"":false,""view_side"":false,""view_top"":false},""question6"":{""orientation_match"":false,""view_frontal"":false,""view_perspective"":false,""view_side"":true,""view_top"":false},""question7"":{""orientation_match"":true,""view_frontal"":false,""view_perspective"":false,""view_side"":false,""view_top"":false},""question8"":{""orientation_match"":false,""view_frontal"":false,""view_perspective"":false,""view_side"":true,""view_top"":false},""question9"":{""orientation_match"":false,""view_frontal"":true,""view_perspective"":false,""view_side"":false,""view_top"":false}}]"