"HITId","HITTypeId","Title","Description","Keywords","Reward","CreationTime","MaxAssignments","RequesterAnnotation","AssignmentDurationInSeconds","AutoApprovalDelayInSeconds","Expiration","NumberOfSimilarHITs","LifetimeInSeconds","AssignmentId","WorkerId","AssignmentStatus","AcceptTime","SubmitTime","AutoApprovalTime","ApprovalTime","RejectionTime","RequesterFeedback","WorkTimeInSeconds","LifetimeApprovalRate","Last30DaysApprovalRate","Last7DaysApprovalRate","Input.q1_name","Input.q1_natural_url","Input.q1_tactile_url","Input.q1_answer","Input.q2_name","Input.q2_natural_url","Input.q2_tactile_url","Input.q2_answer","Input.q3_name","Input.q3_natural_url","Input.q3_tactile_url","Input.q3_answer","Input.q4_name","Input.q4_natural_url","Input.q4_tactile_url","Input.q4_answer","Input.q5_name","Input.q5_natural_url","Input.q5_tactile_url","Input.q5_answer","Input.q6_name","Input.q6_natural_url","Input.q6_tactile_url","Input.q6_answer","Input.q7_name","Input.q7_natural_url","Input.q7_tactile_url","Input.q7_answer","Input.q8_name","Input.q8_natural_url","Input.q8_tactile_url","Input.q8_answer","Input.q9_name","Input.q9_natural_url","Input.q9_tactile_url","Input.q9_answer","Input.q10_name","Input.q10_natural_url","Input.q10_tactile_url","Input.q10_answer","Answer.taskAnswers","Approve","Reject"
"3G4VVJO6QRU7ZLMHEE9FR1PGCKAKPY","399RPY0FFT5L4AXNGQM3UDNAXJBMKC","Categorize images based on background and posture.","Review 10 line-arts and judge if it has adequate background and configuration. (10 pairs)","tactile, image review, accessibility, tools and appliances","$0.08","Sat Apr 18 05:57:39 PDT 2026","7","BatchId:5385897;OriginalHitTemplateId:928390873;","1200","1296000","Sat Apr 25 05:57:39 PDT 2026","","","3Z7EFSHGO2SWBGADYU7ZLFU4DCFXCM","A1KXF2L2ZGQXJK","Submitted","Sat Apr 18 07:37:36 PDT 2026","Sat Apr 18 07:38:24 PDT 2026","Sun May 03 07:38:24 PDT 2026","","","","48","0% (0/0)","0% (0/0)","0% (0/0)","Camera","https://tactileeval.s3.us-east-1.amazonaws.com/family_datasets/Tools_Instruments_and_Appliances/Camera/Natural/1_Camera.jpg","https://tactileeval.s3.us-east-1.amazonaws.com/family_datasets/Tools_Instruments_and_Appliances/Camera/Tactile/1.jpg","","Camera","https://tactileeval.s3.us-east-1.amazonaws.com/family_datasets/Tools_Instruments_and_Appliances/Camera/Natural/2_Camera.jpeg","https://tactileeval.s3.us-east-1.amazonaws.com/family_datasets/Tools_Instruments_and_Appliances/Camera/Tactile/2.jpg","","Camera","https://tactileeval.s3.us-east-1.amazonaws.com/family_datasets/Tools_Instruments_and_Appliances/Camera/Natural/3_Camera.jpeg","https://tactileeval.s3.us-east-1.amazonaws.com/family_datasets/Tools_Instruments_and_Appliances/Camera/Tactile/3.jpg","","Camera","https://tactileeval.s3.us-east-1.amazonaws.com/family_datasets/Tools_Instruments_and_Appliances/Camera/Natural/4_Camera.jpeg","https://tactileeval.s3.us-east-1.amazonaws.com/family_datasets/Tools_Instruments_and_Appliances/Camera/Tactile/4.jpg","","Camera","https://tactileeval.s3.us-east-1.amazonaws.com/family_datasets/Tools_Instruments_and_Appliances/Camera/Natural/5_Camera.jpeg","https://tactileeval.s3.us-east-1.amazonaws.com/family_datasets/Tools_Instruments_and_Appliances/Camera/Tactile/5.jpg","","Camera","https://tactileeval.s3.us-east-1.amazonaws.com/family_datasets/Tools_Instruments_and_Appliances/Camera/Natural/6_Camera.jpeg","https://tactileeval.s3.us-east-1.amazonaws.com/family_datasets/Tools_Instruments_and_Appliances/Camera/Tactile/6.jpg","","Camera","https://tactileeval.s3.us-east-1.amazonaws.com/family_datasets/Tools_Instruments_and_Appliances/Camera/Natural/7_Camera.jpeg","https://tactileeval.s3.us-east-1.amazonaws.com/family_datasets/Tools_Instruments_and_Appliances/Camera/Tactile/7.jpg","","Camera","https://tactileeval.s3.us-east-1.amazonaws.com/family_datasets/Tools_Instruments_and_Appliances/Camera/Natural/8_Camera.jpeg","https://tactileeval.s3.us-east-1.amazonaws.com/family_datasets/Tools_Instruments_and_Appliances/Camera/Tactile/8.jpg","","Camera","https://tactileeval.s3.us-east-1.amazonaws.com/family_datasets/Tools_Instruments_and_Appliances/Camera/Natural/9_Camera.jpeg","https://tactileeval.s3.us-east-1.amazonaws.com/family_datasets/Tools_Instruments_and_Appliances/Camera/Tactile/9.jpg","","Camera","https://tactileeval.s3.us-east-1.amazonaws.com/family_datasets/Tools_Instruments_and_Appliances/Camera/Natural/10_Camera.jpeg","https://tactileeval.s3.us-east-1.amazonaws.com/family_datasets/Tools_Instruments_and_Appliances/Camera/Tactile/10.jpg","","[{""question1"":{""background_clean"":true,""configuration_match"":true,""object_match"":false},""question10"":{""background_clean"":true,""configuration_match"":true,""object_match"":false},""question2"":{""background_clean"":true,""configuration_match"":true,""object_match"":false},""question3"":{""background_clean"":true,""configuration_match"":true,""object_match"":false},""question4"":{""background_clean"":true,""configuration_match"":true,""object_match"":false},""question5"":{""background_clean"":true,""configuration_match"":true,""object_match"":false},""question6"":{""background_clean"":true,""configuration_match"":true,""object_match"":false},""question7"":{""background_clean"":true,""configuration_match"":true,""object_match"":false},""question8"":{""background_clean"":true,""configuration_match"":true,""object_match"":false},""question9"":{""background_clean"":true,""configuration_match"":true,""object_match"":false}}]"
"3G4VVJO6QRU7ZLMHEE9FR1PGCKAKPY","399RPY0FFT5L4AXNGQM3UDNAXJBMKC","Categorize images based on background and posture.","Review 10 line-arts and judge if it has adequate background and configuration. (10 pairs)","tactile, image review, accessibility, tools and appliances","$0.08","Sat Apr 18 05:57:39 PDT 2026","7","BatchId:5385897;OriginalHitTemplateId:928390873;","1200","1296000","Sat Apr 25 05:57:39 PDT 2026","","","32ZKVD548811LDBT054G3FZIOWE3BL","A3UPEZR0XSE052","Submitted","Sat Apr 18 07:33:35 PDT 2026","Sat Apr 18 07:45:19 PDT 2026","Sun May 03 07:45:19 PDT 2026","","","","704","50% (1/2)","0% (0/1)","0% (0/1)","Camera","https://tactileeval.s3.us-east-1.amazonaws.com/family_datasets/Tools_Instruments_and_Appliances/Camera/Natural/1_Camera.jpg","https://tactileeval.s3.us-east-1.amazonaws.com/family_datasets/Tools_Instruments_and_Appliances/Camera/Tactile/1.jpg","","Camera","https://tactileeval.s3.us-east-1.amazonaws.com/family_datasets/Tools_Instruments_and_Appliances/Camera/Natural/2_Camera.jpeg","https://tactileeval.s3.us-east-1.amazonaws.com/family_datasets/Tools_Instruments_and_Appliances/Camera/Tactile/2.jpg","","Camera","https://tactileeval.s3.us-east-1.amazonaws.com/family_datasets/Tools_Instruments_and_Appliances/Camera/Natural/3_Camera.jpeg","https://tactileeval.s3.us-east-1.amazonaws.com/family_datasets/Tools_Instruments_and_Appliances/Camera/Tactile/3.jpg","","Camera","https://tactileeval.s3.us-east-1.amazonaws.com/family_datasets/Tools_Instruments_and_Appliances/Camera/Natural/4_Camera.jpeg","https://tactileeval.s3.us-east-1.amazonaws.com/family_datasets/Tools_Instruments_and_Appliances/Camera/Tactile/4.jpg","","Camera","https://tactileeval.s3.us-east-1.amazonaws.com/family_datasets/Tools_Instruments_and_Appliances/Camera/Natural/5_Camera.jpeg","https://tactileeval.s3.us-east-1.amazonaws.com/family_datasets/Tools_Instruments_and_Appliances/Camera/Tactile/5.jpg","","Camera","https://tactileeval.s3.us-east-1.amazonaws.com/family_datasets/Tools_Instruments_and_Appliances/Camera/Natural/6_Camera.jpeg","https://tactileeval.s3.us-east-1.amazonaws.com/family_datasets/Tools_Instruments_and_Appliances/Camera/Tactile/6.jpg","","Camera","https://tactileeval.s3.us-east-1.amazonaws.com/family_datasets/Tools_Instruments_and_Appliances/Camera/Natural/7_Camera.jpeg","https://tactileeval.s3.us-east-1.amazonaws.com/family_datasets/Tools_Instruments_and_Appliances/Camera/Tactile/7.jpg","","Camera","https://tactileeval.s3.us-east-1.amazonaws.com/family_datasets/Tools_Instruments_and_Appliances/Camera/Natural/8_Camera.jpeg","https://tactileeval.s3.us-east-1.amazonaws.com/family_datasets/Tools_Instruments_and_Appliances/Camera/Tactile/8.jpg","","Camera","https://tactileeval.s3.us-east-1.amazonaws.com/family_datasets/Tools_Instruments_and_Appliances/Camera/Natural/9_Camera.jpeg","https://tactileeval.s3.us-east-1.amazonaws.com/family_datasets/Tools_Instruments_and_Appliances/Camera/Tactile/9.jpg","","Camera","https://tactileeval.s3.us-east-1.amazonaws.com/family_datasets/Tools_Instruments_and_Appliances/Camera/Natural/10_Camera.jpeg","https://tactileeval.s3.us-east-1.amazonaws.com/family_datasets/Tools_Instruments_and_Appliances/Camera/Tactile/10.jpg","","[{""question1"":{""background_clean"":true,""configuration_match"":true,""object_match"":false},""question10"":{""background_clean"":true,""configuration_match"":true,""object_match"":false},""question2"":{""background_clean"":true,""configuration_match"":true,""object_match"":false},""question3"":{""background_clean"":true,""configuration_match"":true,""object_match"":false},""question4"":{""background_clean"":true,""configuration_match"":true,""object_match"":false},""question5"":{""background_clean"":true,""configuration_match"":true,""object_match"":false},""question6"":{""background_clean"":true,""configuration_match"":true,""object_match"":false},""question7"":{""background_clean"":true,""configuration_match"":true,""object_match"":false},""question8"":{""background_clean"":true,""configuration_match"":true,""object_match"":false},""question9"":{""background_clean"":true,""configuration_match"":true,""object_match"":false}}]"
"3G4VVJO6QRU7ZLMHEE9FR1PGCKAKPY","399RPY0FFT5L4AXNGQM3UDNAXJBMKC","Categorize images based on background and posture.","Review 10 line-arts and judge if it has adequate background and configuration. (10 pairs)","tactile, image review, accessibility, tools and appliances","$0.08","Sat Apr 18 05:57:39 PDT 2026","7","BatchId:5385897;OriginalHitTemplateId:928390873;","1200","1296000","Sat Apr 25 05:57:39 PDT 2026","","","3X4MXAO0C92LSIU66M188RFJ4BIWR4","A2D07SVRO4UFVL","Submitted","Sat Apr 18 08:00:09 PDT 2026","Sat Apr 18 08:01:13 PDT 2026","Sun May 03 08:01:13 PDT 2026","","","","64","81% (22/27)","80% (20/25)","80% (20/25)","Camera","https://tactileeval.s3.us-east-1.amazonaws.com/family_datasets/Tools_Instruments_and_Appliances/Camera/Natural/1_Camera.jpg","https://tactileeval.s3.us-east-1.amazonaws.com/family_datasets/Tools_Instruments_and_Appliances/Camera/Tactile/1.jpg","","Camera","https://tactileeval.s3.us-east-1.amazonaws.com/family_datasets/Tools_Instruments_and_Appliances/Camera/Natural/2_Camera.jpeg","https://tactileeval.s3.us-east-1.amazonaws.com/family_datasets/Tools_Instruments_and_Appliances/Camera/Tactile/2.jpg","","Camera","https://tactileeval.s3.us-east-1.amazonaws.com/family_datasets/Tools_Instruments_and_Appliances/Camera/Natural/3_Camera.jpeg","https://tactileeval.s3.us-east-1.amazonaws.com/family_datasets/Tools_Instruments_and_Appliances/Camera/Tactile/3.jpg","","Camera","https://tactileeval.s3.us-east-1.amazonaws.com/family_datasets/Tools_Instruments_and_Appliances/Camera/Natural/4_Camera.jpeg","https://tactileeval.s3.us-east-1.amazonaws.com/family_datasets/Tools_Instruments_and_Appliances/Camera/Tactile/4.jpg","","Camera","https://tactileeval.s3.us-east-1.amazonaws.com/family_datasets/Tools_Instruments_and_Appliances/Camera/Natural/5_Camera.jpeg","https://tactileeval.s3.us-east-1.amazonaws.com/family_datasets/Tools_Instruments_and_Appliances/Camera/Tactile/5.jpg","","Camera","https://tactileeval.s3.us-east-1.amazonaws.com/family_datasets/Tools_Instruments_and_Appliances/Camera/Natural/6_Camera.jpeg","https://tactileeval.s3.us-east-1.amazonaws.com/family_datasets/Tools_Instruments_and_Appliances/Camera/Tactile/6.jpg","","Camera","https://tactileeval.s3.us-east-1.amazonaws.com/family_datasets/Tools_Instruments_and_Appliances/Camera/Natural/7_Camera.jpeg","https://tactileeval.s3.us-east-1.amazonaws.com/family_datasets/Tools_Instruments_and_Appliances/Camera/Tactile/7.jpg","","Camera","https://tactileeval.s3.us-east-1.amazonaws.com/family_datasets/Tools_Instruments_and_Appliances/Camera/Natural/8_Camera.jpeg","https://tactileeval.s3.us-east-1.amazonaws.com/family_datasets/Tools_Instruments_and_Appliances/Camera/Tactile/8.jpg","","Camera","https://tactileeval.s3.us-east-1.amazonaws.com/family_datasets/Tools_Instruments_and_Appliances/Camera/Natural/9_Camera.jpeg","https://tactileeval.s3.us-east-1.amazonaws.com/family_datasets/Tools_Instruments_and_Appliances/Camera/Tactile/9.jpg","","Camera","https://tactileeval.s3.us-east-1.amazonaws.com/family_datasets/Tools_Instruments_and_Appliances/Camera/Natural/10_Camera.jpeg","https://tactileeval.s3.us-east-1.amazonaws.com/family_datasets/Tools_Instruments_and_Appliances/Camera/Tactile/10.jpg","","[{""question1"":{""background_clean"":true,""configuration_match"":false,""object_match"":false},""question10"":{""background_clean"":true,""configuration_match"":true,""object_match"":false},""question2"":{""background_clean"":true,""configuration_match"":true,""object_match"":false},""question3"":{""background_clean"":true,""configuration_match"":true,""object_match"":false},""question4"":{""background_clean"":true,""configuration_match"":true,""object_match"":false},""question5"":{""background_clean"":true,""configuration_match"":true,""object_match"":false},""question6"":{""background_clean"":true,""configuration_match"":true,""object_match"":false},""question7"":{""background_clean"":true,""configuration_match"":true,""object_match"":false},""question8"":{""background_clean"":true,""configuration_match"":false,""object_match"":false},""question9"":{""background_clean"":false,""configuration_match"":true,""object_match"":false}}]"
"3G4VVJO6QRU7ZLMHEE9FR1PGCKAKPY","399RPY0FFT5L4AXNGQM3UDNAXJBMKC","Categorize images based on background and posture.","Review 10 line-arts and judge if it has adequate background and configuration. (10 pairs)","tactile, image review, accessibility, tools and appliances","$0.08","Sat Apr 18 05:57:39 PDT 2026","7","BatchId:5385897;OriginalHitTemplateId:928390873;","1200","1296000","Sat Apr 25 05:57:39 PDT 2026","","","3FQ5JJ513E29IK8XO11OBWGEG7KNKB","A3VCTHO95DZWAQ","Submitted","Sat Apr 18 08:01:04 PDT 2026","Sat Apr 18 08:02:01 PDT 2026","Sun May 03 08:02:01 PDT 2026","","","","57","0% (0/0)","0% (0/0)","0% (0/0)","Camera","https://tactileeval.s3.us-east-1.amazonaws.com/family_datasets/Tools_Instruments_and_Appliances/Camera/Natural/1_Camera.jpg","https://tactileeval.s3.us-east-1.amazonaws.com/family_datasets/Tools_Instruments_and_Appliances/Camera/Tactile/1.jpg","","Camera","https://tactileeval.s3.us-east-1.amazonaws.com/family_datasets/Tools_Instruments_and_Appliances/Camera/Natural/2_Camera.jpeg","https://tactileeval.s3.us-east-1.amazonaws.com/family_datasets/Tools_Instruments_and_Appliances/Camera/Tactile/2.jpg","","Camera","https://tactileeval.s3.us-east-1.amazonaws.com/family_datasets/Tools_Instruments_and_Appliances/Camera/Natural/3_Camera.jpeg","https://tactileeval.s3.us-east-1.amazonaws.com/family_datasets/Tools_Instruments_and_Appliances/Camera/Tactile/3.jpg","","Camera","https://tactileeval.s3.us-east-1.amazonaws.com/family_datasets/Tools_Instruments_and_Appliances/Camera/Natural/4_Camera.jpeg","https://tactileeval.s3.us-east-1.amazonaws.com/family_datasets/Tools_Instruments_and_Appliances/Camera/Tactile/4.jpg","","Camera","https://tactileeval.s3.us-east-1.amazonaws.com/family_datasets/Tools_Instruments_and_Appliances/Camera/Natural/5_Camera.jpeg","https://tactileeval.s3.us-east-1.amazonaws.com/family_datasets/Tools_Instruments_and_Appliances/Camera/Tactile/5.jpg","","Camera","https://tactileeval.s3.us-east-1.amazonaws.com/family_datasets/Tools_Instruments_and_Appliances/Camera/Natural/6_Camera.jpeg","https://tactileeval.s3.us-east-1.amazonaws.com/family_datasets/Tools_Instruments_and_Appliances/Camera/Tactile/6.jpg","","Camera","https://tactileeval.s3.us-east-1.amazonaws.com/family_datasets/Tools_Instruments_and_Appliances/Camera/Natural/7_Camera.jpeg","https://tactileeval.s3.us-east-1.amazonaws.com/family_datasets/Tools_Instruments_and_Appliances/Camera/Tactile/7.jpg","","Camera","https://tactileeval.s3.us-east-1.amazonaws.com/family_datasets/Tools_Instruments_and_Appliances/Camera/Natural/8_Camera.jpeg","https://tactileeval.s3.us-east-1.amazonaws.com/family_datasets/Tools_Instruments_and_Appliances/Camera/Tactile/8.jpg","","Camera","https://tactileeval.s3.us-east-1.amazonaws.com/family_datasets/Tools_Instruments_and_Appliances/Camera/Natural/9_Camera.jpeg","https://tactileeval.s3.us-east-1.amazonaws.com/family_datasets/Tools_Instruments_and_Appliances/Camera/Tactile/9.jpg","","Camera","https://tactileeval.s3.us-east-1.amazonaws.com/family_datasets/Tools_Instruments_and_Appliances/Camera/Natural/10_Camera.jpeg","https://tactileeval.s3.us-east-1.amazonaws.com/family_datasets/Tools_Instruments_and_Appliances/Camera/Tactile/10.jpg","","[{""question1"":{""background_clean"":true,""configuration_match"":true,""object_match"":false},""question10"":{""background_clean"":true,""configuration_match"":true,""object_match"":false},""question2"":{""background_clean"":true,""configuration_match"":true,""object_match"":false},""question3"":{""background_clean"":true,""configuration_match"":true,""object_match"":false},""question4"":{""background_clean"":true,""configuration_match"":true,""object_match"":false},""question5"":{""background_clean"":true,""configuration_match"":true,""object_match"":false},""question6"":{""background_clean"":true,""configuration_match"":true,""object_match"":false},""question7"":{""background_clean"":true,""configuration_match"":true,""object_match"":false},""question8"":{""background_clean"":true,""configuration_match"":true,""object_match"":false},""question9"":{""background_clean"":true,""configuration_match"":true,""object_match"":false}}]"
"3G4VVJO6QRU7ZLMHEE9FR1PGCKAKPY","399RPY0FFT5L4AXNGQM3UDNAXJBMKC","Categorize images based on background and posture.","Review 10 line-arts and judge if it has adequate background and configuration. (10 pairs)","tactile, image review, accessibility, tools and appliances","$0.08","Sat Apr 18 05:57:39 PDT 2026","7","BatchId:5385897;OriginalHitTemplateId:928390873;","1200","1296000","Sat Apr 25 05:57:39 PDT 2026","","","3RXCAC0YJK3JDRPAS8RQV7YQKV5G8E","A1SMWIBTQ2AESU","Submitted","Sat Apr 18 08:04:09 PDT 2026","Sat Apr 18 08:05:29 PDT 2026","Sun May 03 08:05:29 PDT 2026","","","","80","98% (47/48)","98% (46/47)","98% (46/47)","Camera","https://tactileeval.s3.us-east-1.amazonaws.com/family_datasets/Tools_Instruments_and_Appliances/Camera/Natural/1_Camera.jpg","https://tactileeval.s3.us-east-1.amazonaws.com/family_datasets/Tools_Instruments_and_Appliances/Camera/Tactile/1.jpg","","Camera","https://tactileeval.s3.us-east-1.amazonaws.com/family_datasets/Tools_Instruments_and_Appliances/Camera/Natural/2_Camera.jpeg","https://tactileeval.s3.us-east-1.amazonaws.com/family_datasets/Tools_Instruments_and_Appliances/Camera/Tactile/2.jpg","","Camera","https://tactileeval.s3.us-east-1.amazonaws.com/family_datasets/Tools_Instruments_and_Appliances/Camera/Natural/3_Camera.jpeg","https://tactileeval.s3.us-east-1.amazonaws.com/family_datasets/Tools_Instruments_and_Appliances/Camera/Tactile/3.jpg","","Camera","https://tactileeval.s3.us-east-1.amazonaws.com/family_datasets/Tools_Instruments_and_Appliances/Camera/Natural/4_Camera.jpeg","https://tactileeval.s3.us-east-1.amazonaws.com/family_datasets/Tools_Instruments_and_Appliances/Camera/Tactile/4.jpg","","Camera","https://tactileeval.s3.us-east-1.amazonaws.com/family_datasets/Tools_Instruments_and_Appliances/Camera/Natural/5_Camera.jpeg","https://tactileeval.s3.us-east-1.amazonaws.com/family_datasets/Tools_Instruments_and_Appliances/Camera/Tactile/5.jpg","","Camera","https://tactileeval.s3.us-east-1.amazonaws.com/family_datasets/Tools_Instruments_and_Appliances/Camera/Natural/6_Camera.jpeg","https://tactileeval.s3.us-east-1.amazonaws.com/family_datasets/Tools_Instruments_and_Appliances/Camera/Tactile/6.jpg","","Camera","https://tactileeval.s3.us-east-1.amazonaws.com/family_datasets/Tools_Instruments_and_Appliances/Camera/Natural/7_Camera.jpeg","https://tactileeval.s3.us-east-1.amazonaws.com/family_datasets/Tools_Instruments_and_Appliances/Camera/Tactile/7.jpg","","Camera","https://tactileeval.s3.us-east-1.amazonaws.com/family_datasets/Tools_Instruments_and_Appliances/Camera/Natural/8_Camera.jpeg","https://tactileeval.s3.us-east-1.amazonaws.com/family_datasets/Tools_Instruments_and_Appliances/Camera/Tactile/8.jpg","","Camera","https://tactileeval.s3.us-east-1.amazonaws.com/family_datasets/Tools_Instruments_and_Appliances/Camera/Natural/9_Camera.jpeg","https://tactileeval.s3.us-east-1.amazonaws.com/family_datasets/Tools_Instruments_and_Appliances/Camera/Tactile/9.jpg","","Camera","https://tactileeval.s3.us-east-1.amazonaws.com/family_datasets/Tools_Instruments_and_Appliances/Camera/Natural/10_Camera.jpeg","https://tactileeval.s3.us-east-1.amazonaws.com/family_datasets/Tools_Instruments_and_Appliances/Camera/Tactile/10.jpg","","[{""question1"":{""background_clean"":true,""configuration_match"":true,""object_match"":false},""question10"":{""background_clean"":true,""configuration_match"":true,""object_match"":false},""question2"":{""background_clean"":true,""configuration_match"":true,""object_match"":false},""question3"":{""background_clean"":true,""configuration_match"":true,""object_match"":false},""question4"":{""background_clean"":true,""configuration_match"":true,""object_match"":false},""question5"":{""background_clean"":true,""configuration_match"":true,""object_match"":false},""question6"":{""background_clean"":true,""configuration_match"":true,""object_match"":false},""question7"":{""background_clean"":true,""configuration_match"":true,""object_match"":false},""question8"":{""background_clean"":true,""configuration_match"":true,""object_match"":false},""question9"":{""background_clean"":true,""configuration_match"":true,""object_match"":false}}]"
"3G4VVJO6QRU7ZLMHEE9FR1PGCKAKPY","399RPY0FFT5L4AXNGQM3UDNAXJBMKC","Categorize images based on background and posture.","Review 10 line-arts and judge if it has adequate background and configuration. (10 pairs)","tactile, image review, accessibility, tools and appliances","$0.08","Sat Apr 18 05:57:39 PDT 2026","7","BatchId:5385897;OriginalHitTemplateId:928390873;","1200","1296000","Sat Apr 25 05:57:39 PDT 2026","","","3F1567XTOPJA4L2Y0W2GPHX3AOW9QR","A36H75IU3Q97QS","Submitted","Sat Apr 18 08:06:45 PDT 2026","Sat Apr 18 08:08:25 PDT 2026","Sun May 03 08:08:25 PDT 2026","","","","100","36% (5/14)","36% (5/14)","36% (5/14)","Camera","https://tactileeval.s3.us-east-1.amazonaws.com/family_datasets/Tools_Instruments_and_Appliances/Camera/Natural/1_Camera.jpg","https://tactileeval.s3.us-east-1.amazonaws.com/family_datasets/Tools_Instruments_and_Appliances/Camera/Tactile/1.jpg","","Camera","https://tactileeval.s3.us-east-1.amazonaws.com/family_datasets/Tools_Instruments_and_Appliances/Camera/Natural/2_Camera.jpeg","https://tactileeval.s3.us-east-1.amazonaws.com/family_datasets/Tools_Instruments_and_Appliances/Camera/Tactile/2.jpg","","Camera","https://tactileeval.s3.us-east-1.amazonaws.com/family_datasets/Tools_Instruments_and_Appliances/Camera/Natural/3_Camera.jpeg","https://tactileeval.s3.us-east-1.amazonaws.com/family_datasets/Tools_Instruments_and_Appliances/Camera/Tactile/3.jpg","","Camera","https://tactileeval.s3.us-east-1.amazonaws.com/family_datasets/Tools_Instruments_and_Appliances/Camera/Natural/4_Camera.jpeg","https://tactileeval.s3.us-east-1.amazonaws.com/family_datasets/Tools_Instruments_and_Appliances/Camera/Tactile/4.jpg","","Camera","https://tactileeval.s3.us-east-1.amazonaws.com/family_datasets/Tools_Instruments_and_Appliances/Camera/Natural/5_Camera.jpeg","https://tactileeval.s3.us-east-1.amazonaws.com/family_datasets/Tools_Instruments_and_Appliances/Camera/Tactile/5.jpg","","Camera","https://tactileeval.s3.us-east-1.amazonaws.com/family_datasets/Tools_Instruments_and_Appliances/Camera/Natural/6_Camera.jpeg","https://tactileeval.s3.us-east-1.amazonaws.com/family_datasets/Tools_Instruments_and_Appliances/Camera/Tactile/6.jpg","","Camera","https://tactileeval.s3.us-east-1.amazonaws.com/family_datasets/Tools_Instruments_and_Appliances/Camera/Natural/7_Camera.jpeg","https://tactileeval.s3.us-east-1.amazonaws.com/family_datasets/Tools_Instruments_and_Appliances/Camera/Tactile/7.jpg","","Camera","https://tactileeval.s3.us-east-1.amazonaws.com/family_datasets/Tools_Instruments_and_Appliances/Camera/Natural/8_Camera.jpeg","https://tactileeval.s3.us-east-1.amazonaws.com/family_datasets/Tools_Instruments_and_Appliances/Camera/Tactile/8.jpg","","Camera","https://tactileeval.s3.us-east-1.amazonaws.com/family_datasets/Tools_Instruments_and_Appliances/Camera/Natural/9_Camera.jpeg","https://tactileeval.s3.us-east-1.amazonaws.com/family_datasets/Tools_Instruments_and_Appliances/Camera/Tactile/9.jpg","","Camera","https://tactileeval.s3.us-east-1.amazonaws.com/family_datasets/Tools_Instruments_and_Appliances/Camera/Natural/10_Camera.jpeg","https://tactileeval.s3.us-east-1.amazonaws.com/family_datasets/Tools_Instruments_and_Appliances/Camera/Tactile/10.jpg","","[{""question1"":{""background_clean"":true,""configuration_match"":false,""object_match"":true},""question10"":{""background_clean"":true,""configuration_match"":false,""object_match"":false},""question2"":{""background_clean"":true,""configuration_match"":true,""object_match"":true},""question3"":{""background_clean"":false,""configuration_match"":true,""object_match"":true},""question4"":{""background_clean"":true,""configuration_match"":true,""object_match"":true},""question5"":{""background_clean"":true,""configuration_match"":false,""object_match"":false},""question6"":{""background_clean"":true,""configuration_match"":true,""object_match"":false},""question7"":{""background_clean"":true,""configuration_match"":false,""object_match"":true},""question8"":{""background_clean"":true,""configuration_match"":true,""object_match"":true},""question9"":{""background_clean"":false,""configuration_match"":true,""object_match"":true}}]"
"3G4VVJO6QRU7ZLMHEE9FR1PGCKAKPY","399RPY0FFT5L4AXNGQM3UDNAXJBMKC","Categorize images based on background and posture.","Review 10 line-arts and judge if it has adequate background and configuration. (10 pairs)","tactile, image review, accessibility, tools and appliances","$0.08","Sat Apr 18 05:57:39 PDT 2026","7","BatchId:5385897;OriginalHitTemplateId:928390873;","1200","1296000","Sat Apr 25 05:57:39 PDT 2026","","","33CKWXB74CY4YCFMB4X89A7C40H11G","AJZHPDCKUVRM8","Submitted","Sat Apr 18 08:14:12 PDT 2026","Sat Apr 18 08:14:46 PDT 2026","Sun May 03 08:14:46 PDT 2026","","","","34","100% (52/52)","100% (52/52)","100% (52/52)","Camera","https://tactileeval.s3.us-east-1.amazonaws.com/family_datasets/Tools_Instruments_and_Appliances/Camera/Natural/1_Camera.jpg","https://tactileeval.s3.us-east-1.amazonaws.com/family_datasets/Tools_Instruments_and_Appliances/Camera/Tactile/1.jpg","","Camera","https://tactileeval.s3.us-east-1.amazonaws.com/family_datasets/Tools_Instruments_and_Appliances/Camera/Natural/2_Camera.jpeg","https://tactileeval.s3.us-east-1.amazonaws.com/family_datasets/Tools_Instruments_and_Appliances/Camera/Tactile/2.jpg","","Camera","https://tactileeval.s3.us-east-1.amazonaws.com/family_datasets/Tools_Instruments_and_Appliances/Camera/Natural/3_Camera.jpeg","https://tactileeval.s3.us-east-1.amazonaws.com/family_datasets/Tools_Instruments_and_Appliances/Camera/Tactile/3.jpg","","Camera","https://tactileeval.s3.us-east-1.amazonaws.com/family_datasets/Tools_Instruments_and_Appliances/Camera/Natural/4_Camera.jpeg","https://tactileeval.s3.us-east-1.amazonaws.com/family_datasets/Tools_Instruments_and_Appliances/Camera/Tactile/4.jpg","","Camera","https://tactileeval.s3.us-east-1.amazonaws.com/family_datasets/Tools_Instruments_and_Appliances/Camera/Natural/5_Camera.jpeg","https://tactileeval.s3.us-east-1.amazonaws.com/family_datasets/Tools_Instruments_and_Appliances/Camera/Tactile/5.jpg","","Camera","https://tactileeval.s3.us-east-1.amazonaws.com/family_datasets/Tools_Instruments_and_Appliances/Camera/Natural/6_Camera.jpeg","https://tactileeval.s3.us-east-1.amazonaws.com/family_datasets/Tools_Instruments_and_Appliances/Camera/Tactile/6.jpg","","Camera","https://tactileeval.s3.us-east-1.amazonaws.com/family_datasets/Tools_Instruments_and_Appliances/Camera/Natural/7_Camera.jpeg","https://tactileeval.s3.us-east-1.amazonaws.com/family_datasets/Tools_Instruments_and_Appliances/Camera/Tactile/7.jpg","","Camera","https://tactileeval.s3.us-east-1.amazonaws.com/family_datasets/Tools_Instruments_and_Appliances/Camera/Natural/8_Camera.jpeg","https://tactileeval.s3.us-east-1.amazonaws.com/family_datasets/Tools_Instruments_and_Appliances/Camera/Tactile/8.jpg","","Camera","https://tactileeval.s3.us-east-1.amazonaws.com/family_datasets/Tools_Instruments_and_Appliances/Camera/Natural/9_Camera.jpeg","https://tactileeval.s3.us-east-1.amazonaws.com/family_datasets/Tools_Instruments_and_Appliances/Camera/Tactile/9.jpg","","Camera","https://tactileeval.s3.us-east-1.amazonaws.com/family_datasets/Tools_Instruments_and_Appliances/Camera/Natural/10_Camera.jpeg","https://tactileeval.s3.us-east-1.amazonaws.com/family_datasets/Tools_Instruments_and_Appliances/Camera/Tactile/10.jpg","","[{""question1"":{""background_clean"":true,""configuration_match"":true,""object_match"":false},""question10"":{""background_clean"":true,""configuration_match"":true,""object_match"":false},""question2"":{""background_clean"":true,""configuration_match"":true,""object_match"":false},""question3"":{""background_clean"":true,""configuration_match"":false,""object_match"":false},""question4"":{""background_clean"":true,""configuration_match"":true,""object_match"":false},""question5"":{""background_clean"":true,""configuration_match"":true,""object_match"":false},""question6"":{""background_clean"":true,""configuration_match"":true,""object_match"":false},""question7"":{""background_clean"":true,""configuration_match"":false,""object_match"":false},""question8"":{""background_clean"":true,""configuration_match"":false,""object_match"":false},""question9"":{""background_clean"":false,""configuration_match"":true,""object_match"":false}}]"
"3G3AJKPCYD6GUXPFK9IIXBTWJ3NY4G","399RPY0FFT5L4AXNGQM3UDNAXJBMKC","Categorize images based on background and posture.","Review 10 line-arts and judge if it has adequate background and configuration. (10 pairs)","tactile, image review, accessibility, tools and appliances","$0.08","Sat Apr 18 05:57:38 PDT 2026","7","BatchId:5385897;OriginalHitTemplateId:928390873;","1200","1296000","Sat Apr 25 05:57:38 PDT 2026","","","3EQHHY4HRL60Q968UAKNJNOZI5XG55","A1KXF2L2ZGQXJK","Submitted","Sat Apr 18 07:34:15 PDT 2026","Sat Apr 18 07:35:33 PDT 2026","Sun May 03 07:35:33 PDT 2026","","","","78","0% (0/0)","0% (0/0)","0% (0/0)","Camera","https://tactileeval.s3.us-east-1.amazonaws.com/family_datasets/Tools_Instruments_and_Appliances/Camera/Natural/11_Camera.jpeg","https://tactileeval.s3.us-east-1.amazonaws.com/family_datasets/Tools_Instruments_and_Appliances/Camera/Tactile/11.jpg","","Camera","https://tactileeval.s3.us-east-1.amazonaws.com/family_datasets/Tools_Instruments_and_Appliances/Camera/Natural/12_Camera.jpeg","https://tactileeval.s3.us-east-1.amazonaws.com/family_datasets/Tools_Instruments_and_Appliances/Camera/Tactile/12.jpg","","Guitar","https://tactileeval.s3.us-east-1.amazonaws.com/family_datasets/Tools_Instruments_and_Appliances/Guitar/Natural/1_guitar.jpg","https://tactileeval.s3.us-east-1.amazonaws.com/family_datasets/Tools_Instruments_and_Appliances/Guitar/Tactile/1.jpg","","Guitar","https://tactileeval.s3.us-east-1.amazonaws.com/family_datasets/Tools_Instruments_and_Appliances/Guitar/Natural/2_guitar_refined.png","https://tactileeval.s3.us-east-1.amazonaws.com/family_datasets/Tools_Instruments_and_Appliances/Guitar/Tactile/2_refined.png","","Guitar","https://tactileeval.s3.us-east-1.amazonaws.com/family_datasets/Tools_Instruments_and_Appliances/Guitar/Natural/3_guitar.jpg","https://tactileeval.s3.us-east-1.amazonaws.com/family_datasets/Tools_Instruments_and_Appliances/Guitar/Tactile/3.jpg","","Guitar","https://tactileeval.s3.us-east-1.amazonaws.com/family_datasets/Tools_Instruments_and_Appliances/Guitar/Natural/4_guitar.jpg","https://tactileeval.s3.us-east-1.amazonaws.com/family_datasets/Tools_Instruments_and_Appliances/Guitar/Tactile/4.jpg","","Guitar","https://tactileeval.s3.us-east-1.amazonaws.com/family_datasets/Tools_Instruments_and_Appliances/Guitar/Natural/5_guitar.jpg","https://tactileeval.s3.us-east-1.amazonaws.com/family_datasets/Tools_Instruments_and_Appliances/Guitar/Tactile/5.jpg","","Guitar","https://tactileeval.s3.us-east-1.amazonaws.com/family_datasets/Tools_Instruments_and_Appliances/Guitar/Natural/6_guitar.jpg","https://tactileeval.s3.us-east-1.amazonaws.com/family_datasets/Tools_Instruments_and_Appliances/Guitar/Tactile/6.jpg","","Guitar","https://tactileeval.s3.us-east-1.amazonaws.com/family_datasets/Tools_Instruments_and_Appliances/Guitar/Natural/7_guitar.webp","https://tactileeval.s3.us-east-1.amazonaws.com/family_datasets/Tools_Instruments_and_Appliances/Guitar/Tactile/7.jpg","","Guitar","https://tactileeval.s3.us-east-1.amazonaws.com/family_datasets/Tools_Instruments_and_Appliances/Guitar/Natural/8_guitar.jpg","https://tactileeval.s3.us-east-1.amazonaws.com/family_datasets/Tools_Instruments_and_Appliances/Guitar/Tactile/8.jpg","","[{""question1"":{""background_clean"":true,""configuration_match"":true,""object_match"":false},""question10"":{""background_clean"":true,""configuration_match"":true,""object_match"":true},""question2"":{""background_clean"":true,""configuration_match"":true,""object_match"":false},""question3"":{""background_clean"":true,""configuration_match"":true,""object_match"":false},""question4"":{""background_clean"":true,""configuration_match"":true,""object_match"":false},""question5"":{""background_clean"":true,""configuration_match"":true,""object_match"":true},""question6"":{""background_clean"":true,""configuration_match"":true,""object_match"":true},""question7"":{""background_clean"":true,""configuration_match"":false,""object_match"":true},""question8"":{""background_clean"":true,""configuration_match"":true,""object_match"":true},""question9"":{""background_clean"":true,""configuration_match"":true,""object_match"":false}}]"
"3G3AJKPCYD6GUXPFK9IIXBTWJ3NY4G","399RPY0FFT5L4AXNGQM3UDNAXJBMKC","Categorize images based on background and posture.","Review 10 line-arts and judge if it has adequate background and configuration. (10 pairs)","tactile, image review, accessibility, tools and appliances","$0.08","Sat Apr 18 05:57:38 PDT 2026","7","BatchId:5385897;OriginalHitTemplateId:928390873;","1200","1296000","Sat Apr 25 05:57:38 PDT 2026","","","3S06PH7KTKIYQ7VYRXH3AC8LTXCD1A","A3UPEZR0XSE052","Submitted","Sat Apr 18 07:33:29 PDT 2026","Sat Apr 18 07:39:22 PDT 2026","Sun May 03 07:39:22 PDT 2026","","","","353","50% (1/2)","0% (0/1)","0% (0/1)","Camera","https://tactileeval.s3.us-east-1.amazonaws.com/family_datasets/Tools_Instruments_and_Appliances/Camera/Natural/11_Camera.jpeg","https://tactileeval.s3.us-east-1.amazonaws.com/family_datasets/Tools_Instruments_and_Appliances/Camera/Tactile/11.jpg","","Camera","https://tactileeval.s3.us-east-1.amazonaws.com/family_datasets/Tools_Instruments_and_Appliances/Camera/Natural/12_Camera.jpeg","https://tactileeval.s3.us-east-1.amazonaws.com/family_datasets/Tools_Instruments_and_Appliances/Camera/Tactile/12.jpg","","Guitar","https://tactileeval.s3.us-east-1.amazonaws.com/family_datasets/Tools_Instruments_and_Appliances/Guitar/Natural/1_guitar.jpg","https://tactileeval.s3.us-east-1.amazonaws.com/family_datasets/Tools_Instruments_and_Appliances/Guitar/Tactile/1.jpg","","Guitar","https://tactileeval.s3.us-east-1.amazonaws.com/family_datasets/Tools_Instruments_and_Appliances/Guitar/Natural/2_guitar_refined.png","https://tactileeval.s3.us-east-1.amazonaws.com/family_datasets/Tools_Instruments_and_Appliances/Guitar/Tactile/2_refined.png","","Guitar","https://tactileeval.s3.us-east-1.amazonaws.com/family_datasets/Tools_Instruments_and_Appliances/Guitar/Natural/3_guitar.jpg","https://tactileeval.s3.us-east-1.amazonaws.com/family_datasets/Tools_Instruments_and_Appliances/Guitar/Tactile/3.jpg","","Guitar","https://tactileeval.s3.us-east-1.amazonaws.com/family_datasets/Tools_Instruments_and_Appliances/Guitar/Natural/4_guitar.jpg","https://tactileeval.s3.us-east-1.amazonaws.com/family_datasets/Tools_Instruments_and_Appliances/Guitar/Tactile/4.jpg","","Guitar","https://tactileeval.s3.us-east-1.amazonaws.com/family_datasets/Tools_Instruments_and_Appliances/Guitar/Natural/5_guitar.jpg","https://tactileeval.s3.us-east-1.amazonaws.com/family_datasets/Tools_Instruments_and_Appliances/Guitar/Tactile/5.jpg","","Guitar","https://tactileeval.s3.us-east-1.amazonaws.com/family_datasets/Tools_Instruments_and_Appliances/Guitar/Natural/6_guitar.jpg","https://tactileeval.s3.us-east-1.amazonaws.com/family_datasets/Tools_Instruments_and_Appliances/Guitar/Tactile/6.jpg","","Guitar","https://tactileeval.s3.us-east-1.amazonaws.com/family_datasets/Tools_Instruments_and_Appliances/Guitar/Natural/7_guitar.webp","https://tactileeval.s3.us-east-1.amazonaws.com/family_datasets/Tools_Instruments_and_Appliances/Guitar/Tactile/7.jpg","","Guitar","https://tactileeval.s3.us-east-1.amazonaws.com/family_datasets/Tools_Instruments_and_Appliances/Guitar/Natural/8_guitar.jpg","https://tactileeval.s3.us-east-1.amazonaws.com/family_datasets/Tools_Instruments_and_Appliances/Guitar/Tactile/8.jpg","","[{""question1"":{""background_clean"":true,""configuration_match"":true,""object_match"":false},""question10"":{""background_clean"":true,""configuration_match"":true,""object_match"":true},""question2"":{""background_clean"":true,""configuration_match"":true,""object_match"":false},""question3"":{""background_clean"":true,""configuration_match"":true,""object_match"":false},""question4"":{""background_clean"":true,""configuration_match"":true,""object_match"":false},""question5"":{""background_clean"":true,""configuration_match"":true,""object_match"":false},""question6"":{""background_clean"":true,""configuration_match"":true,""object_match"":false},""question7"":{""background_clean"":true,""configuration_match"":true,""object_match"":false},""question8"":{""background_clean"":true,""configuration_match"":true,""object_match"":true},""question9"":{""background_clean"":true,""configuration_match"":true,""object_match"":true}}]"
"3G3AJKPCYD6GUXPFK9IIXBTWJ3NY4G","399RPY0FFT5L4AXNGQM3UDNAXJBMKC","Categorize images based on background and posture.","Review 10 line-arts and judge if it has adequate background and configuration. (10 pairs)","tactile, image review, accessibility, tools and appliances","$0.08","Sat Apr 18 05:57:38 PDT 2026","7","BatchId:5385897;OriginalHitTemplateId:928390873;","1200","1296000","Sat Apr 25 05:57:38 PDT 2026","","","3VHP9MDGSGYFBUJSY01DF8UX97OFCI","A2M3DR0V45HNUL","Submitted","Sat Apr 18 07:54:24 PDT 2026","Sat Apr 18 07:56:10 PDT 2026","Sun May 03 07:56:10 PDT 2026","","","","106","7% (1/14)","7% (1/14)","7% (1/14)","Camera","https://tactileeval.s3.us-east-1.amazonaws.com/family_datasets/Tools_Instruments_and_Appliances/Camera/Natural/11_Camera.jpeg","https://tactileeval.s3.us-east-1.amazonaws.com/family_datasets/Tools_Instruments_and_Appliances/Camera/Tactile/11.jpg","","Camera","https://tactileeval.s3.us-east-1.amazonaws.com/family_datasets/Tools_Instruments_and_Appliances/Camera/Natural/12_Camera.jpeg","https://tactileeval.s3.us-east-1.amazonaws.com/family_datasets/Tools_Instruments_and_Appliances/Camera/Tactile/12.jpg","","Guitar","https://tactileeval.s3.us-east-1.amazonaws.com/family_datasets/Tools_Instruments_and_Appliances/Guitar/Natural/1_guitar.jpg","https://tactileeval.s3.us-east-1.amazonaws.com/family_datasets/Tools_Instruments_and_Appliances/Guitar/Tactile/1.jpg","","Guitar","https://tactileeval.s3.us-east-1.amazonaws.com/family_datasets/Tools_Instruments_and_Appliances/Guitar/Natural/2_guitar_refined.png","https://tactileeval.s3.us-east-1.amazonaws.com/family_datasets/Tools_Instruments_and_Appliances/Guitar/Tactile/2_refined.png","","Guitar","https://tactileeval.s3.us-east-1.amazonaws.com/family_datasets/Tools_Instruments_and_Appliances/Guitar/Natural/3_guitar.jpg","https://tactileeval.s3.us-east-1.amazonaws.com/family_datasets/Tools_Instruments_and_Appliances/Guitar/Tactile/3.jpg","","Guitar","https://tactileeval.s3.us-east-1.amazonaws.com/family_datasets/Tools_Instruments_and_Appliances/Guitar/Natural/4_guitar.jpg","https://tactileeval.s3.us-east-1.amazonaws.com/family_datasets/Tools_Instruments_and_Appliances/Guitar/Tactile/4.jpg","","Guitar","https://tactileeval.s3.us-east-1.amazonaws.com/family_datasets/Tools_Instruments_and_Appliances/Guitar/Natural/5_guitar.jpg","https://tactileeval.s3.us-east-1.amazonaws.com/family_datasets/Tools_Instruments_and_Appliances/Guitar/Tactile/5.jpg","","Guitar","https://tactileeval.s3.us-east-1.amazonaws.com/family_datasets/Tools_Instruments_and_Appliances/Guitar/Natural/6_guitar.jpg","https://tactileeval.s3.us-east-1.amazonaws.com/family_datasets/Tools_Instruments_and_Appliances/Guitar/Tactile/6.jpg","","Guitar","https://tactileeval.s3.us-east-1.amazonaws.com/family_datasets/Tools_Instruments_and_Appliances/Guitar/Natural/7_guitar.webp","https://tactileeval.s3.us-east-1.amazonaws.com/family_datasets/Tools_Instruments_and_Appliances/Guitar/Tactile/7.jpg","","Guitar","https://tactileeval.s3.us-east-1.amazonaws.com/family_datasets/Tools_Instruments_and_Appliances/Guitar/Natural/8_guitar.jpg","https://tactileeval.s3.us-east-1.amazonaws.com/family_datasets/Tools_Instruments_and_Appliances/Guitar/Tactile/8.jpg","","[{""question1"":{""background_clean"":true,""configuration_match"":false,""object_match"":false},""question10"":{""background_clean"":true,""configuration_match"":true,""object_match"":true},""question2"":{""background_clean"":false,""configuration_match"":true,""object_match"":false},""question3"":{""background_clean"":true,""configuration_match"":true,""object_match"":true},""question4"":{""background_clean"":true,""configuration_match"":false,""object_match"":false},""question5"":{""background_clean"":true,""configuration_match"":true,""object_match"":true},""question6"":{""background_clean"":false,""configuration_match"":true,""object_match"":false},""question7"":{""background_clean"":true,""configuration_match"":false,""object_match"":true},""question8"":{""background_clean"":true,""configuration_match"":true,""object_match"":true},""question9"":{""background_clean"":true,""configuration_match"":true,""object_match"":true}}]"
"3G3AJKPCYD6GUXPFK9IIXBTWJ3NY4G","399RPY0FFT5L4AXNGQM3UDNAXJBMKC","Categorize images based on background and posture.","Review 10 line-arts and judge if it has adequate background and configuration. (10 pairs)","tactile, image review, accessibility, tools and appliances","$0.08","Sat Apr 18 05:57:38 PDT 2026","7","BatchId:5385897;OriginalHitTemplateId:928390873;","1200","1296000","Sat Apr 25 05:57:38 PDT 2026","","","3RU7GD8VQH779OXI9PNI67CJXGXPSP","A2D07SVRO4UFVL","Submitted","Sat Apr 18 07:56:04 PDT 2026","Sat Apr 18 07:57:56 PDT 2026","Sun May 03 07:57:56 PDT 2026","","","","112","81% (22/27)","80% (20/25)","80% (20/25)","Camera","https://tactileeval.s3.us-east-1.amazonaws.com/family_datasets/Tools_Instruments_and_Appliances/Camera/Natural/11_Camera.jpeg","https://tactileeval.s3.us-east-1.amazonaws.com/family_datasets/Tools_Instruments_and_Appliances/Camera/Tactile/11.jpg","","Camera","https://tactileeval.s3.us-east-1.amazonaws.com/family_datasets/Tools_Instruments_and_Appliances/Camera/Natural/12_Camera.jpeg","https://tactileeval.s3.us-east-1.amazonaws.com/family_datasets/Tools_Instruments_and_Appliances/Camera/Tactile/12.jpg","","Guitar","https://tactileeval.s3.us-east-1.amazonaws.com/family_datasets/Tools_Instruments_and_Appliances/Guitar/Natural/1_guitar.jpg","https://tactileeval.s3.us-east-1.amazonaws.com/family_datasets/Tools_Instruments_and_Appliances/Guitar/Tactile/1.jpg","","Guitar","https://tactileeval.s3.us-east-1.amazonaws.com/family_datasets/Tools_Instruments_and_Appliances/Guitar/Natural/2_guitar_refined.png","https://tactileeval.s3.us-east-1.amazonaws.com/family_datasets/Tools_Instruments_and_Appliances/Guitar/Tactile/2_refined.png","","Guitar","https://tactileeval.s3.us-east-1.amazonaws.com/family_datasets/Tools_Instruments_and_Appliances/Guitar/Natural/3_guitar.jpg","https://tactileeval.s3.us-east-1.amazonaws.com/family_datasets/Tools_Instruments_and_Appliances/Guitar/Tactile/3.jpg","","Guitar","https://tactileeval.s3.us-east-1.amazonaws.com/family_datasets/Tools_Instruments_and_Appliances/Guitar/Natural/4_guitar.jpg","https://tactileeval.s3.us-east-1.amazonaws.com/family_datasets/Tools_Instruments_and_Appliances/Guitar/Tactile/4.jpg","","Guitar","https://tactileeval.s3.us-east-1.amazonaws.com/family_datasets/Tools_Instruments_and_Appliances/Guitar/Natural/5_guitar.jpg","https://tactileeval.s3.us-east-1.amazonaws.com/family_datasets/Tools_Instruments_and_Appliances/Guitar/Tactile/5.jpg","","Guitar","https://tactileeval.s3.us-east-1.amazonaws.com/family_datasets/Tools_Instruments_and_Appliances/Guitar/Natural/6_guitar.jpg","https://tactileeval.s3.us-east-1.amazonaws.com/family_datasets/Tools_Instruments_and_Appliances/Guitar/Tactile/6.jpg","","Guitar","https://tactileeval.s3.us-east-1.amazonaws.com/family_datasets/Tools_Instruments_and_Appliances/Guitar/Natural/7_guitar.webp","https://tactileeval.s3.us-east-1.amazonaws.com/family_datasets/Tools_Instruments_and_Appliances/Guitar/Tactile/7.jpg","","Guitar","https://tactileeval.s3.us-east-1.amazonaws.com/family_datasets/Tools_Instruments_and_Appliances/Guitar/Natural/8_guitar.jpg","https://tactileeval.s3.us-east-1.amazonaws.com/family_datasets/Tools_Instruments_and_Appliances/Guitar/Tactile/8.jpg","","[{""question1"":{""background_clean"":true,""configuration_match"":true,""object_match"":true},""question10"":{""background_clean"":true,""configuration_match"":true,""object_match"":true},""question2"":{""background_clean"":true,""configuration_match"":false,""object_match"":true},""question3"":{""background_clean"":true,""configuration_match"":true,""object_match"":false},""question4"":{""background_clean"":true,""configuration_match"":true,""object_match"":false},""question5"":{""background_clean"":true,""configuration_match"":true,""object_match"":false},""question6"":{""background_clean"":true,""configuration_match"":true,""object_match"":false},""question7"":{""background_clean"":true,""configuration_match"":false,""object_match"":false},""question8"":{""background_clean"":true,""configuration_match"":true,""object_match"":true},""question9"":{""background_clean"":true,""configuration_match"":true,""object_match"":true}}]"
"3G3AJKPCYD6GUXPFK9IIXBTWJ3NY4G","399RPY0FFT5L4AXNGQM3UDNAXJBMKC","Categorize images based on background and posture.","Review 10 line-arts and judge if it has adequate background and configuration. (10 pairs)","tactile, image review, accessibility, tools and appliances","$0.08","Sat Apr 18 05:57:38 PDT 2026","7","BatchId:5385897;OriginalHitTemplateId:928390873;","1200","1296000","Sat Apr 25 05:57:38 PDT 2026","","","3WOKGM4L8UUPNF15LNRJ711ASJJ0OX","A3VCTHO95DZWAQ","Submitted","Sat Apr 18 07:56:25 PDT 2026","Sat Apr 18 07:58:13 PDT 2026","Sun May 03 07:58:13 PDT 2026","","","","108","0% (0/0)","0% (0/0)","0% (0/0)","Camera","https://tactileeval.s3.us-east-1.amazonaws.com/family_datasets/Tools_Instruments_and_Appliances/Camera/Natural/11_Camera.jpeg","https://tactileeval.s3.us-east-1.amazonaws.com/family_datasets/Tools_Instruments_and_Appliances/Camera/Tactile/11.jpg","","Camera","https://tactileeval.s3.us-east-1.amazonaws.com/family_datasets/Tools_Instruments_and_Appliances/Camera/Natural/12_Camera.jpeg","https://tactileeval.s3.us-east-1.amazonaws.com/family_datasets/Tools_Instruments_and_Appliances/Camera/Tactile/12.jpg","","Guitar","https://tactileeval.s3.us-east-1.amazonaws.com/family_datasets/Tools_Instruments_and_Appliances/Guitar/Natural/1_guitar.jpg","https://tactileeval.s3.us-east-1.amazonaws.com/family_datasets/Tools_Instruments_and_Appliances/Guitar/Tactile/1.jpg","","Guitar","https://tactileeval.s3.us-east-1.amazonaws.com/family_datasets/Tools_Instruments_and_Appliances/Guitar/Natural/2_guitar_refined.png","https://tactileeval.s3.us-east-1.amazonaws.com/family_datasets/Tools_Instruments_and_Appliances/Guitar/Tactile/2_refined.png","","Guitar","https://tactileeval.s3.us-east-1.amazonaws.com/family_datasets/Tools_Instruments_and_Appliances/Guitar/Natural/3_guitar.jpg","https://tactileeval.s3.us-east-1.amazonaws.com/family_datasets/Tools_Instruments_and_Appliances/Guitar/Tactile/3.jpg","","Guitar","https://tactileeval.s3.us-east-1.amazonaws.com/family_datasets/Tools_Instruments_and_Appliances/Guitar/Natural/4_guitar.jpg","https://tactileeval.s3.us-east-1.amazonaws.com/family_datasets/Tools_Instruments_and_Appliances/Guitar/Tactile/4.jpg","","Guitar","https://tactileeval.s3.us-east-1.amazonaws.com/family_datasets/Tools_Instruments_and_Appliances/Guitar/Natural/5_guitar.jpg","https://tactileeval.s3.us-east-1.amazonaws.com/family_datasets/Tools_Instruments_and_Appliances/Guitar/Tactile/5.jpg","","Guitar","https://tactileeval.s3.us-east-1.amazonaws.com/family_datasets/Tools_Instruments_and_Appliances/Guitar/Natural/6_guitar.jpg","https://tactileeval.s3.us-east-1.amazonaws.com/family_datasets/Tools_Instruments_and_Appliances/Guitar/Tactile/6.jpg","","Guitar","https://tactileeval.s3.us-east-1.amazonaws.com/family_datasets/Tools_Instruments_and_Appliances/Guitar/Natural/7_guitar.webp","https://tactileeval.s3.us-east-1.amazonaws.com/family_datasets/Tools_Instruments_and_Appliances/Guitar/Tactile/7.jpg","","Guitar","https://tactileeval.s3.us-east-1.amazonaws.com/family_datasets/Tools_Instruments_and_Appliances/Guitar/Natural/8_guitar.jpg","https://tactileeval.s3.us-east-1.amazonaws.com/family_datasets/Tools_Instruments_and_Appliances/Guitar/Tactile/8.jpg","","[{""question1"":{""background_clean"":true,""configuration_match"":true,""object_match"":false},""question10"":{""background_clean"":true,""configuration_match"":true,""object_match"":true},""question2"":{""background_clean"":true,""configuration_match"":true,""object_match"":false},""question3"":{""background_clean"":true,""configuration_match"":true,""object_match"":false},""question4"":{""background_clean"":true,""configuration_match"":false,""object_match"":false},""question5"":{""background_clean"":true,""configuration_match"":true,""object_match"":true},""question6"":{""background_clean"":true,""configuration_match"":true,""object_match"":false},""question7"":{""background_clean"":true,""configuration_match"":true,""object_match"":false},""question8"":{""background_clean"":true,""configuration_match"":true,""object_match"":true},""question9"":{""background_clean"":true,""configuration_match"":true,""object_match"":true}}]"
"3G3AJKPCYD6GUXPFK9IIXBTWJ3NY4G","399RPY0FFT5L4AXNGQM3UDNAXJBMKC","Categorize images based on background and posture.","Review 10 line-arts and judge if it has adequate background and configuration. (10 pairs)","tactile, image review, accessibility, tools and appliances","$0.08","Sat Apr 18 05:57:38 PDT 2026","7","BatchId:5385897;OriginalHitTemplateId:928390873;","1200","1296000","Sat Apr 25 05:57:38 PDT 2026","","","3RWE2M8QXAO75U1TK8R6SC1529F0NJ","A1SMWIBTQ2AESU","Submitted","Sat Apr 18 08:04:10 PDT 2026","Sat Apr 18 08:06:31 PDT 2026","Sun May 03 08:06:31 PDT 2026","","","","141","98% (47/48)","98% (46/47)","98% (46/47)","Camera","https://tactileeval.s3.us-east-1.amazonaws.com/family_datasets/Tools_Instruments_and_Appliances/Camera/Natural/11_Camera.jpeg","https://tactileeval.s3.us-east-1.amazonaws.com/family_datasets/Tools_Instruments_and_Appliances/Camera/Tactile/11.jpg","","Camera","https://tactileeval.s3.us-east-1.amazonaws.com/family_datasets/Tools_Instruments_and_Appliances/Camera/Natural/12_Camera.jpeg","https://tactileeval.s3.us-east-1.amazonaws.com/family_datasets/Tools_Instruments_and_Appliances/Camera/Tactile/12.jpg","","Guitar","https://tactileeval.s3.us-east-1.amazonaws.com/family_datasets/Tools_Instruments_and_Appliances/Guitar/Natural/1_guitar.jpg","https://tactileeval.s3.us-east-1.amazonaws.com/family_datasets/Tools_Instruments_and_Appliances/Guitar/Tactile/1.jpg","","Guitar","https://tactileeval.s3.us-east-1.amazonaws.com/family_datasets/Tools_Instruments_and_Appliances/Guitar/Natural/2_guitar_refined.png","https://tactileeval.s3.us-east-1.amazonaws.com/family_datasets/Tools_Instruments_and_Appliances/Guitar/Tactile/2_refined.png","","Guitar","https://tactileeval.s3.us-east-1.amazonaws.com/family_datasets/Tools_Instruments_and_Appliances/Guitar/Natural/3_guitar.jpg","https://tactileeval.s3.us-east-1.amazonaws.com/family_datasets/Tools_Instruments_and_Appliances/Guitar/Tactile/3.jpg","","Guitar","https://tactileeval.s3.us-east-1.amazonaws.com/family_datasets/Tools_Instruments_and_Appliances/Guitar/Natural/4_guitar.jpg","https://tactileeval.s3.us-east-1.amazonaws.com/family_datasets/Tools_Instruments_and_Appliances/Guitar/Tactile/4.jpg","","Guitar","https://tactileeval.s3.us-east-1.amazonaws.com/family_datasets/Tools_Instruments_and_Appliances/Guitar/Natural/5_guitar.jpg","https://tactileeval.s3.us-east-1.amazonaws.com/family_datasets/Tools_Instruments_and_Appliances/Guitar/Tactile/5.jpg","","Guitar","https://tactileeval.s3.us-east-1.amazonaws.com/family_datasets/Tools_Instruments_and_Appliances/Guitar/Natural/6_guitar.jpg","https://tactileeval.s3.us-east-1.amazonaws.com/family_datasets/Tools_Instruments_and_Appliances/Guitar/Tactile/6.jpg","","Guitar","https://tactileeval.s3.us-east-1.amazonaws.com/family_datasets/Tools_Instruments_and_Appliances/Guitar/Natural/7_guitar.webp","https://tactileeval.s3.us-east-1.amazonaws.com/family_datasets/Tools_Instruments_and_Appliances/Guitar/Tactile/7.jpg","","Guitar","https://tactileeval.s3.us-east-1.amazonaws.com/family_datasets/Tools_Instruments_and_Appliances/Guitar/Natural/8_guitar.jpg","https://tactileeval.s3.us-east-1.amazonaws.com/family_datasets/Tools_Instruments_and_Appliances/Guitar/Tactile/8.jpg","","[{""question1"":{""background_clean"":true,""configuration_match"":true,""object_match"":false},""question10"":{""background_clean"":true,""configuration_match"":true,""object_match"":true},""question2"":{""background_clean"":true,""configuration_match"":true,""object_match"":false},""question3"":{""background_clean"":true,""configuration_match"":true,""object_match"":false},""question4"":{""background_clean"":true,""configuration_match"":true,""object_match"":false},""question5"":{""background_clean"":true,""configuration_match"":true,""object_match"":false},""question6"":{""background_clean"":true,""configuration_match"":true,""object_match"":true},""question7"":{""background_clean"":true,""configuration_match"":false,""object_match"":false},""question8"":{""background_clean"":true,""configuration_match"":true,""object_match"":true},""question9"":{""background_clean"":true,""configuration_match"":true,""object_match"":true}}]"
"3G3AJKPCYD6GUXPFK9IIXBTWJ3NY4G","399RPY0FFT5L4AXNGQM3UDNAXJBMKC","Categorize images based on background and posture.","Review 10 line-arts and judge if it has adequate background and configuration. (10 pairs)","tactile, image review, accessibility, tools and appliances","$0.08","Sat Apr 18 05:57:38 PDT 2026","7","BatchId:5385897;OriginalHitTemplateId:928390873;","1200","1296000","Sat Apr 25 05:57:38 PDT 2026","","","373ERPL3ZHMT01QCBHWXL78K0H1TRC","AJZHPDCKUVRM8","Submitted","Sat Apr 18 08:12:57 PDT 2026","Sat Apr 18 08:13:57 PDT 2026","Sun May 03 08:13:57 PDT 2026","","","","60","100% (52/52)","100% (52/52)","100% (52/52)","Camera","https://tactileeval.s3.us-east-1.amazonaws.com/family_datasets/Tools_Instruments_and_Appliances/Camera/Natural/11_Camera.jpeg","https://tactileeval.s3.us-east-1.amazonaws.com/family_datasets/Tools_Instruments_and_Appliances/Camera/Tactile/11.jpg","","Camera","https://tactileeval.s3.us-east-1.amazonaws.com/family_datasets/Tools_Instruments_and_Appliances/Camera/Natural/12_Camera.jpeg","https://tactileeval.s3.us-east-1.amazonaws.com/family_datasets/Tools_Instruments_and_Appliances/Camera/Tactile/12.jpg","","Guitar","https://tactileeval.s3.us-east-1.amazonaws.com/family_datasets/Tools_Instruments_and_Appliances/Guitar/Natural/1_guitar.jpg","https://tactileeval.s3.us-east-1.amazonaws.com/family_datasets/Tools_Instruments_and_Appliances/Guitar/Tactile/1.jpg","","Guitar","https://tactileeval.s3.us-east-1.amazonaws.com/family_datasets/Tools_Instruments_and_Appliances/Guitar/Natural/2_guitar_refined.png","https://tactileeval.s3.us-east-1.amazonaws.com/family_datasets/Tools_Instruments_and_Appliances/Guitar/Tactile/2_refined.png","","Guitar","https://tactileeval.s3.us-east-1.amazonaws.com/family_datasets/Tools_Instruments_and_Appliances/Guitar/Natural/3_guitar.jpg","https://tactileeval.s3.us-east-1.amazonaws.com/family_datasets/Tools_Instruments_and_Appliances/Guitar/Tactile/3.jpg","","Guitar","https://tactileeval.s3.us-east-1.amazonaws.com/family_datasets/Tools_Instruments_and_Appliances/Guitar/Natural/4_guitar.jpg","https://tactileeval.s3.us-east-1.amazonaws.com/family_datasets/Tools_Instruments_and_Appliances/Guitar/Tactile/4.jpg","","Guitar","https://tactileeval.s3.us-east-1.amazonaws.com/family_datasets/Tools_Instruments_and_Appliances/Guitar/Natural/5_guitar.jpg","https://tactileeval.s3.us-east-1.amazonaws.com/family_datasets/Tools_Instruments_and_Appliances/Guitar/Tactile/5.jpg","","Guitar","https://tactileeval.s3.us-east-1.amazonaws.com/family_datasets/Tools_Instruments_and_Appliances/Guitar/Natural/6_guitar.jpg","https://tactileeval.s3.us-east-1.amazonaws.com/family_datasets/Tools_Instruments_and_Appliances/Guitar/Tactile/6.jpg","","Guitar","https://tactileeval.s3.us-east-1.amazonaws.com/family_datasets/Tools_Instruments_and_Appliances/Guitar/Natural/7_guitar.webp","https://tactileeval.s3.us-east-1.amazonaws.com/family_datasets/Tools_Instruments_and_Appliances/Guitar/Tactile/7.jpg","","Guitar","https://tactileeval.s3.us-east-1.amazonaws.com/family_datasets/Tools_Instruments_and_Appliances/Guitar/Natural/8_guitar.jpg","https://tactileeval.s3.us-east-1.amazonaws.com/family_datasets/Tools_Instruments_and_Appliances/Guitar/Tactile/8.jpg","","[{""question1"":{""background_clean"":true,""configuration_match"":true,""object_match"":false},""question10"":{""background_clean"":true,""configuration_match"":true,""object_match"":false},""question2"":{""background_clean"":true,""configuration_match"":true,""object_match"":false},""question3"":{""background_clean"":true,""configuration_match"":true,""object_match"":false},""question4"":{""background_clean"":false,""configuration_match"":true,""object_match"":false},""question5"":{""background_clean"":false,""configuration_match"":true,""object_match"":false},""question6"":{""background_clean"":false,""configuration_match"":true,""object_match"":false},""question7"":{""background_clean"":true,""configuration_match"":true,""object_match"":false},""question8"":{""background_clean"":true,""configuration_match"":true,""object_match"":true},""question9"":{""background_clean"":true,""configuration_match"":true,""object_match"":true}}]"
"3YGE63DIO0BV64CEM7DS0BI3RJ80W4","399RPY0FFT5L4AXNGQM3UDNAXJBMKC","Categorize images based on background and posture.","Review 10 line-arts and judge if it has adequate background and configuration. (10 pairs)","tactile, image review, accessibility, tools and appliances","$0.08","Sat Apr 18 05:57:38 PDT 2026","7","BatchId:5385897;OriginalHitTemplateId:928390873;","1200","1296000","Sat Apr 25 05:57:38 PDT 2026","","","3E13VNJ1OG9FYIBKJBIE19OYL2G1IW","A2NQZ2QIHRXC8A","Submitted","Sat Apr 18 06:29:04 PDT 2026","Sat Apr 18 06:31:04 PDT 2026","Sun May 03 06:31:04 PDT 2026","","","","120","100% (1/1)","0% (0/0)","0% (0/0)","Guitar","https://tactileeval.s3.us-east-1.amazonaws.com/family_datasets/Tools_Instruments_and_Appliances/Guitar/Natural/9_guitar.jpg","https://tactileeval.s3.us-east-1.amazonaws.com/family_datasets/Tools_Instruments_and_Appliances/Guitar/Tactile/9.jpg","","Guitar","https://tactileeval.s3.us-east-1.amazonaws.com/family_datasets/Tools_Instruments_and_Appliances/Guitar/Natural/10_guitar.jpg","https://tactileeval.s3.us-east-1.amazonaws.com/family_datasets/Tools_Instruments_and_Appliances/Guitar/Tactile/10.jpg","","Guitar","https://tactileeval.s3.us-east-1.amazonaws.com/family_datasets/Tools_Instruments_and_Appliances/Guitar/Natural/11_guitar.jpg","https://tactileeval.s3.us-east-1.amazonaws.com/family_datasets/Tools_Instruments_and_Appliances/Guitar/Tactile/11.jpg","","Guitar","https://tactileeval.s3.us-east-1.amazonaws.com/family_datasets/Tools_Instruments_and_Appliances/Guitar/Natural/12_guitar.webp","https://tactileeval.s3.us-east-1.amazonaws.com/family_datasets/Tools_Instruments_and_Appliances/Guitar/Tactile/12.jpg","","Guitar","https://tactileeval.s3.us-east-1.amazonaws.com/family_datasets/Tools_Instruments_and_Appliances/Guitar/Natural/13_guitar.jpg","https://tactileeval.s3.us-east-1.amazonaws.com/family_datasets/Tools_Instruments_and_Appliances/Guitar/Tactile/13.jpg","","Guitar","https://tactileeval.s3.us-east-1.amazonaws.com/family_datasets/Tools_Instruments_and_Appliances/Guitar/Natural/14_guitar.webp","https://tactileeval.s3.us-east-1.amazonaws.com/family_datasets/Tools_Instruments_and_Appliances/Guitar/Tactile/14.jpg","","Guitar","https://tactileeval.s3.us-east-1.amazonaws.com/family_datasets/Tools_Instruments_and_Appliances/Guitar/Natural/15_guitar.jpg","https://tactileeval.s3.us-east-1.amazonaws.com/family_datasets/Tools_Instruments_and_Appliances/Guitar/Tactile/15.jpg","","Guitar","https://tactileeval.s3.us-east-1.amazonaws.com/family_datasets/Tools_Instruments_and_Appliances/Guitar/Natural/16_guitar.jpg","https://tactileeval.s3.us-east-1.amazonaws.com/family_datasets/Tools_Instruments_and_Appliances/Guitar/Tactile/16.jpg","","Guitar","https://tactileeval.s3.us-east-1.amazonaws.com/family_datasets/Tools_Instruments_and_Appliances/Guitar/Natural/17_guitar.webp","https://tactileeval.s3.us-east-1.amazonaws.com/family_datasets/Tools_Instruments_and_Appliances/Guitar/Tactile/17.jpg","","Guitar","https://tactileeval.s3.us-east-1.amazonaws.com/family_datasets/Tools_Instruments_and_Appliances/Guitar/Natural/18_guitar.jpg","https://tactileeval.s3.us-east-1.amazonaws.com/family_datasets/Tools_Instruments_and_Appliances/Guitar/Tactile/18.jpg","","[{""question1"":{""background_clean"":true,""configuration_match"":true,""object_match"":true},""question10"":{""background_clean"":false,""configuration_match"":true,""object_match"":true},""question2"":{""background_clean"":true,""configuration_match"":true,""object_match"":true},""question3"":{""background_clean"":true,""configuration_match"":false,""object_match"":false},""question4"":{""background_clean"":true,""configuration_match"":true,""object_match"":true},""question5"":{""background_clean"":true,""configuration_match"":true,""object_match"":true},""question6"":{""background_clean"":true,""configuration_match"":false,""object_match"":true},""question7"":{""background_clean"":true,""configuration_match"":true,""object_match"":true},""question8"":{""background_clean"":false,""configuration_match"":true,""object_match"":true},""question9"":{""background_clean"":true,""configuration_match"":false,""object_match"":true}}]"
"3YGE63DIO0BV64CEM7DS0BI3RJ80W4","399RPY0FFT5L4AXNGQM3UDNAXJBMKC","Categorize images based on background and posture.","Review 10 line-arts and judge if it has adequate background and configuration. (10 pairs)","tactile, image review, accessibility, tools and appliances","$0.08","Sat Apr 18 05:57:38 PDT 2026","7","BatchId:5385897;OriginalHitTemplateId:928390873;","1200","1296000","Sat Apr 25 05:57:38 PDT 2026","","","3PH3VY7DKEBUU9GXG3VLUUHIDSTZWS","A2VMQ3OKPH6O98","Submitted","Sat Apr 18 07:16:23 PDT 2026","Sat Apr 18 07:22:27 PDT 2026","Sun May 03 07:22:27 PDT 2026","","","","364","0% (0/0)","0% (0/0)","0% (0/0)","Guitar","https://tactileeval.s3.us-east-1.amazonaws.com/family_datasets/Tools_Instruments_and_Appliances/Guitar/Natural/9_guitar.jpg","https://tactileeval.s3.us-east-1.amazonaws.com/family_datasets/Tools_Instruments_and_Appliances/Guitar/Tactile/9.jpg","","Guitar","https://tactileeval.s3.us-east-1.amazonaws.com/family_datasets/Tools_Instruments_and_Appliances/Guitar/Natural/10_guitar.jpg","https://tactileeval.s3.us-east-1.amazonaws.com/family_datasets/Tools_Instruments_and_Appliances/Guitar/Tactile/10.jpg","","Guitar","https://tactileeval.s3.us-east-1.amazonaws.com/family_datasets/Tools_Instruments_and_Appliances/Guitar/Natural/11_guitar.jpg","https://tactileeval.s3.us-east-1.amazonaws.com/family_datasets/Tools_Instruments_and_Appliances/Guitar/Tactile/11.jpg","","Guitar","https://tactileeval.s3.us-east-1.amazonaws.com/family_datasets/Tools_Instruments_and_Appliances/Guitar/Natural/12_guitar.webp","https://tactileeval.s3.us-east-1.amazonaws.com/family_datasets/Tools_Instruments_and_Appliances/Guitar/Tactile/12.jpg","","Guitar","https://tactileeval.s3.us-east-1.amazonaws.com/family_datasets/Tools_Instruments_and_Appliances/Guitar/Natural/13_guitar.jpg","https://tactileeval.s3.us-east-1.amazonaws.com/family_datasets/Tools_Instruments_and_Appliances/Guitar/Tactile/13.jpg","","Guitar","https://tactileeval.s3.us-east-1.amazonaws.com/family_datasets/Tools_Instruments_and_Appliances/Guitar/Natural/14_guitar.webp","https://tactileeval.s3.us-east-1.amazonaws.com/family_datasets/Tools_Instruments_and_Appliances/Guitar/Tactile/14.jpg","","Guitar","https://tactileeval.s3.us-east-1.amazonaws.com/family_datasets/Tools_Instruments_and_Appliances/Guitar/Natural/15_guitar.jpg","https://tactileeval.s3.us-east-1.amazonaws.com/family_datasets/Tools_Instruments_and_Appliances/Guitar/Tactile/15.jpg","","Guitar","https://tactileeval.s3.us-east-1.amazonaws.com/family_datasets/Tools_Instruments_and_Appliances/Guitar/Natural/16_guitar.jpg","https://tactileeval.s3.us-east-1.amazonaws.com/family_datasets/Tools_Instruments_and_Appliances/Guitar/Tactile/16.jpg","","Guitar","https://tactileeval.s3.us-east-1.amazonaws.com/family_datasets/Tools_Instruments_and_Appliances/Guitar/Natural/17_guitar.webp","https://tactileeval.s3.us-east-1.amazonaws.com/family_datasets/Tools_Instruments_and_Appliances/Guitar/Tactile/17.jpg","","Guitar","https://tactileeval.s3.us-east-1.amazonaws.com/family_datasets/Tools_Instruments_and_Appliances/Guitar/Natural/18_guitar.jpg","https://tactileeval.s3.us-east-1.amazonaws.com/family_datasets/Tools_Instruments_and_Appliances/Guitar/Tactile/18.jpg","","[{""question1"":{""background_clean"":true,""configuration_match"":true,""object_match"":true},""question10"":{""background_clean"":false,""configuration_match"":false,""object_match"":true},""question2"":{""background_clean"":true,""configuration_match"":true,""object_match"":true},""question3"":{""background_clean"":true,""configuration_match"":false,""object_match"":true},""question4"":{""background_clean"":true,""configuration_match"":false,""object_match"":true},""question5"":{""background_clean"":true,""configuration_match"":true,""object_match"":true},""question6"":{""background_clean"":false,""configuration_match"":false,""object_match"":true},""question7"":{""background_clean"":false,""configuration_match"":false,""object_match"":true},""question8"":{""background_clean"":false,""configuration_match"":true,""object_match"":true},""question9"":{""background_clean"":false,""configuration_match"":true,""object_match"":true}}]"
"3YGE63DIO0BV64CEM7DS0BI3RJ80W4","399RPY0FFT5L4AXNGQM3UDNAXJBMKC","Categorize images based on background and posture.","Review 10 line-arts and judge if it has adequate background and configuration. (10 pairs)","tactile, image review, accessibility, tools and appliances","$0.08","Sat Apr 18 05:57:38 PDT 2026","7","BatchId:5385897;OriginalHitTemplateId:928390873;","1200","1296000","Sat Apr 25 05:57:38 PDT 2026","","","3EICBYG65XAVGW5OHQSYU6MP2E0CJD","A1KXF2L2ZGQXJK","Submitted","Sat Apr 18 07:36:39 PDT 2026","Sat Apr 18 07:37:35 PDT 2026","Sun May 03 07:37:35 PDT 2026","","","","56","0% (0/0)","0% (0/0)","0% (0/0)","Guitar","https://tactileeval.s3.us-east-1.amazonaws.com/family_datasets/Tools_Instruments_and_Appliances/Guitar/Natural/9_guitar.jpg","https://tactileeval.s3.us-east-1.amazonaws.com/family_datasets/Tools_Instruments_and_Appliances/Guitar/Tactile/9.jpg","","Guitar","https://tactileeval.s3.us-east-1.amazonaws.com/family_datasets/Tools_Instruments_and_Appliances/Guitar/Natural/10_guitar.jpg","https://tactileeval.s3.us-east-1.amazonaws.com/family_datasets/Tools_Instruments_and_Appliances/Guitar/Tactile/10.jpg","","Guitar","https://tactileeval.s3.us-east-1.amazonaws.com/family_datasets/Tools_Instruments_and_Appliances/Guitar/Natural/11_guitar.jpg","https://tactileeval.s3.us-east-1.amazonaws.com/family_datasets/Tools_Instruments_and_Appliances/Guitar/Tactile/11.jpg","","Guitar","https://tactileeval.s3.us-east-1.amazonaws.com/family_datasets/Tools_Instruments_and_Appliances/Guitar/Natural/12_guitar.webp","https://tactileeval.s3.us-east-1.amazonaws.com/family_datasets/Tools_Instruments_and_Appliances/Guitar/Tactile/12.jpg","","Guitar","https://tactileeval.s3.us-east-1.amazonaws.com/family_datasets/Tools_Instruments_and_Appliances/Guitar/Natural/13_guitar.jpg","https://tactileeval.s3.us-east-1.amazonaws.com/family_datasets/Tools_Instruments_and_Appliances/Guitar/Tactile/13.jpg","","Guitar","https://tactileeval.s3.us-east-1.amazonaws.com/family_datasets/Tools_Instruments_and_Appliances/Guitar/Natural/14_guitar.webp","https://tactileeval.s3.us-east-1.amazonaws.com/family_datasets/Tools_Instruments_and_Appliances/Guitar/Tactile/14.jpg","","Guitar","https://tactileeval.s3.us-east-1.amazonaws.com/family_datasets/Tools_Instruments_and_Appliances/Guitar/Natural/15_guitar.jpg","https://tactileeval.s3.us-east-1.amazonaws.com/family_datasets/Tools_Instruments_and_Appliances/Guitar/Tactile/15.jpg","","Guitar","https://tactileeval.s3.us-east-1.amazonaws.com/family_datasets/Tools_Instruments_and_Appliances/Guitar/Natural/16_guitar.jpg","https://tactileeval.s3.us-east-1.amazonaws.com/family_datasets/Tools_Instruments_and_Appliances/Guitar/Tactile/16.jpg","","Guitar","https://tactileeval.s3.us-east-1.amazonaws.com/family_datasets/Tools_Instruments_and_Appliances/Guitar/Natural/17_guitar.webp","https://tactileeval.s3.us-east-1.amazonaws.com/family_datasets/Tools_Instruments_and_Appliances/Guitar/Tactile/17.jpg","","Guitar","https://tactileeval.s3.us-east-1.amazonaws.com/family_datasets/Tools_Instruments_and_Appliances/Guitar/Natural/18_guitar.jpg","https://tactileeval.s3.us-east-1.amazonaws.com/family_datasets/Tools_Instruments_and_Appliances/Guitar/Tactile/18.jpg","","[{""question1"":{""background_clean"":true,""configuration_match"":true,""object_match"":true},""question10"":{""background_clean"":true,""configuration_match"":true,""object_match"":false},""question2"":{""background_clean"":true,""configuration_match"":true,""object_match"":true},""question3"":{""background_clean"":true,""configuration_match"":true,""object_match"":false},""question4"":{""background_clean"":true,""configuration_match"":true,""object_match"":false},""question5"":{""background_clean"":true,""configuration_match"":true,""object_match"":true},""question6"":{""background_clean"":true,""configuration_match"":true,""object_match"":false},""question7"":{""background_clean"":true,""configuration_match"":true,""object_match"":false},""question8"":{""background_clean"":false,""configuration_match"":true,""object_match"":true},""question9"":{""background_clean"":true,""configuration_match"":true,""object_match"":false}}]"
"3YGE63DIO0BV64CEM7DS0BI3RJ80W4","399RPY0FFT5L4AXNGQM3UDNAXJBMKC","Categorize images based on background and posture.","Review 10 line-arts and judge if it has adequate background and configuration. (10 pairs)","tactile, image review, accessibility, tools and appliances","$0.08","Sat Apr 18 05:57:38 PDT 2026","7","BatchId:5385897;OriginalHitTemplateId:928390873;","1200","1296000","Sat Apr 25 05:57:38 PDT 2026","","","3LWJHTCVD50J5VTB3I28ZDJEDMKFQI","A3UPEZR0XSE052","Submitted","Sat Apr 18 07:33:32 PDT 2026","Sat Apr 18 07:41:32 PDT 2026","Sun May 03 07:41:32 PDT 2026","","","","480","50% (1/2)","0% (0/1)","0% (0/1)","Guitar","https://tactileeval.s3.us-east-1.amazonaws.com/family_datasets/Tools_Instruments_and_Appliances/Guitar/Natural/9_guitar.jpg","https://tactileeval.s3.us-east-1.amazonaws.com/family_datasets/Tools_Instruments_and_Appliances/Guitar/Tactile/9.jpg","","Guitar","https://tactileeval.s3.us-east-1.amazonaws.com/family_datasets/Tools_Instruments_and_Appliances/Guitar/Natural/10_guitar.jpg","https://tactileeval.s3.us-east-1.amazonaws.com/family_datasets/Tools_Instruments_and_Appliances/Guitar/Tactile/10.jpg","","Guitar","https://tactileeval.s3.us-east-1.amazonaws.com/family_datasets/Tools_Instruments_and_Appliances/Guitar/Natural/11_guitar.jpg","https://tactileeval.s3.us-east-1.amazonaws.com/family_datasets/Tools_Instruments_and_Appliances/Guitar/Tactile/11.jpg","","Guitar","https://tactileeval.s3.us-east-1.amazonaws.com/family_datasets/Tools_Instruments_and_Appliances/Guitar/Natural/12_guitar.webp","https://tactileeval.s3.us-east-1.amazonaws.com/family_datasets/Tools_Instruments_and_Appliances/Guitar/Tactile/12.jpg","","Guitar","https://tactileeval.s3.us-east-1.amazonaws.com/family_datasets/Tools_Instruments_and_Appliances/Guitar/Natural/13_guitar.jpg","https://tactileeval.s3.us-east-1.amazonaws.com/family_datasets/Tools_Instruments_and_Appliances/Guitar/Tactile/13.jpg","","Guitar","https://tactileeval.s3.us-east-1.amazonaws.com/family_datasets/Tools_Instruments_and_Appliances/Guitar/Natural/14_guitar.webp","https://tactileeval.s3.us-east-1.amazonaws.com/family_datasets/Tools_Instruments_and_Appliances/Guitar/Tactile/14.jpg","","Guitar","https://tactileeval.s3.us-east-1.amazonaws.com/family_datasets/Tools_Instruments_and_Appliances/Guitar/Natural/15_guitar.jpg","https://tactileeval.s3.us-east-1.amazonaws.com/family_datasets/Tools_Instruments_and_Appliances/Guitar/Tactile/15.jpg","","Guitar","https://tactileeval.s3.us-east-1.amazonaws.com/family_datasets/Tools_Instruments_and_Appliances/Guitar/Natural/16_guitar.jpg","https://tactileeval.s3.us-east-1.amazonaws.com/family_datasets/Tools_Instruments_and_Appliances/Guitar/Tactile/16.jpg","","Guitar","https://tactileeval.s3.us-east-1.amazonaws.com/family_datasets/Tools_Instruments_and_Appliances/Guitar/Natural/17_guitar.webp","https://tactileeval.s3.us-east-1.amazonaws.com/family_datasets/Tools_Instruments_and_Appliances/Guitar/Tactile/17.jpg","","Guitar","https://tactileeval.s3.us-east-1.amazonaws.com/family_datasets/Tools_Instruments_and_Appliances/Guitar/Natural/18_guitar.jpg","https://tactileeval.s3.us-east-1.amazonaws.com/family_datasets/Tools_Instruments_and_Appliances/Guitar/Tactile/18.jpg","","[{""question1"":{""background_clean"":true,""configuration_match"":true,""object_match"":false},""question10"":{""background_clean"":true,""configuration_match"":true,""object_match"":false},""question2"":{""background_clean"":true,""configuration_match"":true,""object_match"":true},""question3"":{""background_clean"":true,""configuration_match"":true,""object_match"":false},""question4"":{""background_clean"":true,""configuration_match"":true,""object_match"":false},""question5"":{""background_clean"":true,""configuration_match"":true,""object_match"":true},""question6"":{""background_clean"":true,""configuration_match"":true,""object_match"":false},""question7"":{""background_clean"":true,""configuration_match"":true,""object_match"":true},""question8"":{""background_clean"":true,""configuration_match"":true,""object_match"":true},""question9"":{""background_clean"":true,""configuration_match"":true,""object_match"":false}}]"
"3YGE63DIO0BV64CEM7DS0BI3RJ80W4","399RPY0FFT5L4AXNGQM3UDNAXJBMKC","Categorize images based on background and posture.","Review 10 line-arts and judge if it has adequate background and configuration. (10 pairs)","tactile, image review, accessibility, tools and appliances","$0.08","Sat Apr 18 05:57:38 PDT 2026","7","BatchId:5385897;OriginalHitTemplateId:928390873;","1200","1296000","Sat Apr 25 05:57:38 PDT 2026","","","36AHBNMV2KQVGD613MOCOZJV0IQDYD","A3VCTHO95DZWAQ","Submitted","Sat Apr 18 07:51:52 PDT 2026","Sat Apr 18 07:53:34 PDT 2026","Sun May 03 07:53:34 PDT 2026","","","","102","0% (0/0)","0% (0/0)","0% (0/0)","Guitar","https://tactileeval.s3.us-east-1.amazonaws.com/family_datasets/Tools_Instruments_and_Appliances/Guitar/Natural/9_guitar.jpg","https://tactileeval.s3.us-east-1.amazonaws.com/family_datasets/Tools_Instruments_and_Appliances/Guitar/Tactile/9.jpg","","Guitar","https://tactileeval.s3.us-east-1.amazonaws.com/family_datasets/Tools_Instruments_and_Appliances/Guitar/Natural/10_guitar.jpg","https://tactileeval.s3.us-east-1.amazonaws.com/family_datasets/Tools_Instruments_and_Appliances/Guitar/Tactile/10.jpg","","Guitar","https://tactileeval.s3.us-east-1.amazonaws.com/family_datasets/Tools_Instruments_and_Appliances/Guitar/Natural/11_guitar.jpg","https://tactileeval.s3.us-east-1.amazonaws.com/family_datasets/Tools_Instruments_and_Appliances/Guitar/Tactile/11.jpg","","Guitar","https://tactileeval.s3.us-east-1.amazonaws.com/family_datasets/Tools_Instruments_and_Appliances/Guitar/Natural/12_guitar.webp","https://tactileeval.s3.us-east-1.amazonaws.com/family_datasets/Tools_Instruments_and_Appliances/Guitar/Tactile/12.jpg","","Guitar","https://tactileeval.s3.us-east-1.amazonaws.com/family_datasets/Tools_Instruments_and_Appliances/Guitar/Natural/13_guitar.jpg","https://tactileeval.s3.us-east-1.amazonaws.com/family_datasets/Tools_Instruments_and_Appliances/Guitar/Tactile/13.jpg","","Guitar","https://tactileeval.s3.us-east-1.amazonaws.com/family_datasets/Tools_Instruments_and_Appliances/Guitar/Natural/14_guitar.webp","https://tactileeval.s3.us-east-1.amazonaws.com/family_datasets/Tools_Instruments_and_Appliances/Guitar/Tactile/14.jpg","","Guitar","https://tactileeval.s3.us-east-1.amazonaws.com/family_datasets/Tools_Instruments_and_Appliances/Guitar/Natural/15_guitar.jpg","https://tactileeval.s3.us-east-1.amazonaws.com/family_datasets/Tools_Instruments_and_Appliances/Guitar/Tactile/15.jpg","","Guitar","https://tactileeval.s3.us-east-1.amazonaws.com/family_datasets/Tools_Instruments_and_Appliances/Guitar/Natural/16_guitar.jpg","https://tactileeval.s3.us-east-1.amazonaws.com/family_datasets/Tools_Instruments_and_Appliances/Guitar/Tactile/16.jpg","","Guitar","https://tactileeval.s3.us-east-1.amazonaws.com/family_datasets/Tools_Instruments_and_Appliances/Guitar/Natural/17_guitar.webp","https://tactileeval.s3.us-east-1.amazonaws.com/family_datasets/Tools_Instruments_and_Appliances/Guitar/Tactile/17.jpg","","Guitar","https://tactileeval.s3.us-east-1.amazonaws.com/family_datasets/Tools_Instruments_and_Appliances/Guitar/Natural/18_guitar.jpg","https://tactileeval.s3.us-east-1.amazonaws.com/family_datasets/Tools_Instruments_and_Appliances/Guitar/Tactile/18.jpg","","[{""question1"":{""background_clean"":true,""configuration_match"":true,""object_match"":false},""question10"":{""background_clean"":true,""configuration_match"":true,""object_match"":true},""question2"":{""background_clean"":true,""configuration_match"":true,""object_match"":true},""question3"":{""background_clean"":true,""configuration_match"":false,""object_match"":false},""question4"":{""background_clean"":true,""configuration_match"":true,""object_match"":true},""question5"":{""background_clean"":true,""configuration_match"":true,""object_match"":true},""question6"":{""background_clean"":true,""configuration_match"":true,""object_match"":true},""question7"":{""background_clean"":true,""configuration_match"":true,""object_match"":true},""question8"":{""background_clean"":true,""configuration_match"":true,""object_match"":true},""question9"":{""background_clean"":true,""configuration_match"":true,""object_match"":true}}]"
"3YGE63DIO0BV64CEM7DS0BI3RJ80W4","399RPY0FFT5L4AXNGQM3UDNAXJBMKC","Categorize images based on background and posture.","Review 10 line-arts and judge if it has adequate background and configuration. (10 pairs)","tactile, image review, accessibility, tools and appliances","$0.08","Sat Apr 18 05:57:38 PDT 2026","7","BatchId:5385897;OriginalHitTemplateId:928390873;","1200","1296000","Sat Apr 25 05:57:38 PDT 2026","","","3R9WASFE3SUSJNU2QELLQ6VIIPBZF2","A2D07SVRO4UFVL","Submitted","Sat Apr 18 08:05:55 PDT 2026","Sat Apr 18 08:06:51 PDT 2026","Sun May 03 08:06:51 PDT 2026","","","","56","81% (22/27)","80% (20/25)","80% (20/25)","Guitar","https://tactileeval.s3.us-east-1.amazonaws.com/family_datasets/Tools_Instruments_and_Appliances/Guitar/Natural/9_guitar.jpg","https://tactileeval.s3.us-east-1.amazonaws.com/family_datasets/Tools_Instruments_and_Appliances/Guitar/Tactile/9.jpg","","Guitar","https://tactileeval.s3.us-east-1.amazonaws.com/family_datasets/Tools_Instruments_and_Appliances/Guitar/Natural/10_guitar.jpg","https://tactileeval.s3.us-east-1.amazonaws.com/family_datasets/Tools_Instruments_and_Appliances/Guitar/Tactile/10.jpg","","Guitar","https://tactileeval.s3.us-east-1.amazonaws.com/family_datasets/Tools_Instruments_and_Appliances/Guitar/Natural/11_guitar.jpg","https://tactileeval.s3.us-east-1.amazonaws.com/family_datasets/Tools_Instruments_and_Appliances/Guitar/Tactile/11.jpg","","Guitar","https://tactileeval.s3.us-east-1.amazonaws.com/family_datasets/Tools_Instruments_and_Appliances/Guitar/Natural/12_guitar.webp","https://tactileeval.s3.us-east-1.amazonaws.com/family_datasets/Tools_Instruments_and_Appliances/Guitar/Tactile/12.jpg","","Guitar","https://tactileeval.s3.us-east-1.amazonaws.com/family_datasets/Tools_Instruments_and_Appliances/Guitar/Natural/13_guitar.jpg","https://tactileeval.s3.us-east-1.amazonaws.com/family_datasets/Tools_Instruments_and_Appliances/Guitar/Tactile/13.jpg","","Guitar","https://tactileeval.s3.us-east-1.amazonaws.com/family_datasets/Tools_Instruments_and_Appliances/Guitar/Natural/14_guitar.webp","https://tactileeval.s3.us-east-1.amazonaws.com/family_datasets/Tools_Instruments_and_Appliances/Guitar/Tactile/14.jpg","","Guitar","https://tactileeval.s3.us-east-1.amazonaws.com/family_datasets/Tools_Instruments_and_Appliances/Guitar/Natural/15_guitar.jpg","https://tactileeval.s3.us-east-1.amazonaws.com/family_datasets/Tools_Instruments_and_Appliances/Guitar/Tactile/15.jpg","","Guitar","https://tactileeval.s3.us-east-1.amazonaws.com/family_datasets/Tools_Instruments_and_Appliances/Guitar/Natural/16_guitar.jpg","https://tactileeval.s3.us-east-1.amazonaws.com/family_datasets/Tools_Instruments_and_Appliances/Guitar/Tactile/16.jpg","","Guitar","https://tactileeval.s3.us-east-1.amazonaws.com/family_datasets/Tools_Instruments_and_Appliances/Guitar/Natural/17_guitar.webp","https://tactileeval.s3.us-east-1.amazonaws.com/family_datasets/Tools_Instruments_and_Appliances/Guitar/Tactile/17.jpg","","Guitar","https://tactileeval.s3.us-east-1.amazonaws.com/family_datasets/Tools_Instruments_and_Appliances/Guitar/Natural/18_guitar.jpg","https://tactileeval.s3.us-east-1.amazonaws.com/family_datasets/Tools_Instruments_and_Appliances/Guitar/Tactile/18.jpg","","[{""question1"":{""background_clean"":true,""configuration_match"":true,""object_match"":false},""question10"":{""background_clean"":true,""configuration_match"":false,""object_match"":false},""question2"":{""background_clean"":true,""configuration_match"":true,""object_match"":true},""question3"":{""background_clean"":true,""configuration_match"":false,""object_match"":false},""question4"":{""background_clean"":true,""configuration_match"":true,""object_match"":false},""question5"":{""background_clean"":true,""configuration_match"":true,""object_match"":true},""question6"":{""background_clean"":true,""configuration_match"":false,""object_match"":false},""question7"":{""background_clean"":true,""configuration_match"":true,""object_match"":false},""question8"":{""background_clean"":false,""configuration_match"":true,""object_match"":false},""question9"":{""background_clean"":true,""configuration_match"":true,""object_match"":false}}]"
"3YGE63DIO0BV64CEM7DS0BI3RJ80W4","399RPY0FFT5L4AXNGQM3UDNAXJBMKC","Categorize images based on background and posture.","Review 10 line-arts and judge if it has adequate background and configuration. (10 pairs)","tactile, image review, accessibility, tools and appliances","$0.08","Sat Apr 18 05:57:38 PDT 2026","7","BatchId:5385897;OriginalHitTemplateId:928390873;","1200","1296000","Sat Apr 25 05:57:38 PDT 2026","","","3K4J6M3CY77XWFIPP6B4RY4LAJ5GAI","A1SMWIBTQ2AESU","Submitted","Sat Apr 18 08:04:13 PDT 2026","Sat Apr 18 08:09:11 PDT 2026","Sun May 03 08:09:11 PDT 2026","","","","298","98% (47/48)","98% (46/47)","98% (46/47)","Guitar","https://tactileeval.s3.us-east-1.amazonaws.com/family_datasets/Tools_Instruments_and_Appliances/Guitar/Natural/9_guitar.jpg","https://tactileeval.s3.us-east-1.amazonaws.com/family_datasets/Tools_Instruments_and_Appliances/Guitar/Tactile/9.jpg","","Guitar","https://tactileeval.s3.us-east-1.amazonaws.com/family_datasets/Tools_Instruments_and_Appliances/Guitar/Natural/10_guitar.jpg","https://tactileeval.s3.us-east-1.amazonaws.com/family_datasets/Tools_Instruments_and_Appliances/Guitar/Tactile/10.jpg","","Guitar","https://tactileeval.s3.us-east-1.amazonaws.com/family_datasets/Tools_Instruments_and_Appliances/Guitar/Natural/11_guitar.jpg","https://tactileeval.s3.us-east-1.amazonaws.com/family_datasets/Tools_Instruments_and_Appliances/Guitar/Tactile/11.jpg","","Guitar","https://tactileeval.s3.us-east-1.amazonaws.com/family_datasets/Tools_Instruments_and_Appliances/Guitar/Natural/12_guitar.webp","https://tactileeval.s3.us-east-1.amazonaws.com/family_datasets/Tools_Instruments_and_Appliances/Guitar/Tactile/12.jpg","","Guitar","https://tactileeval.s3.us-east-1.amazonaws.com/family_datasets/Tools_Instruments_and_Appliances/Guitar/Natural/13_guitar.jpg","https://tactileeval.s3.us-east-1.amazonaws.com/family_datasets/Tools_Instruments_and_Appliances/Guitar/Tactile/13.jpg","","Guitar","https://tactileeval.s3.us-east-1.amazonaws.com/family_datasets/Tools_Instruments_and_Appliances/Guitar/Natural/14_guitar.webp","https://tactileeval.s3.us-east-1.amazonaws.com/family_datasets/Tools_Instruments_and_Appliances/Guitar/Tactile/14.jpg","","Guitar","https://tactileeval.s3.us-east-1.amazonaws.com/family_datasets/Tools_Instruments_and_Appliances/Guitar/Natural/15_guitar.jpg","https://tactileeval.s3.us-east-1.amazonaws.com/family_datasets/Tools_Instruments_and_Appliances/Guitar/Tactile/15.jpg","","Guitar","https://tactileeval.s3.us-east-1.amazonaws.com/family_datasets/Tools_Instruments_and_Appliances/Guitar/Natural/16_guitar.jpg","https://tactileeval.s3.us-east-1.amazonaws.com/family_datasets/Tools_Instruments_and_Appliances/Guitar/Tactile/16.jpg","","Guitar","https://tactileeval.s3.us-east-1.amazonaws.com/family_datasets/Tools_Instruments_and_Appliances/Guitar/Natural/17_guitar.webp","https://tactileeval.s3.us-east-1.amazonaws.com/family_datasets/Tools_Instruments_and_Appliances/Guitar/Tactile/17.jpg","","Guitar","https://tactileeval.s3.us-east-1.amazonaws.com/family_datasets/Tools_Instruments_and_Appliances/Guitar/Natural/18_guitar.jpg","https://tactileeval.s3.us-east-1.amazonaws.com/family_datasets/Tools_Instruments_and_Appliances/Guitar/Tactile/18.jpg","","[{""question1"":{""background_clean"":true,""configuration_match"":true,""object_match"":false},""question10"":{""background_clean"":true,""configuration_match"":true,""object_match"":false},""question2"":{""background_clean"":true,""configuration_match"":true,""object_match"":true},""question3"":{""background_clean"":true,""configuration_match"":true,""object_match"":true},""question4"":{""background_clean"":true,""configuration_match"":true,""object_match"":true},""question5"":{""background_clean"":true,""configuration_match"":true,""object_match"":true},""question6"":{""background_clean"":true,""configuration_match"":true,""object_match"":true},""question7"":{""background_clean"":true,""configuration_match"":true,""object_match"":true},""question8"":{""background_clean"":true,""configuration_match"":true,""object_match"":true},""question9"":{""background_clean"":true,""configuration_match"":true,""object_match"":true}}]"
"38VTL6WC52RYQGTFYE1S23ZAJZIY5L","399RPY0FFT5L4AXNGQM3UDNAXJBMKC","Categorize images based on background and posture.","Review 10 line-arts and judge if it has adequate background and configuration. (10 pairs)","tactile, image review, accessibility, tools and appliances","$0.08","Sat Apr 18 05:57:39 PDT 2026","7","BatchId:5385897;OriginalHitTemplateId:928390873;","1200","1296000","Sat Apr 25 05:57:39 PDT 2026","","","33PPUNGG41JPMDZBH9LF7V91LDFZRQ","A3UPEZR0XSE052","Submitted","Sat Apr 18 07:33:28 PDT 2026","Sat Apr 18 07:36:23 PDT 2026","Sun May 03 07:36:23 PDT 2026","","","","175","50% (1/2)","0% (0/1)","0% (0/1)","Hammer","https://tactileeval.s3.us-east-1.amazonaws.com/family_datasets/Tools_Instruments_and_Appliances/Hammer/Natural/hammer_1.jpg","https://tactileeval.s3.us-east-1.amazonaws.com/family_datasets/Tools_Instruments_and_Appliances/Hammer/Tactile/1.jpg","","Hammer","https://tactileeval.s3.us-east-1.amazonaws.com/family_datasets/Tools_Instruments_and_Appliances/Hammer/Natural/hammer_2.png","https://tactileeval.s3.us-east-1.amazonaws.com/family_datasets/Tools_Instruments_and_Appliances/Hammer/Tactile/2.jpg","","Hammer","https://tactileeval.s3.us-east-1.amazonaws.com/family_datasets/Tools_Instruments_and_Appliances/Hammer/Natural/hammer_3.png","https://tactileeval.s3.us-east-1.amazonaws.com/family_datasets/Tools_Instruments_and_Appliances/Hammer/Tactile/3.png","","Hammer","https://tactileeval.s3.us-east-1.amazonaws.com/family_datasets/Tools_Instruments_and_Appliances/Hammer/Natural/hammer_4.png","https://tactileeval.s3.us-east-1.amazonaws.com/family_datasets/Tools_Instruments_and_Appliances/Hammer/Tactile/4.jpg","","Hammer","https://tactileeval.s3.us-east-1.amazonaws.com/family_datasets/Tools_Instruments_and_Appliances/Hammer/Natural/hammer_5.jpg","https://tactileeval.s3.us-east-1.amazonaws.com/family_datasets/Tools_Instruments_and_Appliances/Hammer/Tactile/5.jpg","","Hammer","https://tactileeval.s3.us-east-1.amazonaws.com/family_datasets/Tools_Instruments_and_Appliances/Hammer/Natural/hammer_6.jpg","https://tactileeval.s3.us-east-1.amazonaws.com/family_datasets/Tools_Instruments_and_Appliances/Hammer/Tactile/6.jpg","","Hammer","https://tactileeval.s3.us-east-1.amazonaws.com/family_datasets/Tools_Instruments_and_Appliances/Hammer/Natural/hammer_7.png","https://tactileeval.s3.us-east-1.amazonaws.com/family_datasets/Tools_Instruments_and_Appliances/Hammer/Tactile/7.jpg","","Hammer","https://tactileeval.s3.us-east-1.amazonaws.com/family_datasets/Tools_Instruments_and_Appliances/Hammer/Natural/hammer_8.png","https://tactileeval.s3.us-east-1.amazonaws.com/family_datasets/Tools_Instruments_and_Appliances/Hammer/Tactile/8.jpg","","Hammer","https://tactileeval.s3.us-east-1.amazonaws.com/family_datasets/Tools_Instruments_and_Appliances/Hammer/Natural/hammer_9.jpg","https://tactileeval.s3.us-east-1.amazonaws.com/family_datasets/Tools_Instruments_and_Appliances/Hammer/Tactile/9.jpg","","Hammer","https://tactileeval.s3.us-east-1.amazonaws.com/family_datasets/Tools_Instruments_and_Appliances/Hammer/Natural/hammer_10.jpg","https://tactileeval.s3.us-east-1.amazonaws.com/family_datasets/Tools_Instruments_and_Appliances/Hammer/Tactile/10.jpg","","[{""question1"":{""background_clean"":true,""configuration_match"":true,""object_match"":true},""question10"":{""background_clean"":true,""configuration_match"":true,""object_match"":false},""question2"":{""background_clean"":true,""configuration_match"":true,""object_match"":false},""question3"":{""background_clean"":true,""configuration_match"":true,""object_match"":false},""question4"":{""background_clean"":true,""configuration_match"":true,""object_match"":false},""question5"":{""background_clean"":true,""configuration_match"":true,""object_match"":false},""question6"":{""background_clean"":true,""configuration_match"":true,""object_match"":true},""question7"":{""background_clean"":true,""configuration_match"":true,""object_match"":true},""question8"":{""background_clean"":true,""configuration_match"":true,""object_match"":true},""question9"":{""background_clean"":true,""configuration_match"":true,""object_match"":true}}]"
"38VTL6WC52RYQGTFYE1S23ZAJZIY5L","399RPY0FFT5L4AXNGQM3UDNAXJBMKC","Categorize images based on background and posture.","Review 10 line-arts and judge if it has adequate background and configuration. (10 pairs)","tactile, image review, accessibility, tools and appliances","$0.08","Sat Apr 18 05:57:39 PDT 2026","7","BatchId:5385897;OriginalHitTemplateId:928390873;","1200","1296000","Sat Apr 25 05:57:39 PDT 2026","","","3X65QVEQJT11BMTOKB4BALZH63ACLK","A3VCTHO95DZWAQ","Submitted","Sat Apr 18 07:55:29 PDT 2026","Sat Apr 18 07:56:25 PDT 2026","Sun May 03 07:56:25 PDT 2026","","","","56","0% (0/0)","0% (0/0)","0% (0/0)","Hammer","https://tactileeval.s3.us-east-1.amazonaws.com/family_datasets/Tools_Instruments_and_Appliances/Hammer/Natural/hammer_1.jpg","https://tactileeval.s3.us-east-1.amazonaws.com/family_datasets/Tools_Instruments_and_Appliances/Hammer/Tactile/1.jpg","","Hammer","https://tactileeval.s3.us-east-1.amazonaws.com/family_datasets/Tools_Instruments_and_Appliances/Hammer/Natural/hammer_2.png","https://tactileeval.s3.us-east-1.amazonaws.com/family_datasets/Tools_Instruments_and_Appliances/Hammer/Tactile/2.jpg","","Hammer","https://tactileeval.s3.us-east-1.amazonaws.com/family_datasets/Tools_Instruments_and_Appliances/Hammer/Natural/hammer_3.png","https://tactileeval.s3.us-east-1.amazonaws.com/family_datasets/Tools_Instruments_and_Appliances/Hammer/Tactile/3.png","","Hammer","https://tactileeval.s3.us-east-1.amazonaws.com/family_datasets/Tools_Instruments_and_Appliances/Hammer/Natural/hammer_4.png","https://tactileeval.s3.us-east-1.amazonaws.com/family_datasets/Tools_Instruments_and_Appliances/Hammer/Tactile/4.jpg","","Hammer","https://tactileeval.s3.us-east-1.amazonaws.com/family_datasets/Tools_Instruments_and_Appliances/Hammer/Natural/hammer_5.jpg","https://tactileeval.s3.us-east-1.amazonaws.com/family_datasets/Tools_Instruments_and_Appliances/Hammer/Tactile/5.jpg","","Hammer","https://tactileeval.s3.us-east-1.amazonaws.com/family_datasets/Tools_Instruments_and_Appliances/Hammer/Natural/hammer_6.jpg","https://tactileeval.s3.us-east-1.amazonaws.com/family_datasets/Tools_Instruments_and_Appliances/Hammer/Tactile/6.jpg","","Hammer","https://tactileeval.s3.us-east-1.amazonaws.com/family_datasets/Tools_Instruments_and_Appliances/Hammer/Natural/hammer_7.png","https://tactileeval.s3.us-east-1.amazonaws.com/family_datasets/Tools_Instruments_and_Appliances/Hammer/Tactile/7.jpg","","Hammer","https://tactileeval.s3.us-east-1.amazonaws.com/family_datasets/Tools_Instruments_and_Appliances/Hammer/Natural/hammer_8.png","https://tactileeval.s3.us-east-1.amazonaws.com/family_datasets/Tools_Instruments_and_Appliances/Hammer/Tactile/8.jpg","","Hammer","https://tactileeval.s3.us-east-1.amazonaws.com/family_datasets/Tools_Instruments_and_Appliances/Hammer/Natural/hammer_9.jpg","https://tactileeval.s3.us-east-1.amazonaws.com/family_datasets/Tools_Instruments_and_Appliances/Hammer/Tactile/9.jpg","","Hammer","https://tactileeval.s3.us-east-1.amazonaws.com/family_datasets/Tools_Instruments_and_Appliances/Hammer/Natural/hammer_10.jpg","https://tactileeval.s3.us-east-1.amazonaws.com/family_datasets/Tools_Instruments_and_Appliances/Hammer/Tactile/10.jpg","","[{""question1"":{""background_clean"":true,""configuration_match"":true,""object_match"":true},""question10"":{""background_clean"":false,""configuration_match"":true,""object_match"":false},""question2"":{""background_clean"":true,""configuration_match"":true,""object_match"":false},""question3"":{""background_clean"":true,""configuration_match"":true,""object_match"":false},""question4"":{""background_clean"":true,""configuration_match"":true,""object_match"":false},""question5"":{""background_clean"":true,""configuration_match"":true,""object_match"":false},""question6"":{""background_clean"":true,""configuration_match"":true,""object_match"":false},""question7"":{""background_clean"":true,""configuration_match"":true,""object_match"":true},""question8"":{""background_clean"":true,""configuration_match"":true,""object_match"":true},""question9"":{""background_clean"":true,""configuration_match"":true,""object_match"":true}}]"
"38VTL6WC52RYQGTFYE1S23ZAJZIY5L","399RPY0FFT5L4AXNGQM3UDNAXJBMKC","Categorize images based on background and posture.","Review 10 line-arts and judge if it has adequate background and configuration. (10 pairs)","tactile, image review, accessibility, tools and appliances","$0.08","Sat Apr 18 05:57:39 PDT 2026","7","BatchId:5385897;OriginalHitTemplateId:928390873;","1200","1296000","Sat Apr 25 05:57:39 PDT 2026","","","34QN5IT0US5M2NEPE62NAFBADEG08V","A2D07SVRO4UFVL","Submitted","Sat Apr 18 08:02:32 PDT 2026","Sat Apr 18 08:03:21 PDT 2026","Sun May 03 08:03:21 PDT 2026","","","","49","81% (22/27)","80% (20/25)","80% (20/25)","Hammer","https://tactileeval.s3.us-east-1.amazonaws.com/family_datasets/Tools_Instruments_and_Appliances/Hammer/Natural/hammer_1.jpg","https://tactileeval.s3.us-east-1.amazonaws.com/family_datasets/Tools_Instruments_and_Appliances/Hammer/Tactile/1.jpg","","Hammer","https://tactileeval.s3.us-east-1.amazonaws.com/family_datasets/Tools_Instruments_and_Appliances/Hammer/Natural/hammer_2.png","https://tactileeval.s3.us-east-1.amazonaws.com/family_datasets/Tools_Instruments_and_Appliances/Hammer/Tactile/2.jpg","","Hammer","https://tactileeval.s3.us-east-1.amazonaws.com/family_datasets/Tools_Instruments_and_Appliances/Hammer/Natural/hammer_3.png","https://tactileeval.s3.us-east-1.amazonaws.com/family_datasets/Tools_Instruments_and_Appliances/Hammer/Tactile/3.png","","Hammer","https://tactileeval.s3.us-east-1.amazonaws.com/family_datasets/Tools_Instruments_and_Appliances/Hammer/Natural/hammer_4.png","https://tactileeval.s3.us-east-1.amazonaws.com/family_datasets/Tools_Instruments_and_Appliances/Hammer/Tactile/4.jpg","","Hammer","https://tactileeval.s3.us-east-1.amazonaws.com/family_datasets/Tools_Instruments_and_Appliances/Hammer/Natural/hammer_5.jpg","https://tactileeval.s3.us-east-1.amazonaws.com/family_datasets/Tools_Instruments_and_Appliances/Hammer/Tactile/5.jpg","","Hammer","https://tactileeval.s3.us-east-1.amazonaws.com/family_datasets/Tools_Instruments_and_Appliances/Hammer/Natural/hammer_6.jpg","https://tactileeval.s3.us-east-1.amazonaws.com/family_datasets/Tools_Instruments_and_Appliances/Hammer/Tactile/6.jpg","","Hammer","https://tactileeval.s3.us-east-1.amazonaws.com/family_datasets/Tools_Instruments_and_Appliances/Hammer/Natural/hammer_7.png","https://tactileeval.s3.us-east-1.amazonaws.com/family_datasets/Tools_Instruments_and_Appliances/Hammer/Tactile/7.jpg","","Hammer","https://tactileeval.s3.us-east-1.amazonaws.com/family_datasets/Tools_Instruments_and_Appliances/Hammer/Natural/hammer_8.png","https://tactileeval.s3.us-east-1.amazonaws.com/family_datasets/Tools_Instruments_and_Appliances/Hammer/Tactile/8.jpg","","Hammer","https://tactileeval.s3.us-east-1.amazonaws.com/family_datasets/Tools_Instruments_and_Appliances/Hammer/Natural/hammer_9.jpg","https://tactileeval.s3.us-east-1.amazonaws.com/family_datasets/Tools_Instruments_and_Appliances/Hammer/Tactile/9.jpg","","Hammer","https://tactileeval.s3.us-east-1.amazonaws.com/family_datasets/Tools_Instruments_and_Appliances/Hammer/Natural/hammer_10.jpg","https://tactileeval.s3.us-east-1.amazonaws.com/family_datasets/Tools_Instruments_and_Appliances/Hammer/Tactile/10.jpg","","[{""question1"":{""background_clean"":true,""configuration_match"":true,""object_match"":false},""question10"":{""background_clean"":false,""configuration_match"":true,""object_match"":false},""question2"":{""background_clean"":true,""configuration_match"":false,""object_match"":false},""question3"":{""background_clean"":true,""configuration_match"":true,""object_match"":false},""question4"":{""background_clean"":true,""configuration_match"":true,""object_match"":false},""question5"":{""background_clean"":true,""configuration_match"":true,""object_match"":false},""question6"":{""background_clean"":true,""configuration_match"":false,""object_match"":false},""question7"":{""background_clean"":true,""configuration_match"":true,""object_match"":true},""question8"":{""background_clean"":true,""configuration_match"":true,""object_match"":false},""question9"":{""background_clean"":true,""configuration_match"":true,""object_match"":true}}]"
"38VTL6WC52RYQGTFYE1S23ZAJZIY5L","399RPY0FFT5L4AXNGQM3UDNAXJBMKC","Categorize images based on background and posture.","Review 10 line-arts and judge if it has adequate background and configuration. (10 pairs)","tactile, image review, accessibility, tools and appliances","$0.08","Sat Apr 18 05:57:39 PDT 2026","7","BatchId:5385897;OriginalHitTemplateId:928390873;","1200","1296000","Sat Apr 25 05:57:39 PDT 2026","","","3U5NZHP4MKGIJFJ2YVBJ2T5HO5IPH6","A36H75IU3Q97QS","Submitted","Sat Apr 18 08:08:25 PDT 2026","Sat Apr 18 08:10:15 PDT 2026","Sun May 03 08:10:15 PDT 2026","","","","110","36% (5/14)","36% (5/14)","36% (5/14)","Hammer","https://tactileeval.s3.us-east-1.amazonaws.com/family_datasets/Tools_Instruments_and_Appliances/Hammer/Natural/hammer_1.jpg","https://tactileeval.s3.us-east-1.amazonaws.com/family_datasets/Tools_Instruments_and_Appliances/Hammer/Tactile/1.jpg","","Hammer","https://tactileeval.s3.us-east-1.amazonaws.com/family_datasets/Tools_Instruments_and_Appliances/Hammer/Natural/hammer_2.png","https://tactileeval.s3.us-east-1.amazonaws.com/family_datasets/Tools_Instruments_and_Appliances/Hammer/Tactile/2.jpg","","Hammer","https://tactileeval.s3.us-east-1.amazonaws.com/family_datasets/Tools_Instruments_and_Appliances/Hammer/Natural/hammer_3.png","https://tactileeval.s3.us-east-1.amazonaws.com/family_datasets/Tools_Instruments_and_Appliances/Hammer/Tactile/3.png","","Hammer","https://tactileeval.s3.us-east-1.amazonaws.com/family_datasets/Tools_Instruments_and_Appliances/Hammer/Natural/hammer_4.png","https://tactileeval.s3.us-east-1.amazonaws.com/family_datasets/Tools_Instruments_and_Appliances/Hammer/Tactile/4.jpg","","Hammer","https://tactileeval.s3.us-east-1.amazonaws.com/family_datasets/Tools_Instruments_and_Appliances/Hammer/Natural/hammer_5.jpg","https://tactileeval.s3.us-east-1.amazonaws.com/family_datasets/Tools_Instruments_and_Appliances/Hammer/Tactile/5.jpg","","Hammer","https://tactileeval.s3.us-east-1.amazonaws.com/family_datasets/Tools_Instruments_and_Appliances/Hammer/Natural/hammer_6.jpg","https://tactileeval.s3.us-east-1.amazonaws.com/family_datasets/Tools_Instruments_and_Appliances/Hammer/Tactile/6.jpg","","Hammer","https://tactileeval.s3.us-east-1.amazonaws.com/family_datasets/Tools_Instruments_and_Appliances/Hammer/Natural/hammer_7.png","https://tactileeval.s3.us-east-1.amazonaws.com/family_datasets/Tools_Instruments_and_Appliances/Hammer/Tactile/7.jpg","","Hammer","https://tactileeval.s3.us-east-1.amazonaws.com/family_datasets/Tools_Instruments_and_Appliances/Hammer/Natural/hammer_8.png","https://tactileeval.s3.us-east-1.amazonaws.com/family_datasets/Tools_Instruments_and_Appliances/Hammer/Tactile/8.jpg","","Hammer","https://tactileeval.s3.us-east-1.amazonaws.com/family_datasets/Tools_Instruments_and_Appliances/Hammer/Natural/hammer_9.jpg","https://tactileeval.s3.us-east-1.amazonaws.com/family_datasets/Tools_Instruments_and_Appliances/Hammer/Tactile/9.jpg","","Hammer","https://tactileeval.s3.us-east-1.amazonaws.com/family_datasets/Tools_Instruments_and_Appliances/Hammer/Natural/hammer_10.jpg","https://tactileeval.s3.us-east-1.amazonaws.com/family_datasets/Tools_Instruments_and_Appliances/Hammer/Tactile/10.jpg","","[{""question1"":{""background_clean"":true,""configuration_match"":true,""object_match"":true},""question10"":{""background_clean"":false,""configuration_match"":true,""object_match"":true},""question2"":{""background_clean"":true,""configuration_match"":false,""object_match"":false},""question3"":{""background_clean"":true,""configuration_match"":false,""object_match"":false},""question4"":{""background_clean"":true,""configuration_match"":false,""object_match"":true},""question5"":{""background_clean"":true,""configuration_match"":false,""object_match"":true},""question6"":{""background_clean"":true,""configuration_match"":false,""object_match"":true},""question7"":{""background_clean"":true,""configuration_match"":false,""object_match"":false},""question8"":{""background_clean"":true,""configuration_match"":true,""object_match"":true},""question9"":{""background_clean"":false,""configuration_match"":true,""object_match"":true}}]"
"38VTL6WC52RYQGTFYE1S23ZAJZIY5L","399RPY0FFT5L4AXNGQM3UDNAXJBMKC","Categorize images based on background and posture.","Review 10 line-arts and judge if it has adequate background and configuration. (10 pairs)","tactile, image review, accessibility, tools and appliances","$0.08","Sat Apr 18 05:57:39 PDT 2026","7","BatchId:5385897;OriginalHitTemplateId:928390873;","1200","1296000","Sat Apr 25 05:57:39 PDT 2026","","","3F1567XTOPJA4L2Y0W2GPHX3AOWQ98","AJZHPDCKUVRM8","Submitted","Sat Apr 18 08:09:39 PDT 2026","Sat Apr 18 08:10:33 PDT 2026","Sun May 03 08:10:33 PDT 2026","","","","54","100% (52/52)","100% (52/52)","100% (52/52)","Hammer","https://tactileeval.s3.us-east-1.amazonaws.com/family_datasets/Tools_Instruments_and_Appliances/Hammer/Natural/hammer_1.jpg","https://tactileeval.s3.us-east-1.amazonaws.com/family_datasets/Tools_Instruments_and_Appliances/Hammer/Tactile/1.jpg","","Hammer","https://tactileeval.s3.us-east-1.amazonaws.com/family_datasets/Tools_Instruments_and_Appliances/Hammer/Natural/hammer_2.png","https://tactileeval.s3.us-east-1.amazonaws.com/family_datasets/Tools_Instruments_and_Appliances/Hammer/Tactile/2.jpg","","Hammer","https://tactileeval.s3.us-east-1.amazonaws.com/family_datasets/Tools_Instruments_and_Appliances/Hammer/Natural/hammer_3.png","https://tactileeval.s3.us-east-1.amazonaws.com/family_datasets/Tools_Instruments_and_Appliances/Hammer/Tactile/3.png","","Hammer","https://tactileeval.s3.us-east-1.amazonaws.com/family_datasets/Tools_Instruments_and_Appliances/Hammer/Natural/hammer_4.png","https://tactileeval.s3.us-east-1.amazonaws.com/family_datasets/Tools_Instruments_and_Appliances/Hammer/Tactile/4.jpg","","Hammer","https://tactileeval.s3.us-east-1.amazonaws.com/family_datasets/Tools_Instruments_and_Appliances/Hammer/Natural/hammer_5.jpg","https://tactileeval.s3.us-east-1.amazonaws.com/family_datasets/Tools_Instruments_and_Appliances/Hammer/Tactile/5.jpg","","Hammer","https://tactileeval.s3.us-east-1.amazonaws.com/family_datasets/Tools_Instruments_and_Appliances/Hammer/Natural/hammer_6.jpg","https://tactileeval.s3.us-east-1.amazonaws.com/family_datasets/Tools_Instruments_and_Appliances/Hammer/Tactile/6.jpg","","Hammer","https://tactileeval.s3.us-east-1.amazonaws.com/family_datasets/Tools_Instruments_and_Appliances/Hammer/Natural/hammer_7.png","https://tactileeval.s3.us-east-1.amazonaws.com/family_datasets/Tools_Instruments_and_Appliances/Hammer/Tactile/7.jpg","","Hammer","https://tactileeval.s3.us-east-1.amazonaws.com/family_datasets/Tools_Instruments_and_Appliances/Hammer/Natural/hammer_8.png","https://tactileeval.s3.us-east-1.amazonaws.com/family_datasets/Tools_Instruments_and_Appliances/Hammer/Tactile/8.jpg","","Hammer","https://tactileeval.s3.us-east-1.amazonaws.com/family_datasets/Tools_Instruments_and_Appliances/Hammer/Natural/hammer_9.jpg","https://tactileeval.s3.us-east-1.amazonaws.com/family_datasets/Tools_Instruments_and_Appliances/Hammer/Tactile/9.jpg","","Hammer","https://tactileeval.s3.us-east-1.amazonaws.com/family_datasets/Tools_Instruments_and_Appliances/Hammer/Natural/hammer_10.jpg","https://tactileeval.s3.us-east-1.amazonaws.com/family_datasets/Tools_Instruments_and_Appliances/Hammer/Tactile/10.jpg","","[{""question1"":{""background_clean"":true,""configuration_match"":true,""object_match"":false},""question10"":{""background_clean"":false,""configuration_match"":true,""object_match"":false},""question2"":{""background_clean"":true,""configuration_match"":false,""object_match"":false},""question3"":{""background_clean"":true,""configuration_match"":false,""object_match"":false},""question4"":{""background_clean"":true,""configuration_match"":false,""object_match"":false},""question5"":{""background_clean"":true,""configuration_match"":false,""object_match"":false},""question6"":{""background_clean"":true,""configuration_match"":true,""object_match"":false},""question7"":{""background_clean"":true,""configuration_match"":true,""object_match"":true},""question8"":{""background_clean"":true,""configuration_match"":true,""object_match"":false},""question9"":{""background_clean"":true,""configuration_match"":true,""object_match"":false}}]"
"38VTL6WC52RYQGTFYE1S23ZAJZIY5L","399RPY0FFT5L4AXNGQM3UDNAXJBMKC","Categorize images based on background and posture.","Review 10 line-arts and judge if it has adequate background and configuration. (10 pairs)","tactile, image review, accessibility, tools and appliances","$0.08","Sat Apr 18 05:57:39 PDT 2026","7","BatchId:5385897;OriginalHitTemplateId:928390873;","1200","1296000","Sat Apr 25 05:57:39 PDT 2026","","","33L7PJKHD9CNIWBGC8QXUQDFAPD8TF","A1SMWIBTQ2AESU","Submitted","Sat Apr 18 08:04:26 PDT 2026","Sat Apr 18 08:11:27 PDT 2026","Sun May 03 08:11:27 PDT 2026","","","","421","98% (47/48)","98% (46/47)","98% (46/47)","Hammer","https://tactileeval.s3.us-east-1.amazonaws.com/family_datasets/Tools_Instruments_and_Appliances/Hammer/Natural/hammer_1.jpg","https://tactileeval.s3.us-east-1.amazonaws.com/family_datasets/Tools_Instruments_and_Appliances/Hammer/Tactile/1.jpg","","Hammer","https://tactileeval.s3.us-east-1.amazonaws.com/family_datasets/Tools_Instruments_and_Appliances/Hammer/Natural/hammer_2.png","https://tactileeval.s3.us-east-1.amazonaws.com/family_datasets/Tools_Instruments_and_Appliances/Hammer/Tactile/2.jpg","","Hammer","https://tactileeval.s3.us-east-1.amazonaws.com/family_datasets/Tools_Instruments_and_Appliances/Hammer/Natural/hammer_3.png","https://tactileeval.s3.us-east-1.amazonaws.com/family_datasets/Tools_Instruments_and_Appliances/Hammer/Tactile/3.png","","Hammer","https://tactileeval.s3.us-east-1.amazonaws.com/family_datasets/Tools_Instruments_and_Appliances/Hammer/Natural/hammer_4.png","https://tactileeval.s3.us-east-1.amazonaws.com/family_datasets/Tools_Instruments_and_Appliances/Hammer/Tactile/4.jpg","","Hammer","https://tactileeval.s3.us-east-1.amazonaws.com/family_datasets/Tools_Instruments_and_Appliances/Hammer/Natural/hammer_5.jpg","https://tactileeval.s3.us-east-1.amazonaws.com/family_datasets/Tools_Instruments_and_Appliances/Hammer/Tactile/5.jpg","","Hammer","https://tactileeval.s3.us-east-1.amazonaws.com/family_datasets/Tools_Instruments_and_Appliances/Hammer/Natural/hammer_6.jpg","https://tactileeval.s3.us-east-1.amazonaws.com/family_datasets/Tools_Instruments_and_Appliances/Hammer/Tactile/6.jpg","","Hammer","https://tactileeval.s3.us-east-1.amazonaws.com/family_datasets/Tools_Instruments_and_Appliances/Hammer/Natural/hammer_7.png","https://tactileeval.s3.us-east-1.amazonaws.com/family_datasets/Tools_Instruments_and_Appliances/Hammer/Tactile/7.jpg","","Hammer","https://tactileeval.s3.us-east-1.amazonaws.com/family_datasets/Tools_Instruments_and_Appliances/Hammer/Natural/hammer_8.png","https://tactileeval.s3.us-east-1.amazonaws.com/family_datasets/Tools_Instruments_and_Appliances/Hammer/Tactile/8.jpg","","Hammer","https://tactileeval.s3.us-east-1.amazonaws.com/family_datasets/Tools_Instruments_and_Appliances/Hammer/Natural/hammer_9.jpg","https://tactileeval.s3.us-east-1.amazonaws.com/family_datasets/Tools_Instruments_and_Appliances/Hammer/Tactile/9.jpg","","Hammer","https://tactileeval.s3.us-east-1.amazonaws.com/family_datasets/Tools_Instruments_and_Appliances/Hammer/Natural/hammer_10.jpg","https://tactileeval.s3.us-east-1.amazonaws.com/family_datasets/Tools_Instruments_and_Appliances/Hammer/Tactile/10.jpg","","[{""question1"":{""background_clean"":true,""configuration_match"":true,""object_match"":true},""question10"":{""background_clean"":false,""configuration_match"":true,""object_match"":true},""question2"":{""background_clean"":true,""configuration_match"":true,""object_match"":false},""question3"":{""background_clean"":true,""configuration_match"":true,""object_match"":false},""question4"":{""background_clean"":true,""configuration_match"":false,""object_match"":false},""question5"":{""background_clean"":true,""configuration_match"":true,""object_match"":false},""question6"":{""background_clean"":true,""configuration_match"":true,""object_match"":false},""question7"":{""background_clean"":true,""configuration_match"":true,""object_match"":false},""question8"":{""background_clean"":true,""configuration_match"":true,""object_match"":false},""question9"":{""background_clean"":true,""configuration_match"":true,""object_match"":true}}]"
"38VTL6WC52RYQGTFYE1S23ZAJZIY5L","399RPY0FFT5L4AXNGQM3UDNAXJBMKC","Categorize images based on background and posture.","Review 10 line-arts and judge if it has adequate background and configuration. (10 pairs)","tactile, image review, accessibility, tools and appliances","$0.08","Sat Apr 18 05:57:39 PDT 2026","7","BatchId:5385897;OriginalHitTemplateId:928390873;","1200","1296000","Sat Apr 25 05:57:39 PDT 2026","","","3DBQWDE4ZZC601NUHEXI97XWJHQN5R","A1KXF2L2ZGQXJK","Submitted","Sat Apr 18 08:09:21 PDT 2026","Sat Apr 18 08:11:41 PDT 2026","Sun May 03 08:11:41 PDT 2026","","","","140","0% (0/0)","0% (0/0)","0% (0/0)","Hammer","https://tactileeval.s3.us-east-1.amazonaws.com/family_datasets/Tools_Instruments_and_Appliances/Hammer/Natural/hammer_1.jpg","https://tactileeval.s3.us-east-1.amazonaws.com/family_datasets/Tools_Instruments_and_Appliances/Hammer/Tactile/1.jpg","","Hammer","https://tactileeval.s3.us-east-1.amazonaws.com/family_datasets/Tools_Instruments_and_Appliances/Hammer/Natural/hammer_2.png","https://tactileeval.s3.us-east-1.amazonaws.com/family_datasets/Tools_Instruments_and_Appliances/Hammer/Tactile/2.jpg","","Hammer","https://tactileeval.s3.us-east-1.amazonaws.com/family_datasets/Tools_Instruments_and_Appliances/Hammer/Natural/hammer_3.png","https://tactileeval.s3.us-east-1.amazonaws.com/family_datasets/Tools_Instruments_and_Appliances/Hammer/Tactile/3.png","","Hammer","https://tactileeval.s3.us-east-1.amazonaws.com/family_datasets/Tools_Instruments_and_Appliances/Hammer/Natural/hammer_4.png","https://tactileeval.s3.us-east-1.amazonaws.com/family_datasets/Tools_Instruments_and_Appliances/Hammer/Tactile/4.jpg","","Hammer","https://tactileeval.s3.us-east-1.amazonaws.com/family_datasets/Tools_Instruments_and_Appliances/Hammer/Natural/hammer_5.jpg","https://tactileeval.s3.us-east-1.amazonaws.com/family_datasets/Tools_Instruments_and_Appliances/Hammer/Tactile/5.jpg","","Hammer","https://tactileeval.s3.us-east-1.amazonaws.com/family_datasets/Tools_Instruments_and_Appliances/Hammer/Natural/hammer_6.jpg","https://tactileeval.s3.us-east-1.amazonaws.com/family_datasets/Tools_Instruments_and_Appliances/Hammer/Tactile/6.jpg","","Hammer","https://tactileeval.s3.us-east-1.amazonaws.com/family_datasets/Tools_Instruments_and_Appliances/Hammer/Natural/hammer_7.png","https://tactileeval.s3.us-east-1.amazonaws.com/family_datasets/Tools_Instruments_and_Appliances/Hammer/Tactile/7.jpg","","Hammer","https://tactileeval.s3.us-east-1.amazonaws.com/family_datasets/Tools_Instruments_and_Appliances/Hammer/Natural/hammer_8.png","https://tactileeval.s3.us-east-1.amazonaws.com/family_datasets/Tools_Instruments_and_Appliances/Hammer/Tactile/8.jpg","","Hammer","https://tactileeval.s3.us-east-1.amazonaws.com/family_datasets/Tools_Instruments_and_Appliances/Hammer/Natural/hammer_9.jpg","https://tactileeval.s3.us-east-1.amazonaws.com/family_datasets/Tools_Instruments_and_Appliances/Hammer/Tactile/9.jpg","","Hammer","https://tactileeval.s3.us-east-1.amazonaws.com/family_datasets/Tools_Instruments_and_Appliances/Hammer/Natural/hammer_10.jpg","https://tactileeval.s3.us-east-1.amazonaws.com/family_datasets/Tools_Instruments_and_Appliances/Hammer/Tactile/10.jpg","","[{""question1"":{""background_clean"":true,""configuration_match"":true,""object_match"":false},""question10"":{""background_clean"":false,""configuration_match"":true,""object_match"":false},""question2"":{""background_clean"":true,""configuration_match"":true,""object_match"":false},""question3"":{""background_clean"":true,""configuration_match"":true,""object_match"":false},""question4"":{""background_clean"":true,""configuration_match"":true,""object_match"":false},""question5"":{""background_clean"":true,""configuration_match"":true,""object_match"":false},""question6"":{""background_clean"":true,""configuration_match"":true,""object_match"":false},""question7"":{""background_clean"":true,""configuration_match"":true,""object_match"":false},""question8"":{""background_clean"":true,""configuration_match"":true,""object_match"":false},""question9"":{""background_clean"":true,""configuration_match"":true,""object_match"":true}}]"
"34YWR3PJ30OAV4H4WC9E2UWA0LE0XX","399RPY0FFT5L4AXNGQM3UDNAXJBMKC","Categorize images based on background and posture.","Review 10 line-arts and judge if it has adequate background and configuration. (10 pairs)","tactile, image review, accessibility, tools and appliances","$0.08","Sat Apr 18 05:57:39 PDT 2026","7","BatchId:5385897;OriginalHitTemplateId:928390873;","1200","1296000","Sat Apr 25 05:57:39 PDT 2026","","","3X1FV8S5KQ5HO3LN0120NLIYVTUGV7","A2NQZ2QIHRXC8A","Submitted","Sat Apr 18 06:26:55 PDT 2026","Sat Apr 18 06:29:03 PDT 2026","Sun May 03 06:29:03 PDT 2026","","","","128","100% (1/1)","0% (0/0)","0% (0/0)","Hammer","https://tactileeval.s3.us-east-1.amazonaws.com/family_datasets/Tools_Instruments_and_Appliances/Hammer/Natural/hammer_11.png","https://tactileeval.s3.us-east-1.amazonaws.com/family_datasets/Tools_Instruments_and_Appliances/Hammer/Tactile/11.jpg","","Hammer","https://tactileeval.s3.us-east-1.amazonaws.com/family_datasets/Tools_Instruments_and_Appliances/Hammer/Natural/hammer_12.png","https://tactileeval.s3.us-east-1.amazonaws.com/family_datasets/Tools_Instruments_and_Appliances/Hammer/Tactile/12.jpg","","Hammer","https://tactileeval.s3.us-east-1.amazonaws.com/family_datasets/Tools_Instruments_and_Appliances/Hammer/Natural/hammer_13.png","https://tactileeval.s3.us-east-1.amazonaws.com/family_datasets/Tools_Instruments_and_Appliances/Hammer/Tactile/13.jpg","","Hammer","https://tactileeval.s3.us-east-1.amazonaws.com/family_datasets/Tools_Instruments_and_Appliances/Hammer/Natural/hammer_14.png","https://tactileeval.s3.us-east-1.amazonaws.com/family_datasets/Tools_Instruments_and_Appliances/Hammer/Tactile/14.jpg","","Hammer","https://tactileeval.s3.us-east-1.amazonaws.com/family_datasets/Tools_Instruments_and_Appliances/Hammer/Natural/hammer_15.png","https://tactileeval.s3.us-east-1.amazonaws.com/family_datasets/Tools_Instruments_and_Appliances/Hammer/Tactile/15.jpg","","Hammer","https://tactileeval.s3.us-east-1.amazonaws.com/family_datasets/Tools_Instruments_and_Appliances/Hammer/Natural/hammer_16.png","https://tactileeval.s3.us-east-1.amazonaws.com/family_datasets/Tools_Instruments_and_Appliances/Hammer/Tactile/16.jpg","","Hammer","https://tactileeval.s3.us-east-1.amazonaws.com/family_datasets/Tools_Instruments_and_Appliances/Hammer/Natural/hammer_17.png","https://tactileeval.s3.us-east-1.amazonaws.com/family_datasets/Tools_Instruments_and_Appliances/Hammer/Tactile/17.jpg","","Hammer","https://tactileeval.s3.us-east-1.amazonaws.com/family_datasets/Tools_Instruments_and_Appliances/Hammer/Natural/hammer_18.png","https://tactileeval.s3.us-east-1.amazonaws.com/family_datasets/Tools_Instruments_and_Appliances/Hammer/Tactile/18.jpg","","Hammer","https://tactileeval.s3.us-east-1.amazonaws.com/family_datasets/Tools_Instruments_and_Appliances/Hammer/Natural/hammer_19.jpg","https://tactileeval.s3.us-east-1.amazonaws.com/family_datasets/Tools_Instruments_and_Appliances/Hammer/Tactile/19.jpg","","Iron","https://tactileeval.s3.us-east-1.amazonaws.com/family_datasets/Tools_Instruments_and_Appliances/Iron/Natural/1.png","https://tactileeval.s3.us-east-1.amazonaws.com/family_datasets/Tools_Instruments_and_Appliances/Iron/Tactile/1.jpeg","","[{""question1"":{""background_clean"":true,""configuration_match"":true,""object_match"":true},""question10"":{""background_clean"":false,""configuration_match"":true,""object_match"":true},""question2"":{""background_clean"":true,""configuration_match"":false,""object_match"":true},""question3"":{""background_clean"":true,""configuration_match"":true,""object_match"":true},""question4"":{""background_clean"":true,""configuration_match"":true,""object_match"":true},""question5"":{""background_clean"":true,""configuration_match"":true,""object_match"":true},""question6"":{""background_clean"":true,""configuration_match"":true,""object_match"":true},""question7"":{""background_clean"":true,""configuration_match"":true,""object_match"":true},""question8"":{""background_clean"":true,""configuration_match"":true,""object_match"":true},""question9"":{""background_clean"":true,""configuration_match"":true,""object_match"":true}}]"
"34YWR3PJ30OAV4H4WC9E2UWA0LE0XX","399RPY0FFT5L4AXNGQM3UDNAXJBMKC","Categorize images based on background and posture.","Review 10 line-arts and judge if it has adequate background and configuration. (10 pairs)","tactile, image review, accessibility, tools and appliances","$0.08","Sat Apr 18 05:57:39 PDT 2026","7","BatchId:5385897;OriginalHitTemplateId:928390873;","1200","1296000","Sat Apr 25 05:57:39 PDT 2026","","","37ZHEEHM7P0EJ183NOS0YDDM56N37Z","A3UPEZR0XSE052","Submitted","Sat Apr 18 07:33:30 PDT 2026","Sat Apr 18 07:40:24 PDT 2026","Sun May 03 07:40:24 PDT 2026","","","","414","50% (1/2)","0% (0/1)","0% (0/1)","Hammer","https://tactileeval.s3.us-east-1.amazonaws.com/family_datasets/Tools_Instruments_and_Appliances/Hammer/Natural/hammer_11.png","https://tactileeval.s3.us-east-1.amazonaws.com/family_datasets/Tools_Instruments_and_Appliances/Hammer/Tactile/11.jpg","","Hammer","https://tactileeval.s3.us-east-1.amazonaws.com/family_datasets/Tools_Instruments_and_Appliances/Hammer/Natural/hammer_12.png","https://tactileeval.s3.us-east-1.amazonaws.com/family_datasets/Tools_Instruments_and_Appliances/Hammer/Tactile/12.jpg","","Hammer","https://tactileeval.s3.us-east-1.amazonaws.com/family_datasets/Tools_Instruments_and_Appliances/Hammer/Natural/hammer_13.png","https://tactileeval.s3.us-east-1.amazonaws.com/family_datasets/Tools_Instruments_and_Appliances/Hammer/Tactile/13.jpg","","Hammer","https://tactileeval.s3.us-east-1.amazonaws.com/family_datasets/Tools_Instruments_and_Appliances/Hammer/Natural/hammer_14.png","https://tactileeval.s3.us-east-1.amazonaws.com/family_datasets/Tools_Instruments_and_Appliances/Hammer/Tactile/14.jpg","","Hammer","https://tactileeval.s3.us-east-1.amazonaws.com/family_datasets/Tools_Instruments_and_Appliances/Hammer/Natural/hammer_15.png","https://tactileeval.s3.us-east-1.amazonaws.com/family_datasets/Tools_Instruments_and_Appliances/Hammer/Tactile/15.jpg","","Hammer","https://tactileeval.s3.us-east-1.amazonaws.com/family_datasets/Tools_Instruments_and_Appliances/Hammer/Natural/hammer_16.png","https://tactileeval.s3.us-east-1.amazonaws.com/family_datasets/Tools_Instruments_and_Appliances/Hammer/Tactile/16.jpg","","Hammer","https://tactileeval.s3.us-east-1.amazonaws.com/family_datasets/Tools_Instruments_and_Appliances/Hammer/Natural/hammer_17.png","https://tactileeval.s3.us-east-1.amazonaws.com/family_datasets/Tools_Instruments_and_Appliances/Hammer/Tactile/17.jpg","","Hammer","https://tactileeval.s3.us-east-1.amazonaws.com/family_datasets/Tools_Instruments_and_Appliances/Hammer/Natural/hammer_18.png","https://tactileeval.s3.us-east-1.amazonaws.com/family_datasets/Tools_Instruments_and_Appliances/Hammer/Tactile/18.jpg","","Hammer","https://tactileeval.s3.us-east-1.amazonaws.com/family_datasets/Tools_Instruments_and_Appliances/Hammer/Natural/hammer_19.jpg","https://tactileeval.s3.us-east-1.amazonaws.com/family_datasets/Tools_Instruments_and_Appliances/Hammer/Tactile/19.jpg","","Iron","https://tactileeval.s3.us-east-1.amazonaws.com/family_datasets/Tools_Instruments_and_Appliances/Iron/Natural/1.png","https://tactileeval.s3.us-east-1.amazonaws.com/family_datasets/Tools_Instruments_and_Appliances/Iron/Tactile/1.jpeg","","[{""question1"":{""background_clean"":true,""configuration_match"":true,""object_match"":false},""question10"":{""background_clean"":true,""configuration_match"":true,""object_match"":false},""question2"":{""background_clean"":true,""configuration_match"":true,""object_match"":false},""question3"":{""background_clean"":true,""configuration_match"":true,""object_match"":false},""question4"":{""background_clean"":true,""configuration_match"":true,""object_match"":true},""question5"":{""background_clean"":true,""configuration_match"":true,""object_match"":true},""question6"":{""background_clean"":true,""configuration_match"":true,""object_match"":true},""question7"":{""background_clean"":true,""configuration_match"":true,""object_match"":true},""question8"":{""background_clean"":true,""configuration_match"":false,""object_match"":false},""question9"":{""background_clean"":true,""configuration_match"":true,""object_match"":true}}]"
"34YWR3PJ30OAV4H4WC9E2UWA0LE0XX","399RPY0FFT5L4AXNGQM3UDNAXJBMKC","Categorize images based on background and posture.","Review 10 line-arts and judge if it has adequate background and configuration. (10 pairs)","tactile, image review, accessibility, tools and appliances","$0.08","Sat Apr 18 05:57:39 PDT 2026","7","BatchId:5385897;OriginalHitTemplateId:928390873;","1200","1296000","Sat Apr 25 05:57:39 PDT 2026","","","3Z4AIRP3DZRCOD0FIXIF4JBD9FSX10","A2M3DR0V45HNUL","Submitted","Sat Apr 18 07:50:51 PDT 2026","Sat Apr 18 07:52:47 PDT 2026","Sun May 03 07:52:47 PDT 2026","","","","116","7% (1/14)","7% (1/14)","7% (1/14)","Hammer","https://tactileeval.s3.us-east-1.amazonaws.com/family_datasets/Tools_Instruments_and_Appliances/Hammer/Natural/hammer_11.png","https://tactileeval.s3.us-east-1.amazonaws.com/family_datasets/Tools_Instruments_and_Appliances/Hammer/Tactile/11.jpg","","Hammer","https://tactileeval.s3.us-east-1.amazonaws.com/family_datasets/Tools_Instruments_and_Appliances/Hammer/Natural/hammer_12.png","https://tactileeval.s3.us-east-1.amazonaws.com/family_datasets/Tools_Instruments_and_Appliances/Hammer/Tactile/12.jpg","","Hammer","https://tactileeval.s3.us-east-1.amazonaws.com/family_datasets/Tools_Instruments_and_Appliances/Hammer/Natural/hammer_13.png","https://tactileeval.s3.us-east-1.amazonaws.com/family_datasets/Tools_Instruments_and_Appliances/Hammer/Tactile/13.jpg","","Hammer","https://tactileeval.s3.us-east-1.amazonaws.com/family_datasets/Tools_Instruments_and_Appliances/Hammer/Natural/hammer_14.png","https://tactileeval.s3.us-east-1.amazonaws.com/family_datasets/Tools_Instruments_and_Appliances/Hammer/Tactile/14.jpg","","Hammer","https://tactileeval.s3.us-east-1.amazonaws.com/family_datasets/Tools_Instruments_and_Appliances/Hammer/Natural/hammer_15.png","https://tactileeval.s3.us-east-1.amazonaws.com/family_datasets/Tools_Instruments_and_Appliances/Hammer/Tactile/15.jpg","","Hammer","https://tactileeval.s3.us-east-1.amazonaws.com/family_datasets/Tools_Instruments_and_Appliances/Hammer/Natural/hammer_16.png","https://tactileeval.s3.us-east-1.amazonaws.com/family_datasets/Tools_Instruments_and_Appliances/Hammer/Tactile/16.jpg","","Hammer","https://tactileeval.s3.us-east-1.amazonaws.com/family_datasets/Tools_Instruments_and_Appliances/Hammer/Natural/hammer_17.png","https://tactileeval.s3.us-east-1.amazonaws.com/family_datasets/Tools_Instruments_and_Appliances/Hammer/Tactile/17.jpg","","Hammer","https://tactileeval.s3.us-east-1.amazonaws.com/family_datasets/Tools_Instruments_and_Appliances/Hammer/Natural/hammer_18.png","https://tactileeval.s3.us-east-1.amazonaws.com/family_datasets/Tools_Instruments_and_Appliances/Hammer/Tactile/18.jpg","","Hammer","https://tactileeval.s3.us-east-1.amazonaws.com/family_datasets/Tools_Instruments_and_Appliances/Hammer/Natural/hammer_19.jpg","https://tactileeval.s3.us-east-1.amazonaws.com/family_datasets/Tools_Instruments_and_Appliances/Hammer/Tactile/19.jpg","","Iron","https://tactileeval.s3.us-east-1.amazonaws.com/family_datasets/Tools_Instruments_and_Appliances/Iron/Natural/1.png","https://tactileeval.s3.us-east-1.amazonaws.com/family_datasets/Tools_Instruments_and_Appliances/Iron/Tactile/1.jpeg","","[{""question1"":{""background_clean"":true,""configuration_match"":true,""object_match"":true},""question10"":{""background_clean"":false,""configuration_match"":false,""object_match"":true},""question2"":{""background_clean"":true,""configuration_match"":false,""object_match"":true},""question3"":{""background_clean"":true,""configuration_match"":false,""object_match"":false},""question4"":{""background_clean"":true,""configuration_match"":true,""object_match"":true},""question5"":{""background_clean"":true,""configuration_match"":false,""object_match"":false},""question6"":{""background_clean"":true,""configuration_match"":false,""object_match"":false},""question7"":{""background_clean"":true,""configuration_match"":false,""object_match"":true},""question8"":{""background_clean"":false,""configuration_match"":true,""object_match"":true},""question9"":{""background_clean"":true,""configuration_match"":false,""object_match"":true}}]"
"34YWR3PJ30OAV4H4WC9E2UWA0LE0XX","399RPY0FFT5L4AXNGQM3UDNAXJBMKC","Categorize images based on background and posture.","Review 10 line-arts and judge if it has adequate background and configuration. (10 pairs)","tactile, image review, accessibility, tools and appliances","$0.08","Sat Apr 18 05:57:39 PDT 2026","7","BatchId:5385897;OriginalHitTemplateId:928390873;","1200","1296000","Sat Apr 25 05:57:39 PDT 2026","","","32ZKVD548811LDBT054G3FZIOWKB3Z","A2D07SVRO4UFVL","Submitted","Sat Apr 18 07:57:58 PDT 2026","Sat Apr 18 07:59:06 PDT 2026","Sun May 03 07:59:06 PDT 2026","","","","68","81% (22/27)","80% (20/25)","80% (20/25)","Hammer","https://tactileeval.s3.us-east-1.amazonaws.com/family_datasets/Tools_Instruments_and_Appliances/Hammer/Natural/hammer_11.png","https://tactileeval.s3.us-east-1.amazonaws.com/family_datasets/Tools_Instruments_and_Appliances/Hammer/Tactile/11.jpg","","Hammer","https://tactileeval.s3.us-east-1.amazonaws.com/family_datasets/Tools_Instruments_and_Appliances/Hammer/Natural/hammer_12.png","https://tactileeval.s3.us-east-1.amazonaws.com/family_datasets/Tools_Instruments_and_Appliances/Hammer/Tactile/12.jpg","","Hammer","https://tactileeval.s3.us-east-1.amazonaws.com/family_datasets/Tools_Instruments_and_Appliances/Hammer/Natural/hammer_13.png","https://tactileeval.s3.us-east-1.amazonaws.com/family_datasets/Tools_Instruments_and_Appliances/Hammer/Tactile/13.jpg","","Hammer","https://tactileeval.s3.us-east-1.amazonaws.com/family_datasets/Tools_Instruments_and_Appliances/Hammer/Natural/hammer_14.png","https://tactileeval.s3.us-east-1.amazonaws.com/family_datasets/Tools_Instruments_and_Appliances/Hammer/Tactile/14.jpg","","Hammer","https://tactileeval.s3.us-east-1.amazonaws.com/family_datasets/Tools_Instruments_and_Appliances/Hammer/Natural/hammer_15.png","https://tactileeval.s3.us-east-1.amazonaws.com/family_datasets/Tools_Instruments_and_Appliances/Hammer/Tactile/15.jpg","","Hammer","https://tactileeval.s3.us-east-1.amazonaws.com/family_datasets/Tools_Instruments_and_Appliances/Hammer/Natural/hammer_16.png","https://tactileeval.s3.us-east-1.amazonaws.com/family_datasets/Tools_Instruments_and_Appliances/Hammer/Tactile/16.jpg","","Hammer","https://tactileeval.s3.us-east-1.amazonaws.com/family_datasets/Tools_Instruments_and_Appliances/Hammer/Natural/hammer_17.png","https://tactileeval.s3.us-east-1.amazonaws.com/family_datasets/Tools_Instruments_and_Appliances/Hammer/Tactile/17.jpg","","Hammer","https://tactileeval.s3.us-east-1.amazonaws.com/family_datasets/Tools_Instruments_and_Appliances/Hammer/Natural/hammer_18.png","https://tactileeval.s3.us-east-1.amazonaws.com/family_datasets/Tools_Instruments_and_Appliances/Hammer/Tactile/18.jpg","","Hammer","https://tactileeval.s3.us-east-1.amazonaws.com/family_datasets/Tools_Instruments_and_Appliances/Hammer/Natural/hammer_19.jpg","https://tactileeval.s3.us-east-1.amazonaws.com/family_datasets/Tools_Instruments_and_Appliances/Hammer/Tactile/19.jpg","","Iron","https://tactileeval.s3.us-east-1.amazonaws.com/family_datasets/Tools_Instruments_and_Appliances/Iron/Natural/1.png","https://tactileeval.s3.us-east-1.amazonaws.com/family_datasets/Tools_Instruments_and_Appliances/Iron/Tactile/1.jpeg","","[{""question1"":{""background_clean"":true,""configuration_match"":true,""object_match"":false},""question10"":{""background_clean"":false,""configuration_match"":true,""object_match"":false},""question2"":{""background_clean"":true,""configuration_match"":true,""object_match"":false},""question3"":{""background_clean"":true,""configuration_match"":true,""object_match"":false},""question4"":{""background_clean"":true,""configuration_match"":false,""object_match"":false},""question5"":{""background_clean"":true,""configuration_match"":true,""object_match"":true},""question6"":{""background_clean"":true,""configuration_match"":true,""object_match"":true},""question7"":{""background_clean"":true,""configuration_match"":false,""object_match"":false},""question8"":{""background_clean"":false,""configuration_match"":true,""object_match"":false},""question9"":{""background_clean"":true,""configuration_match"":true,""object_match"":false}}]"
"34YWR3PJ30OAV4H4WC9E2UWA0LE0XX","399RPY0FFT5L4AXNGQM3UDNAXJBMKC","Categorize images based on background and posture.","Review 10 line-arts and judge if it has adequate background and configuration. (10 pairs)","tactile, image review, accessibility, tools and appliances","$0.08","Sat Apr 18 05:57:39 PDT 2026","7","BatchId:5385897;OriginalHitTemplateId:928390873;","1200","1296000","Sat Apr 25 05:57:39 PDT 2026","","","37UQDCYH7Q9YVAAM7YY6H855WQN7V7","A3VCTHO95DZWAQ","Submitted","Sat Apr 18 08:02:02 PDT 2026","Sat Apr 18 08:02:46 PDT 2026","Sun May 03 08:02:46 PDT 2026","","","","44","0% (0/0)","0% (0/0)","0% (0/0)","Hammer","https://tactileeval.s3.us-east-1.amazonaws.com/family_datasets/Tools_Instruments_and_Appliances/Hammer/Natural/hammer_11.png","https://tactileeval.s3.us-east-1.amazonaws.com/family_datasets/Tools_Instruments_and_Appliances/Hammer/Tactile/11.jpg","","Hammer","https://tactileeval.s3.us-east-1.amazonaws.com/family_datasets/Tools_Instruments_and_Appliances/Hammer/Natural/hammer_12.png","https://tactileeval.s3.us-east-1.amazonaws.com/family_datasets/Tools_Instruments_and_Appliances/Hammer/Tactile/12.jpg","","Hammer","https://tactileeval.s3.us-east-1.amazonaws.com/family_datasets/Tools_Instruments_and_Appliances/Hammer/Natural/hammer_13.png","https://tactileeval.s3.us-east-1.amazonaws.com/family_datasets/Tools_Instruments_and_Appliances/Hammer/Tactile/13.jpg","","Hammer","https://tactileeval.s3.us-east-1.amazonaws.com/family_datasets/Tools_Instruments_and_Appliances/Hammer/Natural/hammer_14.png","https://tactileeval.s3.us-east-1.amazonaws.com/family_datasets/Tools_Instruments_and_Appliances/Hammer/Tactile/14.jpg","","Hammer","https://tactileeval.s3.us-east-1.amazonaws.com/family_datasets/Tools_Instruments_and_Appliances/Hammer/Natural/hammer_15.png","https://tactileeval.s3.us-east-1.amazonaws.com/family_datasets/Tools_Instruments_and_Appliances/Hammer/Tactile/15.jpg","","Hammer","https://tactileeval.s3.us-east-1.amazonaws.com/family_datasets/Tools_Instruments_and_Appliances/Hammer/Natural/hammer_16.png","https://tactileeval.s3.us-east-1.amazonaws.com/family_datasets/Tools_Instruments_and_Appliances/Hammer/Tactile/16.jpg","","Hammer","https://tactileeval.s3.us-east-1.amazonaws.com/family_datasets/Tools_Instruments_and_Appliances/Hammer/Natural/hammer_17.png","https://tactileeval.s3.us-east-1.amazonaws.com/family_datasets/Tools_Instruments_and_Appliances/Hammer/Tactile/17.jpg","","Hammer","https://tactileeval.s3.us-east-1.amazonaws.com/family_datasets/Tools_Instruments_and_Appliances/Hammer/Natural/hammer_18.png","https://tactileeval.s3.us-east-1.amazonaws.com/family_datasets/Tools_Instruments_and_Appliances/Hammer/Tactile/18.jpg","","Hammer","https://tactileeval.s3.us-east-1.amazonaws.com/family_datasets/Tools_Instruments_and_Appliances/Hammer/Natural/hammer_19.jpg","https://tactileeval.s3.us-east-1.amazonaws.com/family_datasets/Tools_Instruments_and_Appliances/Hammer/Tactile/19.jpg","","Iron","https://tactileeval.s3.us-east-1.amazonaws.com/family_datasets/Tools_Instruments_and_Appliances/Iron/Natural/1.png","https://tactileeval.s3.us-east-1.amazonaws.com/family_datasets/Tools_Instruments_and_Appliances/Iron/Tactile/1.jpeg","","[{""question1"":{""background_clean"":true,""configuration_match"":true,""object_match"":false},""question10"":{""background_clean"":true,""configuration_match"":true,""object_match"":false},""question2"":{""background_clean"":true,""configuration_match"":true,""object_match"":false},""question3"":{""background_clean"":true,""configuration_match"":true,""object_match"":false},""question4"":{""background_clean"":true,""configuration_match"":true,""object_match"":true},""question5"":{""background_clean"":true,""configuration_match"":true,""object_match"":true},""question6"":{""background_clean"":true,""configuration_match"":true,""object_match"":true},""question7"":{""background_clean"":true,""configuration_match"":true,""object_match"":true},""question8"":{""background_clean"":true,""configuration_match"":true,""object_match"":false},""question9"":{""background_clean"":true,""configuration_match"":true,""object_match"":false}}]"
"34YWR3PJ30OAV4H4WC9E2UWA0LE0XX","399RPY0FFT5L4AXNGQM3UDNAXJBMKC","Categorize images based on background and posture.","Review 10 line-arts and judge if it has adequate background and configuration. (10 pairs)","tactile, image review, accessibility, tools and appliances","$0.08","Sat Apr 18 05:57:39 PDT 2026","7","BatchId:5385897;OriginalHitTemplateId:928390873;","1200","1296000","Sat Apr 25 05:57:39 PDT 2026","","","3U4J9857P7PJMWCG2H76GWBYTY7B75","A1SMWIBTQ2AESU","Submitted","Sat Apr 18 08:04:11 PDT 2026","Sat Apr 18 08:07:32 PDT 2026","Sun May 03 08:07:32 PDT 2026","","","","201","98% (47/48)","98% (46/47)","98% (46/47)","Hammer","https://tactileeval.s3.us-east-1.amazonaws.com/family_datasets/Tools_Instruments_and_Appliances/Hammer/Natural/hammer_11.png","https://tactileeval.s3.us-east-1.amazonaws.com/family_datasets/Tools_Instruments_and_Appliances/Hammer/Tactile/11.jpg","","Hammer","https://tactileeval.s3.us-east-1.amazonaws.com/family_datasets/Tools_Instruments_and_Appliances/Hammer/Natural/hammer_12.png","https://tactileeval.s3.us-east-1.amazonaws.com/family_datasets/Tools_Instruments_and_Appliances/Hammer/Tactile/12.jpg","","Hammer","https://tactileeval.s3.us-east-1.amazonaws.com/family_datasets/Tools_Instruments_and_Appliances/Hammer/Natural/hammer_13.png","https://tactileeval.s3.us-east-1.amazonaws.com/family_datasets/Tools_Instruments_and_Appliances/Hammer/Tactile/13.jpg","","Hammer","https://tactileeval.s3.us-east-1.amazonaws.com/family_datasets/Tools_Instruments_and_Appliances/Hammer/Natural/hammer_14.png","https://tactileeval.s3.us-east-1.amazonaws.com/family_datasets/Tools_Instruments_and_Appliances/Hammer/Tactile/14.jpg","","Hammer","https://tactileeval.s3.us-east-1.amazonaws.com/family_datasets/Tools_Instruments_and_Appliances/Hammer/Natural/hammer_15.png","https://tactileeval.s3.us-east-1.amazonaws.com/family_datasets/Tools_Instruments_and_Appliances/Hammer/Tactile/15.jpg","","Hammer","https://tactileeval.s3.us-east-1.amazonaws.com/family_datasets/Tools_Instruments_and_Appliances/Hammer/Natural/hammer_16.png","https://tactileeval.s3.us-east-1.amazonaws.com/family_datasets/Tools_Instruments_and_Appliances/Hammer/Tactile/16.jpg","","Hammer","https://tactileeval.s3.us-east-1.amazonaws.com/family_datasets/Tools_Instruments_and_Appliances/Hammer/Natural/hammer_17.png","https://tactileeval.s3.us-east-1.amazonaws.com/family_datasets/Tools_Instruments_and_Appliances/Hammer/Tactile/17.jpg","","Hammer","https://tactileeval.s3.us-east-1.amazonaws.com/family_datasets/Tools_Instruments_and_Appliances/Hammer/Natural/hammer_18.png","https://tactileeval.s3.us-east-1.amazonaws.com/family_datasets/Tools_Instruments_and_Appliances/Hammer/Tactile/18.jpg","","Hammer","https://tactileeval.s3.us-east-1.amazonaws.com/family_datasets/Tools_Instruments_and_Appliances/Hammer/Natural/hammer_19.jpg","https://tactileeval.s3.us-east-1.amazonaws.com/family_datasets/Tools_Instruments_and_Appliances/Hammer/Tactile/19.jpg","","Iron","https://tactileeval.s3.us-east-1.amazonaws.com/family_datasets/Tools_Instruments_and_Appliances/Iron/Natural/1.png","https://tactileeval.s3.us-east-1.amazonaws.com/family_datasets/Tools_Instruments_and_Appliances/Iron/Tactile/1.jpeg","","[{""question1"":{""background_clean"":true,""configuration_match"":false,""object_match"":false},""question10"":{""background_clean"":true,""configuration_match"":true,""object_match"":false},""question2"":{""background_clean"":true,""configuration_match"":true,""object_match"":false},""question3"":{""background_clean"":true,""configuration_match"":true,""object_match"":false},""question4"":{""background_clean"":true,""configuration_match"":true,""object_match"":false},""question5"":{""background_clean"":true,""configuration_match"":true,""object_match"":true},""question6"":{""background_clean"":true,""configuration_match"":true,""object_match"":true},""question7"":{""background_clean"":true,""configuration_match"":true,""object_match"":false},""question8"":{""background_clean"":true,""configuration_match"":true,""object_match"":false},""question9"":{""background_clean"":true,""configuration_match"":true,""object_match"":true}}]"
"34YWR3PJ30OAV4H4WC9E2UWA0LE0XX","399RPY0FFT5L4AXNGQM3UDNAXJBMKC","Categorize images based on background and posture.","Review 10 line-arts and judge if it has adequate background and configuration. (10 pairs)","tactile, image review, accessibility, tools and appliances","$0.08","Sat Apr 18 05:57:39 PDT 2026","7","BatchId:5385897;OriginalHitTemplateId:928390873;","1200","1296000","Sat Apr 25 05:57:39 PDT 2026","","","3LEP4MGT49EZ35DQTUASGOLUF9ADB0","AJZHPDCKUVRM8","Submitted","Sat Apr 18 08:08:10 PDT 2026","Sat Apr 18 08:08:40 PDT 2026","Sun May 03 08:08:40 PDT 2026","","","","30","100% (52/52)","100% (52/52)","100% (52/52)","Hammer","https://tactileeval.s3.us-east-1.amazonaws.com/family_datasets/Tools_Instruments_and_Appliances/Hammer/Natural/hammer_11.png","https://tactileeval.s3.us-east-1.amazonaws.com/family_datasets/Tools_Instruments_and_Appliances/Hammer/Tactile/11.jpg","","Hammer","https://tactileeval.s3.us-east-1.amazonaws.com/family_datasets/Tools_Instruments_and_Appliances/Hammer/Natural/hammer_12.png","https://tactileeval.s3.us-east-1.amazonaws.com/family_datasets/Tools_Instruments_and_Appliances/Hammer/Tactile/12.jpg","","Hammer","https://tactileeval.s3.us-east-1.amazonaws.com/family_datasets/Tools_Instruments_and_Appliances/Hammer/Natural/hammer_13.png","https://tactileeval.s3.us-east-1.amazonaws.com/family_datasets/Tools_Instruments_and_Appliances/Hammer/Tactile/13.jpg","","Hammer","https://tactileeval.s3.us-east-1.amazonaws.com/family_datasets/Tools_Instruments_and_Appliances/Hammer/Natural/hammer_14.png","https://tactileeval.s3.us-east-1.amazonaws.com/family_datasets/Tools_Instruments_and_Appliances/Hammer/Tactile/14.jpg","","Hammer","https://tactileeval.s3.us-east-1.amazonaws.com/family_datasets/Tools_Instruments_and_Appliances/Hammer/Natural/hammer_15.png","https://tactileeval.s3.us-east-1.amazonaws.com/family_datasets/Tools_Instruments_and_Appliances/Hammer/Tactile/15.jpg","","Hammer","https://tactileeval.s3.us-east-1.amazonaws.com/family_datasets/Tools_Instruments_and_Appliances/Hammer/Natural/hammer_16.png","https://tactileeval.s3.us-east-1.amazonaws.com/family_datasets/Tools_Instruments_and_Appliances/Hammer/Tactile/16.jpg","","Hammer","https://tactileeval.s3.us-east-1.amazonaws.com/family_datasets/Tools_Instruments_and_Appliances/Hammer/Natural/hammer_17.png","https://tactileeval.s3.us-east-1.amazonaws.com/family_datasets/Tools_Instruments_and_Appliances/Hammer/Tactile/17.jpg","","Hammer","https://tactileeval.s3.us-east-1.amazonaws.com/family_datasets/Tools_Instruments_and_Appliances/Hammer/Natural/hammer_18.png","https://tactileeval.s3.us-east-1.amazonaws.com/family_datasets/Tools_Instruments_and_Appliances/Hammer/Tactile/18.jpg","","Hammer","https://tactileeval.s3.us-east-1.amazonaws.com/family_datasets/Tools_Instruments_and_Appliances/Hammer/Natural/hammer_19.jpg","https://tactileeval.s3.us-east-1.amazonaws.com/family_datasets/Tools_Instruments_and_Appliances/Hammer/Tactile/19.jpg","","Iron","https://tactileeval.s3.us-east-1.amazonaws.com/family_datasets/Tools_Instruments_and_Appliances/Iron/Natural/1.png","https://tactileeval.s3.us-east-1.amazonaws.com/family_datasets/Tools_Instruments_and_Appliances/Iron/Tactile/1.jpeg","","[{""question1"":{""background_clean"":true,""configuration_match"":true,""object_match"":false},""question10"":{""background_clean"":false,""configuration_match"":true,""object_match"":false},""question2"":{""background_clean"":true,""configuration_match"":true,""object_match"":false},""question3"":{""background_clean"":true,""configuration_match"":false,""object_match"":false},""question4"":{""background_clean"":true,""configuration_match"":false,""object_match"":false},""question5"":{""background_clean"":true,""configuration_match"":false,""object_match"":false},""question6"":{""background_clean"":true,""configuration_match"":true,""object_match"":false},""question7"":{""background_clean"":true,""configuration_match"":true,""object_match"":false},""question8"":{""background_clean"":false,""configuration_match"":true,""object_match"":false},""question9"":{""background_clean"":true,""configuration_match"":false,""object_match"":false}}]"
"30EV7DWJUN9U9KTT3XBXU9DAFUTY61","399RPY0FFT5L4AXNGQM3UDNAXJBMKC","Categorize images based on background and posture.","Review 10 line-arts and judge if it has adequate background and configuration. (10 pairs)","tactile, image review, accessibility, tools and appliances","$0.08","Sat Apr 18 05:57:39 PDT 2026","7","BatchId:5385897;OriginalHitTemplateId:928390873;","1200","1296000","Sat Apr 25 05:57:39 PDT 2026","","","3PXX5PX6MQC15YAE9KJQQNDOU66ABO","A3UPEZR0XSE052","Submitted","Sat Apr 18 07:33:37 PDT 2026","Sat Apr 18 07:47:23 PDT 2026","Sun May 03 07:47:23 PDT 2026","","","","826","50% (1/2)","0% (0/1)","0% (0/1)","Iron","https://tactileeval.s3.us-east-1.amazonaws.com/family_datasets/Tools_Instruments_and_Appliances/Iron/Natural/2.jpg","https://tactileeval.s3.us-east-1.amazonaws.com/family_datasets/Tools_Instruments_and_Appliances/Iron/Tactile/2.jpeg","","Iron","https://tactileeval.s3.us-east-1.amazonaws.com/family_datasets/Tools_Instruments_and_Appliances/Iron/Natural/3.jpg","https://tactileeval.s3.us-east-1.amazonaws.com/family_datasets/Tools_Instruments_and_Appliances/Iron/Tactile/3.jpeg","","Iron","https://tactileeval.s3.us-east-1.amazonaws.com/family_datasets/Tools_Instruments_and_Appliances/Iron/Natural/4.jpg","https://tactileeval.s3.us-east-1.amazonaws.com/family_datasets/Tools_Instruments_and_Appliances/Iron/Tactile/4.jpeg","","Iron","https://tactileeval.s3.us-east-1.amazonaws.com/family_datasets/Tools_Instruments_and_Appliances/Iron/Natural/5.jpg","https://tactileeval.s3.us-east-1.amazonaws.com/family_datasets/Tools_Instruments_and_Appliances/Iron/Tactile/5.jpeg","","Iron","https://tactileeval.s3.us-east-1.amazonaws.com/family_datasets/Tools_Instruments_and_Appliances/Iron/Natural/6.jpg","https://tactileeval.s3.us-east-1.amazonaws.com/family_datasets/Tools_Instruments_and_Appliances/Iron/Tactile/6.jpeg","","Iron","https://tactileeval.s3.us-east-1.amazonaws.com/family_datasets/Tools_Instruments_and_Appliances/Iron/Natural/7.jpg","https://tactileeval.s3.us-east-1.amazonaws.com/family_datasets/Tools_Instruments_and_Appliances/Iron/Tactile/7.jpeg","","Iron","https://tactileeval.s3.us-east-1.amazonaws.com/family_datasets/Tools_Instruments_and_Appliances/Iron/Natural/8.png","https://tactileeval.s3.us-east-1.amazonaws.com/family_datasets/Tools_Instruments_and_Appliances/Iron/Tactile/8.jpeg","","Iron","https://tactileeval.s3.us-east-1.amazonaws.com/family_datasets/Tools_Instruments_and_Appliances/Iron/Natural/9.jpg","https://tactileeval.s3.us-east-1.amazonaws.com/family_datasets/Tools_Instruments_and_Appliances/Iron/Tactile/9.png","","Iron","https://tactileeval.s3.us-east-1.amazonaws.com/family_datasets/Tools_Instruments_and_Appliances/Iron/Natural/10.jpg","https://tactileeval.s3.us-east-1.amazonaws.com/family_datasets/Tools_Instruments_and_Appliances/Iron/Tactile/10.jpg","","Laptop","https://tactileeval.s3.us-east-1.amazonaws.com/family_datasets/Tools_Instruments_and_Appliances/Laptop/Natural/1.jpeg","https://tactileeval.s3.us-east-1.amazonaws.com/family_datasets/Tools_Instruments_and_Appliances/Laptop/Tactile/1.jpeg","","[{""question1"":{""background_clean"":true,""configuration_match"":true,""object_match"":false},""question10"":{""background_clean"":true,""configuration_match"":true,""object_match"":true},""question2"":{""background_clean"":true,""configuration_match"":true,""object_match"":false},""question3"":{""background_clean"":true,""configuration_match"":true,""object_match"":true},""question4"":{""background_clean"":true,""configuration_match"":true,""object_match"":false},""question5"":{""background_clean"":true,""configuration_match"":true,""object_match"":false},""question6"":{""background_clean"":true,""configuration_match"":true,""object_match"":false},""question7"":{""background_clean"":true,""configuration_match"":false,""object_match"":false},""question8"":{""background_clean"":true,""configuration_match"":true,""object_match"":false},""question9"":{""background_clean"":true,""configuration_match"":true,""object_match"":false}}]"
"30EV7DWJUN9U9KTT3XBXU9DAFUTY61","399RPY0FFT5L4AXNGQM3UDNAXJBMKC","Categorize images based on background and posture.","Review 10 line-arts and judge if it has adequate background and configuration. (10 pairs)","tactile, image review, accessibility, tools and appliances","$0.08","Sat Apr 18 05:57:39 PDT 2026","7","BatchId:5385897;OriginalHitTemplateId:928390873;","1200","1296000","Sat Apr 25 05:57:39 PDT 2026","","","39JEC7538NF47R5IYF6HXUXJX1DVCN","A2D07SVRO4UFVL","Submitted","Sat Apr 18 08:01:26 PDT 2026","Sat Apr 18 08:02:24 PDT 2026","Sun May 03 08:02:24 PDT 2026","","","","58","81% (22/27)","80% (20/25)","80% (20/25)","Iron","https://tactileeval.s3.us-east-1.amazonaws.com/family_datasets/Tools_Instruments_and_Appliances/Iron/Natural/2.jpg","https://tactileeval.s3.us-east-1.amazonaws.com/family_datasets/Tools_Instruments_and_Appliances/Iron/Tactile/2.jpeg","","Iron","https://tactileeval.s3.us-east-1.amazonaws.com/family_datasets/Tools_Instruments_and_Appliances/Iron/Natural/3.jpg","https://tactileeval.s3.us-east-1.amazonaws.com/family_datasets/Tools_Instruments_and_Appliances/Iron/Tactile/3.jpeg","","Iron","https://tactileeval.s3.us-east-1.amazonaws.com/family_datasets/Tools_Instruments_and_Appliances/Iron/Natural/4.jpg","https://tactileeval.s3.us-east-1.amazonaws.com/family_datasets/Tools_Instruments_and_Appliances/Iron/Tactile/4.jpeg","","Iron","https://tactileeval.s3.us-east-1.amazonaws.com/family_datasets/Tools_Instruments_and_Appliances/Iron/Natural/5.jpg","https://tactileeval.s3.us-east-1.amazonaws.com/family_datasets/Tools_Instruments_and_Appliances/Iron/Tactile/5.jpeg","","Iron","https://tactileeval.s3.us-east-1.amazonaws.com/family_datasets/Tools_Instruments_and_Appliances/Iron/Natural/6.jpg","https://tactileeval.s3.us-east-1.amazonaws.com/family_datasets/Tools_Instruments_and_Appliances/Iron/Tactile/6.jpeg","","Iron","https://tactileeval.s3.us-east-1.amazonaws.com/family_datasets/Tools_Instruments_and_Appliances/Iron/Natural/7.jpg","https://tactileeval.s3.us-east-1.amazonaws.com/family_datasets/Tools_Instruments_and_Appliances/Iron/Tactile/7.jpeg","","Iron","https://tactileeval.s3.us-east-1.amazonaws.com/family_datasets/Tools_Instruments_and_Appliances/Iron/Natural/8.png","https://tactileeval.s3.us-east-1.amazonaws.com/family_datasets/Tools_Instruments_and_Appliances/Iron/Tactile/8.jpeg","","Iron","https://tactileeval.s3.us-east-1.amazonaws.com/family_datasets/Tools_Instruments_and_Appliances/Iron/Natural/9.jpg","https://tactileeval.s3.us-east-1.amazonaws.com/family_datasets/Tools_Instruments_and_Appliances/Iron/Tactile/9.png","","Iron","https://tactileeval.s3.us-east-1.amazonaws.com/family_datasets/Tools_Instruments_and_Appliances/Iron/Natural/10.jpg","https://tactileeval.s3.us-east-1.amazonaws.com/family_datasets/Tools_Instruments_and_Appliances/Iron/Tactile/10.jpg","","Laptop","https://tactileeval.s3.us-east-1.amazonaws.com/family_datasets/Tools_Instruments_and_Appliances/Laptop/Natural/1.jpeg","https://tactileeval.s3.us-east-1.amazonaws.com/family_datasets/Tools_Instruments_and_Appliances/Laptop/Tactile/1.jpeg","","[{""question1"":{""background_clean"":true,""configuration_match"":false,""object_match"":false},""question10"":{""background_clean"":true,""configuration_match"":true,""object_match"":false},""question2"":{""background_clean"":false,""configuration_match"":true,""object_match"":false},""question3"":{""background_clean"":true,""configuration_match"":true,""object_match"":false},""question4"":{""background_clean"":true,""configuration_match"":true,""object_match"":false},""question5"":{""background_clean"":true,""configuration_match"":true,""object_match"":false},""question6"":{""background_clean"":false,""configuration_match"":true,""object_match"":false},""question7"":{""background_clean"":true,""configuration_match"":true,""object_match"":false},""question8"":{""background_clean"":true,""configuration_match"":false,""object_match"":false},""question9"":{""background_clean"":true,""configuration_match"":true,""object_match"":false}}]"
"30EV7DWJUN9U9KTT3XBXU9DAFUTY61","399RPY0FFT5L4AXNGQM3UDNAXJBMKC","Categorize images based on background and posture.","Review 10 line-arts and judge if it has adequate background and configuration. (10 pairs)","tactile, image review, accessibility, tools and appliances","$0.08","Sat Apr 18 05:57:39 PDT 2026","7","BatchId:5385897;OriginalHitTemplateId:928390873;","1200","1296000","Sat Apr 25 05:57:39 PDT 2026","","","3X4JMASXDFN54LCWHIMX1H1BLK10BU","A3VCTHO95DZWAQ","Submitted","Sat Apr 18 08:02:46 PDT 2026","Sat Apr 18 08:03:30 PDT 2026","Sun May 03 08:03:30 PDT 2026","","","","44","0% (0/0)","0% (0/0)","0% (0/0)","Iron","https://tactileeval.s3.us-east-1.amazonaws.com/family_datasets/Tools_Instruments_and_Appliances/Iron/Natural/2.jpg","https://tactileeval.s3.us-east-1.amazonaws.com/family_datasets/Tools_Instruments_and_Appliances/Iron/Tactile/2.jpeg","","Iron","https://tactileeval.s3.us-east-1.amazonaws.com/family_datasets/Tools_Instruments_and_Appliances/Iron/Natural/3.jpg","https://tactileeval.s3.us-east-1.amazonaws.com/family_datasets/Tools_Instruments_and_Appliances/Iron/Tactile/3.jpeg","","Iron","https://tactileeval.s3.us-east-1.amazonaws.com/family_datasets/Tools_Instruments_and_Appliances/Iron/Natural/4.jpg","https://tactileeval.s3.us-east-1.amazonaws.com/family_datasets/Tools_Instruments_and_Appliances/Iron/Tactile/4.jpeg","","Iron","https://tactileeval.s3.us-east-1.amazonaws.com/family_datasets/Tools_Instruments_and_Appliances/Iron/Natural/5.jpg","https://tactileeval.s3.us-east-1.amazonaws.com/family_datasets/Tools_Instruments_and_Appliances/Iron/Tactile/5.jpeg","","Iron","https://tactileeval.s3.us-east-1.amazonaws.com/family_datasets/Tools_Instruments_and_Appliances/Iron/Natural/6.jpg","https://tactileeval.s3.us-east-1.amazonaws.com/family_datasets/Tools_Instruments_and_Appliances/Iron/Tactile/6.jpeg","","Iron","https://tactileeval.s3.us-east-1.amazonaws.com/family_datasets/Tools_Instruments_and_Appliances/Iron/Natural/7.jpg","https://tactileeval.s3.us-east-1.amazonaws.com/family_datasets/Tools_Instruments_and_Appliances/Iron/Tactile/7.jpeg","","Iron","https://tactileeval.s3.us-east-1.amazonaws.com/family_datasets/Tools_Instruments_and_Appliances/Iron/Natural/8.png","https://tactileeval.s3.us-east-1.amazonaws.com/family_datasets/Tools_Instruments_and_Appliances/Iron/Tactile/8.jpeg","","Iron","https://tactileeval.s3.us-east-1.amazonaws.com/family_datasets/Tools_Instruments_and_Appliances/Iron/Natural/9.jpg","https://tactileeval.s3.us-east-1.amazonaws.com/family_datasets/Tools_Instruments_and_Appliances/Iron/Tactile/9.png","","Iron","https://tactileeval.s3.us-east-1.amazonaws.com/family_datasets/Tools_Instruments_and_Appliances/Iron/Natural/10.jpg","https://tactileeval.s3.us-east-1.amazonaws.com/family_datasets/Tools_Instruments_and_Appliances/Iron/Tactile/10.jpg","","Laptop","https://tactileeval.s3.us-east-1.amazonaws.com/family_datasets/Tools_Instruments_and_Appliances/Laptop/Natural/1.jpeg","https://tactileeval.s3.us-east-1.amazonaws.com/family_datasets/Tools_Instruments_and_Appliances/Laptop/Tactile/1.jpeg","","[{""question1"":{""background_clean"":true,""configuration_match"":true,""object_match"":false},""question10"":{""background_clean"":true,""configuration_match"":true,""object_match"":false},""question2"":{""background_clean"":true,""configuration_match"":true,""object_match"":false},""question3"":{""background_clean"":true,""configuration_match"":true,""object_match"":false},""question4"":{""background_clean"":true,""configuration_match"":true,""object_match"":false},""question5"":{""background_clean"":true,""configuration_match"":true,""object_match"":false},""question6"":{""background_clean"":true,""configuration_match"":true,""object_match"":false},""question7"":{""background_clean"":true,""configuration_match"":true,""object_match"":false},""question8"":{""background_clean"":true,""configuration_match"":true,""object_match"":false},""question9"":{""background_clean"":true,""configuration_match"":true,""object_match"":false}}]"
"30EV7DWJUN9U9KTT3XBXU9DAFUTY61","399RPY0FFT5L4AXNGQM3UDNAXJBMKC","Categorize images based on background and posture.","Review 10 line-arts and judge if it has adequate background and configuration. (10 pairs)","tactile, image review, accessibility, tools and appliances","$0.08","Sat Apr 18 05:57:39 PDT 2026","7","BatchId:5385897;OriginalHitTemplateId:928390873;","1200","1296000","Sat Apr 25 05:57:39 PDT 2026","","","3NGI5ARFUMJ7F4YOW68YA6PA7GMP17","A1KXF2L2ZGQXJK","Submitted","Sat Apr 18 08:07:27 PDT 2026","Sat Apr 18 08:08:31 PDT 2026","Sun May 03 08:08:31 PDT 2026","","","","64","0% (0/0)","0% (0/0)","0% (0/0)","Iron","https://tactileeval.s3.us-east-1.amazonaws.com/family_datasets/Tools_Instruments_and_Appliances/Iron/Natural/2.jpg","https://tactileeval.s3.us-east-1.amazonaws.com/family_datasets/Tools_Instruments_and_Appliances/Iron/Tactile/2.jpeg","","Iron","https://tactileeval.s3.us-east-1.amazonaws.com/family_datasets/Tools_Instruments_and_Appliances/Iron/Natural/3.jpg","https://tactileeval.s3.us-east-1.amazonaws.com/family_datasets/Tools_Instruments_and_Appliances/Iron/Tactile/3.jpeg","","Iron","https://tactileeval.s3.us-east-1.amazonaws.com/family_datasets/Tools_Instruments_and_Appliances/Iron/Natural/4.jpg","https://tactileeval.s3.us-east-1.amazonaws.com/family_datasets/Tools_Instruments_and_Appliances/Iron/Tactile/4.jpeg","","Iron","https://tactileeval.s3.us-east-1.amazonaws.com/family_datasets/Tools_Instruments_and_Appliances/Iron/Natural/5.jpg","https://tactileeval.s3.us-east-1.amazonaws.com/family_datasets/Tools_Instruments_and_Appliances/Iron/Tactile/5.jpeg","","Iron","https://tactileeval.s3.us-east-1.amazonaws.com/family_datasets/Tools_Instruments_and_Appliances/Iron/Natural/6.jpg","https://tactileeval.s3.us-east-1.amazonaws.com/family_datasets/Tools_Instruments_and_Appliances/Iron/Tactile/6.jpeg","","Iron","https://tactileeval.s3.us-east-1.amazonaws.com/family_datasets/Tools_Instruments_and_Appliances/Iron/Natural/7.jpg","https://tactileeval.s3.us-east-1.amazonaws.com/family_datasets/Tools_Instruments_and_Appliances/Iron/Tactile/7.jpeg","","Iron","https://tactileeval.s3.us-east-1.amazonaws.com/family_datasets/Tools_Instruments_and_Appliances/Iron/Natural/8.png","https://tactileeval.s3.us-east-1.amazonaws.com/family_datasets/Tools_Instruments_and_Appliances/Iron/Tactile/8.jpeg","","Iron","https://tactileeval.s3.us-east-1.amazonaws.com/family_datasets/Tools_Instruments_and_Appliances/Iron/Natural/9.jpg","https://tactileeval.s3.us-east-1.amazonaws.com/family_datasets/Tools_Instruments_and_Appliances/Iron/Tactile/9.png","","Iron","https://tactileeval.s3.us-east-1.amazonaws.com/family_datasets/Tools_Instruments_and_Appliances/Iron/Natural/10.jpg","https://tactileeval.s3.us-east-1.amazonaws.com/family_datasets/Tools_Instruments_and_Appliances/Iron/Tactile/10.jpg","","Laptop","https://tactileeval.s3.us-east-1.amazonaws.com/family_datasets/Tools_Instruments_and_Appliances/Laptop/Natural/1.jpeg","https://tactileeval.s3.us-east-1.amazonaws.com/family_datasets/Tools_Instruments_and_Appliances/Laptop/Tactile/1.jpeg","","[{""question1"":{""background_clean"":true,""configuration_match"":true,""object_match"":false},""question10"":{""background_clean"":true,""configuration_match"":true,""object_match"":false},""question2"":{""background_clean"":false,""configuration_match"":true,""object_match"":false},""question3"":{""background_clean"":true,""configuration_match"":true,""object_match"":false},""question4"":{""background_clean"":true,""configuration_match"":true,""object_match"":false},""question5"":{""background_clean"":true,""configuration_match"":true,""object_match"":false},""question6"":{""background_clean"":false,""configuration_match"":true,""object_match"":false},""question7"":{""background_clean"":true,""configuration_match"":false,""object_match"":false},""question8"":{""background_clean"":true,""configuration_match"":false,""object_match"":false},""question9"":{""background_clean"":true,""configuration_match"":true,""object_match"":false}}]"
"30EV7DWJUN9U9KTT3XBXU9DAFUTY61","399RPY0FFT5L4AXNGQM3UDNAXJBMKC","Categorize images based on background and posture.","Review 10 line-arts and judge if it has adequate background and configuration. (10 pairs)","tactile, image review, accessibility, tools and appliances","$0.08","Sat Apr 18 05:57:39 PDT 2026","7","BatchId:5385897;OriginalHitTemplateId:928390873;","1200","1296000","Sat Apr 25 05:57:39 PDT 2026","","","3QRYMNZ7GRV8L3YKIAFGCN3AZKBTNN","A1SMWIBTQ2AESU","Submitted","Sat Apr 18 08:04:20 PDT 2026","Sat Apr 18 08:10:34 PDT 2026","Sun May 03 08:10:34 PDT 2026","","","","374","98% (47/48)","98% (46/47)","98% (46/47)","Iron","https://tactileeval.s3.us-east-1.amazonaws.com/family_datasets/Tools_Instruments_and_Appliances/Iron/Natural/2.jpg","https://tactileeval.s3.us-east-1.amazonaws.com/family_datasets/Tools_Instruments_and_Appliances/Iron/Tactile/2.jpeg","","Iron","https://tactileeval.s3.us-east-1.amazonaws.com/family_datasets/Tools_Instruments_and_Appliances/Iron/Natural/3.jpg","https://tactileeval.s3.us-east-1.amazonaws.com/family_datasets/Tools_Instruments_and_Appliances/Iron/Tactile/3.jpeg","","Iron","https://tactileeval.s3.us-east-1.amazonaws.com/family_datasets/Tools_Instruments_and_Appliances/Iron/Natural/4.jpg","https://tactileeval.s3.us-east-1.amazonaws.com/family_datasets/Tools_Instruments_and_Appliances/Iron/Tactile/4.jpeg","","Iron","https://tactileeval.s3.us-east-1.amazonaws.com/family_datasets/Tools_Instruments_and_Appliances/Iron/Natural/5.jpg","https://tactileeval.s3.us-east-1.amazonaws.com/family_datasets/Tools_Instruments_and_Appliances/Iron/Tactile/5.jpeg","","Iron","https://tactileeval.s3.us-east-1.amazonaws.com/family_datasets/Tools_Instruments_and_Appliances/Iron/Natural/6.jpg","https://tactileeval.s3.us-east-1.amazonaws.com/family_datasets/Tools_Instruments_and_Appliances/Iron/Tactile/6.jpeg","","Iron","https://tactileeval.s3.us-east-1.amazonaws.com/family_datasets/Tools_Instruments_and_Appliances/Iron/Natural/7.jpg","https://tactileeval.s3.us-east-1.amazonaws.com/family_datasets/Tools_Instruments_and_Appliances/Iron/Tactile/7.jpeg","","Iron","https://tactileeval.s3.us-east-1.amazonaws.com/family_datasets/Tools_Instruments_and_Appliances/Iron/Natural/8.png","https://tactileeval.s3.us-east-1.amazonaws.com/family_datasets/Tools_Instruments_and_Appliances/Iron/Tactile/8.jpeg","","Iron","https://tactileeval.s3.us-east-1.amazonaws.com/family_datasets/Tools_Instruments_and_Appliances/Iron/Natural/9.jpg","https://tactileeval.s3.us-east-1.amazonaws.com/family_datasets/Tools_Instruments_and_Appliances/Iron/Tactile/9.png","","Iron","https://tactileeval.s3.us-east-1.amazonaws.com/family_datasets/Tools_Instruments_and_Appliances/Iron/Natural/10.jpg","https://tactileeval.s3.us-east-1.amazonaws.com/family_datasets/Tools_Instruments_and_Appliances/Iron/Tactile/10.jpg","","Laptop","https://tactileeval.s3.us-east-1.amazonaws.com/family_datasets/Tools_Instruments_and_Appliances/Laptop/Natural/1.jpeg","https://tactileeval.s3.us-east-1.amazonaws.com/family_datasets/Tools_Instruments_and_Appliances/Laptop/Tactile/1.jpeg","","[{""question1"":{""background_clean"":true,""configuration_match"":true,""object_match"":false},""question10"":{""background_clean"":true,""configuration_match"":true,""object_match"":true},""question2"":{""background_clean"":true,""configuration_match"":true,""object_match"":false},""question3"":{""background_clean"":true,""configuration_match"":true,""object_match"":true},""question4"":{""background_clean"":true,""configuration_match"":true,""object_match"":false},""question5"":{""background_clean"":true,""configuration_match"":true,""object_match"":false},""question6"":{""background_clean"":true,""configuration_match"":true,""object_match"":false},""question7"":{""background_clean"":true,""configuration_match"":true,""object_match"":false},""question8"":{""background_clean"":true,""configuration_match"":true,""object_match"":true},""question9"":{""background_clean"":true,""configuration_match"":true,""object_match"":false}}]"
"30EV7DWJUN9U9KTT3XBXU9DAFUTY61","399RPY0FFT5L4AXNGQM3UDNAXJBMKC","Categorize images based on background and posture.","Review 10 line-arts and judge if it has adequate background and configuration. (10 pairs)","tactile, image review, accessibility, tools and appliances","$0.08","Sat Apr 18 05:57:39 PDT 2026","7","BatchId:5385897;OriginalHitTemplateId:928390873;","1200","1296000","Sat Apr 25 05:57:39 PDT 2026","","","336KAV9KZJ68D38L6X4VSGSR3R42YW","AJZHPDCKUVRM8","Submitted","Sat Apr 18 08:11:29 PDT 2026","Sat Apr 18 08:12:00 PDT 2026","Sun May 03 08:12:00 PDT 2026","","","","31","100% (52/52)","100% (52/52)","100% (52/52)","Iron","https://tactileeval.s3.us-east-1.amazonaws.com/family_datasets/Tools_Instruments_and_Appliances/Iron/Natural/2.jpg","https://tactileeval.s3.us-east-1.amazonaws.com/family_datasets/Tools_Instruments_and_Appliances/Iron/Tactile/2.jpeg","","Iron","https://tactileeval.s3.us-east-1.amazonaws.com/family_datasets/Tools_Instruments_and_Appliances/Iron/Natural/3.jpg","https://tactileeval.s3.us-east-1.amazonaws.com/family_datasets/Tools_Instruments_and_Appliances/Iron/Tactile/3.jpeg","","Iron","https://tactileeval.s3.us-east-1.amazonaws.com/family_datasets/Tools_Instruments_and_Appliances/Iron/Natural/4.jpg","https://tactileeval.s3.us-east-1.amazonaws.com/family_datasets/Tools_Instruments_and_Appliances/Iron/Tactile/4.jpeg","","Iron","https://tactileeval.s3.us-east-1.amazonaws.com/family_datasets/Tools_Instruments_and_Appliances/Iron/Natural/5.jpg","https://tactileeval.s3.us-east-1.amazonaws.com/family_datasets/Tools_Instruments_and_Appliances/Iron/Tactile/5.jpeg","","Iron","https://tactileeval.s3.us-east-1.amazonaws.com/family_datasets/Tools_Instruments_and_Appliances/Iron/Natural/6.jpg","https://tactileeval.s3.us-east-1.amazonaws.com/family_datasets/Tools_Instruments_and_Appliances/Iron/Tactile/6.jpeg","","Iron","https://tactileeval.s3.us-east-1.amazonaws.com/family_datasets/Tools_Instruments_and_Appliances/Iron/Natural/7.jpg","https://tactileeval.s3.us-east-1.amazonaws.com/family_datasets/Tools_Instruments_and_Appliances/Iron/Tactile/7.jpeg","","Iron","https://tactileeval.s3.us-east-1.amazonaws.com/family_datasets/Tools_Instruments_and_Appliances/Iron/Natural/8.png","https://tactileeval.s3.us-east-1.amazonaws.com/family_datasets/Tools_Instruments_and_Appliances/Iron/Tactile/8.jpeg","","Iron","https://tactileeval.s3.us-east-1.amazonaws.com/family_datasets/Tools_Instruments_and_Appliances/Iron/Natural/9.jpg","https://tactileeval.s3.us-east-1.amazonaws.com/family_datasets/Tools_Instruments_and_Appliances/Iron/Tactile/9.png","","Iron","https://tactileeval.s3.us-east-1.amazonaws.com/family_datasets/Tools_Instruments_and_Appliances/Iron/Natural/10.jpg","https://tactileeval.s3.us-east-1.amazonaws.com/family_datasets/Tools_Instruments_and_Appliances/Iron/Tactile/10.jpg","","Laptop","https://tactileeval.s3.us-east-1.amazonaws.com/family_datasets/Tools_Instruments_and_Appliances/Laptop/Natural/1.jpeg","https://tactileeval.s3.us-east-1.amazonaws.com/family_datasets/Tools_Instruments_and_Appliances/Laptop/Tactile/1.jpeg","","[{""question1"":{""background_clean"":true,""configuration_match"":false,""object_match"":false},""question10"":{""background_clean"":true,""configuration_match"":true,""object_match"":false},""question2"":{""background_clean"":false,""configuration_match"":true,""object_match"":false},""question3"":{""background_clean"":true,""configuration_match"":true,""object_match"":false},""question4"":{""background_clean"":true,""configuration_match"":true,""object_match"":false},""question5"":{""background_clean"":true,""configuration_match"":true,""object_match"":false},""question6"":{""background_clean"":false,""configuration_match"":true,""object_match"":false},""question7"":{""background_clean"":true,""configuration_match"":true,""object_match"":false},""question8"":{""background_clean"":true,""configuration_match"":false,""object_match"":false},""question9"":{""background_clean"":true,""configuration_match"":true,""object_match"":false}}]"
"30EV7DWJUN9U9KTT3XBXU9DAFUTY61","399RPY0FFT5L4AXNGQM3UDNAXJBMKC","Categorize images based on background and posture.","Review 10 line-arts and judge if it has adequate background and configuration. (10 pairs)","tactile, image review, accessibility, tools and appliances","$0.08","Sat Apr 18 05:57:39 PDT 2026","7","BatchId:5385897;OriginalHitTemplateId:928390873;","1200","1296000","Sat Apr 25 05:57:39 PDT 2026","","","3IOEN3P9T0XZ5YGJHA9P46YTCBX16E","A1CMJNN1QQKLU8","Submitted","Sat Apr 18 08:14:19 PDT 2026","Sat Apr 18 08:15:09 PDT 2026","Sun May 03 08:15:09 PDT 2026","","","","50","0% (0/0)","0% (0/0)","0% (0/0)","Iron","https://tactileeval.s3.us-east-1.amazonaws.com/family_datasets/Tools_Instruments_and_Appliances/Iron/Natural/2.jpg","https://tactileeval.s3.us-east-1.amazonaws.com/family_datasets/Tools_Instruments_and_Appliances/Iron/Tactile/2.jpeg","","Iron","https://tactileeval.s3.us-east-1.amazonaws.com/family_datasets/Tools_Instruments_and_Appliances/Iron/Natural/3.jpg","https://tactileeval.s3.us-east-1.amazonaws.com/family_datasets/Tools_Instruments_and_Appliances/Iron/Tactile/3.jpeg","","Iron","https://tactileeval.s3.us-east-1.amazonaws.com/family_datasets/Tools_Instruments_and_Appliances/Iron/Natural/4.jpg","https://tactileeval.s3.us-east-1.amazonaws.com/family_datasets/Tools_Instruments_and_Appliances/Iron/Tactile/4.jpeg","","Iron","https://tactileeval.s3.us-east-1.amazonaws.com/family_datasets/Tools_Instruments_and_Appliances/Iron/Natural/5.jpg","https://tactileeval.s3.us-east-1.amazonaws.com/family_datasets/Tools_Instruments_and_Appliances/Iron/Tactile/5.jpeg","","Iron","https://tactileeval.s3.us-east-1.amazonaws.com/family_datasets/Tools_Instruments_and_Appliances/Iron/Natural/6.jpg","https://tactileeval.s3.us-east-1.amazonaws.com/family_datasets/Tools_Instruments_and_Appliances/Iron/Tactile/6.jpeg","","Iron","https://tactileeval.s3.us-east-1.amazonaws.com/family_datasets/Tools_Instruments_and_Appliances/Iron/Natural/7.jpg","https://tactileeval.s3.us-east-1.amazonaws.com/family_datasets/Tools_Instruments_and_Appliances/Iron/Tactile/7.jpeg","","Iron","https://tactileeval.s3.us-east-1.amazonaws.com/family_datasets/Tools_Instruments_and_Appliances/Iron/Natural/8.png","https://tactileeval.s3.us-east-1.amazonaws.com/family_datasets/Tools_Instruments_and_Appliances/Iron/Tactile/8.jpeg","","Iron","https://tactileeval.s3.us-east-1.amazonaws.com/family_datasets/Tools_Instruments_and_Appliances/Iron/Natural/9.jpg","https://tactileeval.s3.us-east-1.amazonaws.com/family_datasets/Tools_Instruments_and_Appliances/Iron/Tactile/9.png","","Iron","https://tactileeval.s3.us-east-1.amazonaws.com/family_datasets/Tools_Instruments_and_Appliances/Iron/Natural/10.jpg","https://tactileeval.s3.us-east-1.amazonaws.com/family_datasets/Tools_Instruments_and_Appliances/Iron/Tactile/10.jpg","","Laptop","https://tactileeval.s3.us-east-1.amazonaws.com/family_datasets/Tools_Instruments_and_Appliances/Laptop/Natural/1.jpeg","https://tactileeval.s3.us-east-1.amazonaws.com/family_datasets/Tools_Instruments_and_Appliances/Laptop/Tactile/1.jpeg","","[{""question1"":{""background_clean"":true,""configuration_match"":true,""object_match"":false},""question10"":{""background_clean"":true,""configuration_match"":true,""object_match"":true},""question2"":{""background_clean"":true,""configuration_match"":true,""object_match"":false},""question3"":{""background_clean"":true,""configuration_match"":true,""object_match"":false},""question4"":{""background_clean"":true,""configuration_match"":true,""object_match"":false},""question5"":{""background_clean"":true,""configuration_match"":true,""object_match"":false},""question6"":{""background_clean"":true,""configuration_match"":true,""object_match"":false},""question7"":{""background_clean"":true,""configuration_match"":true,""object_match"":false},""question8"":{""background_clean"":true,""configuration_match"":true,""object_match"":false},""question9"":{""background_clean"":true,""configuration_match"":true,""object_match"":false}}]"
"3MIVREZQW9CSZXNWERO4R6FQHGWKQP","399RPY0FFT5L4AXNGQM3UDNAXJBMKC","Categorize images based on background and posture.","Review 10 line-arts and judge if it has adequate background and configuration. (10 pairs)","tactile, image review, accessibility, tools and appliances","$0.08","Sat Apr 18 05:57:39 PDT 2026","7","BatchId:5385897;OriginalHitTemplateId:928390873;","1200","1296000","Sat Apr 25 05:57:39 PDT 2026","","","3HMIGG0U5EKJZIAAMEDW275UPRNY8M","A3UPEZR0XSE052","Submitted","Sat Apr 18 07:33:36 PDT 2026","Sat Apr 18 07:46:10 PDT 2026","Sun May 03 07:46:10 PDT 2026","","","","754","50% (1/2)","0% (0/1)","0% (0/1)","Laptop","https://tactileeval.s3.us-east-1.amazonaws.com/family_datasets/Tools_Instruments_and_Appliances/Laptop/Natural/2.jpeg","https://tactileeval.s3.us-east-1.amazonaws.com/family_datasets/Tools_Instruments_and_Appliances/Laptop/Tactile/2.png","","Laptop","https://tactileeval.s3.us-east-1.amazonaws.com/family_datasets/Tools_Instruments_and_Appliances/Laptop/Natural/3.jpeg","https://tactileeval.s3.us-east-1.amazonaws.com/family_datasets/Tools_Instruments_and_Appliances/Laptop/Tactile/3.jpeg","","Laptop","https://tactileeval.s3.us-east-1.amazonaws.com/family_datasets/Tools_Instruments_and_Appliances/Laptop/Natural/4.jpeg","https://tactileeval.s3.us-east-1.amazonaws.com/family_datasets/Tools_Instruments_and_Appliances/Laptop/Tactile/4.jpeg","","Laptop","https://tactileeval.s3.us-east-1.amazonaws.com/family_datasets/Tools_Instruments_and_Appliances/Laptop/Natural/5.jpeg","https://tactileeval.s3.us-east-1.amazonaws.com/family_datasets/Tools_Instruments_and_Appliances/Laptop/Tactile/5.jpeg","","Laptop","https://tactileeval.s3.us-east-1.amazonaws.com/family_datasets/Tools_Instruments_and_Appliances/Laptop/Natural/6.jpeg","https://tactileeval.s3.us-east-1.amazonaws.com/family_datasets/Tools_Instruments_and_Appliances/Laptop/Tactile/6.jpeg","","Laptop","https://tactileeval.s3.us-east-1.amazonaws.com/family_datasets/Tools_Instruments_and_Appliances/Laptop/Natural/7.jpeg","https://tactileeval.s3.us-east-1.amazonaws.com/family_datasets/Tools_Instruments_and_Appliances/Laptop/Tactile/7.jpeg","","Laptop","https://tactileeval.s3.us-east-1.amazonaws.com/family_datasets/Tools_Instruments_and_Appliances/Laptop/Natural/8.jpeg","https://tactileeval.s3.us-east-1.amazonaws.com/family_datasets/Tools_Instruments_and_Appliances/Laptop/Tactile/8.jpeg","","Laptop","https://tactileeval.s3.us-east-1.amazonaws.com/family_datasets/Tools_Instruments_and_Appliances/Laptop/Natural/9.jpeg","https://tactileeval.s3.us-east-1.amazonaws.com/family_datasets/Tools_Instruments_and_Appliances/Laptop/Tactile/9.jpeg","","Laptop","https://tactileeval.s3.us-east-1.amazonaws.com/family_datasets/Tools_Instruments_and_Appliances/Laptop/Natural/10.jpeg","https://tactileeval.s3.us-east-1.amazonaws.com/family_datasets/Tools_Instruments_and_Appliances/Laptop/Tactile/10.jpeg","","Laptop","https://tactileeval.s3.us-east-1.amazonaws.com/family_datasets/Tools_Instruments_and_Appliances/Laptop/Natural/11.jpeg","https://tactileeval.s3.us-east-1.amazonaws.com/family_datasets/Tools_Instruments_and_Appliances/Laptop/Tactile/11.jpeg","","[{""question1"":{""background_clean"":true,""configuration_match"":true,""object_match"":false},""question10"":{""background_clean"":true,""configuration_match"":true,""object_match"":true},""question2"":{""background_clean"":true,""configuration_match"":true,""object_match"":false},""question3"":{""background_clean"":true,""configuration_match"":true,""object_match"":false},""question4"":{""background_clean"":true,""configuration_match"":true,""object_match"":true},""question5"":{""background_clean"":true,""configuration_match"":true,""object_match"":false},""question6"":{""background_clean"":true,""configuration_match"":true,""object_match"":true},""question7"":{""background_clean"":true,""configuration_match"":true,""object_match"":true},""question8"":{""background_clean"":true,""configuration_match"":true,""object_match"":true},""question9"":{""background_clean"":true,""configuration_match"":true,""object_match"":true}}]"
"3MIVREZQW9CSZXNWERO4R6FQHGWKQP","399RPY0FFT5L4AXNGQM3UDNAXJBMKC","Categorize images based on background and posture.","Review 10 line-arts and judge if it has adequate background and configuration. (10 pairs)","tactile, image review, accessibility, tools and appliances","$0.08","Sat Apr 18 05:57:39 PDT 2026","7","BatchId:5385897;OriginalHitTemplateId:928390873;","1200","1296000","Sat Apr 25 05:57:39 PDT 2026","","","3VAR3R6G2IF75468GR4Y0G7SBHTO86","A2M3DR0V45HNUL","Submitted","Sat Apr 18 07:49:07 PDT 2026","Sat Apr 18 07:50:51 PDT 2026","Sun May 03 07:50:51 PDT 2026","","","","104","7% (1/14)","7% (1/14)","7% (1/14)","Laptop","https://tactileeval.s3.us-east-1.amazonaws.com/family_datasets/Tools_Instruments_and_Appliances/Laptop/Natural/2.jpeg","https://tactileeval.s3.us-east-1.amazonaws.com/family_datasets/Tools_Instruments_and_Appliances/Laptop/Tactile/2.png","","Laptop","https://tactileeval.s3.us-east-1.amazonaws.com/family_datasets/Tools_Instruments_and_Appliances/Laptop/Natural/3.jpeg","https://tactileeval.s3.us-east-1.amazonaws.com/family_datasets/Tools_Instruments_and_Appliances/Laptop/Tactile/3.jpeg","","Laptop","https://tactileeval.s3.us-east-1.amazonaws.com/family_datasets/Tools_Instruments_and_Appliances/Laptop/Natural/4.jpeg","https://tactileeval.s3.us-east-1.amazonaws.com/family_datasets/Tools_Instruments_and_Appliances/Laptop/Tactile/4.jpeg","","Laptop","https://tactileeval.s3.us-east-1.amazonaws.com/family_datasets/Tools_Instruments_and_Appliances/Laptop/Natural/5.jpeg","https://tactileeval.s3.us-east-1.amazonaws.com/family_datasets/Tools_Instruments_and_Appliances/Laptop/Tactile/5.jpeg","","Laptop","https://tactileeval.s3.us-east-1.amazonaws.com/family_datasets/Tools_Instruments_and_Appliances/Laptop/Natural/6.jpeg","https://tactileeval.s3.us-east-1.amazonaws.com/family_datasets/Tools_Instruments_and_Appliances/Laptop/Tactile/6.jpeg","","Laptop","https://tactileeval.s3.us-east-1.amazonaws.com/family_datasets/Tools_Instruments_and_Appliances/Laptop/Natural/7.jpeg","https://tactileeval.s3.us-east-1.amazonaws.com/family_datasets/Tools_Instruments_and_Appliances/Laptop/Tactile/7.jpeg","","Laptop","https://tactileeval.s3.us-east-1.amazonaws.com/family_datasets/Tools_Instruments_and_Appliances/Laptop/Natural/8.jpeg","https://tactileeval.s3.us-east-1.amazonaws.com/family_datasets/Tools_Instruments_and_Appliances/Laptop/Tactile/8.jpeg","","Laptop","https://tactileeval.s3.us-east-1.amazonaws.com/family_datasets/Tools_Instruments_and_Appliances/Laptop/Natural/9.jpeg","https://tactileeval.s3.us-east-1.amazonaws.com/family_datasets/Tools_Instruments_and_Appliances/Laptop/Tactile/9.jpeg","","Laptop","https://tactileeval.s3.us-east-1.amazonaws.com/family_datasets/Tools_Instruments_and_Appliances/Laptop/Natural/10.jpeg","https://tactileeval.s3.us-east-1.amazonaws.com/family_datasets/Tools_Instruments_and_Appliances/Laptop/Tactile/10.jpeg","","Laptop","https://tactileeval.s3.us-east-1.amazonaws.com/family_datasets/Tools_Instruments_and_Appliances/Laptop/Natural/11.jpeg","https://tactileeval.s3.us-east-1.amazonaws.com/family_datasets/Tools_Instruments_and_Appliances/Laptop/Tactile/11.jpeg","","[{""question1"":{""background_clean"":true,""configuration_match"":false,""object_match"":false},""question10"":{""background_clean"":false,""configuration_match"":true,""object_match"":true},""question2"":{""background_clean"":false,""configuration_match"":true,""object_match"":true},""question3"":{""background_clean"":true,""configuration_match"":false,""object_match"":true},""question4"":{""background_clean"":true,""configuration_match"":true,""object_match"":true},""question5"":{""background_clean"":false,""configuration_match"":false,""object_match"":true},""question6"":{""background_clean"":true,""configuration_match"":true,""object_match"":false},""question7"":{""background_clean"":true,""configuration_match"":false,""object_match"":true},""question8"":{""background_clean"":true,""configuration_match"":true,""object_match"":true},""question9"":{""background_clean"":true,""configuration_match"":false,""object_match"":true}}]"
"3MIVREZQW9CSZXNWERO4R6FQHGWKQP","399RPY0FFT5L4AXNGQM3UDNAXJBMKC","Categorize images based on background and posture.","Review 10 line-arts and judge if it has adequate background and configuration. (10 pairs)","tactile, image review, accessibility, tools and appliances","$0.08","Sat Apr 18 05:57:39 PDT 2026","7","BatchId:5385897;OriginalHitTemplateId:928390873;","1200","1296000","Sat Apr 25 05:57:39 PDT 2026","","","30X31N5D7W40MKRGK65LGCNOYUYSAD","A3VCTHO95DZWAQ","Submitted","Sat Apr 18 08:00:20 PDT 2026","Sat Apr 18 08:01:04 PDT 2026","Sun May 03 08:01:04 PDT 2026","","","","44","0% (0/0)","0% (0/0)","0% (0/0)","Laptop","https://tactileeval.s3.us-east-1.amazonaws.com/family_datasets/Tools_Instruments_and_Appliances/Laptop/Natural/2.jpeg","https://tactileeval.s3.us-east-1.amazonaws.com/family_datasets/Tools_Instruments_and_Appliances/Laptop/Tactile/2.png","","Laptop","https://tactileeval.s3.us-east-1.amazonaws.com/family_datasets/Tools_Instruments_and_Appliances/Laptop/Natural/3.jpeg","https://tactileeval.s3.us-east-1.amazonaws.com/family_datasets/Tools_Instruments_and_Appliances/Laptop/Tactile/3.jpeg","","Laptop","https://tactileeval.s3.us-east-1.amazonaws.com/family_datasets/Tools_Instruments_and_Appliances/Laptop/Natural/4.jpeg","https://tactileeval.s3.us-east-1.amazonaws.com/family_datasets/Tools_Instruments_and_Appliances/Laptop/Tactile/4.jpeg","","Laptop","https://tactileeval.s3.us-east-1.amazonaws.com/family_datasets/Tools_Instruments_and_Appliances/Laptop/Natural/5.jpeg","https://tactileeval.s3.us-east-1.amazonaws.com/family_datasets/Tools_Instruments_and_Appliances/Laptop/Tactile/5.jpeg","","Laptop","https://tactileeval.s3.us-east-1.amazonaws.com/family_datasets/Tools_Instruments_and_Appliances/Laptop/Natural/6.jpeg","https://tactileeval.s3.us-east-1.amazonaws.com/family_datasets/Tools_Instruments_and_Appliances/Laptop/Tactile/6.jpeg","","Laptop","https://tactileeval.s3.us-east-1.amazonaws.com/family_datasets/Tools_Instruments_and_Appliances/Laptop/Natural/7.jpeg","https://tactileeval.s3.us-east-1.amazonaws.com/family_datasets/Tools_Instruments_and_Appliances/Laptop/Tactile/7.jpeg","","Laptop","https://tactileeval.s3.us-east-1.amazonaws.com/family_datasets/Tools_Instruments_and_Appliances/Laptop/Natural/8.jpeg","https://tactileeval.s3.us-east-1.amazonaws.com/family_datasets/Tools_Instruments_and_Appliances/Laptop/Tactile/8.jpeg","","Laptop","https://tactileeval.s3.us-east-1.amazonaws.com/family_datasets/Tools_Instruments_and_Appliances/Laptop/Natural/9.jpeg","https://tactileeval.s3.us-east-1.amazonaws.com/family_datasets/Tools_Instruments_and_Appliances/Laptop/Tactile/9.jpeg","","Laptop","https://tactileeval.s3.us-east-1.amazonaws.com/family_datasets/Tools_Instruments_and_Appliances/Laptop/Natural/10.jpeg","https://tactileeval.s3.us-east-1.amazonaws.com/family_datasets/Tools_Instruments_and_Appliances/Laptop/Tactile/10.jpeg","","Laptop","https://tactileeval.s3.us-east-1.amazonaws.com/family_datasets/Tools_Instruments_and_Appliances/Laptop/Natural/11.jpeg","https://tactileeval.s3.us-east-1.amazonaws.com/family_datasets/Tools_Instruments_and_Appliances/Laptop/Tactile/11.jpeg","","[{""question1"":{""background_clean"":true,""configuration_match"":true,""object_match"":true},""question10"":{""background_clean"":true,""configuration_match"":true,""object_match"":true},""question2"":{""background_clean"":true,""configuration_match"":true,""object_match"":true},""question3"":{""background_clean"":true,""configuration_match"":true,""object_match"":true},""question4"":{""background_clean"":true,""configuration_match"":true,""object_match"":true},""question5"":{""background_clean"":true,""configuration_match"":true,""object_match"":false},""question6"":{""background_clean"":true,""configuration_match"":true,""object_match"":true},""question7"":{""background_clean"":true,""configuration_match"":true,""object_match"":true},""question8"":{""background_clean"":true,""configuration_match"":true,""object_match"":true},""question9"":{""background_clean"":true,""configuration_match"":true,""object_match"":true}}]"
"3MIVREZQW9CSZXNWERO4R6FQHGWKQP","399RPY0FFT5L4AXNGQM3UDNAXJBMKC","Categorize images based on background and posture.","Review 10 line-arts and judge if it has adequate background and configuration. (10 pairs)","tactile, image review, accessibility, tools and appliances","$0.08","Sat Apr 18 05:57:39 PDT 2026","7","BatchId:5385897;OriginalHitTemplateId:928390873;","1200","1296000","Sat Apr 25 05:57:39 PDT 2026","","","3SUWZRL0NRRYPZAVTY44BQHN1K06E1","A1SMWIBTQ2AESU","Submitted","Sat Apr 18 08:04:08 PDT 2026","Sat Apr 18 08:04:57 PDT 2026","Sun May 03 08:04:57 PDT 2026","","","","49","98% (47/48)","98% (46/47)","98% (46/47)","Laptop","https://tactileeval.s3.us-east-1.amazonaws.com/family_datasets/Tools_Instruments_and_Appliances/Laptop/Natural/2.jpeg","https://tactileeval.s3.us-east-1.amazonaws.com/family_datasets/Tools_Instruments_and_Appliances/Laptop/Tactile/2.png","","Laptop","https://tactileeval.s3.us-east-1.amazonaws.com/family_datasets/Tools_Instruments_and_Appliances/Laptop/Natural/3.jpeg","https://tactileeval.s3.us-east-1.amazonaws.com/family_datasets/Tools_Instruments_and_Appliances/Laptop/Tactile/3.jpeg","","Laptop","https://tactileeval.s3.us-east-1.amazonaws.com/family_datasets/Tools_Instruments_and_Appliances/Laptop/Natural/4.jpeg","https://tactileeval.s3.us-east-1.amazonaws.com/family_datasets/Tools_Instruments_and_Appliances/Laptop/Tactile/4.jpeg","","Laptop","https://tactileeval.s3.us-east-1.amazonaws.com/family_datasets/Tools_Instruments_and_Appliances/Laptop/Natural/5.jpeg","https://tactileeval.s3.us-east-1.amazonaws.com/family_datasets/Tools_Instruments_and_Appliances/Laptop/Tactile/5.jpeg","","Laptop","https://tactileeval.s3.us-east-1.amazonaws.com/family_datasets/Tools_Instruments_and_Appliances/Laptop/Natural/6.jpeg","https://tactileeval.s3.us-east-1.amazonaws.com/family_datasets/Tools_Instruments_and_Appliances/Laptop/Tactile/6.jpeg","","Laptop","https://tactileeval.s3.us-east-1.amazonaws.com/family_datasets/Tools_Instruments_and_Appliances/Laptop/Natural/7.jpeg","https://tactileeval.s3.us-east-1.amazonaws.com/family_datasets/Tools_Instruments_and_Appliances/Laptop/Tactile/7.jpeg","","Laptop","https://tactileeval.s3.us-east-1.amazonaws.com/family_datasets/Tools_Instruments_and_Appliances/Laptop/Natural/8.jpeg","https://tactileeval.s3.us-east-1.amazonaws.com/family_datasets/Tools_Instruments_and_Appliances/Laptop/Tactile/8.jpeg","","Laptop","https://tactileeval.s3.us-east-1.amazonaws.com/family_datasets/Tools_Instruments_and_Appliances/Laptop/Natural/9.jpeg","https://tactileeval.s3.us-east-1.amazonaws.com/family_datasets/Tools_Instruments_and_Appliances/Laptop/Tactile/9.jpeg","","Laptop","https://tactileeval.s3.us-east-1.amazonaws.com/family_datasets/Tools_Instruments_and_Appliances/Laptop/Natural/10.jpeg","https://tactileeval.s3.us-east-1.amazonaws.com/family_datasets/Tools_Instruments_and_Appliances/Laptop/Tactile/10.jpeg","","Laptop","https://tactileeval.s3.us-east-1.amazonaws.com/family_datasets/Tools_Instruments_and_Appliances/Laptop/Natural/11.jpeg","https://tactileeval.s3.us-east-1.amazonaws.com/family_datasets/Tools_Instruments_and_Appliances/Laptop/Tactile/11.jpeg","","[{""question1"":{""background_clean"":true,""configuration_match"":true,""object_match"":false},""question10"":{""background_clean"":true,""configuration_match"":true,""object_match"":true},""question2"":{""background_clean"":true,""configuration_match"":true,""object_match"":false},""question3"":{""background_clean"":true,""configuration_match"":true,""object_match"":false},""question4"":{""background_clean"":true,""configuration_match"":true,""object_match"":true},""question5"":{""background_clean"":true,""configuration_match"":true,""object_match"":false},""question6"":{""background_clean"":true,""configuration_match"":true,""object_match"":true},""question7"":{""background_clean"":true,""configuration_match"":true,""object_match"":true},""question8"":{""background_clean"":true,""configuration_match"":true,""object_match"":true},""question9"":{""background_clean"":true,""configuration_match"":true,""object_match"":true}}]"
"3MIVREZQW9CSZXNWERO4R6FQHGWKQP","399RPY0FFT5L4AXNGQM3UDNAXJBMKC","Categorize images based on background and posture.","Review 10 line-arts and judge if it has adequate background and configuration. (10 pairs)","tactile, image review, accessibility, tools and appliances","$0.08","Sat Apr 18 05:57:39 PDT 2026","7","BatchId:5385897;OriginalHitTemplateId:928390873;","1200","1296000","Sat Apr 25 05:57:39 PDT 2026","","","3300DTYQUVVRZHTF87I2HVYE1LCEQ6","A2D07SVRO4UFVL","Submitted","Sat Apr 18 08:07:00 PDT 2026","Sat Apr 18 08:07:41 PDT 2026","Sun May 03 08:07:41 PDT 2026","","","","41","81% (22/27)","80% (20/25)","80% (20/25)","Laptop","https://tactileeval.s3.us-east-1.amazonaws.com/family_datasets/Tools_Instruments_and_Appliances/Laptop/Natural/2.jpeg","https://tactileeval.s3.us-east-1.amazonaws.com/family_datasets/Tools_Instruments_and_Appliances/Laptop/Tactile/2.png","","Laptop","https://tactileeval.s3.us-east-1.amazonaws.com/family_datasets/Tools_Instruments_and_Appliances/Laptop/Natural/3.jpeg","https://tactileeval.s3.us-east-1.amazonaws.com/family_datasets/Tools_Instruments_and_Appliances/Laptop/Tactile/3.jpeg","","Laptop","https://tactileeval.s3.us-east-1.amazonaws.com/family_datasets/Tools_Instruments_and_Appliances/Laptop/Natural/4.jpeg","https://tactileeval.s3.us-east-1.amazonaws.com/family_datasets/Tools_Instruments_and_Appliances/Laptop/Tactile/4.jpeg","","Laptop","https://tactileeval.s3.us-east-1.amazonaws.com/family_datasets/Tools_Instruments_and_Appliances/Laptop/Natural/5.jpeg","https://tactileeval.s3.us-east-1.amazonaws.com/family_datasets/Tools_Instruments_and_Appliances/Laptop/Tactile/5.jpeg","","Laptop","https://tactileeval.s3.us-east-1.amazonaws.com/family_datasets/Tools_Instruments_and_Appliances/Laptop/Natural/6.jpeg","https://tactileeval.s3.us-east-1.amazonaws.com/family_datasets/Tools_Instruments_and_Appliances/Laptop/Tactile/6.jpeg","","Laptop","https://tactileeval.s3.us-east-1.amazonaws.com/family_datasets/Tools_Instruments_and_Appliances/Laptop/Natural/7.jpeg","https://tactileeval.s3.us-east-1.amazonaws.com/family_datasets/Tools_Instruments_and_Appliances/Laptop/Tactile/7.jpeg","","Laptop","https://tactileeval.s3.us-east-1.amazonaws.com/family_datasets/Tools_Instruments_and_Appliances/Laptop/Natural/8.jpeg","https://tactileeval.s3.us-east-1.amazonaws.com/family_datasets/Tools_Instruments_and_Appliances/Laptop/Tactile/8.jpeg","","Laptop","https://tactileeval.s3.us-east-1.amazonaws.com/family_datasets/Tools_Instruments_and_Appliances/Laptop/Natural/9.jpeg","https://tactileeval.s3.us-east-1.amazonaws.com/family_datasets/Tools_Instruments_and_Appliances/Laptop/Tactile/9.jpeg","","Laptop","https://tactileeval.s3.us-east-1.amazonaws.com/family_datasets/Tools_Instruments_and_Appliances/Laptop/Natural/10.jpeg","https://tactileeval.s3.us-east-1.amazonaws.com/family_datasets/Tools_Instruments_and_Appliances/Laptop/Tactile/10.jpeg","","Laptop","https://tactileeval.s3.us-east-1.amazonaws.com/family_datasets/Tools_Instruments_and_Appliances/Laptop/Natural/11.jpeg","https://tactileeval.s3.us-east-1.amazonaws.com/family_datasets/Tools_Instruments_and_Appliances/Laptop/Tactile/11.jpeg","","[{""question1"":{""background_clean"":true,""configuration_match"":false,""object_match"":false},""question10"":{""background_clean"":true,""configuration_match"":true,""object_match"":false},""question2"":{""background_clean"":true,""configuration_match"":true,""object_match"":false},""question3"":{""background_clean"":true,""configuration_match"":true,""object_match"":false},""question4"":{""background_clean"":true,""configuration_match"":true,""object_match"":false},""question5"":{""background_clean"":true,""configuration_match"":false,""object_match"":false},""question6"":{""background_clean"":true,""configuration_match"":true,""object_match"":false},""question7"":{""background_clean"":true,""configuration_match"":true,""object_match"":false},""question8"":{""background_clean"":true,""configuration_match"":false,""object_match"":false},""question9"":{""background_clean"":true,""configuration_match"":true,""object_match"":false}}]"
"3MIVREZQW9CSZXNWERO4R6FQHGWKQP","399RPY0FFT5L4AXNGQM3UDNAXJBMKC","Categorize images based on background and posture.","Review 10 line-arts and judge if it has adequate background and configuration. (10 pairs)","tactile, image review, accessibility, tools and appliances","$0.08","Sat Apr 18 05:57:39 PDT 2026","7","BatchId:5385897;OriginalHitTemplateId:928390873;","1200","1296000","Sat Apr 25 05:57:39 PDT 2026","","","3JAOYWH7WBIZDOML8RUK8VY90I9L9E","A1KXF2L2ZGQXJK","Submitted","Sat Apr 18 08:08:31 PDT 2026","Sat Apr 18 08:09:20 PDT 2026","Sun May 03 08:09:20 PDT 2026","","","","49","0% (0/0)","0% (0/0)","0% (0/0)","Laptop","https://tactileeval.s3.us-east-1.amazonaws.com/family_datasets/Tools_Instruments_and_Appliances/Laptop/Natural/2.jpeg","https://tactileeval.s3.us-east-1.amazonaws.com/family_datasets/Tools_Instruments_and_Appliances/Laptop/Tactile/2.png","","Laptop","https://tactileeval.s3.us-east-1.amazonaws.com/family_datasets/Tools_Instruments_and_Appliances/Laptop/Natural/3.jpeg","https://tactileeval.s3.us-east-1.amazonaws.com/family_datasets/Tools_Instruments_and_Appliances/Laptop/Tactile/3.jpeg","","Laptop","https://tactileeval.s3.us-east-1.amazonaws.com/family_datasets/Tools_Instruments_and_Appliances/Laptop/Natural/4.jpeg","https://tactileeval.s3.us-east-1.amazonaws.com/family_datasets/Tools_Instruments_and_Appliances/Laptop/Tactile/4.jpeg","","Laptop","https://tactileeval.s3.us-east-1.amazonaws.com/family_datasets/Tools_Instruments_and_Appliances/Laptop/Natural/5.jpeg","https://tactileeval.s3.us-east-1.amazonaws.com/family_datasets/Tools_Instruments_and_Appliances/Laptop/Tactile/5.jpeg","","Laptop","https://tactileeval.s3.us-east-1.amazonaws.com/family_datasets/Tools_Instruments_and_Appliances/Laptop/Natural/6.jpeg","https://tactileeval.s3.us-east-1.amazonaws.com/family_datasets/Tools_Instruments_and_Appliances/Laptop/Tactile/6.jpeg","","Laptop","https://tactileeval.s3.us-east-1.amazonaws.com/family_datasets/Tools_Instruments_and_Appliances/Laptop/Natural/7.jpeg","https://tactileeval.s3.us-east-1.amazonaws.com/family_datasets/Tools_Instruments_and_Appliances/Laptop/Tactile/7.jpeg","","Laptop","https://tactileeval.s3.us-east-1.amazonaws.com/family_datasets/Tools_Instruments_and_Appliances/Laptop/Natural/8.jpeg","https://tactileeval.s3.us-east-1.amazonaws.com/family_datasets/Tools_Instruments_and_Appliances/Laptop/Tactile/8.jpeg","","Laptop","https://tactileeval.s3.us-east-1.amazonaws.com/family_datasets/Tools_Instruments_and_Appliances/Laptop/Natural/9.jpeg","https://tactileeval.s3.us-east-1.amazonaws.com/family_datasets/Tools_Instruments_and_Appliances/Laptop/Tactile/9.jpeg","","Laptop","https://tactileeval.s3.us-east-1.amazonaws.com/family_datasets/Tools_Instruments_and_Appliances/Laptop/Natural/10.jpeg","https://tactileeval.s3.us-east-1.amazonaws.com/family_datasets/Tools_Instruments_and_Appliances/Laptop/Tactile/10.jpeg","","Laptop","https://tactileeval.s3.us-east-1.amazonaws.com/family_datasets/Tools_Instruments_and_Appliances/Laptop/Natural/11.jpeg","https://tactileeval.s3.us-east-1.amazonaws.com/family_datasets/Tools_Instruments_and_Appliances/Laptop/Tactile/11.jpeg","","[{""question1"":{""background_clean"":true,""configuration_match"":true,""object_match"":false},""question10"":{""background_clean"":true,""configuration_match"":true,""object_match"":false},""question2"":{""background_clean"":true,""configuration_match"":true,""object_match"":false},""question3"":{""background_clean"":true,""configuration_match"":true,""object_match"":false},""question4"":{""background_clean"":true,""configuration_match"":true,""object_match"":false},""question5"":{""background_clean"":true,""configuration_match"":true,""object_match"":false},""question6"":{""background_clean"":true,""configuration_match"":true,""object_match"":false},""question7"":{""background_clean"":true,""configuration_match"":true,""object_match"":true},""question8"":{""background_clean"":true,""configuration_match"":true,""object_match"":false},""question9"":{""background_clean"":true,""configuration_match"":true,""object_match"":true}}]"
"3MIVREZQW9CSZXNWERO4R6FQHGWKQP","399RPY0FFT5L4AXNGQM3UDNAXJBMKC","Categorize images based on background and posture.","Review 10 line-arts and judge if it has adequate background and configuration. (10 pairs)","tactile, image review, accessibility, tools and appliances","$0.08","Sat Apr 18 05:57:39 PDT 2026","7","BatchId:5385897;OriginalHitTemplateId:928390873;","1200","1296000","Sat Apr 25 05:57:39 PDT 2026","","","36V4Q8R50DEPB5LSP56LU33NAN3QM7","AJZHPDCKUVRM8","Submitted","Sat Apr 18 08:10:44 PDT 2026","Sat Apr 18 08:11:24 PDT 2026","Sun May 03 08:11:24 PDT 2026","","","","40","100% (52/52)","100% (52/52)","100% (52/52)","Laptop","https://tactileeval.s3.us-east-1.amazonaws.com/family_datasets/Tools_Instruments_and_Appliances/Laptop/Natural/2.jpeg","https://tactileeval.s3.us-east-1.amazonaws.com/family_datasets/Tools_Instruments_and_Appliances/Laptop/Tactile/2.png","","Laptop","https://tactileeval.s3.us-east-1.amazonaws.com/family_datasets/Tools_Instruments_and_Appliances/Laptop/Natural/3.jpeg","https://tactileeval.s3.us-east-1.amazonaws.com/family_datasets/Tools_Instruments_and_Appliances/Laptop/Tactile/3.jpeg","","Laptop","https://tactileeval.s3.us-east-1.amazonaws.com/family_datasets/Tools_Instruments_and_Appliances/Laptop/Natural/4.jpeg","https://tactileeval.s3.us-east-1.amazonaws.com/family_datasets/Tools_Instruments_and_Appliances/Laptop/Tactile/4.jpeg","","Laptop","https://tactileeval.s3.us-east-1.amazonaws.com/family_datasets/Tools_Instruments_and_Appliances/Laptop/Natural/5.jpeg","https://tactileeval.s3.us-east-1.amazonaws.com/family_datasets/Tools_Instruments_and_Appliances/Laptop/Tactile/5.jpeg","","Laptop","https://tactileeval.s3.us-east-1.amazonaws.com/family_datasets/Tools_Instruments_and_Appliances/Laptop/Natural/6.jpeg","https://tactileeval.s3.us-east-1.amazonaws.com/family_datasets/Tools_Instruments_and_Appliances/Laptop/Tactile/6.jpeg","","Laptop","https://tactileeval.s3.us-east-1.amazonaws.com/family_datasets/Tools_Instruments_and_Appliances/Laptop/Natural/7.jpeg","https://tactileeval.s3.us-east-1.amazonaws.com/family_datasets/Tools_Instruments_and_Appliances/Laptop/Tactile/7.jpeg","","Laptop","https://tactileeval.s3.us-east-1.amazonaws.com/family_datasets/Tools_Instruments_and_Appliances/Laptop/Natural/8.jpeg","https://tactileeval.s3.us-east-1.amazonaws.com/family_datasets/Tools_Instruments_and_Appliances/Laptop/Tactile/8.jpeg","","Laptop","https://tactileeval.s3.us-east-1.amazonaws.com/family_datasets/Tools_Instruments_and_Appliances/Laptop/Natural/9.jpeg","https://tactileeval.s3.us-east-1.amazonaws.com/family_datasets/Tools_Instruments_and_Appliances/Laptop/Tactile/9.jpeg","","Laptop","https://tactileeval.s3.us-east-1.amazonaws.com/family_datasets/Tools_Instruments_and_Appliances/Laptop/Natural/10.jpeg","https://tactileeval.s3.us-east-1.amazonaws.com/family_datasets/Tools_Instruments_and_Appliances/Laptop/Tactile/10.jpeg","","Laptop","https://tactileeval.s3.us-east-1.amazonaws.com/family_datasets/Tools_Instruments_and_Appliances/Laptop/Natural/11.jpeg","https://tactileeval.s3.us-east-1.amazonaws.com/family_datasets/Tools_Instruments_and_Appliances/Laptop/Tactile/11.jpeg","","[{""question1"":{""background_clean"":true,""configuration_match"":false,""object_match"":false},""question10"":{""background_clean"":true,""configuration_match"":true,""object_match"":false},""question2"":{""background_clean"":true,""configuration_match"":false,""object_match"":false},""question3"":{""background_clean"":true,""configuration_match"":false,""object_match"":false},""question4"":{""background_clean"":true,""configuration_match"":false,""object_match"":false},""question5"":{""background_clean"":true,""configuration_match"":false,""object_match"":false},""question6"":{""background_clean"":true,""configuration_match"":true,""object_match"":false},""question7"":{""background_clean"":true,""configuration_match"":true,""object_match"":false},""question8"":{""background_clean"":true,""configuration_match"":false,""object_match"":false},""question9"":{""background_clean"":true,""configuration_match"":true,""object_match"":false}}]"
"3MGHRFQY3D3ZV97E18VGL83J2R80Y3","399RPY0FFT5L4AXNGQM3UDNAXJBMKC","Categorize images based on background and posture.","Review 10 line-arts and judge if it has adequate background and configuration. (10 pairs)","tactile, image review, accessibility, tools and appliances","$0.08","Sat Apr 18 05:57:39 PDT 2026","7","BatchId:5385897;OriginalHitTemplateId:928390873;","1200","1296000","Sat Apr 25 05:57:39 PDT 2026","","","3TYCR1GOU5XEJF4YCPOJLJ02FLMZLW","A2NQZ2QIHRXC8A","Submitted","Sat Apr 18 06:31:05 PDT 2026","Sat Apr 18 06:34:01 PDT 2026","Sun May 03 06:34:01 PDT 2026","","","","176","100% (1/1)","0% (0/0)","0% (0/0)","Pencil","https://tactileeval.s3.us-east-1.amazonaws.com/family_datasets/Tools_Instruments_and_Appliances/Pencil/Natural/1.jpg","https://tactileeval.s3.us-east-1.amazonaws.com/family_datasets/Tools_Instruments_and_Appliances/Pencil/Tactile/1.jpeg","","Pencil","https://tactileeval.s3.us-east-1.amazonaws.com/family_datasets/Tools_Instruments_and_Appliances/Pencil/Natural/2.jpg","https://tactileeval.s3.us-east-1.amazonaws.com/family_datasets/Tools_Instruments_and_Appliances/Pencil/Tactile/2.jpeg","","Pencil","https://tactileeval.s3.us-east-1.amazonaws.com/family_datasets/Tools_Instruments_and_Appliances/Pencil/Natural/3.jpg","https://tactileeval.s3.us-east-1.amazonaws.com/family_datasets/Tools_Instruments_and_Appliances/Pencil/Tactile/3.jpg","","Pencil","https://tactileeval.s3.us-east-1.amazonaws.com/family_datasets/Tools_Instruments_and_Appliances/Pencil/Natural/4.jpg","https://tactileeval.s3.us-east-1.amazonaws.com/family_datasets/Tools_Instruments_and_Appliances/Pencil/Tactile/4.jpg","","Pencil","https://tactileeval.s3.us-east-1.amazonaws.com/family_datasets/Tools_Instruments_and_Appliances/Pencil/Natural/5.jpg","https://tactileeval.s3.us-east-1.amazonaws.com/family_datasets/Tools_Instruments_and_Appliances/Pencil/Tactile/5.jpeg","","Pencil","https://tactileeval.s3.us-east-1.amazonaws.com/family_datasets/Tools_Instruments_and_Appliances/Pencil/Natural/6.jpg","https://tactileeval.s3.us-east-1.amazonaws.com/family_datasets/Tools_Instruments_and_Appliances/Pencil/Tactile/6.jpeg","","Pencil","https://tactileeval.s3.us-east-1.amazonaws.com/family_datasets/Tools_Instruments_and_Appliances/Pencil/Natural/7.jpg","https://tactileeval.s3.us-east-1.amazonaws.com/family_datasets/Tools_Instruments_and_Appliances/Pencil/Tactile/7.jpeg","","Pencil","https://tactileeval.s3.us-east-1.amazonaws.com/family_datasets/Tools_Instruments_and_Appliances/Pencil/Natural/8.jpg","https://tactileeval.s3.us-east-1.amazonaws.com/family_datasets/Tools_Instruments_and_Appliances/Pencil/Tactile/8.jpeg","","Pencil","https://tactileeval.s3.us-east-1.amazonaws.com/family_datasets/Tools_Instruments_and_Appliances/Pencil/Natural/9.jpeg","https://tactileeval.s3.us-east-1.amazonaws.com/family_datasets/Tools_Instruments_and_Appliances/Pencil/Tactile/9.jpeg","","Pencil","https://tactileeval.s3.us-east-1.amazonaws.com/family_datasets/Tools_Instruments_and_Appliances/Pencil/Natural/10.jpg","https://tactileeval.s3.us-east-1.amazonaws.com/family_datasets/Tools_Instruments_and_Appliances/Pencil/Tactile/10.jpeg","","[{""question1"":{""background_clean"":true,""configuration_match"":true,""object_match"":true},""question10"":{""background_clean"":true,""configuration_match"":true,""object_match"":true},""question2"":{""background_clean"":true,""configuration_match"":true,""object_match"":true},""question3"":{""background_clean"":true,""configuration_match"":true,""object_match"":true},""question4"":{""background_clean"":true,""configuration_match"":false,""object_match"":true},""question5"":{""background_clean"":true,""configuration_match"":true,""object_match"":true},""question6"":{""background_clean"":true,""configuration_match"":true,""object_match"":true},""question7"":{""background_clean"":true,""configuration_match"":false,""object_match"":true},""question8"":{""background_clean"":true,""configuration_match"":true,""object_match"":true},""question9"":{""background_clean"":true,""configuration_match"":true,""object_match"":true}}]"
"3MGHRFQY3D3ZV97E18VGL83J2R80Y3","399RPY0FFT5L4AXNGQM3UDNAXJBMKC","Categorize images based on background and posture.","Review 10 line-arts and judge if it has adequate background and configuration. (10 pairs)","tactile, image review, accessibility, tools and appliances","$0.08","Sat Apr 18 05:57:39 PDT 2026","7","BatchId:5385897;OriginalHitTemplateId:928390873;","1200","1296000","Sat Apr 25 05:57:39 PDT 2026","","","34V1S5K3HLFHU3JELNOIJCGCAND96N","A1KXF2L2ZGQXJK","Submitted","Sat Apr 18 07:35:47 PDT 2026","Sat Apr 18 07:36:38 PDT 2026","Sun May 03 07:36:38 PDT 2026","","","","51","0% (0/0)","0% (0/0)","0% (0/0)","Pencil","https://tactileeval.s3.us-east-1.amazonaws.com/family_datasets/Tools_Instruments_and_Appliances/Pencil/Natural/1.jpg","https://tactileeval.s3.us-east-1.amazonaws.com/family_datasets/Tools_Instruments_and_Appliances/Pencil/Tactile/1.jpeg","","Pencil","https://tactileeval.s3.us-east-1.amazonaws.com/family_datasets/Tools_Instruments_and_Appliances/Pencil/Natural/2.jpg","https://tactileeval.s3.us-east-1.amazonaws.com/family_datasets/Tools_Instruments_and_Appliances/Pencil/Tactile/2.jpeg","","Pencil","https://tactileeval.s3.us-east-1.amazonaws.com/family_datasets/Tools_Instruments_and_Appliances/Pencil/Natural/3.jpg","https://tactileeval.s3.us-east-1.amazonaws.com/family_datasets/Tools_Instruments_and_Appliances/Pencil/Tactile/3.jpg","","Pencil","https://tactileeval.s3.us-east-1.amazonaws.com/family_datasets/Tools_Instruments_and_Appliances/Pencil/Natural/4.jpg","https://tactileeval.s3.us-east-1.amazonaws.com/family_datasets/Tools_Instruments_and_Appliances/Pencil/Tactile/4.jpg","","Pencil","https://tactileeval.s3.us-east-1.amazonaws.com/family_datasets/Tools_Instruments_and_Appliances/Pencil/Natural/5.jpg","https://tactileeval.s3.us-east-1.amazonaws.com/family_datasets/Tools_Instruments_and_Appliances/Pencil/Tactile/5.jpeg","","Pencil","https://tactileeval.s3.us-east-1.amazonaws.com/family_datasets/Tools_Instruments_and_Appliances/Pencil/Natural/6.jpg","https://tactileeval.s3.us-east-1.amazonaws.com/family_datasets/Tools_Instruments_and_Appliances/Pencil/Tactile/6.jpeg","","Pencil","https://tactileeval.s3.us-east-1.amazonaws.com/family_datasets/Tools_Instruments_and_Appliances/Pencil/Natural/7.jpg","https://tactileeval.s3.us-east-1.amazonaws.com/family_datasets/Tools_Instruments_and_Appliances/Pencil/Tactile/7.jpeg","","Pencil","https://tactileeval.s3.us-east-1.amazonaws.com/family_datasets/Tools_Instruments_and_Appliances/Pencil/Natural/8.jpg","https://tactileeval.s3.us-east-1.amazonaws.com/family_datasets/Tools_Instruments_and_Appliances/Pencil/Tactile/8.jpeg","","Pencil","https://tactileeval.s3.us-east-1.amazonaws.com/family_datasets/Tools_Instruments_and_Appliances/Pencil/Natural/9.jpeg","https://tactileeval.s3.us-east-1.amazonaws.com/family_datasets/Tools_Instruments_and_Appliances/Pencil/Tactile/9.jpeg","","Pencil","https://tactileeval.s3.us-east-1.amazonaws.com/family_datasets/Tools_Instruments_and_Appliances/Pencil/Natural/10.jpg","https://tactileeval.s3.us-east-1.amazonaws.com/family_datasets/Tools_Instruments_and_Appliances/Pencil/Tactile/10.jpeg","","[{""question1"":{""background_clean"":true,""configuration_match"":true,""object_match"":false},""question10"":{""background_clean"":true,""configuration_match"":true,""object_match"":false},""question2"":{""background_clean"":true,""configuration_match"":true,""object_match"":false},""question3"":{""background_clean"":true,""configuration_match"":true,""object_match"":false},""question4"":{""background_clean"":true,""configuration_match"":true,""object_match"":false},""question5"":{""background_clean"":true,""configuration_match"":true,""object_match"":true},""question6"":{""background_clean"":true,""configuration_match"":true,""object_match"":false},""question7"":{""background_clean"":true,""configuration_match"":true,""object_match"":false},""question8"":{""background_clean"":true,""configuration_match"":true,""object_match"":false},""question9"":{""background_clean"":true,""configuration_match"":true,""object_match"":false}}]"
"3MGHRFQY3D3ZV97E18VGL83J2R80Y3","399RPY0FFT5L4AXNGQM3UDNAXJBMKC","Categorize images based on background and posture.","Review 10 line-arts and judge if it has adequate background and configuration. (10 pairs)","tactile, image review, accessibility, tools and appliances","$0.08","Sat Apr 18 05:57:39 PDT 2026","7","BatchId:5385897;OriginalHitTemplateId:928390873;","1200","1296000","Sat Apr 25 05:57:39 PDT 2026","","","3TOK3KHVKMW35Q1P6MCSMGBX0XJ7OY","A3UPEZR0XSE052","Submitted","Sat Apr 18 07:33:28 PDT 2026","Sat Apr 18 07:37:54 PDT 2026","Sun May 03 07:37:54 PDT 2026","","","","266","50% (1/2)","0% (0/1)","0% (0/1)","Pencil","https://tactileeval.s3.us-east-1.amazonaws.com/family_datasets/Tools_Instruments_and_Appliances/Pencil/Natural/1.jpg","https://tactileeval.s3.us-east-1.amazonaws.com/family_datasets/Tools_Instruments_and_Appliances/Pencil/Tactile/1.jpeg","","Pencil","https://tactileeval.s3.us-east-1.amazonaws.com/family_datasets/Tools_Instruments_and_Appliances/Pencil/Natural/2.jpg","https://tactileeval.s3.us-east-1.amazonaws.com/family_datasets/Tools_Instruments_and_Appliances/Pencil/Tactile/2.jpeg","","Pencil","https://tactileeval.s3.us-east-1.amazonaws.com/family_datasets/Tools_Instruments_and_Appliances/Pencil/Natural/3.jpg","https://tactileeval.s3.us-east-1.amazonaws.com/family_datasets/Tools_Instruments_and_Appliances/Pencil/Tactile/3.jpg","","Pencil","https://tactileeval.s3.us-east-1.amazonaws.com/family_datasets/Tools_Instruments_and_Appliances/Pencil/Natural/4.jpg","https://tactileeval.s3.us-east-1.amazonaws.com/family_datasets/Tools_Instruments_and_Appliances/Pencil/Tactile/4.jpg","","Pencil","https://tactileeval.s3.us-east-1.amazonaws.com/family_datasets/Tools_Instruments_and_Appliances/Pencil/Natural/5.jpg","https://tactileeval.s3.us-east-1.amazonaws.com/family_datasets/Tools_Instruments_and_Appliances/Pencil/Tactile/5.jpeg","","Pencil","https://tactileeval.s3.us-east-1.amazonaws.com/family_datasets/Tools_Instruments_and_Appliances/Pencil/Natural/6.jpg","https://tactileeval.s3.us-east-1.amazonaws.com/family_datasets/Tools_Instruments_and_Appliances/Pencil/Tactile/6.jpeg","","Pencil","https://tactileeval.s3.us-east-1.amazonaws.com/family_datasets/Tools_Instruments_and_Appliances/Pencil/Natural/7.jpg","https://tactileeval.s3.us-east-1.amazonaws.com/family_datasets/Tools_Instruments_and_Appliances/Pencil/Tactile/7.jpeg","","Pencil","https://tactileeval.s3.us-east-1.amazonaws.com/family_datasets/Tools_Instruments_and_Appliances/Pencil/Natural/8.jpg","https://tactileeval.s3.us-east-1.amazonaws.com/family_datasets/Tools_Instruments_and_Appliances/Pencil/Tactile/8.jpeg","","Pencil","https://tactileeval.s3.us-east-1.amazonaws.com/family_datasets/Tools_Instruments_and_Appliances/Pencil/Natural/9.jpeg","https://tactileeval.s3.us-east-1.amazonaws.com/family_datasets/Tools_Instruments_and_Appliances/Pencil/Tactile/9.jpeg","","Pencil","https://tactileeval.s3.us-east-1.amazonaws.com/family_datasets/Tools_Instruments_and_Appliances/Pencil/Natural/10.jpg","https://tactileeval.s3.us-east-1.amazonaws.com/family_datasets/Tools_Instruments_and_Appliances/Pencil/Tactile/10.jpeg","","[{""question1"":{""background_clean"":true,""configuration_match"":true,""object_match"":true},""question10"":{""background_clean"":true,""configuration_match"":true,""object_match"":true},""question2"":{""background_clean"":true,""configuration_match"":true,""object_match"":true},""question3"":{""background_clean"":true,""configuration_match"":true,""object_match"":true},""question4"":{""background_clean"":true,""configuration_match"":true,""object_match"":true},""question5"":{""background_clean"":true,""configuration_match"":true,""object_match"":true},""question6"":{""background_clean"":true,""configuration_match"":true,""object_match"":false},""question7"":{""background_clean"":true,""configuration_match"":true,""object_match"":true},""question8"":{""background_clean"":true,""configuration_match"":true,""object_match"":true},""question9"":{""background_clean"":true,""configuration_match"":true,""object_match"":true}}]"
"3MGHRFQY3D3ZV97E18VGL83J2R80Y3","399RPY0FFT5L4AXNGQM3UDNAXJBMKC","Categorize images based on background and posture.","Review 10 line-arts and judge if it has adequate background and configuration. (10 pairs)","tactile, image review, accessibility, tools and appliances","$0.08","Sat Apr 18 05:57:39 PDT 2026","7","BatchId:5385897;OriginalHitTemplateId:928390873;","1200","1296000","Sat Apr 25 05:57:39 PDT 2026","","","32VNZTT0B0I9JGBMWGVPDZWSKIJ4RQ","A3VCTHO95DZWAQ","Submitted","Sat Apr 18 07:58:14 PDT 2026","Sat Apr 18 08:00:19 PDT 2026","Sun May 03 08:00:19 PDT 2026","","","","125","0% (0/0)","0% (0/0)","0% (0/0)","Pencil","https://tactileeval.s3.us-east-1.amazonaws.com/family_datasets/Tools_Instruments_and_Appliances/Pencil/Natural/1.jpg","https://tactileeval.s3.us-east-1.amazonaws.com/family_datasets/Tools_Instruments_and_Appliances/Pencil/Tactile/1.jpeg","","Pencil","https://tactileeval.s3.us-east-1.amazonaws.com/family_datasets/Tools_Instruments_and_Appliances/Pencil/Natural/2.jpg","https://tactileeval.s3.us-east-1.amazonaws.com/family_datasets/Tools_Instruments_and_Appliances/Pencil/Tactile/2.jpeg","","Pencil","https://tactileeval.s3.us-east-1.amazonaws.com/family_datasets/Tools_Instruments_and_Appliances/Pencil/Natural/3.jpg","https://tactileeval.s3.us-east-1.amazonaws.com/family_datasets/Tools_Instruments_and_Appliances/Pencil/Tactile/3.jpg","","Pencil","https://tactileeval.s3.us-east-1.amazonaws.com/family_datasets/Tools_Instruments_and_Appliances/Pencil/Natural/4.jpg","https://tactileeval.s3.us-east-1.amazonaws.com/family_datasets/Tools_Instruments_and_Appliances/Pencil/Tactile/4.jpg","","Pencil","https://tactileeval.s3.us-east-1.amazonaws.com/family_datasets/Tools_Instruments_and_Appliances/Pencil/Natural/5.jpg","https://tactileeval.s3.us-east-1.amazonaws.com/family_datasets/Tools_Instruments_and_Appliances/Pencil/Tactile/5.jpeg","","Pencil","https://tactileeval.s3.us-east-1.amazonaws.com/family_datasets/Tools_Instruments_and_Appliances/Pencil/Natural/6.jpg","https://tactileeval.s3.us-east-1.amazonaws.com/family_datasets/Tools_Instruments_and_Appliances/Pencil/Tactile/6.jpeg","","Pencil","https://tactileeval.s3.us-east-1.amazonaws.com/family_datasets/Tools_Instruments_and_Appliances/Pencil/Natural/7.jpg","https://tactileeval.s3.us-east-1.amazonaws.com/family_datasets/Tools_Instruments_and_Appliances/Pencil/Tactile/7.jpeg","","Pencil","https://tactileeval.s3.us-east-1.amazonaws.com/family_datasets/Tools_Instruments_and_Appliances/Pencil/Natural/8.jpg","https://tactileeval.s3.us-east-1.amazonaws.com/family_datasets/Tools_Instruments_and_Appliances/Pencil/Tactile/8.jpeg","","Pencil","https://tactileeval.s3.us-east-1.amazonaws.com/family_datasets/Tools_Instruments_and_Appliances/Pencil/Natural/9.jpeg","https://tactileeval.s3.us-east-1.amazonaws.com/family_datasets/Tools_Instruments_and_Appliances/Pencil/Tactile/9.jpeg","","Pencil","https://tactileeval.s3.us-east-1.amazonaws.com/family_datasets/Tools_Instruments_and_Appliances/Pencil/Natural/10.jpg","https://tactileeval.s3.us-east-1.amazonaws.com/family_datasets/Tools_Instruments_and_Appliances/Pencil/Tactile/10.jpeg","","[{""question1"":{""background_clean"":true,""configuration_match"":true,""object_match"":false},""question10"":{""background_clean"":true,""configuration_match"":true,""object_match"":true},""question2"":{""background_clean"":true,""configuration_match"":true,""object_match"":false},""question3"":{""background_clean"":true,""configuration_match"":true,""object_match"":true},""question4"":{""background_clean"":true,""configuration_match"":true,""object_match"":true},""question5"":{""background_clean"":true,""configuration_match"":true,""object_match"":true},""question6"":{""background_clean"":true,""configuration_match"":true,""object_match"":false},""question7"":{""background_clean"":true,""configuration_match"":true,""object_match"":true},""question8"":{""background_clean"":true,""configuration_match"":true,""object_match"":true},""question9"":{""background_clean"":true,""configuration_match"":true,""object_match"":true}}]"
"3MGHRFQY3D3ZV97E18VGL83J2R80Y3","399RPY0FFT5L4AXNGQM3UDNAXJBMKC","Categorize images based on background and posture.","Review 10 line-arts and judge if it has adequate background and configuration. (10 pairs)","tactile, image review, accessibility, tools and appliances","$0.08","Sat Apr 18 05:57:39 PDT 2026","7","BatchId:5385897;OriginalHitTemplateId:928390873;","1200","1296000","Sat Apr 25 05:57:39 PDT 2026","","","34FNN24DDFN0C0R8OG6TQNV3N1TY5R","A2D07SVRO4UFVL","Submitted","Sat Apr 18 08:03:29 PDT 2026","Sat Apr 18 08:04:13 PDT 2026","Sun May 03 08:04:13 PDT 2026","","","","44","81% (22/27)","80% (20/25)","80% (20/25)","Pencil","https://tactileeval.s3.us-east-1.amazonaws.com/family_datasets/Tools_Instruments_and_Appliances/Pencil/Natural/1.jpg","https://tactileeval.s3.us-east-1.amazonaws.com/family_datasets/Tools_Instruments_and_Appliances/Pencil/Tactile/1.jpeg","","Pencil","https://tactileeval.s3.us-east-1.amazonaws.com/family_datasets/Tools_Instruments_and_Appliances/Pencil/Natural/2.jpg","https://tactileeval.s3.us-east-1.amazonaws.com/family_datasets/Tools_Instruments_and_Appliances/Pencil/Tactile/2.jpeg","","Pencil","https://tactileeval.s3.us-east-1.amazonaws.com/family_datasets/Tools_Instruments_and_Appliances/Pencil/Natural/3.jpg","https://tactileeval.s3.us-east-1.amazonaws.com/family_datasets/Tools_Instruments_and_Appliances/Pencil/Tactile/3.jpg","","Pencil","https://tactileeval.s3.us-east-1.amazonaws.com/family_datasets/Tools_Instruments_and_Appliances/Pencil/Natural/4.jpg","https://tactileeval.s3.us-east-1.amazonaws.com/family_datasets/Tools_Instruments_and_Appliances/Pencil/Tactile/4.jpg","","Pencil","https://tactileeval.s3.us-east-1.amazonaws.com/family_datasets/Tools_Instruments_and_Appliances/Pencil/Natural/5.jpg","https://tactileeval.s3.us-east-1.amazonaws.com/family_datasets/Tools_Instruments_and_Appliances/Pencil/Tactile/5.jpeg","","Pencil","https://tactileeval.s3.us-east-1.amazonaws.com/family_datasets/Tools_Instruments_and_Appliances/Pencil/Natural/6.jpg","https://tactileeval.s3.us-east-1.amazonaws.com/family_datasets/Tools_Instruments_and_Appliances/Pencil/Tactile/6.jpeg","","Pencil","https://tactileeval.s3.us-east-1.amazonaws.com/family_datasets/Tools_Instruments_and_Appliances/Pencil/Natural/7.jpg","https://tactileeval.s3.us-east-1.amazonaws.com/family_datasets/Tools_Instruments_and_Appliances/Pencil/Tactile/7.jpeg","","Pencil","https://tactileeval.s3.us-east-1.amazonaws.com/family_datasets/Tools_Instruments_and_Appliances/Pencil/Natural/8.jpg","https://tactileeval.s3.us-east-1.amazonaws.com/family_datasets/Tools_Instruments_and_Appliances/Pencil/Tactile/8.jpeg","","Pencil","https://tactileeval.s3.us-east-1.amazonaws.com/family_datasets/Tools_Instruments_and_Appliances/Pencil/Natural/9.jpeg","https://tactileeval.s3.us-east-1.amazonaws.com/family_datasets/Tools_Instruments_and_Appliances/Pencil/Tactile/9.jpeg","","Pencil","https://tactileeval.s3.us-east-1.amazonaws.com/family_datasets/Tools_Instruments_and_Appliances/Pencil/Natural/10.jpg","https://tactileeval.s3.us-east-1.amazonaws.com/family_datasets/Tools_Instruments_and_Appliances/Pencil/Tactile/10.jpeg","","[{""question1"":{""background_clean"":true,""configuration_match"":true,""object_match"":false},""question10"":{""background_clean"":true,""configuration_match"":false,""object_match"":false},""question2"":{""background_clean"":true,""configuration_match"":true,""object_match"":false},""question3"":{""background_clean"":true,""configuration_match"":true,""object_match"":true},""question4"":{""background_clean"":true,""configuration_match"":true,""object_match"":false},""question5"":{""background_clean"":true,""configuration_match"":true,""object_match"":true},""question6"":{""background_clean"":false,""configuration_match"":true,""object_match"":false},""question7"":{""background_clean"":true,""configuration_match"":false,""object_match"":false},""question8"":{""background_clean"":true,""configuration_match"":true,""object_match"":false},""question9"":{""background_clean"":true,""configuration_match"":false,""object_match"":false}}]"
"3MGHRFQY3D3ZV97E18VGL83J2R80Y3","399RPY0FFT5L4AXNGQM3UDNAXJBMKC","Categorize images based on background and posture.","Review 10 line-arts and judge if it has adequate background and configuration. (10 pairs)","tactile, image review, accessibility, tools and appliances","$0.08","Sat Apr 18 05:57:39 PDT 2026","7","BatchId:5385897;OriginalHitTemplateId:928390873;","1200","1296000","Sat Apr 25 05:57:39 PDT 2026","","","3CFVK00FXEZCV5KNAKR8OL77AH16LO","A1SMWIBTQ2AESU","Submitted","Sat Apr 18 08:04:12 PDT 2026","Sat Apr 18 08:08:14 PDT 2026","Sun May 03 08:08:14 PDT 2026","","","","242","98% (47/48)","98% (46/47)","98% (46/47)","Pencil","https://tactileeval.s3.us-east-1.amazonaws.com/family_datasets/Tools_Instruments_and_Appliances/Pencil/Natural/1.jpg","https://tactileeval.s3.us-east-1.amazonaws.com/family_datasets/Tools_Instruments_and_Appliances/Pencil/Tactile/1.jpeg","","Pencil","https://tactileeval.s3.us-east-1.amazonaws.com/family_datasets/Tools_Instruments_and_Appliances/Pencil/Natural/2.jpg","https://tactileeval.s3.us-east-1.amazonaws.com/family_datasets/Tools_Instruments_and_Appliances/Pencil/Tactile/2.jpeg","","Pencil","https://tactileeval.s3.us-east-1.amazonaws.com/family_datasets/Tools_Instruments_and_Appliances/Pencil/Natural/3.jpg","https://tactileeval.s3.us-east-1.amazonaws.com/family_datasets/Tools_Instruments_and_Appliances/Pencil/Tactile/3.jpg","","Pencil","https://tactileeval.s3.us-east-1.amazonaws.com/family_datasets/Tools_Instruments_and_Appliances/Pencil/Natural/4.jpg","https://tactileeval.s3.us-east-1.amazonaws.com/family_datasets/Tools_Instruments_and_Appliances/Pencil/Tactile/4.jpg","","Pencil","https://tactileeval.s3.us-east-1.amazonaws.com/family_datasets/Tools_Instruments_and_Appliances/Pencil/Natural/5.jpg","https://tactileeval.s3.us-east-1.amazonaws.com/family_datasets/Tools_Instruments_and_Appliances/Pencil/Tactile/5.jpeg","","Pencil","https://tactileeval.s3.us-east-1.amazonaws.com/family_datasets/Tools_Instruments_and_Appliances/Pencil/Natural/6.jpg","https://tactileeval.s3.us-east-1.amazonaws.com/family_datasets/Tools_Instruments_and_Appliances/Pencil/Tactile/6.jpeg","","Pencil","https://tactileeval.s3.us-east-1.amazonaws.com/family_datasets/Tools_Instruments_and_Appliances/Pencil/Natural/7.jpg","https://tactileeval.s3.us-east-1.amazonaws.com/family_datasets/Tools_Instruments_and_Appliances/Pencil/Tactile/7.jpeg","","Pencil","https://tactileeval.s3.us-east-1.amazonaws.com/family_datasets/Tools_Instruments_and_Appliances/Pencil/Natural/8.jpg","https://tactileeval.s3.us-east-1.amazonaws.com/family_datasets/Tools_Instruments_and_Appliances/Pencil/Tactile/8.jpeg","","Pencil","https://tactileeval.s3.us-east-1.amazonaws.com/family_datasets/Tools_Instruments_and_Appliances/Pencil/Natural/9.jpeg","https://tactileeval.s3.us-east-1.amazonaws.com/family_datasets/Tools_Instruments_and_Appliances/Pencil/Tactile/9.jpeg","","Pencil","https://tactileeval.s3.us-east-1.amazonaws.com/family_datasets/Tools_Instruments_and_Appliances/Pencil/Natural/10.jpg","https://tactileeval.s3.us-east-1.amazonaws.com/family_datasets/Tools_Instruments_and_Appliances/Pencil/Tactile/10.jpeg","","[{""question1"":{""background_clean"":true,""configuration_match"":true,""object_match"":false},""question10"":{""background_clean"":true,""configuration_match"":true,""object_match"":true},""question2"":{""background_clean"":true,""configuration_match"":true,""object_match"":true},""question3"":{""background_clean"":true,""configuration_match"":true,""object_match"":true},""question4"":{""background_clean"":true,""configuration_match"":true,""object_match"":true},""question5"":{""background_clean"":true,""configuration_match"":true,""object_match"":true},""question6"":{""background_clean"":true,""configuration_match"":true,""object_match"":false},""question7"":{""background_clean"":true,""configuration_match"":true,""object_match"":true},""question8"":{""background_clean"":true,""configuration_match"":true,""object_match"":true},""question9"":{""background_clean"":true,""configuration_match"":true,""object_match"":true}}]"
"3MGHRFQY3D3ZV97E18VGL83J2R80Y3","399RPY0FFT5L4AXNGQM3UDNAXJBMKC","Categorize images based on background and posture.","Review 10 line-arts and judge if it has adequate background and configuration. (10 pairs)","tactile, image review, accessibility, tools and appliances","$0.08","Sat Apr 18 05:57:39 PDT 2026","7","BatchId:5385897;OriginalHitTemplateId:928390873;","1200","1296000","Sat Apr 25 05:57:39 PDT 2026","","","37M28K1J1JR7NH8QXCW7OBW12BMAJG","AJZHPDCKUVRM8","Submitted","Sat Apr 18 08:08:45 PDT 2026","Sat Apr 18 08:09:13 PDT 2026","Sun May 03 08:09:13 PDT 2026","","","","28","100% (52/52)","100% (52/52)","100% (52/52)","Pencil","https://tactileeval.s3.us-east-1.amazonaws.com/family_datasets/Tools_Instruments_and_Appliances/Pencil/Natural/1.jpg","https://tactileeval.s3.us-east-1.amazonaws.com/family_datasets/Tools_Instruments_and_Appliances/Pencil/Tactile/1.jpeg","","Pencil","https://tactileeval.s3.us-east-1.amazonaws.com/family_datasets/Tools_Instruments_and_Appliances/Pencil/Natural/2.jpg","https://tactileeval.s3.us-east-1.amazonaws.com/family_datasets/Tools_Instruments_and_Appliances/Pencil/Tactile/2.jpeg","","Pencil","https://tactileeval.s3.us-east-1.amazonaws.com/family_datasets/Tools_Instruments_and_Appliances/Pencil/Natural/3.jpg","https://tactileeval.s3.us-east-1.amazonaws.com/family_datasets/Tools_Instruments_and_Appliances/Pencil/Tactile/3.jpg","","Pencil","https://tactileeval.s3.us-east-1.amazonaws.com/family_datasets/Tools_Instruments_and_Appliances/Pencil/Natural/4.jpg","https://tactileeval.s3.us-east-1.amazonaws.com/family_datasets/Tools_Instruments_and_Appliances/Pencil/Tactile/4.jpg","","Pencil","https://tactileeval.s3.us-east-1.amazonaws.com/family_datasets/Tools_Instruments_and_Appliances/Pencil/Natural/5.jpg","https://tactileeval.s3.us-east-1.amazonaws.com/family_datasets/Tools_Instruments_and_Appliances/Pencil/Tactile/5.jpeg","","Pencil","https://tactileeval.s3.us-east-1.amazonaws.com/family_datasets/Tools_Instruments_and_Appliances/Pencil/Natural/6.jpg","https://tactileeval.s3.us-east-1.amazonaws.com/family_datasets/Tools_Instruments_and_Appliances/Pencil/Tactile/6.jpeg","","Pencil","https://tactileeval.s3.us-east-1.amazonaws.com/family_datasets/Tools_Instruments_and_Appliances/Pencil/Natural/7.jpg","https://tactileeval.s3.us-east-1.amazonaws.com/family_datasets/Tools_Instruments_and_Appliances/Pencil/Tactile/7.jpeg","","Pencil","https://tactileeval.s3.us-east-1.amazonaws.com/family_datasets/Tools_Instruments_and_Appliances/Pencil/Natural/8.jpg","https://tactileeval.s3.us-east-1.amazonaws.com/family_datasets/Tools_Instruments_and_Appliances/Pencil/Tactile/8.jpeg","","Pencil","https://tactileeval.s3.us-east-1.amazonaws.com/family_datasets/Tools_Instruments_and_Appliances/Pencil/Natural/9.jpeg","https://tactileeval.s3.us-east-1.amazonaws.com/family_datasets/Tools_Instruments_and_Appliances/Pencil/Tactile/9.jpeg","","Pencil","https://tactileeval.s3.us-east-1.amazonaws.com/family_datasets/Tools_Instruments_and_Appliances/Pencil/Natural/10.jpg","https://tactileeval.s3.us-east-1.amazonaws.com/family_datasets/Tools_Instruments_and_Appliances/Pencil/Tactile/10.jpeg","","[{""question1"":{""background_clean"":true,""configuration_match"":false,""object_match"":false},""question10"":{""background_clean"":true,""configuration_match"":false,""object_match"":false},""question2"":{""background_clean"":true,""configuration_match"":false,""object_match"":false},""question3"":{""background_clean"":true,""configuration_match"":true,""object_match"":false},""question4"":{""background_clean"":true,""configuration_match"":false,""object_match"":false},""question5"":{""background_clean"":true,""configuration_match"":true,""object_match"":false},""question6"":{""background_clean"":false,""configuration_match"":true,""object_match"":false},""question7"":{""background_clean"":true,""configuration_match"":false,""object_match"":false},""question8"":{""background_clean"":true,""configuration_match"":false,""object_match"":false},""question9"":{""background_clean"":true,""configuration_match"":false,""object_match"":false}}]"
"3JGHED38F55DDK7YM7GP0ND6A5DY70","399RPY0FFT5L4AXNGQM3UDNAXJBMKC","Categorize images based on background and posture.","Review 10 line-arts and judge if it has adequate background and configuration. (10 pairs)","tactile, image review, accessibility, tools and appliances","$0.08","Sat Apr 18 05:57:39 PDT 2026","7","BatchId:5385897;OriginalHitTemplateId:928390873;","1200","1296000","Sat Apr 25 05:57:39 PDT 2026","","","3PEIJLRY7M75PEGIFL70X9175SQXWO","A2VMQ3OKPH6O98","Submitted","Sat Apr 18 06:12:33 PDT 2026","Sat Apr 18 06:15:29 PDT 2026","Sun May 03 06:15:29 PDT 2026","","","","176","0% (0/0)","0% (0/0)","0% (0/0)","Pencil","https://tactileeval.s3.us-east-1.amazonaws.com/family_datasets/Tools_Instruments_and_Appliances/Pencil/Natural/11.png","https://tactileeval.s3.us-east-1.amazonaws.com/family_datasets/Tools_Instruments_and_Appliances/Pencil/Tactile/11.jpg","","Pencil","https://tactileeval.s3.us-east-1.amazonaws.com/family_datasets/Tools_Instruments_and_Appliances/Pencil/Natural/12.jpg","https://tactileeval.s3.us-east-1.amazonaws.com/family_datasets/Tools_Instruments_and_Appliances/Pencil/Tactile/12.jpg","","Pencil","https://tactileeval.s3.us-east-1.amazonaws.com/family_datasets/Tools_Instruments_and_Appliances/Pencil/Natural/13.jpg","https://tactileeval.s3.us-east-1.amazonaws.com/family_datasets/Tools_Instruments_and_Appliances/Pencil/Tactile/13.jpg","","Pencil","https://tactileeval.s3.us-east-1.amazonaws.com/family_datasets/Tools_Instruments_and_Appliances/Pencil/Natural/14.png","https://tactileeval.s3.us-east-1.amazonaws.com/family_datasets/Tools_Instruments_and_Appliances/Pencil/Tactile/14.jpg","","Pencil","https://tactileeval.s3.us-east-1.amazonaws.com/family_datasets/Tools_Instruments_and_Appliances/Pencil/Natural/15.png","https://tactileeval.s3.us-east-1.amazonaws.com/family_datasets/Tools_Instruments_and_Appliances/Pencil/Tactile/15.jpg","","Pencil","https://tactileeval.s3.us-east-1.amazonaws.com/family_datasets/Tools_Instruments_and_Appliances/Pencil/Natural/16.jpg","https://tactileeval.s3.us-east-1.amazonaws.com/family_datasets/Tools_Instruments_and_Appliances/Pencil/Tactile/16.jpg","","Pencil","https://tactileeval.s3.us-east-1.amazonaws.com/family_datasets/Tools_Instruments_and_Appliances/Pencil/Natural/17.png","https://tactileeval.s3.us-east-1.amazonaws.com/family_datasets/Tools_Instruments_and_Appliances/Pencil/Tactile/17.jpg","","Pencil","https://tactileeval.s3.us-east-1.amazonaws.com/family_datasets/Tools_Instruments_and_Appliances/Pencil/Natural/18.jpg","https://tactileeval.s3.us-east-1.amazonaws.com/family_datasets/Tools_Instruments_and_Appliances/Pencil/Tactile/18.jpg","","Pencil","https://tactileeval.s3.us-east-1.amazonaws.com/family_datasets/Tools_Instruments_and_Appliances/Pencil/Natural/19.jpg","https://tactileeval.s3.us-east-1.amazonaws.com/family_datasets/Tools_Instruments_and_Appliances/Pencil/Tactile/19.jpg","","Spoon","https://tactileeval.s3.us-east-1.amazonaws.com/family_datasets/Tools_Instruments_and_Appliances/Spoon/Natural/1.jpg","https://tactileeval.s3.us-east-1.amazonaws.com/family_datasets/Tools_Instruments_and_Appliances/Spoon/Tactile/1.jpeg","","[{""question1"":{""background_clean"":true,""configuration_match"":true,""object_match"":false},""question10"":{""background_clean"":true,""configuration_match"":true,""object_match"":true},""question2"":{""background_clean"":true,""configuration_match"":false,""object_match"":true},""question3"":{""background_clean"":true,""configuration_match"":false,""object_match"":true},""question4"":{""background_clean"":true,""configuration_match"":true,""object_match"":true},""question5"":{""background_clean"":true,""configuration_match"":true,""object_match"":true},""question6"":{""background_clean"":true,""configuration_match"":false,""object_match"":true},""question7"":{""background_clean"":true,""configuration_match"":true,""object_match"":true},""question8"":{""background_clean"":true,""configuration_match"":true,""object_match"":true},""question9"":{""background_clean"":true,""configuration_match"":false,""object_match"":true}}]"
"3JGHED38F55DDK7YM7GP0ND6A5DY70","399RPY0FFT5L4AXNGQM3UDNAXJBMKC","Categorize images based on background and posture.","Review 10 line-arts and judge if it has adequate background and configuration. (10 pairs)","tactile, image review, accessibility, tools and appliances","$0.08","Sat Apr 18 05:57:39 PDT 2026","7","BatchId:5385897;OriginalHitTemplateId:928390873;","1200","1296000","Sat Apr 25 05:57:39 PDT 2026","","","3VZLGYJEZEO9J9LNQ8R7WDVPMU0ZXM","A3UPEZR0XSE052","Submitted","Sat Apr 18 07:33:34 PDT 2026","Sat Apr 18 07:44:06 PDT 2026","Sun May 03 07:44:06 PDT 2026","","","","632","50% (1/2)","0% (0/1)","0% (0/1)","Pencil","https://tactileeval.s3.us-east-1.amazonaws.com/family_datasets/Tools_Instruments_and_Appliances/Pencil/Natural/11.png","https://tactileeval.s3.us-east-1.amazonaws.com/family_datasets/Tools_Instruments_and_Appliances/Pencil/Tactile/11.jpg","","Pencil","https://tactileeval.s3.us-east-1.amazonaws.com/family_datasets/Tools_Instruments_and_Appliances/Pencil/Natural/12.jpg","https://tactileeval.s3.us-east-1.amazonaws.com/family_datasets/Tools_Instruments_and_Appliances/Pencil/Tactile/12.jpg","","Pencil","https://tactileeval.s3.us-east-1.amazonaws.com/family_datasets/Tools_Instruments_and_Appliances/Pencil/Natural/13.jpg","https://tactileeval.s3.us-east-1.amazonaws.com/family_datasets/Tools_Instruments_and_Appliances/Pencil/Tactile/13.jpg","","Pencil","https://tactileeval.s3.us-east-1.amazonaws.com/family_datasets/Tools_Instruments_and_Appliances/Pencil/Natural/14.png","https://tactileeval.s3.us-east-1.amazonaws.com/family_datasets/Tools_Instruments_and_Appliances/Pencil/Tactile/14.jpg","","Pencil","https://tactileeval.s3.us-east-1.amazonaws.com/family_datasets/Tools_Instruments_and_Appliances/Pencil/Natural/15.png","https://tactileeval.s3.us-east-1.amazonaws.com/family_datasets/Tools_Instruments_and_Appliances/Pencil/Tactile/15.jpg","","Pencil","https://tactileeval.s3.us-east-1.amazonaws.com/family_datasets/Tools_Instruments_and_Appliances/Pencil/Natural/16.jpg","https://tactileeval.s3.us-east-1.amazonaws.com/family_datasets/Tools_Instruments_and_Appliances/Pencil/Tactile/16.jpg","","Pencil","https://tactileeval.s3.us-east-1.amazonaws.com/family_datasets/Tools_Instruments_and_Appliances/Pencil/Natural/17.png","https://tactileeval.s3.us-east-1.amazonaws.com/family_datasets/Tools_Instruments_and_Appliances/Pencil/Tactile/17.jpg","","Pencil","https://tactileeval.s3.us-east-1.amazonaws.com/family_datasets/Tools_Instruments_and_Appliances/Pencil/Natural/18.jpg","https://tactileeval.s3.us-east-1.amazonaws.com/family_datasets/Tools_Instruments_and_Appliances/Pencil/Tactile/18.jpg","","Pencil","https://tactileeval.s3.us-east-1.amazonaws.com/family_datasets/Tools_Instruments_and_Appliances/Pencil/Natural/19.jpg","https://tactileeval.s3.us-east-1.amazonaws.com/family_datasets/Tools_Instruments_and_Appliances/Pencil/Tactile/19.jpg","","Spoon","https://tactileeval.s3.us-east-1.amazonaws.com/family_datasets/Tools_Instruments_and_Appliances/Spoon/Natural/1.jpg","https://tactileeval.s3.us-east-1.amazonaws.com/family_datasets/Tools_Instruments_and_Appliances/Spoon/Tactile/1.jpeg","","[{""question1"":{""background_clean"":true,""configuration_match"":true,""object_match"":true},""question10"":{""background_clean"":true,""configuration_match"":true,""object_match"":true},""question2"":{""background_clean"":true,""configuration_match"":true,""object_match"":false},""question3"":{""background_clean"":true,""configuration_match"":true,""object_match"":false},""question4"":{""background_clean"":true,""configuration_match"":true,""object_match"":true},""question5"":{""background_clean"":true,""configuration_match"":true,""object_match"":true},""question6"":{""background_clean"":true,""configuration_match"":true,""object_match"":false},""question7"":{""background_clean"":true,""configuration_match"":true,""object_match"":true},""question8"":{""background_clean"":true,""configuration_match"":true,""object_match"":false},""question9"":{""background_clean"":true,""configuration_match"":true,""object_match"":false}}]"
"3JGHED38F55DDK7YM7GP0ND6A5DY70","399RPY0FFT5L4AXNGQM3UDNAXJBMKC","Categorize images based on background and posture.","Review 10 line-arts and judge if it has adequate background and configuration. (10 pairs)","tactile, image review, accessibility, tools and appliances","$0.08","Sat Apr 18 05:57:39 PDT 2026","7","BatchId:5385897;OriginalHitTemplateId:928390873;","1200","1296000","Sat Apr 25 05:57:39 PDT 2026","","","3NOKK93PSUM22E3AZGN2NE90IIMEES","A2M3DR0V45HNUL","Submitted","Sat Apr 18 07:52:48 PDT 2026","Sat Apr 18 07:54:23 PDT 2026","Sun May 03 07:54:23 PDT 2026","","","","95","7% (1/14)","7% (1/14)","7% (1/14)","Pencil","https://tactileeval.s3.us-east-1.amazonaws.com/family_datasets/Tools_Instruments_and_Appliances/Pencil/Natural/11.png","https://tactileeval.s3.us-east-1.amazonaws.com/family_datasets/Tools_Instruments_and_Appliances/Pencil/Tactile/11.jpg","","Pencil","https://tactileeval.s3.us-east-1.amazonaws.com/family_datasets/Tools_Instruments_and_Appliances/Pencil/Natural/12.jpg","https://tactileeval.s3.us-east-1.amazonaws.com/family_datasets/Tools_Instruments_and_Appliances/Pencil/Tactile/12.jpg","","Pencil","https://tactileeval.s3.us-east-1.amazonaws.com/family_datasets/Tools_Instruments_and_Appliances/Pencil/Natural/13.jpg","https://tactileeval.s3.us-east-1.amazonaws.com/family_datasets/Tools_Instruments_and_Appliances/Pencil/Tactile/13.jpg","","Pencil","https://tactileeval.s3.us-east-1.amazonaws.com/family_datasets/Tools_Instruments_and_Appliances/Pencil/Natural/14.png","https://tactileeval.s3.us-east-1.amazonaws.com/family_datasets/Tools_Instruments_and_Appliances/Pencil/Tactile/14.jpg","","Pencil","https://tactileeval.s3.us-east-1.amazonaws.com/family_datasets/Tools_Instruments_and_Appliances/Pencil/Natural/15.png","https://tactileeval.s3.us-east-1.amazonaws.com/family_datasets/Tools_Instruments_and_Appliances/Pencil/Tactile/15.jpg","","Pencil","https://tactileeval.s3.us-east-1.amazonaws.com/family_datasets/Tools_Instruments_and_Appliances/Pencil/Natural/16.jpg","https://tactileeval.s3.us-east-1.amazonaws.com/family_datasets/Tools_Instruments_and_Appliances/Pencil/Tactile/16.jpg","","Pencil","https://tactileeval.s3.us-east-1.amazonaws.com/family_datasets/Tools_Instruments_and_Appliances/Pencil/Natural/17.png","https://tactileeval.s3.us-east-1.amazonaws.com/family_datasets/Tools_Instruments_and_Appliances/Pencil/Tactile/17.jpg","","Pencil","https://tactileeval.s3.us-east-1.amazonaws.com/family_datasets/Tools_Instruments_and_Appliances/Pencil/Natural/18.jpg","https://tactileeval.s3.us-east-1.amazonaws.com/family_datasets/Tools_Instruments_and_Appliances/Pencil/Tactile/18.jpg","","Pencil","https://tactileeval.s3.us-east-1.amazonaws.com/family_datasets/Tools_Instruments_and_Appliances/Pencil/Natural/19.jpg","https://tactileeval.s3.us-east-1.amazonaws.com/family_datasets/Tools_Instruments_and_Appliances/Pencil/Tactile/19.jpg","","Spoon","https://tactileeval.s3.us-east-1.amazonaws.com/family_datasets/Tools_Instruments_and_Appliances/Spoon/Natural/1.jpg","https://tactileeval.s3.us-east-1.amazonaws.com/family_datasets/Tools_Instruments_and_Appliances/Spoon/Tactile/1.jpeg","","[{""question1"":{""background_clean"":true,""configuration_match"":true,""object_match"":true},""question10"":{""background_clean"":true,""configuration_match"":true,""object_match"":true},""question2"":{""background_clean"":true,""configuration_match"":false,""object_match"":true},""question3"":{""background_clean"":true,""configuration_match"":false,""object_match"":false},""question4"":{""background_clean"":true,""configuration_match"":false,""object_match"":true},""question5"":{""background_clean"":true,""configuration_match"":true,""object_match"":true},""question6"":{""background_clean"":false,""configuration_match"":true,""object_match"":false},""question7"":{""background_clean"":true,""configuration_match"":false,""object_match"":true},""question8"":{""background_clean"":true,""configuration_match"":false,""object_match"":true},""question9"":{""background_clean"":true,""configuration_match"":false,""object_match"":true}}]"
"3JGHED38F55DDK7YM7GP0ND6A5DY70","399RPY0FFT5L4AXNGQM3UDNAXJBMKC","Categorize images based on background and posture.","Review 10 line-arts and judge if it has adequate background and configuration. (10 pairs)","tactile, image review, accessibility, tools and appliances","$0.08","Sat Apr 18 05:57:39 PDT 2026","7","BatchId:5385897;OriginalHitTemplateId:928390873;","1200","1296000","Sat Apr 25 05:57:39 PDT 2026","","","3EJJQNKUAKJ3VSZHBNF87O5WPN4RHY","A3VCTHO95DZWAQ","Submitted","Sat Apr 18 07:54:19 PDT 2026","Sat Apr 18 07:55:28 PDT 2026","Sun May 03 07:55:28 PDT 2026","","","","69","0% (0/0)","0% (0/0)","0% (0/0)","Pencil","https://tactileeval.s3.us-east-1.amazonaws.com/family_datasets/Tools_Instruments_and_Appliances/Pencil/Natural/11.png","https://tactileeval.s3.us-east-1.amazonaws.com/family_datasets/Tools_Instruments_and_Appliances/Pencil/Tactile/11.jpg","","Pencil","https://tactileeval.s3.us-east-1.amazonaws.com/family_datasets/Tools_Instruments_and_Appliances/Pencil/Natural/12.jpg","https://tactileeval.s3.us-east-1.amazonaws.com/family_datasets/Tools_Instruments_and_Appliances/Pencil/Tactile/12.jpg","","Pencil","https://tactileeval.s3.us-east-1.amazonaws.com/family_datasets/Tools_Instruments_and_Appliances/Pencil/Natural/13.jpg","https://tactileeval.s3.us-east-1.amazonaws.com/family_datasets/Tools_Instruments_and_Appliances/Pencil/Tactile/13.jpg","","Pencil","https://tactileeval.s3.us-east-1.amazonaws.com/family_datasets/Tools_Instruments_and_Appliances/Pencil/Natural/14.png","https://tactileeval.s3.us-east-1.amazonaws.com/family_datasets/Tools_Instruments_and_Appliances/Pencil/Tactile/14.jpg","","Pencil","https://tactileeval.s3.us-east-1.amazonaws.com/family_datasets/Tools_Instruments_and_Appliances/Pencil/Natural/15.png","https://tactileeval.s3.us-east-1.amazonaws.com/family_datasets/Tools_Instruments_and_Appliances/Pencil/Tactile/15.jpg","","Pencil","https://tactileeval.s3.us-east-1.amazonaws.com/family_datasets/Tools_Instruments_and_Appliances/Pencil/Natural/16.jpg","https://tactileeval.s3.us-east-1.amazonaws.com/family_datasets/Tools_Instruments_and_Appliances/Pencil/Tactile/16.jpg","","Pencil","https://tactileeval.s3.us-east-1.amazonaws.com/family_datasets/Tools_Instruments_and_Appliances/Pencil/Natural/17.png","https://tactileeval.s3.us-east-1.amazonaws.com/family_datasets/Tools_Instruments_and_Appliances/Pencil/Tactile/17.jpg","","Pencil","https://tactileeval.s3.us-east-1.amazonaws.com/family_datasets/Tools_Instruments_and_Appliances/Pencil/Natural/18.jpg","https://tactileeval.s3.us-east-1.amazonaws.com/family_datasets/Tools_Instruments_and_Appliances/Pencil/Tactile/18.jpg","","Pencil","https://tactileeval.s3.us-east-1.amazonaws.com/family_datasets/Tools_Instruments_and_Appliances/Pencil/Natural/19.jpg","https://tactileeval.s3.us-east-1.amazonaws.com/family_datasets/Tools_Instruments_and_Appliances/Pencil/Tactile/19.jpg","","Spoon","https://tactileeval.s3.us-east-1.amazonaws.com/family_datasets/Tools_Instruments_and_Appliances/Spoon/Natural/1.jpg","https://tactileeval.s3.us-east-1.amazonaws.com/family_datasets/Tools_Instruments_and_Appliances/Spoon/Tactile/1.jpeg","","[{""question1"":{""background_clean"":true,""configuration_match"":true,""object_match"":true},""question10"":{""background_clean"":true,""configuration_match"":true,""object_match"":true},""question2"":{""background_clean"":true,""configuration_match"":true,""object_match"":false},""question3"":{""background_clean"":true,""configuration_match"":true,""object_match"":false},""question4"":{""background_clean"":true,""configuration_match"":true,""object_match"":true},""question5"":{""background_clean"":true,""configuration_match"":true,""object_match"":true},""question6"":{""background_clean"":true,""configuration_match"":true,""object_match"":false},""question7"":{""background_clean"":true,""configuration_match"":true,""object_match"":true},""question8"":{""background_clean"":true,""configuration_match"":true,""object_match"":false},""question9"":{""background_clean"":true,""configuration_match"":true,""object_match"":false}}]"
"3JGHED38F55DDK7YM7GP0ND6A5DY70","399RPY0FFT5L4AXNGQM3UDNAXJBMKC","Categorize images based on background and posture.","Review 10 line-arts and judge if it has adequate background and configuration. (10 pairs)","tactile, image review, accessibility, tools and appliances","$0.08","Sat Apr 18 05:57:39 PDT 2026","7","BatchId:5385897;OriginalHitTemplateId:928390873;","1200","1296000","Sat Apr 25 05:57:39 PDT 2026","","","3ND9UOO82DGAPKZT124CMF6KYJTWLE","A2D07SVRO4UFVL","Submitted","Sat Apr 18 08:04:25 PDT 2026","Sat Apr 18 08:05:46 PDT 2026","Sun May 03 08:05:46 PDT 2026","","","","81","81% (22/27)","80% (20/25)","80% (20/25)","Pencil","https://tactileeval.s3.us-east-1.amazonaws.com/family_datasets/Tools_Instruments_and_Appliances/Pencil/Natural/11.png","https://tactileeval.s3.us-east-1.amazonaws.com/family_datasets/Tools_Instruments_and_Appliances/Pencil/Tactile/11.jpg","","Pencil","https://tactileeval.s3.us-east-1.amazonaws.com/family_datasets/Tools_Instruments_and_Appliances/Pencil/Natural/12.jpg","https://tactileeval.s3.us-east-1.amazonaws.com/family_datasets/Tools_Instruments_and_Appliances/Pencil/Tactile/12.jpg","","Pencil","https://tactileeval.s3.us-east-1.amazonaws.com/family_datasets/Tools_Instruments_and_Appliances/Pencil/Natural/13.jpg","https://tactileeval.s3.us-east-1.amazonaws.com/family_datasets/Tools_Instruments_and_Appliances/Pencil/Tactile/13.jpg","","Pencil","https://tactileeval.s3.us-east-1.amazonaws.com/family_datasets/Tools_Instruments_and_Appliances/Pencil/Natural/14.png","https://tactileeval.s3.us-east-1.amazonaws.com/family_datasets/Tools_Instruments_and_Appliances/Pencil/Tactile/14.jpg","","Pencil","https://tactileeval.s3.us-east-1.amazonaws.com/family_datasets/Tools_Instruments_and_Appliances/Pencil/Natural/15.png","https://tactileeval.s3.us-east-1.amazonaws.com/family_datasets/Tools_Instruments_and_Appliances/Pencil/Tactile/15.jpg","","Pencil","https://tactileeval.s3.us-east-1.amazonaws.com/family_datasets/Tools_Instruments_and_Appliances/Pencil/Natural/16.jpg","https://tactileeval.s3.us-east-1.amazonaws.com/family_datasets/Tools_Instruments_and_Appliances/Pencil/Tactile/16.jpg","","Pencil","https://tactileeval.s3.us-east-1.amazonaws.com/family_datasets/Tools_Instruments_and_Appliances/Pencil/Natural/17.png","https://tactileeval.s3.us-east-1.amazonaws.com/family_datasets/Tools_Instruments_and_Appliances/Pencil/Tactile/17.jpg","","Pencil","https://tactileeval.s3.us-east-1.amazonaws.com/family_datasets/Tools_Instruments_and_Appliances/Pencil/Natural/18.jpg","https://tactileeval.s3.us-east-1.amazonaws.com/family_datasets/Tools_Instruments_and_Appliances/Pencil/Tactile/18.jpg","","Pencil","https://tactileeval.s3.us-east-1.amazonaws.com/family_datasets/Tools_Instruments_and_Appliances/Pencil/Natural/19.jpg","https://tactileeval.s3.us-east-1.amazonaws.com/family_datasets/Tools_Instruments_and_Appliances/Pencil/Tactile/19.jpg","","Spoon","https://tactileeval.s3.us-east-1.amazonaws.com/family_datasets/Tools_Instruments_and_Appliances/Spoon/Natural/1.jpg","https://tactileeval.s3.us-east-1.amazonaws.com/family_datasets/Tools_Instruments_and_Appliances/Spoon/Tactile/1.jpeg","","[{""question1"":{""background_clean"":true,""configuration_match"":true,""object_match"":false},""question10"":{""background_clean"":true,""configuration_match"":false,""object_match"":false},""question2"":{""background_clean"":true,""configuration_match"":false,""object_match"":false},""question3"":{""background_clean"":true,""configuration_match"":true,""object_match"":false},""question4"":{""background_clean"":true,""configuration_match"":true,""object_match"":false},""question5"":{""background_clean"":true,""configuration_match"":true,""object_match"":false},""question6"":{""background_clean"":true,""configuration_match"":true,""object_match"":false},""question7"":{""background_clean"":true,""configuration_match"":false,""object_match"":false},""question8"":{""background_clean"":true,""configuration_match"":false,""object_match"":false},""question9"":{""background_clean"":true,""configuration_match"":false,""object_match"":false}}]"
"3JGHED38F55DDK7YM7GP0ND6A5DY70","399RPY0FFT5L4AXNGQM3UDNAXJBMKC","Categorize images based on background and posture.","Review 10 line-arts and judge if it has adequate background and configuration. (10 pairs)","tactile, image review, accessibility, tools and appliances","$0.08","Sat Apr 18 05:57:39 PDT 2026","7","BatchId:5385897;OriginalHitTemplateId:928390873;","1200","1296000","Sat Apr 25 05:57:39 PDT 2026","","","37QW5D2ZS90M3WY1N8L7KLHT86Z8SQ","A1SMWIBTQ2AESU","Submitted","Sat Apr 18 08:04:32 PDT 2026","Sat Apr 18 08:12:13 PDT 2026","Sun May 03 08:12:13 PDT 2026","","","","461","98% (47/48)","98% (46/47)","98% (46/47)","Pencil","https://tactileeval.s3.us-east-1.amazonaws.com/family_datasets/Tools_Instruments_and_Appliances/Pencil/Natural/11.png","https://tactileeval.s3.us-east-1.amazonaws.com/family_datasets/Tools_Instruments_and_Appliances/Pencil/Tactile/11.jpg","","Pencil","https://tactileeval.s3.us-east-1.amazonaws.com/family_datasets/Tools_Instruments_and_Appliances/Pencil/Natural/12.jpg","https://tactileeval.s3.us-east-1.amazonaws.com/family_datasets/Tools_Instruments_and_Appliances/Pencil/Tactile/12.jpg","","Pencil","https://tactileeval.s3.us-east-1.amazonaws.com/family_datasets/Tools_Instruments_and_Appliances/Pencil/Natural/13.jpg","https://tactileeval.s3.us-east-1.amazonaws.com/family_datasets/Tools_Instruments_and_Appliances/Pencil/Tactile/13.jpg","","Pencil","https://tactileeval.s3.us-east-1.amazonaws.com/family_datasets/Tools_Instruments_and_Appliances/Pencil/Natural/14.png","https://tactileeval.s3.us-east-1.amazonaws.com/family_datasets/Tools_Instruments_and_Appliances/Pencil/Tactile/14.jpg","","Pencil","https://tactileeval.s3.us-east-1.amazonaws.com/family_datasets/Tools_Instruments_and_Appliances/Pencil/Natural/15.png","https://tactileeval.s3.us-east-1.amazonaws.com/family_datasets/Tools_Instruments_and_Appliances/Pencil/Tactile/15.jpg","","Pencil","https://tactileeval.s3.us-east-1.amazonaws.com/family_datasets/Tools_Instruments_and_Appliances/Pencil/Natural/16.jpg","https://tactileeval.s3.us-east-1.amazonaws.com/family_datasets/Tools_Instruments_and_Appliances/Pencil/Tactile/16.jpg","","Pencil","https://tactileeval.s3.us-east-1.amazonaws.com/family_datasets/Tools_Instruments_and_Appliances/Pencil/Natural/17.png","https://tactileeval.s3.us-east-1.amazonaws.com/family_datasets/Tools_Instruments_and_Appliances/Pencil/Tactile/17.jpg","","Pencil","https://tactileeval.s3.us-east-1.amazonaws.com/family_datasets/Tools_Instruments_and_Appliances/Pencil/Natural/18.jpg","https://tactileeval.s3.us-east-1.amazonaws.com/family_datasets/Tools_Instruments_and_Appliances/Pencil/Tactile/18.jpg","","Pencil","https://tactileeval.s3.us-east-1.amazonaws.com/family_datasets/Tools_Instruments_and_Appliances/Pencil/Natural/19.jpg","https://tactileeval.s3.us-east-1.amazonaws.com/family_datasets/Tools_Instruments_and_Appliances/Pencil/Tactile/19.jpg","","Spoon","https://tactileeval.s3.us-east-1.amazonaws.com/family_datasets/Tools_Instruments_and_Appliances/Spoon/Natural/1.jpg","https://tactileeval.s3.us-east-1.amazonaws.com/family_datasets/Tools_Instruments_and_Appliances/Spoon/Tactile/1.jpeg","","[{""question1"":{""background_clean"":true,""configuration_match"":true,""object_match"":true},""question10"":{""background_clean"":true,""configuration_match"":true,""object_match"":true},""question2"":{""background_clean"":true,""configuration_match"":true,""object_match"":false},""question3"":{""background_clean"":true,""configuration_match"":true,""object_match"":false},""question4"":{""background_clean"":true,""configuration_match"":true,""object_match"":true},""question5"":{""background_clean"":true,""configuration_match"":true,""object_match"":true},""question6"":{""background_clean"":true,""configuration_match"":true,""object_match"":true},""question7"":{""background_clean"":true,""configuration_match"":true,""object_match"":true},""question8"":{""background_clean"":true,""configuration_match"":true,""object_match"":true},""question9"":{""background_clean"":true,""configuration_match"":true,""object_match"":false}}]"
"3JGHED38F55DDK7YM7GP0ND6A5DY70","399RPY0FFT5L4AXNGQM3UDNAXJBMKC","Categorize images based on background and posture.","Review 10 line-arts and judge if it has adequate background and configuration. (10 pairs)","tactile, image review, accessibility, tools and appliances","$0.08","Sat Apr 18 05:57:39 PDT 2026","7","BatchId:5385897;OriginalHitTemplateId:928390873;","1200","1296000","Sat Apr 25 05:57:39 PDT 2026","","","3WSELTNVSWG11K4V96ABQHJA0DEATM","AJZHPDCKUVRM8","Submitted","Sat Apr 18 08:12:15 PDT 2026","Sat Apr 18 08:12:51 PDT 2026","Sun May 03 08:12:51 PDT 2026","","","","36","100% (52/52)","100% (52/52)","100% (52/52)","Pencil","https://tactileeval.s3.us-east-1.amazonaws.com/family_datasets/Tools_Instruments_and_Appliances/Pencil/Natural/11.png","https://tactileeval.s3.us-east-1.amazonaws.com/family_datasets/Tools_Instruments_and_Appliances/Pencil/Tactile/11.jpg","","Pencil","https://tactileeval.s3.us-east-1.amazonaws.com/family_datasets/Tools_Instruments_and_Appliances/Pencil/Natural/12.jpg","https://tactileeval.s3.us-east-1.amazonaws.com/family_datasets/Tools_Instruments_and_Appliances/Pencil/Tactile/12.jpg","","Pencil","https://tactileeval.s3.us-east-1.amazonaws.com/family_datasets/Tools_Instruments_and_Appliances/Pencil/Natural/13.jpg","https://tactileeval.s3.us-east-1.amazonaws.com/family_datasets/Tools_Instruments_and_Appliances/Pencil/Tactile/13.jpg","","Pencil","https://tactileeval.s3.us-east-1.amazonaws.com/family_datasets/Tools_Instruments_and_Appliances/Pencil/Natural/14.png","https://tactileeval.s3.us-east-1.amazonaws.com/family_datasets/Tools_Instruments_and_Appliances/Pencil/Tactile/14.jpg","","Pencil","https://tactileeval.s3.us-east-1.amazonaws.com/family_datasets/Tools_Instruments_and_Appliances/Pencil/Natural/15.png","https://tactileeval.s3.us-east-1.amazonaws.com/family_datasets/Tools_Instruments_and_Appliances/Pencil/Tactile/15.jpg","","Pencil","https://tactileeval.s3.us-east-1.amazonaws.com/family_datasets/Tools_Instruments_and_Appliances/Pencil/Natural/16.jpg","https://tactileeval.s3.us-east-1.amazonaws.com/family_datasets/Tools_Instruments_and_Appliances/Pencil/Tactile/16.jpg","","Pencil","https://tactileeval.s3.us-east-1.amazonaws.com/family_datasets/Tools_Instruments_and_Appliances/Pencil/Natural/17.png","https://tactileeval.s3.us-east-1.amazonaws.com/family_datasets/Tools_Instruments_and_Appliances/Pencil/Tactile/17.jpg","","Pencil","https://tactileeval.s3.us-east-1.amazonaws.com/family_datasets/Tools_Instruments_and_Appliances/Pencil/Natural/18.jpg","https://tactileeval.s3.us-east-1.amazonaws.com/family_datasets/Tools_Instruments_and_Appliances/Pencil/Tactile/18.jpg","","Pencil","https://tactileeval.s3.us-east-1.amazonaws.com/family_datasets/Tools_Instruments_and_Appliances/Pencil/Natural/19.jpg","https://tactileeval.s3.us-east-1.amazonaws.com/family_datasets/Tools_Instruments_and_Appliances/Pencil/Tactile/19.jpg","","Spoon","https://tactileeval.s3.us-east-1.amazonaws.com/family_datasets/Tools_Instruments_and_Appliances/Spoon/Natural/1.jpg","https://tactileeval.s3.us-east-1.amazonaws.com/family_datasets/Tools_Instruments_and_Appliances/Spoon/Tactile/1.jpeg","","[{""question1"":{""background_clean"":true,""configuration_match"":true,""object_match"":false},""question10"":{""background_clean"":true,""configuration_match"":true,""object_match"":false},""question2"":{""background_clean"":true,""configuration_match"":false,""object_match"":false},""question3"":{""background_clean"":true,""configuration_match"":true,""object_match"":false},""question4"":{""background_clean"":true,""configuration_match"":true,""object_match"":false},""question5"":{""background_clean"":true,""configuration_match"":true,""object_match"":true},""question6"":{""background_clean"":true,""configuration_match"":true,""object_match"":false},""question7"":{""background_clean"":true,""configuration_match"":true,""object_match"":false},""question8"":{""background_clean"":true,""configuration_match"":false,""object_match"":false},""question9"":{""background_clean"":true,""configuration_match"":false,""object_match"":false}}]"
"30IRMPJWERXSBY2WR6D4WWPVD2YKRQ","399RPY0FFT5L4AXNGQM3UDNAXJBMKC","Categorize images based on background and posture.","Review 10 line-arts and judge if it has adequate background and configuration. (10 pairs)","tactile, image review, accessibility, tools and appliances","$0.08","Sat Apr 18 05:57:39 PDT 2026","7","BatchId:5385897;OriginalHitTemplateId:928390873;","1200","1296000","Sat Apr 25 05:57:39 PDT 2026","","","3WYP994K205WV4RMTZGYIT93JWXY60","A3UPEZR0XSE052","Submitted","Sat Apr 18 07:33:33 PDT 2026","Sat Apr 18 07:42:42 PDT 2026","Sun May 03 07:42:42 PDT 2026","","","","549","50% (1/2)","0% (0/1)","0% (0/1)","Spoon","https://tactileeval.s3.us-east-1.amazonaws.com/family_datasets/Tools_Instruments_and_Appliances/Spoon/Natural/2.jpg","https://tactileeval.s3.us-east-1.amazonaws.com/family_datasets/Tools_Instruments_and_Appliances/Spoon/Tactile/2.jpeg","","Spoon","https://tactileeval.s3.us-east-1.amazonaws.com/family_datasets/Tools_Instruments_and_Appliances/Spoon/Natural/3.jpg","https://tactileeval.s3.us-east-1.amazonaws.com/family_datasets/Tools_Instruments_and_Appliances/Spoon/Tactile/3.jpeg","","Spoon","https://tactileeval.s3.us-east-1.amazonaws.com/family_datasets/Tools_Instruments_and_Appliances/Spoon/Natural/4.jpeg","https://tactileeval.s3.us-east-1.amazonaws.com/family_datasets/Tools_Instruments_and_Appliances/Spoon/Tactile/4.jpeg","","Spoon","https://tactileeval.s3.us-east-1.amazonaws.com/family_datasets/Tools_Instruments_and_Appliances/Spoon/Natural/5.jpg","https://tactileeval.s3.us-east-1.amazonaws.com/family_datasets/Tools_Instruments_and_Appliances/Spoon/Tactile/5.jpeg","","Spoon","https://tactileeval.s3.us-east-1.amazonaws.com/family_datasets/Tools_Instruments_and_Appliances/Spoon/Natural/6_refined.png","https://tactileeval.s3.us-east-1.amazonaws.com/family_datasets/Tools_Instruments_and_Appliances/Spoon/Tactile/6_refined.png","","Spoon","https://tactileeval.s3.us-east-1.amazonaws.com/family_datasets/Tools_Instruments_and_Appliances/Spoon/Natural/7.jpg","https://tactileeval.s3.us-east-1.amazonaws.com/family_datasets/Tools_Instruments_and_Appliances/Spoon/Tactile/7.jpeg","","Spoon","https://tactileeval.s3.us-east-1.amazonaws.com/family_datasets/Tools_Instruments_and_Appliances/Spoon/Natural/8.jpg","https://tactileeval.s3.us-east-1.amazonaws.com/family_datasets/Tools_Instruments_and_Appliances/Spoon/Tactile/8.jpeg","","Spoon","https://tactileeval.s3.us-east-1.amazonaws.com/family_datasets/Tools_Instruments_and_Appliances/Spoon/Natural/9.jpg","https://tactileeval.s3.us-east-1.amazonaws.com/family_datasets/Tools_Instruments_and_Appliances/Spoon/Tactile/9.jpeg","","Spoon","https://tactileeval.s3.us-east-1.amazonaws.com/family_datasets/Tools_Instruments_and_Appliances/Spoon/Natural/10.jpg","https://tactileeval.s3.us-east-1.amazonaws.com/family_datasets/Tools_Instruments_and_Appliances/Spoon/Tactile/10.jpeg","","","","","","[{""question1"":{""background_clean"":true,""configuration_match"":false,""object_match"":false},""question10"":{""background_clean"":true,""configuration_match"":false,""object_match"":false},""question2"":{""background_clean"":true,""configuration_match"":false,""object_match"":false},""question3"":{""background_clean"":true,""configuration_match"":false,""object_match"":false},""question4"":{""background_clean"":true,""configuration_match"":true,""object_match"":false},""question5"":{""background_clean"":true,""configuration_match"":true,""object_match"":false},""question6"":{""background_clean"":true,""configuration_match"":true,""object_match"":false},""question7"":{""background_clean"":true,""configuration_match"":false,""object_match"":false},""question8"":{""background_clean"":true,""configuration_match"":true,""object_match"":false},""question9"":{""background_clean"":true,""configuration_match"":false,""object_match"":false}}]"
"30IRMPJWERXSBY2WR6D4WWPVD2YKRQ","399RPY0FFT5L4AXNGQM3UDNAXJBMKC","Categorize images based on background and posture.","Review 10 line-arts and judge if it has adequate background and configuration. (10 pairs)","tactile, image review, accessibility, tools and appliances","$0.08","Sat Apr 18 05:57:39 PDT 2026","7","BatchId:5385897;OriginalHitTemplateId:928390873;","1200","1296000","Sat Apr 25 05:57:39 PDT 2026","","","324G5B4FCWMI299641AHWFFF2U870D","A3VCTHO95DZWAQ","Submitted","Sat Apr 18 07:53:34 PDT 2026","Sat Apr 18 07:54:18 PDT 2026","Sun May 03 07:54:18 PDT 2026","","","","44","0% (0/0)","0% (0/0)","0% (0/0)","Spoon","https://tactileeval.s3.us-east-1.amazonaws.com/family_datasets/Tools_Instruments_and_Appliances/Spoon/Natural/2.jpg","https://tactileeval.s3.us-east-1.amazonaws.com/family_datasets/Tools_Instruments_and_Appliances/Spoon/Tactile/2.jpeg","","Spoon","https://tactileeval.s3.us-east-1.amazonaws.com/family_datasets/Tools_Instruments_and_Appliances/Spoon/Natural/3.jpg","https://tactileeval.s3.us-east-1.amazonaws.com/family_datasets/Tools_Instruments_and_Appliances/Spoon/Tactile/3.jpeg","","Spoon","https://tactileeval.s3.us-east-1.amazonaws.com/family_datasets/Tools_Instruments_and_Appliances/Spoon/Natural/4.jpeg","https://tactileeval.s3.us-east-1.amazonaws.com/family_datasets/Tools_Instruments_and_Appliances/Spoon/Tactile/4.jpeg","","Spoon","https://tactileeval.s3.us-east-1.amazonaws.com/family_datasets/Tools_Instruments_and_Appliances/Spoon/Natural/5.jpg","https://tactileeval.s3.us-east-1.amazonaws.com/family_datasets/Tools_Instruments_and_Appliances/Spoon/Tactile/5.jpeg","","Spoon","https://tactileeval.s3.us-east-1.amazonaws.com/family_datasets/Tools_Instruments_and_Appliances/Spoon/Natural/6_refined.png","https://tactileeval.s3.us-east-1.amazonaws.com/family_datasets/Tools_Instruments_and_Appliances/Spoon/Tactile/6_refined.png","","Spoon","https://tactileeval.s3.us-east-1.amazonaws.com/family_datasets/Tools_Instruments_and_Appliances/Spoon/Natural/7.jpg","https://tactileeval.s3.us-east-1.amazonaws.com/family_datasets/Tools_Instruments_and_Appliances/Spoon/Tactile/7.jpeg","","Spoon","https://tactileeval.s3.us-east-1.amazonaws.com/family_datasets/Tools_Instruments_and_Appliances/Spoon/Natural/8.jpg","https://tactileeval.s3.us-east-1.amazonaws.com/family_datasets/Tools_Instruments_and_Appliances/Spoon/Tactile/8.jpeg","","Spoon","https://tactileeval.s3.us-east-1.amazonaws.com/family_datasets/Tools_Instruments_and_Appliances/Spoon/Natural/9.jpg","https://tactileeval.s3.us-east-1.amazonaws.com/family_datasets/Tools_Instruments_and_Appliances/Spoon/Tactile/9.jpeg","","Spoon","https://tactileeval.s3.us-east-1.amazonaws.com/family_datasets/Tools_Instruments_and_Appliances/Spoon/Natural/10.jpg","https://tactileeval.s3.us-east-1.amazonaws.com/family_datasets/Tools_Instruments_and_Appliances/Spoon/Tactile/10.jpeg","","","","","","[{""question1"":{""background_clean"":true,""configuration_match"":true,""object_match"":false},""question10"":{""background_clean"":true,""configuration_match"":false,""object_match"":false},""question2"":{""background_clean"":true,""configuration_match"":true,""object_match"":false},""question3"":{""background_clean"":true,""configuration_match"":true,""object_match"":false},""question4"":{""background_clean"":true,""configuration_match"":true,""object_match"":false},""question5"":{""background_clean"":true,""configuration_match"":true,""object_match"":false},""question6"":{""background_clean"":true,""configuration_match"":true,""object_match"":false},""question7"":{""background_clean"":true,""configuration_match"":false,""object_match"":false},""question8"":{""background_clean"":true,""configuration_match"":true,""object_match"":false},""question9"":{""background_clean"":true,""configuration_match"":true,""object_match"":false}}]"
"30IRMPJWERXSBY2WR6D4WWPVD2YKRQ","399RPY0FFT5L4AXNGQM3UDNAXJBMKC","Categorize images based on background and posture.","Review 10 line-arts and judge if it has adequate background and configuration. (10 pairs)","tactile, image review, accessibility, tools and appliances","$0.08","Sat Apr 18 05:57:39 PDT 2026","7","BatchId:5385897;OriginalHitTemplateId:928390873;","1200","1296000","Sat Apr 25 05:57:39 PDT 2026","","","3GLB5JMZGQ9VUML19G26HZCRVM2GDK","A1SMWIBTQ2AESU","Submitted","Sat Apr 18 08:04:14 PDT 2026","Sat Apr 18 08:09:47 PDT 2026","Sun May 03 08:09:47 PDT 2026","","","","333","98% (47/48)","98% (46/47)","98% (46/47)","Spoon","https://tactileeval.s3.us-east-1.amazonaws.com/family_datasets/Tools_Instruments_and_Appliances/Spoon/Natural/2.jpg","https://tactileeval.s3.us-east-1.amazonaws.com/family_datasets/Tools_Instruments_and_Appliances/Spoon/Tactile/2.jpeg","","Spoon","https://tactileeval.s3.us-east-1.amazonaws.com/family_datasets/Tools_Instruments_and_Appliances/Spoon/Natural/3.jpg","https://tactileeval.s3.us-east-1.amazonaws.com/family_datasets/Tools_Instruments_and_Appliances/Spoon/Tactile/3.jpeg","","Spoon","https://tactileeval.s3.us-east-1.amazonaws.com/family_datasets/Tools_Instruments_and_Appliances/Spoon/Natural/4.jpeg","https://tactileeval.s3.us-east-1.amazonaws.com/family_datasets/Tools_Instruments_and_Appliances/Spoon/Tactile/4.jpeg","","Spoon","https://tactileeval.s3.us-east-1.amazonaws.com/family_datasets/Tools_Instruments_and_Appliances/Spoon/Natural/5.jpg","https://tactileeval.s3.us-east-1.amazonaws.com/family_datasets/Tools_Instruments_and_Appliances/Spoon/Tactile/5.jpeg","","Spoon","https://tactileeval.s3.us-east-1.amazonaws.com/family_datasets/Tools_Instruments_and_Appliances/Spoon/Natural/6_refined.png","https://tactileeval.s3.us-east-1.amazonaws.com/family_datasets/Tools_Instruments_and_Appliances/Spoon/Tactile/6_refined.png","","Spoon","https://tactileeval.s3.us-east-1.amazonaws.com/family_datasets/Tools_Instruments_and_Appliances/Spoon/Natural/7.jpg","https://tactileeval.s3.us-east-1.amazonaws.com/family_datasets/Tools_Instruments_and_Appliances/Spoon/Tactile/7.jpeg","","Spoon","https://tactileeval.s3.us-east-1.amazonaws.com/family_datasets/Tools_Instruments_and_Appliances/Spoon/Natural/8.jpg","https://tactileeval.s3.us-east-1.amazonaws.com/family_datasets/Tools_Instruments_and_Appliances/Spoon/Tactile/8.jpeg","","Spoon","https://tactileeval.s3.us-east-1.amazonaws.com/family_datasets/Tools_Instruments_and_Appliances/Spoon/Natural/9.jpg","https://tactileeval.s3.us-east-1.amazonaws.com/family_datasets/Tools_Instruments_and_Appliances/Spoon/Tactile/9.jpeg","","Spoon","https://tactileeval.s3.us-east-1.amazonaws.com/family_datasets/Tools_Instruments_and_Appliances/Spoon/Natural/10.jpg","https://tactileeval.s3.us-east-1.amazonaws.com/family_datasets/Tools_Instruments_and_Appliances/Spoon/Tactile/10.jpeg","","","","","","[{""question1"":{""background_clean"":true,""configuration_match"":true,""object_match"":false},""question10"":{""background_clean"":true,""configuration_match"":false,""object_match"":false},""question2"":{""background_clean"":true,""configuration_match"":true,""object_match"":true},""question3"":{""background_clean"":true,""configuration_match"":true,""object_match"":false},""question4"":{""background_clean"":true,""configuration_match"":true,""object_match"":false},""question5"":{""background_clean"":true,""configuration_match"":true,""object_match"":false},""question6"":{""background_clean"":true,""configuration_match"":true,""object_match"":false},""question7"":{""background_clean"":true,""configuration_match"":true,""object_match"":false},""question8"":{""background_clean"":true,""configuration_match"":true,""object_match"":false},""question9"":{""background_clean"":true,""configuration_match"":true,""object_match"":false}}]"
"30IRMPJWERXSBY2WR6D4WWPVD2YKRQ","399RPY0FFT5L4AXNGQM3UDNAXJBMKC","Categorize images based on background and posture.","Review 10 line-arts and judge if it has adequate background and configuration. (10 pairs)","tactile, image review, accessibility, tools and appliances","$0.08","Sat Apr 18 05:57:39 PDT 2026","7","BatchId:5385897;OriginalHitTemplateId:928390873;","1200","1296000","Sat Apr 25 05:57:39 PDT 2026","","","3QHK8ZVMJFWI1H1I6B8GZ1TZOIDBLF","A1CMJNN1QQKLU8","Submitted","Sat Apr 18 08:14:41 PDT 2026","Sat Apr 18 08:15:47 PDT 2026","Sun May 03 08:15:47 PDT 2026","","","","66","0% (0/0)","0% (0/0)","0% (0/0)","Spoon","https://tactileeval.s3.us-east-1.amazonaws.com/family_datasets/Tools_Instruments_and_Appliances/Spoon/Natural/2.jpg","https://tactileeval.s3.us-east-1.amazonaws.com/family_datasets/Tools_Instruments_and_Appliances/Spoon/Tactile/2.jpeg","","Spoon","https://tactileeval.s3.us-east-1.amazonaws.com/family_datasets/Tools_Instruments_and_Appliances/Spoon/Natural/3.jpg","https://tactileeval.s3.us-east-1.amazonaws.com/family_datasets/Tools_Instruments_and_Appliances/Spoon/Tactile/3.jpeg","","Spoon","https://tactileeval.s3.us-east-1.amazonaws.com/family_datasets/Tools_Instruments_and_Appliances/Spoon/Natural/4.jpeg","https://tactileeval.s3.us-east-1.amazonaws.com/family_datasets/Tools_Instruments_and_Appliances/Spoon/Tactile/4.jpeg","","Spoon","https://tactileeval.s3.us-east-1.amazonaws.com/family_datasets/Tools_Instruments_and_Appliances/Spoon/Natural/5.jpg","https://tactileeval.s3.us-east-1.amazonaws.com/family_datasets/Tools_Instruments_and_Appliances/Spoon/Tactile/5.jpeg","","Spoon","https://tactileeval.s3.us-east-1.amazonaws.com/family_datasets/Tools_Instruments_and_Appliances/Spoon/Natural/6_refined.png","https://tactileeval.s3.us-east-1.amazonaws.com/family_datasets/Tools_Instruments_and_Appliances/Spoon/Tactile/6_refined.png","","Spoon","https://tactileeval.s3.us-east-1.amazonaws.com/family_datasets/Tools_Instruments_and_Appliances/Spoon/Natural/7.jpg","https://tactileeval.s3.us-east-1.amazonaws.com/family_datasets/Tools_Instruments_and_Appliances/Spoon/Tactile/7.jpeg","","Spoon","https://tactileeval.s3.us-east-1.amazonaws.com/family_datasets/Tools_Instruments_and_Appliances/Spoon/Natural/8.jpg","https://tactileeval.s3.us-east-1.amazonaws.com/family_datasets/Tools_Instruments_and_Appliances/Spoon/Tactile/8.jpeg","","Spoon","https://tactileeval.s3.us-east-1.amazonaws.com/family_datasets/Tools_Instruments_and_Appliances/Spoon/Natural/9.jpg","https://tactileeval.s3.us-east-1.amazonaws.com/family_datasets/Tools_Instruments_and_Appliances/Spoon/Tactile/9.jpeg","","Spoon","https://tactileeval.s3.us-east-1.amazonaws.com/family_datasets/Tools_Instruments_and_Appliances/Spoon/Natural/10.jpg","https://tactileeval.s3.us-east-1.amazonaws.com/family_datasets/Tools_Instruments_and_Appliances/Spoon/Tactile/10.jpeg","","","","","","[{""question1"":{""background_clean"":true,""configuration_match"":true,""object_match"":false},""question10"":{""background_clean"":true,""configuration_match"":false,""object_match"":false},""question2"":{""background_clean"":true,""configuration_match"":true,""object_match"":false},""question3"":{""background_clean"":true,""configuration_match"":false,""object_match"":false},""question4"":{""background_clean"":true,""configuration_match"":true,""object_match"":false},""question5"":{""background_clean"":true,""configuration_match"":false,""object_match"":false},""question6"":{""background_clean"":true,""configuration_match"":false,""object_match"":false},""question7"":{""background_clean"":true,""configuration_match"":true,""object_match"":false},""question8"":{""background_clean"":true,""configuration_match"":false,""object_match"":false},""question9"":{""background_clean"":true,""configuration_match"":false,""object_match"":false}}]"
"30IRMPJWERXSBY2WR6D4WWPVD2YKRQ","399RPY0FFT5L4AXNGQM3UDNAXJBMKC","Categorize images based on background and posture.","Review 10 line-arts and judge if it has adequate background and configuration. (10 pairs)","tactile, image review, accessibility, tools and appliances","$0.08","Sat Apr 18 05:57:39 PDT 2026","7","BatchId:5385897;OriginalHitTemplateId:928390873;","1200","1296000","Sat Apr 25 05:57:39 PDT 2026","","","3N2BF7Y2WJ8CYCMP6FJRLPBMJ1DMHF","A2FK6782M09EBO","Submitted","Sat Apr 18 09:01:39 PDT 2026","Sat Apr 18 09:13:49 PDT 2026","Sun May 03 09:13:49 PDT 2026","","","","730","93% (65/70)","93% (65/70)","93% (65/70)","Spoon","https://tactileeval.s3.us-east-1.amazonaws.com/family_datasets/Tools_Instruments_and_Appliances/Spoon/Natural/2.jpg","https://tactileeval.s3.us-east-1.amazonaws.com/family_datasets/Tools_Instruments_and_Appliances/Spoon/Tactile/2.jpeg","","Spoon","https://tactileeval.s3.us-east-1.amazonaws.com/family_datasets/Tools_Instruments_and_Appliances/Spoon/Natural/3.jpg","https://tactileeval.s3.us-east-1.amazonaws.com/family_datasets/Tools_Instruments_and_Appliances/Spoon/Tactile/3.jpeg","","Spoon","https://tactileeval.s3.us-east-1.amazonaws.com/family_datasets/Tools_Instruments_and_Appliances/Spoon/Natural/4.jpeg","https://tactileeval.s3.us-east-1.amazonaws.com/family_datasets/Tools_Instruments_and_Appliances/Spoon/Tactile/4.jpeg","","Spoon","https://tactileeval.s3.us-east-1.amazonaws.com/family_datasets/Tools_Instruments_and_Appliances/Spoon/Natural/5.jpg","https://tactileeval.s3.us-east-1.amazonaws.com/family_datasets/Tools_Instruments_and_Appliances/Spoon/Tactile/5.jpeg","","Spoon","https://tactileeval.s3.us-east-1.amazonaws.com/family_datasets/Tools_Instruments_and_Appliances/Spoon/Natural/6_refined.png","https://tactileeval.s3.us-east-1.amazonaws.com/family_datasets/Tools_Instruments_and_Appliances/Spoon/Tactile/6_refined.png","","Spoon","https://tactileeval.s3.us-east-1.amazonaws.com/family_datasets/Tools_Instruments_and_Appliances/Spoon/Natural/7.jpg","https://tactileeval.s3.us-east-1.amazonaws.com/family_datasets/Tools_Instruments_and_Appliances/Spoon/Tactile/7.jpeg","","Spoon","https://tactileeval.s3.us-east-1.amazonaws.com/family_datasets/Tools_Instruments_and_Appliances/Spoon/Natural/8.jpg","https://tactileeval.s3.us-east-1.amazonaws.com/family_datasets/Tools_Instruments_and_Appliances/Spoon/Tactile/8.jpeg","","Spoon","https://tactileeval.s3.us-east-1.amazonaws.com/family_datasets/Tools_Instruments_and_Appliances/Spoon/Natural/9.jpg","https://tactileeval.s3.us-east-1.amazonaws.com/family_datasets/Tools_Instruments_and_Appliances/Spoon/Tactile/9.jpeg","","Spoon","https://tactileeval.s3.us-east-1.amazonaws.com/family_datasets/Tools_Instruments_and_Appliances/Spoon/Natural/10.jpg","https://tactileeval.s3.us-east-1.amazonaws.com/family_datasets/Tools_Instruments_and_Appliances/Spoon/Tactile/10.jpeg","","","","","","[{""question1"":{""background_clean"":true,""configuration_match"":true,""object_match"":true},""question10"":{""background_clean"":false,""configuration_match"":true,""object_match"":false},""question2"":{""background_clean"":true,""configuration_match"":true,""object_match"":true},""question3"":{""background_clean"":true,""configuration_match"":true,""object_match"":false},""question4"":{""background_clean"":true,""configuration_match"":true,""object_match"":false},""question5"":{""background_clean"":true,""configuration_match"":true,""object_match"":false},""question6"":{""background_clean"":true,""configuration_match"":true,""object_match"":false},""question7"":{""background_clean"":false,""configuration_match"":true,""object_match"":true},""question8"":{""background_clean"":false,""configuration_match"":true,""object_match"":false},""question9"":{""background_clean"":false,""configuration_match"":true,""object_match"":true}}]"
"30IRMPJWERXSBY2WR6D4WWPVD2YKRQ","399RPY0FFT5L4AXNGQM3UDNAXJBMKC","Categorize images based on background and posture.","Review 10 line-arts and judge if it has adequate background and configuration. (10 pairs)","tactile, image review, accessibility, tools and appliances","$0.08","Sat Apr 18 05:57:39 PDT 2026","7","BatchId:5385897;OriginalHitTemplateId:928390873;","1200","1296000","Sat Apr 25 05:57:39 PDT 2026","","","3JV9LGBJXMSMYJCQZPGMSTOQZ27GOJ","A205WBOO6VB6WP","Submitted","Sat Apr 18 23:31:05 PDT 2026","Sat Apr 18 23:49:03 PDT 2026","Sun May 03 23:49:03 PDT 2026","","","","1078","0% (0/0)","0% (0/0)","0% (0/0)","Spoon","https://tactileeval.s3.us-east-1.amazonaws.com/family_datasets/Tools_Instruments_and_Appliances/Spoon/Natural/2.jpg","https://tactileeval.s3.us-east-1.amazonaws.com/family_datasets/Tools_Instruments_and_Appliances/Spoon/Tactile/2.jpeg","","Spoon","https://tactileeval.s3.us-east-1.amazonaws.com/family_datasets/Tools_Instruments_and_Appliances/Spoon/Natural/3.jpg","https://tactileeval.s3.us-east-1.amazonaws.com/family_datasets/Tools_Instruments_and_Appliances/Spoon/Tactile/3.jpeg","","Spoon","https://tactileeval.s3.us-east-1.amazonaws.com/family_datasets/Tools_Instruments_and_Appliances/Spoon/Natural/4.jpeg","https://tactileeval.s3.us-east-1.amazonaws.com/family_datasets/Tools_Instruments_and_Appliances/Spoon/Tactile/4.jpeg","","Spoon","https://tactileeval.s3.us-east-1.amazonaws.com/family_datasets/Tools_Instruments_and_Appliances/Spoon/Natural/5.jpg","https://tactileeval.s3.us-east-1.amazonaws.com/family_datasets/Tools_Instruments_and_Appliances/Spoon/Tactile/5.jpeg","","Spoon","https://tactileeval.s3.us-east-1.amazonaws.com/family_datasets/Tools_Instruments_and_Appliances/Spoon/Natural/6_refined.png","https://tactileeval.s3.us-east-1.amazonaws.com/family_datasets/Tools_Instruments_and_Appliances/Spoon/Tactile/6_refined.png","","Spoon","https://tactileeval.s3.us-east-1.amazonaws.com/family_datasets/Tools_Instruments_and_Appliances/Spoon/Natural/7.jpg","https://tactileeval.s3.us-east-1.amazonaws.com/family_datasets/Tools_Instruments_and_Appliances/Spoon/Tactile/7.jpeg","","Spoon","https://tactileeval.s3.us-east-1.amazonaws.com/family_datasets/Tools_Instruments_and_Appliances/Spoon/Natural/8.jpg","https://tactileeval.s3.us-east-1.amazonaws.com/family_datasets/Tools_Instruments_and_Appliances/Spoon/Tactile/8.jpeg","","Spoon","https://tactileeval.s3.us-east-1.amazonaws.com/family_datasets/Tools_Instruments_and_Appliances/Spoon/Natural/9.jpg","https://tactileeval.s3.us-east-1.amazonaws.com/family_datasets/Tools_Instruments_and_Appliances/Spoon/Tactile/9.jpeg","","Spoon","https://tactileeval.s3.us-east-1.amazonaws.com/family_datasets/Tools_Instruments_and_Appliances/Spoon/Natural/10.jpg","https://tactileeval.s3.us-east-1.amazonaws.com/family_datasets/Tools_Instruments_and_Appliances/Spoon/Tactile/10.jpeg","","","","","","[{""question1"":{""background_clean"":false,""configuration_match"":true,""object_match"":false},""question10"":{""background_clean"":false,""configuration_match"":true,""object_match"":false},""question2"":{""background_clean"":false,""configuration_match"":false,""object_match"":true},""question3"":{""background_clean"":true,""configuration_match"":false,""object_match"":false},""question4"":{""background_clean"":false,""configuration_match"":false,""object_match"":true},""question5"":{""background_clean"":false,""configuration_match"":true,""object_match"":false},""question6"":{""background_clean"":true,""configuration_match"":false,""object_match"":false},""question7"":{""background_clean"":true,""configuration_match"":false,""object_match"":false},""question8"":{""background_clean"":true,""configuration_match"":false,""object_match"":false},""question9"":{""background_clean"":false,""configuration_match"":false,""object_match"":true}}]"
"30IRMPJWERXSBY2WR6D4WWPVD2YKRQ","399RPY0FFT5L4AXNGQM3UDNAXJBMKC","Categorize images based on background and posture.","Review 10 line-arts and judge if it has adequate background and configuration. (10 pairs)","tactile, image review, accessibility, tools and appliances","$0.08","Sat Apr 18 05:57:39 PDT 2026","7","BatchId:5385897;OriginalHitTemplateId:928390873;","1200","1296000","Sat Apr 25 05:57:39 PDT 2026","","","3Q5ZZ9ZEWHTLXU0QBC8ZRA71UOQ85R","A27CVQSDPESFN6","Submitted","Sat Apr 18 23:50:35 PDT 2026","Sun Apr 19 00:00:06 PDT 2026","Mon May 04 00:00:06 PDT 2026","","","","571","100% (1/1)","0% (0/0)","0% (0/0)","Spoon","https://tactileeval.s3.us-east-1.amazonaws.com/family_datasets/Tools_Instruments_and_Appliances/Spoon/Natural/2.jpg","https://tactileeval.s3.us-east-1.amazonaws.com/family_datasets/Tools_Instruments_and_Appliances/Spoon/Tactile/2.jpeg","","Spoon","https://tactileeval.s3.us-east-1.amazonaws.com/family_datasets/Tools_Instruments_and_Appliances/Spoon/Natural/3.jpg","https://tactileeval.s3.us-east-1.amazonaws.com/family_datasets/Tools_Instruments_and_Appliances/Spoon/Tactile/3.jpeg","","Spoon","https://tactileeval.s3.us-east-1.amazonaws.com/family_datasets/Tools_Instruments_and_Appliances/Spoon/Natural/4.jpeg","https://tactileeval.s3.us-east-1.amazonaws.com/family_datasets/Tools_Instruments_and_Appliances/Spoon/Tactile/4.jpeg","","Spoon","https://tactileeval.s3.us-east-1.amazonaws.com/family_datasets/Tools_Instruments_and_Appliances/Spoon/Natural/5.jpg","https://tactileeval.s3.us-east-1.amazonaws.com/family_datasets/Tools_Instruments_and_Appliances/Spoon/Tactile/5.jpeg","","Spoon","https://tactileeval.s3.us-east-1.amazonaws.com/family_datasets/Tools_Instruments_and_Appliances/Spoon/Natural/6_refined.png","https://tactileeval.s3.us-east-1.amazonaws.com/family_datasets/Tools_Instruments_and_Appliances/Spoon/Tactile/6_refined.png","","Spoon","https://tactileeval.s3.us-east-1.amazonaws.com/family_datasets/Tools_Instruments_and_Appliances/Spoon/Natural/7.jpg","https://tactileeval.s3.us-east-1.amazonaws.com/family_datasets/Tools_Instruments_and_Appliances/Spoon/Tactile/7.jpeg","","Spoon","https://tactileeval.s3.us-east-1.amazonaws.com/family_datasets/Tools_Instruments_and_Appliances/Spoon/Natural/8.jpg","https://tactileeval.s3.us-east-1.amazonaws.com/family_datasets/Tools_Instruments_and_Appliances/Spoon/Tactile/8.jpeg","","Spoon","https://tactileeval.s3.us-east-1.amazonaws.com/family_datasets/Tools_Instruments_and_Appliances/Spoon/Natural/9.jpg","https://tactileeval.s3.us-east-1.amazonaws.com/family_datasets/Tools_Instruments_and_Appliances/Spoon/Tactile/9.jpeg","","Spoon","https://tactileeval.s3.us-east-1.amazonaws.com/family_datasets/Tools_Instruments_and_Appliances/Spoon/Natural/10.jpg","https://tactileeval.s3.us-east-1.amazonaws.com/family_datasets/Tools_Instruments_and_Appliances/Spoon/Tactile/10.jpeg","","","","","","[{""question1"":{""background_clean"":true,""configuration_match"":false,""object_match"":false},""question10"":{""background_clean"":true,""configuration_match"":false,""object_match"":false},""question2"":{""background_clean"":false,""configuration_match"":true,""object_match"":false},""question3"":{""background_clean"":true,""configuration_match"":false,""object_match"":false},""question4"":{""background_clean"":true,""configuration_match"":false,""object_match"":false},""question5"":{""background_clean"":true,""configuration_match"":false,""object_match"":false},""question6"":{""background_clean"":false,""configuration_match"":true,""object_match"":true},""question7"":{""background_clean"":true,""configuration_match"":false,""object_match"":false},""question8"":{""background_clean"":false,""configuration_match"":true,""object_match"":false},""question9"":{""background_clean"":true,""configuration_match"":false,""object_match"":true}}]"