"HITId","HITTypeId","Title","Description","Keywords","Reward","CreationTime","MaxAssignments","RequesterAnnotation","AssignmentDurationInSeconds","AutoApprovalDelayInSeconds","Expiration","NumberOfSimilarHITs","LifetimeInSeconds","AssignmentId","WorkerId","AssignmentStatus","AcceptTime","SubmitTime","AutoApprovalTime","ApprovalTime","RejectionTime","RequesterFeedback","WorkTimeInSeconds","LifetimeApprovalRate","Last30DaysApprovalRate","Last7DaysApprovalRate","Input.q1_name","Input.q1_natural_url","Input.q1_tactile_url","Input.q1_answer","Input.q2_name","Input.q2_natural_url","Input.q2_tactile_url","Input.q2_answer","Input.q3_name","Input.q3_natural_url","Input.q3_tactile_url","Input.q3_answer","Input.q4_name","Input.q4_natural_url","Input.q4_tactile_url","Input.q4_answer","Input.q5_name","Input.q5_natural_url","Input.q5_tactile_url","Input.q5_answer","Input.q6_name","Input.q6_natural_url","Input.q6_tactile_url","Input.q6_answer","Input.q7_name","Input.q7_natural_url","Input.q7_tactile_url","Input.q7_answer","Input.q8_name","Input.q8_natural_url","Input.q8_tactile_url","Input.q8_answer","Input.q9_name","Input.q9_natural_url","Input.q9_tactile_url","Input.q9_answer","Input.q10_name","Input.q10_natural_url","Input.q10_tactile_url","Input.q10_answer","Answer.taskAnswers","Approve","Reject"
"382GHPVPIK5FEUSRVOPS7HXJA2T34G","3PMOF0KIQ9OPLJTQP1WUGXCGLK7KBL","Categorize images based on background and posture.","Review 10 line-arts and judge if it has adequate background and configuration. (10 pairs)","tactile, image review, accessibility, vehicles","$0.08","Sat Apr 18 07:32:17 PDT 2026","7","BatchId:5385911;OriginalHitTemplateId:928390873;","1200","1296000","Sat Apr 25 07:32:17 PDT 2026","","","3JJVG1YBF4B4ZSYXEOS9ICX22TEB5U","A1KXF2L2ZGQXJK","Submitted","Sat Apr 18 08:20:53 PDT 2026","Sat Apr 18 08:21:45 PDT 2026","Sun May 03 08:21:45 PDT 2026","","","","52","0% (0/0)","0% (0/0)","0% (0/0)","Airplane","https://tactileeval.s3.us-east-1.amazonaws.com/family_datasets/Vehicles_and_Flight_Systems/Airplane/Natural/1.png","https://tactileeval.s3.us-east-1.amazonaws.com/family_datasets/Vehicles_and_Flight_Systems/Airplane/Tactile/1.jpg","","Airplane","https://tactileeval.s3.us-east-1.amazonaws.com/family_datasets/Vehicles_and_Flight_Systems/Airplane/Natural/2.png","https://tactileeval.s3.us-east-1.amazonaws.com/family_datasets/Vehicles_and_Flight_Systems/Airplane/Tactile/2.jpg","","Airplane","https://tactileeval.s3.us-east-1.amazonaws.com/family_datasets/Vehicles_and_Flight_Systems/Airplane/Natural/3.png","https://tactileeval.s3.us-east-1.amazonaws.com/family_datasets/Vehicles_and_Flight_Systems/Airplane/Tactile/3.jpg","","Airplane","https://tactileeval.s3.us-east-1.amazonaws.com/family_datasets/Vehicles_and_Flight_Systems/Airplane/Natural/4.png","https://tactileeval.s3.us-east-1.amazonaws.com/family_datasets/Vehicles_and_Flight_Systems/Airplane/Tactile/4.png","","Airplane","https://tactileeval.s3.us-east-1.amazonaws.com/family_datasets/Vehicles_and_Flight_Systems/Airplane/Natural/5.png","https://tactileeval.s3.us-east-1.amazonaws.com/family_datasets/Vehicles_and_Flight_Systems/Airplane/Tactile/5.jpg","","Airplane","https://tactileeval.s3.us-east-1.amazonaws.com/family_datasets/Vehicles_and_Flight_Systems/Airplane/Natural/6.png","https://tactileeval.s3.us-east-1.amazonaws.com/family_datasets/Vehicles_and_Flight_Systems/Airplane/Tactile/6.jpg","","Airplane","https://tactileeval.s3.us-east-1.amazonaws.com/family_datasets/Vehicles_and_Flight_Systems/Airplane/Natural/7.png","https://tactileeval.s3.us-east-1.amazonaws.com/family_datasets/Vehicles_and_Flight_Systems/Airplane/Tactile/7.jpg","","Airplane","https://tactileeval.s3.us-east-1.amazonaws.com/family_datasets/Vehicles_and_Flight_Systems/Airplane/Natural/8.png","https://tactileeval.s3.us-east-1.amazonaws.com/family_datasets/Vehicles_and_Flight_Systems/Airplane/Tactile/8.jpg","","Airplane","https://tactileeval.s3.us-east-1.amazonaws.com/family_datasets/Vehicles_and_Flight_Systems/Airplane/Natural/9.jpeg","https://tactileeval.s3.us-east-1.amazonaws.com/family_datasets/Vehicles_and_Flight_Systems/Airplane/Tactile/9.jpg","","Airplane","https://tactileeval.s3.us-east-1.amazonaws.com/family_datasets/Vehicles_and_Flight_Systems/Airplane/Natural/10.png","https://tactileeval.s3.us-east-1.amazonaws.com/family_datasets/Vehicles_and_Flight_Systems/Airplane/Tactile/10.jpg","","[{""question1"":{""background_clean"":true,""configuration_match"":true,""object_match"":false},""question10"":{""background_clean"":true,""configuration_match"":true,""object_match"":false},""question2"":{""background_clean"":true,""configuration_match"":true,""object_match"":false},""question3"":{""background_clean"":true,""configuration_match"":true,""object_match"":false},""question4"":{""background_clean"":true,""configuration_match"":true,""object_match"":true},""question5"":{""background_clean"":true,""configuration_match"":true,""object_match"":true},""question6"":{""background_clean"":true,""configuration_match"":true,""object_match"":false},""question7"":{""background_clean"":true,""configuration_match"":true,""object_match"":true},""question8"":{""background_clean"":true,""configuration_match"":false,""object_match"":false},""question9"":{""background_clean"":true,""configuration_match"":true,""object_match"":false}}]"
"382GHPVPIK5FEUSRVOPS7HXJA2T34G","3PMOF0KIQ9OPLJTQP1WUGXCGLK7KBL","Categorize images based on background and posture.","Review 10 line-arts and judge if it has adequate background and configuration. (10 pairs)","tactile, image review, accessibility, vehicles","$0.08","Sat Apr 18 07:32:17 PDT 2026","7","BatchId:5385911;OriginalHitTemplateId:928390873;","1200","1296000","Sat Apr 25 07:32:17 PDT 2026","","","37M28K1J1JR7NH8QXCW7OBW12C1AJX","A2FK6782M09EBO","Submitted","Sat Apr 18 09:43:37 PDT 2026","Sat Apr 18 09:50:07 PDT 2026","Sun May 03 09:50:07 PDT 2026","","","","390","93% (65/70)","93% (65/70)","93% (65/70)","Airplane","https://tactileeval.s3.us-east-1.amazonaws.com/family_datasets/Vehicles_and_Flight_Systems/Airplane/Natural/1.png","https://tactileeval.s3.us-east-1.amazonaws.com/family_datasets/Vehicles_and_Flight_Systems/Airplane/Tactile/1.jpg","","Airplane","https://tactileeval.s3.us-east-1.amazonaws.com/family_datasets/Vehicles_and_Flight_Systems/Airplane/Natural/2.png","https://tactileeval.s3.us-east-1.amazonaws.com/family_datasets/Vehicles_and_Flight_Systems/Airplane/Tactile/2.jpg","","Airplane","https://tactileeval.s3.us-east-1.amazonaws.com/family_datasets/Vehicles_and_Flight_Systems/Airplane/Natural/3.png","https://tactileeval.s3.us-east-1.amazonaws.com/family_datasets/Vehicles_and_Flight_Systems/Airplane/Tactile/3.jpg","","Airplane","https://tactileeval.s3.us-east-1.amazonaws.com/family_datasets/Vehicles_and_Flight_Systems/Airplane/Natural/4.png","https://tactileeval.s3.us-east-1.amazonaws.com/family_datasets/Vehicles_and_Flight_Systems/Airplane/Tactile/4.png","","Airplane","https://tactileeval.s3.us-east-1.amazonaws.com/family_datasets/Vehicles_and_Flight_Systems/Airplane/Natural/5.png","https://tactileeval.s3.us-east-1.amazonaws.com/family_datasets/Vehicles_and_Flight_Systems/Airplane/Tactile/5.jpg","","Airplane","https://tactileeval.s3.us-east-1.amazonaws.com/family_datasets/Vehicles_and_Flight_Systems/Airplane/Natural/6.png","https://tactileeval.s3.us-east-1.amazonaws.com/family_datasets/Vehicles_and_Flight_Systems/Airplane/Tactile/6.jpg","","Airplane","https://tactileeval.s3.us-east-1.amazonaws.com/family_datasets/Vehicles_and_Flight_Systems/Airplane/Natural/7.png","https://tactileeval.s3.us-east-1.amazonaws.com/family_datasets/Vehicles_and_Flight_Systems/Airplane/Tactile/7.jpg","","Airplane","https://tactileeval.s3.us-east-1.amazonaws.com/family_datasets/Vehicles_and_Flight_Systems/Airplane/Natural/8.png","https://tactileeval.s3.us-east-1.amazonaws.com/family_datasets/Vehicles_and_Flight_Systems/Airplane/Tactile/8.jpg","","Airplane","https://tactileeval.s3.us-east-1.amazonaws.com/family_datasets/Vehicles_and_Flight_Systems/Airplane/Natural/9.jpeg","https://tactileeval.s3.us-east-1.amazonaws.com/family_datasets/Vehicles_and_Flight_Systems/Airplane/Tactile/9.jpg","","Airplane","https://tactileeval.s3.us-east-1.amazonaws.com/family_datasets/Vehicles_and_Flight_Systems/Airplane/Natural/10.png","https://tactileeval.s3.us-east-1.amazonaws.com/family_datasets/Vehicles_and_Flight_Systems/Airplane/Tactile/10.jpg","","[{""question1"":{""background_clean"":true,""configuration_match"":true,""object_match"":true},""question10"":{""background_clean"":true,""configuration_match"":true,""object_match"":true},""question2"":{""background_clean"":true,""configuration_match"":true,""object_match"":true},""question3"":{""background_clean"":true,""configuration_match"":true,""object_match"":false},""question4"":{""background_clean"":true,""configuration_match"":true,""object_match"":true},""question5"":{""background_clean"":true,""configuration_match"":true,""object_match"":true},""question6"":{""background_clean"":true,""configuration_match"":true,""object_match"":false},""question7"":{""background_clean"":true,""configuration_match"":true,""object_match"":true},""question8"":{""background_clean"":true,""configuration_match"":false,""object_match"":true},""question9"":{""background_clean"":true,""configuration_match"":true,""object_match"":true}}]"
"382GHPVPIK5FEUSRVOPS7HXJA2T34G","3PMOF0KIQ9OPLJTQP1WUGXCGLK7KBL","Categorize images based on background and posture.","Review 10 line-arts and judge if it has adequate background and configuration. (10 pairs)","tactile, image review, accessibility, vehicles","$0.08","Sat Apr 18 07:32:17 PDT 2026","7","BatchId:5385911;OriginalHitTemplateId:928390873;","1200","1296000","Sat Apr 25 07:32:17 PDT 2026","","","34S9DKFK8W342PXESG2FK4VPEN8NYN","A1LN8392JHDGL5","Submitted","Sat Apr 18 09:38:56 PDT 2026","Sat Apr 18 09:52:32 PDT 2026","Sun May 03 09:52:32 PDT 2026","","","","816","0% (0/0)","0% (0/0)","0% (0/0)","Airplane","https://tactileeval.s3.us-east-1.amazonaws.com/family_datasets/Vehicles_and_Flight_Systems/Airplane/Natural/1.png","https://tactileeval.s3.us-east-1.amazonaws.com/family_datasets/Vehicles_and_Flight_Systems/Airplane/Tactile/1.jpg","","Airplane","https://tactileeval.s3.us-east-1.amazonaws.com/family_datasets/Vehicles_and_Flight_Systems/Airplane/Natural/2.png","https://tactileeval.s3.us-east-1.amazonaws.com/family_datasets/Vehicles_and_Flight_Systems/Airplane/Tactile/2.jpg","","Airplane","https://tactileeval.s3.us-east-1.amazonaws.com/family_datasets/Vehicles_and_Flight_Systems/Airplane/Natural/3.png","https://tactileeval.s3.us-east-1.amazonaws.com/family_datasets/Vehicles_and_Flight_Systems/Airplane/Tactile/3.jpg","","Airplane","https://tactileeval.s3.us-east-1.amazonaws.com/family_datasets/Vehicles_and_Flight_Systems/Airplane/Natural/4.png","https://tactileeval.s3.us-east-1.amazonaws.com/family_datasets/Vehicles_and_Flight_Systems/Airplane/Tactile/4.png","","Airplane","https://tactileeval.s3.us-east-1.amazonaws.com/family_datasets/Vehicles_and_Flight_Systems/Airplane/Natural/5.png","https://tactileeval.s3.us-east-1.amazonaws.com/family_datasets/Vehicles_and_Flight_Systems/Airplane/Tactile/5.jpg","","Airplane","https://tactileeval.s3.us-east-1.amazonaws.com/family_datasets/Vehicles_and_Flight_Systems/Airplane/Natural/6.png","https://tactileeval.s3.us-east-1.amazonaws.com/family_datasets/Vehicles_and_Flight_Systems/Airplane/Tactile/6.jpg","","Airplane","https://tactileeval.s3.us-east-1.amazonaws.com/family_datasets/Vehicles_and_Flight_Systems/Airplane/Natural/7.png","https://tactileeval.s3.us-east-1.amazonaws.com/family_datasets/Vehicles_and_Flight_Systems/Airplane/Tactile/7.jpg","","Airplane","https://tactileeval.s3.us-east-1.amazonaws.com/family_datasets/Vehicles_and_Flight_Systems/Airplane/Natural/8.png","https://tactileeval.s3.us-east-1.amazonaws.com/family_datasets/Vehicles_and_Flight_Systems/Airplane/Tactile/8.jpg","","Airplane","https://tactileeval.s3.us-east-1.amazonaws.com/family_datasets/Vehicles_and_Flight_Systems/Airplane/Natural/9.jpeg","https://tactileeval.s3.us-east-1.amazonaws.com/family_datasets/Vehicles_and_Flight_Systems/Airplane/Tactile/9.jpg","","Airplane","https://tactileeval.s3.us-east-1.amazonaws.com/family_datasets/Vehicles_and_Flight_Systems/Airplane/Natural/10.png","https://tactileeval.s3.us-east-1.amazonaws.com/family_datasets/Vehicles_and_Flight_Systems/Airplane/Tactile/10.jpg","","[{""question1"":{""background_clean"":true,""configuration_match"":false,""object_match"":true},""question10"":{""background_clean"":true,""configuration_match"":true,""object_match"":true},""question2"":{""background_clean"":true,""configuration_match"":true,""object_match"":true},""question3"":{""background_clean"":true,""configuration_match"":true,""object_match"":true},""question4"":{""background_clean"":true,""configuration_match"":true,""object_match"":true},""question5"":{""background_clean"":true,""configuration_match"":true,""object_match"":true},""question6"":{""background_clean"":true,""configuration_match"":true,""object_match"":true},""question7"":{""background_clean"":true,""configuration_match"":true,""object_match"":true},""question8"":{""background_clean"":true,""configuration_match"":false,""object_match"":true},""question9"":{""background_clean"":true,""configuration_match"":true,""object_match"":true}}]"
"382GHPVPIK5FEUSRVOPS7HXJA2T34G","3PMOF0KIQ9OPLJTQP1WUGXCGLK7KBL","Categorize images based on background and posture.","Review 10 line-arts and judge if it has adequate background and configuration. (10 pairs)","tactile, image review, accessibility, vehicles","$0.08","Sat Apr 18 07:32:17 PDT 2026","7","BatchId:5385911;OriginalHitTemplateId:928390873;","1200","1296000","Sat Apr 25 07:32:17 PDT 2026","","","3F6HPJW4K6E4OYDLRWM77J7BSKN2WI","A9380GKZM50GU","Submitted","Sat Apr 18 10:12:15 PDT 2026","Sat Apr 18 10:16:50 PDT 2026","Sun May 03 10:16:50 PDT 2026","","","","275","0% (0/0)","0% (0/0)","0% (0/0)","Airplane","https://tactileeval.s3.us-east-1.amazonaws.com/family_datasets/Vehicles_and_Flight_Systems/Airplane/Natural/1.png","https://tactileeval.s3.us-east-1.amazonaws.com/family_datasets/Vehicles_and_Flight_Systems/Airplane/Tactile/1.jpg","","Airplane","https://tactileeval.s3.us-east-1.amazonaws.com/family_datasets/Vehicles_and_Flight_Systems/Airplane/Natural/2.png","https://tactileeval.s3.us-east-1.amazonaws.com/family_datasets/Vehicles_and_Flight_Systems/Airplane/Tactile/2.jpg","","Airplane","https://tactileeval.s3.us-east-1.amazonaws.com/family_datasets/Vehicles_and_Flight_Systems/Airplane/Natural/3.png","https://tactileeval.s3.us-east-1.amazonaws.com/family_datasets/Vehicles_and_Flight_Systems/Airplane/Tactile/3.jpg","","Airplane","https://tactileeval.s3.us-east-1.amazonaws.com/family_datasets/Vehicles_and_Flight_Systems/Airplane/Natural/4.png","https://tactileeval.s3.us-east-1.amazonaws.com/family_datasets/Vehicles_and_Flight_Systems/Airplane/Tactile/4.png","","Airplane","https://tactileeval.s3.us-east-1.amazonaws.com/family_datasets/Vehicles_and_Flight_Systems/Airplane/Natural/5.png","https://tactileeval.s3.us-east-1.amazonaws.com/family_datasets/Vehicles_and_Flight_Systems/Airplane/Tactile/5.jpg","","Airplane","https://tactileeval.s3.us-east-1.amazonaws.com/family_datasets/Vehicles_and_Flight_Systems/Airplane/Natural/6.png","https://tactileeval.s3.us-east-1.amazonaws.com/family_datasets/Vehicles_and_Flight_Systems/Airplane/Tactile/6.jpg","","Airplane","https://tactileeval.s3.us-east-1.amazonaws.com/family_datasets/Vehicles_and_Flight_Systems/Airplane/Natural/7.png","https://tactileeval.s3.us-east-1.amazonaws.com/family_datasets/Vehicles_and_Flight_Systems/Airplane/Tactile/7.jpg","","Airplane","https://tactileeval.s3.us-east-1.amazonaws.com/family_datasets/Vehicles_and_Flight_Systems/Airplane/Natural/8.png","https://tactileeval.s3.us-east-1.amazonaws.com/family_datasets/Vehicles_and_Flight_Systems/Airplane/Tactile/8.jpg","","Airplane","https://tactileeval.s3.us-east-1.amazonaws.com/family_datasets/Vehicles_and_Flight_Systems/Airplane/Natural/9.jpeg","https://tactileeval.s3.us-east-1.amazonaws.com/family_datasets/Vehicles_and_Flight_Systems/Airplane/Tactile/9.jpg","","Airplane","https://tactileeval.s3.us-east-1.amazonaws.com/family_datasets/Vehicles_and_Flight_Systems/Airplane/Natural/10.png","https://tactileeval.s3.us-east-1.amazonaws.com/family_datasets/Vehicles_and_Flight_Systems/Airplane/Tactile/10.jpg","","[{""question1"":{""background_clean"":true,""configuration_match"":true,""object_match"":true},""question10"":{""background_clean"":true,""configuration_match"":true,""object_match"":true},""question2"":{""background_clean"":true,""configuration_match"":true,""object_match"":true},""question3"":{""background_clean"":true,""configuration_match"":false,""object_match"":true},""question4"":{""background_clean"":true,""configuration_match"":true,""object_match"":true},""question5"":{""background_clean"":true,""configuration_match"":true,""object_match"":true},""question6"":{""background_clean"":true,""configuration_match"":true,""object_match"":true},""question7"":{""background_clean"":true,""configuration_match"":true,""object_match"":true},""question8"":{""background_clean"":true,""configuration_match"":false,""object_match"":true},""question9"":{""background_clean"":true,""configuration_match"":true,""object_match"":true}}]"
"382GHPVPIK5FEUSRVOPS7HXJA2T34G","3PMOF0KIQ9OPLJTQP1WUGXCGLK7KBL","Categorize images based on background and posture.","Review 10 line-arts and judge if it has adequate background and configuration. (10 pairs)","tactile, image review, accessibility, vehicles","$0.08","Sat Apr 18 07:32:17 PDT 2026","7","BatchId:5385911;OriginalHitTemplateId:928390873;","1200","1296000","Sat Apr 25 07:32:17 PDT 2026","","","3VJ40NV2RB1Q3OYWJPFTRC3FPVFTO3","A32BQKMVUH8ZYJ","Submitted","Sat Apr 18 13:36:03 PDT 2026","Sat Apr 18 13:49:55 PDT 2026","Sun May 03 13:49:55 PDT 2026","","","","832","0% (0/0)","0% (0/0)","0% (0/0)","Airplane","https://tactileeval.s3.us-east-1.amazonaws.com/family_datasets/Vehicles_and_Flight_Systems/Airplane/Natural/1.png","https://tactileeval.s3.us-east-1.amazonaws.com/family_datasets/Vehicles_and_Flight_Systems/Airplane/Tactile/1.jpg","","Airplane","https://tactileeval.s3.us-east-1.amazonaws.com/family_datasets/Vehicles_and_Flight_Systems/Airplane/Natural/2.png","https://tactileeval.s3.us-east-1.amazonaws.com/family_datasets/Vehicles_and_Flight_Systems/Airplane/Tactile/2.jpg","","Airplane","https://tactileeval.s3.us-east-1.amazonaws.com/family_datasets/Vehicles_and_Flight_Systems/Airplane/Natural/3.png","https://tactileeval.s3.us-east-1.amazonaws.com/family_datasets/Vehicles_and_Flight_Systems/Airplane/Tactile/3.jpg","","Airplane","https://tactileeval.s3.us-east-1.amazonaws.com/family_datasets/Vehicles_and_Flight_Systems/Airplane/Natural/4.png","https://tactileeval.s3.us-east-1.amazonaws.com/family_datasets/Vehicles_and_Flight_Systems/Airplane/Tactile/4.png","","Airplane","https://tactileeval.s3.us-east-1.amazonaws.com/family_datasets/Vehicles_and_Flight_Systems/Airplane/Natural/5.png","https://tactileeval.s3.us-east-1.amazonaws.com/family_datasets/Vehicles_and_Flight_Systems/Airplane/Tactile/5.jpg","","Airplane","https://tactileeval.s3.us-east-1.amazonaws.com/family_datasets/Vehicles_and_Flight_Systems/Airplane/Natural/6.png","https://tactileeval.s3.us-east-1.amazonaws.com/family_datasets/Vehicles_and_Flight_Systems/Airplane/Tactile/6.jpg","","Airplane","https://tactileeval.s3.us-east-1.amazonaws.com/family_datasets/Vehicles_and_Flight_Systems/Airplane/Natural/7.png","https://tactileeval.s3.us-east-1.amazonaws.com/family_datasets/Vehicles_and_Flight_Systems/Airplane/Tactile/7.jpg","","Airplane","https://tactileeval.s3.us-east-1.amazonaws.com/family_datasets/Vehicles_and_Flight_Systems/Airplane/Natural/8.png","https://tactileeval.s3.us-east-1.amazonaws.com/family_datasets/Vehicles_and_Flight_Systems/Airplane/Tactile/8.jpg","","Airplane","https://tactileeval.s3.us-east-1.amazonaws.com/family_datasets/Vehicles_and_Flight_Systems/Airplane/Natural/9.jpeg","https://tactileeval.s3.us-east-1.amazonaws.com/family_datasets/Vehicles_and_Flight_Systems/Airplane/Tactile/9.jpg","","Airplane","https://tactileeval.s3.us-east-1.amazonaws.com/family_datasets/Vehicles_and_Flight_Systems/Airplane/Natural/10.png","https://tactileeval.s3.us-east-1.amazonaws.com/family_datasets/Vehicles_and_Flight_Systems/Airplane/Tactile/10.jpg","","[{""question1"":{""background_clean"":false,""configuration_match"":false,""object_match"":true},""question10"":{""background_clean"":false,""configuration_match"":true,""object_match"":false},""question2"":{""background_clean"":false,""configuration_match"":true,""object_match"":false},""question3"":{""background_clean"":true,""configuration_match"":false,""object_match"":false},""question4"":{""background_clean"":true,""configuration_match"":false,""object_match"":false},""question5"":{""background_clean"":false,""configuration_match"":false,""object_match"":true},""question6"":{""background_clean"":false,""configuration_match"":true,""object_match"":false},""question7"":{""background_clean"":false,""configuration_match"":false,""object_match"":true},""question8"":{""background_clean"":false,""configuration_match"":true,""object_match"":false},""question9"":{""background_clean"":false,""configuration_match"":false,""object_match"":true}}]"
"382GHPVPIK5FEUSRVOPS7HXJA2T34G","3PMOF0KIQ9OPLJTQP1WUGXCGLK7KBL","Categorize images based on background and posture.","Review 10 line-arts and judge if it has adequate background and configuration. (10 pairs)","tactile, image review, accessibility, vehicles","$0.08","Sat Apr 18 07:32:17 PDT 2026","7","BatchId:5385911;OriginalHitTemplateId:928390873;","1200","1296000","Sat Apr 25 07:32:17 PDT 2026","","","3WLEIWSYIHVMR8IWWX076GXODWPH2C","A376G1BHIGNA85","Submitted","Sat Apr 18 13:58:22 PDT 2026","Sat Apr 18 14:00:28 PDT 2026","Sun May 03 14:00:28 PDT 2026","","","","126","0% (0/0)","0% (0/0)","0% (0/0)","Airplane","https://tactileeval.s3.us-east-1.amazonaws.com/family_datasets/Vehicles_and_Flight_Systems/Airplane/Natural/1.png","https://tactileeval.s3.us-east-1.amazonaws.com/family_datasets/Vehicles_and_Flight_Systems/Airplane/Tactile/1.jpg","","Airplane","https://tactileeval.s3.us-east-1.amazonaws.com/family_datasets/Vehicles_and_Flight_Systems/Airplane/Natural/2.png","https://tactileeval.s3.us-east-1.amazonaws.com/family_datasets/Vehicles_and_Flight_Systems/Airplane/Tactile/2.jpg","","Airplane","https://tactileeval.s3.us-east-1.amazonaws.com/family_datasets/Vehicles_and_Flight_Systems/Airplane/Natural/3.png","https://tactileeval.s3.us-east-1.amazonaws.com/family_datasets/Vehicles_and_Flight_Systems/Airplane/Tactile/3.jpg","","Airplane","https://tactileeval.s3.us-east-1.amazonaws.com/family_datasets/Vehicles_and_Flight_Systems/Airplane/Natural/4.png","https://tactileeval.s3.us-east-1.amazonaws.com/family_datasets/Vehicles_and_Flight_Systems/Airplane/Tactile/4.png","","Airplane","https://tactileeval.s3.us-east-1.amazonaws.com/family_datasets/Vehicles_and_Flight_Systems/Airplane/Natural/5.png","https://tactileeval.s3.us-east-1.amazonaws.com/family_datasets/Vehicles_and_Flight_Systems/Airplane/Tactile/5.jpg","","Airplane","https://tactileeval.s3.us-east-1.amazonaws.com/family_datasets/Vehicles_and_Flight_Systems/Airplane/Natural/6.png","https://tactileeval.s3.us-east-1.amazonaws.com/family_datasets/Vehicles_and_Flight_Systems/Airplane/Tactile/6.jpg","","Airplane","https://tactileeval.s3.us-east-1.amazonaws.com/family_datasets/Vehicles_and_Flight_Systems/Airplane/Natural/7.png","https://tactileeval.s3.us-east-1.amazonaws.com/family_datasets/Vehicles_and_Flight_Systems/Airplane/Tactile/7.jpg","","Airplane","https://tactileeval.s3.us-east-1.amazonaws.com/family_datasets/Vehicles_and_Flight_Systems/Airplane/Natural/8.png","https://tactileeval.s3.us-east-1.amazonaws.com/family_datasets/Vehicles_and_Flight_Systems/Airplane/Tactile/8.jpg","","Airplane","https://tactileeval.s3.us-east-1.amazonaws.com/family_datasets/Vehicles_and_Flight_Systems/Airplane/Natural/9.jpeg","https://tactileeval.s3.us-east-1.amazonaws.com/family_datasets/Vehicles_and_Flight_Systems/Airplane/Tactile/9.jpg","","Airplane","https://tactileeval.s3.us-east-1.amazonaws.com/family_datasets/Vehicles_and_Flight_Systems/Airplane/Natural/10.png","https://tactileeval.s3.us-east-1.amazonaws.com/family_datasets/Vehicles_and_Flight_Systems/Airplane/Tactile/10.jpg","","[{""question1"":{""background_clean"":false,""configuration_match"":true,""object_match"":false},""question10"":{""background_clean"":false,""configuration_match"":true,""object_match"":false},""question2"":{""background_clean"":true,""configuration_match"":false,""object_match"":false},""question3"":{""background_clean"":false,""configuration_match"":false,""object_match"":true},""question4"":{""background_clean"":true,""configuration_match"":false,""object_match"":false},""question5"":{""background_clean"":false,""configuration_match"":false,""object_match"":true},""question6"":{""background_clean"":false,""configuration_match"":false,""object_match"":true},""question7"":{""background_clean"":false,""configuration_match"":true,""object_match"":false},""question8"":{""background_clean"":false,""configuration_match"":true,""object_match"":false},""question9"":{""background_clean"":true,""configuration_match"":false,""object_match"":false}}]"
"382GHPVPIK5FEUSRVOPS7HXJA2T34G","3PMOF0KIQ9OPLJTQP1WUGXCGLK7KBL","Categorize images based on background and posture.","Review 10 line-arts and judge if it has adequate background and configuration. (10 pairs)","tactile, image review, accessibility, vehicles","$0.08","Sat Apr 18 07:32:17 PDT 2026","7","BatchId:5385911;OriginalHitTemplateId:928390873;","1200","1296000","Sat Apr 25 07:32:17 PDT 2026","","","3DI28L7YY3S3ID9YNSSNGUQ6TBQ1E8","A3VCTHO95DZWAQ","Submitted","Sat Apr 18 16:49:06 PDT 2026","Sat Apr 18 16:54:20 PDT 2026","Sun May 03 16:54:20 PDT 2026","","","","314","0% (0/0)","0% (0/0)","0% (0/0)","Airplane","https://tactileeval.s3.us-east-1.amazonaws.com/family_datasets/Vehicles_and_Flight_Systems/Airplane/Natural/1.png","https://tactileeval.s3.us-east-1.amazonaws.com/family_datasets/Vehicles_and_Flight_Systems/Airplane/Tactile/1.jpg","","Airplane","https://tactileeval.s3.us-east-1.amazonaws.com/family_datasets/Vehicles_and_Flight_Systems/Airplane/Natural/2.png","https://tactileeval.s3.us-east-1.amazonaws.com/family_datasets/Vehicles_and_Flight_Systems/Airplane/Tactile/2.jpg","","Airplane","https://tactileeval.s3.us-east-1.amazonaws.com/family_datasets/Vehicles_and_Flight_Systems/Airplane/Natural/3.png","https://tactileeval.s3.us-east-1.amazonaws.com/family_datasets/Vehicles_and_Flight_Systems/Airplane/Tactile/3.jpg","","Airplane","https://tactileeval.s3.us-east-1.amazonaws.com/family_datasets/Vehicles_and_Flight_Systems/Airplane/Natural/4.png","https://tactileeval.s3.us-east-1.amazonaws.com/family_datasets/Vehicles_and_Flight_Systems/Airplane/Tactile/4.png","","Airplane","https://tactileeval.s3.us-east-1.amazonaws.com/family_datasets/Vehicles_and_Flight_Systems/Airplane/Natural/5.png","https://tactileeval.s3.us-east-1.amazonaws.com/family_datasets/Vehicles_and_Flight_Systems/Airplane/Tactile/5.jpg","","Airplane","https://tactileeval.s3.us-east-1.amazonaws.com/family_datasets/Vehicles_and_Flight_Systems/Airplane/Natural/6.png","https://tactileeval.s3.us-east-1.amazonaws.com/family_datasets/Vehicles_and_Flight_Systems/Airplane/Tactile/6.jpg","","Airplane","https://tactileeval.s3.us-east-1.amazonaws.com/family_datasets/Vehicles_and_Flight_Systems/Airplane/Natural/7.png","https://tactileeval.s3.us-east-1.amazonaws.com/family_datasets/Vehicles_and_Flight_Systems/Airplane/Tactile/7.jpg","","Airplane","https://tactileeval.s3.us-east-1.amazonaws.com/family_datasets/Vehicles_and_Flight_Systems/Airplane/Natural/8.png","https://tactileeval.s3.us-east-1.amazonaws.com/family_datasets/Vehicles_and_Flight_Systems/Airplane/Tactile/8.jpg","","Airplane","https://tactileeval.s3.us-east-1.amazonaws.com/family_datasets/Vehicles_and_Flight_Systems/Airplane/Natural/9.jpeg","https://tactileeval.s3.us-east-1.amazonaws.com/family_datasets/Vehicles_and_Flight_Systems/Airplane/Tactile/9.jpg","","Airplane","https://tactileeval.s3.us-east-1.amazonaws.com/family_datasets/Vehicles_and_Flight_Systems/Airplane/Natural/10.png","https://tactileeval.s3.us-east-1.amazonaws.com/family_datasets/Vehicles_and_Flight_Systems/Airplane/Tactile/10.jpg","","[{""question1"":{""background_clean"":true,""configuration_match"":true,""object_match"":true},""question10"":{""background_clean"":true,""configuration_match"":true,""object_match"":true},""question2"":{""background_clean"":true,""configuration_match"":true,""object_match"":true},""question3"":{""background_clean"":true,""configuration_match"":true,""object_match"":true},""question4"":{""background_clean"":true,""configuration_match"":true,""object_match"":true},""question5"":{""background_clean"":true,""configuration_match"":true,""object_match"":true},""question6"":{""background_clean"":true,""configuration_match"":true,""object_match"":false},""question7"":{""background_clean"":true,""configuration_match"":true,""object_match"":true},""question8"":{""background_clean"":true,""configuration_match"":true,""object_match"":true},""question9"":{""background_clean"":true,""configuration_match"":true,""object_match"":true}}]"
"3SSN80MU942C8UO805JWLEBJEJJKXM","3PMOF0KIQ9OPLJTQP1WUGXCGLK7KBL","Categorize images based on background and posture.","Review 10 line-arts and judge if it has adequate background and configuration. (10 pairs)","tactile, image review, accessibility, vehicles","$0.08","Sat Apr 18 07:32:17 PDT 2026","7","BatchId:5385911;OriginalHitTemplateId:928390873;","1200","1296000","Sat Apr 25 07:32:17 PDT 2026","","","3IAEQB9FN7YRR8B1OL6O32YFPAQDWE","A1KXF2L2ZGQXJK","Submitted","Sat Apr 18 07:51:50 PDT 2026","Sat Apr 18 07:52:52 PDT 2026","Sun May 03 07:52:52 PDT 2026","","","","62","0% (0/0)","0% (0/0)","0% (0/0)","Bicycle","https://tactileeval.s3.us-east-1.amazonaws.com/family_datasets/Vehicles_and_Flight_Systems/Bicycle/Natural/bicycle_1.png","https://tactileeval.s3.us-east-1.amazonaws.com/family_datasets/Vehicles_and_Flight_Systems/Bicycle/Tactile/1_refined.png","","Bicycle","https://tactileeval.s3.us-east-1.amazonaws.com/family_datasets/Vehicles_and_Flight_Systems/Bicycle/Natural/bicycle_2.jpg","https://tactileeval.s3.us-east-1.amazonaws.com/family_datasets/Vehicles_and_Flight_Systems/Bicycle/Tactile/2.jpg","","Bicycle","https://tactileeval.s3.us-east-1.amazonaws.com/family_datasets/Vehicles_and_Flight_Systems/Bicycle/Natural/bicycle_3.png","https://tactileeval.s3.us-east-1.amazonaws.com/family_datasets/Vehicles_and_Flight_Systems/Bicycle/Tactile/3.jpg","","Bicycle","https://tactileeval.s3.us-east-1.amazonaws.com/family_datasets/Vehicles_and_Flight_Systems/Bicycle/Natural/bicycle_4.png","https://tactileeval.s3.us-east-1.amazonaws.com/family_datasets/Vehicles_and_Flight_Systems/Bicycle/Tactile/4.jpg","","Bicycle","https://tactileeval.s3.us-east-1.amazonaws.com/family_datasets/Vehicles_and_Flight_Systems/Bicycle/Natural/bicycle_5.png","https://tactileeval.s3.us-east-1.amazonaws.com/family_datasets/Vehicles_and_Flight_Systems/Bicycle/Tactile/5.jpg","","Bicycle","https://tactileeval.s3.us-east-1.amazonaws.com/family_datasets/Vehicles_and_Flight_Systems/Bicycle/Natural/bicycle_6.png","https://tactileeval.s3.us-east-1.amazonaws.com/family_datasets/Vehicles_and_Flight_Systems/Bicycle/Tactile/6.jpg","","Bicycle","https://tactileeval.s3.us-east-1.amazonaws.com/family_datasets/Vehicles_and_Flight_Systems/Bicycle/Natural/bicycle_7.png","https://tactileeval.s3.us-east-1.amazonaws.com/family_datasets/Vehicles_and_Flight_Systems/Bicycle/Tactile/7.png","","Bicycle","https://tactileeval.s3.us-east-1.amazonaws.com/family_datasets/Vehicles_and_Flight_Systems/Bicycle/Natural/bicycle_8.png","https://tactileeval.s3.us-east-1.amazonaws.com/family_datasets/Vehicles_and_Flight_Systems/Bicycle/Tactile/8.jpg","","Bicycle","https://tactileeval.s3.us-east-1.amazonaws.com/family_datasets/Vehicles_and_Flight_Systems/Bicycle/Natural/bicycle_9.jpg","https://tactileeval.s3.us-east-1.amazonaws.com/family_datasets/Vehicles_and_Flight_Systems/Bicycle/Tactile/9.jpg","","Bicycle","https://tactileeval.s3.us-east-1.amazonaws.com/family_datasets/Vehicles_and_Flight_Systems/Bicycle/Natural/bicycle_10.jpg","https://tactileeval.s3.us-east-1.amazonaws.com/family_datasets/Vehicles_and_Flight_Systems/Bicycle/Tactile/10.jpg","","[{""question1"":{""background_clean"":true,""configuration_match"":true,""object_match"":false},""question10"":{""background_clean"":true,""configuration_match"":true,""object_match"":true},""question2"":{""background_clean"":true,""configuration_match"":true,""object_match"":false},""question3"":{""background_clean"":true,""configuration_match"":true,""object_match"":false},""question4"":{""background_clean"":true,""configuration_match"":true,""object_match"":true},""question5"":{""background_clean"":false,""configuration_match"":true,""object_match"":true},""question6"":{""background_clean"":true,""configuration_match"":true,""object_match"":true},""question7"":{""background_clean"":false,""configuration_match"":true,""object_match"":false},""question8"":{""background_clean"":true,""configuration_match"":false,""object_match"":false},""question9"":{""background_clean"":true,""configuration_match"":true,""object_match"":true}}]"
"3SSN80MU942C8UO805JWLEBJEJJKXM","3PMOF0KIQ9OPLJTQP1WUGXCGLK7KBL","Categorize images based on background and posture.","Review 10 line-arts and judge if it has adequate background and configuration. (10 pairs)","tactile, image review, accessibility, vehicles","$0.08","Sat Apr 18 07:32:17 PDT 2026","7","BatchId:5385911;OriginalHitTemplateId:928390873;","1200","1296000","Sat Apr 25 07:32:17 PDT 2026","","","3FTOP5WAS82BM4A85AZEZ5KOTQOJ0E","A1LN8392JHDGL5","Submitted","Sat Apr 18 09:38:51 PDT 2026","Sat Apr 18 09:40:53 PDT 2026","Sun May 03 09:40:53 PDT 2026","","","","122","0% (0/0)","0% (0/0)","0% (0/0)","Bicycle","https://tactileeval.s3.us-east-1.amazonaws.com/family_datasets/Vehicles_and_Flight_Systems/Bicycle/Natural/bicycle_1.png","https://tactileeval.s3.us-east-1.amazonaws.com/family_datasets/Vehicles_and_Flight_Systems/Bicycle/Tactile/1_refined.png","","Bicycle","https://tactileeval.s3.us-east-1.amazonaws.com/family_datasets/Vehicles_and_Flight_Systems/Bicycle/Natural/bicycle_2.jpg","https://tactileeval.s3.us-east-1.amazonaws.com/family_datasets/Vehicles_and_Flight_Systems/Bicycle/Tactile/2.jpg","","Bicycle","https://tactileeval.s3.us-east-1.amazonaws.com/family_datasets/Vehicles_and_Flight_Systems/Bicycle/Natural/bicycle_3.png","https://tactileeval.s3.us-east-1.amazonaws.com/family_datasets/Vehicles_and_Flight_Systems/Bicycle/Tactile/3.jpg","","Bicycle","https://tactileeval.s3.us-east-1.amazonaws.com/family_datasets/Vehicles_and_Flight_Systems/Bicycle/Natural/bicycle_4.png","https://tactileeval.s3.us-east-1.amazonaws.com/family_datasets/Vehicles_and_Flight_Systems/Bicycle/Tactile/4.jpg","","Bicycle","https://tactileeval.s3.us-east-1.amazonaws.com/family_datasets/Vehicles_and_Flight_Systems/Bicycle/Natural/bicycle_5.png","https://tactileeval.s3.us-east-1.amazonaws.com/family_datasets/Vehicles_and_Flight_Systems/Bicycle/Tactile/5.jpg","","Bicycle","https://tactileeval.s3.us-east-1.amazonaws.com/family_datasets/Vehicles_and_Flight_Systems/Bicycle/Natural/bicycle_6.png","https://tactileeval.s3.us-east-1.amazonaws.com/family_datasets/Vehicles_and_Flight_Systems/Bicycle/Tactile/6.jpg","","Bicycle","https://tactileeval.s3.us-east-1.amazonaws.com/family_datasets/Vehicles_and_Flight_Systems/Bicycle/Natural/bicycle_7.png","https://tactileeval.s3.us-east-1.amazonaws.com/family_datasets/Vehicles_and_Flight_Systems/Bicycle/Tactile/7.png","","Bicycle","https://tactileeval.s3.us-east-1.amazonaws.com/family_datasets/Vehicles_and_Flight_Systems/Bicycle/Natural/bicycle_8.png","https://tactileeval.s3.us-east-1.amazonaws.com/family_datasets/Vehicles_and_Flight_Systems/Bicycle/Tactile/8.jpg","","Bicycle","https://tactileeval.s3.us-east-1.amazonaws.com/family_datasets/Vehicles_and_Flight_Systems/Bicycle/Natural/bicycle_9.jpg","https://tactileeval.s3.us-east-1.amazonaws.com/family_datasets/Vehicles_and_Flight_Systems/Bicycle/Tactile/9.jpg","","Bicycle","https://tactileeval.s3.us-east-1.amazonaws.com/family_datasets/Vehicles_and_Flight_Systems/Bicycle/Natural/bicycle_10.jpg","https://tactileeval.s3.us-east-1.amazonaws.com/family_datasets/Vehicles_and_Flight_Systems/Bicycle/Tactile/10.jpg","","[{""question1"":{""background_clean"":true,""configuration_match"":false,""object_match"":true},""question10"":{""background_clean"":true,""configuration_match"":false,""object_match"":true},""question2"":{""background_clean"":true,""configuration_match"":false,""object_match"":true},""question3"":{""background_clean"":true,""configuration_match"":false,""object_match"":true},""question4"":{""background_clean"":true,""configuration_match"":false,""object_match"":true},""question5"":{""background_clean"":true,""configuration_match"":false,""object_match"":true},""question6"":{""background_clean"":true,""configuration_match"":false,""object_match"":true},""question7"":{""background_clean"":true,""configuration_match"":false,""object_match"":true},""question8"":{""background_clean"":true,""configuration_match"":false,""object_match"":true},""question9"":{""background_clean"":true,""configuration_match"":false,""object_match"":true}}]"
"3SSN80MU942C8UO805JWLEBJEJJKXM","3PMOF0KIQ9OPLJTQP1WUGXCGLK7KBL","Categorize images based on background and posture.","Review 10 line-arts and judge if it has adequate background and configuration. (10 pairs)","tactile, image review, accessibility, vehicles","$0.08","Sat Apr 18 07:32:17 PDT 2026","7","BatchId:5385911;OriginalHitTemplateId:928390873;","1200","1296000","Sat Apr 25 07:32:17 PDT 2026","","","3PPTZCWAMJYPACKB4UWF25ZWPS1QZ6","A2FK6782M09EBO","Submitted","Sat Apr 18 09:51:21 PDT 2026","Sat Apr 18 10:01:53 PDT 2026","Sun May 03 10:01:53 PDT 2026","","","","632","93% (65/70)","93% (65/70)","93% (65/70)","Bicycle","https://tactileeval.s3.us-east-1.amazonaws.com/family_datasets/Vehicles_and_Flight_Systems/Bicycle/Natural/bicycle_1.png","https://tactileeval.s3.us-east-1.amazonaws.com/family_datasets/Vehicles_and_Flight_Systems/Bicycle/Tactile/1_refined.png","","Bicycle","https://tactileeval.s3.us-east-1.amazonaws.com/family_datasets/Vehicles_and_Flight_Systems/Bicycle/Natural/bicycle_2.jpg","https://tactileeval.s3.us-east-1.amazonaws.com/family_datasets/Vehicles_and_Flight_Systems/Bicycle/Tactile/2.jpg","","Bicycle","https://tactileeval.s3.us-east-1.amazonaws.com/family_datasets/Vehicles_and_Flight_Systems/Bicycle/Natural/bicycle_3.png","https://tactileeval.s3.us-east-1.amazonaws.com/family_datasets/Vehicles_and_Flight_Systems/Bicycle/Tactile/3.jpg","","Bicycle","https://tactileeval.s3.us-east-1.amazonaws.com/family_datasets/Vehicles_and_Flight_Systems/Bicycle/Natural/bicycle_4.png","https://tactileeval.s3.us-east-1.amazonaws.com/family_datasets/Vehicles_and_Flight_Systems/Bicycle/Tactile/4.jpg","","Bicycle","https://tactileeval.s3.us-east-1.amazonaws.com/family_datasets/Vehicles_and_Flight_Systems/Bicycle/Natural/bicycle_5.png","https://tactileeval.s3.us-east-1.amazonaws.com/family_datasets/Vehicles_and_Flight_Systems/Bicycle/Tactile/5.jpg","","Bicycle","https://tactileeval.s3.us-east-1.amazonaws.com/family_datasets/Vehicles_and_Flight_Systems/Bicycle/Natural/bicycle_6.png","https://tactileeval.s3.us-east-1.amazonaws.com/family_datasets/Vehicles_and_Flight_Systems/Bicycle/Tactile/6.jpg","","Bicycle","https://tactileeval.s3.us-east-1.amazonaws.com/family_datasets/Vehicles_and_Flight_Systems/Bicycle/Natural/bicycle_7.png","https://tactileeval.s3.us-east-1.amazonaws.com/family_datasets/Vehicles_and_Flight_Systems/Bicycle/Tactile/7.png","","Bicycle","https://tactileeval.s3.us-east-1.amazonaws.com/family_datasets/Vehicles_and_Flight_Systems/Bicycle/Natural/bicycle_8.png","https://tactileeval.s3.us-east-1.amazonaws.com/family_datasets/Vehicles_and_Flight_Systems/Bicycle/Tactile/8.jpg","","Bicycle","https://tactileeval.s3.us-east-1.amazonaws.com/family_datasets/Vehicles_and_Flight_Systems/Bicycle/Natural/bicycle_9.jpg","https://tactileeval.s3.us-east-1.amazonaws.com/family_datasets/Vehicles_and_Flight_Systems/Bicycle/Tactile/9.jpg","","Bicycle","https://tactileeval.s3.us-east-1.amazonaws.com/family_datasets/Vehicles_and_Flight_Systems/Bicycle/Natural/bicycle_10.jpg","https://tactileeval.s3.us-east-1.amazonaws.com/family_datasets/Vehicles_and_Flight_Systems/Bicycle/Tactile/10.jpg","","[{""question1"":{""background_clean"":true,""configuration_match"":true,""object_match"":true},""question10"":{""background_clean"":true,""configuration_match"":true,""object_match"":true},""question2"":{""background_clean"":true,""configuration_match"":true,""object_match"":true},""question3"":{""background_clean"":true,""configuration_match"":true,""object_match"":true},""question4"":{""background_clean"":true,""configuration_match"":true,""object_match"":true},""question5"":{""background_clean"":true,""configuration_match"":true,""object_match"":false},""question6"":{""background_clean"":true,""configuration_match"":true,""object_match"":false},""question7"":{""background_clean"":true,""configuration_match"":true,""object_match"":false},""question8"":{""background_clean"":true,""configuration_match"":true,""object_match"":false},""question9"":{""background_clean"":true,""configuration_match"":true,""object_match"":true}}]"
"3SSN80MU942C8UO805JWLEBJEJJKXM","3PMOF0KIQ9OPLJTQP1WUGXCGLK7KBL","Categorize images based on background and posture.","Review 10 line-arts and judge if it has adequate background and configuration. (10 pairs)","tactile, image review, accessibility, vehicles","$0.08","Sat Apr 18 07:32:17 PDT 2026","7","BatchId:5385911;OriginalHitTemplateId:928390873;","1200","1296000","Sat Apr 25 07:32:17 PDT 2026","","","3R2PKQ87OPMCU7X9CX1CL1C1JE7MIN","A9380GKZM50GU","Submitted","Sat Apr 18 10:24:18 PDT 2026","Sat Apr 18 10:25:03 PDT 2026","Sun May 03 10:25:03 PDT 2026","","","","45","0% (0/0)","0% (0/0)","0% (0/0)","Bicycle","https://tactileeval.s3.us-east-1.amazonaws.com/family_datasets/Vehicles_and_Flight_Systems/Bicycle/Natural/bicycle_1.png","https://tactileeval.s3.us-east-1.amazonaws.com/family_datasets/Vehicles_and_Flight_Systems/Bicycle/Tactile/1_refined.png","","Bicycle","https://tactileeval.s3.us-east-1.amazonaws.com/family_datasets/Vehicles_and_Flight_Systems/Bicycle/Natural/bicycle_2.jpg","https://tactileeval.s3.us-east-1.amazonaws.com/family_datasets/Vehicles_and_Flight_Systems/Bicycle/Tactile/2.jpg","","Bicycle","https://tactileeval.s3.us-east-1.amazonaws.com/family_datasets/Vehicles_and_Flight_Systems/Bicycle/Natural/bicycle_3.png","https://tactileeval.s3.us-east-1.amazonaws.com/family_datasets/Vehicles_and_Flight_Systems/Bicycle/Tactile/3.jpg","","Bicycle","https://tactileeval.s3.us-east-1.amazonaws.com/family_datasets/Vehicles_and_Flight_Systems/Bicycle/Natural/bicycle_4.png","https://tactileeval.s3.us-east-1.amazonaws.com/family_datasets/Vehicles_and_Flight_Systems/Bicycle/Tactile/4.jpg","","Bicycle","https://tactileeval.s3.us-east-1.amazonaws.com/family_datasets/Vehicles_and_Flight_Systems/Bicycle/Natural/bicycle_5.png","https://tactileeval.s3.us-east-1.amazonaws.com/family_datasets/Vehicles_and_Flight_Systems/Bicycle/Tactile/5.jpg","","Bicycle","https://tactileeval.s3.us-east-1.amazonaws.com/family_datasets/Vehicles_and_Flight_Systems/Bicycle/Natural/bicycle_6.png","https://tactileeval.s3.us-east-1.amazonaws.com/family_datasets/Vehicles_and_Flight_Systems/Bicycle/Tactile/6.jpg","","Bicycle","https://tactileeval.s3.us-east-1.amazonaws.com/family_datasets/Vehicles_and_Flight_Systems/Bicycle/Natural/bicycle_7.png","https://tactileeval.s3.us-east-1.amazonaws.com/family_datasets/Vehicles_and_Flight_Systems/Bicycle/Tactile/7.png","","Bicycle","https://tactileeval.s3.us-east-1.amazonaws.com/family_datasets/Vehicles_and_Flight_Systems/Bicycle/Natural/bicycle_8.png","https://tactileeval.s3.us-east-1.amazonaws.com/family_datasets/Vehicles_and_Flight_Systems/Bicycle/Tactile/8.jpg","","Bicycle","https://tactileeval.s3.us-east-1.amazonaws.com/family_datasets/Vehicles_and_Flight_Systems/Bicycle/Natural/bicycle_9.jpg","https://tactileeval.s3.us-east-1.amazonaws.com/family_datasets/Vehicles_and_Flight_Systems/Bicycle/Tactile/9.jpg","","Bicycle","https://tactileeval.s3.us-east-1.amazonaws.com/family_datasets/Vehicles_and_Flight_Systems/Bicycle/Natural/bicycle_10.jpg","https://tactileeval.s3.us-east-1.amazonaws.com/family_datasets/Vehicles_and_Flight_Systems/Bicycle/Tactile/10.jpg","","[{""question1"":{""background_clean"":true,""configuration_match"":false,""object_match"":true},""question10"":{""background_clean"":true,""configuration_match"":true,""object_match"":true},""question2"":{""background_clean"":true,""configuration_match"":false,""object_match"":true},""question3"":{""background_clean"":true,""configuration_match"":false,""object_match"":true},""question4"":{""background_clean"":true,""configuration_match"":false,""object_match"":true},""question5"":{""background_clean"":true,""configuration_match"":false,""object_match"":true},""question6"":{""background_clean"":true,""configuration_match"":true,""object_match"":true},""question7"":{""background_clean"":true,""configuration_match"":false,""object_match"":true},""question8"":{""background_clean"":true,""configuration_match"":false,""object_match"":true},""question9"":{""background_clean"":true,""configuration_match"":false,""object_match"":true}}]"
"3SSN80MU942C8UO805JWLEBJEJJKXM","3PMOF0KIQ9OPLJTQP1WUGXCGLK7KBL","Categorize images based on background and posture.","Review 10 line-arts and judge if it has adequate background and configuration. (10 pairs)","tactile, image review, accessibility, vehicles","$0.08","Sat Apr 18 07:32:17 PDT 2026","7","BatchId:5385911;OriginalHitTemplateId:928390873;","1200","1296000","Sat Apr 25 07:32:17 PDT 2026","","","3XUHV3NRWDCEQ51JEG254N00X65H52","A19HN15YVY9E5I","Submitted","Sat Apr 18 10:48:33 PDT 2026","Sat Apr 18 10:54:08 PDT 2026","Sun May 03 10:54:08 PDT 2026","","","","335","63% (5/8)","63% (5/8)","63% (5/8)","Bicycle","https://tactileeval.s3.us-east-1.amazonaws.com/family_datasets/Vehicles_and_Flight_Systems/Bicycle/Natural/bicycle_1.png","https://tactileeval.s3.us-east-1.amazonaws.com/family_datasets/Vehicles_and_Flight_Systems/Bicycle/Tactile/1_refined.png","","Bicycle","https://tactileeval.s3.us-east-1.amazonaws.com/family_datasets/Vehicles_and_Flight_Systems/Bicycle/Natural/bicycle_2.jpg","https://tactileeval.s3.us-east-1.amazonaws.com/family_datasets/Vehicles_and_Flight_Systems/Bicycle/Tactile/2.jpg","","Bicycle","https://tactileeval.s3.us-east-1.amazonaws.com/family_datasets/Vehicles_and_Flight_Systems/Bicycle/Natural/bicycle_3.png","https://tactileeval.s3.us-east-1.amazonaws.com/family_datasets/Vehicles_and_Flight_Systems/Bicycle/Tactile/3.jpg","","Bicycle","https://tactileeval.s3.us-east-1.amazonaws.com/family_datasets/Vehicles_and_Flight_Systems/Bicycle/Natural/bicycle_4.png","https://tactileeval.s3.us-east-1.amazonaws.com/family_datasets/Vehicles_and_Flight_Systems/Bicycle/Tactile/4.jpg","","Bicycle","https://tactileeval.s3.us-east-1.amazonaws.com/family_datasets/Vehicles_and_Flight_Systems/Bicycle/Natural/bicycle_5.png","https://tactileeval.s3.us-east-1.amazonaws.com/family_datasets/Vehicles_and_Flight_Systems/Bicycle/Tactile/5.jpg","","Bicycle","https://tactileeval.s3.us-east-1.amazonaws.com/family_datasets/Vehicles_and_Flight_Systems/Bicycle/Natural/bicycle_6.png","https://tactileeval.s3.us-east-1.amazonaws.com/family_datasets/Vehicles_and_Flight_Systems/Bicycle/Tactile/6.jpg","","Bicycle","https://tactileeval.s3.us-east-1.amazonaws.com/family_datasets/Vehicles_and_Flight_Systems/Bicycle/Natural/bicycle_7.png","https://tactileeval.s3.us-east-1.amazonaws.com/family_datasets/Vehicles_and_Flight_Systems/Bicycle/Tactile/7.png","","Bicycle","https://tactileeval.s3.us-east-1.amazonaws.com/family_datasets/Vehicles_and_Flight_Systems/Bicycle/Natural/bicycle_8.png","https://tactileeval.s3.us-east-1.amazonaws.com/family_datasets/Vehicles_and_Flight_Systems/Bicycle/Tactile/8.jpg","","Bicycle","https://tactileeval.s3.us-east-1.amazonaws.com/family_datasets/Vehicles_and_Flight_Systems/Bicycle/Natural/bicycle_9.jpg","https://tactileeval.s3.us-east-1.amazonaws.com/family_datasets/Vehicles_and_Flight_Systems/Bicycle/Tactile/9.jpg","","Bicycle","https://tactileeval.s3.us-east-1.amazonaws.com/family_datasets/Vehicles_and_Flight_Systems/Bicycle/Natural/bicycle_10.jpg","https://tactileeval.s3.us-east-1.amazonaws.com/family_datasets/Vehicles_and_Flight_Systems/Bicycle/Tactile/10.jpg","","[{""question1"":{""background_clean"":true,""configuration_match"":true,""object_match"":true},""question10"":{""background_clean"":true,""configuration_match"":true,""object_match"":true},""question2"":{""background_clean"":true,""configuration_match"":true,""object_match"":true},""question3"":{""background_clean"":true,""configuration_match"":true,""object_match"":true},""question4"":{""background_clean"":true,""configuration_match"":false,""object_match"":false},""question5"":{""background_clean"":true,""configuration_match"":true,""object_match"":true},""question6"":{""background_clean"":true,""configuration_match"":true,""object_match"":true},""question7"":{""background_clean"":true,""configuration_match"":false,""object_match"":false},""question8"":{""background_clean"":true,""configuration_match"":false,""object_match"":false},""question9"":{""background_clean"":true,""configuration_match"":true,""object_match"":true}}]"
"3SSN80MU942C8UO805JWLEBJEJJKXM","3PMOF0KIQ9OPLJTQP1WUGXCGLK7KBL","Categorize images based on background and posture.","Review 10 line-arts and judge if it has adequate background and configuration. (10 pairs)","tactile, image review, accessibility, vehicles","$0.08","Sat Apr 18 07:32:17 PDT 2026","7","BatchId:5385911;OriginalHitTemplateId:928390873;","1200","1296000","Sat Apr 25 07:32:17 PDT 2026","","","3OHYZ19UH5JLOSZNDPOCW7DN16UOAD","A32BQKMVUH8ZYJ","Submitted","Sat Apr 18 13:35:59 PDT 2026","Sat Apr 18 13:44:13 PDT 2026","Sun May 03 13:44:13 PDT 2026","","","","494","0% (0/0)","0% (0/0)","0% (0/0)","Bicycle","https://tactileeval.s3.us-east-1.amazonaws.com/family_datasets/Vehicles_and_Flight_Systems/Bicycle/Natural/bicycle_1.png","https://tactileeval.s3.us-east-1.amazonaws.com/family_datasets/Vehicles_and_Flight_Systems/Bicycle/Tactile/1_refined.png","","Bicycle","https://tactileeval.s3.us-east-1.amazonaws.com/family_datasets/Vehicles_and_Flight_Systems/Bicycle/Natural/bicycle_2.jpg","https://tactileeval.s3.us-east-1.amazonaws.com/family_datasets/Vehicles_and_Flight_Systems/Bicycle/Tactile/2.jpg","","Bicycle","https://tactileeval.s3.us-east-1.amazonaws.com/family_datasets/Vehicles_and_Flight_Systems/Bicycle/Natural/bicycle_3.png","https://tactileeval.s3.us-east-1.amazonaws.com/family_datasets/Vehicles_and_Flight_Systems/Bicycle/Tactile/3.jpg","","Bicycle","https://tactileeval.s3.us-east-1.amazonaws.com/family_datasets/Vehicles_and_Flight_Systems/Bicycle/Natural/bicycle_4.png","https://tactileeval.s3.us-east-1.amazonaws.com/family_datasets/Vehicles_and_Flight_Systems/Bicycle/Tactile/4.jpg","","Bicycle","https://tactileeval.s3.us-east-1.amazonaws.com/family_datasets/Vehicles_and_Flight_Systems/Bicycle/Natural/bicycle_5.png","https://tactileeval.s3.us-east-1.amazonaws.com/family_datasets/Vehicles_and_Flight_Systems/Bicycle/Tactile/5.jpg","","Bicycle","https://tactileeval.s3.us-east-1.amazonaws.com/family_datasets/Vehicles_and_Flight_Systems/Bicycle/Natural/bicycle_6.png","https://tactileeval.s3.us-east-1.amazonaws.com/family_datasets/Vehicles_and_Flight_Systems/Bicycle/Tactile/6.jpg","","Bicycle","https://tactileeval.s3.us-east-1.amazonaws.com/family_datasets/Vehicles_and_Flight_Systems/Bicycle/Natural/bicycle_7.png","https://tactileeval.s3.us-east-1.amazonaws.com/family_datasets/Vehicles_and_Flight_Systems/Bicycle/Tactile/7.png","","Bicycle","https://tactileeval.s3.us-east-1.amazonaws.com/family_datasets/Vehicles_and_Flight_Systems/Bicycle/Natural/bicycle_8.png","https://tactileeval.s3.us-east-1.amazonaws.com/family_datasets/Vehicles_and_Flight_Systems/Bicycle/Tactile/8.jpg","","Bicycle","https://tactileeval.s3.us-east-1.amazonaws.com/family_datasets/Vehicles_and_Flight_Systems/Bicycle/Natural/bicycle_9.jpg","https://tactileeval.s3.us-east-1.amazonaws.com/family_datasets/Vehicles_and_Flight_Systems/Bicycle/Tactile/9.jpg","","Bicycle","https://tactileeval.s3.us-east-1.amazonaws.com/family_datasets/Vehicles_and_Flight_Systems/Bicycle/Natural/bicycle_10.jpg","https://tactileeval.s3.us-east-1.amazonaws.com/family_datasets/Vehicles_and_Flight_Systems/Bicycle/Tactile/10.jpg","","[{""question1"":{""background_clean"":false,""configuration_match"":false,""object_match"":true},""question10"":{""background_clean"":false,""configuration_match"":false,""object_match"":true},""question2"":{""background_clean"":false,""configuration_match"":false,""object_match"":true},""question3"":{""background_clean"":false,""configuration_match"":false,""object_match"":true},""question4"":{""background_clean"":false,""configuration_match"":true,""object_match"":false},""question5"":{""background_clean"":false,""configuration_match"":false,""object_match"":true},""question6"":{""background_clean"":true,""configuration_match"":false,""object_match"":false},""question7"":{""background_clean"":false,""configuration_match"":false,""object_match"":true},""question8"":{""background_clean"":false,""configuration_match"":false,""object_match"":true},""question9"":{""background_clean"":false,""configuration_match"":true,""object_match"":false}}]"
"3SSN80MU942C8UO805JWLEBJEJJKXM","3PMOF0KIQ9OPLJTQP1WUGXCGLK7KBL","Categorize images based on background and posture.","Review 10 line-arts and judge if it has adequate background and configuration. (10 pairs)","tactile, image review, accessibility, vehicles","$0.08","Sat Apr 18 07:32:17 PDT 2026","7","BatchId:5385911;OriginalHitTemplateId:928390873;","1200","1296000","Sat Apr 25 07:32:17 PDT 2026","","","3RSDURM973008JK1ZHZWUH1G0VSYEU","A376G1BHIGNA85","Submitted","Sat Apr 18 13:58:23 PDT 2026","Sat Apr 18 14:01:03 PDT 2026","Sun May 03 14:01:03 PDT 2026","","","","160","0% (0/0)","0% (0/0)","0% (0/0)","Bicycle","https://tactileeval.s3.us-east-1.amazonaws.com/family_datasets/Vehicles_and_Flight_Systems/Bicycle/Natural/bicycle_1.png","https://tactileeval.s3.us-east-1.amazonaws.com/family_datasets/Vehicles_and_Flight_Systems/Bicycle/Tactile/1_refined.png","","Bicycle","https://tactileeval.s3.us-east-1.amazonaws.com/family_datasets/Vehicles_and_Flight_Systems/Bicycle/Natural/bicycle_2.jpg","https://tactileeval.s3.us-east-1.amazonaws.com/family_datasets/Vehicles_and_Flight_Systems/Bicycle/Tactile/2.jpg","","Bicycle","https://tactileeval.s3.us-east-1.amazonaws.com/family_datasets/Vehicles_and_Flight_Systems/Bicycle/Natural/bicycle_3.png","https://tactileeval.s3.us-east-1.amazonaws.com/family_datasets/Vehicles_and_Flight_Systems/Bicycle/Tactile/3.jpg","","Bicycle","https://tactileeval.s3.us-east-1.amazonaws.com/family_datasets/Vehicles_and_Flight_Systems/Bicycle/Natural/bicycle_4.png","https://tactileeval.s3.us-east-1.amazonaws.com/family_datasets/Vehicles_and_Flight_Systems/Bicycle/Tactile/4.jpg","","Bicycle","https://tactileeval.s3.us-east-1.amazonaws.com/family_datasets/Vehicles_and_Flight_Systems/Bicycle/Natural/bicycle_5.png","https://tactileeval.s3.us-east-1.amazonaws.com/family_datasets/Vehicles_and_Flight_Systems/Bicycle/Tactile/5.jpg","","Bicycle","https://tactileeval.s3.us-east-1.amazonaws.com/family_datasets/Vehicles_and_Flight_Systems/Bicycle/Natural/bicycle_6.png","https://tactileeval.s3.us-east-1.amazonaws.com/family_datasets/Vehicles_and_Flight_Systems/Bicycle/Tactile/6.jpg","","Bicycle","https://tactileeval.s3.us-east-1.amazonaws.com/family_datasets/Vehicles_and_Flight_Systems/Bicycle/Natural/bicycle_7.png","https://tactileeval.s3.us-east-1.amazonaws.com/family_datasets/Vehicles_and_Flight_Systems/Bicycle/Tactile/7.png","","Bicycle","https://tactileeval.s3.us-east-1.amazonaws.com/family_datasets/Vehicles_and_Flight_Systems/Bicycle/Natural/bicycle_8.png","https://tactileeval.s3.us-east-1.amazonaws.com/family_datasets/Vehicles_and_Flight_Systems/Bicycle/Tactile/8.jpg","","Bicycle","https://tactileeval.s3.us-east-1.amazonaws.com/family_datasets/Vehicles_and_Flight_Systems/Bicycle/Natural/bicycle_9.jpg","https://tactileeval.s3.us-east-1.amazonaws.com/family_datasets/Vehicles_and_Flight_Systems/Bicycle/Tactile/9.jpg","","Bicycle","https://tactileeval.s3.us-east-1.amazonaws.com/family_datasets/Vehicles_and_Flight_Systems/Bicycle/Natural/bicycle_10.jpg","https://tactileeval.s3.us-east-1.amazonaws.com/family_datasets/Vehicles_and_Flight_Systems/Bicycle/Tactile/10.jpg","","[{""question1"":{""background_clean"":false,""configuration_match"":false,""object_match"":true},""question10"":{""background_clean"":false,""configuration_match"":true,""object_match"":false},""question2"":{""background_clean"":false,""configuration_match"":true,""object_match"":false},""question3"":{""background_clean"":false,""configuration_match"":false,""object_match"":true},""question4"":{""background_clean"":false,""configuration_match"":false,""object_match"":true},""question5"":{""background_clean"":false,""configuration_match"":true,""object_match"":false},""question6"":{""background_clean"":false,""configuration_match"":false,""object_match"":true},""question7"":{""background_clean"":false,""configuration_match"":true,""object_match"":false},""question8"":{""background_clean"":false,""configuration_match"":true,""object_match"":false},""question9"":{""background_clean"":false,""configuration_match"":false,""object_match"":true}}]"
"37ZQELHERSC2MOA7JB932PCP1A4NMA","3PMOF0KIQ9OPLJTQP1WUGXCGLK7KBL","Categorize images based on background and posture.","Review 10 line-arts and judge if it has adequate background and configuration. (10 pairs)","tactile, image review, accessibility, vehicles","$0.08","Sat Apr 18 07:32:17 PDT 2026","7","BatchId:5385911;OriginalHitTemplateId:928390873;","1200","1296000","Sat Apr 25 07:32:17 PDT 2026","","","3J4Q2Z4UURHLGHF6T7C8315E8PIQWZ","A1KXF2L2ZGQXJK","Submitted","Sat Apr 18 08:20:11 PDT 2026","Sat Apr 18 08:20:52 PDT 2026","Sun May 03 08:20:52 PDT 2026","","","","41","0% (0/0)","0% (0/0)","0% (0/0)","Bicycle","https://tactileeval.s3.us-east-1.amazonaws.com/family_datasets/Vehicles_and_Flight_Systems/Bicycle/Natural/bicycle_11.png","https://tactileeval.s3.us-east-1.amazonaws.com/family_datasets/Vehicles_and_Flight_Systems/Bicycle/Tactile/11.jpg","","Boat","https://tactileeval.s3.us-east-1.amazonaws.com/family_datasets/Vehicles_and_Flight_Systems/Boat/Natural/1_boat.png","https://tactileeval.s3.us-east-1.amazonaws.com/family_datasets/Vehicles_and_Flight_Systems/Boat/Tactile/1.jpg","","Boat","https://tactileeval.s3.us-east-1.amazonaws.com/family_datasets/Vehicles_and_Flight_Systems/Boat/Natural/2_boat.png","https://tactileeval.s3.us-east-1.amazonaws.com/family_datasets/Vehicles_and_Flight_Systems/Boat/Tactile/2.jpg","","Boat","https://tactileeval.s3.us-east-1.amazonaws.com/family_datasets/Vehicles_and_Flight_Systems/Boat/Natural/4_boat.png","https://tactileeval.s3.us-east-1.amazonaws.com/family_datasets/Vehicles_and_Flight_Systems/Boat/Tactile/4.jpg","","Boat","https://tactileeval.s3.us-east-1.amazonaws.com/family_datasets/Vehicles_and_Flight_Systems/Boat/Natural/5_boat.png","https://tactileeval.s3.us-east-1.amazonaws.com/family_datasets/Vehicles_and_Flight_Systems/Boat/Tactile/5.jpg","","Boat","https://tactileeval.s3.us-east-1.amazonaws.com/family_datasets/Vehicles_and_Flight_Systems/Boat/Natural/6_boat.png","https://tactileeval.s3.us-east-1.amazonaws.com/family_datasets/Vehicles_and_Flight_Systems/Boat/Tactile/6.png","","Boat","https://tactileeval.s3.us-east-1.amazonaws.com/family_datasets/Vehicles_and_Flight_Systems/Boat/Natural/7_boat.png","https://tactileeval.s3.us-east-1.amazonaws.com/family_datasets/Vehicles_and_Flight_Systems/Boat/Tactile/7.jpg","","Boat","https://tactileeval.s3.us-east-1.amazonaws.com/family_datasets/Vehicles_and_Flight_Systems/Boat/Natural/8_boat.png","https://tactileeval.s3.us-east-1.amazonaws.com/family_datasets/Vehicles_and_Flight_Systems/Boat/Tactile/8.jpg","","Boat","https://tactileeval.s3.us-east-1.amazonaws.com/family_datasets/Vehicles_and_Flight_Systems/Boat/Natural/9_boat.png","https://tactileeval.s3.us-east-1.amazonaws.com/family_datasets/Vehicles_and_Flight_Systems/Boat/Tactile/9.jpg","","Boat","https://tactileeval.s3.us-east-1.amazonaws.com/family_datasets/Vehicles_and_Flight_Systems/Boat/Natural/10_boat.png","https://tactileeval.s3.us-east-1.amazonaws.com/family_datasets/Vehicles_and_Flight_Systems/Boat/Tactile/10.jpg","","[{""question1"":{""background_clean"":true,""configuration_match"":true,""object_match"":false},""question10"":{""background_clean"":true,""configuration_match"":true,""object_match"":false},""question2"":{""background_clean"":true,""configuration_match"":true,""object_match"":false},""question3"":{""background_clean"":true,""configuration_match"":true,""object_match"":false},""question4"":{""background_clean"":true,""configuration_match"":false,""object_match"":false},""question5"":{""background_clean"":true,""configuration_match"":false,""object_match"":false},""question6"":{""background_clean"":true,""configuration_match"":true,""object_match"":false},""question7"":{""background_clean"":true,""configuration_match"":true,""object_match"":true},""question8"":{""background_clean"":true,""configuration_match"":true,""object_match"":false},""question9"":{""background_clean"":true,""configuration_match"":false,""object_match"":false}}]"
"37ZQELHERSC2MOA7JB932PCP1A4NMA","3PMOF0KIQ9OPLJTQP1WUGXCGLK7KBL","Categorize images based on background and posture.","Review 10 line-arts and judge if it has adequate background and configuration. (10 pairs)","tactile, image review, accessibility, vehicles","$0.08","Sat Apr 18 07:32:17 PDT 2026","7","BatchId:5385911;OriginalHitTemplateId:928390873;","1200","1296000","Sat Apr 25 07:32:17 PDT 2026","","","3XLBSAQ90XQF4UFW8VN92EI1K2A7ZQ","A1LN8392JHDGL5","Submitted","Sat Apr 18 09:55:20 PDT 2026","Sat Apr 18 10:06:52 PDT 2026","Sun May 03 10:06:52 PDT 2026","","","","692","0% (0/0)","0% (0/0)","0% (0/0)","Bicycle","https://tactileeval.s3.us-east-1.amazonaws.com/family_datasets/Vehicles_and_Flight_Systems/Bicycle/Natural/bicycle_11.png","https://tactileeval.s3.us-east-1.amazonaws.com/family_datasets/Vehicles_and_Flight_Systems/Bicycle/Tactile/11.jpg","","Boat","https://tactileeval.s3.us-east-1.amazonaws.com/family_datasets/Vehicles_and_Flight_Systems/Boat/Natural/1_boat.png","https://tactileeval.s3.us-east-1.amazonaws.com/family_datasets/Vehicles_and_Flight_Systems/Boat/Tactile/1.jpg","","Boat","https://tactileeval.s3.us-east-1.amazonaws.com/family_datasets/Vehicles_and_Flight_Systems/Boat/Natural/2_boat.png","https://tactileeval.s3.us-east-1.amazonaws.com/family_datasets/Vehicles_and_Flight_Systems/Boat/Tactile/2.jpg","","Boat","https://tactileeval.s3.us-east-1.amazonaws.com/family_datasets/Vehicles_and_Flight_Systems/Boat/Natural/4_boat.png","https://tactileeval.s3.us-east-1.amazonaws.com/family_datasets/Vehicles_and_Flight_Systems/Boat/Tactile/4.jpg","","Boat","https://tactileeval.s3.us-east-1.amazonaws.com/family_datasets/Vehicles_and_Flight_Systems/Boat/Natural/5_boat.png","https://tactileeval.s3.us-east-1.amazonaws.com/family_datasets/Vehicles_and_Flight_Systems/Boat/Tactile/5.jpg","","Boat","https://tactileeval.s3.us-east-1.amazonaws.com/family_datasets/Vehicles_and_Flight_Systems/Boat/Natural/6_boat.png","https://tactileeval.s3.us-east-1.amazonaws.com/family_datasets/Vehicles_and_Flight_Systems/Boat/Tactile/6.png","","Boat","https://tactileeval.s3.us-east-1.amazonaws.com/family_datasets/Vehicles_and_Flight_Systems/Boat/Natural/7_boat.png","https://tactileeval.s3.us-east-1.amazonaws.com/family_datasets/Vehicles_and_Flight_Systems/Boat/Tactile/7.jpg","","Boat","https://tactileeval.s3.us-east-1.amazonaws.com/family_datasets/Vehicles_and_Flight_Systems/Boat/Natural/8_boat.png","https://tactileeval.s3.us-east-1.amazonaws.com/family_datasets/Vehicles_and_Flight_Systems/Boat/Tactile/8.jpg","","Boat","https://tactileeval.s3.us-east-1.amazonaws.com/family_datasets/Vehicles_and_Flight_Systems/Boat/Natural/9_boat.png","https://tactileeval.s3.us-east-1.amazonaws.com/family_datasets/Vehicles_and_Flight_Systems/Boat/Tactile/9.jpg","","Boat","https://tactileeval.s3.us-east-1.amazonaws.com/family_datasets/Vehicles_and_Flight_Systems/Boat/Natural/10_boat.png","https://tactileeval.s3.us-east-1.amazonaws.com/family_datasets/Vehicles_and_Flight_Systems/Boat/Tactile/10.jpg","","[{""question1"":{""background_clean"":true,""configuration_match"":false,""object_match"":true},""question10"":{""background_clean"":true,""configuration_match"":false,""object_match"":true},""question2"":{""background_clean"":true,""configuration_match"":false,""object_match"":true},""question3"":{""background_clean"":true,""configuration_match"":false,""object_match"":true},""question4"":{""background_clean"":true,""configuration_match"":false,""object_match"":true},""question5"":{""background_clean"":true,""configuration_match"":false,""object_match"":true},""question6"":{""background_clean"":true,""configuration_match"":true,""object_match"":true},""question7"":{""background_clean"":true,""configuration_match"":true,""object_match"":true},""question8"":{""background_clean"":true,""configuration_match"":false,""object_match"":true},""question9"":{""background_clean"":true,""configuration_match"":false,""object_match"":true}}]"
"37ZQELHERSC2MOA7JB932PCP1A4NMA","3PMOF0KIQ9OPLJTQP1WUGXCGLK7KBL","Categorize images based on background and posture.","Review 10 line-arts and judge if it has adequate background and configuration. (10 pairs)","tactile, image review, accessibility, vehicles","$0.08","Sat Apr 18 07:32:17 PDT 2026","7","BatchId:5385911;OriginalHitTemplateId:928390873;","1200","1296000","Sat Apr 25 07:32:17 PDT 2026","","","3C5W7UE9D849K2M4BJ1DOBZG7R7MXJ","A2FK6782M09EBO","Submitted","Sat Apr 18 09:58:29 PDT 2026","Sat Apr 18 10:06:59 PDT 2026","Sun May 03 10:06:59 PDT 2026","","","","510","93% (65/70)","93% (65/70)","93% (65/70)","Bicycle","https://tactileeval.s3.us-east-1.amazonaws.com/family_datasets/Vehicles_and_Flight_Systems/Bicycle/Natural/bicycle_11.png","https://tactileeval.s3.us-east-1.amazonaws.com/family_datasets/Vehicles_and_Flight_Systems/Bicycle/Tactile/11.jpg","","Boat","https://tactileeval.s3.us-east-1.amazonaws.com/family_datasets/Vehicles_and_Flight_Systems/Boat/Natural/1_boat.png","https://tactileeval.s3.us-east-1.amazonaws.com/family_datasets/Vehicles_and_Flight_Systems/Boat/Tactile/1.jpg","","Boat","https://tactileeval.s3.us-east-1.amazonaws.com/family_datasets/Vehicles_and_Flight_Systems/Boat/Natural/2_boat.png","https://tactileeval.s3.us-east-1.amazonaws.com/family_datasets/Vehicles_and_Flight_Systems/Boat/Tactile/2.jpg","","Boat","https://tactileeval.s3.us-east-1.amazonaws.com/family_datasets/Vehicles_and_Flight_Systems/Boat/Natural/4_boat.png","https://tactileeval.s3.us-east-1.amazonaws.com/family_datasets/Vehicles_and_Flight_Systems/Boat/Tactile/4.jpg","","Boat","https://tactileeval.s3.us-east-1.amazonaws.com/family_datasets/Vehicles_and_Flight_Systems/Boat/Natural/5_boat.png","https://tactileeval.s3.us-east-1.amazonaws.com/family_datasets/Vehicles_and_Flight_Systems/Boat/Tactile/5.jpg","","Boat","https://tactileeval.s3.us-east-1.amazonaws.com/family_datasets/Vehicles_and_Flight_Systems/Boat/Natural/6_boat.png","https://tactileeval.s3.us-east-1.amazonaws.com/family_datasets/Vehicles_and_Flight_Systems/Boat/Tactile/6.png","","Boat","https://tactileeval.s3.us-east-1.amazonaws.com/family_datasets/Vehicles_and_Flight_Systems/Boat/Natural/7_boat.png","https://tactileeval.s3.us-east-1.amazonaws.com/family_datasets/Vehicles_and_Flight_Systems/Boat/Tactile/7.jpg","","Boat","https://tactileeval.s3.us-east-1.amazonaws.com/family_datasets/Vehicles_and_Flight_Systems/Boat/Natural/8_boat.png","https://tactileeval.s3.us-east-1.amazonaws.com/family_datasets/Vehicles_and_Flight_Systems/Boat/Tactile/8.jpg","","Boat","https://tactileeval.s3.us-east-1.amazonaws.com/family_datasets/Vehicles_and_Flight_Systems/Boat/Natural/9_boat.png","https://tactileeval.s3.us-east-1.amazonaws.com/family_datasets/Vehicles_and_Flight_Systems/Boat/Tactile/9.jpg","","Boat","https://tactileeval.s3.us-east-1.amazonaws.com/family_datasets/Vehicles_and_Flight_Systems/Boat/Natural/10_boat.png","https://tactileeval.s3.us-east-1.amazonaws.com/family_datasets/Vehicles_and_Flight_Systems/Boat/Tactile/10.jpg","","[{""question1"":{""background_clean"":true,""configuration_match"":true,""object_match"":false},""question10"":{""background_clean"":true,""configuration_match"":true,""object_match"":false},""question2"":{""background_clean"":true,""configuration_match"":true,""object_match"":false},""question3"":{""background_clean"":true,""configuration_match"":true,""object_match"":false},""question4"":{""background_clean"":true,""configuration_match"":true,""object_match"":false},""question5"":{""background_clean"":true,""configuration_match"":true,""object_match"":false},""question6"":{""background_clean"":true,""configuration_match"":true,""object_match"":true},""question7"":{""background_clean"":true,""configuration_match"":true,""object_match"":false},""question8"":{""background_clean"":true,""configuration_match"":true,""object_match"":true},""question9"":{""background_clean"":true,""configuration_match"":true,""object_match"":false}}]"
"37ZQELHERSC2MOA7JB932PCP1A4NMA","3PMOF0KIQ9OPLJTQP1WUGXCGLK7KBL","Categorize images based on background and posture.","Review 10 line-arts and judge if it has adequate background and configuration. (10 pairs)","tactile, image review, accessibility, vehicles","$0.08","Sat Apr 18 07:32:17 PDT 2026","7","BatchId:5385911;OriginalHitTemplateId:928390873;","1200","1296000","Sat Apr 25 07:32:17 PDT 2026","","","3PXX5PX6MQC15YAE9KJQQNDOU7XABH","A9380GKZM50GU","Submitted","Sat Apr 18 10:12:16 PDT 2026","Sat Apr 18 10:19:50 PDT 2026","Sun May 03 10:19:50 PDT 2026","","","","454","0% (0/0)","0% (0/0)","0% (0/0)","Bicycle","https://tactileeval.s3.us-east-1.amazonaws.com/family_datasets/Vehicles_and_Flight_Systems/Bicycle/Natural/bicycle_11.png","https://tactileeval.s3.us-east-1.amazonaws.com/family_datasets/Vehicles_and_Flight_Systems/Bicycle/Tactile/11.jpg","","Boat","https://tactileeval.s3.us-east-1.amazonaws.com/family_datasets/Vehicles_and_Flight_Systems/Boat/Natural/1_boat.png","https://tactileeval.s3.us-east-1.amazonaws.com/family_datasets/Vehicles_and_Flight_Systems/Boat/Tactile/1.jpg","","Boat","https://tactileeval.s3.us-east-1.amazonaws.com/family_datasets/Vehicles_and_Flight_Systems/Boat/Natural/2_boat.png","https://tactileeval.s3.us-east-1.amazonaws.com/family_datasets/Vehicles_and_Flight_Systems/Boat/Tactile/2.jpg","","Boat","https://tactileeval.s3.us-east-1.amazonaws.com/family_datasets/Vehicles_and_Flight_Systems/Boat/Natural/4_boat.png","https://tactileeval.s3.us-east-1.amazonaws.com/family_datasets/Vehicles_and_Flight_Systems/Boat/Tactile/4.jpg","","Boat","https://tactileeval.s3.us-east-1.amazonaws.com/family_datasets/Vehicles_and_Flight_Systems/Boat/Natural/5_boat.png","https://tactileeval.s3.us-east-1.amazonaws.com/family_datasets/Vehicles_and_Flight_Systems/Boat/Tactile/5.jpg","","Boat","https://tactileeval.s3.us-east-1.amazonaws.com/family_datasets/Vehicles_and_Flight_Systems/Boat/Natural/6_boat.png","https://tactileeval.s3.us-east-1.amazonaws.com/family_datasets/Vehicles_and_Flight_Systems/Boat/Tactile/6.png","","Boat","https://tactileeval.s3.us-east-1.amazonaws.com/family_datasets/Vehicles_and_Flight_Systems/Boat/Natural/7_boat.png","https://tactileeval.s3.us-east-1.amazonaws.com/family_datasets/Vehicles_and_Flight_Systems/Boat/Tactile/7.jpg","","Boat","https://tactileeval.s3.us-east-1.amazonaws.com/family_datasets/Vehicles_and_Flight_Systems/Boat/Natural/8_boat.png","https://tactileeval.s3.us-east-1.amazonaws.com/family_datasets/Vehicles_and_Flight_Systems/Boat/Tactile/8.jpg","","Boat","https://tactileeval.s3.us-east-1.amazonaws.com/family_datasets/Vehicles_and_Flight_Systems/Boat/Natural/9_boat.png","https://tactileeval.s3.us-east-1.amazonaws.com/family_datasets/Vehicles_and_Flight_Systems/Boat/Tactile/9.jpg","","Boat","https://tactileeval.s3.us-east-1.amazonaws.com/family_datasets/Vehicles_and_Flight_Systems/Boat/Natural/10_boat.png","https://tactileeval.s3.us-east-1.amazonaws.com/family_datasets/Vehicles_and_Flight_Systems/Boat/Tactile/10.jpg","","[{""question1"":{""background_clean"":true,""configuration_match"":false,""object_match"":true},""question10"":{""background_clean"":true,""configuration_match"":false,""object_match"":true},""question2"":{""background_clean"":true,""configuration_match"":false,""object_match"":true},""question3"":{""background_clean"":true,""configuration_match"":false,""object_match"":true},""question4"":{""background_clean"":true,""configuration_match"":false,""object_match"":true},""question5"":{""background_clean"":true,""configuration_match"":false,""object_match"":true},""question6"":{""background_clean"":true,""configuration_match"":true,""object_match"":true},""question7"":{""background_clean"":true,""configuration_match"":true,""object_match"":true},""question8"":{""background_clean"":true,""configuration_match"":true,""object_match"":true},""question9"":{""background_clean"":true,""configuration_match"":false,""object_match"":true}}]"
"37ZQELHERSC2MOA7JB932PCP1A4NMA","3PMOF0KIQ9OPLJTQP1WUGXCGLK7KBL","Categorize images based on background and posture.","Review 10 line-arts and judge if it has adequate background and configuration. (10 pairs)","tactile, image review, accessibility, vehicles","$0.08","Sat Apr 18 07:32:17 PDT 2026","7","BatchId:5385911;OriginalHitTemplateId:928390873;","1200","1296000","Sat Apr 25 07:32:17 PDT 2026","","","39GXDJN2PMS2VOF5H3QCV8107BFV86","A2Y0HZSZTQAVDW","Submitted","Sat Apr 18 10:34:44 PDT 2026","Sat Apr 18 10:37:57 PDT 2026","Sun May 03 10:37:57 PDT 2026","","","","193","0% (0/0)","0% (0/0)","0% (0/0)","Bicycle","https://tactileeval.s3.us-east-1.amazonaws.com/family_datasets/Vehicles_and_Flight_Systems/Bicycle/Natural/bicycle_11.png","https://tactileeval.s3.us-east-1.amazonaws.com/family_datasets/Vehicles_and_Flight_Systems/Bicycle/Tactile/11.jpg","","Boat","https://tactileeval.s3.us-east-1.amazonaws.com/family_datasets/Vehicles_and_Flight_Systems/Boat/Natural/1_boat.png","https://tactileeval.s3.us-east-1.amazonaws.com/family_datasets/Vehicles_and_Flight_Systems/Boat/Tactile/1.jpg","","Boat","https://tactileeval.s3.us-east-1.amazonaws.com/family_datasets/Vehicles_and_Flight_Systems/Boat/Natural/2_boat.png","https://tactileeval.s3.us-east-1.amazonaws.com/family_datasets/Vehicles_and_Flight_Systems/Boat/Tactile/2.jpg","","Boat","https://tactileeval.s3.us-east-1.amazonaws.com/family_datasets/Vehicles_and_Flight_Systems/Boat/Natural/4_boat.png","https://tactileeval.s3.us-east-1.amazonaws.com/family_datasets/Vehicles_and_Flight_Systems/Boat/Tactile/4.jpg","","Boat","https://tactileeval.s3.us-east-1.amazonaws.com/family_datasets/Vehicles_and_Flight_Systems/Boat/Natural/5_boat.png","https://tactileeval.s3.us-east-1.amazonaws.com/family_datasets/Vehicles_and_Flight_Systems/Boat/Tactile/5.jpg","","Boat","https://tactileeval.s3.us-east-1.amazonaws.com/family_datasets/Vehicles_and_Flight_Systems/Boat/Natural/6_boat.png","https://tactileeval.s3.us-east-1.amazonaws.com/family_datasets/Vehicles_and_Flight_Systems/Boat/Tactile/6.png","","Boat","https://tactileeval.s3.us-east-1.amazonaws.com/family_datasets/Vehicles_and_Flight_Systems/Boat/Natural/7_boat.png","https://tactileeval.s3.us-east-1.amazonaws.com/family_datasets/Vehicles_and_Flight_Systems/Boat/Tactile/7.jpg","","Boat","https://tactileeval.s3.us-east-1.amazonaws.com/family_datasets/Vehicles_and_Flight_Systems/Boat/Natural/8_boat.png","https://tactileeval.s3.us-east-1.amazonaws.com/family_datasets/Vehicles_and_Flight_Systems/Boat/Tactile/8.jpg","","Boat","https://tactileeval.s3.us-east-1.amazonaws.com/family_datasets/Vehicles_and_Flight_Systems/Boat/Natural/9_boat.png","https://tactileeval.s3.us-east-1.amazonaws.com/family_datasets/Vehicles_and_Flight_Systems/Boat/Tactile/9.jpg","","Boat","https://tactileeval.s3.us-east-1.amazonaws.com/family_datasets/Vehicles_and_Flight_Systems/Boat/Natural/10_boat.png","https://tactileeval.s3.us-east-1.amazonaws.com/family_datasets/Vehicles_and_Flight_Systems/Boat/Tactile/10.jpg","","[{""question1"":{""background_clean"":false,""configuration_match"":true,""object_match"":true},""question10"":{""background_clean"":true,""configuration_match"":false,""object_match"":false},""question2"":{""background_clean"":true,""configuration_match"":false,""object_match"":false},""question3"":{""background_clean"":true,""configuration_match"":false,""object_match"":false},""question4"":{""background_clean"":true,""configuration_match"":false,""object_match"":false},""question5"":{""background_clean"":true,""configuration_match"":false,""object_match"":false},""question6"":{""background_clean"":true,""configuration_match"":true,""object_match"":true},""question7"":{""background_clean"":true,""configuration_match"":true,""object_match"":true},""question8"":{""background_clean"":true,""configuration_match"":false,""object_match"":false},""question9"":{""background_clean"":true,""configuration_match"":false,""object_match"":true}}]"
"37ZQELHERSC2MOA7JB932PCP1A4NMA","3PMOF0KIQ9OPLJTQP1WUGXCGLK7KBL","Categorize images based on background and posture.","Review 10 line-arts and judge if it has adequate background and configuration. (10 pairs)","tactile, image review, accessibility, vehicles","$0.08","Sat Apr 18 07:32:17 PDT 2026","7","BatchId:5385911;OriginalHitTemplateId:928390873;","1200","1296000","Sat Apr 25 07:32:17 PDT 2026","","","33UKMF9322Y6GG34F61SLM92O3STTL","ADE24F2LKZ61M","Submitted","Sat Apr 18 12:08:49 PDT 2026","Sat Apr 18 12:12:39 PDT 2026","Sun May 03 12:12:39 PDT 2026","","","","230","0% (0/0)","0% (0/0)","0% (0/0)","Bicycle","https://tactileeval.s3.us-east-1.amazonaws.com/family_datasets/Vehicles_and_Flight_Systems/Bicycle/Natural/bicycle_11.png","https://tactileeval.s3.us-east-1.amazonaws.com/family_datasets/Vehicles_and_Flight_Systems/Bicycle/Tactile/11.jpg","","Boat","https://tactileeval.s3.us-east-1.amazonaws.com/family_datasets/Vehicles_and_Flight_Systems/Boat/Natural/1_boat.png","https://tactileeval.s3.us-east-1.amazonaws.com/family_datasets/Vehicles_and_Flight_Systems/Boat/Tactile/1.jpg","","Boat","https://tactileeval.s3.us-east-1.amazonaws.com/family_datasets/Vehicles_and_Flight_Systems/Boat/Natural/2_boat.png","https://tactileeval.s3.us-east-1.amazonaws.com/family_datasets/Vehicles_and_Flight_Systems/Boat/Tactile/2.jpg","","Boat","https://tactileeval.s3.us-east-1.amazonaws.com/family_datasets/Vehicles_and_Flight_Systems/Boat/Natural/4_boat.png","https://tactileeval.s3.us-east-1.amazonaws.com/family_datasets/Vehicles_and_Flight_Systems/Boat/Tactile/4.jpg","","Boat","https://tactileeval.s3.us-east-1.amazonaws.com/family_datasets/Vehicles_and_Flight_Systems/Boat/Natural/5_boat.png","https://tactileeval.s3.us-east-1.amazonaws.com/family_datasets/Vehicles_and_Flight_Systems/Boat/Tactile/5.jpg","","Boat","https://tactileeval.s3.us-east-1.amazonaws.com/family_datasets/Vehicles_and_Flight_Systems/Boat/Natural/6_boat.png","https://tactileeval.s3.us-east-1.amazonaws.com/family_datasets/Vehicles_and_Flight_Systems/Boat/Tactile/6.png","","Boat","https://tactileeval.s3.us-east-1.amazonaws.com/family_datasets/Vehicles_and_Flight_Systems/Boat/Natural/7_boat.png","https://tactileeval.s3.us-east-1.amazonaws.com/family_datasets/Vehicles_and_Flight_Systems/Boat/Tactile/7.jpg","","Boat","https://tactileeval.s3.us-east-1.amazonaws.com/family_datasets/Vehicles_and_Flight_Systems/Boat/Natural/8_boat.png","https://tactileeval.s3.us-east-1.amazonaws.com/family_datasets/Vehicles_and_Flight_Systems/Boat/Tactile/8.jpg","","Boat","https://tactileeval.s3.us-east-1.amazonaws.com/family_datasets/Vehicles_and_Flight_Systems/Boat/Natural/9_boat.png","https://tactileeval.s3.us-east-1.amazonaws.com/family_datasets/Vehicles_and_Flight_Systems/Boat/Tactile/9.jpg","","Boat","https://tactileeval.s3.us-east-1.amazonaws.com/family_datasets/Vehicles_and_Flight_Systems/Boat/Natural/10_boat.png","https://tactileeval.s3.us-east-1.amazonaws.com/family_datasets/Vehicles_and_Flight_Systems/Boat/Tactile/10.jpg","","[{""question1"":{""background_clean"":true,""configuration_match"":true,""object_match"":true},""question10"":{""background_clean"":true,""configuration_match"":false,""object_match"":true},""question2"":{""background_clean"":true,""configuration_match"":true,""object_match"":true},""question3"":{""background_clean"":true,""configuration_match"":false,""object_match"":true},""question4"":{""background_clean"":true,""configuration_match"":false,""object_match"":true},""question5"":{""background_clean"":false,""configuration_match"":false,""object_match"":true},""question6"":{""background_clean"":true,""configuration_match"":true,""object_match"":true},""question7"":{""background_clean"":true,""configuration_match"":true,""object_match"":false},""question8"":{""background_clean"":true,""configuration_match"":false,""object_match"":true},""question9"":{""background_clean"":true,""configuration_match"":false,""object_match"":true}}]"
"37ZQELHERSC2MOA7JB932PCP1A4NMA","3PMOF0KIQ9OPLJTQP1WUGXCGLK7KBL","Categorize images based on background and posture.","Review 10 line-arts and judge if it has adequate background and configuration. (10 pairs)","tactile, image review, accessibility, vehicles","$0.08","Sat Apr 18 07:32:17 PDT 2026","7","BatchId:5385911;OriginalHitTemplateId:928390873;","1200","1296000","Sat Apr 25 07:32:17 PDT 2026","","","3IHR8NYAN0FO73V7JOR084WDJ1VP4L","A376G1BHIGNA85","Submitted","Sat Apr 18 13:58:25 PDT 2026","Sat Apr 18 14:02:19 PDT 2026","Sun May 03 14:02:19 PDT 2026","","","","234","0% (0/0)","0% (0/0)","0% (0/0)","Bicycle","https://tactileeval.s3.us-east-1.amazonaws.com/family_datasets/Vehicles_and_Flight_Systems/Bicycle/Natural/bicycle_11.png","https://tactileeval.s3.us-east-1.amazonaws.com/family_datasets/Vehicles_and_Flight_Systems/Bicycle/Tactile/11.jpg","","Boat","https://tactileeval.s3.us-east-1.amazonaws.com/family_datasets/Vehicles_and_Flight_Systems/Boat/Natural/1_boat.png","https://tactileeval.s3.us-east-1.amazonaws.com/family_datasets/Vehicles_and_Flight_Systems/Boat/Tactile/1.jpg","","Boat","https://tactileeval.s3.us-east-1.amazonaws.com/family_datasets/Vehicles_and_Flight_Systems/Boat/Natural/2_boat.png","https://tactileeval.s3.us-east-1.amazonaws.com/family_datasets/Vehicles_and_Flight_Systems/Boat/Tactile/2.jpg","","Boat","https://tactileeval.s3.us-east-1.amazonaws.com/family_datasets/Vehicles_and_Flight_Systems/Boat/Natural/4_boat.png","https://tactileeval.s3.us-east-1.amazonaws.com/family_datasets/Vehicles_and_Flight_Systems/Boat/Tactile/4.jpg","","Boat","https://tactileeval.s3.us-east-1.amazonaws.com/family_datasets/Vehicles_and_Flight_Systems/Boat/Natural/5_boat.png","https://tactileeval.s3.us-east-1.amazonaws.com/family_datasets/Vehicles_and_Flight_Systems/Boat/Tactile/5.jpg","","Boat","https://tactileeval.s3.us-east-1.amazonaws.com/family_datasets/Vehicles_and_Flight_Systems/Boat/Natural/6_boat.png","https://tactileeval.s3.us-east-1.amazonaws.com/family_datasets/Vehicles_and_Flight_Systems/Boat/Tactile/6.png","","Boat","https://tactileeval.s3.us-east-1.amazonaws.com/family_datasets/Vehicles_and_Flight_Systems/Boat/Natural/7_boat.png","https://tactileeval.s3.us-east-1.amazonaws.com/family_datasets/Vehicles_and_Flight_Systems/Boat/Tactile/7.jpg","","Boat","https://tactileeval.s3.us-east-1.amazonaws.com/family_datasets/Vehicles_and_Flight_Systems/Boat/Natural/8_boat.png","https://tactileeval.s3.us-east-1.amazonaws.com/family_datasets/Vehicles_and_Flight_Systems/Boat/Tactile/8.jpg","","Boat","https://tactileeval.s3.us-east-1.amazonaws.com/family_datasets/Vehicles_and_Flight_Systems/Boat/Natural/9_boat.png","https://tactileeval.s3.us-east-1.amazonaws.com/family_datasets/Vehicles_and_Flight_Systems/Boat/Tactile/9.jpg","","Boat","https://tactileeval.s3.us-east-1.amazonaws.com/family_datasets/Vehicles_and_Flight_Systems/Boat/Natural/10_boat.png","https://tactileeval.s3.us-east-1.amazonaws.com/family_datasets/Vehicles_and_Flight_Systems/Boat/Tactile/10.jpg","","[{""question1"":{""background_clean"":false,""configuration_match"":true,""object_match"":false},""question10"":{""background_clean"":false,""configuration_match"":true,""object_match"":false},""question2"":{""background_clean"":false,""configuration_match"":false,""object_match"":true},""question3"":{""background_clean"":false,""configuration_match"":true,""object_match"":false},""question4"":{""background_clean"":false,""configuration_match"":false,""object_match"":true},""question5"":{""background_clean"":false,""configuration_match"":true,""object_match"":false},""question6"":{""background_clean"":false,""configuration_match"":false,""object_match"":true},""question7"":{""background_clean"":false,""configuration_match"":true,""object_match"":false},""question8"":{""background_clean"":true,""configuration_match"":false,""object_match"":false},""question9"":{""background_clean"":false,""configuration_match"":false,""object_match"":true}}]"
"3H4IKZHAM3W846V7VCO3F41P60ENNA","3PMOF0KIQ9OPLJTQP1WUGXCGLK7KBL","Categorize images based on background and posture.","Review 10 line-arts and judge if it has adequate background and configuration. (10 pairs)","tactile, image review, accessibility, vehicles","$0.08","Sat Apr 18 07:32:18 PDT 2026","7","BatchId:5385911;OriginalHitTemplateId:928390873;","1200","1296000","Sat Apr 25 07:32:18 PDT 2026","","","3907X2AHGTJE4PGKFA8CFPZFZN22P5","A1KXF2L2ZGQXJK","Submitted","Sat Apr 18 08:18:57 PDT 2026","Sat Apr 18 08:20:11 PDT 2026","Sun May 03 08:20:11 PDT 2026","","","","74","0% (0/0)","0% (0/0)","0% (0/0)","Boat","https://tactileeval.s3.us-east-1.amazonaws.com/family_datasets/Vehicles_and_Flight_Systems/Boat/Natural/11_boat.png","https://tactileeval.s3.us-east-1.amazonaws.com/family_datasets/Vehicles_and_Flight_Systems/Boat/Tactile/11.jpg","","Boat","https://tactileeval.s3.us-east-1.amazonaws.com/family_datasets/Vehicles_and_Flight_Systems/Boat/Natural/12_boat.png","https://tactileeval.s3.us-east-1.amazonaws.com/family_datasets/Vehicles_and_Flight_Systems/Boat/Tactile/12.jpg","","Boat","https://tactileeval.s3.us-east-1.amazonaws.com/family_datasets/Vehicles_and_Flight_Systems/Boat/Natural/13_boat.png","https://tactileeval.s3.us-east-1.amazonaws.com/family_datasets/Vehicles_and_Flight_Systems/Boat/Tactile/13.jpg","","Boat","https://tactileeval.s3.us-east-1.amazonaws.com/family_datasets/Vehicles_and_Flight_Systems/Boat/Natural/14_boat.png","https://tactileeval.s3.us-east-1.amazonaws.com/family_datasets/Vehicles_and_Flight_Systems/Boat/Tactile/14.jpg","","Boat","https://tactileeval.s3.us-east-1.amazonaws.com/family_datasets/Vehicles_and_Flight_Systems/Boat/Natural/15_boat.png","https://tactileeval.s3.us-east-1.amazonaws.com/family_datasets/Vehicles_and_Flight_Systems/Boat/Tactile/15.jpg","","Boat","https://tactileeval.s3.us-east-1.amazonaws.com/family_datasets/Vehicles_and_Flight_Systems/Boat/Natural/16_boat.png","https://tactileeval.s3.us-east-1.amazonaws.com/family_datasets/Vehicles_and_Flight_Systems/Boat/Tactile/16.jpg","","Boat","https://tactileeval.s3.us-east-1.amazonaws.com/family_datasets/Vehicles_and_Flight_Systems/Boat/Natural/17_boat.png","https://tactileeval.s3.us-east-1.amazonaws.com/family_datasets/Vehicles_and_Flight_Systems/Boat/Tactile/17.jpg","","Boat","https://tactileeval.s3.us-east-1.amazonaws.com/family_datasets/Vehicles_and_Flight_Systems/Boat/Natural/18_boat.png","https://tactileeval.s3.us-east-1.amazonaws.com/family_datasets/Vehicles_and_Flight_Systems/Boat/Tactile/18.jpg","","Boat","https://tactileeval.s3.us-east-1.amazonaws.com/family_datasets/Vehicles_and_Flight_Systems/Boat/Natural/19_boat.png","https://tactileeval.s3.us-east-1.amazonaws.com/family_datasets/Vehicles_and_Flight_Systems/Boat/Tactile/19.png","","Car","https://tactileeval.s3.us-east-1.amazonaws.com/family_datasets/Vehicles_and_Flight_Systems/Car/Natural/Car_1.jpg","https://tactileeval.s3.us-east-1.amazonaws.com/family_datasets/Vehicles_and_Flight_Systems/Car/Tactile/1.jpg","","[{""question1"":{""background_clean"":true,""configuration_match"":true,""object_match"":false},""question10"":{""background_clean"":true,""configuration_match"":true,""object_match"":false},""question2"":{""background_clean"":true,""configuration_match"":true,""object_match"":false},""question3"":{""background_clean"":true,""configuration_match"":true,""object_match"":false},""question4"":{""background_clean"":true,""configuration_match"":false,""object_match"":false},""question5"":{""background_clean"":true,""configuration_match"":false,""object_match"":false},""question6"":{""background_clean"":true,""configuration_match"":false,""object_match"":false},""question7"":{""background_clean"":true,""configuration_match"":false,""object_match"":false},""question8"":{""background_clean"":true,""configuration_match"":false,""object_match"":false},""question9"":{""background_clean"":true,""configuration_match"":true,""object_match"":false}}]"
"3H4IKZHAM3W846V7VCO3F41P60ENNA","3PMOF0KIQ9OPLJTQP1WUGXCGLK7KBL","Categorize images based on background and posture.","Review 10 line-arts and judge if it has adequate background and configuration. (10 pairs)","tactile, image review, accessibility, vehicles","$0.08","Sat Apr 18 07:32:18 PDT 2026","7","BatchId:5385911;OriginalHitTemplateId:928390873;","1200","1296000","Sat Apr 25 07:32:18 PDT 2026","","","3ZWFC4W1VNLJHW8BGXR843TJ997FR6","A1LN8392JHDGL5","Submitted","Sat Apr 18 09:38:53 PDT 2026","Sat Apr 18 09:47:34 PDT 2026","Sun May 03 09:47:34 PDT 2026","","","","521","0% (0/0)","0% (0/0)","0% (0/0)","Boat","https://tactileeval.s3.us-east-1.amazonaws.com/family_datasets/Vehicles_and_Flight_Systems/Boat/Natural/11_boat.png","https://tactileeval.s3.us-east-1.amazonaws.com/family_datasets/Vehicles_and_Flight_Systems/Boat/Tactile/11.jpg","","Boat","https://tactileeval.s3.us-east-1.amazonaws.com/family_datasets/Vehicles_and_Flight_Systems/Boat/Natural/12_boat.png","https://tactileeval.s3.us-east-1.amazonaws.com/family_datasets/Vehicles_and_Flight_Systems/Boat/Tactile/12.jpg","","Boat","https://tactileeval.s3.us-east-1.amazonaws.com/family_datasets/Vehicles_and_Flight_Systems/Boat/Natural/13_boat.png","https://tactileeval.s3.us-east-1.amazonaws.com/family_datasets/Vehicles_and_Flight_Systems/Boat/Tactile/13.jpg","","Boat","https://tactileeval.s3.us-east-1.amazonaws.com/family_datasets/Vehicles_and_Flight_Systems/Boat/Natural/14_boat.png","https://tactileeval.s3.us-east-1.amazonaws.com/family_datasets/Vehicles_and_Flight_Systems/Boat/Tactile/14.jpg","","Boat","https://tactileeval.s3.us-east-1.amazonaws.com/family_datasets/Vehicles_and_Flight_Systems/Boat/Natural/15_boat.png","https://tactileeval.s3.us-east-1.amazonaws.com/family_datasets/Vehicles_and_Flight_Systems/Boat/Tactile/15.jpg","","Boat","https://tactileeval.s3.us-east-1.amazonaws.com/family_datasets/Vehicles_and_Flight_Systems/Boat/Natural/16_boat.png","https://tactileeval.s3.us-east-1.amazonaws.com/family_datasets/Vehicles_and_Flight_Systems/Boat/Tactile/16.jpg","","Boat","https://tactileeval.s3.us-east-1.amazonaws.com/family_datasets/Vehicles_and_Flight_Systems/Boat/Natural/17_boat.png","https://tactileeval.s3.us-east-1.amazonaws.com/family_datasets/Vehicles_and_Flight_Systems/Boat/Tactile/17.jpg","","Boat","https://tactileeval.s3.us-east-1.amazonaws.com/family_datasets/Vehicles_and_Flight_Systems/Boat/Natural/18_boat.png","https://tactileeval.s3.us-east-1.amazonaws.com/family_datasets/Vehicles_and_Flight_Systems/Boat/Tactile/18.jpg","","Boat","https://tactileeval.s3.us-east-1.amazonaws.com/family_datasets/Vehicles_and_Flight_Systems/Boat/Natural/19_boat.png","https://tactileeval.s3.us-east-1.amazonaws.com/family_datasets/Vehicles_and_Flight_Systems/Boat/Tactile/19.png","","Car","https://tactileeval.s3.us-east-1.amazonaws.com/family_datasets/Vehicles_and_Flight_Systems/Car/Natural/Car_1.jpg","https://tactileeval.s3.us-east-1.amazonaws.com/family_datasets/Vehicles_and_Flight_Systems/Car/Tactile/1.jpg","","[{""question1"":{""background_clean"":true,""configuration_match"":true,""object_match"":true},""question10"":{""background_clean"":true,""configuration_match"":false,""object_match"":true},""question2"":{""background_clean"":true,""configuration_match"":false,""object_match"":false},""question3"":{""background_clean"":true,""configuration_match"":false,""object_match"":true},""question4"":{""background_clean"":true,""configuration_match"":false,""object_match"":true},""question5"":{""background_clean"":true,""configuration_match"":true,""object_match"":true},""question6"":{""background_clean"":true,""configuration_match"":true,""object_match"":true},""question7"":{""background_clean"":true,""configuration_match"":false,""object_match"":true},""question8"":{""background_clean"":true,""configuration_match"":false,""object_match"":true},""question9"":{""background_clean"":true,""configuration_match"":true,""object_match"":true}}]"
"3H4IKZHAM3W846V7VCO3F41P60ENNA","3PMOF0KIQ9OPLJTQP1WUGXCGLK7KBL","Categorize images based on background and posture.","Review 10 line-arts and judge if it has adequate background and configuration. (10 pairs)","tactile, image review, accessibility, vehicles","$0.08","Sat Apr 18 07:32:18 PDT 2026","7","BatchId:5385911;OriginalHitTemplateId:928390873;","1200","1296000","Sat Apr 25 07:32:18 PDT 2026","","","378XPAWRV5RBS6OKFUB7CAH1PXCAIL","A2FK6782M09EBO","Submitted","Sat Apr 18 09:43:36 PDT 2026","Sat Apr 18 09:48:26 PDT 2026","Sun May 03 09:48:26 PDT 2026","","","","290","93% (65/70)","93% (65/70)","93% (65/70)","Boat","https://tactileeval.s3.us-east-1.amazonaws.com/family_datasets/Vehicles_and_Flight_Systems/Boat/Natural/11_boat.png","https://tactileeval.s3.us-east-1.amazonaws.com/family_datasets/Vehicles_and_Flight_Systems/Boat/Tactile/11.jpg","","Boat","https://tactileeval.s3.us-east-1.amazonaws.com/family_datasets/Vehicles_and_Flight_Systems/Boat/Natural/12_boat.png","https://tactileeval.s3.us-east-1.amazonaws.com/family_datasets/Vehicles_and_Flight_Systems/Boat/Tactile/12.jpg","","Boat","https://tactileeval.s3.us-east-1.amazonaws.com/family_datasets/Vehicles_and_Flight_Systems/Boat/Natural/13_boat.png","https://tactileeval.s3.us-east-1.amazonaws.com/family_datasets/Vehicles_and_Flight_Systems/Boat/Tactile/13.jpg","","Boat","https://tactileeval.s3.us-east-1.amazonaws.com/family_datasets/Vehicles_and_Flight_Systems/Boat/Natural/14_boat.png","https://tactileeval.s3.us-east-1.amazonaws.com/family_datasets/Vehicles_and_Flight_Systems/Boat/Tactile/14.jpg","","Boat","https://tactileeval.s3.us-east-1.amazonaws.com/family_datasets/Vehicles_and_Flight_Systems/Boat/Natural/15_boat.png","https://tactileeval.s3.us-east-1.amazonaws.com/family_datasets/Vehicles_and_Flight_Systems/Boat/Tactile/15.jpg","","Boat","https://tactileeval.s3.us-east-1.amazonaws.com/family_datasets/Vehicles_and_Flight_Systems/Boat/Natural/16_boat.png","https://tactileeval.s3.us-east-1.amazonaws.com/family_datasets/Vehicles_and_Flight_Systems/Boat/Tactile/16.jpg","","Boat","https://tactileeval.s3.us-east-1.amazonaws.com/family_datasets/Vehicles_and_Flight_Systems/Boat/Natural/17_boat.png","https://tactileeval.s3.us-east-1.amazonaws.com/family_datasets/Vehicles_and_Flight_Systems/Boat/Tactile/17.jpg","","Boat","https://tactileeval.s3.us-east-1.amazonaws.com/family_datasets/Vehicles_and_Flight_Systems/Boat/Natural/18_boat.png","https://tactileeval.s3.us-east-1.amazonaws.com/family_datasets/Vehicles_and_Flight_Systems/Boat/Tactile/18.jpg","","Boat","https://tactileeval.s3.us-east-1.amazonaws.com/family_datasets/Vehicles_and_Flight_Systems/Boat/Natural/19_boat.png","https://tactileeval.s3.us-east-1.amazonaws.com/family_datasets/Vehicles_and_Flight_Systems/Boat/Tactile/19.png","","Car","https://tactileeval.s3.us-east-1.amazonaws.com/family_datasets/Vehicles_and_Flight_Systems/Car/Natural/Car_1.jpg","https://tactileeval.s3.us-east-1.amazonaws.com/family_datasets/Vehicles_and_Flight_Systems/Car/Tactile/1.jpg","","[{""question1"":{""background_clean"":true,""configuration_match"":true,""object_match"":true},""question10"":{""background_clean"":true,""configuration_match"":true,""object_match"":true},""question2"":{""background_clean"":true,""configuration_match"":true,""object_match"":false},""question3"":{""background_clean"":true,""configuration_match"":true,""object_match"":false},""question4"":{""background_clean"":true,""configuration_match"":false,""object_match"":false},""question5"":{""background_clean"":true,""configuration_match"":true,""object_match"":true},""question6"":{""background_clean"":true,""configuration_match"":true,""object_match"":true},""question7"":{""background_clean"":true,""configuration_match"":true,""object_match"":false},""question8"":{""background_clean"":true,""configuration_match"":true,""object_match"":false},""question9"":{""background_clean"":true,""configuration_match"":true,""object_match"":true}}]"
"3H4IKZHAM3W846V7VCO3F41P60ENNA","3PMOF0KIQ9OPLJTQP1WUGXCGLK7KBL","Categorize images based on background and posture.","Review 10 line-arts and judge if it has adequate background and configuration. (10 pairs)","tactile, image review, accessibility, vehicles","$0.08","Sat Apr 18 07:32:18 PDT 2026","7","BatchId:5385911;OriginalHitTemplateId:928390873;","1200","1296000","Sat Apr 25 07:32:18 PDT 2026","","","3Q5C1WP24FF3MUG5CRZKC0KTGH851Q","A2Y0HZSZTQAVDW","Submitted","Sat Apr 18 10:34:47 PDT 2026","Sat Apr 18 10:40:18 PDT 2026","Sun May 03 10:40:18 PDT 2026","","","","331","0% (0/0)","0% (0/0)","0% (0/0)","Boat","https://tactileeval.s3.us-east-1.amazonaws.com/family_datasets/Vehicles_and_Flight_Systems/Boat/Natural/11_boat.png","https://tactileeval.s3.us-east-1.amazonaws.com/family_datasets/Vehicles_and_Flight_Systems/Boat/Tactile/11.jpg","","Boat","https://tactileeval.s3.us-east-1.amazonaws.com/family_datasets/Vehicles_and_Flight_Systems/Boat/Natural/12_boat.png","https://tactileeval.s3.us-east-1.amazonaws.com/family_datasets/Vehicles_and_Flight_Systems/Boat/Tactile/12.jpg","","Boat","https://tactileeval.s3.us-east-1.amazonaws.com/family_datasets/Vehicles_and_Flight_Systems/Boat/Natural/13_boat.png","https://tactileeval.s3.us-east-1.amazonaws.com/family_datasets/Vehicles_and_Flight_Systems/Boat/Tactile/13.jpg","","Boat","https://tactileeval.s3.us-east-1.amazonaws.com/family_datasets/Vehicles_and_Flight_Systems/Boat/Natural/14_boat.png","https://tactileeval.s3.us-east-1.amazonaws.com/family_datasets/Vehicles_and_Flight_Systems/Boat/Tactile/14.jpg","","Boat","https://tactileeval.s3.us-east-1.amazonaws.com/family_datasets/Vehicles_and_Flight_Systems/Boat/Natural/15_boat.png","https://tactileeval.s3.us-east-1.amazonaws.com/family_datasets/Vehicles_and_Flight_Systems/Boat/Tactile/15.jpg","","Boat","https://tactileeval.s3.us-east-1.amazonaws.com/family_datasets/Vehicles_and_Flight_Systems/Boat/Natural/16_boat.png","https://tactileeval.s3.us-east-1.amazonaws.com/family_datasets/Vehicles_and_Flight_Systems/Boat/Tactile/16.jpg","","Boat","https://tactileeval.s3.us-east-1.amazonaws.com/family_datasets/Vehicles_and_Flight_Systems/Boat/Natural/17_boat.png","https://tactileeval.s3.us-east-1.amazonaws.com/family_datasets/Vehicles_and_Flight_Systems/Boat/Tactile/17.jpg","","Boat","https://tactileeval.s3.us-east-1.amazonaws.com/family_datasets/Vehicles_and_Flight_Systems/Boat/Natural/18_boat.png","https://tactileeval.s3.us-east-1.amazonaws.com/family_datasets/Vehicles_and_Flight_Systems/Boat/Tactile/18.jpg","","Boat","https://tactileeval.s3.us-east-1.amazonaws.com/family_datasets/Vehicles_and_Flight_Systems/Boat/Natural/19_boat.png","https://tactileeval.s3.us-east-1.amazonaws.com/family_datasets/Vehicles_and_Flight_Systems/Boat/Tactile/19.png","","Car","https://tactileeval.s3.us-east-1.amazonaws.com/family_datasets/Vehicles_and_Flight_Systems/Car/Natural/Car_1.jpg","https://tactileeval.s3.us-east-1.amazonaws.com/family_datasets/Vehicles_and_Flight_Systems/Car/Tactile/1.jpg","","[{""question1"":{""background_clean"":true,""configuration_match"":false,""object_match"":false},""question10"":{""background_clean"":true,""configuration_match"":true,""object_match"":true},""question2"":{""background_clean"":true,""configuration_match"":false,""object_match"":false},""question3"":{""background_clean"":true,""configuration_match"":false,""object_match"":false},""question4"":{""background_clean"":true,""configuration_match"":false,""object_match"":false},""question5"":{""background_clean"":true,""configuration_match"":false,""object_match"":false},""question6"":{""background_clean"":true,""configuration_match"":false,""object_match"":false},""question7"":{""background_clean"":true,""configuration_match"":false,""object_match"":false},""question8"":{""background_clean"":true,""configuration_match"":false,""object_match"":false},""question9"":{""background_clean"":true,""configuration_match"":false,""object_match"":false}}]"
"3H4IKZHAM3W846V7VCO3F41P60ENNA","3PMOF0KIQ9OPLJTQP1WUGXCGLK7KBL","Categorize images based on background and posture.","Review 10 line-arts and judge if it has adequate background and configuration. (10 pairs)","tactile, image review, accessibility, vehicles","$0.08","Sat Apr 18 07:32:18 PDT 2026","7","BatchId:5385911;OriginalHitTemplateId:928390873;","1200","1296000","Sat Apr 25 07:32:18 PDT 2026","","","3XM0HYN6ODD6Z5S08U3DHQ84WQIPEK","A9380GKZM50GU","Submitted","Sat Apr 18 11:31:00 PDT 2026","Sat Apr 18 11:32:40 PDT 2026","Sun May 03 11:32:40 PDT 2026","","","","100","0% (0/0)","0% (0/0)","0% (0/0)","Boat","https://tactileeval.s3.us-east-1.amazonaws.com/family_datasets/Vehicles_and_Flight_Systems/Boat/Natural/11_boat.png","https://tactileeval.s3.us-east-1.amazonaws.com/family_datasets/Vehicles_and_Flight_Systems/Boat/Tactile/11.jpg","","Boat","https://tactileeval.s3.us-east-1.amazonaws.com/family_datasets/Vehicles_and_Flight_Systems/Boat/Natural/12_boat.png","https://tactileeval.s3.us-east-1.amazonaws.com/family_datasets/Vehicles_and_Flight_Systems/Boat/Tactile/12.jpg","","Boat","https://tactileeval.s3.us-east-1.amazonaws.com/family_datasets/Vehicles_and_Flight_Systems/Boat/Natural/13_boat.png","https://tactileeval.s3.us-east-1.amazonaws.com/family_datasets/Vehicles_and_Flight_Systems/Boat/Tactile/13.jpg","","Boat","https://tactileeval.s3.us-east-1.amazonaws.com/family_datasets/Vehicles_and_Flight_Systems/Boat/Natural/14_boat.png","https://tactileeval.s3.us-east-1.amazonaws.com/family_datasets/Vehicles_and_Flight_Systems/Boat/Tactile/14.jpg","","Boat","https://tactileeval.s3.us-east-1.amazonaws.com/family_datasets/Vehicles_and_Flight_Systems/Boat/Natural/15_boat.png","https://tactileeval.s3.us-east-1.amazonaws.com/family_datasets/Vehicles_and_Flight_Systems/Boat/Tactile/15.jpg","","Boat","https://tactileeval.s3.us-east-1.amazonaws.com/family_datasets/Vehicles_and_Flight_Systems/Boat/Natural/16_boat.png","https://tactileeval.s3.us-east-1.amazonaws.com/family_datasets/Vehicles_and_Flight_Systems/Boat/Tactile/16.jpg","","Boat","https://tactileeval.s3.us-east-1.amazonaws.com/family_datasets/Vehicles_and_Flight_Systems/Boat/Natural/17_boat.png","https://tactileeval.s3.us-east-1.amazonaws.com/family_datasets/Vehicles_and_Flight_Systems/Boat/Tactile/17.jpg","","Boat","https://tactileeval.s3.us-east-1.amazonaws.com/family_datasets/Vehicles_and_Flight_Systems/Boat/Natural/18_boat.png","https://tactileeval.s3.us-east-1.amazonaws.com/family_datasets/Vehicles_and_Flight_Systems/Boat/Tactile/18.jpg","","Boat","https://tactileeval.s3.us-east-1.amazonaws.com/family_datasets/Vehicles_and_Flight_Systems/Boat/Natural/19_boat.png","https://tactileeval.s3.us-east-1.amazonaws.com/family_datasets/Vehicles_and_Flight_Systems/Boat/Tactile/19.png","","Car","https://tactileeval.s3.us-east-1.amazonaws.com/family_datasets/Vehicles_and_Flight_Systems/Car/Natural/Car_1.jpg","https://tactileeval.s3.us-east-1.amazonaws.com/family_datasets/Vehicles_and_Flight_Systems/Car/Tactile/1.jpg","","[{""question1"":{""background_clean"":true,""configuration_match"":true,""object_match"":true},""question10"":{""background_clean"":true,""configuration_match"":false,""object_match"":true},""question2"":{""background_clean"":true,""configuration_match"":false,""object_match"":true},""question3"":{""background_clean"":true,""configuration_match"":false,""object_match"":true},""question4"":{""background_clean"":true,""configuration_match"":false,""object_match"":true},""question5"":{""background_clean"":true,""configuration_match"":false,""object_match"":true},""question6"":{""background_clean"":true,""configuration_match"":false,""object_match"":true},""question7"":{""background_clean"":true,""configuration_match"":false,""object_match"":true},""question8"":{""background_clean"":true,""configuration_match"":false,""object_match"":true},""question9"":{""background_clean"":true,""configuration_match"":false,""object_match"":true}}]"
"3H4IKZHAM3W846V7VCO3F41P60ENNA","3PMOF0KIQ9OPLJTQP1WUGXCGLK7KBL","Categorize images based on background and posture.","Review 10 line-arts and judge if it has adequate background and configuration. (10 pairs)","tactile, image review, accessibility, vehicles","$0.08","Sat Apr 18 07:32:18 PDT 2026","7","BatchId:5385911;OriginalHitTemplateId:928390873;","1200","1296000","Sat Apr 25 07:32:18 PDT 2026","","","3ND9UOO82DGAPKZT124CMF6KYKRLW3","A3MYUSGFSNT3J0","Submitted","Sat Apr 18 13:07:36 PDT 2026","Sat Apr 18 13:20:00 PDT 2026","Sun May 03 13:20:00 PDT 2026","","","","744","0% (0/0)","0% (0/0)","0% (0/0)","Boat","https://tactileeval.s3.us-east-1.amazonaws.com/family_datasets/Vehicles_and_Flight_Systems/Boat/Natural/11_boat.png","https://tactileeval.s3.us-east-1.amazonaws.com/family_datasets/Vehicles_and_Flight_Systems/Boat/Tactile/11.jpg","","Boat","https://tactileeval.s3.us-east-1.amazonaws.com/family_datasets/Vehicles_and_Flight_Systems/Boat/Natural/12_boat.png","https://tactileeval.s3.us-east-1.amazonaws.com/family_datasets/Vehicles_and_Flight_Systems/Boat/Tactile/12.jpg","","Boat","https://tactileeval.s3.us-east-1.amazonaws.com/family_datasets/Vehicles_and_Flight_Systems/Boat/Natural/13_boat.png","https://tactileeval.s3.us-east-1.amazonaws.com/family_datasets/Vehicles_and_Flight_Systems/Boat/Tactile/13.jpg","","Boat","https://tactileeval.s3.us-east-1.amazonaws.com/family_datasets/Vehicles_and_Flight_Systems/Boat/Natural/14_boat.png","https://tactileeval.s3.us-east-1.amazonaws.com/family_datasets/Vehicles_and_Flight_Systems/Boat/Tactile/14.jpg","","Boat","https://tactileeval.s3.us-east-1.amazonaws.com/family_datasets/Vehicles_and_Flight_Systems/Boat/Natural/15_boat.png","https://tactileeval.s3.us-east-1.amazonaws.com/family_datasets/Vehicles_and_Flight_Systems/Boat/Tactile/15.jpg","","Boat","https://tactileeval.s3.us-east-1.amazonaws.com/family_datasets/Vehicles_and_Flight_Systems/Boat/Natural/16_boat.png","https://tactileeval.s3.us-east-1.amazonaws.com/family_datasets/Vehicles_and_Flight_Systems/Boat/Tactile/16.jpg","","Boat","https://tactileeval.s3.us-east-1.amazonaws.com/family_datasets/Vehicles_and_Flight_Systems/Boat/Natural/17_boat.png","https://tactileeval.s3.us-east-1.amazonaws.com/family_datasets/Vehicles_and_Flight_Systems/Boat/Tactile/17.jpg","","Boat","https://tactileeval.s3.us-east-1.amazonaws.com/family_datasets/Vehicles_and_Flight_Systems/Boat/Natural/18_boat.png","https://tactileeval.s3.us-east-1.amazonaws.com/family_datasets/Vehicles_and_Flight_Systems/Boat/Tactile/18.jpg","","Boat","https://tactileeval.s3.us-east-1.amazonaws.com/family_datasets/Vehicles_and_Flight_Systems/Boat/Natural/19_boat.png","https://tactileeval.s3.us-east-1.amazonaws.com/family_datasets/Vehicles_and_Flight_Systems/Boat/Tactile/19.png","","Car","https://tactileeval.s3.us-east-1.amazonaws.com/family_datasets/Vehicles_and_Flight_Systems/Car/Natural/Car_1.jpg","https://tactileeval.s3.us-east-1.amazonaws.com/family_datasets/Vehicles_and_Flight_Systems/Car/Tactile/1.jpg","","[{""question1"":{""background_clean"":false,""configuration_match"":true,""object_match"":false},""question10"":{""background_clean"":false,""configuration_match"":true,""object_match"":false},""question2"":{""background_clean"":false,""configuration_match"":true,""object_match"":false},""question3"":{""background_clean"":true,""configuration_match"":true,""object_match"":false},""question4"":{""background_clean"":false,""configuration_match"":false,""object_match"":true},""question5"":{""background_clean"":false,""configuration_match"":true,""object_match"":false},""question6"":{""background_clean"":true,""configuration_match"":true,""object_match"":false},""question7"":{""background_clean"":true,""configuration_match"":false,""object_match"":false},""question8"":{""background_clean"":true,""configuration_match"":true,""object_match"":false},""question9"":{""background_clean"":true,""configuration_match"":false,""object_match"":false}}]"
"3H4IKZHAM3W846V7VCO3F41P60ENNA","3PMOF0KIQ9OPLJTQP1WUGXCGLK7KBL","Categorize images based on background and posture.","Review 10 line-arts and judge if it has adequate background and configuration. (10 pairs)","tactile, image review, accessibility, vehicles","$0.08","Sat Apr 18 07:32:18 PDT 2026","7","BatchId:5385911;OriginalHitTemplateId:928390873;","1200","1296000","Sat Apr 25 07:32:18 PDT 2026","","","3DQQ64TAO9Z0G5ERTUXJ3WF43UTWPD","A32BQKMVUH8ZYJ","Submitted","Sat Apr 18 13:36:02 PDT 2026","Sat Apr 18 13:48:51 PDT 2026","Sun May 03 13:48:51 PDT 2026","","","","769","0% (0/0)","0% (0/0)","0% (0/0)","Boat","https://tactileeval.s3.us-east-1.amazonaws.com/family_datasets/Vehicles_and_Flight_Systems/Boat/Natural/11_boat.png","https://tactileeval.s3.us-east-1.amazonaws.com/family_datasets/Vehicles_and_Flight_Systems/Boat/Tactile/11.jpg","","Boat","https://tactileeval.s3.us-east-1.amazonaws.com/family_datasets/Vehicles_and_Flight_Systems/Boat/Natural/12_boat.png","https://tactileeval.s3.us-east-1.amazonaws.com/family_datasets/Vehicles_and_Flight_Systems/Boat/Tactile/12.jpg","","Boat","https://tactileeval.s3.us-east-1.amazonaws.com/family_datasets/Vehicles_and_Flight_Systems/Boat/Natural/13_boat.png","https://tactileeval.s3.us-east-1.amazonaws.com/family_datasets/Vehicles_and_Flight_Systems/Boat/Tactile/13.jpg","","Boat","https://tactileeval.s3.us-east-1.amazonaws.com/family_datasets/Vehicles_and_Flight_Systems/Boat/Natural/14_boat.png","https://tactileeval.s3.us-east-1.amazonaws.com/family_datasets/Vehicles_and_Flight_Systems/Boat/Tactile/14.jpg","","Boat","https://tactileeval.s3.us-east-1.amazonaws.com/family_datasets/Vehicles_and_Flight_Systems/Boat/Natural/15_boat.png","https://tactileeval.s3.us-east-1.amazonaws.com/family_datasets/Vehicles_and_Flight_Systems/Boat/Tactile/15.jpg","","Boat","https://tactileeval.s3.us-east-1.amazonaws.com/family_datasets/Vehicles_and_Flight_Systems/Boat/Natural/16_boat.png","https://tactileeval.s3.us-east-1.amazonaws.com/family_datasets/Vehicles_and_Flight_Systems/Boat/Tactile/16.jpg","","Boat","https://tactileeval.s3.us-east-1.amazonaws.com/family_datasets/Vehicles_and_Flight_Systems/Boat/Natural/17_boat.png","https://tactileeval.s3.us-east-1.amazonaws.com/family_datasets/Vehicles_and_Flight_Systems/Boat/Tactile/17.jpg","","Boat","https://tactileeval.s3.us-east-1.amazonaws.com/family_datasets/Vehicles_and_Flight_Systems/Boat/Natural/18_boat.png","https://tactileeval.s3.us-east-1.amazonaws.com/family_datasets/Vehicles_and_Flight_Systems/Boat/Tactile/18.jpg","","Boat","https://tactileeval.s3.us-east-1.amazonaws.com/family_datasets/Vehicles_and_Flight_Systems/Boat/Natural/19_boat.png","https://tactileeval.s3.us-east-1.amazonaws.com/family_datasets/Vehicles_and_Flight_Systems/Boat/Tactile/19.png","","Car","https://tactileeval.s3.us-east-1.amazonaws.com/family_datasets/Vehicles_and_Flight_Systems/Car/Natural/Car_1.jpg","https://tactileeval.s3.us-east-1.amazonaws.com/family_datasets/Vehicles_and_Flight_Systems/Car/Tactile/1.jpg","","[{""question1"":{""background_clean"":false,""configuration_match"":true,""object_match"":false},""question10"":{""background_clean"":false,""configuration_match"":false,""object_match"":true},""question2"":{""background_clean"":false,""configuration_match"":false,""object_match"":true},""question3"":{""background_clean"":false,""configuration_match"":false,""object_match"":true},""question4"":{""background_clean"":false,""configuration_match"":true,""object_match"":false},""question5"":{""background_clean"":false,""configuration_match"":false,""object_match"":true},""question6"":{""background_clean"":false,""configuration_match"":true,""object_match"":false},""question7"":{""background_clean"":false,""configuration_match"":false,""object_match"":true},""question8"":{""background_clean"":false,""configuration_match"":true,""object_match"":false},""question9"":{""background_clean"":false,""configuration_match"":true,""object_match"":false}}]"
"3V8JSVE8ZQ4YMZM89FUV6X5NWSHYEM","3PMOF0KIQ9OPLJTQP1WUGXCGLK7KBL","Categorize images based on background and posture.","Review 10 line-arts and judge if it has adequate background and configuration. (10 pairs)","tactile, image review, accessibility, vehicles","$0.08","Sat Apr 18 07:32:18 PDT 2026","7","BatchId:5385911;OriginalHitTemplateId:928390873;","1200","1296000","Sat Apr 25 07:32:18 PDT 2026","","","3NLZY2D54I355N37PT56UQOYAI8QL0","A1KXF2L2ZGQXJK","Submitted","Sat Apr 18 07:43:06 PDT 2026","Sat Apr 18 07:43:53 PDT 2026","Sun May 03 07:43:53 PDT 2026","","","","47","0% (0/0)","0% (0/0)","0% (0/0)","Car","https://tactileeval.s3.us-east-1.amazonaws.com/family_datasets/Vehicles_and_Flight_Systems/Car/Natural/Car_2.jpg","https://tactileeval.s3.us-east-1.amazonaws.com/family_datasets/Vehicles_and_Flight_Systems/Car/Tactile/2.jpg","","Car","https://tactileeval.s3.us-east-1.amazonaws.com/family_datasets/Vehicles_and_Flight_Systems/Car/Natural/Car_3.jpeg","https://tactileeval.s3.us-east-1.amazonaws.com/family_datasets/Vehicles_and_Flight_Systems/Car/Tactile/3.jpg","","Car","https://tactileeval.s3.us-east-1.amazonaws.com/family_datasets/Vehicles_and_Flight_Systems/Car/Natural/Car_4.jpeg","https://tactileeval.s3.us-east-1.amazonaws.com/family_datasets/Vehicles_and_Flight_Systems/Car/Tactile/4.jpg","","Car","https://tactileeval.s3.us-east-1.amazonaws.com/family_datasets/Vehicles_and_Flight_Systems/Car/Natural/Car_5.jpg","https://tactileeval.s3.us-east-1.amazonaws.com/family_datasets/Vehicles_and_Flight_Systems/Car/Tactile/5.png","","Car","https://tactileeval.s3.us-east-1.amazonaws.com/family_datasets/Vehicles_and_Flight_Systems/Car/Natural/Car_6.jpeg","https://tactileeval.s3.us-east-1.amazonaws.com/family_datasets/Vehicles_and_Flight_Systems/Car/Tactile/6.jpg","","Car","https://tactileeval.s3.us-east-1.amazonaws.com/family_datasets/Vehicles_and_Flight_Systems/Car/Natural/Car_7.jpeg","https://tactileeval.s3.us-east-1.amazonaws.com/family_datasets/Vehicles_and_Flight_Systems/Car/Tactile/7.jpg","","Car","https://tactileeval.s3.us-east-1.amazonaws.com/family_datasets/Vehicles_and_Flight_Systems/Car/Natural/Car_8.jpeg","https://tactileeval.s3.us-east-1.amazonaws.com/family_datasets/Vehicles_and_Flight_Systems/Car/Tactile/8.jpg","","Car","https://tactileeval.s3.us-east-1.amazonaws.com/family_datasets/Vehicles_and_Flight_Systems/Car/Natural/Car_9.jpg","https://tactileeval.s3.us-east-1.amazonaws.com/family_datasets/Vehicles_and_Flight_Systems/Car/Tactile/9.jpg","","Car","https://tactileeval.s3.us-east-1.amazonaws.com/family_datasets/Vehicles_and_Flight_Systems/Car/Natural/Car_10.jpeg","https://tactileeval.s3.us-east-1.amazonaws.com/family_datasets/Vehicles_and_Flight_Systems/Car/Tactile/10.jpg","","Car","https://tactileeval.s3.us-east-1.amazonaws.com/family_datasets/Vehicles_and_Flight_Systems/Car/Natural/Car_11.jpg","https://tactileeval.s3.us-east-1.amazonaws.com/family_datasets/Vehicles_and_Flight_Systems/Car/Tactile/11.jpg","","[{""question1"":{""background_clean"":true,""configuration_match"":true,""object_match"":false},""question10"":{""background_clean"":true,""configuration_match"":true,""object_match"":false},""question2"":{""background_clean"":true,""configuration_match"":true,""object_match"":false},""question3"":{""background_clean"":true,""configuration_match"":true,""object_match"":false},""question4"":{""background_clean"":true,""configuration_match"":true,""object_match"":false},""question5"":{""background_clean"":true,""configuration_match"":true,""object_match"":false},""question6"":{""background_clean"":true,""configuration_match"":true,""object_match"":false},""question7"":{""background_clean"":true,""configuration_match"":true,""object_match"":false},""question8"":{""background_clean"":true,""configuration_match"":true,""object_match"":true},""question9"":{""background_clean"":true,""configuration_match"":true,""object_match"":false}}]"
"3V8JSVE8ZQ4YMZM89FUV6X5NWSHYEM","3PMOF0KIQ9OPLJTQP1WUGXCGLK7KBL","Categorize images based on background and posture.","Review 10 line-arts and judge if it has adequate background and configuration. (10 pairs)","tactile, image review, accessibility, vehicles","$0.08","Sat Apr 18 07:32:18 PDT 2026","7","BatchId:5385911;OriginalHitTemplateId:928390873;","1200","1296000","Sat Apr 25 07:32:18 PDT 2026","","","3QAVNHZ3FFIDI7WQ0X8K4Q9T615ALY","A1LN8392JHDGL5","Submitted","Sat Apr 18 09:38:54 PDT 2026","Sat Apr 18 09:49:35 PDT 2026","Sun May 03 09:49:35 PDT 2026","","","","641","0% (0/0)","0% (0/0)","0% (0/0)","Car","https://tactileeval.s3.us-east-1.amazonaws.com/family_datasets/Vehicles_and_Flight_Systems/Car/Natural/Car_2.jpg","https://tactileeval.s3.us-east-1.amazonaws.com/family_datasets/Vehicles_and_Flight_Systems/Car/Tactile/2.jpg","","Car","https://tactileeval.s3.us-east-1.amazonaws.com/family_datasets/Vehicles_and_Flight_Systems/Car/Natural/Car_3.jpeg","https://tactileeval.s3.us-east-1.amazonaws.com/family_datasets/Vehicles_and_Flight_Systems/Car/Tactile/3.jpg","","Car","https://tactileeval.s3.us-east-1.amazonaws.com/family_datasets/Vehicles_and_Flight_Systems/Car/Natural/Car_4.jpeg","https://tactileeval.s3.us-east-1.amazonaws.com/family_datasets/Vehicles_and_Flight_Systems/Car/Tactile/4.jpg","","Car","https://tactileeval.s3.us-east-1.amazonaws.com/family_datasets/Vehicles_and_Flight_Systems/Car/Natural/Car_5.jpg","https://tactileeval.s3.us-east-1.amazonaws.com/family_datasets/Vehicles_and_Flight_Systems/Car/Tactile/5.png","","Car","https://tactileeval.s3.us-east-1.amazonaws.com/family_datasets/Vehicles_and_Flight_Systems/Car/Natural/Car_6.jpeg","https://tactileeval.s3.us-east-1.amazonaws.com/family_datasets/Vehicles_and_Flight_Systems/Car/Tactile/6.jpg","","Car","https://tactileeval.s3.us-east-1.amazonaws.com/family_datasets/Vehicles_and_Flight_Systems/Car/Natural/Car_7.jpeg","https://tactileeval.s3.us-east-1.amazonaws.com/family_datasets/Vehicles_and_Flight_Systems/Car/Tactile/7.jpg","","Car","https://tactileeval.s3.us-east-1.amazonaws.com/family_datasets/Vehicles_and_Flight_Systems/Car/Natural/Car_8.jpeg","https://tactileeval.s3.us-east-1.amazonaws.com/family_datasets/Vehicles_and_Flight_Systems/Car/Tactile/8.jpg","","Car","https://tactileeval.s3.us-east-1.amazonaws.com/family_datasets/Vehicles_and_Flight_Systems/Car/Natural/Car_9.jpg","https://tactileeval.s3.us-east-1.amazonaws.com/family_datasets/Vehicles_and_Flight_Systems/Car/Tactile/9.jpg","","Car","https://tactileeval.s3.us-east-1.amazonaws.com/family_datasets/Vehicles_and_Flight_Systems/Car/Natural/Car_10.jpeg","https://tactileeval.s3.us-east-1.amazonaws.com/family_datasets/Vehicles_and_Flight_Systems/Car/Tactile/10.jpg","","Car","https://tactileeval.s3.us-east-1.amazonaws.com/family_datasets/Vehicles_and_Flight_Systems/Car/Natural/Car_11.jpg","https://tactileeval.s3.us-east-1.amazonaws.com/family_datasets/Vehicles_and_Flight_Systems/Car/Tactile/11.jpg","","[{""question1"":{""background_clean"":true,""configuration_match"":true,""object_match"":true},""question10"":{""background_clean"":true,""configuration_match"":true,""object_match"":true},""question2"":{""background_clean"":true,""configuration_match"":true,""object_match"":true},""question3"":{""background_clean"":true,""configuration_match"":true,""object_match"":true},""question4"":{""background_clean"":true,""configuration_match"":true,""object_match"":true},""question5"":{""background_clean"":true,""configuration_match"":true,""object_match"":true},""question6"":{""background_clean"":true,""configuration_match"":false,""object_match"":true},""question7"":{""background_clean"":true,""configuration_match"":false,""object_match"":false},""question8"":{""background_clean"":true,""configuration_match"":false,""object_match"":true},""question9"":{""background_clean"":true,""configuration_match"":false,""object_match"":true}}]"
"3V8JSVE8ZQ4YMZM89FUV6X5NWSHYEM","3PMOF0KIQ9OPLJTQP1WUGXCGLK7KBL","Categorize images based on background and posture.","Review 10 line-arts and judge if it has adequate background and configuration. (10 pairs)","tactile, image review, accessibility, vehicles","$0.08","Sat Apr 18 07:32:18 PDT 2026","7","BatchId:5385911;OriginalHitTemplateId:928390873;","1200","1296000","Sat Apr 25 07:32:18 PDT 2026","","","3N1FSUEFMYEFI6SHEF058AFO5IB4D5","A2FK6782M09EBO","Submitted","Sat Apr 18 09:58:33 PDT 2026","Sat Apr 18 10:09:33 PDT 2026","Sun May 03 10:09:33 PDT 2026","","","","660","93% (65/70)","93% (65/70)","93% (65/70)","Car","https://tactileeval.s3.us-east-1.amazonaws.com/family_datasets/Vehicles_and_Flight_Systems/Car/Natural/Car_2.jpg","https://tactileeval.s3.us-east-1.amazonaws.com/family_datasets/Vehicles_and_Flight_Systems/Car/Tactile/2.jpg","","Car","https://tactileeval.s3.us-east-1.amazonaws.com/family_datasets/Vehicles_and_Flight_Systems/Car/Natural/Car_3.jpeg","https://tactileeval.s3.us-east-1.amazonaws.com/family_datasets/Vehicles_and_Flight_Systems/Car/Tactile/3.jpg","","Car","https://tactileeval.s3.us-east-1.amazonaws.com/family_datasets/Vehicles_and_Flight_Systems/Car/Natural/Car_4.jpeg","https://tactileeval.s3.us-east-1.amazonaws.com/family_datasets/Vehicles_and_Flight_Systems/Car/Tactile/4.jpg","","Car","https://tactileeval.s3.us-east-1.amazonaws.com/family_datasets/Vehicles_and_Flight_Systems/Car/Natural/Car_5.jpg","https://tactileeval.s3.us-east-1.amazonaws.com/family_datasets/Vehicles_and_Flight_Systems/Car/Tactile/5.png","","Car","https://tactileeval.s3.us-east-1.amazonaws.com/family_datasets/Vehicles_and_Flight_Systems/Car/Natural/Car_6.jpeg","https://tactileeval.s3.us-east-1.amazonaws.com/family_datasets/Vehicles_and_Flight_Systems/Car/Tactile/6.jpg","","Car","https://tactileeval.s3.us-east-1.amazonaws.com/family_datasets/Vehicles_and_Flight_Systems/Car/Natural/Car_7.jpeg","https://tactileeval.s3.us-east-1.amazonaws.com/family_datasets/Vehicles_and_Flight_Systems/Car/Tactile/7.jpg","","Car","https://tactileeval.s3.us-east-1.amazonaws.com/family_datasets/Vehicles_and_Flight_Systems/Car/Natural/Car_8.jpeg","https://tactileeval.s3.us-east-1.amazonaws.com/family_datasets/Vehicles_and_Flight_Systems/Car/Tactile/8.jpg","","Car","https://tactileeval.s3.us-east-1.amazonaws.com/family_datasets/Vehicles_and_Flight_Systems/Car/Natural/Car_9.jpg","https://tactileeval.s3.us-east-1.amazonaws.com/family_datasets/Vehicles_and_Flight_Systems/Car/Tactile/9.jpg","","Car","https://tactileeval.s3.us-east-1.amazonaws.com/family_datasets/Vehicles_and_Flight_Systems/Car/Natural/Car_10.jpeg","https://tactileeval.s3.us-east-1.amazonaws.com/family_datasets/Vehicles_and_Flight_Systems/Car/Tactile/10.jpg","","Car","https://tactileeval.s3.us-east-1.amazonaws.com/family_datasets/Vehicles_and_Flight_Systems/Car/Natural/Car_11.jpg","https://tactileeval.s3.us-east-1.amazonaws.com/family_datasets/Vehicles_and_Flight_Systems/Car/Tactile/11.jpg","","[{""question1"":{""background_clean"":true,""configuration_match"":true,""object_match"":true},""question10"":{""background_clean"":true,""configuration_match"":true,""object_match"":false},""question2"":{""background_clean"":true,""configuration_match"":true,""object_match"":true},""question3"":{""background_clean"":true,""configuration_match"":true,""object_match"":true},""question4"":{""background_clean"":true,""configuration_match"":true,""object_match"":true},""question5"":{""background_clean"":true,""configuration_match"":true,""object_match"":true},""question6"":{""background_clean"":true,""configuration_match"":true,""object_match"":false},""question7"":{""background_clean"":true,""configuration_match"":true,""object_match"":false},""question8"":{""background_clean"":true,""configuration_match"":true,""object_match"":true},""question9"":{""background_clean"":true,""configuration_match"":true,""object_match"":false}}]"
"3V8JSVE8ZQ4YMZM89FUV6X5NWSHYEM","3PMOF0KIQ9OPLJTQP1WUGXCGLK7KBL","Categorize images based on background and posture.","Review 10 line-arts and judge if it has adequate background and configuration. (10 pairs)","tactile, image review, accessibility, vehicles","$0.08","Sat Apr 18 07:32:18 PDT 2026","7","BatchId:5385911;OriginalHitTemplateId:928390873;","1200","1296000","Sat Apr 25 07:32:18 PDT 2026","","","3OCHAWUVHHYEUEM1Q7OX9Y7CIMHXKU","A2Y0HZSZTQAVDW","Submitted","Sat Apr 18 10:34:46 PDT 2026","Sat Apr 18 10:39:09 PDT 2026","Sun May 03 10:39:09 PDT 2026","","","","263","0% (0/0)","0% (0/0)","0% (0/0)","Car","https://tactileeval.s3.us-east-1.amazonaws.com/family_datasets/Vehicles_and_Flight_Systems/Car/Natural/Car_2.jpg","https://tactileeval.s3.us-east-1.amazonaws.com/family_datasets/Vehicles_and_Flight_Systems/Car/Tactile/2.jpg","","Car","https://tactileeval.s3.us-east-1.amazonaws.com/family_datasets/Vehicles_and_Flight_Systems/Car/Natural/Car_3.jpeg","https://tactileeval.s3.us-east-1.amazonaws.com/family_datasets/Vehicles_and_Flight_Systems/Car/Tactile/3.jpg","","Car","https://tactileeval.s3.us-east-1.amazonaws.com/family_datasets/Vehicles_and_Flight_Systems/Car/Natural/Car_4.jpeg","https://tactileeval.s3.us-east-1.amazonaws.com/family_datasets/Vehicles_and_Flight_Systems/Car/Tactile/4.jpg","","Car","https://tactileeval.s3.us-east-1.amazonaws.com/family_datasets/Vehicles_and_Flight_Systems/Car/Natural/Car_5.jpg","https://tactileeval.s3.us-east-1.amazonaws.com/family_datasets/Vehicles_and_Flight_Systems/Car/Tactile/5.png","","Car","https://tactileeval.s3.us-east-1.amazonaws.com/family_datasets/Vehicles_and_Flight_Systems/Car/Natural/Car_6.jpeg","https://tactileeval.s3.us-east-1.amazonaws.com/family_datasets/Vehicles_and_Flight_Systems/Car/Tactile/6.jpg","","Car","https://tactileeval.s3.us-east-1.amazonaws.com/family_datasets/Vehicles_and_Flight_Systems/Car/Natural/Car_7.jpeg","https://tactileeval.s3.us-east-1.amazonaws.com/family_datasets/Vehicles_and_Flight_Systems/Car/Tactile/7.jpg","","Car","https://tactileeval.s3.us-east-1.amazonaws.com/family_datasets/Vehicles_and_Flight_Systems/Car/Natural/Car_8.jpeg","https://tactileeval.s3.us-east-1.amazonaws.com/family_datasets/Vehicles_and_Flight_Systems/Car/Tactile/8.jpg","","Car","https://tactileeval.s3.us-east-1.amazonaws.com/family_datasets/Vehicles_and_Flight_Systems/Car/Natural/Car_9.jpg","https://tactileeval.s3.us-east-1.amazonaws.com/family_datasets/Vehicles_and_Flight_Systems/Car/Tactile/9.jpg","","Car","https://tactileeval.s3.us-east-1.amazonaws.com/family_datasets/Vehicles_and_Flight_Systems/Car/Natural/Car_10.jpeg","https://tactileeval.s3.us-east-1.amazonaws.com/family_datasets/Vehicles_and_Flight_Systems/Car/Tactile/10.jpg","","Car","https://tactileeval.s3.us-east-1.amazonaws.com/family_datasets/Vehicles_and_Flight_Systems/Car/Natural/Car_11.jpg","https://tactileeval.s3.us-east-1.amazonaws.com/family_datasets/Vehicles_and_Flight_Systems/Car/Tactile/11.jpg","","[{""question1"":{""background_clean"":true,""configuration_match"":true,""object_match"":true},""question10"":{""background_clean"":true,""configuration_match"":false,""object_match"":false},""question2"":{""background_clean"":true,""configuration_match"":false,""object_match"":false},""question3"":{""background_clean"":true,""configuration_match"":false,""object_match"":false},""question4"":{""background_clean"":true,""configuration_match"":false,""object_match"":true},""question5"":{""background_clean"":true,""configuration_match"":false,""object_match"":false},""question6"":{""background_clean"":true,""configuration_match"":false,""object_match"":false},""question7"":{""background_clean"":true,""configuration_match"":false,""object_match"":false},""question8"":{""background_clean"":true,""configuration_match"":false,""object_match"":false},""question9"":{""background_clean"":true,""configuration_match"":false,""object_match"":false}}]"
"3V8JSVE8ZQ4YMZM89FUV6X5NWSHYEM","3PMOF0KIQ9OPLJTQP1WUGXCGLK7KBL","Categorize images based on background and posture.","Review 10 line-arts and judge if it has adequate background and configuration. (10 pairs)","tactile, image review, accessibility, vehicles","$0.08","Sat Apr 18 07:32:18 PDT 2026","7","BatchId:5385911;OriginalHitTemplateId:928390873;","1200","1296000","Sat Apr 25 07:32:18 PDT 2026","","","3L6L49WXXTBKETDOZ9IMAYRWS1N457","A9380GKZM50GU","Submitted","Sat Apr 18 11:26:19 PDT 2026","Sat Apr 18 11:28:08 PDT 2026","Sun May 03 11:28:08 PDT 2026","","","","109","0% (0/0)","0% (0/0)","0% (0/0)","Car","https://tactileeval.s3.us-east-1.amazonaws.com/family_datasets/Vehicles_and_Flight_Systems/Car/Natural/Car_2.jpg","https://tactileeval.s3.us-east-1.amazonaws.com/family_datasets/Vehicles_and_Flight_Systems/Car/Tactile/2.jpg","","Car","https://tactileeval.s3.us-east-1.amazonaws.com/family_datasets/Vehicles_and_Flight_Systems/Car/Natural/Car_3.jpeg","https://tactileeval.s3.us-east-1.amazonaws.com/family_datasets/Vehicles_and_Flight_Systems/Car/Tactile/3.jpg","","Car","https://tactileeval.s3.us-east-1.amazonaws.com/family_datasets/Vehicles_and_Flight_Systems/Car/Natural/Car_4.jpeg","https://tactileeval.s3.us-east-1.amazonaws.com/family_datasets/Vehicles_and_Flight_Systems/Car/Tactile/4.jpg","","Car","https://tactileeval.s3.us-east-1.amazonaws.com/family_datasets/Vehicles_and_Flight_Systems/Car/Natural/Car_5.jpg","https://tactileeval.s3.us-east-1.amazonaws.com/family_datasets/Vehicles_and_Flight_Systems/Car/Tactile/5.png","","Car","https://tactileeval.s3.us-east-1.amazonaws.com/family_datasets/Vehicles_and_Flight_Systems/Car/Natural/Car_6.jpeg","https://tactileeval.s3.us-east-1.amazonaws.com/family_datasets/Vehicles_and_Flight_Systems/Car/Tactile/6.jpg","","Car","https://tactileeval.s3.us-east-1.amazonaws.com/family_datasets/Vehicles_and_Flight_Systems/Car/Natural/Car_7.jpeg","https://tactileeval.s3.us-east-1.amazonaws.com/family_datasets/Vehicles_and_Flight_Systems/Car/Tactile/7.jpg","","Car","https://tactileeval.s3.us-east-1.amazonaws.com/family_datasets/Vehicles_and_Flight_Systems/Car/Natural/Car_8.jpeg","https://tactileeval.s3.us-east-1.amazonaws.com/family_datasets/Vehicles_and_Flight_Systems/Car/Tactile/8.jpg","","Car","https://tactileeval.s3.us-east-1.amazonaws.com/family_datasets/Vehicles_and_Flight_Systems/Car/Natural/Car_9.jpg","https://tactileeval.s3.us-east-1.amazonaws.com/family_datasets/Vehicles_and_Flight_Systems/Car/Tactile/9.jpg","","Car","https://tactileeval.s3.us-east-1.amazonaws.com/family_datasets/Vehicles_and_Flight_Systems/Car/Natural/Car_10.jpeg","https://tactileeval.s3.us-east-1.amazonaws.com/family_datasets/Vehicles_and_Flight_Systems/Car/Tactile/10.jpg","","Car","https://tactileeval.s3.us-east-1.amazonaws.com/family_datasets/Vehicles_and_Flight_Systems/Car/Natural/Car_11.jpg","https://tactileeval.s3.us-east-1.amazonaws.com/family_datasets/Vehicles_and_Flight_Systems/Car/Tactile/11.jpg","","[{""question1"":{""background_clean"":true,""configuration_match"":true,""object_match"":true},""question10"":{""background_clean"":true,""configuration_match"":false,""object_match"":true},""question2"":{""background_clean"":true,""configuration_match"":true,""object_match"":true},""question3"":{""background_clean"":true,""configuration_match"":true,""object_match"":true},""question4"":{""background_clean"":true,""configuration_match"":true,""object_match"":true},""question5"":{""background_clean"":true,""configuration_match"":true,""object_match"":true},""question6"":{""background_clean"":true,""configuration_match"":false,""object_match"":false},""question7"":{""background_clean"":true,""configuration_match"":false,""object_match"":true},""question8"":{""background_clean"":true,""configuration_match"":false,""object_match"":true},""question9"":{""background_clean"":true,""configuration_match"":false,""object_match"":true}}]"
"3V8JSVE8ZQ4YMZM89FUV6X5NWSHYEM","3PMOF0KIQ9OPLJTQP1WUGXCGLK7KBL","Categorize images based on background and posture.","Review 10 line-arts and judge if it has adequate background and configuration. (10 pairs)","tactile, image review, accessibility, vehicles","$0.08","Sat Apr 18 07:32:18 PDT 2026","7","BatchId:5385911;OriginalHitTemplateId:928390873;","1200","1296000","Sat Apr 25 07:32:18 PDT 2026","","","33C7UALJWECM9CZ7AP6NOKUKI7H18W","ADE24F2LKZ61M","Submitted","Sat Apr 18 12:08:51 PDT 2026","Sat Apr 18 12:15:08 PDT 2026","Sun May 03 12:15:08 PDT 2026","","","","377","0% (0/0)","0% (0/0)","0% (0/0)","Car","https://tactileeval.s3.us-east-1.amazonaws.com/family_datasets/Vehicles_and_Flight_Systems/Car/Natural/Car_2.jpg","https://tactileeval.s3.us-east-1.amazonaws.com/family_datasets/Vehicles_and_Flight_Systems/Car/Tactile/2.jpg","","Car","https://tactileeval.s3.us-east-1.amazonaws.com/family_datasets/Vehicles_and_Flight_Systems/Car/Natural/Car_3.jpeg","https://tactileeval.s3.us-east-1.amazonaws.com/family_datasets/Vehicles_and_Flight_Systems/Car/Tactile/3.jpg","","Car","https://tactileeval.s3.us-east-1.amazonaws.com/family_datasets/Vehicles_and_Flight_Systems/Car/Natural/Car_4.jpeg","https://tactileeval.s3.us-east-1.amazonaws.com/family_datasets/Vehicles_and_Flight_Systems/Car/Tactile/4.jpg","","Car","https://tactileeval.s3.us-east-1.amazonaws.com/family_datasets/Vehicles_and_Flight_Systems/Car/Natural/Car_5.jpg","https://tactileeval.s3.us-east-1.amazonaws.com/family_datasets/Vehicles_and_Flight_Systems/Car/Tactile/5.png","","Car","https://tactileeval.s3.us-east-1.amazonaws.com/family_datasets/Vehicles_and_Flight_Systems/Car/Natural/Car_6.jpeg","https://tactileeval.s3.us-east-1.amazonaws.com/family_datasets/Vehicles_and_Flight_Systems/Car/Tactile/6.jpg","","Car","https://tactileeval.s3.us-east-1.amazonaws.com/family_datasets/Vehicles_and_Flight_Systems/Car/Natural/Car_7.jpeg","https://tactileeval.s3.us-east-1.amazonaws.com/family_datasets/Vehicles_and_Flight_Systems/Car/Tactile/7.jpg","","Car","https://tactileeval.s3.us-east-1.amazonaws.com/family_datasets/Vehicles_and_Flight_Systems/Car/Natural/Car_8.jpeg","https://tactileeval.s3.us-east-1.amazonaws.com/family_datasets/Vehicles_and_Flight_Systems/Car/Tactile/8.jpg","","Car","https://tactileeval.s3.us-east-1.amazonaws.com/family_datasets/Vehicles_and_Flight_Systems/Car/Natural/Car_9.jpg","https://tactileeval.s3.us-east-1.amazonaws.com/family_datasets/Vehicles_and_Flight_Systems/Car/Tactile/9.jpg","","Car","https://tactileeval.s3.us-east-1.amazonaws.com/family_datasets/Vehicles_and_Flight_Systems/Car/Natural/Car_10.jpeg","https://tactileeval.s3.us-east-1.amazonaws.com/family_datasets/Vehicles_and_Flight_Systems/Car/Tactile/10.jpg","","Car","https://tactileeval.s3.us-east-1.amazonaws.com/family_datasets/Vehicles_and_Flight_Systems/Car/Natural/Car_11.jpg","https://tactileeval.s3.us-east-1.amazonaws.com/family_datasets/Vehicles_and_Flight_Systems/Car/Tactile/11.jpg","","[{""question1"":{""background_clean"":true,""configuration_match"":true,""object_match"":true},""question10"":{""background_clean"":true,""configuration_match"":false,""object_match"":true},""question2"":{""background_clean"":true,""configuration_match"":true,""object_match"":true},""question3"":{""background_clean"":false,""configuration_match"":true,""object_match"":true},""question4"":{""background_clean"":true,""configuration_match"":true,""object_match"":true},""question5"":{""background_clean"":false,""configuration_match"":true,""object_match"":true},""question6"":{""background_clean"":false,""configuration_match"":false,""object_match"":true},""question7"":{""background_clean"":false,""configuration_match"":true,""object_match"":true},""question8"":{""background_clean"":true,""configuration_match"":true,""object_match"":true},""question9"":{""background_clean"":false,""configuration_match"":false,""object_match"":true}}]"
"3V8JSVE8ZQ4YMZM89FUV6X5NWSHYEM","3PMOF0KIQ9OPLJTQP1WUGXCGLK7KBL","Categorize images based on background and posture.","Review 10 line-arts and judge if it has adequate background and configuration. (10 pairs)","tactile, image review, accessibility, vehicles","$0.08","Sat Apr 18 07:32:18 PDT 2026","7","BatchId:5385911;OriginalHitTemplateId:928390873;","1200","1296000","Sat Apr 25 07:32:18 PDT 2026","","","3EJJQNKUAKJ3VSZHBNF87O5WPO5RH1","A376G1BHIGNA85","Submitted","Sat Apr 18 13:58:24 PDT 2026","Sat Apr 18 14:01:43 PDT 2026","Sun May 03 14:01:43 PDT 2026","","","","199","0% (0/0)","0% (0/0)","0% (0/0)","Car","https://tactileeval.s3.us-east-1.amazonaws.com/family_datasets/Vehicles_and_Flight_Systems/Car/Natural/Car_2.jpg","https://tactileeval.s3.us-east-1.amazonaws.com/family_datasets/Vehicles_and_Flight_Systems/Car/Tactile/2.jpg","","Car","https://tactileeval.s3.us-east-1.amazonaws.com/family_datasets/Vehicles_and_Flight_Systems/Car/Natural/Car_3.jpeg","https://tactileeval.s3.us-east-1.amazonaws.com/family_datasets/Vehicles_and_Flight_Systems/Car/Tactile/3.jpg","","Car","https://tactileeval.s3.us-east-1.amazonaws.com/family_datasets/Vehicles_and_Flight_Systems/Car/Natural/Car_4.jpeg","https://tactileeval.s3.us-east-1.amazonaws.com/family_datasets/Vehicles_and_Flight_Systems/Car/Tactile/4.jpg","","Car","https://tactileeval.s3.us-east-1.amazonaws.com/family_datasets/Vehicles_and_Flight_Systems/Car/Natural/Car_5.jpg","https://tactileeval.s3.us-east-1.amazonaws.com/family_datasets/Vehicles_and_Flight_Systems/Car/Tactile/5.png","","Car","https://tactileeval.s3.us-east-1.amazonaws.com/family_datasets/Vehicles_and_Flight_Systems/Car/Natural/Car_6.jpeg","https://tactileeval.s3.us-east-1.amazonaws.com/family_datasets/Vehicles_and_Flight_Systems/Car/Tactile/6.jpg","","Car","https://tactileeval.s3.us-east-1.amazonaws.com/family_datasets/Vehicles_and_Flight_Systems/Car/Natural/Car_7.jpeg","https://tactileeval.s3.us-east-1.amazonaws.com/family_datasets/Vehicles_and_Flight_Systems/Car/Tactile/7.jpg","","Car","https://tactileeval.s3.us-east-1.amazonaws.com/family_datasets/Vehicles_and_Flight_Systems/Car/Natural/Car_8.jpeg","https://tactileeval.s3.us-east-1.amazonaws.com/family_datasets/Vehicles_and_Flight_Systems/Car/Tactile/8.jpg","","Car","https://tactileeval.s3.us-east-1.amazonaws.com/family_datasets/Vehicles_and_Flight_Systems/Car/Natural/Car_9.jpg","https://tactileeval.s3.us-east-1.amazonaws.com/family_datasets/Vehicles_and_Flight_Systems/Car/Tactile/9.jpg","","Car","https://tactileeval.s3.us-east-1.amazonaws.com/family_datasets/Vehicles_and_Flight_Systems/Car/Natural/Car_10.jpeg","https://tactileeval.s3.us-east-1.amazonaws.com/family_datasets/Vehicles_and_Flight_Systems/Car/Tactile/10.jpg","","Car","https://tactileeval.s3.us-east-1.amazonaws.com/family_datasets/Vehicles_and_Flight_Systems/Car/Natural/Car_11.jpg","https://tactileeval.s3.us-east-1.amazonaws.com/family_datasets/Vehicles_and_Flight_Systems/Car/Tactile/11.jpg","","[{""question1"":{""background_clean"":true,""configuration_match"":false,""object_match"":false},""question10"":{""background_clean"":false,""configuration_match"":false,""object_match"":true},""question2"":{""background_clean"":true,""configuration_match"":false,""object_match"":false},""question3"":{""background_clean"":false,""configuration_match"":false,""object_match"":true},""question4"":{""background_clean"":false,""configuration_match"":true,""object_match"":false},""question5"":{""background_clean"":true,""configuration_match"":false,""object_match"":false},""question6"":{""background_clean"":false,""configuration_match"":false,""object_match"":true},""question7"":{""background_clean"":false,""configuration_match"":true,""object_match"":false},""question8"":{""background_clean"":false,""configuration_match"":true,""object_match"":false},""question9"":{""background_clean"":false,""configuration_match"":false,""object_match"":true}}]"
"3AA88CN99HH18ZEI515Y4SISGPDKYS","3PMOF0KIQ9OPLJTQP1WUGXCGLK7KBL","Categorize images based on background and posture.","Review 10 line-arts and judge if it has adequate background and configuration. (10 pairs)","tactile, image review, accessibility, vehicles","$0.08","Sat Apr 18 07:32:18 PDT 2026","7","BatchId:5385911;OriginalHitTemplateId:928390873;","1200","1296000","Sat Apr 25 07:32:18 PDT 2026","","","3E337GFOM2M4GYCEYAG9D4OL9Q0NG5","A1KXF2L2ZGQXJK","Submitted","Sat Apr 18 07:47:39 PDT 2026","Sat Apr 18 07:48:33 PDT 2026","Sun May 03 07:48:33 PDT 2026","","","","54","0% (0/0)","0% (0/0)","0% (0/0)","Car","https://tactileeval.s3.us-east-1.amazonaws.com/family_datasets/Vehicles_and_Flight_Systems/Car/Natural/Car_12.jpg","https://tactileeval.s3.us-east-1.amazonaws.com/family_datasets/Vehicles_and_Flight_Systems/Car/Tactile/12.jpg","","Car","https://tactileeval.s3.us-east-1.amazonaws.com/family_datasets/Vehicles_and_Flight_Systems/Car/Natural/Car_13.jpeg","https://tactileeval.s3.us-east-1.amazonaws.com/family_datasets/Vehicles_and_Flight_Systems/Car/Tactile/13.jpg","","Car","https://tactileeval.s3.us-east-1.amazonaws.com/family_datasets/Vehicles_and_Flight_Systems/Car/Natural/Car_14.jpg","https://tactileeval.s3.us-east-1.amazonaws.com/family_datasets/Vehicles_and_Flight_Systems/Car/Tactile/14.jpg","","Car","https://tactileeval.s3.us-east-1.amazonaws.com/family_datasets/Vehicles_and_Flight_Systems/Car/Natural/Car_15.jpg","https://tactileeval.s3.us-east-1.amazonaws.com/family_datasets/Vehicles_and_Flight_Systems/Car/Tactile/15.jpg","","Car","https://tactileeval.s3.us-east-1.amazonaws.com/family_datasets/Vehicles_and_Flight_Systems/Car/Natural/Car_16.jpeg","https://tactileeval.s3.us-east-1.amazonaws.com/family_datasets/Vehicles_and_Flight_Systems/Car/Tactile/16.jpg","","Car","https://tactileeval.s3.us-east-1.amazonaws.com/family_datasets/Vehicles_and_Flight_Systems/Car/Natural/Car_17.jpeg","https://tactileeval.s3.us-east-1.amazonaws.com/family_datasets/Vehicles_and_Flight_Systems/Car/Tactile/17.jpg","","Car","https://tactileeval.s3.us-east-1.amazonaws.com/family_datasets/Vehicles_and_Flight_Systems/Car/Natural/Car_18.jpg","https://tactileeval.s3.us-east-1.amazonaws.com/family_datasets/Vehicles_and_Flight_Systems/Car/Tactile/18.jpg","","Car","https://tactileeval.s3.us-east-1.amazonaws.com/family_datasets/Vehicles_and_Flight_Systems/Car/Natural/Car_19.jpg","https://tactileeval.s3.us-east-1.amazonaws.com/family_datasets/Vehicles_and_Flight_Systems/Car/Tactile/19.jpg","","Car","https://tactileeval.s3.us-east-1.amazonaws.com/family_datasets/Vehicles_and_Flight_Systems/Car/Natural/Car_20.jpeg","https://tactileeval.s3.us-east-1.amazonaws.com/family_datasets/Vehicles_and_Flight_Systems/Car/Tactile/20.jpg","","Car","https://tactileeval.s3.us-east-1.amazonaws.com/family_datasets/Vehicles_and_Flight_Systems/Car/Natural/Car_21.jpg","https://tactileeval.s3.us-east-1.amazonaws.com/family_datasets/Vehicles_and_Flight_Systems/Car/Tactile/21.jpg","","[{""question1"":{""background_clean"":true,""configuration_match"":true,""object_match"":false},""question10"":{""background_clean"":true,""configuration_match"":true,""object_match"":true},""question2"":{""background_clean"":true,""configuration_match"":true,""object_match"":false},""question3"":{""background_clean"":true,""configuration_match"":true,""object_match"":false},""question4"":{""background_clean"":true,""configuration_match"":true,""object_match"":false},""question5"":{""background_clean"":true,""configuration_match"":false,""object_match"":false},""question6"":{""background_clean"":true,""configuration_match"":true,""object_match"":false},""question7"":{""background_clean"":true,""configuration_match"":true,""object_match"":false},""question8"":{""background_clean"":true,""configuration_match"":true,""object_match"":true},""question9"":{""background_clean"":true,""configuration_match"":true,""object_match"":false}}]"
"3AA88CN99HH18ZEI515Y4SISGPDKYS","3PMOF0KIQ9OPLJTQP1WUGXCGLK7KBL","Categorize images based on background and posture.","Review 10 line-arts and judge if it has adequate background and configuration. (10 pairs)","tactile, image review, accessibility, vehicles","$0.08","Sat Apr 18 07:32:18 PDT 2026","7","BatchId:5385911;OriginalHitTemplateId:928390873;","1200","1296000","Sat Apr 25 07:32:18 PDT 2026","","","3BEFOD78XZ7IM0YUR8Z8R02IEW4M46","A1LN8392JHDGL5","Submitted","Sat Apr 18 10:08:15 PDT 2026","Sat Apr 18 10:09:15 PDT 2026","Sun May 03 10:09:15 PDT 2026","","","","60","0% (0/0)","0% (0/0)","0% (0/0)","Car","https://tactileeval.s3.us-east-1.amazonaws.com/family_datasets/Vehicles_and_Flight_Systems/Car/Natural/Car_12.jpg","https://tactileeval.s3.us-east-1.amazonaws.com/family_datasets/Vehicles_and_Flight_Systems/Car/Tactile/12.jpg","","Car","https://tactileeval.s3.us-east-1.amazonaws.com/family_datasets/Vehicles_and_Flight_Systems/Car/Natural/Car_13.jpeg","https://tactileeval.s3.us-east-1.amazonaws.com/family_datasets/Vehicles_and_Flight_Systems/Car/Tactile/13.jpg","","Car","https://tactileeval.s3.us-east-1.amazonaws.com/family_datasets/Vehicles_and_Flight_Systems/Car/Natural/Car_14.jpg","https://tactileeval.s3.us-east-1.amazonaws.com/family_datasets/Vehicles_and_Flight_Systems/Car/Tactile/14.jpg","","Car","https://tactileeval.s3.us-east-1.amazonaws.com/family_datasets/Vehicles_and_Flight_Systems/Car/Natural/Car_15.jpg","https://tactileeval.s3.us-east-1.amazonaws.com/family_datasets/Vehicles_and_Flight_Systems/Car/Tactile/15.jpg","","Car","https://tactileeval.s3.us-east-1.amazonaws.com/family_datasets/Vehicles_and_Flight_Systems/Car/Natural/Car_16.jpeg","https://tactileeval.s3.us-east-1.amazonaws.com/family_datasets/Vehicles_and_Flight_Systems/Car/Tactile/16.jpg","","Car","https://tactileeval.s3.us-east-1.amazonaws.com/family_datasets/Vehicles_and_Flight_Systems/Car/Natural/Car_17.jpeg","https://tactileeval.s3.us-east-1.amazonaws.com/family_datasets/Vehicles_and_Flight_Systems/Car/Tactile/17.jpg","","Car","https://tactileeval.s3.us-east-1.amazonaws.com/family_datasets/Vehicles_and_Flight_Systems/Car/Natural/Car_18.jpg","https://tactileeval.s3.us-east-1.amazonaws.com/family_datasets/Vehicles_and_Flight_Systems/Car/Tactile/18.jpg","","Car","https://tactileeval.s3.us-east-1.amazonaws.com/family_datasets/Vehicles_and_Flight_Systems/Car/Natural/Car_19.jpg","https://tactileeval.s3.us-east-1.amazonaws.com/family_datasets/Vehicles_and_Flight_Systems/Car/Tactile/19.jpg","","Car","https://tactileeval.s3.us-east-1.amazonaws.com/family_datasets/Vehicles_and_Flight_Systems/Car/Natural/Car_20.jpeg","https://tactileeval.s3.us-east-1.amazonaws.com/family_datasets/Vehicles_and_Flight_Systems/Car/Tactile/20.jpg","","Car","https://tactileeval.s3.us-east-1.amazonaws.com/family_datasets/Vehicles_and_Flight_Systems/Car/Natural/Car_21.jpg","https://tactileeval.s3.us-east-1.amazonaws.com/family_datasets/Vehicles_and_Flight_Systems/Car/Tactile/21.jpg","","[{""question1"":{""background_clean"":true,""configuration_match"":true,""object_match"":true},""question10"":{""background_clean"":true,""configuration_match"":true,""object_match"":true},""question2"":{""background_clean"":true,""configuration_match"":false,""object_match"":true},""question3"":{""background_clean"":true,""configuration_match"":false,""object_match"":true},""question4"":{""background_clean"":true,""configuration_match"":false,""object_match"":true},""question5"":{""background_clean"":true,""configuration_match"":true,""object_match"":true},""question6"":{""background_clean"":true,""configuration_match"":false,""object_match"":true},""question7"":{""background_clean"":true,""configuration_match"":true,""object_match"":true},""question8"":{""background_clean"":true,""configuration_match"":true,""object_match"":true},""question9"":{""background_clean"":true,""configuration_match"":false,""object_match"":true}}]"
"3AA88CN99HH18ZEI515Y4SISGPDKYS","3PMOF0KIQ9OPLJTQP1WUGXCGLK7KBL","Categorize images based on background and posture.","Review 10 line-arts and judge if it has adequate background and configuration. (10 pairs)","tactile, image review, accessibility, vehicles","$0.08","Sat Apr 18 07:32:18 PDT 2026","7","BatchId:5385911;OriginalHitTemplateId:928390873;","1200","1296000","Sat Apr 25 07:32:18 PDT 2026","","","3YMTUJH0ELUMZVOE050KDEXA84YT4C","A2FK6782M09EBO","Submitted","Sat Apr 18 10:00:53 PDT 2026","Sat Apr 18 10:12:11 PDT 2026","Sun May 03 10:12:11 PDT 2026","","","","678","93% (65/70)","93% (65/70)","93% (65/70)","Car","https://tactileeval.s3.us-east-1.amazonaws.com/family_datasets/Vehicles_and_Flight_Systems/Car/Natural/Car_12.jpg","https://tactileeval.s3.us-east-1.amazonaws.com/family_datasets/Vehicles_and_Flight_Systems/Car/Tactile/12.jpg","","Car","https://tactileeval.s3.us-east-1.amazonaws.com/family_datasets/Vehicles_and_Flight_Systems/Car/Natural/Car_13.jpeg","https://tactileeval.s3.us-east-1.amazonaws.com/family_datasets/Vehicles_and_Flight_Systems/Car/Tactile/13.jpg","","Car","https://tactileeval.s3.us-east-1.amazonaws.com/family_datasets/Vehicles_and_Flight_Systems/Car/Natural/Car_14.jpg","https://tactileeval.s3.us-east-1.amazonaws.com/family_datasets/Vehicles_and_Flight_Systems/Car/Tactile/14.jpg","","Car","https://tactileeval.s3.us-east-1.amazonaws.com/family_datasets/Vehicles_and_Flight_Systems/Car/Natural/Car_15.jpg","https://tactileeval.s3.us-east-1.amazonaws.com/family_datasets/Vehicles_and_Flight_Systems/Car/Tactile/15.jpg","","Car","https://tactileeval.s3.us-east-1.amazonaws.com/family_datasets/Vehicles_and_Flight_Systems/Car/Natural/Car_16.jpeg","https://tactileeval.s3.us-east-1.amazonaws.com/family_datasets/Vehicles_and_Flight_Systems/Car/Tactile/16.jpg","","Car","https://tactileeval.s3.us-east-1.amazonaws.com/family_datasets/Vehicles_and_Flight_Systems/Car/Natural/Car_17.jpeg","https://tactileeval.s3.us-east-1.amazonaws.com/family_datasets/Vehicles_and_Flight_Systems/Car/Tactile/17.jpg","","Car","https://tactileeval.s3.us-east-1.amazonaws.com/family_datasets/Vehicles_and_Flight_Systems/Car/Natural/Car_18.jpg","https://tactileeval.s3.us-east-1.amazonaws.com/family_datasets/Vehicles_and_Flight_Systems/Car/Tactile/18.jpg","","Car","https://tactileeval.s3.us-east-1.amazonaws.com/family_datasets/Vehicles_and_Flight_Systems/Car/Natural/Car_19.jpg","https://tactileeval.s3.us-east-1.amazonaws.com/family_datasets/Vehicles_and_Flight_Systems/Car/Tactile/19.jpg","","Car","https://tactileeval.s3.us-east-1.amazonaws.com/family_datasets/Vehicles_and_Flight_Systems/Car/Natural/Car_20.jpeg","https://tactileeval.s3.us-east-1.amazonaws.com/family_datasets/Vehicles_and_Flight_Systems/Car/Tactile/20.jpg","","Car","https://tactileeval.s3.us-east-1.amazonaws.com/family_datasets/Vehicles_and_Flight_Systems/Car/Natural/Car_21.jpg","https://tactileeval.s3.us-east-1.amazonaws.com/family_datasets/Vehicles_and_Flight_Systems/Car/Tactile/21.jpg","","[{""question1"":{""background_clean"":true,""configuration_match"":true,""object_match"":true},""question10"":{""background_clean"":true,""configuration_match"":true,""object_match"":true},""question2"":{""background_clean"":true,""configuration_match"":true,""object_match"":false},""question3"":{""background_clean"":true,""configuration_match"":true,""object_match"":true},""question4"":{""background_clean"":true,""configuration_match"":true,""object_match"":false},""question5"":{""background_clean"":true,""configuration_match"":true,""object_match"":true},""question6"":{""background_clean"":true,""configuration_match"":true,""object_match"":false},""question7"":{""background_clean"":true,""configuration_match"":true,""object_match"":true},""question8"":{""background_clean"":true,""configuration_match"":true,""object_match"":true},""question9"":{""background_clean"":true,""configuration_match"":true,""object_match"":false}}]"
"3AA88CN99HH18ZEI515Y4SISGPDKYS","3PMOF0KIQ9OPLJTQP1WUGXCGLK7KBL","Categorize images based on background and posture.","Review 10 line-arts and judge if it has adequate background and configuration. (10 pairs)","tactile, image review, accessibility, vehicles","$0.08","Sat Apr 18 07:32:18 PDT 2026","7","BatchId:5385911;OriginalHitTemplateId:928390873;","1200","1296000","Sat Apr 25 07:32:18 PDT 2026","","","3JBT3HLQG1G4A0JW4HHQ209MKWIZPR","A9380GKZM50GU","Submitted","Sat Apr 18 10:12:21 PDT 2026","Sat Apr 18 10:23:27 PDT 2026","Sun May 03 10:23:27 PDT 2026","","","","666","0% (0/0)","0% (0/0)","0% (0/0)","Car","https://tactileeval.s3.us-east-1.amazonaws.com/family_datasets/Vehicles_and_Flight_Systems/Car/Natural/Car_12.jpg","https://tactileeval.s3.us-east-1.amazonaws.com/family_datasets/Vehicles_and_Flight_Systems/Car/Tactile/12.jpg","","Car","https://tactileeval.s3.us-east-1.amazonaws.com/family_datasets/Vehicles_and_Flight_Systems/Car/Natural/Car_13.jpeg","https://tactileeval.s3.us-east-1.amazonaws.com/family_datasets/Vehicles_and_Flight_Systems/Car/Tactile/13.jpg","","Car","https://tactileeval.s3.us-east-1.amazonaws.com/family_datasets/Vehicles_and_Flight_Systems/Car/Natural/Car_14.jpg","https://tactileeval.s3.us-east-1.amazonaws.com/family_datasets/Vehicles_and_Flight_Systems/Car/Tactile/14.jpg","","Car","https://tactileeval.s3.us-east-1.amazonaws.com/family_datasets/Vehicles_and_Flight_Systems/Car/Natural/Car_15.jpg","https://tactileeval.s3.us-east-1.amazonaws.com/family_datasets/Vehicles_and_Flight_Systems/Car/Tactile/15.jpg","","Car","https://tactileeval.s3.us-east-1.amazonaws.com/family_datasets/Vehicles_and_Flight_Systems/Car/Natural/Car_16.jpeg","https://tactileeval.s3.us-east-1.amazonaws.com/family_datasets/Vehicles_and_Flight_Systems/Car/Tactile/16.jpg","","Car","https://tactileeval.s3.us-east-1.amazonaws.com/family_datasets/Vehicles_and_Flight_Systems/Car/Natural/Car_17.jpeg","https://tactileeval.s3.us-east-1.amazonaws.com/family_datasets/Vehicles_and_Flight_Systems/Car/Tactile/17.jpg","","Car","https://tactileeval.s3.us-east-1.amazonaws.com/family_datasets/Vehicles_and_Flight_Systems/Car/Natural/Car_18.jpg","https://tactileeval.s3.us-east-1.amazonaws.com/family_datasets/Vehicles_and_Flight_Systems/Car/Tactile/18.jpg","","Car","https://tactileeval.s3.us-east-1.amazonaws.com/family_datasets/Vehicles_and_Flight_Systems/Car/Natural/Car_19.jpg","https://tactileeval.s3.us-east-1.amazonaws.com/family_datasets/Vehicles_and_Flight_Systems/Car/Tactile/19.jpg","","Car","https://tactileeval.s3.us-east-1.amazonaws.com/family_datasets/Vehicles_and_Flight_Systems/Car/Natural/Car_20.jpeg","https://tactileeval.s3.us-east-1.amazonaws.com/family_datasets/Vehicles_and_Flight_Systems/Car/Tactile/20.jpg","","Car","https://tactileeval.s3.us-east-1.amazonaws.com/family_datasets/Vehicles_and_Flight_Systems/Car/Natural/Car_21.jpg","https://tactileeval.s3.us-east-1.amazonaws.com/family_datasets/Vehicles_and_Flight_Systems/Car/Tactile/21.jpg","","[{""question1"":{""background_clean"":true,""configuration_match"":true,""object_match"":true},""question10"":{""background_clean"":false,""configuration_match"":true,""object_match"":true},""question2"":{""background_clean"":true,""configuration_match"":false,""object_match"":true},""question3"":{""background_clean"":true,""configuration_match"":false,""object_match"":true},""question4"":{""background_clean"":true,""configuration_match"":false,""object_match"":true},""question5"":{""background_clean"":true,""configuration_match"":false,""object_match"":true},""question6"":{""background_clean"":true,""configuration_match"":false,""object_match"":true},""question7"":{""background_clean"":true,""configuration_match"":false,""object_match"":true},""question8"":{""background_clean"":true,""configuration_match"":false,""object_match"":true},""question9"":{""background_clean"":true,""configuration_match"":false,""object_match"":true}}]"
"3AA88CN99HH18ZEI515Y4SISGPDKYS","3PMOF0KIQ9OPLJTQP1WUGXCGLK7KBL","Categorize images based on background and posture.","Review 10 line-arts and judge if it has adequate background and configuration. (10 pairs)","tactile, image review, accessibility, vehicles","$0.08","Sat Apr 18 07:32:18 PDT 2026","7","BatchId:5385911;OriginalHitTemplateId:928390873;","1200","1296000","Sat Apr 25 07:32:18 PDT 2026","","","3OJSZ2ATELAHXGV717GTDAB6J3857N","A2Y0HZSZTQAVDW","Submitted","Sat Apr 18 10:34:56 PDT 2026","Sat Apr 18 10:46:16 PDT 2026","Sun May 03 10:46:16 PDT 2026","","","","680","0% (0/0)","0% (0/0)","0% (0/0)","Car","https://tactileeval.s3.us-east-1.amazonaws.com/family_datasets/Vehicles_and_Flight_Systems/Car/Natural/Car_12.jpg","https://tactileeval.s3.us-east-1.amazonaws.com/family_datasets/Vehicles_and_Flight_Systems/Car/Tactile/12.jpg","","Car","https://tactileeval.s3.us-east-1.amazonaws.com/family_datasets/Vehicles_and_Flight_Systems/Car/Natural/Car_13.jpeg","https://tactileeval.s3.us-east-1.amazonaws.com/family_datasets/Vehicles_and_Flight_Systems/Car/Tactile/13.jpg","","Car","https://tactileeval.s3.us-east-1.amazonaws.com/family_datasets/Vehicles_and_Flight_Systems/Car/Natural/Car_14.jpg","https://tactileeval.s3.us-east-1.amazonaws.com/family_datasets/Vehicles_and_Flight_Systems/Car/Tactile/14.jpg","","Car","https://tactileeval.s3.us-east-1.amazonaws.com/family_datasets/Vehicles_and_Flight_Systems/Car/Natural/Car_15.jpg","https://tactileeval.s3.us-east-1.amazonaws.com/family_datasets/Vehicles_and_Flight_Systems/Car/Tactile/15.jpg","","Car","https://tactileeval.s3.us-east-1.amazonaws.com/family_datasets/Vehicles_and_Flight_Systems/Car/Natural/Car_16.jpeg","https://tactileeval.s3.us-east-1.amazonaws.com/family_datasets/Vehicles_and_Flight_Systems/Car/Tactile/16.jpg","","Car","https://tactileeval.s3.us-east-1.amazonaws.com/family_datasets/Vehicles_and_Flight_Systems/Car/Natural/Car_17.jpeg","https://tactileeval.s3.us-east-1.amazonaws.com/family_datasets/Vehicles_and_Flight_Systems/Car/Tactile/17.jpg","","Car","https://tactileeval.s3.us-east-1.amazonaws.com/family_datasets/Vehicles_and_Flight_Systems/Car/Natural/Car_18.jpg","https://tactileeval.s3.us-east-1.amazonaws.com/family_datasets/Vehicles_and_Flight_Systems/Car/Tactile/18.jpg","","Car","https://tactileeval.s3.us-east-1.amazonaws.com/family_datasets/Vehicles_and_Flight_Systems/Car/Natural/Car_19.jpg","https://tactileeval.s3.us-east-1.amazonaws.com/family_datasets/Vehicles_and_Flight_Systems/Car/Tactile/19.jpg","","Car","https://tactileeval.s3.us-east-1.amazonaws.com/family_datasets/Vehicles_and_Flight_Systems/Car/Natural/Car_20.jpeg","https://tactileeval.s3.us-east-1.amazonaws.com/family_datasets/Vehicles_and_Flight_Systems/Car/Tactile/20.jpg","","Car","https://tactileeval.s3.us-east-1.amazonaws.com/family_datasets/Vehicles_and_Flight_Systems/Car/Natural/Car_21.jpg","https://tactileeval.s3.us-east-1.amazonaws.com/family_datasets/Vehicles_and_Flight_Systems/Car/Tactile/21.jpg","","[{""question1"":{""background_clean"":true,""configuration_match"":false,""object_match"":false},""question10"":{""background_clean"":true,""configuration_match"":true,""object_match"":true},""question2"":{""background_clean"":true,""configuration_match"":false,""object_match"":false},""question3"":{""background_clean"":true,""configuration_match"":false,""object_match"":false},""question4"":{""background_clean"":true,""configuration_match"":false,""object_match"":false},""question5"":{""background_clean"":true,""configuration_match"":false,""object_match"":false},""question6"":{""background_clean"":true,""configuration_match"":false,""object_match"":false},""question7"":{""background_clean"":true,""configuration_match"":false,""object_match"":false},""question8"":{""background_clean"":true,""configuration_match"":false,""object_match"":false},""question9"":{""background_clean"":true,""configuration_match"":false,""object_match"":false}}]"
"3AA88CN99HH18ZEI515Y4SISGPDKYS","3PMOF0KIQ9OPLJTQP1WUGXCGLK7KBL","Categorize images based on background and posture.","Review 10 line-arts and judge if it has adequate background and configuration. (10 pairs)","tactile, image review, accessibility, vehicles","$0.08","Sat Apr 18 07:32:18 PDT 2026","7","BatchId:5385911;OriginalHitTemplateId:928390873;","1200","1296000","Sat Apr 25 07:32:18 PDT 2026","","","3A9AA95AUP063MZ7XTAADW2RJXQP5Q","A376G1BHIGNA85","Submitted","Sat Apr 18 13:58:26 PDT 2026","Sat Apr 18 14:03:28 PDT 2026","Sun May 03 14:03:28 PDT 2026","","","","302","0% (0/0)","0% (0/0)","0% (0/0)","Car","https://tactileeval.s3.us-east-1.amazonaws.com/family_datasets/Vehicles_and_Flight_Systems/Car/Natural/Car_12.jpg","https://tactileeval.s3.us-east-1.amazonaws.com/family_datasets/Vehicles_and_Flight_Systems/Car/Tactile/12.jpg","","Car","https://tactileeval.s3.us-east-1.amazonaws.com/family_datasets/Vehicles_and_Flight_Systems/Car/Natural/Car_13.jpeg","https://tactileeval.s3.us-east-1.amazonaws.com/family_datasets/Vehicles_and_Flight_Systems/Car/Tactile/13.jpg","","Car","https://tactileeval.s3.us-east-1.amazonaws.com/family_datasets/Vehicles_and_Flight_Systems/Car/Natural/Car_14.jpg","https://tactileeval.s3.us-east-1.amazonaws.com/family_datasets/Vehicles_and_Flight_Systems/Car/Tactile/14.jpg","","Car","https://tactileeval.s3.us-east-1.amazonaws.com/family_datasets/Vehicles_and_Flight_Systems/Car/Natural/Car_15.jpg","https://tactileeval.s3.us-east-1.amazonaws.com/family_datasets/Vehicles_and_Flight_Systems/Car/Tactile/15.jpg","","Car","https://tactileeval.s3.us-east-1.amazonaws.com/family_datasets/Vehicles_and_Flight_Systems/Car/Natural/Car_16.jpeg","https://tactileeval.s3.us-east-1.amazonaws.com/family_datasets/Vehicles_and_Flight_Systems/Car/Tactile/16.jpg","","Car","https://tactileeval.s3.us-east-1.amazonaws.com/family_datasets/Vehicles_and_Flight_Systems/Car/Natural/Car_17.jpeg","https://tactileeval.s3.us-east-1.amazonaws.com/family_datasets/Vehicles_and_Flight_Systems/Car/Tactile/17.jpg","","Car","https://tactileeval.s3.us-east-1.amazonaws.com/family_datasets/Vehicles_and_Flight_Systems/Car/Natural/Car_18.jpg","https://tactileeval.s3.us-east-1.amazonaws.com/family_datasets/Vehicles_and_Flight_Systems/Car/Tactile/18.jpg","","Car","https://tactileeval.s3.us-east-1.amazonaws.com/family_datasets/Vehicles_and_Flight_Systems/Car/Natural/Car_19.jpg","https://tactileeval.s3.us-east-1.amazonaws.com/family_datasets/Vehicles_and_Flight_Systems/Car/Tactile/19.jpg","","Car","https://tactileeval.s3.us-east-1.amazonaws.com/family_datasets/Vehicles_and_Flight_Systems/Car/Natural/Car_20.jpeg","https://tactileeval.s3.us-east-1.amazonaws.com/family_datasets/Vehicles_and_Flight_Systems/Car/Tactile/20.jpg","","Car","https://tactileeval.s3.us-east-1.amazonaws.com/family_datasets/Vehicles_and_Flight_Systems/Car/Natural/Car_21.jpg","https://tactileeval.s3.us-east-1.amazonaws.com/family_datasets/Vehicles_and_Flight_Systems/Car/Tactile/21.jpg","","[{""question1"":{""background_clean"":false,""configuration_match"":false,""object_match"":true},""question10"":{""background_clean"":true,""configuration_match"":false,""object_match"":false},""question2"":{""background_clean"":false,""configuration_match"":false,""object_match"":true},""question3"":{""background_clean"":false,""configuration_match"":true,""object_match"":false},""question4"":{""background_clean"":true,""configuration_match"":false,""object_match"":false},""question5"":{""background_clean"":false,""configuration_match"":false,""object_match"":true},""question6"":{""background_clean"":false,""configuration_match"":true,""object_match"":false},""question7"":{""background_clean"":false,""configuration_match"":false,""object_match"":true},""question8"":{""background_clean"":false,""configuration_match"":false,""object_match"":true},""question9"":{""background_clean"":false,""configuration_match"":true,""object_match"":false}}]"
"3AA88CN99HH18ZEI515Y4SISGPDKYS","3PMOF0KIQ9OPLJTQP1WUGXCGLK7KBL","Categorize images based on background and posture.","Review 10 line-arts and judge if it has adequate background and configuration. (10 pairs)","tactile, image review, accessibility, vehicles","$0.08","Sat Apr 18 07:32:18 PDT 2026","7","BatchId:5385911;OriginalHitTemplateId:928390873;","1200","1296000","Sat Apr 25 07:32:18 PDT 2026","","","30OG32W0TNP6WKGNSFQLD139WCUENS","A3VCTHO95DZWAQ","Submitted","Sat Apr 18 16:48:31 PDT 2026","Sat Apr 18 16:52:41 PDT 2026","Sun May 03 16:52:41 PDT 2026","","","","250","0% (0/0)","0% (0/0)","0% (0/0)","Car","https://tactileeval.s3.us-east-1.amazonaws.com/family_datasets/Vehicles_and_Flight_Systems/Car/Natural/Car_12.jpg","https://tactileeval.s3.us-east-1.amazonaws.com/family_datasets/Vehicles_and_Flight_Systems/Car/Tactile/12.jpg","","Car","https://tactileeval.s3.us-east-1.amazonaws.com/family_datasets/Vehicles_and_Flight_Systems/Car/Natural/Car_13.jpeg","https://tactileeval.s3.us-east-1.amazonaws.com/family_datasets/Vehicles_and_Flight_Systems/Car/Tactile/13.jpg","","Car","https://tactileeval.s3.us-east-1.amazonaws.com/family_datasets/Vehicles_and_Flight_Systems/Car/Natural/Car_14.jpg","https://tactileeval.s3.us-east-1.amazonaws.com/family_datasets/Vehicles_and_Flight_Systems/Car/Tactile/14.jpg","","Car","https://tactileeval.s3.us-east-1.amazonaws.com/family_datasets/Vehicles_and_Flight_Systems/Car/Natural/Car_15.jpg","https://tactileeval.s3.us-east-1.amazonaws.com/family_datasets/Vehicles_and_Flight_Systems/Car/Tactile/15.jpg","","Car","https://tactileeval.s3.us-east-1.amazonaws.com/family_datasets/Vehicles_and_Flight_Systems/Car/Natural/Car_16.jpeg","https://tactileeval.s3.us-east-1.amazonaws.com/family_datasets/Vehicles_and_Flight_Systems/Car/Tactile/16.jpg","","Car","https://tactileeval.s3.us-east-1.amazonaws.com/family_datasets/Vehicles_and_Flight_Systems/Car/Natural/Car_17.jpeg","https://tactileeval.s3.us-east-1.amazonaws.com/family_datasets/Vehicles_and_Flight_Systems/Car/Tactile/17.jpg","","Car","https://tactileeval.s3.us-east-1.amazonaws.com/family_datasets/Vehicles_and_Flight_Systems/Car/Natural/Car_18.jpg","https://tactileeval.s3.us-east-1.amazonaws.com/family_datasets/Vehicles_and_Flight_Systems/Car/Tactile/18.jpg","","Car","https://tactileeval.s3.us-east-1.amazonaws.com/family_datasets/Vehicles_and_Flight_Systems/Car/Natural/Car_19.jpg","https://tactileeval.s3.us-east-1.amazonaws.com/family_datasets/Vehicles_and_Flight_Systems/Car/Tactile/19.jpg","","Car","https://tactileeval.s3.us-east-1.amazonaws.com/family_datasets/Vehicles_and_Flight_Systems/Car/Natural/Car_20.jpeg","https://tactileeval.s3.us-east-1.amazonaws.com/family_datasets/Vehicles_and_Flight_Systems/Car/Tactile/20.jpg","","Car","https://tactileeval.s3.us-east-1.amazonaws.com/family_datasets/Vehicles_and_Flight_Systems/Car/Natural/Car_21.jpg","https://tactileeval.s3.us-east-1.amazonaws.com/family_datasets/Vehicles_and_Flight_Systems/Car/Tactile/21.jpg","","[{""question1"":{""background_clean"":true,""configuration_match"":true,""object_match"":false},""question10"":{""background_clean"":true,""configuration_match"":true,""object_match"":true},""question2"":{""background_clean"":true,""configuration_match"":true,""object_match"":false},""question3"":{""background_clean"":true,""configuration_match"":true,""object_match"":false},""question4"":{""background_clean"":true,""configuration_match"":true,""object_match"":false},""question5"":{""background_clean"":true,""configuration_match"":true,""object_match"":false},""question6"":{""background_clean"":true,""configuration_match"":true,""object_match"":false},""question7"":{""background_clean"":true,""configuration_match"":true,""object_match"":true},""question8"":{""background_clean"":true,""configuration_match"":true,""object_match"":true},""question9"":{""background_clean"":true,""configuration_match"":true,""object_match"":false}}]"
"30UZJB2PP9QXADWR9T82C93XAYO35L","3PMOF0KIQ9OPLJTQP1WUGXCGLK7KBL","Categorize images based on background and posture.","Review 10 line-arts and judge if it has adequate background and configuration. (10 pairs)","tactile, image review, accessibility, vehicles","$0.08","Sat Apr 18 07:32:18 PDT 2026","7","BatchId:5385911;OriginalHitTemplateId:928390873;","1200","1296000","Sat Apr 25 07:32:18 PDT 2026","","","30MVJZJNIFRTIYYL56I7SGLHWT19JX","A1KXF2L2ZGQXJK","Submitted","Sat Apr 18 07:49:44 PDT 2026","Sat Apr 18 07:50:29 PDT 2026","Sun May 03 07:50:29 PDT 2026","","","","45","0% (0/0)","0% (0/0)","0% (0/0)","Car","https://tactileeval.s3.us-east-1.amazonaws.com/family_datasets/Vehicles_and_Flight_Systems/Car/Natural/Car_22.jpeg","https://tactileeval.s3.us-east-1.amazonaws.com/family_datasets/Vehicles_and_Flight_Systems/Car/Tactile/22.jpg","","Car","https://tactileeval.s3.us-east-1.amazonaws.com/family_datasets/Vehicles_and_Flight_Systems/Car/Natural/Car_23.jpeg","https://tactileeval.s3.us-east-1.amazonaws.com/family_datasets/Vehicles_and_Flight_Systems/Car/Tactile/23.jpg","","Car","https://tactileeval.s3.us-east-1.amazonaws.com/family_datasets/Vehicles_and_Flight_Systems/Car/Natural/Car_24.jpg","https://tactileeval.s3.us-east-1.amazonaws.com/family_datasets/Vehicles_and_Flight_Systems/Car/Tactile/24.jpg","","Car","https://tactileeval.s3.us-east-1.amazonaws.com/family_datasets/Vehicles_and_Flight_Systems/Car/Natural/Car_25.jpeg","https://tactileeval.s3.us-east-1.amazonaws.com/family_datasets/Vehicles_and_Flight_Systems/Car/Tactile/25.jpg","","Car","https://tactileeval.s3.us-east-1.amazonaws.com/family_datasets/Vehicles_and_Flight_Systems/Car/Natural/Car_26.jpg","https://tactileeval.s3.us-east-1.amazonaws.com/family_datasets/Vehicles_and_Flight_Systems/Car/Tactile/26.png","","Helicopter","https://tactileeval.s3.us-east-1.amazonaws.com/family_datasets/Vehicles_and_Flight_Systems/Helicopter/Natural/1_Helicopter.jpg","https://tactileeval.s3.us-east-1.amazonaws.com/family_datasets/Vehicles_and_Flight_Systems/Helicopter/Tactile/1.jpeg","","Helicopter","https://tactileeval.s3.us-east-1.amazonaws.com/family_datasets/Vehicles_and_Flight_Systems/Helicopter/Natural/2_Helicopter.jpg","https://tactileeval.s3.us-east-1.amazonaws.com/family_datasets/Vehicles_and_Flight_Systems/Helicopter/Tactile/2.jpeg","","Helicopter","https://tactileeval.s3.us-east-1.amazonaws.com/family_datasets/Vehicles_and_Flight_Systems/Helicopter/Natural/3_Helicopter.jpg","https://tactileeval.s3.us-east-1.amazonaws.com/family_datasets/Vehicles_and_Flight_Systems/Helicopter/Tactile/3.jpeg","","Helicopter","https://tactileeval.s3.us-east-1.amazonaws.com/family_datasets/Vehicles_and_Flight_Systems/Helicopter/Natural/4_Helicopter.jpg","https://tactileeval.s3.us-east-1.amazonaws.com/family_datasets/Vehicles_and_Flight_Systems/Helicopter/Tactile/4.jpeg","","Helicopter","https://tactileeval.s3.us-east-1.amazonaws.com/family_datasets/Vehicles_and_Flight_Systems/Helicopter/Natural/5_Helicopter.jpg","https://tactileeval.s3.us-east-1.amazonaws.com/family_datasets/Vehicles_and_Flight_Systems/Helicopter/Tactile/5.jpeg","","[{""question1"":{""background_clean"":true,""configuration_match"":true,""object_match"":false},""question10"":{""background_clean"":true,""configuration_match"":false,""object_match"":false},""question2"":{""background_clean"":true,""configuration_match"":true,""object_match"":false},""question3"":{""background_clean"":true,""configuration_match"":false,""object_match"":false},""question4"":{""background_clean"":true,""configuration_match"":true,""object_match"":false},""question5"":{""background_clean"":true,""configuration_match"":true,""object_match"":true},""question6"":{""background_clean"":true,""configuration_match"":false,""object_match"":false},""question7"":{""background_clean"":true,""configuration_match"":false,""object_match"":false},""question8"":{""background_clean"":true,""configuration_match"":false,""object_match"":false},""question9"":{""background_clean"":true,""configuration_match"":false,""object_match"":false}}]"
"30UZJB2PP9QXADWR9T82C93XAYO35L","3PMOF0KIQ9OPLJTQP1WUGXCGLK7KBL","Categorize images based on background and posture.","Review 10 line-arts and judge if it has adequate background and configuration. (10 pairs)","tactile, image review, accessibility, vehicles","$0.08","Sat Apr 18 07:32:18 PDT 2026","7","BatchId:5385911;OriginalHitTemplateId:928390873;","1200","1296000","Sat Apr 25 07:32:18 PDT 2026","","","3JPSL1DZ6LD367ZBCAOZHIDIBW5AN0","A1LN8392JHDGL5","Submitted","Sat Apr 18 09:38:58 PDT 2026","Sat Apr 18 09:54:58 PDT 2026","Sun May 03 09:54:58 PDT 2026","","","","960","0% (0/0)","0% (0/0)","0% (0/0)","Car","https://tactileeval.s3.us-east-1.amazonaws.com/family_datasets/Vehicles_and_Flight_Systems/Car/Natural/Car_22.jpeg","https://tactileeval.s3.us-east-1.amazonaws.com/family_datasets/Vehicles_and_Flight_Systems/Car/Tactile/22.jpg","","Car","https://tactileeval.s3.us-east-1.amazonaws.com/family_datasets/Vehicles_and_Flight_Systems/Car/Natural/Car_23.jpeg","https://tactileeval.s3.us-east-1.amazonaws.com/family_datasets/Vehicles_and_Flight_Systems/Car/Tactile/23.jpg","","Car","https://tactileeval.s3.us-east-1.amazonaws.com/family_datasets/Vehicles_and_Flight_Systems/Car/Natural/Car_24.jpg","https://tactileeval.s3.us-east-1.amazonaws.com/family_datasets/Vehicles_and_Flight_Systems/Car/Tactile/24.jpg","","Car","https://tactileeval.s3.us-east-1.amazonaws.com/family_datasets/Vehicles_and_Flight_Systems/Car/Natural/Car_25.jpeg","https://tactileeval.s3.us-east-1.amazonaws.com/family_datasets/Vehicles_and_Flight_Systems/Car/Tactile/25.jpg","","Car","https://tactileeval.s3.us-east-1.amazonaws.com/family_datasets/Vehicles_and_Flight_Systems/Car/Natural/Car_26.jpg","https://tactileeval.s3.us-east-1.amazonaws.com/family_datasets/Vehicles_and_Flight_Systems/Car/Tactile/26.png","","Helicopter","https://tactileeval.s3.us-east-1.amazonaws.com/family_datasets/Vehicles_and_Flight_Systems/Helicopter/Natural/1_Helicopter.jpg","https://tactileeval.s3.us-east-1.amazonaws.com/family_datasets/Vehicles_and_Flight_Systems/Helicopter/Tactile/1.jpeg","","Helicopter","https://tactileeval.s3.us-east-1.amazonaws.com/family_datasets/Vehicles_and_Flight_Systems/Helicopter/Natural/2_Helicopter.jpg","https://tactileeval.s3.us-east-1.amazonaws.com/family_datasets/Vehicles_and_Flight_Systems/Helicopter/Tactile/2.jpeg","","Helicopter","https://tactileeval.s3.us-east-1.amazonaws.com/family_datasets/Vehicles_and_Flight_Systems/Helicopter/Natural/3_Helicopter.jpg","https://tactileeval.s3.us-east-1.amazonaws.com/family_datasets/Vehicles_and_Flight_Systems/Helicopter/Tactile/3.jpeg","","Helicopter","https://tactileeval.s3.us-east-1.amazonaws.com/family_datasets/Vehicles_and_Flight_Systems/Helicopter/Natural/4_Helicopter.jpg","https://tactileeval.s3.us-east-1.amazonaws.com/family_datasets/Vehicles_and_Flight_Systems/Helicopter/Tactile/4.jpeg","","Helicopter","https://tactileeval.s3.us-east-1.amazonaws.com/family_datasets/Vehicles_and_Flight_Systems/Helicopter/Natural/5_Helicopter.jpg","https://tactileeval.s3.us-east-1.amazonaws.com/family_datasets/Vehicles_and_Flight_Systems/Helicopter/Tactile/5.jpeg","","[{""question1"":{""background_clean"":true,""configuration_match"":true,""object_match"":true},""question10"":{""background_clean"":true,""configuration_match"":false,""object_match"":true},""question2"":{""background_clean"":true,""configuration_match"":false,""object_match"":true},""question3"":{""background_clean"":true,""configuration_match"":false,""object_match"":false},""question4"":{""background_clean"":true,""configuration_match"":true,""object_match"":true},""question5"":{""background_clean"":true,""configuration_match"":true,""object_match"":true},""question6"":{""background_clean"":true,""configuration_match"":false,""object_match"":true},""question7"":{""background_clean"":true,""configuration_match"":true,""object_match"":true},""question8"":{""background_clean"":true,""configuration_match"":true,""object_match"":true},""question9"":{""background_clean"":true,""configuration_match"":false,""object_match"":true}}]"
"30UZJB2PP9QXADWR9T82C93XAYO35L","3PMOF0KIQ9OPLJTQP1WUGXCGLK7KBL","Categorize images based on background and posture.","Review 10 line-arts and judge if it has adequate background and configuration. (10 pairs)","tactile, image review, accessibility, vehicles","$0.08","Sat Apr 18 07:32:18 PDT 2026","7","BatchId:5385911;OriginalHitTemplateId:928390873;","1200","1296000","Sat Apr 25 07:32:18 PDT 2026","","","3YDGXNSEPS831BWQX7PPMI1NURC841","A2FK6782M09EBO","Submitted","Sat Apr 18 09:48:31 PDT 2026","Sat Apr 18 10:00:12 PDT 2026","Sun May 03 10:00:12 PDT 2026","","","","701","93% (65/70)","93% (65/70)","93% (65/70)","Car","https://tactileeval.s3.us-east-1.amazonaws.com/family_datasets/Vehicles_and_Flight_Systems/Car/Natural/Car_22.jpeg","https://tactileeval.s3.us-east-1.amazonaws.com/family_datasets/Vehicles_and_Flight_Systems/Car/Tactile/22.jpg","","Car","https://tactileeval.s3.us-east-1.amazonaws.com/family_datasets/Vehicles_and_Flight_Systems/Car/Natural/Car_23.jpeg","https://tactileeval.s3.us-east-1.amazonaws.com/family_datasets/Vehicles_and_Flight_Systems/Car/Tactile/23.jpg","","Car","https://tactileeval.s3.us-east-1.amazonaws.com/family_datasets/Vehicles_and_Flight_Systems/Car/Natural/Car_24.jpg","https://tactileeval.s3.us-east-1.amazonaws.com/family_datasets/Vehicles_and_Flight_Systems/Car/Tactile/24.jpg","","Car","https://tactileeval.s3.us-east-1.amazonaws.com/family_datasets/Vehicles_and_Flight_Systems/Car/Natural/Car_25.jpeg","https://tactileeval.s3.us-east-1.amazonaws.com/family_datasets/Vehicles_and_Flight_Systems/Car/Tactile/25.jpg","","Car","https://tactileeval.s3.us-east-1.amazonaws.com/family_datasets/Vehicles_and_Flight_Systems/Car/Natural/Car_26.jpg","https://tactileeval.s3.us-east-1.amazonaws.com/family_datasets/Vehicles_and_Flight_Systems/Car/Tactile/26.png","","Helicopter","https://tactileeval.s3.us-east-1.amazonaws.com/family_datasets/Vehicles_and_Flight_Systems/Helicopter/Natural/1_Helicopter.jpg","https://tactileeval.s3.us-east-1.amazonaws.com/family_datasets/Vehicles_and_Flight_Systems/Helicopter/Tactile/1.jpeg","","Helicopter","https://tactileeval.s3.us-east-1.amazonaws.com/family_datasets/Vehicles_and_Flight_Systems/Helicopter/Natural/2_Helicopter.jpg","https://tactileeval.s3.us-east-1.amazonaws.com/family_datasets/Vehicles_and_Flight_Systems/Helicopter/Tactile/2.jpeg","","Helicopter","https://tactileeval.s3.us-east-1.amazonaws.com/family_datasets/Vehicles_and_Flight_Systems/Helicopter/Natural/3_Helicopter.jpg","https://tactileeval.s3.us-east-1.amazonaws.com/family_datasets/Vehicles_and_Flight_Systems/Helicopter/Tactile/3.jpeg","","Helicopter","https://tactileeval.s3.us-east-1.amazonaws.com/family_datasets/Vehicles_and_Flight_Systems/Helicopter/Natural/4_Helicopter.jpg","https://tactileeval.s3.us-east-1.amazonaws.com/family_datasets/Vehicles_and_Flight_Systems/Helicopter/Tactile/4.jpeg","","Helicopter","https://tactileeval.s3.us-east-1.amazonaws.com/family_datasets/Vehicles_and_Flight_Systems/Helicopter/Natural/5_Helicopter.jpg","https://tactileeval.s3.us-east-1.amazonaws.com/family_datasets/Vehicles_and_Flight_Systems/Helicopter/Tactile/5.jpeg","","[{""question1"":{""background_clean"":true,""configuration_match"":true,""object_match"":true},""question10"":{""background_clean"":true,""configuration_match"":true,""object_match"":true},""question2"":{""background_clean"":true,""configuration_match"":true,""object_match"":false},""question3"":{""background_clean"":true,""configuration_match"":true,""object_match"":false},""question4"":{""background_clean"":true,""configuration_match"":true,""object_match"":true},""question5"":{""background_clean"":true,""configuration_match"":true,""object_match"":true},""question6"":{""background_clean"":true,""configuration_match"":true,""object_match"":true},""question7"":{""background_clean"":true,""configuration_match"":false,""object_match"":true},""question8"":{""background_clean"":true,""configuration_match"":true,""object_match"":true},""question9"":{""background_clean"":true,""configuration_match"":true,""object_match"":true}}]"
"30UZJB2PP9QXADWR9T82C93XAYO35L","3PMOF0KIQ9OPLJTQP1WUGXCGLK7KBL","Categorize images based on background and posture.","Review 10 line-arts and judge if it has adequate background and configuration. (10 pairs)","tactile, image review, accessibility, vehicles","$0.08","Sat Apr 18 07:32:18 PDT 2026","7","BatchId:5385911;OriginalHitTemplateId:928390873;","1200","1296000","Sat Apr 25 07:32:18 PDT 2026","","","3VHHR074IWVVZ5YSTUW0UZ735T7L7Q","A2Y0HZSZTQAVDW","Submitted","Sat Apr 18 10:34:45 PDT 2026","Sat Apr 18 10:38:34 PDT 2026","Sun May 03 10:38:34 PDT 2026","","","","229","0% (0/0)","0% (0/0)","0% (0/0)","Car","https://tactileeval.s3.us-east-1.amazonaws.com/family_datasets/Vehicles_and_Flight_Systems/Car/Natural/Car_22.jpeg","https://tactileeval.s3.us-east-1.amazonaws.com/family_datasets/Vehicles_and_Flight_Systems/Car/Tactile/22.jpg","","Car","https://tactileeval.s3.us-east-1.amazonaws.com/family_datasets/Vehicles_and_Flight_Systems/Car/Natural/Car_23.jpeg","https://tactileeval.s3.us-east-1.amazonaws.com/family_datasets/Vehicles_and_Flight_Systems/Car/Tactile/23.jpg","","Car","https://tactileeval.s3.us-east-1.amazonaws.com/family_datasets/Vehicles_and_Flight_Systems/Car/Natural/Car_24.jpg","https://tactileeval.s3.us-east-1.amazonaws.com/family_datasets/Vehicles_and_Flight_Systems/Car/Tactile/24.jpg","","Car","https://tactileeval.s3.us-east-1.amazonaws.com/family_datasets/Vehicles_and_Flight_Systems/Car/Natural/Car_25.jpeg","https://tactileeval.s3.us-east-1.amazonaws.com/family_datasets/Vehicles_and_Flight_Systems/Car/Tactile/25.jpg","","Car","https://tactileeval.s3.us-east-1.amazonaws.com/family_datasets/Vehicles_and_Flight_Systems/Car/Natural/Car_26.jpg","https://tactileeval.s3.us-east-1.amazonaws.com/family_datasets/Vehicles_and_Flight_Systems/Car/Tactile/26.png","","Helicopter","https://tactileeval.s3.us-east-1.amazonaws.com/family_datasets/Vehicles_and_Flight_Systems/Helicopter/Natural/1_Helicopter.jpg","https://tactileeval.s3.us-east-1.amazonaws.com/family_datasets/Vehicles_and_Flight_Systems/Helicopter/Tactile/1.jpeg","","Helicopter","https://tactileeval.s3.us-east-1.amazonaws.com/family_datasets/Vehicles_and_Flight_Systems/Helicopter/Natural/2_Helicopter.jpg","https://tactileeval.s3.us-east-1.amazonaws.com/family_datasets/Vehicles_and_Flight_Systems/Helicopter/Tactile/2.jpeg","","Helicopter","https://tactileeval.s3.us-east-1.amazonaws.com/family_datasets/Vehicles_and_Flight_Systems/Helicopter/Natural/3_Helicopter.jpg","https://tactileeval.s3.us-east-1.amazonaws.com/family_datasets/Vehicles_and_Flight_Systems/Helicopter/Tactile/3.jpeg","","Helicopter","https://tactileeval.s3.us-east-1.amazonaws.com/family_datasets/Vehicles_and_Flight_Systems/Helicopter/Natural/4_Helicopter.jpg","https://tactileeval.s3.us-east-1.amazonaws.com/family_datasets/Vehicles_and_Flight_Systems/Helicopter/Tactile/4.jpeg","","Helicopter","https://tactileeval.s3.us-east-1.amazonaws.com/family_datasets/Vehicles_and_Flight_Systems/Helicopter/Natural/5_Helicopter.jpg","https://tactileeval.s3.us-east-1.amazonaws.com/family_datasets/Vehicles_and_Flight_Systems/Helicopter/Tactile/5.jpeg","","[{""question1"":{""background_clean"":true,""configuration_match"":false,""object_match"":false},""question10"":{""background_clean"":true,""configuration_match"":false,""object_match"":false},""question2"":{""background_clean"":true,""configuration_match"":false,""object_match"":false},""question3"":{""background_clean"":true,""configuration_match"":false,""object_match"":false},""question4"":{""background_clean"":true,""configuration_match"":true,""object_match"":true},""question5"":{""background_clean"":true,""configuration_match"":false,""object_match"":true},""question6"":{""background_clean"":true,""configuration_match"":false,""object_match"":false},""question7"":{""background_clean"":false,""configuration_match"":true,""object_match"":true},""question8"":{""background_clean"":true,""configuration_match"":false,""object_match"":false},""question9"":{""background_clean"":true,""configuration_match"":false,""object_match"":false}}]"
"30UZJB2PP9QXADWR9T82C93XAYO35L","3PMOF0KIQ9OPLJTQP1WUGXCGLK7KBL","Categorize images based on background and posture.","Review 10 line-arts and judge if it has adequate background and configuration. (10 pairs)","tactile, image review, accessibility, vehicles","$0.08","Sat Apr 18 07:32:18 PDT 2026","7","BatchId:5385911;OriginalHitTemplateId:928390873;","1200","1296000","Sat Apr 25 07:32:18 PDT 2026","","","3SUWZRL0NRRYPZAVTY44BQHN1LS6EV","A9380GKZM50GU","Submitted","Sat Apr 18 11:26:26 PDT 2026","Sat Apr 18 11:30:24 PDT 2026","Sun May 03 11:30:24 PDT 2026","","","","238","0% (0/0)","0% (0/0)","0% (0/0)","Car","https://tactileeval.s3.us-east-1.amazonaws.com/family_datasets/Vehicles_and_Flight_Systems/Car/Natural/Car_22.jpeg","https://tactileeval.s3.us-east-1.amazonaws.com/family_datasets/Vehicles_and_Flight_Systems/Car/Tactile/22.jpg","","Car","https://tactileeval.s3.us-east-1.amazonaws.com/family_datasets/Vehicles_and_Flight_Systems/Car/Natural/Car_23.jpeg","https://tactileeval.s3.us-east-1.amazonaws.com/family_datasets/Vehicles_and_Flight_Systems/Car/Tactile/23.jpg","","Car","https://tactileeval.s3.us-east-1.amazonaws.com/family_datasets/Vehicles_and_Flight_Systems/Car/Natural/Car_24.jpg","https://tactileeval.s3.us-east-1.amazonaws.com/family_datasets/Vehicles_and_Flight_Systems/Car/Tactile/24.jpg","","Car","https://tactileeval.s3.us-east-1.amazonaws.com/family_datasets/Vehicles_and_Flight_Systems/Car/Natural/Car_25.jpeg","https://tactileeval.s3.us-east-1.amazonaws.com/family_datasets/Vehicles_and_Flight_Systems/Car/Tactile/25.jpg","","Car","https://tactileeval.s3.us-east-1.amazonaws.com/family_datasets/Vehicles_and_Flight_Systems/Car/Natural/Car_26.jpg","https://tactileeval.s3.us-east-1.amazonaws.com/family_datasets/Vehicles_and_Flight_Systems/Car/Tactile/26.png","","Helicopter","https://tactileeval.s3.us-east-1.amazonaws.com/family_datasets/Vehicles_and_Flight_Systems/Helicopter/Natural/1_Helicopter.jpg","https://tactileeval.s3.us-east-1.amazonaws.com/family_datasets/Vehicles_and_Flight_Systems/Helicopter/Tactile/1.jpeg","","Helicopter","https://tactileeval.s3.us-east-1.amazonaws.com/family_datasets/Vehicles_and_Flight_Systems/Helicopter/Natural/2_Helicopter.jpg","https://tactileeval.s3.us-east-1.amazonaws.com/family_datasets/Vehicles_and_Flight_Systems/Helicopter/Tactile/2.jpeg","","Helicopter","https://tactileeval.s3.us-east-1.amazonaws.com/family_datasets/Vehicles_and_Flight_Systems/Helicopter/Natural/3_Helicopter.jpg","https://tactileeval.s3.us-east-1.amazonaws.com/family_datasets/Vehicles_and_Flight_Systems/Helicopter/Tactile/3.jpeg","","Helicopter","https://tactileeval.s3.us-east-1.amazonaws.com/family_datasets/Vehicles_and_Flight_Systems/Helicopter/Natural/4_Helicopter.jpg","https://tactileeval.s3.us-east-1.amazonaws.com/family_datasets/Vehicles_and_Flight_Systems/Helicopter/Tactile/4.jpeg","","Helicopter","https://tactileeval.s3.us-east-1.amazonaws.com/family_datasets/Vehicles_and_Flight_Systems/Helicopter/Natural/5_Helicopter.jpg","https://tactileeval.s3.us-east-1.amazonaws.com/family_datasets/Vehicles_and_Flight_Systems/Helicopter/Tactile/5.jpeg","","[{""question1"":{""background_clean"":true,""configuration_match"":true,""object_match"":true},""question10"":{""background_clean"":true,""configuration_match"":false,""object_match"":true},""question2"":{""background_clean"":true,""configuration_match"":false,""object_match"":true},""question3"":{""background_clean"":true,""configuration_match"":false,""object_match"":false},""question4"":{""background_clean"":true,""configuration_match"":true,""object_match"":true},""question5"":{""background_clean"":true,""configuration_match"":true,""object_match"":true},""question6"":{""background_clean"":true,""configuration_match"":false,""object_match"":true},""question7"":{""background_clean"":true,""configuration_match"":false,""object_match"":true},""question8"":{""background_clean"":true,""configuration_match"":true,""object_match"":true},""question9"":{""background_clean"":true,""configuration_match"":true,""object_match"":true}}]"
"30UZJB2PP9QXADWR9T82C93XAYO35L","3PMOF0KIQ9OPLJTQP1WUGXCGLK7KBL","Categorize images based on background and posture.","Review 10 line-arts and judge if it has adequate background and configuration. (10 pairs)","tactile, image review, accessibility, vehicles","$0.08","Sat Apr 18 07:32:18 PDT 2026","7","BatchId:5385911;OriginalHitTemplateId:928390873;","1200","1296000","Sat Apr 25 07:32:18 PDT 2026","","","352YTHGRPORWUMXJ0BJVZVUMXALH48","A376G1BHIGNA85","Submitted","Sat Apr 18 13:58:29 PDT 2026","Sat Apr 18 14:04:48 PDT 2026","Sun May 03 14:04:48 PDT 2026","","","","379","0% (0/0)","0% (0/0)","0% (0/0)","Car","https://tactileeval.s3.us-east-1.amazonaws.com/family_datasets/Vehicles_and_Flight_Systems/Car/Natural/Car_22.jpeg","https://tactileeval.s3.us-east-1.amazonaws.com/family_datasets/Vehicles_and_Flight_Systems/Car/Tactile/22.jpg","","Car","https://tactileeval.s3.us-east-1.amazonaws.com/family_datasets/Vehicles_and_Flight_Systems/Car/Natural/Car_23.jpeg","https://tactileeval.s3.us-east-1.amazonaws.com/family_datasets/Vehicles_and_Flight_Systems/Car/Tactile/23.jpg","","Car","https://tactileeval.s3.us-east-1.amazonaws.com/family_datasets/Vehicles_and_Flight_Systems/Car/Natural/Car_24.jpg","https://tactileeval.s3.us-east-1.amazonaws.com/family_datasets/Vehicles_and_Flight_Systems/Car/Tactile/24.jpg","","Car","https://tactileeval.s3.us-east-1.amazonaws.com/family_datasets/Vehicles_and_Flight_Systems/Car/Natural/Car_25.jpeg","https://tactileeval.s3.us-east-1.amazonaws.com/family_datasets/Vehicles_and_Flight_Systems/Car/Tactile/25.jpg","","Car","https://tactileeval.s3.us-east-1.amazonaws.com/family_datasets/Vehicles_and_Flight_Systems/Car/Natural/Car_26.jpg","https://tactileeval.s3.us-east-1.amazonaws.com/family_datasets/Vehicles_and_Flight_Systems/Car/Tactile/26.png","","Helicopter","https://tactileeval.s3.us-east-1.amazonaws.com/family_datasets/Vehicles_and_Flight_Systems/Helicopter/Natural/1_Helicopter.jpg","https://tactileeval.s3.us-east-1.amazonaws.com/family_datasets/Vehicles_and_Flight_Systems/Helicopter/Tactile/1.jpeg","","Helicopter","https://tactileeval.s3.us-east-1.amazonaws.com/family_datasets/Vehicles_and_Flight_Systems/Helicopter/Natural/2_Helicopter.jpg","https://tactileeval.s3.us-east-1.amazonaws.com/family_datasets/Vehicles_and_Flight_Systems/Helicopter/Tactile/2.jpeg","","Helicopter","https://tactileeval.s3.us-east-1.amazonaws.com/family_datasets/Vehicles_and_Flight_Systems/Helicopter/Natural/3_Helicopter.jpg","https://tactileeval.s3.us-east-1.amazonaws.com/family_datasets/Vehicles_and_Flight_Systems/Helicopter/Tactile/3.jpeg","","Helicopter","https://tactileeval.s3.us-east-1.amazonaws.com/family_datasets/Vehicles_and_Flight_Systems/Helicopter/Natural/4_Helicopter.jpg","https://tactileeval.s3.us-east-1.amazonaws.com/family_datasets/Vehicles_and_Flight_Systems/Helicopter/Tactile/4.jpeg","","Helicopter","https://tactileeval.s3.us-east-1.amazonaws.com/family_datasets/Vehicles_and_Flight_Systems/Helicopter/Natural/5_Helicopter.jpg","https://tactileeval.s3.us-east-1.amazonaws.com/family_datasets/Vehicles_and_Flight_Systems/Helicopter/Tactile/5.jpeg","","[{""question1"":{""background_clean"":false,""configuration_match"":true,""object_match"":false},""question10"":{""background_clean"":false,""configuration_match"":false,""object_match"":true},""question2"":{""background_clean"":false,""configuration_match"":false,""object_match"":true},""question3"":{""background_clean"":false,""configuration_match"":true,""object_match"":false},""question4"":{""background_clean"":false,""configuration_match"":true,""object_match"":false},""question5"":{""background_clean"":false,""configuration_match"":true,""object_match"":false},""question6"":{""background_clean"":false,""configuration_match"":false,""object_match"":true},""question7"":{""background_clean"":false,""configuration_match"":false,""object_match"":true},""question8"":{""background_clean"":false,""configuration_match"":true,""object_match"":false},""question9"":{""background_clean"":false,""configuration_match"":false,""object_match"":true}}]"
"30UZJB2PP9QXADWR9T82C93XAYO35L","3PMOF0KIQ9OPLJTQP1WUGXCGLK7KBL","Categorize images based on background and posture.","Review 10 line-arts and judge if it has adequate background and configuration. (10 pairs)","tactile, image review, accessibility, vehicles","$0.08","Sat Apr 18 07:32:18 PDT 2026","7","BatchId:5385911;OriginalHitTemplateId:928390873;","1200","1296000","Sat Apr 25 07:32:18 PDT 2026","","","378XPAWRV5RBS6OKFUB7CAH1PY1AIC","A1RQST9UG72B9D","Submitted","Sat Apr 18 15:57:45 PDT 2026","Sat Apr 18 16:02:11 PDT 2026","Sun May 03 16:02:11 PDT 2026","","","","266","0% (0/0)","0% (0/0)","0% (0/0)","Car","https://tactileeval.s3.us-east-1.amazonaws.com/family_datasets/Vehicles_and_Flight_Systems/Car/Natural/Car_22.jpeg","https://tactileeval.s3.us-east-1.amazonaws.com/family_datasets/Vehicles_and_Flight_Systems/Car/Tactile/22.jpg","","Car","https://tactileeval.s3.us-east-1.amazonaws.com/family_datasets/Vehicles_and_Flight_Systems/Car/Natural/Car_23.jpeg","https://tactileeval.s3.us-east-1.amazonaws.com/family_datasets/Vehicles_and_Flight_Systems/Car/Tactile/23.jpg","","Car","https://tactileeval.s3.us-east-1.amazonaws.com/family_datasets/Vehicles_and_Flight_Systems/Car/Natural/Car_24.jpg","https://tactileeval.s3.us-east-1.amazonaws.com/family_datasets/Vehicles_and_Flight_Systems/Car/Tactile/24.jpg","","Car","https://tactileeval.s3.us-east-1.amazonaws.com/family_datasets/Vehicles_and_Flight_Systems/Car/Natural/Car_25.jpeg","https://tactileeval.s3.us-east-1.amazonaws.com/family_datasets/Vehicles_and_Flight_Systems/Car/Tactile/25.jpg","","Car","https://tactileeval.s3.us-east-1.amazonaws.com/family_datasets/Vehicles_and_Flight_Systems/Car/Natural/Car_26.jpg","https://tactileeval.s3.us-east-1.amazonaws.com/family_datasets/Vehicles_and_Flight_Systems/Car/Tactile/26.png","","Helicopter","https://tactileeval.s3.us-east-1.amazonaws.com/family_datasets/Vehicles_and_Flight_Systems/Helicopter/Natural/1_Helicopter.jpg","https://tactileeval.s3.us-east-1.amazonaws.com/family_datasets/Vehicles_and_Flight_Systems/Helicopter/Tactile/1.jpeg","","Helicopter","https://tactileeval.s3.us-east-1.amazonaws.com/family_datasets/Vehicles_and_Flight_Systems/Helicopter/Natural/2_Helicopter.jpg","https://tactileeval.s3.us-east-1.amazonaws.com/family_datasets/Vehicles_and_Flight_Systems/Helicopter/Tactile/2.jpeg","","Helicopter","https://tactileeval.s3.us-east-1.amazonaws.com/family_datasets/Vehicles_and_Flight_Systems/Helicopter/Natural/3_Helicopter.jpg","https://tactileeval.s3.us-east-1.amazonaws.com/family_datasets/Vehicles_and_Flight_Systems/Helicopter/Tactile/3.jpeg","","Helicopter","https://tactileeval.s3.us-east-1.amazonaws.com/family_datasets/Vehicles_and_Flight_Systems/Helicopter/Natural/4_Helicopter.jpg","https://tactileeval.s3.us-east-1.amazonaws.com/family_datasets/Vehicles_and_Flight_Systems/Helicopter/Tactile/4.jpeg","","Helicopter","https://tactileeval.s3.us-east-1.amazonaws.com/family_datasets/Vehicles_and_Flight_Systems/Helicopter/Natural/5_Helicopter.jpg","https://tactileeval.s3.us-east-1.amazonaws.com/family_datasets/Vehicles_and_Flight_Systems/Helicopter/Tactile/5.jpeg","","[{""question1"":{""background_clean"":true,""configuration_match"":true,""object_match"":true},""question10"":{""background_clean"":true,""configuration_match"":true,""object_match"":true},""question2"":{""background_clean"":true,""configuration_match"":false,""object_match"":true},""question3"":{""background_clean"":true,""configuration_match"":false,""object_match"":false},""question4"":{""background_clean"":true,""configuration_match"":true,""object_match"":false},""question5"":{""background_clean"":true,""configuration_match"":true,""object_match"":true},""question6"":{""background_clean"":false,""configuration_match"":true,""object_match"":true},""question7"":{""background_clean"":true,""configuration_match"":true,""object_match"":true},""question8"":{""background_clean"":true,""configuration_match"":true,""object_match"":true},""question9"":{""background_clean"":true,""configuration_match"":true,""object_match"":true}}]"
"362E9TQF394AGD3UBSYGKCWBJPYIGH","3PMOF0KIQ9OPLJTQP1WUGXCGLK7KBL","Categorize images based on background and posture.","Review 10 line-arts and judge if it has adequate background and configuration. (10 pairs)","tactile, image review, accessibility, vehicles","$0.08","Sat Apr 18 07:32:18 PDT 2026","7","BatchId:5385911;OriginalHitTemplateId:928390873;","1200","1296000","Sat Apr 25 07:32:18 PDT 2026","","","3Z7ISHFUIT9J48KFI0FFGEEWVL08ZW","A1KXF2L2ZGQXJK","Submitted","Sat Apr 18 08:13:20 PDT 2026","Sat Apr 18 08:18:56 PDT 2026","Sun May 03 08:18:56 PDT 2026","","","","336","0% (0/0)","0% (0/0)","0% (0/0)","Helicopter","https://tactileeval.s3.us-east-1.amazonaws.com/family_datasets/Vehicles_and_Flight_Systems/Helicopter/Natural/6_Helicopter.jpg","https://tactileeval.s3.us-east-1.amazonaws.com/family_datasets/Vehicles_and_Flight_Systems/Helicopter/Tactile/6.jpeg","","Helicopter","https://tactileeval.s3.us-east-1.amazonaws.com/family_datasets/Vehicles_and_Flight_Systems/Helicopter/Natural/7_Helicopter.jpg","https://tactileeval.s3.us-east-1.amazonaws.com/family_datasets/Vehicles_and_Flight_Systems/Helicopter/Tactile/7.jpeg","","Helicopter","https://tactileeval.s3.us-east-1.amazonaws.com/family_datasets/Vehicles_and_Flight_Systems/Helicopter/Natural/8_Helicopter.jpg","https://tactileeval.s3.us-east-1.amazonaws.com/family_datasets/Vehicles_and_Flight_Systems/Helicopter/Tactile/8.jpeg","","Helicopter","https://tactileeval.s3.us-east-1.amazonaws.com/family_datasets/Vehicles_and_Flight_Systems/Helicopter/Natural/9_Helicopter%282%29.jpg","https://tactileeval.s3.us-east-1.amazonaws.com/family_datasets/Vehicles_and_Flight_Systems/Helicopter/Tactile/9.jpeg","","Helicopter","https://tactileeval.s3.us-east-1.amazonaws.com/family_datasets/Vehicles_and_Flight_Systems/Helicopter/Natural/10_Helicopter.jpg","https://tactileeval.s3.us-east-1.amazonaws.com/family_datasets/Vehicles_and_Flight_Systems/Helicopter/Tactile/10.jpeg","","Helicopter","https://tactileeval.s3.us-east-1.amazonaws.com/family_datasets/Vehicles_and_Flight_Systems/Helicopter/Natural/11_Helicopter.jpg","https://tactileeval.s3.us-east-1.amazonaws.com/family_datasets/Vehicles_and_Flight_Systems/Helicopter/Tactile/11.jpeg","","Helicopter","https://tactileeval.s3.us-east-1.amazonaws.com/family_datasets/Vehicles_and_Flight_Systems/Helicopter/Natural/12_Helicopter.jpg","https://tactileeval.s3.us-east-1.amazonaws.com/family_datasets/Vehicles_and_Flight_Systems/Helicopter/Tactile/12.jpeg","","Helicopter","https://tactileeval.s3.us-east-1.amazonaws.com/family_datasets/Vehicles_and_Flight_Systems/Helicopter/Natural/13_Helicopter.jpg","https://tactileeval.s3.us-east-1.amazonaws.com/family_datasets/Vehicles_and_Flight_Systems/Helicopter/Tactile/13.jpeg","","Helicopter","https://tactileeval.s3.us-east-1.amazonaws.com/family_datasets/Vehicles_and_Flight_Systems/Helicopter/Natural/14_Helicopter.jpg","https://tactileeval.s3.us-east-1.amazonaws.com/family_datasets/Vehicles_and_Flight_Systems/Helicopter/Tactile/14.jpeg","","Helicopter","https://tactileeval.s3.us-east-1.amazonaws.com/family_datasets/Vehicles_and_Flight_Systems/Helicopter/Natural/15_Helicopter.jpg","https://tactileeval.s3.us-east-1.amazonaws.com/family_datasets/Vehicles_and_Flight_Systems/Helicopter/Tactile/15.jpeg","","[{""question1"":{""background_clean"":true,""configuration_match"":true,""object_match"":false},""question10"":{""background_clean"":false,""configuration_match"":true,""object_match"":false},""question2"":{""background_clean"":true,""configuration_match"":true,""object_match"":false},""question3"":{""background_clean"":true,""configuration_match"":true,""object_match"":false},""question4"":{""background_clean"":true,""configuration_match"":false,""object_match"":true},""question5"":{""background_clean"":true,""configuration_match"":false,""object_match"":false},""question6"":{""background_clean"":true,""configuration_match"":true,""object_match"":true},""question7"":{""background_clean"":true,""configuration_match"":false,""object_match"":false},""question8"":{""background_clean"":true,""configuration_match"":false,""object_match"":false},""question9"":{""background_clean"":true,""configuration_match"":false,""object_match"":false}}]"
"362E9TQF394AGD3UBSYGKCWBJPYIGH","3PMOF0KIQ9OPLJTQP1WUGXCGLK7KBL","Categorize images based on background and posture.","Review 10 line-arts and judge if it has adequate background and configuration. (10 pairs)","tactile, image review, accessibility, vehicles","$0.08","Sat Apr 18 07:32:18 PDT 2026","7","BatchId:5385911;OriginalHitTemplateId:928390873;","1200","1296000","Sat Apr 25 07:32:18 PDT 2026","","","3L2IS5HSG3WNLGD9IF5QHJPCIZLNUD","A3T8SYDFYUEFMA","Submitted","Sat Apr 18 08:27:28 PDT 2026","Sat Apr 18 08:31:58 PDT 2026","Sun May 03 08:31:58 PDT 2026","","","","270","0% (0/0)","0% (0/0)","0% (0/0)","Helicopter","https://tactileeval.s3.us-east-1.amazonaws.com/family_datasets/Vehicles_and_Flight_Systems/Helicopter/Natural/6_Helicopter.jpg","https://tactileeval.s3.us-east-1.amazonaws.com/family_datasets/Vehicles_and_Flight_Systems/Helicopter/Tactile/6.jpeg","","Helicopter","https://tactileeval.s3.us-east-1.amazonaws.com/family_datasets/Vehicles_and_Flight_Systems/Helicopter/Natural/7_Helicopter.jpg","https://tactileeval.s3.us-east-1.amazonaws.com/family_datasets/Vehicles_and_Flight_Systems/Helicopter/Tactile/7.jpeg","","Helicopter","https://tactileeval.s3.us-east-1.amazonaws.com/family_datasets/Vehicles_and_Flight_Systems/Helicopter/Natural/8_Helicopter.jpg","https://tactileeval.s3.us-east-1.amazonaws.com/family_datasets/Vehicles_and_Flight_Systems/Helicopter/Tactile/8.jpeg","","Helicopter","https://tactileeval.s3.us-east-1.amazonaws.com/family_datasets/Vehicles_and_Flight_Systems/Helicopter/Natural/9_Helicopter%282%29.jpg","https://tactileeval.s3.us-east-1.amazonaws.com/family_datasets/Vehicles_and_Flight_Systems/Helicopter/Tactile/9.jpeg","","Helicopter","https://tactileeval.s3.us-east-1.amazonaws.com/family_datasets/Vehicles_and_Flight_Systems/Helicopter/Natural/10_Helicopter.jpg","https://tactileeval.s3.us-east-1.amazonaws.com/family_datasets/Vehicles_and_Flight_Systems/Helicopter/Tactile/10.jpeg","","Helicopter","https://tactileeval.s3.us-east-1.amazonaws.com/family_datasets/Vehicles_and_Flight_Systems/Helicopter/Natural/11_Helicopter.jpg","https://tactileeval.s3.us-east-1.amazonaws.com/family_datasets/Vehicles_and_Flight_Systems/Helicopter/Tactile/11.jpeg","","Helicopter","https://tactileeval.s3.us-east-1.amazonaws.com/family_datasets/Vehicles_and_Flight_Systems/Helicopter/Natural/12_Helicopter.jpg","https://tactileeval.s3.us-east-1.amazonaws.com/family_datasets/Vehicles_and_Flight_Systems/Helicopter/Tactile/12.jpeg","","Helicopter","https://tactileeval.s3.us-east-1.amazonaws.com/family_datasets/Vehicles_and_Flight_Systems/Helicopter/Natural/13_Helicopter.jpg","https://tactileeval.s3.us-east-1.amazonaws.com/family_datasets/Vehicles_and_Flight_Systems/Helicopter/Tactile/13.jpeg","","Helicopter","https://tactileeval.s3.us-east-1.amazonaws.com/family_datasets/Vehicles_and_Flight_Systems/Helicopter/Natural/14_Helicopter.jpg","https://tactileeval.s3.us-east-1.amazonaws.com/family_datasets/Vehicles_and_Flight_Systems/Helicopter/Tactile/14.jpeg","","Helicopter","https://tactileeval.s3.us-east-1.amazonaws.com/family_datasets/Vehicles_and_Flight_Systems/Helicopter/Natural/15_Helicopter.jpg","https://tactileeval.s3.us-east-1.amazonaws.com/family_datasets/Vehicles_and_Flight_Systems/Helicopter/Tactile/15.jpeg","","[{""question1"":{""background_clean"":true,""configuration_match"":true,""object_match"":true},""question10"":{""background_clean"":true,""configuration_match"":false,""object_match"":true},""question2"":{""background_clean"":true,""configuration_match"":true,""object_match"":true},""question3"":{""background_clean"":true,""configuration_match"":true,""object_match"":true},""question4"":{""background_clean"":true,""configuration_match"":true,""object_match"":true},""question5"":{""background_clean"":true,""configuration_match"":false,""object_match"":true},""question6"":{""background_clean"":true,""configuration_match"":true,""object_match"":true},""question7"":{""background_clean"":true,""configuration_match"":false,""object_match"":true},""question8"":{""background_clean"":true,""configuration_match"":false,""object_match"":true},""question9"":{""background_clean"":true,""configuration_match"":true,""object_match"":true}}]"
"362E9TQF394AGD3UBSYGKCWBJPYIGH","3PMOF0KIQ9OPLJTQP1WUGXCGLK7KBL","Categorize images based on background and posture.","Review 10 line-arts and judge if it has adequate background and configuration. (10 pairs)","tactile, image review, accessibility, vehicles","$0.08","Sat Apr 18 07:32:18 PDT 2026","7","BatchId:5385911;OriginalHitTemplateId:928390873;","1200","1296000","Sat Apr 25 07:32:18 PDT 2026","","","3M23Y66PPVLZZIFDUTO907L22COS65","A2FK6782M09EBO","Submitted","Sat Apr 18 09:48:30 PDT 2026","Sat Apr 18 09:57:41 PDT 2026","Sun May 03 09:57:41 PDT 2026","","","","551","93% (65/70)","93% (65/70)","93% (65/70)","Helicopter","https://tactileeval.s3.us-east-1.amazonaws.com/family_datasets/Vehicles_and_Flight_Systems/Helicopter/Natural/6_Helicopter.jpg","https://tactileeval.s3.us-east-1.amazonaws.com/family_datasets/Vehicles_and_Flight_Systems/Helicopter/Tactile/6.jpeg","","Helicopter","https://tactileeval.s3.us-east-1.amazonaws.com/family_datasets/Vehicles_and_Flight_Systems/Helicopter/Natural/7_Helicopter.jpg","https://tactileeval.s3.us-east-1.amazonaws.com/family_datasets/Vehicles_and_Flight_Systems/Helicopter/Tactile/7.jpeg","","Helicopter","https://tactileeval.s3.us-east-1.amazonaws.com/family_datasets/Vehicles_and_Flight_Systems/Helicopter/Natural/8_Helicopter.jpg","https://tactileeval.s3.us-east-1.amazonaws.com/family_datasets/Vehicles_and_Flight_Systems/Helicopter/Tactile/8.jpeg","","Helicopter","https://tactileeval.s3.us-east-1.amazonaws.com/family_datasets/Vehicles_and_Flight_Systems/Helicopter/Natural/9_Helicopter%282%29.jpg","https://tactileeval.s3.us-east-1.amazonaws.com/family_datasets/Vehicles_and_Flight_Systems/Helicopter/Tactile/9.jpeg","","Helicopter","https://tactileeval.s3.us-east-1.amazonaws.com/family_datasets/Vehicles_and_Flight_Systems/Helicopter/Natural/10_Helicopter.jpg","https://tactileeval.s3.us-east-1.amazonaws.com/family_datasets/Vehicles_and_Flight_Systems/Helicopter/Tactile/10.jpeg","","Helicopter","https://tactileeval.s3.us-east-1.amazonaws.com/family_datasets/Vehicles_and_Flight_Systems/Helicopter/Natural/11_Helicopter.jpg","https://tactileeval.s3.us-east-1.amazonaws.com/family_datasets/Vehicles_and_Flight_Systems/Helicopter/Tactile/11.jpeg","","Helicopter","https://tactileeval.s3.us-east-1.amazonaws.com/family_datasets/Vehicles_and_Flight_Systems/Helicopter/Natural/12_Helicopter.jpg","https://tactileeval.s3.us-east-1.amazonaws.com/family_datasets/Vehicles_and_Flight_Systems/Helicopter/Tactile/12.jpeg","","Helicopter","https://tactileeval.s3.us-east-1.amazonaws.com/family_datasets/Vehicles_and_Flight_Systems/Helicopter/Natural/13_Helicopter.jpg","https://tactileeval.s3.us-east-1.amazonaws.com/family_datasets/Vehicles_and_Flight_Systems/Helicopter/Tactile/13.jpeg","","Helicopter","https://tactileeval.s3.us-east-1.amazonaws.com/family_datasets/Vehicles_and_Flight_Systems/Helicopter/Natural/14_Helicopter.jpg","https://tactileeval.s3.us-east-1.amazonaws.com/family_datasets/Vehicles_and_Flight_Systems/Helicopter/Tactile/14.jpeg","","Helicopter","https://tactileeval.s3.us-east-1.amazonaws.com/family_datasets/Vehicles_and_Flight_Systems/Helicopter/Natural/15_Helicopter.jpg","https://tactileeval.s3.us-east-1.amazonaws.com/family_datasets/Vehicles_and_Flight_Systems/Helicopter/Tactile/15.jpeg","","[{""question1"":{""background_clean"":true,""configuration_match"":true,""object_match"":true},""question10"":{""background_clean"":true,""configuration_match"":true,""object_match"":true},""question2"":{""background_clean"":true,""configuration_match"":true,""object_match"":false},""question3"":{""background_clean"":true,""configuration_match"":true,""object_match"":true},""question4"":{""background_clean"":true,""configuration_match"":true,""object_match"":true},""question5"":{""background_clean"":true,""configuration_match"":true,""object_match"":true},""question6"":{""background_clean"":true,""configuration_match"":true,""object_match"":true},""question7"":{""background_clean"":true,""configuration_match"":false,""object_match"":true},""question8"":{""background_clean"":true,""configuration_match"":false,""object_match"":true},""question9"":{""background_clean"":true,""configuration_match"":true,""object_match"":true}}]"
"362E9TQF394AGD3UBSYGKCWBJPYIGH","3PMOF0KIQ9OPLJTQP1WUGXCGLK7KBL","Categorize images based on background and posture.","Review 10 line-arts and judge if it has adequate background and configuration. (10 pairs)","tactile, image review, accessibility, vehicles","$0.08","Sat Apr 18 07:32:18 PDT 2026","7","BatchId:5385911;OriginalHitTemplateId:928390873;","1200","1296000","Sat Apr 25 07:32:18 PDT 2026","","","3GNCZX451B139SBOSP1RL7IDBB9APZ","A1LN8392JHDGL5","Submitted","Sat Apr 18 09:55:15 PDT 2026","Sat Apr 18 10:01:58 PDT 2026","Sun May 03 10:01:58 PDT 2026","","","","403","0% (0/0)","0% (0/0)","0% (0/0)","Helicopter","https://tactileeval.s3.us-east-1.amazonaws.com/family_datasets/Vehicles_and_Flight_Systems/Helicopter/Natural/6_Helicopter.jpg","https://tactileeval.s3.us-east-1.amazonaws.com/family_datasets/Vehicles_and_Flight_Systems/Helicopter/Tactile/6.jpeg","","Helicopter","https://tactileeval.s3.us-east-1.amazonaws.com/family_datasets/Vehicles_and_Flight_Systems/Helicopter/Natural/7_Helicopter.jpg","https://tactileeval.s3.us-east-1.amazonaws.com/family_datasets/Vehicles_and_Flight_Systems/Helicopter/Tactile/7.jpeg","","Helicopter","https://tactileeval.s3.us-east-1.amazonaws.com/family_datasets/Vehicles_and_Flight_Systems/Helicopter/Natural/8_Helicopter.jpg","https://tactileeval.s3.us-east-1.amazonaws.com/family_datasets/Vehicles_and_Flight_Systems/Helicopter/Tactile/8.jpeg","","Helicopter","https://tactileeval.s3.us-east-1.amazonaws.com/family_datasets/Vehicles_and_Flight_Systems/Helicopter/Natural/9_Helicopter%282%29.jpg","https://tactileeval.s3.us-east-1.amazonaws.com/family_datasets/Vehicles_and_Flight_Systems/Helicopter/Tactile/9.jpeg","","Helicopter","https://tactileeval.s3.us-east-1.amazonaws.com/family_datasets/Vehicles_and_Flight_Systems/Helicopter/Natural/10_Helicopter.jpg","https://tactileeval.s3.us-east-1.amazonaws.com/family_datasets/Vehicles_and_Flight_Systems/Helicopter/Tactile/10.jpeg","","Helicopter","https://tactileeval.s3.us-east-1.amazonaws.com/family_datasets/Vehicles_and_Flight_Systems/Helicopter/Natural/11_Helicopter.jpg","https://tactileeval.s3.us-east-1.amazonaws.com/family_datasets/Vehicles_and_Flight_Systems/Helicopter/Tactile/11.jpeg","","Helicopter","https://tactileeval.s3.us-east-1.amazonaws.com/family_datasets/Vehicles_and_Flight_Systems/Helicopter/Natural/12_Helicopter.jpg","https://tactileeval.s3.us-east-1.amazonaws.com/family_datasets/Vehicles_and_Flight_Systems/Helicopter/Tactile/12.jpeg","","Helicopter","https://tactileeval.s3.us-east-1.amazonaws.com/family_datasets/Vehicles_and_Flight_Systems/Helicopter/Natural/13_Helicopter.jpg","https://tactileeval.s3.us-east-1.amazonaws.com/family_datasets/Vehicles_and_Flight_Systems/Helicopter/Tactile/13.jpeg","","Helicopter","https://tactileeval.s3.us-east-1.amazonaws.com/family_datasets/Vehicles_and_Flight_Systems/Helicopter/Natural/14_Helicopter.jpg","https://tactileeval.s3.us-east-1.amazonaws.com/family_datasets/Vehicles_and_Flight_Systems/Helicopter/Tactile/14.jpeg","","Helicopter","https://tactileeval.s3.us-east-1.amazonaws.com/family_datasets/Vehicles_and_Flight_Systems/Helicopter/Natural/15_Helicopter.jpg","https://tactileeval.s3.us-east-1.amazonaws.com/family_datasets/Vehicles_and_Flight_Systems/Helicopter/Tactile/15.jpeg","","[{""question1"":{""background_clean"":true,""configuration_match"":false,""object_match"":true},""question10"":{""background_clean"":true,""configuration_match"":true,""object_match"":true},""question2"":{""background_clean"":true,""configuration_match"":false,""object_match"":true},""question3"":{""background_clean"":true,""configuration_match"":true,""object_match"":true},""question4"":{""background_clean"":true,""configuration_match"":false,""object_match"":true},""question5"":{""background_clean"":true,""configuration_match"":false,""object_match"":true},""question6"":{""background_clean"":true,""configuration_match"":true,""object_match"":true},""question7"":{""background_clean"":true,""configuration_match"":false,""object_match"":true},""question8"":{""background_clean"":true,""configuration_match"":true,""object_match"":true},""question9"":{""background_clean"":true,""configuration_match"":false,""object_match"":true}}]"
"362E9TQF394AGD3UBSYGKCWBJPYIGH","3PMOF0KIQ9OPLJTQP1WUGXCGLK7KBL","Categorize images based on background and posture.","Review 10 line-arts and judge if it has adequate background and configuration. (10 pairs)","tactile, image review, accessibility, vehicles","$0.08","Sat Apr 18 07:32:18 PDT 2026","7","BatchId:5385911;OriginalHitTemplateId:928390873;","1200","1296000","Sat Apr 25 07:32:18 PDT 2026","","","3S06PH7KTKIYQ7VYRXH3AC8LTY3D13","A9380GKZM50GU","Submitted","Sat Apr 18 10:12:28 PDT 2026","Sat Apr 18 10:24:12 PDT 2026","Sun May 03 10:24:12 PDT 2026","","","","704","0% (0/0)","0% (0/0)","0% (0/0)","Helicopter","https://tactileeval.s3.us-east-1.amazonaws.com/family_datasets/Vehicles_and_Flight_Systems/Helicopter/Natural/6_Helicopter.jpg","https://tactileeval.s3.us-east-1.amazonaws.com/family_datasets/Vehicles_and_Flight_Systems/Helicopter/Tactile/6.jpeg","","Helicopter","https://tactileeval.s3.us-east-1.amazonaws.com/family_datasets/Vehicles_and_Flight_Systems/Helicopter/Natural/7_Helicopter.jpg","https://tactileeval.s3.us-east-1.amazonaws.com/family_datasets/Vehicles_and_Flight_Systems/Helicopter/Tactile/7.jpeg","","Helicopter","https://tactileeval.s3.us-east-1.amazonaws.com/family_datasets/Vehicles_and_Flight_Systems/Helicopter/Natural/8_Helicopter.jpg","https://tactileeval.s3.us-east-1.amazonaws.com/family_datasets/Vehicles_and_Flight_Systems/Helicopter/Tactile/8.jpeg","","Helicopter","https://tactileeval.s3.us-east-1.amazonaws.com/family_datasets/Vehicles_and_Flight_Systems/Helicopter/Natural/9_Helicopter%282%29.jpg","https://tactileeval.s3.us-east-1.amazonaws.com/family_datasets/Vehicles_and_Flight_Systems/Helicopter/Tactile/9.jpeg","","Helicopter","https://tactileeval.s3.us-east-1.amazonaws.com/family_datasets/Vehicles_and_Flight_Systems/Helicopter/Natural/10_Helicopter.jpg","https://tactileeval.s3.us-east-1.amazonaws.com/family_datasets/Vehicles_and_Flight_Systems/Helicopter/Tactile/10.jpeg","","Helicopter","https://tactileeval.s3.us-east-1.amazonaws.com/family_datasets/Vehicles_and_Flight_Systems/Helicopter/Natural/11_Helicopter.jpg","https://tactileeval.s3.us-east-1.amazonaws.com/family_datasets/Vehicles_and_Flight_Systems/Helicopter/Tactile/11.jpeg","","Helicopter","https://tactileeval.s3.us-east-1.amazonaws.com/family_datasets/Vehicles_and_Flight_Systems/Helicopter/Natural/12_Helicopter.jpg","https://tactileeval.s3.us-east-1.amazonaws.com/family_datasets/Vehicles_and_Flight_Systems/Helicopter/Tactile/12.jpeg","","Helicopter","https://tactileeval.s3.us-east-1.amazonaws.com/family_datasets/Vehicles_and_Flight_Systems/Helicopter/Natural/13_Helicopter.jpg","https://tactileeval.s3.us-east-1.amazonaws.com/family_datasets/Vehicles_and_Flight_Systems/Helicopter/Tactile/13.jpeg","","Helicopter","https://tactileeval.s3.us-east-1.amazonaws.com/family_datasets/Vehicles_and_Flight_Systems/Helicopter/Natural/14_Helicopter.jpg","https://tactileeval.s3.us-east-1.amazonaws.com/family_datasets/Vehicles_and_Flight_Systems/Helicopter/Tactile/14.jpeg","","Helicopter","https://tactileeval.s3.us-east-1.amazonaws.com/family_datasets/Vehicles_and_Flight_Systems/Helicopter/Natural/15_Helicopter.jpg","https://tactileeval.s3.us-east-1.amazonaws.com/family_datasets/Vehicles_and_Flight_Systems/Helicopter/Tactile/15.jpeg","","[{""question1"":{""background_clean"":true,""configuration_match"":false,""object_match"":true},""question10"":{""background_clean"":true,""configuration_match"":true,""object_match"":true},""question2"":{""background_clean"":true,""configuration_match"":false,""object_match"":true},""question3"":{""background_clean"":true,""configuration_match"":false,""object_match"":true},""question4"":{""background_clean"":true,""configuration_match"":false,""object_match"":true},""question5"":{""background_clean"":true,""configuration_match"":false,""object_match"":true},""question6"":{""background_clean"":true,""configuration_match"":false,""object_match"":true},""question7"":{""background_clean"":true,""configuration_match"":false,""object_match"":true},""question8"":{""background_clean"":true,""configuration_match"":false,""object_match"":true},""question9"":{""background_clean"":true,""configuration_match"":false,""object_match"":true}}]"
"362E9TQF394AGD3UBSYGKCWBJPYIGH","3PMOF0KIQ9OPLJTQP1WUGXCGLK7KBL","Categorize images based on background and posture.","Review 10 line-arts and judge if it has adequate background and configuration. (10 pairs)","tactile, image review, accessibility, vehicles","$0.08","Sat Apr 18 07:32:18 PDT 2026","7","BatchId:5385911;OriginalHitTemplateId:928390873;","1200","1296000","Sat Apr 25 07:32:18 PDT 2026","","","3ZR9AIQJV4NLJMRN23CAT3V5BTF40P","ADE24F2LKZ61M","Submitted","Sat Apr 18 12:08:50 PDT 2026","Sat Apr 18 12:14:00 PDT 2026","Sun May 03 12:14:00 PDT 2026","","","","310","0% (0/0)","0% (0/0)","0% (0/0)","Helicopter","https://tactileeval.s3.us-east-1.amazonaws.com/family_datasets/Vehicles_and_Flight_Systems/Helicopter/Natural/6_Helicopter.jpg","https://tactileeval.s3.us-east-1.amazonaws.com/family_datasets/Vehicles_and_Flight_Systems/Helicopter/Tactile/6.jpeg","","Helicopter","https://tactileeval.s3.us-east-1.amazonaws.com/family_datasets/Vehicles_and_Flight_Systems/Helicopter/Natural/7_Helicopter.jpg","https://tactileeval.s3.us-east-1.amazonaws.com/family_datasets/Vehicles_and_Flight_Systems/Helicopter/Tactile/7.jpeg","","Helicopter","https://tactileeval.s3.us-east-1.amazonaws.com/family_datasets/Vehicles_and_Flight_Systems/Helicopter/Natural/8_Helicopter.jpg","https://tactileeval.s3.us-east-1.amazonaws.com/family_datasets/Vehicles_and_Flight_Systems/Helicopter/Tactile/8.jpeg","","Helicopter","https://tactileeval.s3.us-east-1.amazonaws.com/family_datasets/Vehicles_and_Flight_Systems/Helicopter/Natural/9_Helicopter%282%29.jpg","https://tactileeval.s3.us-east-1.amazonaws.com/family_datasets/Vehicles_and_Flight_Systems/Helicopter/Tactile/9.jpeg","","Helicopter","https://tactileeval.s3.us-east-1.amazonaws.com/family_datasets/Vehicles_and_Flight_Systems/Helicopter/Natural/10_Helicopter.jpg","https://tactileeval.s3.us-east-1.amazonaws.com/family_datasets/Vehicles_and_Flight_Systems/Helicopter/Tactile/10.jpeg","","Helicopter","https://tactileeval.s3.us-east-1.amazonaws.com/family_datasets/Vehicles_and_Flight_Systems/Helicopter/Natural/11_Helicopter.jpg","https://tactileeval.s3.us-east-1.amazonaws.com/family_datasets/Vehicles_and_Flight_Systems/Helicopter/Tactile/11.jpeg","","Helicopter","https://tactileeval.s3.us-east-1.amazonaws.com/family_datasets/Vehicles_and_Flight_Systems/Helicopter/Natural/12_Helicopter.jpg","https://tactileeval.s3.us-east-1.amazonaws.com/family_datasets/Vehicles_and_Flight_Systems/Helicopter/Tactile/12.jpeg","","Helicopter","https://tactileeval.s3.us-east-1.amazonaws.com/family_datasets/Vehicles_and_Flight_Systems/Helicopter/Natural/13_Helicopter.jpg","https://tactileeval.s3.us-east-1.amazonaws.com/family_datasets/Vehicles_and_Flight_Systems/Helicopter/Tactile/13.jpeg","","Helicopter","https://tactileeval.s3.us-east-1.amazonaws.com/family_datasets/Vehicles_and_Flight_Systems/Helicopter/Natural/14_Helicopter.jpg","https://tactileeval.s3.us-east-1.amazonaws.com/family_datasets/Vehicles_and_Flight_Systems/Helicopter/Tactile/14.jpeg","","Helicopter","https://tactileeval.s3.us-east-1.amazonaws.com/family_datasets/Vehicles_and_Flight_Systems/Helicopter/Natural/15_Helicopter.jpg","https://tactileeval.s3.us-east-1.amazonaws.com/family_datasets/Vehicles_and_Flight_Systems/Helicopter/Tactile/15.jpeg","","[{""question1"":{""background_clean"":true,""configuration_match"":false,""object_match"":true},""question10"":{""background_clean"":false,""configuration_match"":false,""object_match"":true},""question2"":{""background_clean"":false,""configuration_match"":true,""object_match"":true},""question3"":{""background_clean"":false,""configuration_match"":true,""object_match"":true},""question4"":{""background_clean"":false,""configuration_match"":true,""object_match"":true},""question5"":{""background_clean"":false,""configuration_match"":false,""object_match"":true},""question6"":{""background_clean"":true,""configuration_match"":true,""object_match"":true},""question7"":{""background_clean"":true,""configuration_match"":false,""object_match"":true},""question8"":{""background_clean"":false,""configuration_match"":false,""object_match"":true},""question9"":{""background_clean"":true,""configuration_match"":true,""object_match"":true}}]"
"362E9TQF394AGD3UBSYGKCWBJPYIGH","3PMOF0KIQ9OPLJTQP1WUGXCGLK7KBL","Categorize images based on background and posture.","Review 10 line-arts and judge if it has adequate background and configuration. (10 pairs)","tactile, image review, accessibility, vehicles","$0.08","Sat Apr 18 07:32:18 PDT 2026","7","BatchId:5385911;OriginalHitTemplateId:928390873;","1200","1296000","Sat Apr 25 07:32:18 PDT 2026","","","3PIWWX1FKCKIOABURI9KHAZKSZFJJ6","A376G1BHIGNA85","Submitted","Sat Apr 18 13:58:28 PDT 2026","Sat Apr 18 14:04:12 PDT 2026","Sun May 03 14:04:12 PDT 2026","","","","344","0% (0/0)","0% (0/0)","0% (0/0)","Helicopter","https://tactileeval.s3.us-east-1.amazonaws.com/family_datasets/Vehicles_and_Flight_Systems/Helicopter/Natural/6_Helicopter.jpg","https://tactileeval.s3.us-east-1.amazonaws.com/family_datasets/Vehicles_and_Flight_Systems/Helicopter/Tactile/6.jpeg","","Helicopter","https://tactileeval.s3.us-east-1.amazonaws.com/family_datasets/Vehicles_and_Flight_Systems/Helicopter/Natural/7_Helicopter.jpg","https://tactileeval.s3.us-east-1.amazonaws.com/family_datasets/Vehicles_and_Flight_Systems/Helicopter/Tactile/7.jpeg","","Helicopter","https://tactileeval.s3.us-east-1.amazonaws.com/family_datasets/Vehicles_and_Flight_Systems/Helicopter/Natural/8_Helicopter.jpg","https://tactileeval.s3.us-east-1.amazonaws.com/family_datasets/Vehicles_and_Flight_Systems/Helicopter/Tactile/8.jpeg","","Helicopter","https://tactileeval.s3.us-east-1.amazonaws.com/family_datasets/Vehicles_and_Flight_Systems/Helicopter/Natural/9_Helicopter%282%29.jpg","https://tactileeval.s3.us-east-1.amazonaws.com/family_datasets/Vehicles_and_Flight_Systems/Helicopter/Tactile/9.jpeg","","Helicopter","https://tactileeval.s3.us-east-1.amazonaws.com/family_datasets/Vehicles_and_Flight_Systems/Helicopter/Natural/10_Helicopter.jpg","https://tactileeval.s3.us-east-1.amazonaws.com/family_datasets/Vehicles_and_Flight_Systems/Helicopter/Tactile/10.jpeg","","Helicopter","https://tactileeval.s3.us-east-1.amazonaws.com/family_datasets/Vehicles_and_Flight_Systems/Helicopter/Natural/11_Helicopter.jpg","https://tactileeval.s3.us-east-1.amazonaws.com/family_datasets/Vehicles_and_Flight_Systems/Helicopter/Tactile/11.jpeg","","Helicopter","https://tactileeval.s3.us-east-1.amazonaws.com/family_datasets/Vehicles_and_Flight_Systems/Helicopter/Natural/12_Helicopter.jpg","https://tactileeval.s3.us-east-1.amazonaws.com/family_datasets/Vehicles_and_Flight_Systems/Helicopter/Tactile/12.jpeg","","Helicopter","https://tactileeval.s3.us-east-1.amazonaws.com/family_datasets/Vehicles_and_Flight_Systems/Helicopter/Natural/13_Helicopter.jpg","https://tactileeval.s3.us-east-1.amazonaws.com/family_datasets/Vehicles_and_Flight_Systems/Helicopter/Tactile/13.jpeg","","Helicopter","https://tactileeval.s3.us-east-1.amazonaws.com/family_datasets/Vehicles_and_Flight_Systems/Helicopter/Natural/14_Helicopter.jpg","https://tactileeval.s3.us-east-1.amazonaws.com/family_datasets/Vehicles_and_Flight_Systems/Helicopter/Tactile/14.jpeg","","Helicopter","https://tactileeval.s3.us-east-1.amazonaws.com/family_datasets/Vehicles_and_Flight_Systems/Helicopter/Natural/15_Helicopter.jpg","https://tactileeval.s3.us-east-1.amazonaws.com/family_datasets/Vehicles_and_Flight_Systems/Helicopter/Tactile/15.jpeg","","[{""question1"":{""background_clean"":false,""configuration_match"":true,""object_match"":false},""question10"":{""background_clean"":false,""configuration_match"":false,""object_match"":true},""question2"":{""background_clean"":false,""configuration_match"":false,""object_match"":true},""question3"":{""background_clean"":false,""configuration_match"":false,""object_match"":true},""question4"":{""background_clean"":false,""configuration_match"":false,""object_match"":true},""question5"":{""background_clean"":false,""configuration_match"":true,""object_match"":false},""question6"":{""background_clean"":true,""configuration_match"":false,""object_match"":false},""question7"":{""background_clean"":true,""configuration_match"":false,""object_match"":false},""question8"":{""background_clean"":false,""configuration_match"":true,""object_match"":false},""question9"":{""background_clean"":false,""configuration_match"":false,""object_match"":true}}]"
"3P6ENY9P81AOG9Y5VYGY5C8CYPBIHG","3PMOF0KIQ9OPLJTQP1WUGXCGLK7KBL","Categorize images based on background and posture.","Review 10 line-arts and judge if it has adequate background and configuration. (10 pairs)","tactile, image review, accessibility, vehicles","$0.08","Sat Apr 18 07:32:18 PDT 2026","7","BatchId:5385911;OriginalHitTemplateId:928390873;","1200","1296000","Sat Apr 25 07:32:18 PDT 2026","","","336KAV9KZJ68D38L6X4VSGSR3RZ2YR","A1KXF2L2ZGQXJK","Submitted","Sat Apr 18 07:43:54 PDT 2026","Sat Apr 18 07:44:40 PDT 2026","Sun May 03 07:44:40 PDT 2026","","","","46","0% (0/0)","0% (0/0)","0% (0/0)","Helicopter","https://tactileeval.s3.us-east-1.amazonaws.com/family_datasets/Vehicles_and_Flight_Systems/Helicopter/Natural/16_Helicopter.jpg","https://tactileeval.s3.us-east-1.amazonaws.com/family_datasets/Vehicles_and_Flight_Systems/Helicopter/Tactile/16.jpeg","","Helicopter","https://tactileeval.s3.us-east-1.amazonaws.com/family_datasets/Vehicles_and_Flight_Systems/Helicopter/Natural/17_Helicopter.jpg","https://tactileeval.s3.us-east-1.amazonaws.com/family_datasets/Vehicles_and_Flight_Systems/Helicopter/Tactile/17.jpeg","","Helicopter","https://tactileeval.s3.us-east-1.amazonaws.com/family_datasets/Vehicles_and_Flight_Systems/Helicopter/Natural/18_Helicopter%282%29_Edited.jpg","https://tactileeval.s3.us-east-1.amazonaws.com/family_datasets/Vehicles_and_Flight_Systems/Helicopter/Tactile/18.jpeg","","Helicopter","https://tactileeval.s3.us-east-1.amazonaws.com/family_datasets/Vehicles_and_Flight_Systems/Helicopter/Natural/19_Helicopter.jpg","https://tactileeval.s3.us-east-1.amazonaws.com/family_datasets/Vehicles_and_Flight_Systems/Helicopter/Tactile/19.jpeg","","Helicopter","https://tactileeval.s3.us-east-1.amazonaws.com/family_datasets/Vehicles_and_Flight_Systems/Helicopter/Natural/20_Helicopter.jpg","https://tactileeval.s3.us-east-1.amazonaws.com/family_datasets/Vehicles_and_Flight_Systems/Helicopter/Tactile/20.jpeg","","Helicopter","https://tactileeval.s3.us-east-1.amazonaws.com/family_datasets/Vehicles_and_Flight_Systems/Helicopter/Natural/21_Helicopter.jpg","https://tactileeval.s3.us-east-1.amazonaws.com/family_datasets/Vehicles_and_Flight_Systems/Helicopter/Tactile/21.jpeg","","Helicopter","https://tactileeval.s3.us-east-1.amazonaws.com/family_datasets/Vehicles_and_Flight_Systems/Helicopter/Natural/22_Helicopter.jpg","https://tactileeval.s3.us-east-1.amazonaws.com/family_datasets/Vehicles_and_Flight_Systems/Helicopter/Tactile/22.jpeg","","Helicopter","https://tactileeval.s3.us-east-1.amazonaws.com/family_datasets/Vehicles_and_Flight_Systems/Helicopter/Natural/23_Helicopter.jpg","https://tactileeval.s3.us-east-1.amazonaws.com/family_datasets/Vehicles_and_Flight_Systems/Helicopter/Tactile/23.jpeg","","Helicopter","https://tactileeval.s3.us-east-1.amazonaws.com/family_datasets/Vehicles_and_Flight_Systems/Helicopter/Natural/24_Helicopter.jpg","https://tactileeval.s3.us-east-1.amazonaws.com/family_datasets/Vehicles_and_Flight_Systems/Helicopter/Tactile/24.jpeg","","Helicopter","https://tactileeval.s3.us-east-1.amazonaws.com/family_datasets/Vehicles_and_Flight_Systems/Helicopter/Natural/25_Helicopter.png","https://tactileeval.s3.us-east-1.amazonaws.com/family_datasets/Vehicles_and_Flight_Systems/Helicopter/Tactile/25.jpeg","","[{""question1"":{""background_clean"":true,""configuration_match"":true,""object_match"":false},""question10"":{""background_clean"":true,""configuration_match"":true,""object_match"":false},""question2"":{""background_clean"":true,""configuration_match"":false,""object_match"":false},""question3"":{""background_clean"":true,""configuration_match"":true,""object_match"":false},""question4"":{""background_clean"":true,""configuration_match"":false,""object_match"":false},""question5"":{""background_clean"":true,""configuration_match"":true,""object_match"":true},""question6"":{""background_clean"":true,""configuration_match"":true,""object_match"":false},""question7"":{""background_clean"":true,""configuration_match"":true,""object_match"":false},""question8"":{""background_clean"":true,""configuration_match"":false,""object_match"":false},""question9"":{""background_clean"":true,""configuration_match"":false,""object_match"":false}}]"
"3P6ENY9P81AOG9Y5VYGY5C8CYPBIHG","3PMOF0KIQ9OPLJTQP1WUGXCGLK7KBL","Categorize images based on background and posture.","Review 10 line-arts and judge if it has adequate background and configuration. (10 pairs)","tactile, image review, accessibility, vehicles","$0.08","Sat Apr 18 07:32:18 PDT 2026","7","BatchId:5385911;OriginalHitTemplateId:928390873;","1200","1296000","Sat Apr 25 07:32:18 PDT 2026","","","3KMS4QQVLV4XUSVGQDIB3R75EHGFKG","A1LN8392JHDGL5","Submitted","Sat Apr 18 09:55:16 PDT 2026","Sat Apr 18 10:03:05 PDT 2026","Sun May 03 10:03:05 PDT 2026","","","","469","0% (0/0)","0% (0/0)","0% (0/0)","Helicopter","https://tactileeval.s3.us-east-1.amazonaws.com/family_datasets/Vehicles_and_Flight_Systems/Helicopter/Natural/16_Helicopter.jpg","https://tactileeval.s3.us-east-1.amazonaws.com/family_datasets/Vehicles_and_Flight_Systems/Helicopter/Tactile/16.jpeg","","Helicopter","https://tactileeval.s3.us-east-1.amazonaws.com/family_datasets/Vehicles_and_Flight_Systems/Helicopter/Natural/17_Helicopter.jpg","https://tactileeval.s3.us-east-1.amazonaws.com/family_datasets/Vehicles_and_Flight_Systems/Helicopter/Tactile/17.jpeg","","Helicopter","https://tactileeval.s3.us-east-1.amazonaws.com/family_datasets/Vehicles_and_Flight_Systems/Helicopter/Natural/18_Helicopter%282%29_Edited.jpg","https://tactileeval.s3.us-east-1.amazonaws.com/family_datasets/Vehicles_and_Flight_Systems/Helicopter/Tactile/18.jpeg","","Helicopter","https://tactileeval.s3.us-east-1.amazonaws.com/family_datasets/Vehicles_and_Flight_Systems/Helicopter/Natural/19_Helicopter.jpg","https://tactileeval.s3.us-east-1.amazonaws.com/family_datasets/Vehicles_and_Flight_Systems/Helicopter/Tactile/19.jpeg","","Helicopter","https://tactileeval.s3.us-east-1.amazonaws.com/family_datasets/Vehicles_and_Flight_Systems/Helicopter/Natural/20_Helicopter.jpg","https://tactileeval.s3.us-east-1.amazonaws.com/family_datasets/Vehicles_and_Flight_Systems/Helicopter/Tactile/20.jpeg","","Helicopter","https://tactileeval.s3.us-east-1.amazonaws.com/family_datasets/Vehicles_and_Flight_Systems/Helicopter/Natural/21_Helicopter.jpg","https://tactileeval.s3.us-east-1.amazonaws.com/family_datasets/Vehicles_and_Flight_Systems/Helicopter/Tactile/21.jpeg","","Helicopter","https://tactileeval.s3.us-east-1.amazonaws.com/family_datasets/Vehicles_and_Flight_Systems/Helicopter/Natural/22_Helicopter.jpg","https://tactileeval.s3.us-east-1.amazonaws.com/family_datasets/Vehicles_and_Flight_Systems/Helicopter/Tactile/22.jpeg","","Helicopter","https://tactileeval.s3.us-east-1.amazonaws.com/family_datasets/Vehicles_and_Flight_Systems/Helicopter/Natural/23_Helicopter.jpg","https://tactileeval.s3.us-east-1.amazonaws.com/family_datasets/Vehicles_and_Flight_Systems/Helicopter/Tactile/23.jpeg","","Helicopter","https://tactileeval.s3.us-east-1.amazonaws.com/family_datasets/Vehicles_and_Flight_Systems/Helicopter/Natural/24_Helicopter.jpg","https://tactileeval.s3.us-east-1.amazonaws.com/family_datasets/Vehicles_and_Flight_Systems/Helicopter/Tactile/24.jpeg","","Helicopter","https://tactileeval.s3.us-east-1.amazonaws.com/family_datasets/Vehicles_and_Flight_Systems/Helicopter/Natural/25_Helicopter.png","https://tactileeval.s3.us-east-1.amazonaws.com/family_datasets/Vehicles_and_Flight_Systems/Helicopter/Tactile/25.jpeg","","[{""question1"":{""background_clean"":true,""configuration_match"":true,""object_match"":true},""question10"":{""background_clean"":true,""configuration_match"":false,""object_match"":true},""question2"":{""background_clean"":true,""configuration_match"":true,""object_match"":true},""question3"":{""background_clean"":true,""configuration_match"":false,""object_match"":true},""question4"":{""background_clean"":true,""configuration_match"":false,""object_match"":true},""question5"":{""background_clean"":true,""configuration_match"":true,""object_match"":true},""question6"":{""background_clean"":true,""configuration_match"":false,""object_match"":true},""question7"":{""background_clean"":true,""configuration_match"":false,""object_match"":true},""question8"":{""background_clean"":true,""configuration_match"":true,""object_match"":true},""question9"":{""background_clean"":true,""configuration_match"":true,""object_match"":true}}]"
"3P6ENY9P81AOG9Y5VYGY5C8CYPBIHG","3PMOF0KIQ9OPLJTQP1WUGXCGLK7KBL","Categorize images based on background and posture.","Review 10 line-arts and judge if it has adequate background and configuration. (10 pairs)","tactile, image review, accessibility, vehicles","$0.08","Sat Apr 18 07:32:18 PDT 2026","7","BatchId:5385911;OriginalHitTemplateId:928390873;","1200","1296000","Sat Apr 25 07:32:18 PDT 2026","","","3BV8HQ2Z0PFVZMTJDT2IF7RWG6K6AQ","A2FK6782M09EBO","Submitted","Sat Apr 18 10:00:54 PDT 2026","Sat Apr 18 10:13:01 PDT 2026","Sun May 03 10:13:01 PDT 2026","","","","727","93% (65/70)","93% (65/70)","93% (65/70)","Helicopter","https://tactileeval.s3.us-east-1.amazonaws.com/family_datasets/Vehicles_and_Flight_Systems/Helicopter/Natural/16_Helicopter.jpg","https://tactileeval.s3.us-east-1.amazonaws.com/family_datasets/Vehicles_and_Flight_Systems/Helicopter/Tactile/16.jpeg","","Helicopter","https://tactileeval.s3.us-east-1.amazonaws.com/family_datasets/Vehicles_and_Flight_Systems/Helicopter/Natural/17_Helicopter.jpg","https://tactileeval.s3.us-east-1.amazonaws.com/family_datasets/Vehicles_and_Flight_Systems/Helicopter/Tactile/17.jpeg","","Helicopter","https://tactileeval.s3.us-east-1.amazonaws.com/family_datasets/Vehicles_and_Flight_Systems/Helicopter/Natural/18_Helicopter%282%29_Edited.jpg","https://tactileeval.s3.us-east-1.amazonaws.com/family_datasets/Vehicles_and_Flight_Systems/Helicopter/Tactile/18.jpeg","","Helicopter","https://tactileeval.s3.us-east-1.amazonaws.com/family_datasets/Vehicles_and_Flight_Systems/Helicopter/Natural/19_Helicopter.jpg","https://tactileeval.s3.us-east-1.amazonaws.com/family_datasets/Vehicles_and_Flight_Systems/Helicopter/Tactile/19.jpeg","","Helicopter","https://tactileeval.s3.us-east-1.amazonaws.com/family_datasets/Vehicles_and_Flight_Systems/Helicopter/Natural/20_Helicopter.jpg","https://tactileeval.s3.us-east-1.amazonaws.com/family_datasets/Vehicles_and_Flight_Systems/Helicopter/Tactile/20.jpeg","","Helicopter","https://tactileeval.s3.us-east-1.amazonaws.com/family_datasets/Vehicles_and_Flight_Systems/Helicopter/Natural/21_Helicopter.jpg","https://tactileeval.s3.us-east-1.amazonaws.com/family_datasets/Vehicles_and_Flight_Systems/Helicopter/Tactile/21.jpeg","","Helicopter","https://tactileeval.s3.us-east-1.amazonaws.com/family_datasets/Vehicles_and_Flight_Systems/Helicopter/Natural/22_Helicopter.jpg","https://tactileeval.s3.us-east-1.amazonaws.com/family_datasets/Vehicles_and_Flight_Systems/Helicopter/Tactile/22.jpeg","","Helicopter","https://tactileeval.s3.us-east-1.amazonaws.com/family_datasets/Vehicles_and_Flight_Systems/Helicopter/Natural/23_Helicopter.jpg","https://tactileeval.s3.us-east-1.amazonaws.com/family_datasets/Vehicles_and_Flight_Systems/Helicopter/Tactile/23.jpeg","","Helicopter","https://tactileeval.s3.us-east-1.amazonaws.com/family_datasets/Vehicles_and_Flight_Systems/Helicopter/Natural/24_Helicopter.jpg","https://tactileeval.s3.us-east-1.amazonaws.com/family_datasets/Vehicles_and_Flight_Systems/Helicopter/Tactile/24.jpeg","","Helicopter","https://tactileeval.s3.us-east-1.amazonaws.com/family_datasets/Vehicles_and_Flight_Systems/Helicopter/Natural/25_Helicopter.png","https://tactileeval.s3.us-east-1.amazonaws.com/family_datasets/Vehicles_and_Flight_Systems/Helicopter/Tactile/25.jpeg","","[{""question1"":{""background_clean"":true,""configuration_match"":true,""object_match"":true},""question10"":{""background_clean"":true,""configuration_match"":true,""object_match"":true},""question2"":{""background_clean"":true,""configuration_match"":true,""object_match"":true},""question3"":{""background_clean"":true,""configuration_match"":true,""object_match"":true},""question4"":{""background_clean"":true,""configuration_match"":true,""object_match"":true},""question5"":{""background_clean"":true,""configuration_match"":true,""object_match"":true},""question6"":{""background_clean"":true,""configuration_match"":true,""object_match"":false},""question7"":{""background_clean"":true,""configuration_match"":true,""object_match"":false},""question8"":{""background_clean"":true,""configuration_match"":true,""object_match"":true},""question9"":{""background_clean"":true,""configuration_match"":true,""object_match"":true}}]"
"3P6ENY9P81AOG9Y5VYGY5C8CYPBIHG","3PMOF0KIQ9OPLJTQP1WUGXCGLK7KBL","Categorize images based on background and posture.","Review 10 line-arts and judge if it has adequate background and configuration. (10 pairs)","tactile, image review, accessibility, vehicles","$0.08","Sat Apr 18 07:32:18 PDT 2026","7","BatchId:5385911;OriginalHitTemplateId:928390873;","1200","1296000","Sat Apr 25 07:32:18 PDT 2026","","","33M4IA01R9F0HIZWGRXUAATQDEBXRN","A2Y0HZSZTQAVDW","Submitted","Sat Apr 18 10:34:57 PDT 2026","Sat Apr 18 10:47:34 PDT 2026","Sun May 03 10:47:34 PDT 2026","","","","757","0% (0/0)","0% (0/0)","0% (0/0)","Helicopter","https://tactileeval.s3.us-east-1.amazonaws.com/family_datasets/Vehicles_and_Flight_Systems/Helicopter/Natural/16_Helicopter.jpg","https://tactileeval.s3.us-east-1.amazonaws.com/family_datasets/Vehicles_and_Flight_Systems/Helicopter/Tactile/16.jpeg","","Helicopter","https://tactileeval.s3.us-east-1.amazonaws.com/family_datasets/Vehicles_and_Flight_Systems/Helicopter/Natural/17_Helicopter.jpg","https://tactileeval.s3.us-east-1.amazonaws.com/family_datasets/Vehicles_and_Flight_Systems/Helicopter/Tactile/17.jpeg","","Helicopter","https://tactileeval.s3.us-east-1.amazonaws.com/family_datasets/Vehicles_and_Flight_Systems/Helicopter/Natural/18_Helicopter%282%29_Edited.jpg","https://tactileeval.s3.us-east-1.amazonaws.com/family_datasets/Vehicles_and_Flight_Systems/Helicopter/Tactile/18.jpeg","","Helicopter","https://tactileeval.s3.us-east-1.amazonaws.com/family_datasets/Vehicles_and_Flight_Systems/Helicopter/Natural/19_Helicopter.jpg","https://tactileeval.s3.us-east-1.amazonaws.com/family_datasets/Vehicles_and_Flight_Systems/Helicopter/Tactile/19.jpeg","","Helicopter","https://tactileeval.s3.us-east-1.amazonaws.com/family_datasets/Vehicles_and_Flight_Systems/Helicopter/Natural/20_Helicopter.jpg","https://tactileeval.s3.us-east-1.amazonaws.com/family_datasets/Vehicles_and_Flight_Systems/Helicopter/Tactile/20.jpeg","","Helicopter","https://tactileeval.s3.us-east-1.amazonaws.com/family_datasets/Vehicles_and_Flight_Systems/Helicopter/Natural/21_Helicopter.jpg","https://tactileeval.s3.us-east-1.amazonaws.com/family_datasets/Vehicles_and_Flight_Systems/Helicopter/Tactile/21.jpeg","","Helicopter","https://tactileeval.s3.us-east-1.amazonaws.com/family_datasets/Vehicles_and_Flight_Systems/Helicopter/Natural/22_Helicopter.jpg","https://tactileeval.s3.us-east-1.amazonaws.com/family_datasets/Vehicles_and_Flight_Systems/Helicopter/Tactile/22.jpeg","","Helicopter","https://tactileeval.s3.us-east-1.amazonaws.com/family_datasets/Vehicles_and_Flight_Systems/Helicopter/Natural/23_Helicopter.jpg","https://tactileeval.s3.us-east-1.amazonaws.com/family_datasets/Vehicles_and_Flight_Systems/Helicopter/Tactile/23.jpeg","","Helicopter","https://tactileeval.s3.us-east-1.amazonaws.com/family_datasets/Vehicles_and_Flight_Systems/Helicopter/Natural/24_Helicopter.jpg","https://tactileeval.s3.us-east-1.amazonaws.com/family_datasets/Vehicles_and_Flight_Systems/Helicopter/Tactile/24.jpeg","","Helicopter","https://tactileeval.s3.us-east-1.amazonaws.com/family_datasets/Vehicles_and_Flight_Systems/Helicopter/Natural/25_Helicopter.png","https://tactileeval.s3.us-east-1.amazonaws.com/family_datasets/Vehicles_and_Flight_Systems/Helicopter/Tactile/25.jpeg","","[{""question1"":{""background_clean"":true,""configuration_match"":false,""object_match"":false},""question10"":{""background_clean"":true,""configuration_match"":false,""object_match"":false},""question2"":{""background_clean"":true,""configuration_match"":true,""object_match"":true},""question3"":{""background_clean"":true,""configuration_match"":false,""object_match"":false},""question4"":{""background_clean"":true,""configuration_match"":false,""object_match"":false},""question5"":{""background_clean"":true,""configuration_match"":false,""object_match"":false},""question6"":{""background_clean"":true,""configuration_match"":false,""object_match"":false},""question7"":{""background_clean"":true,""configuration_match"":false,""object_match"":false},""question8"":{""background_clean"":true,""configuration_match"":false,""object_match"":false},""question9"":{""background_clean"":true,""configuration_match"":false,""object_match"":false}}]"
"3P6ENY9P81AOG9Y5VYGY5C8CYPBIHG","3PMOF0KIQ9OPLJTQP1WUGXCGLK7KBL","Categorize images based on background and posture.","Review 10 line-arts and judge if it has adequate background and configuration. (10 pairs)","tactile, image review, accessibility, vehicles","$0.08","Sat Apr 18 07:32:18 PDT 2026","7","BatchId:5385911;OriginalHitTemplateId:928390873;","1200","1296000","Sat Apr 25 07:32:18 PDT 2026","","","3B1NLC6UHSA4JJOREPT1HTTG96XPG1","A9380GKZM50GU","Submitted","Sat Apr 18 11:31:01 PDT 2026","Sat Apr 18 11:33:20 PDT 2026","Sun May 03 11:33:20 PDT 2026","","","","139","0% (0/0)","0% (0/0)","0% (0/0)","Helicopter","https://tactileeval.s3.us-east-1.amazonaws.com/family_datasets/Vehicles_and_Flight_Systems/Helicopter/Natural/16_Helicopter.jpg","https://tactileeval.s3.us-east-1.amazonaws.com/family_datasets/Vehicles_and_Flight_Systems/Helicopter/Tactile/16.jpeg","","Helicopter","https://tactileeval.s3.us-east-1.amazonaws.com/family_datasets/Vehicles_and_Flight_Systems/Helicopter/Natural/17_Helicopter.jpg","https://tactileeval.s3.us-east-1.amazonaws.com/family_datasets/Vehicles_and_Flight_Systems/Helicopter/Tactile/17.jpeg","","Helicopter","https://tactileeval.s3.us-east-1.amazonaws.com/family_datasets/Vehicles_and_Flight_Systems/Helicopter/Natural/18_Helicopter%282%29_Edited.jpg","https://tactileeval.s3.us-east-1.amazonaws.com/family_datasets/Vehicles_and_Flight_Systems/Helicopter/Tactile/18.jpeg","","Helicopter","https://tactileeval.s3.us-east-1.amazonaws.com/family_datasets/Vehicles_and_Flight_Systems/Helicopter/Natural/19_Helicopter.jpg","https://tactileeval.s3.us-east-1.amazonaws.com/family_datasets/Vehicles_and_Flight_Systems/Helicopter/Tactile/19.jpeg","","Helicopter","https://tactileeval.s3.us-east-1.amazonaws.com/family_datasets/Vehicles_and_Flight_Systems/Helicopter/Natural/20_Helicopter.jpg","https://tactileeval.s3.us-east-1.amazonaws.com/family_datasets/Vehicles_and_Flight_Systems/Helicopter/Tactile/20.jpeg","","Helicopter","https://tactileeval.s3.us-east-1.amazonaws.com/family_datasets/Vehicles_and_Flight_Systems/Helicopter/Natural/21_Helicopter.jpg","https://tactileeval.s3.us-east-1.amazonaws.com/family_datasets/Vehicles_and_Flight_Systems/Helicopter/Tactile/21.jpeg","","Helicopter","https://tactileeval.s3.us-east-1.amazonaws.com/family_datasets/Vehicles_and_Flight_Systems/Helicopter/Natural/22_Helicopter.jpg","https://tactileeval.s3.us-east-1.amazonaws.com/family_datasets/Vehicles_and_Flight_Systems/Helicopter/Tactile/22.jpeg","","Helicopter","https://tactileeval.s3.us-east-1.amazonaws.com/family_datasets/Vehicles_and_Flight_Systems/Helicopter/Natural/23_Helicopter.jpg","https://tactileeval.s3.us-east-1.amazonaws.com/family_datasets/Vehicles_and_Flight_Systems/Helicopter/Tactile/23.jpeg","","Helicopter","https://tactileeval.s3.us-east-1.amazonaws.com/family_datasets/Vehicles_and_Flight_Systems/Helicopter/Natural/24_Helicopter.jpg","https://tactileeval.s3.us-east-1.amazonaws.com/family_datasets/Vehicles_and_Flight_Systems/Helicopter/Tactile/24.jpeg","","Helicopter","https://tactileeval.s3.us-east-1.amazonaws.com/family_datasets/Vehicles_and_Flight_Systems/Helicopter/Natural/25_Helicopter.png","https://tactileeval.s3.us-east-1.amazonaws.com/family_datasets/Vehicles_and_Flight_Systems/Helicopter/Tactile/25.jpeg","","[{""question1"":{""background_clean"":true,""configuration_match"":false,""object_match"":true},""question10"":{""background_clean"":true,""configuration_match"":false,""object_match"":true},""question2"":{""background_clean"":true,""configuration_match"":true,""object_match"":true},""question3"":{""background_clean"":true,""configuration_match"":false,""object_match"":true},""question4"":{""background_clean"":true,""configuration_match"":true,""object_match"":true},""question5"":{""background_clean"":true,""configuration_match"":false,""object_match"":true},""question6"":{""background_clean"":true,""configuration_match"":false,""object_match"":true},""question7"":{""background_clean"":true,""configuration_match"":false,""object_match"":true},""question8"":{""background_clean"":true,""configuration_match"":false,""object_match"":true},""question9"":{""background_clean"":true,""configuration_match"":false,""object_match"":true}}]"
"3P6ENY9P81AOG9Y5VYGY5C8CYPBIHG","3PMOF0KIQ9OPLJTQP1WUGXCGLK7KBL","Categorize images based on background and posture.","Review 10 line-arts and judge if it has adequate background and configuration. (10 pairs)","tactile, image review, accessibility, vehicles","$0.08","Sat Apr 18 07:32:18 PDT 2026","7","BatchId:5385911;OriginalHitTemplateId:928390873;","1200","1296000","Sat Apr 25 07:32:18 PDT 2026","","","3YJ6NA41K4UEALESMVE4E6LW1YJJP4","A3MYUSGFSNT3J0","Submitted","Sat Apr 18 13:07:37 PDT 2026","Sat Apr 18 13:21:50 PDT 2026","Sun May 03 13:21:50 PDT 2026","","","","853","0% (0/0)","0% (0/0)","0% (0/0)","Helicopter","https://tactileeval.s3.us-east-1.amazonaws.com/family_datasets/Vehicles_and_Flight_Systems/Helicopter/Natural/16_Helicopter.jpg","https://tactileeval.s3.us-east-1.amazonaws.com/family_datasets/Vehicles_and_Flight_Systems/Helicopter/Tactile/16.jpeg","","Helicopter","https://tactileeval.s3.us-east-1.amazonaws.com/family_datasets/Vehicles_and_Flight_Systems/Helicopter/Natural/17_Helicopter.jpg","https://tactileeval.s3.us-east-1.amazonaws.com/family_datasets/Vehicles_and_Flight_Systems/Helicopter/Tactile/17.jpeg","","Helicopter","https://tactileeval.s3.us-east-1.amazonaws.com/family_datasets/Vehicles_and_Flight_Systems/Helicopter/Natural/18_Helicopter%282%29_Edited.jpg","https://tactileeval.s3.us-east-1.amazonaws.com/family_datasets/Vehicles_and_Flight_Systems/Helicopter/Tactile/18.jpeg","","Helicopter","https://tactileeval.s3.us-east-1.amazonaws.com/family_datasets/Vehicles_and_Flight_Systems/Helicopter/Natural/19_Helicopter.jpg","https://tactileeval.s3.us-east-1.amazonaws.com/family_datasets/Vehicles_and_Flight_Systems/Helicopter/Tactile/19.jpeg","","Helicopter","https://tactileeval.s3.us-east-1.amazonaws.com/family_datasets/Vehicles_and_Flight_Systems/Helicopter/Natural/20_Helicopter.jpg","https://tactileeval.s3.us-east-1.amazonaws.com/family_datasets/Vehicles_and_Flight_Systems/Helicopter/Tactile/20.jpeg","","Helicopter","https://tactileeval.s3.us-east-1.amazonaws.com/family_datasets/Vehicles_and_Flight_Systems/Helicopter/Natural/21_Helicopter.jpg","https://tactileeval.s3.us-east-1.amazonaws.com/family_datasets/Vehicles_and_Flight_Systems/Helicopter/Tactile/21.jpeg","","Helicopter","https://tactileeval.s3.us-east-1.amazonaws.com/family_datasets/Vehicles_and_Flight_Systems/Helicopter/Natural/22_Helicopter.jpg","https://tactileeval.s3.us-east-1.amazonaws.com/family_datasets/Vehicles_and_Flight_Systems/Helicopter/Tactile/22.jpeg","","Helicopter","https://tactileeval.s3.us-east-1.amazonaws.com/family_datasets/Vehicles_and_Flight_Systems/Helicopter/Natural/23_Helicopter.jpg","https://tactileeval.s3.us-east-1.amazonaws.com/family_datasets/Vehicles_and_Flight_Systems/Helicopter/Tactile/23.jpeg","","Helicopter","https://tactileeval.s3.us-east-1.amazonaws.com/family_datasets/Vehicles_and_Flight_Systems/Helicopter/Natural/24_Helicopter.jpg","https://tactileeval.s3.us-east-1.amazonaws.com/family_datasets/Vehicles_and_Flight_Systems/Helicopter/Tactile/24.jpeg","","Helicopter","https://tactileeval.s3.us-east-1.amazonaws.com/family_datasets/Vehicles_and_Flight_Systems/Helicopter/Natural/25_Helicopter.png","https://tactileeval.s3.us-east-1.amazonaws.com/family_datasets/Vehicles_and_Flight_Systems/Helicopter/Tactile/25.jpeg","","[{""question1"":{""background_clean"":false,""configuration_match"":true,""object_match"":false},""question10"":{""background_clean"":true,""configuration_match"":false,""object_match"":false},""question2"":{""background_clean"":true,""configuration_match"":false,""object_match"":false},""question3"":{""background_clean"":true,""configuration_match"":true,""object_match"":false},""question4"":{""background_clean"":true,""configuration_match"":true,""object_match"":false},""question5"":{""background_clean"":true,""configuration_match"":false,""object_match"":false},""question6"":{""background_clean"":true,""configuration_match"":false,""object_match"":false},""question7"":{""background_clean"":true,""configuration_match"":true,""object_match"":false},""question8"":{""background_clean"":true,""configuration_match"":true,""object_match"":false},""question9"":{""background_clean"":false,""configuration_match"":true,""object_match"":false}}]"
"3P6ENY9P81AOG9Y5VYGY5C8CYPBIHG","3PMOF0KIQ9OPLJTQP1WUGXCGLK7KBL","Categorize images based on background and posture.","Review 10 line-arts and judge if it has adequate background and configuration. (10 pairs)","tactile, image review, accessibility, vehicles","$0.08","Sat Apr 18 07:32:18 PDT 2026","7","BatchId:5385911;OriginalHitTemplateId:928390873;","1200","1296000","Sat Apr 25 07:32:18 PDT 2026","","","3J4Q2Z4UURHLGHF6T7C8315E8QFWQ4","A32BQKMVUH8ZYJ","Submitted","Sat Apr 18 13:36:04 PDT 2026","Sat Apr 18 13:50:54 PDT 2026","Sun May 03 13:50:54 PDT 2026","","","","890","0% (0/0)","0% (0/0)","0% (0/0)","Helicopter","https://tactileeval.s3.us-east-1.amazonaws.com/family_datasets/Vehicles_and_Flight_Systems/Helicopter/Natural/16_Helicopter.jpg","https://tactileeval.s3.us-east-1.amazonaws.com/family_datasets/Vehicles_and_Flight_Systems/Helicopter/Tactile/16.jpeg","","Helicopter","https://tactileeval.s3.us-east-1.amazonaws.com/family_datasets/Vehicles_and_Flight_Systems/Helicopter/Natural/17_Helicopter.jpg","https://tactileeval.s3.us-east-1.amazonaws.com/family_datasets/Vehicles_and_Flight_Systems/Helicopter/Tactile/17.jpeg","","Helicopter","https://tactileeval.s3.us-east-1.amazonaws.com/family_datasets/Vehicles_and_Flight_Systems/Helicopter/Natural/18_Helicopter%282%29_Edited.jpg","https://tactileeval.s3.us-east-1.amazonaws.com/family_datasets/Vehicles_and_Flight_Systems/Helicopter/Tactile/18.jpeg","","Helicopter","https://tactileeval.s3.us-east-1.amazonaws.com/family_datasets/Vehicles_and_Flight_Systems/Helicopter/Natural/19_Helicopter.jpg","https://tactileeval.s3.us-east-1.amazonaws.com/family_datasets/Vehicles_and_Flight_Systems/Helicopter/Tactile/19.jpeg","","Helicopter","https://tactileeval.s3.us-east-1.amazonaws.com/family_datasets/Vehicles_and_Flight_Systems/Helicopter/Natural/20_Helicopter.jpg","https://tactileeval.s3.us-east-1.amazonaws.com/family_datasets/Vehicles_and_Flight_Systems/Helicopter/Tactile/20.jpeg","","Helicopter","https://tactileeval.s3.us-east-1.amazonaws.com/family_datasets/Vehicles_and_Flight_Systems/Helicopter/Natural/21_Helicopter.jpg","https://tactileeval.s3.us-east-1.amazonaws.com/family_datasets/Vehicles_and_Flight_Systems/Helicopter/Tactile/21.jpeg","","Helicopter","https://tactileeval.s3.us-east-1.amazonaws.com/family_datasets/Vehicles_and_Flight_Systems/Helicopter/Natural/22_Helicopter.jpg","https://tactileeval.s3.us-east-1.amazonaws.com/family_datasets/Vehicles_and_Flight_Systems/Helicopter/Tactile/22.jpeg","","Helicopter","https://tactileeval.s3.us-east-1.amazonaws.com/family_datasets/Vehicles_and_Flight_Systems/Helicopter/Natural/23_Helicopter.jpg","https://tactileeval.s3.us-east-1.amazonaws.com/family_datasets/Vehicles_and_Flight_Systems/Helicopter/Tactile/23.jpeg","","Helicopter","https://tactileeval.s3.us-east-1.amazonaws.com/family_datasets/Vehicles_and_Flight_Systems/Helicopter/Natural/24_Helicopter.jpg","https://tactileeval.s3.us-east-1.amazonaws.com/family_datasets/Vehicles_and_Flight_Systems/Helicopter/Tactile/24.jpeg","","Helicopter","https://tactileeval.s3.us-east-1.amazonaws.com/family_datasets/Vehicles_and_Flight_Systems/Helicopter/Natural/25_Helicopter.png","https://tactileeval.s3.us-east-1.amazonaws.com/family_datasets/Vehicles_and_Flight_Systems/Helicopter/Tactile/25.jpeg","","[{""question1"":{""background_clean"":false,""configuration_match"":false,""object_match"":true},""question10"":{""background_clean"":false,""configuration_match"":false,""object_match"":true},""question2"":{""background_clean"":false,""configuration_match"":true,""object_match"":false},""question3"":{""background_clean"":false,""configuration_match"":false,""object_match"":true},""question4"":{""background_clean"":false,""configuration_match"":true,""object_match"":false},""question5"":{""background_clean"":false,""configuration_match"":false,""object_match"":true},""question6"":{""background_clean"":false,""configuration_match"":false,""object_match"":true},""question7"":{""background_clean"":false,""configuration_match"":true,""object_match"":false},""question8"":{""background_clean"":false,""configuration_match"":true,""object_match"":false},""question9"":{""background_clean"":false,""configuration_match"":false,""object_match"":true}}]"
"3D42WVSDI09QSDM44QE1OFQN8TWYF4","3PMOF0KIQ9OPLJTQP1WUGXCGLK7KBL","Categorize images based on background and posture.","Review 10 line-arts and judge if it has adequate background and configuration. (10 pairs)","tactile, image review, accessibility, vehicles","$0.08","Sat Apr 18 07:32:18 PDT 2026","7","BatchId:5385911;OriginalHitTemplateId:928390873;","1200","1296000","Sat Apr 25 07:32:18 PDT 2026","","","3Z7EFSHGO2SWBGADYU7ZLFU4DD0CXO","A1LN8392JHDGL5","Submitted","Sat Apr 18 09:38:55 PDT 2026","Sat Apr 18 09:51:11 PDT 2026","Sun May 03 09:51:11 PDT 2026","","","","736","0% (0/0)","0% (0/0)","0% (0/0)","Helicopter","https://tactileeval.s3.us-east-1.amazonaws.com/family_datasets/Vehicles_and_Flight_Systems/Helicopter/Natural/26_Helicopter.jpg","https://tactileeval.s3.us-east-1.amazonaws.com/family_datasets/Vehicles_and_Flight_Systems/Helicopter/Tactile/26.jpeg","","Helicopter","https://tactileeval.s3.us-east-1.amazonaws.com/family_datasets/Vehicles_and_Flight_Systems/Helicopter/Natural/27_Helicopter%284%29.jpg","https://tactileeval.s3.us-east-1.amazonaws.com/family_datasets/Vehicles_and_Flight_Systems/Helicopter/Tactile/27.jpeg","","Helicopter","https://tactileeval.s3.us-east-1.amazonaws.com/family_datasets/Vehicles_and_Flight_Systems/Helicopter/Natural/28_Helicopter.jpg","https://tactileeval.s3.us-east-1.amazonaws.com/family_datasets/Vehicles_and_Flight_Systems/Helicopter/Tactile/28.jpeg","","Helicopter","https://tactileeval.s3.us-east-1.amazonaws.com/family_datasets/Vehicles_and_Flight_Systems/Helicopter/Natural/29_Helicopter.jpg","https://tactileeval.s3.us-east-1.amazonaws.com/family_datasets/Vehicles_and_Flight_Systems/Helicopter/Tactile/29.jpeg","","Helicopter","https://tactileeval.s3.us-east-1.amazonaws.com/family_datasets/Vehicles_and_Flight_Systems/Helicopter/Natural/30_Helicopter.jpg","https://tactileeval.s3.us-east-1.amazonaws.com/family_datasets/Vehicles_and_Flight_Systems/Helicopter/Tactile/30.jpeg","","Helicopter","https://tactileeval.s3.us-east-1.amazonaws.com/family_datasets/Vehicles_and_Flight_Systems/Helicopter/Natural/31_Helicopter_Edited_refined.jpg","https://tactileeval.s3.us-east-1.amazonaws.com/family_datasets/Vehicles_and_Flight_Systems/Helicopter/Tactile/31_refined.png","","Helicopter","https://tactileeval.s3.us-east-1.amazonaws.com/family_datasets/Vehicles_and_Flight_Systems/Helicopter/Natural/32_Helicopter.jpg","https://tactileeval.s3.us-east-1.amazonaws.com/family_datasets/Vehicles_and_Flight_Systems/Helicopter/Tactile/32.jpeg","","Helicopter","https://tactileeval.s3.us-east-1.amazonaws.com/family_datasets/Vehicles_and_Flight_Systems/Helicopter/Natural/33_Helicopter%282%29.jpg","https://tactileeval.s3.us-east-1.amazonaws.com/family_datasets/Vehicles_and_Flight_Systems/Helicopter/Tactile/33.jpeg","","Helicopter","https://tactileeval.s3.us-east-1.amazonaws.com/family_datasets/Vehicles_and_Flight_Systems/Helicopter/Natural/34_Helicopter.jpg","https://tactileeval.s3.us-east-1.amazonaws.com/family_datasets/Vehicles_and_Flight_Systems/Helicopter/Tactile/34.jpeg","","Helicopter","https://tactileeval.s3.us-east-1.amazonaws.com/family_datasets/Vehicles_and_Flight_Systems/Helicopter/Natural/35_Helicopter%284%29.jpg","https://tactileeval.s3.us-east-1.amazonaws.com/family_datasets/Vehicles_and_Flight_Systems/Helicopter/Tactile/35.jpeg","","[{""question1"":{""background_clean"":true,""configuration_match"":false,""object_match"":true},""question10"":{""background_clean"":true,""configuration_match"":false,""object_match"":true},""question2"":{""background_clean"":true,""configuration_match"":false,""object_match"":true},""question3"":{""background_clean"":true,""configuration_match"":false,""object_match"":true},""question4"":{""background_clean"":true,""configuration_match"":true,""object_match"":true},""question5"":{""background_clean"":true,""configuration_match"":false,""object_match"":true},""question6"":{""background_clean"":true,""configuration_match"":true,""object_match"":true},""question7"":{""background_clean"":true,""configuration_match"":false,""object_match"":true},""question8"":{""background_clean"":true,""configuration_match"":false,""object_match"":true},""question9"":{""background_clean"":true,""configuration_match"":false,""object_match"":true}}]"
"3D42WVSDI09QSDM44QE1OFQN8TWYF4","3PMOF0KIQ9OPLJTQP1WUGXCGLK7KBL","Categorize images based on background and posture.","Review 10 line-arts and judge if it has adequate background and configuration. (10 pairs)","tactile, image review, accessibility, vehicles","$0.08","Sat Apr 18 07:32:18 PDT 2026","7","BatchId:5385911;OriginalHitTemplateId:928390873;","1200","1296000","Sat Apr 25 07:32:18 PDT 2026","","","3TUI152Z041SFGZ3WJNNABFKCDQ1QU","A2FK6782M09EBO","Submitted","Sat Apr 18 09:58:34 PDT 2026","Sat Apr 18 10:10:48 PDT 2026","Sun May 03 10:10:48 PDT 2026","","","","734","93% (65/70)","93% (65/70)","93% (65/70)","Helicopter","https://tactileeval.s3.us-east-1.amazonaws.com/family_datasets/Vehicles_and_Flight_Systems/Helicopter/Natural/26_Helicopter.jpg","https://tactileeval.s3.us-east-1.amazonaws.com/family_datasets/Vehicles_and_Flight_Systems/Helicopter/Tactile/26.jpeg","","Helicopter","https://tactileeval.s3.us-east-1.amazonaws.com/family_datasets/Vehicles_and_Flight_Systems/Helicopter/Natural/27_Helicopter%284%29.jpg","https://tactileeval.s3.us-east-1.amazonaws.com/family_datasets/Vehicles_and_Flight_Systems/Helicopter/Tactile/27.jpeg","","Helicopter","https://tactileeval.s3.us-east-1.amazonaws.com/family_datasets/Vehicles_and_Flight_Systems/Helicopter/Natural/28_Helicopter.jpg","https://tactileeval.s3.us-east-1.amazonaws.com/family_datasets/Vehicles_and_Flight_Systems/Helicopter/Tactile/28.jpeg","","Helicopter","https://tactileeval.s3.us-east-1.amazonaws.com/family_datasets/Vehicles_and_Flight_Systems/Helicopter/Natural/29_Helicopter.jpg","https://tactileeval.s3.us-east-1.amazonaws.com/family_datasets/Vehicles_and_Flight_Systems/Helicopter/Tactile/29.jpeg","","Helicopter","https://tactileeval.s3.us-east-1.amazonaws.com/family_datasets/Vehicles_and_Flight_Systems/Helicopter/Natural/30_Helicopter.jpg","https://tactileeval.s3.us-east-1.amazonaws.com/family_datasets/Vehicles_and_Flight_Systems/Helicopter/Tactile/30.jpeg","","Helicopter","https://tactileeval.s3.us-east-1.amazonaws.com/family_datasets/Vehicles_and_Flight_Systems/Helicopter/Natural/31_Helicopter_Edited_refined.jpg","https://tactileeval.s3.us-east-1.amazonaws.com/family_datasets/Vehicles_and_Flight_Systems/Helicopter/Tactile/31_refined.png","","Helicopter","https://tactileeval.s3.us-east-1.amazonaws.com/family_datasets/Vehicles_and_Flight_Systems/Helicopter/Natural/32_Helicopter.jpg","https://tactileeval.s3.us-east-1.amazonaws.com/family_datasets/Vehicles_and_Flight_Systems/Helicopter/Tactile/32.jpeg","","Helicopter","https://tactileeval.s3.us-east-1.amazonaws.com/family_datasets/Vehicles_and_Flight_Systems/Helicopter/Natural/33_Helicopter%282%29.jpg","https://tactileeval.s3.us-east-1.amazonaws.com/family_datasets/Vehicles_and_Flight_Systems/Helicopter/Tactile/33.jpeg","","Helicopter","https://tactileeval.s3.us-east-1.amazonaws.com/family_datasets/Vehicles_and_Flight_Systems/Helicopter/Natural/34_Helicopter.jpg","https://tactileeval.s3.us-east-1.amazonaws.com/family_datasets/Vehicles_and_Flight_Systems/Helicopter/Tactile/34.jpeg","","Helicopter","https://tactileeval.s3.us-east-1.amazonaws.com/family_datasets/Vehicles_and_Flight_Systems/Helicopter/Natural/35_Helicopter%284%29.jpg","https://tactileeval.s3.us-east-1.amazonaws.com/family_datasets/Vehicles_and_Flight_Systems/Helicopter/Tactile/35.jpeg","","[{""question1"":{""background_clean"":true,""configuration_match"":true,""object_match"":true},""question10"":{""background_clean"":true,""configuration_match"":true,""object_match"":false},""question2"":{""background_clean"":true,""configuration_match"":true,""object_match"":true},""question3"":{""background_clean"":true,""configuration_match"":true,""object_match"":false},""question4"":{""background_clean"":false,""configuration_match"":true,""object_match"":true},""question5"":{""background_clean"":false,""configuration_match"":true,""object_match"":true},""question6"":{""background_clean"":true,""configuration_match"":true,""object_match"":true},""question7"":{""background_clean"":true,""configuration_match"":true,""object_match"":false},""question8"":{""background_clean"":true,""configuration_match"":true,""object_match"":true},""question9"":{""background_clean"":true,""configuration_match"":true,""object_match"":true}}]"
"3D42WVSDI09QSDM44QE1OFQN8TWYF4","3PMOF0KIQ9OPLJTQP1WUGXCGLK7KBL","Categorize images based on background and posture.","Review 10 line-arts and judge if it has adequate background and configuration. (10 pairs)","tactile, image review, accessibility, vehicles","$0.08","Sat Apr 18 07:32:18 PDT 2026","7","BatchId:5385911;OriginalHitTemplateId:928390873;","1200","1296000","Sat Apr 25 07:32:18 PDT 2026","","","336KAV9KZJ68D38L6X4VSGSR3SN2YH","A9380GKZM50GU","Submitted","Sat Apr 18 10:12:17 PDT 2026","Sat Apr 18 10:21:06 PDT 2026","Sun May 03 10:21:06 PDT 2026","","","","529","0% (0/0)","0% (0/0)","0% (0/0)","Helicopter","https://tactileeval.s3.us-east-1.amazonaws.com/family_datasets/Vehicles_and_Flight_Systems/Helicopter/Natural/26_Helicopter.jpg","https://tactileeval.s3.us-east-1.amazonaws.com/family_datasets/Vehicles_and_Flight_Systems/Helicopter/Tactile/26.jpeg","","Helicopter","https://tactileeval.s3.us-east-1.amazonaws.com/family_datasets/Vehicles_and_Flight_Systems/Helicopter/Natural/27_Helicopter%284%29.jpg","https://tactileeval.s3.us-east-1.amazonaws.com/family_datasets/Vehicles_and_Flight_Systems/Helicopter/Tactile/27.jpeg","","Helicopter","https://tactileeval.s3.us-east-1.amazonaws.com/family_datasets/Vehicles_and_Flight_Systems/Helicopter/Natural/28_Helicopter.jpg","https://tactileeval.s3.us-east-1.amazonaws.com/family_datasets/Vehicles_and_Flight_Systems/Helicopter/Tactile/28.jpeg","","Helicopter","https://tactileeval.s3.us-east-1.amazonaws.com/family_datasets/Vehicles_and_Flight_Systems/Helicopter/Natural/29_Helicopter.jpg","https://tactileeval.s3.us-east-1.amazonaws.com/family_datasets/Vehicles_and_Flight_Systems/Helicopter/Tactile/29.jpeg","","Helicopter","https://tactileeval.s3.us-east-1.amazonaws.com/family_datasets/Vehicles_and_Flight_Systems/Helicopter/Natural/30_Helicopter.jpg","https://tactileeval.s3.us-east-1.amazonaws.com/family_datasets/Vehicles_and_Flight_Systems/Helicopter/Tactile/30.jpeg","","Helicopter","https://tactileeval.s3.us-east-1.amazonaws.com/family_datasets/Vehicles_and_Flight_Systems/Helicopter/Natural/31_Helicopter_Edited_refined.jpg","https://tactileeval.s3.us-east-1.amazonaws.com/family_datasets/Vehicles_and_Flight_Systems/Helicopter/Tactile/31_refined.png","","Helicopter","https://tactileeval.s3.us-east-1.amazonaws.com/family_datasets/Vehicles_and_Flight_Systems/Helicopter/Natural/32_Helicopter.jpg","https://tactileeval.s3.us-east-1.amazonaws.com/family_datasets/Vehicles_and_Flight_Systems/Helicopter/Tactile/32.jpeg","","Helicopter","https://tactileeval.s3.us-east-1.amazonaws.com/family_datasets/Vehicles_and_Flight_Systems/Helicopter/Natural/33_Helicopter%282%29.jpg","https://tactileeval.s3.us-east-1.amazonaws.com/family_datasets/Vehicles_and_Flight_Systems/Helicopter/Tactile/33.jpeg","","Helicopter","https://tactileeval.s3.us-east-1.amazonaws.com/family_datasets/Vehicles_and_Flight_Systems/Helicopter/Natural/34_Helicopter.jpg","https://tactileeval.s3.us-east-1.amazonaws.com/family_datasets/Vehicles_and_Flight_Systems/Helicopter/Tactile/34.jpeg","","Helicopter","https://tactileeval.s3.us-east-1.amazonaws.com/family_datasets/Vehicles_and_Flight_Systems/Helicopter/Natural/35_Helicopter%284%29.jpg","https://tactileeval.s3.us-east-1.amazonaws.com/family_datasets/Vehicles_and_Flight_Systems/Helicopter/Tactile/35.jpeg","","[{""question1"":{""background_clean"":true,""configuration_match"":false,""object_match"":true},""question10"":{""background_clean"":true,""configuration_match"":false,""object_match"":true},""question2"":{""background_clean"":true,""configuration_match"":false,""object_match"":true},""question3"":{""background_clean"":true,""configuration_match"":false,""object_match"":true},""question4"":{""background_clean"":true,""configuration_match"":false,""object_match"":true},""question5"":{""background_clean"":true,""configuration_match"":false,""object_match"":true},""question6"":{""background_clean"":true,""configuration_match"":true,""object_match"":true},""question7"":{""background_clean"":true,""configuration_match"":false,""object_match"":true},""question8"":{""background_clean"":true,""configuration_match"":false,""object_match"":true},""question9"":{""background_clean"":true,""configuration_match"":false,""object_match"":true}}]"
"3D42WVSDI09QSDM44QE1OFQN8TWYF4","3PMOF0KIQ9OPLJTQP1WUGXCGLK7KBL","Categorize images based on background and posture.","Review 10 line-arts and judge if it has adequate background and configuration. (10 pairs)","tactile, image review, accessibility, vehicles","$0.08","Sat Apr 18 07:32:18 PDT 2026","7","BatchId:5385911;OriginalHitTemplateId:928390873;","1200","1296000","Sat Apr 25 07:32:18 PDT 2026","","","3P1L2B7AEU32KBQRAGD25LTYVIJOLL","A19HN15YVY9E5I","Submitted","Sat Apr 18 10:48:32 PDT 2026","Sat Apr 18 10:53:33 PDT 2026","Sun May 03 10:53:33 PDT 2026","","","","301","63% (5/8)","63% (5/8)","63% (5/8)","Helicopter","https://tactileeval.s3.us-east-1.amazonaws.com/family_datasets/Vehicles_and_Flight_Systems/Helicopter/Natural/26_Helicopter.jpg","https://tactileeval.s3.us-east-1.amazonaws.com/family_datasets/Vehicles_and_Flight_Systems/Helicopter/Tactile/26.jpeg","","Helicopter","https://tactileeval.s3.us-east-1.amazonaws.com/family_datasets/Vehicles_and_Flight_Systems/Helicopter/Natural/27_Helicopter%284%29.jpg","https://tactileeval.s3.us-east-1.amazonaws.com/family_datasets/Vehicles_and_Flight_Systems/Helicopter/Tactile/27.jpeg","","Helicopter","https://tactileeval.s3.us-east-1.amazonaws.com/family_datasets/Vehicles_and_Flight_Systems/Helicopter/Natural/28_Helicopter.jpg","https://tactileeval.s3.us-east-1.amazonaws.com/family_datasets/Vehicles_and_Flight_Systems/Helicopter/Tactile/28.jpeg","","Helicopter","https://tactileeval.s3.us-east-1.amazonaws.com/family_datasets/Vehicles_and_Flight_Systems/Helicopter/Natural/29_Helicopter.jpg","https://tactileeval.s3.us-east-1.amazonaws.com/family_datasets/Vehicles_and_Flight_Systems/Helicopter/Tactile/29.jpeg","","Helicopter","https://tactileeval.s3.us-east-1.amazonaws.com/family_datasets/Vehicles_and_Flight_Systems/Helicopter/Natural/30_Helicopter.jpg","https://tactileeval.s3.us-east-1.amazonaws.com/family_datasets/Vehicles_and_Flight_Systems/Helicopter/Tactile/30.jpeg","","Helicopter","https://tactileeval.s3.us-east-1.amazonaws.com/family_datasets/Vehicles_and_Flight_Systems/Helicopter/Natural/31_Helicopter_Edited_refined.jpg","https://tactileeval.s3.us-east-1.amazonaws.com/family_datasets/Vehicles_and_Flight_Systems/Helicopter/Tactile/31_refined.png","","Helicopter","https://tactileeval.s3.us-east-1.amazonaws.com/family_datasets/Vehicles_and_Flight_Systems/Helicopter/Natural/32_Helicopter.jpg","https://tactileeval.s3.us-east-1.amazonaws.com/family_datasets/Vehicles_and_Flight_Systems/Helicopter/Tactile/32.jpeg","","Helicopter","https://tactileeval.s3.us-east-1.amazonaws.com/family_datasets/Vehicles_and_Flight_Systems/Helicopter/Natural/33_Helicopter%282%29.jpg","https://tactileeval.s3.us-east-1.amazonaws.com/family_datasets/Vehicles_and_Flight_Systems/Helicopter/Tactile/33.jpeg","","Helicopter","https://tactileeval.s3.us-east-1.amazonaws.com/family_datasets/Vehicles_and_Flight_Systems/Helicopter/Natural/34_Helicopter.jpg","https://tactileeval.s3.us-east-1.amazonaws.com/family_datasets/Vehicles_and_Flight_Systems/Helicopter/Tactile/34.jpeg","","Helicopter","https://tactileeval.s3.us-east-1.amazonaws.com/family_datasets/Vehicles_and_Flight_Systems/Helicopter/Natural/35_Helicopter%284%29.jpg","https://tactileeval.s3.us-east-1.amazonaws.com/family_datasets/Vehicles_and_Flight_Systems/Helicopter/Tactile/35.jpeg","","[{""question1"":{""background_clean"":true,""configuration_match"":false,""object_match"":false},""question10"":{""background_clean"":true,""configuration_match"":false,""object_match"":false},""question2"":{""background_clean"":true,""configuration_match"":false,""object_match"":true},""question3"":{""background_clean"":true,""configuration_match"":false,""object_match"":false},""question4"":{""background_clean"":true,""configuration_match"":false,""object_match"":false},""question5"":{""background_clean"":true,""configuration_match"":false,""object_match"":false},""question6"":{""background_clean"":true,""configuration_match"":false,""object_match"":false},""question7"":{""background_clean"":true,""configuration_match"":false,""object_match"":false},""question8"":{""background_clean"":true,""configuration_match"":false,""object_match"":false},""question9"":{""background_clean"":true,""configuration_match"":false,""object_match"":false}}]"
"3D42WVSDI09QSDM44QE1OFQN8TWYF4","3PMOF0KIQ9OPLJTQP1WUGXCGLK7KBL","Categorize images based on background and posture.","Review 10 line-arts and judge if it has adequate background and configuration. (10 pairs)","tactile, image review, accessibility, vehicles","$0.08","Sat Apr 18 07:32:18 PDT 2026","7","BatchId:5385911;OriginalHitTemplateId:928390873;","1200","1296000","Sat Apr 25 07:32:18 PDT 2026","","","33NF62TLYCGDZUHC939WIPZX7ODJK3","A3MYUSGFSNT3J0","Submitted","Sat Apr 18 13:07:34 PDT 2026","Sat Apr 18 13:11:02 PDT 2026","Sun May 03 13:11:02 PDT 2026","","","","208","0% (0/0)","0% (0/0)","0% (0/0)","Helicopter","https://tactileeval.s3.us-east-1.amazonaws.com/family_datasets/Vehicles_and_Flight_Systems/Helicopter/Natural/26_Helicopter.jpg","https://tactileeval.s3.us-east-1.amazonaws.com/family_datasets/Vehicles_and_Flight_Systems/Helicopter/Tactile/26.jpeg","","Helicopter","https://tactileeval.s3.us-east-1.amazonaws.com/family_datasets/Vehicles_and_Flight_Systems/Helicopter/Natural/27_Helicopter%284%29.jpg","https://tactileeval.s3.us-east-1.amazonaws.com/family_datasets/Vehicles_and_Flight_Systems/Helicopter/Tactile/27.jpeg","","Helicopter","https://tactileeval.s3.us-east-1.amazonaws.com/family_datasets/Vehicles_and_Flight_Systems/Helicopter/Natural/28_Helicopter.jpg","https://tactileeval.s3.us-east-1.amazonaws.com/family_datasets/Vehicles_and_Flight_Systems/Helicopter/Tactile/28.jpeg","","Helicopter","https://tactileeval.s3.us-east-1.amazonaws.com/family_datasets/Vehicles_and_Flight_Systems/Helicopter/Natural/29_Helicopter.jpg","https://tactileeval.s3.us-east-1.amazonaws.com/family_datasets/Vehicles_and_Flight_Systems/Helicopter/Tactile/29.jpeg","","Helicopter","https://tactileeval.s3.us-east-1.amazonaws.com/family_datasets/Vehicles_and_Flight_Systems/Helicopter/Natural/30_Helicopter.jpg","https://tactileeval.s3.us-east-1.amazonaws.com/family_datasets/Vehicles_and_Flight_Systems/Helicopter/Tactile/30.jpeg","","Helicopter","https://tactileeval.s3.us-east-1.amazonaws.com/family_datasets/Vehicles_and_Flight_Systems/Helicopter/Natural/31_Helicopter_Edited_refined.jpg","https://tactileeval.s3.us-east-1.amazonaws.com/family_datasets/Vehicles_and_Flight_Systems/Helicopter/Tactile/31_refined.png","","Helicopter","https://tactileeval.s3.us-east-1.amazonaws.com/family_datasets/Vehicles_and_Flight_Systems/Helicopter/Natural/32_Helicopter.jpg","https://tactileeval.s3.us-east-1.amazonaws.com/family_datasets/Vehicles_and_Flight_Systems/Helicopter/Tactile/32.jpeg","","Helicopter","https://tactileeval.s3.us-east-1.amazonaws.com/family_datasets/Vehicles_and_Flight_Systems/Helicopter/Natural/33_Helicopter%282%29.jpg","https://tactileeval.s3.us-east-1.amazonaws.com/family_datasets/Vehicles_and_Flight_Systems/Helicopter/Tactile/33.jpeg","","Helicopter","https://tactileeval.s3.us-east-1.amazonaws.com/family_datasets/Vehicles_and_Flight_Systems/Helicopter/Natural/34_Helicopter.jpg","https://tactileeval.s3.us-east-1.amazonaws.com/family_datasets/Vehicles_and_Flight_Systems/Helicopter/Tactile/34.jpeg","","Helicopter","https://tactileeval.s3.us-east-1.amazonaws.com/family_datasets/Vehicles_and_Flight_Systems/Helicopter/Natural/35_Helicopter%284%29.jpg","https://tactileeval.s3.us-east-1.amazonaws.com/family_datasets/Vehicles_and_Flight_Systems/Helicopter/Tactile/35.jpeg","","[{""question1"":{""background_clean"":true,""configuration_match"":true,""object_match"":false},""question10"":{""background_clean"":false,""configuration_match"":true,""object_match"":false},""question2"":{""background_clean"":false,""configuration_match"":false,""object_match"":true},""question3"":{""background_clean"":true,""configuration_match"":true,""object_match"":false},""question4"":{""background_clean"":false,""configuration_match"":true,""object_match"":true},""question5"":{""background_clean"":true,""configuration_match"":false,""object_match"":false},""question6"":{""background_clean"":false,""configuration_match"":true,""object_match"":false},""question7"":{""background_clean"":false,""configuration_match"":true,""object_match"":false},""question8"":{""background_clean"":true,""configuration_match"":false,""object_match"":false},""question9"":{""background_clean"":false,""configuration_match"":false,""object_match"":true}}]"
"3D42WVSDI09QSDM44QE1OFQN8TWYF4","3PMOF0KIQ9OPLJTQP1WUGXCGLK7KBL","Categorize images based on background and posture.","Review 10 line-arts and judge if it has adequate background and configuration. (10 pairs)","tactile, image review, accessibility, vehicles","$0.08","Sat Apr 18 07:32:18 PDT 2026","7","BatchId:5385911;OriginalHitTemplateId:928390873;","1200","1296000","Sat Apr 25 07:32:18 PDT 2026","","","3VFJCI1K5SDPVW46RHXQMOTVAOSRG2","A376G1BHIGNA85","Submitted","Sat Apr 18 13:58:20 PDT 2026","Sat Apr 18 13:59:10 PDT 2026","Sun May 03 13:59:10 PDT 2026","","","","50","0% (0/0)","0% (0/0)","0% (0/0)","Helicopter","https://tactileeval.s3.us-east-1.amazonaws.com/family_datasets/Vehicles_and_Flight_Systems/Helicopter/Natural/26_Helicopter.jpg","https://tactileeval.s3.us-east-1.amazonaws.com/family_datasets/Vehicles_and_Flight_Systems/Helicopter/Tactile/26.jpeg","","Helicopter","https://tactileeval.s3.us-east-1.amazonaws.com/family_datasets/Vehicles_and_Flight_Systems/Helicopter/Natural/27_Helicopter%284%29.jpg","https://tactileeval.s3.us-east-1.amazonaws.com/family_datasets/Vehicles_and_Flight_Systems/Helicopter/Tactile/27.jpeg","","Helicopter","https://tactileeval.s3.us-east-1.amazonaws.com/family_datasets/Vehicles_and_Flight_Systems/Helicopter/Natural/28_Helicopter.jpg","https://tactileeval.s3.us-east-1.amazonaws.com/family_datasets/Vehicles_and_Flight_Systems/Helicopter/Tactile/28.jpeg","","Helicopter","https://tactileeval.s3.us-east-1.amazonaws.com/family_datasets/Vehicles_and_Flight_Systems/Helicopter/Natural/29_Helicopter.jpg","https://tactileeval.s3.us-east-1.amazonaws.com/family_datasets/Vehicles_and_Flight_Systems/Helicopter/Tactile/29.jpeg","","Helicopter","https://tactileeval.s3.us-east-1.amazonaws.com/family_datasets/Vehicles_and_Flight_Systems/Helicopter/Natural/30_Helicopter.jpg","https://tactileeval.s3.us-east-1.amazonaws.com/family_datasets/Vehicles_and_Flight_Systems/Helicopter/Tactile/30.jpeg","","Helicopter","https://tactileeval.s3.us-east-1.amazonaws.com/family_datasets/Vehicles_and_Flight_Systems/Helicopter/Natural/31_Helicopter_Edited_refined.jpg","https://tactileeval.s3.us-east-1.amazonaws.com/family_datasets/Vehicles_and_Flight_Systems/Helicopter/Tactile/31_refined.png","","Helicopter","https://tactileeval.s3.us-east-1.amazonaws.com/family_datasets/Vehicles_and_Flight_Systems/Helicopter/Natural/32_Helicopter.jpg","https://tactileeval.s3.us-east-1.amazonaws.com/family_datasets/Vehicles_and_Flight_Systems/Helicopter/Tactile/32.jpeg","","Helicopter","https://tactileeval.s3.us-east-1.amazonaws.com/family_datasets/Vehicles_and_Flight_Systems/Helicopter/Natural/33_Helicopter%282%29.jpg","https://tactileeval.s3.us-east-1.amazonaws.com/family_datasets/Vehicles_and_Flight_Systems/Helicopter/Tactile/33.jpeg","","Helicopter","https://tactileeval.s3.us-east-1.amazonaws.com/family_datasets/Vehicles_and_Flight_Systems/Helicopter/Natural/34_Helicopter.jpg","https://tactileeval.s3.us-east-1.amazonaws.com/family_datasets/Vehicles_and_Flight_Systems/Helicopter/Tactile/34.jpeg","","Helicopter","https://tactileeval.s3.us-east-1.amazonaws.com/family_datasets/Vehicles_and_Flight_Systems/Helicopter/Natural/35_Helicopter%284%29.jpg","https://tactileeval.s3.us-east-1.amazonaws.com/family_datasets/Vehicles_and_Flight_Systems/Helicopter/Tactile/35.jpeg","","[{""question1"":{""background_clean"":false,""configuration_match"":false,""object_match"":true},""question10"":{""background_clean"":false,""configuration_match"":false,""object_match"":true},""question2"":{""background_clean"":false,""configuration_match"":false,""object_match"":true},""question3"":{""background_clean"":false,""configuration_match"":true,""object_match"":false},""question4"":{""background_clean"":false,""configuration_match"":true,""object_match"":false},""question5"":{""background_clean"":false,""configuration_match"":false,""object_match"":true},""question6"":{""background_clean"":true,""configuration_match"":false,""object_match"":false},""question7"":{""background_clean"":false,""configuration_match"":false,""object_match"":true},""question8"":{""background_clean"":false,""configuration_match"":false,""object_match"":true},""question9"":{""background_clean"":false,""configuration_match"":true,""object_match"":false}}]"
"3D42WVSDI09QSDM44QE1OFQN8TWYF4","3PMOF0KIQ9OPLJTQP1WUGXCGLK7KBL","Categorize images based on background and posture.","Review 10 line-arts and judge if it has adequate background and configuration. (10 pairs)","tactile, image review, accessibility, vehicles","$0.08","Sat Apr 18 07:32:18 PDT 2026","7","BatchId:5385911;OriginalHitTemplateId:928390873;","1200","1296000","Sat Apr 25 07:32:18 PDT 2026","","","35L9RVQFDHWVBKRYFHADCZSGWOFHU3","A3VCTHO95DZWAQ","Submitted","Sat Apr 18 16:48:30 PDT 2026","Sat Apr 18 16:51:30 PDT 2026","Sun May 03 16:51:30 PDT 2026","","","","180","0% (0/0)","0% (0/0)","0% (0/0)","Helicopter","https://tactileeval.s3.us-east-1.amazonaws.com/family_datasets/Vehicles_and_Flight_Systems/Helicopter/Natural/26_Helicopter.jpg","https://tactileeval.s3.us-east-1.amazonaws.com/family_datasets/Vehicles_and_Flight_Systems/Helicopter/Tactile/26.jpeg","","Helicopter","https://tactileeval.s3.us-east-1.amazonaws.com/family_datasets/Vehicles_and_Flight_Systems/Helicopter/Natural/27_Helicopter%284%29.jpg","https://tactileeval.s3.us-east-1.amazonaws.com/family_datasets/Vehicles_and_Flight_Systems/Helicopter/Tactile/27.jpeg","","Helicopter","https://tactileeval.s3.us-east-1.amazonaws.com/family_datasets/Vehicles_and_Flight_Systems/Helicopter/Natural/28_Helicopter.jpg","https://tactileeval.s3.us-east-1.amazonaws.com/family_datasets/Vehicles_and_Flight_Systems/Helicopter/Tactile/28.jpeg","","Helicopter","https://tactileeval.s3.us-east-1.amazonaws.com/family_datasets/Vehicles_and_Flight_Systems/Helicopter/Natural/29_Helicopter.jpg","https://tactileeval.s3.us-east-1.amazonaws.com/family_datasets/Vehicles_and_Flight_Systems/Helicopter/Tactile/29.jpeg","","Helicopter","https://tactileeval.s3.us-east-1.amazonaws.com/family_datasets/Vehicles_and_Flight_Systems/Helicopter/Natural/30_Helicopter.jpg","https://tactileeval.s3.us-east-1.amazonaws.com/family_datasets/Vehicles_and_Flight_Systems/Helicopter/Tactile/30.jpeg","","Helicopter","https://tactileeval.s3.us-east-1.amazonaws.com/family_datasets/Vehicles_and_Flight_Systems/Helicopter/Natural/31_Helicopter_Edited_refined.jpg","https://tactileeval.s3.us-east-1.amazonaws.com/family_datasets/Vehicles_and_Flight_Systems/Helicopter/Tactile/31_refined.png","","Helicopter","https://tactileeval.s3.us-east-1.amazonaws.com/family_datasets/Vehicles_and_Flight_Systems/Helicopter/Natural/32_Helicopter.jpg","https://tactileeval.s3.us-east-1.amazonaws.com/family_datasets/Vehicles_and_Flight_Systems/Helicopter/Tactile/32.jpeg","","Helicopter","https://tactileeval.s3.us-east-1.amazonaws.com/family_datasets/Vehicles_and_Flight_Systems/Helicopter/Natural/33_Helicopter%282%29.jpg","https://tactileeval.s3.us-east-1.amazonaws.com/family_datasets/Vehicles_and_Flight_Systems/Helicopter/Tactile/33.jpeg","","Helicopter","https://tactileeval.s3.us-east-1.amazonaws.com/family_datasets/Vehicles_and_Flight_Systems/Helicopter/Natural/34_Helicopter.jpg","https://tactileeval.s3.us-east-1.amazonaws.com/family_datasets/Vehicles_and_Flight_Systems/Helicopter/Tactile/34.jpeg","","Helicopter","https://tactileeval.s3.us-east-1.amazonaws.com/family_datasets/Vehicles_and_Flight_Systems/Helicopter/Natural/35_Helicopter%284%29.jpg","https://tactileeval.s3.us-east-1.amazonaws.com/family_datasets/Vehicles_and_Flight_Systems/Helicopter/Tactile/35.jpeg","","[{""question1"":{""background_clean"":true,""configuration_match"":true,""object_match"":true},""question10"":{""background_clean"":true,""configuration_match"":true,""object_match"":false},""question2"":{""background_clean"":true,""configuration_match"":true,""object_match"":true},""question3"":{""background_clean"":true,""configuration_match"":true,""object_match"":false},""question4"":{""background_clean"":true,""configuration_match"":true,""object_match"":false},""question5"":{""background_clean"":true,""configuration_match"":true,""object_match"":true},""question6"":{""background_clean"":true,""configuration_match"":true,""object_match"":true},""question7"":{""background_clean"":true,""configuration_match"":true,""object_match"":true},""question8"":{""background_clean"":true,""configuration_match"":true,""object_match"":false},""question9"":{""background_clean"":true,""configuration_match"":true,""object_match"":false}}]"
"3SD15I2WEU8TTHW5ECI74FHX6TZ361","3PMOF0KIQ9OPLJTQP1WUGXCGLK7KBL","Categorize images based on background and posture.","Review 10 line-arts and judge if it has adequate background and configuration. (10 pairs)","tactile, image review, accessibility, vehicles","$0.08","Sat Apr 18 07:32:18 PDT 2026","7","BatchId:5385911;OriginalHitTemplateId:928390873;","1200","1296000","Sat Apr 25 07:32:18 PDT 2026","","","3WQ3B2KGF1U5BAXED1QXFMKLQC8B19","A1KXF2L2ZGQXJK","Submitted","Sat Apr 18 08:12:34 PDT 2026","Sat Apr 18 08:13:19 PDT 2026","Sun May 03 08:13:19 PDT 2026","","","","45","0% (0/0)","0% (0/0)","0% (0/0)","Motorcycle","https://tactileeval.s3.us-east-1.amazonaws.com/family_datasets/Vehicles_and_Flight_Systems/Motorcycle/Natural/1.png","https://tactileeval.s3.us-east-1.amazonaws.com/family_datasets/Vehicles_and_Flight_Systems/Motorcycle/Tactile/1.jpeg","","Motorcycle","https://tactileeval.s3.us-east-1.amazonaws.com/family_datasets/Vehicles_and_Flight_Systems/Motorcycle/Natural/2.png","https://tactileeval.s3.us-east-1.amazonaws.com/family_datasets/Vehicles_and_Flight_Systems/Motorcycle/Tactile/2.jpeg","","Motorcycle","https://tactileeval.s3.us-east-1.amazonaws.com/family_datasets/Vehicles_and_Flight_Systems/Motorcycle/Natural/3.png","https://tactileeval.s3.us-east-1.amazonaws.com/family_datasets/Vehicles_and_Flight_Systems/Motorcycle/Tactile/3.jpeg","","Motorcycle","https://tactileeval.s3.us-east-1.amazonaws.com/family_datasets/Vehicles_and_Flight_Systems/Motorcycle/Natural/4.png","https://tactileeval.s3.us-east-1.amazonaws.com/family_datasets/Vehicles_and_Flight_Systems/Motorcycle/Tactile/4.jpeg","","Motorcycle","https://tactileeval.s3.us-east-1.amazonaws.com/family_datasets/Vehicles_and_Flight_Systems/Motorcycle/Natural/5.png","https://tactileeval.s3.us-east-1.amazonaws.com/family_datasets/Vehicles_and_Flight_Systems/Motorcycle/Tactile/5.jpeg","","Motorcycle","https://tactileeval.s3.us-east-1.amazonaws.com/family_datasets/Vehicles_and_Flight_Systems/Motorcycle/Natural/6.png","https://tactileeval.s3.us-east-1.amazonaws.com/family_datasets/Vehicles_and_Flight_Systems/Motorcycle/Tactile/6.jpeg","","Motorcycle","https://tactileeval.s3.us-east-1.amazonaws.com/family_datasets/Vehicles_and_Flight_Systems/Motorcycle/Natural/7.jpg","https://tactileeval.s3.us-east-1.amazonaws.com/family_datasets/Vehicles_and_Flight_Systems/Motorcycle/Tactile/7.jpeg","","Motorcycle","https://tactileeval.s3.us-east-1.amazonaws.com/family_datasets/Vehicles_and_Flight_Systems/Motorcycle/Natural/8.png","https://tactileeval.s3.us-east-1.amazonaws.com/family_datasets/Vehicles_and_Flight_Systems/Motorcycle/Tactile/8.jpg","","Motorcycle","https://tactileeval.s3.us-east-1.amazonaws.com/family_datasets/Vehicles_and_Flight_Systems/Motorcycle/Natural/9.png","https://tactileeval.s3.us-east-1.amazonaws.com/family_datasets/Vehicles_and_Flight_Systems/Motorcycle/Tactile/9.jpg","","Motorcycle","https://tactileeval.s3.us-east-1.amazonaws.com/family_datasets/Vehicles_and_Flight_Systems/Motorcycle/Natural/10.png","https://tactileeval.s3.us-east-1.amazonaws.com/family_datasets/Vehicles_and_Flight_Systems/Motorcycle/Tactile/10.jpeg","","[{""question1"":{""background_clean"":true,""configuration_match"":true,""object_match"":false},""question10"":{""background_clean"":true,""configuration_match"":true,""object_match"":true},""question2"":{""background_clean"":true,""configuration_match"":true,""object_match"":false},""question3"":{""background_clean"":true,""configuration_match"":true,""object_match"":false},""question4"":{""background_clean"":true,""configuration_match"":true,""object_match"":false},""question5"":{""background_clean"":true,""configuration_match"":true,""object_match"":false},""question6"":{""background_clean"":true,""configuration_match"":true,""object_match"":false},""question7"":{""background_clean"":true,""configuration_match"":true,""object_match"":false},""question8"":{""background_clean"":true,""configuration_match"":true,""object_match"":false},""question9"":{""background_clean"":true,""configuration_match"":true,""object_match"":false}}]"
"3SD15I2WEU8TTHW5ECI74FHX6TZ361","3PMOF0KIQ9OPLJTQP1WUGXCGLK7KBL","Categorize images based on background and posture.","Review 10 line-arts and judge if it has adequate background and configuration. (10 pairs)","tactile, image review, accessibility, vehicles","$0.08","Sat Apr 18 07:32:18 PDT 2026","7","BatchId:5385911;OriginalHitTemplateId:928390873;","1200","1296000","Sat Apr 25 07:32:18 PDT 2026","","","3Z7EFSHGO2SWBGADYU7ZLFU4DD3CXR","A1LN8392JHDGL5","Submitted","Sat Apr 18 09:55:19 PDT 2026","Sat Apr 18 10:04:57 PDT 2026","Sun May 03 10:04:57 PDT 2026","","","","578","0% (0/0)","0% (0/0)","0% (0/0)","Motorcycle","https://tactileeval.s3.us-east-1.amazonaws.com/family_datasets/Vehicles_and_Flight_Systems/Motorcycle/Natural/1.png","https://tactileeval.s3.us-east-1.amazonaws.com/family_datasets/Vehicles_and_Flight_Systems/Motorcycle/Tactile/1.jpeg","","Motorcycle","https://tactileeval.s3.us-east-1.amazonaws.com/family_datasets/Vehicles_and_Flight_Systems/Motorcycle/Natural/2.png","https://tactileeval.s3.us-east-1.amazonaws.com/family_datasets/Vehicles_and_Flight_Systems/Motorcycle/Tactile/2.jpeg","","Motorcycle","https://tactileeval.s3.us-east-1.amazonaws.com/family_datasets/Vehicles_and_Flight_Systems/Motorcycle/Natural/3.png","https://tactileeval.s3.us-east-1.amazonaws.com/family_datasets/Vehicles_and_Flight_Systems/Motorcycle/Tactile/3.jpeg","","Motorcycle","https://tactileeval.s3.us-east-1.amazonaws.com/family_datasets/Vehicles_and_Flight_Systems/Motorcycle/Natural/4.png","https://tactileeval.s3.us-east-1.amazonaws.com/family_datasets/Vehicles_and_Flight_Systems/Motorcycle/Tactile/4.jpeg","","Motorcycle","https://tactileeval.s3.us-east-1.amazonaws.com/family_datasets/Vehicles_and_Flight_Systems/Motorcycle/Natural/5.png","https://tactileeval.s3.us-east-1.amazonaws.com/family_datasets/Vehicles_and_Flight_Systems/Motorcycle/Tactile/5.jpeg","","Motorcycle","https://tactileeval.s3.us-east-1.amazonaws.com/family_datasets/Vehicles_and_Flight_Systems/Motorcycle/Natural/6.png","https://tactileeval.s3.us-east-1.amazonaws.com/family_datasets/Vehicles_and_Flight_Systems/Motorcycle/Tactile/6.jpeg","","Motorcycle","https://tactileeval.s3.us-east-1.amazonaws.com/family_datasets/Vehicles_and_Flight_Systems/Motorcycle/Natural/7.jpg","https://tactileeval.s3.us-east-1.amazonaws.com/family_datasets/Vehicles_and_Flight_Systems/Motorcycle/Tactile/7.jpeg","","Motorcycle","https://tactileeval.s3.us-east-1.amazonaws.com/family_datasets/Vehicles_and_Flight_Systems/Motorcycle/Natural/8.png","https://tactileeval.s3.us-east-1.amazonaws.com/family_datasets/Vehicles_and_Flight_Systems/Motorcycle/Tactile/8.jpg","","Motorcycle","https://tactileeval.s3.us-east-1.amazonaws.com/family_datasets/Vehicles_and_Flight_Systems/Motorcycle/Natural/9.png","https://tactileeval.s3.us-east-1.amazonaws.com/family_datasets/Vehicles_and_Flight_Systems/Motorcycle/Tactile/9.jpg","","Motorcycle","https://tactileeval.s3.us-east-1.amazonaws.com/family_datasets/Vehicles_and_Flight_Systems/Motorcycle/Natural/10.png","https://tactileeval.s3.us-east-1.amazonaws.com/family_datasets/Vehicles_and_Flight_Systems/Motorcycle/Tactile/10.jpeg","","[{""question1"":{""background_clean"":true,""configuration_match"":true,""object_match"":true},""question10"":{""background_clean"":true,""configuration_match"":false,""object_match"":true},""question2"":{""background_clean"":true,""configuration_match"":true,""object_match"":true},""question3"":{""background_clean"":true,""configuration_match"":true,""object_match"":true},""question4"":{""background_clean"":true,""configuration_match"":true,""object_match"":true},""question5"":{""background_clean"":true,""configuration_match"":false,""object_match"":true},""question6"":{""background_clean"":true,""configuration_match"":false,""object_match"":true},""question7"":{""background_clean"":true,""configuration_match"":false,""object_match"":true},""question8"":{""background_clean"":true,""configuration_match"":false,""object_match"":false},""question9"":{""background_clean"":true,""configuration_match"":false,""object_match"":true}}]"
"3SD15I2WEU8TTHW5ECI74FHX6TZ361","3PMOF0KIQ9OPLJTQP1WUGXCGLK7KBL","Categorize images based on background and posture.","Review 10 line-arts and judge if it has adequate background and configuration. (10 pairs)","tactile, image review, accessibility, vehicles","$0.08","Sat Apr 18 07:32:18 PDT 2026","7","BatchId:5385911;OriginalHitTemplateId:928390873;","1200","1296000","Sat Apr 25 07:32:18 PDT 2026","","","3K3R2QNK94H2WE9FH5MLZIUSDAJU90","A2FK6782M09EBO","Submitted","Sat Apr 18 09:58:28 PDT 2026","Sat Apr 18 10:05:23 PDT 2026","Sun May 03 10:05:23 PDT 2026","","","","415","93% (65/70)","93% (65/70)","93% (65/70)","Motorcycle","https://tactileeval.s3.us-east-1.amazonaws.com/family_datasets/Vehicles_and_Flight_Systems/Motorcycle/Natural/1.png","https://tactileeval.s3.us-east-1.amazonaws.com/family_datasets/Vehicles_and_Flight_Systems/Motorcycle/Tactile/1.jpeg","","Motorcycle","https://tactileeval.s3.us-east-1.amazonaws.com/family_datasets/Vehicles_and_Flight_Systems/Motorcycle/Natural/2.png","https://tactileeval.s3.us-east-1.amazonaws.com/family_datasets/Vehicles_and_Flight_Systems/Motorcycle/Tactile/2.jpeg","","Motorcycle","https://tactileeval.s3.us-east-1.amazonaws.com/family_datasets/Vehicles_and_Flight_Systems/Motorcycle/Natural/3.png","https://tactileeval.s3.us-east-1.amazonaws.com/family_datasets/Vehicles_and_Flight_Systems/Motorcycle/Tactile/3.jpeg","","Motorcycle","https://tactileeval.s3.us-east-1.amazonaws.com/family_datasets/Vehicles_and_Flight_Systems/Motorcycle/Natural/4.png","https://tactileeval.s3.us-east-1.amazonaws.com/family_datasets/Vehicles_and_Flight_Systems/Motorcycle/Tactile/4.jpeg","","Motorcycle","https://tactileeval.s3.us-east-1.amazonaws.com/family_datasets/Vehicles_and_Flight_Systems/Motorcycle/Natural/5.png","https://tactileeval.s3.us-east-1.amazonaws.com/family_datasets/Vehicles_and_Flight_Systems/Motorcycle/Tactile/5.jpeg","","Motorcycle","https://tactileeval.s3.us-east-1.amazonaws.com/family_datasets/Vehicles_and_Flight_Systems/Motorcycle/Natural/6.png","https://tactileeval.s3.us-east-1.amazonaws.com/family_datasets/Vehicles_and_Flight_Systems/Motorcycle/Tactile/6.jpeg","","Motorcycle","https://tactileeval.s3.us-east-1.amazonaws.com/family_datasets/Vehicles_and_Flight_Systems/Motorcycle/Natural/7.jpg","https://tactileeval.s3.us-east-1.amazonaws.com/family_datasets/Vehicles_and_Flight_Systems/Motorcycle/Tactile/7.jpeg","","Motorcycle","https://tactileeval.s3.us-east-1.amazonaws.com/family_datasets/Vehicles_and_Flight_Systems/Motorcycle/Natural/8.png","https://tactileeval.s3.us-east-1.amazonaws.com/family_datasets/Vehicles_and_Flight_Systems/Motorcycle/Tactile/8.jpg","","Motorcycle","https://tactileeval.s3.us-east-1.amazonaws.com/family_datasets/Vehicles_and_Flight_Systems/Motorcycle/Natural/9.png","https://tactileeval.s3.us-east-1.amazonaws.com/family_datasets/Vehicles_and_Flight_Systems/Motorcycle/Tactile/9.jpg","","Motorcycle","https://tactileeval.s3.us-east-1.amazonaws.com/family_datasets/Vehicles_and_Flight_Systems/Motorcycle/Natural/10.png","https://tactileeval.s3.us-east-1.amazonaws.com/family_datasets/Vehicles_and_Flight_Systems/Motorcycle/Tactile/10.jpeg","","[{""question1"":{""background_clean"":true,""configuration_match"":true,""object_match"":true},""question10"":{""background_clean"":true,""configuration_match"":true,""object_match"":false},""question2"":{""background_clean"":true,""configuration_match"":true,""object_match"":true},""question3"":{""background_clean"":true,""configuration_match"":true,""object_match"":true},""question4"":{""background_clean"":true,""configuration_match"":true,""object_match"":true},""question5"":{""background_clean"":true,""configuration_match"":true,""object_match"":true},""question6"":{""background_clean"":true,""configuration_match"":true,""object_match"":true},""question7"":{""background_clean"":true,""configuration_match"":true,""object_match"":true},""question8"":{""background_clean"":true,""configuration_match"":true,""object_match"":false},""question9"":{""background_clean"":true,""configuration_match"":true,""object_match"":false}}]"
"3SD15I2WEU8TTHW5ECI74FHX6TZ361","3PMOF0KIQ9OPLJTQP1WUGXCGLK7KBL","Categorize images based on background and posture.","Review 10 line-arts and judge if it has adequate background and configuration. (10 pairs)","tactile, image review, accessibility, vehicles","$0.08","Sat Apr 18 07:32:18 PDT 2026","7","BatchId:5385911;OriginalHitTemplateId:928390873;","1200","1296000","Sat Apr 25 07:32:18 PDT 2026","","","3G0WWMR1VOYVTN6S16LL7ISNFEZQNV","A2Y0HZSZTQAVDW","Submitted","Sat Apr 18 10:34:52 PDT 2026","Sat Apr 18 10:44:13 PDT 2026","Sun May 03 10:44:13 PDT 2026","","","","561","0% (0/0)","0% (0/0)","0% (0/0)","Motorcycle","https://tactileeval.s3.us-east-1.amazonaws.com/family_datasets/Vehicles_and_Flight_Systems/Motorcycle/Natural/1.png","https://tactileeval.s3.us-east-1.amazonaws.com/family_datasets/Vehicles_and_Flight_Systems/Motorcycle/Tactile/1.jpeg","","Motorcycle","https://tactileeval.s3.us-east-1.amazonaws.com/family_datasets/Vehicles_and_Flight_Systems/Motorcycle/Natural/2.png","https://tactileeval.s3.us-east-1.amazonaws.com/family_datasets/Vehicles_and_Flight_Systems/Motorcycle/Tactile/2.jpeg","","Motorcycle","https://tactileeval.s3.us-east-1.amazonaws.com/family_datasets/Vehicles_and_Flight_Systems/Motorcycle/Natural/3.png","https://tactileeval.s3.us-east-1.amazonaws.com/family_datasets/Vehicles_and_Flight_Systems/Motorcycle/Tactile/3.jpeg","","Motorcycle","https://tactileeval.s3.us-east-1.amazonaws.com/family_datasets/Vehicles_and_Flight_Systems/Motorcycle/Natural/4.png","https://tactileeval.s3.us-east-1.amazonaws.com/family_datasets/Vehicles_and_Flight_Systems/Motorcycle/Tactile/4.jpeg","","Motorcycle","https://tactileeval.s3.us-east-1.amazonaws.com/family_datasets/Vehicles_and_Flight_Systems/Motorcycle/Natural/5.png","https://tactileeval.s3.us-east-1.amazonaws.com/family_datasets/Vehicles_and_Flight_Systems/Motorcycle/Tactile/5.jpeg","","Motorcycle","https://tactileeval.s3.us-east-1.amazonaws.com/family_datasets/Vehicles_and_Flight_Systems/Motorcycle/Natural/6.png","https://tactileeval.s3.us-east-1.amazonaws.com/family_datasets/Vehicles_and_Flight_Systems/Motorcycle/Tactile/6.jpeg","","Motorcycle","https://tactileeval.s3.us-east-1.amazonaws.com/family_datasets/Vehicles_and_Flight_Systems/Motorcycle/Natural/7.jpg","https://tactileeval.s3.us-east-1.amazonaws.com/family_datasets/Vehicles_and_Flight_Systems/Motorcycle/Tactile/7.jpeg","","Motorcycle","https://tactileeval.s3.us-east-1.amazonaws.com/family_datasets/Vehicles_and_Flight_Systems/Motorcycle/Natural/8.png","https://tactileeval.s3.us-east-1.amazonaws.com/family_datasets/Vehicles_and_Flight_Systems/Motorcycle/Tactile/8.jpg","","Motorcycle","https://tactileeval.s3.us-east-1.amazonaws.com/family_datasets/Vehicles_and_Flight_Systems/Motorcycle/Natural/9.png","https://tactileeval.s3.us-east-1.amazonaws.com/family_datasets/Vehicles_and_Flight_Systems/Motorcycle/Tactile/9.jpg","","Motorcycle","https://tactileeval.s3.us-east-1.amazonaws.com/family_datasets/Vehicles_and_Flight_Systems/Motorcycle/Natural/10.png","https://tactileeval.s3.us-east-1.amazonaws.com/family_datasets/Vehicles_and_Flight_Systems/Motorcycle/Tactile/10.jpeg","","[{""question1"":{""background_clean"":true,""configuration_match"":false,""object_match"":false},""question10"":{""background_clean"":true,""configuration_match"":true,""object_match"":true},""question2"":{""background_clean"":true,""configuration_match"":true,""object_match"":true},""question3"":{""background_clean"":true,""configuration_match"":false,""object_match"":false},""question4"":{""background_clean"":true,""configuration_match"":false,""object_match"":false},""question5"":{""background_clean"":true,""configuration_match"":false,""object_match"":false},""question6"":{""background_clean"":true,""configuration_match"":false,""object_match"":false},""question7"":{""background_clean"":true,""configuration_match"":false,""object_match"":false},""question8"":{""background_clean"":true,""configuration_match"":false,""object_match"":false},""question9"":{""background_clean"":true,""configuration_match"":false,""object_match"":false}}]"
"3SD15I2WEU8TTHW5ECI74FHX6TZ361","3PMOF0KIQ9OPLJTQP1WUGXCGLK7KBL","Categorize images based on background and posture.","Review 10 line-arts and judge if it has adequate background and configuration. (10 pairs)","tactile, image review, accessibility, vehicles","$0.08","Sat Apr 18 07:32:18 PDT 2026","7","BatchId:5385911;OriginalHitTemplateId:928390873;","1200","1296000","Sat Apr 25 07:32:18 PDT 2026","","","3L4D84MIMS6MX4G43I6Z5XJ5F74HJS","A9380GKZM50GU","Submitted","Sat Apr 18 11:31:03 PDT 2026","Sat Apr 18 11:35:17 PDT 2026","Sun May 03 11:35:17 PDT 2026","","","","254","0% (0/0)","0% (0/0)","0% (0/0)","Motorcycle","https://tactileeval.s3.us-east-1.amazonaws.com/family_datasets/Vehicles_and_Flight_Systems/Motorcycle/Natural/1.png","https://tactileeval.s3.us-east-1.amazonaws.com/family_datasets/Vehicles_and_Flight_Systems/Motorcycle/Tactile/1.jpeg","","Motorcycle","https://tactileeval.s3.us-east-1.amazonaws.com/family_datasets/Vehicles_and_Flight_Systems/Motorcycle/Natural/2.png","https://tactileeval.s3.us-east-1.amazonaws.com/family_datasets/Vehicles_and_Flight_Systems/Motorcycle/Tactile/2.jpeg","","Motorcycle","https://tactileeval.s3.us-east-1.amazonaws.com/family_datasets/Vehicles_and_Flight_Systems/Motorcycle/Natural/3.png","https://tactileeval.s3.us-east-1.amazonaws.com/family_datasets/Vehicles_and_Flight_Systems/Motorcycle/Tactile/3.jpeg","","Motorcycle","https://tactileeval.s3.us-east-1.amazonaws.com/family_datasets/Vehicles_and_Flight_Systems/Motorcycle/Natural/4.png","https://tactileeval.s3.us-east-1.amazonaws.com/family_datasets/Vehicles_and_Flight_Systems/Motorcycle/Tactile/4.jpeg","","Motorcycle","https://tactileeval.s3.us-east-1.amazonaws.com/family_datasets/Vehicles_and_Flight_Systems/Motorcycle/Natural/5.png","https://tactileeval.s3.us-east-1.amazonaws.com/family_datasets/Vehicles_and_Flight_Systems/Motorcycle/Tactile/5.jpeg","","Motorcycle","https://tactileeval.s3.us-east-1.amazonaws.com/family_datasets/Vehicles_and_Flight_Systems/Motorcycle/Natural/6.png","https://tactileeval.s3.us-east-1.amazonaws.com/family_datasets/Vehicles_and_Flight_Systems/Motorcycle/Tactile/6.jpeg","","Motorcycle","https://tactileeval.s3.us-east-1.amazonaws.com/family_datasets/Vehicles_and_Flight_Systems/Motorcycle/Natural/7.jpg","https://tactileeval.s3.us-east-1.amazonaws.com/family_datasets/Vehicles_and_Flight_Systems/Motorcycle/Tactile/7.jpeg","","Motorcycle","https://tactileeval.s3.us-east-1.amazonaws.com/family_datasets/Vehicles_and_Flight_Systems/Motorcycle/Natural/8.png","https://tactileeval.s3.us-east-1.amazonaws.com/family_datasets/Vehicles_and_Flight_Systems/Motorcycle/Tactile/8.jpg","","Motorcycle","https://tactileeval.s3.us-east-1.amazonaws.com/family_datasets/Vehicles_and_Flight_Systems/Motorcycle/Natural/9.png","https://tactileeval.s3.us-east-1.amazonaws.com/family_datasets/Vehicles_and_Flight_Systems/Motorcycle/Tactile/9.jpg","","Motorcycle","https://tactileeval.s3.us-east-1.amazonaws.com/family_datasets/Vehicles_and_Flight_Systems/Motorcycle/Natural/10.png","https://tactileeval.s3.us-east-1.amazonaws.com/family_datasets/Vehicles_and_Flight_Systems/Motorcycle/Tactile/10.jpeg","","[{""question1"":{""background_clean"":true,""configuration_match"":true,""object_match"":true},""question10"":{""background_clean"":true,""configuration_match"":false,""object_match"":true},""question2"":{""background_clean"":true,""configuration_match"":true,""object_match"":true},""question3"":{""background_clean"":true,""configuration_match"":true,""object_match"":true},""question4"":{""background_clean"":true,""configuration_match"":true,""object_match"":true},""question5"":{""background_clean"":true,""configuration_match"":false,""object_match"":true},""question6"":{""background_clean"":true,""configuration_match"":false,""object_match"":true},""question7"":{""background_clean"":true,""configuration_match"":false,""object_match"":true},""question8"":{""background_clean"":true,""configuration_match"":false,""object_match"":true},""question9"":{""background_clean"":true,""configuration_match"":false,""object_match"":true}}]"
"3SD15I2WEU8TTHW5ECI74FHX6TZ361","3PMOF0KIQ9OPLJTQP1WUGXCGLK7KBL","Categorize images based on background and posture.","Review 10 line-arts and judge if it has adequate background and configuration. (10 pairs)","tactile, image review, accessibility, vehicles","$0.08","Sat Apr 18 07:32:18 PDT 2026","7","BatchId:5385911;OriginalHitTemplateId:928390873;","1200","1296000","Sat Apr 25 07:32:18 PDT 2026","","","373ERPL3ZHMT01QCBHWXL78K0IYTRB","A3MYUSGFSNT3J0","Submitted","Sat Apr 18 13:07:35 PDT 2026","Sat Apr 18 13:12:47 PDT 2026","Sun May 03 13:12:47 PDT 2026","","","","312","0% (0/0)","0% (0/0)","0% (0/0)","Motorcycle","https://tactileeval.s3.us-east-1.amazonaws.com/family_datasets/Vehicles_and_Flight_Systems/Motorcycle/Natural/1.png","https://tactileeval.s3.us-east-1.amazonaws.com/family_datasets/Vehicles_and_Flight_Systems/Motorcycle/Tactile/1.jpeg","","Motorcycle","https://tactileeval.s3.us-east-1.amazonaws.com/family_datasets/Vehicles_and_Flight_Systems/Motorcycle/Natural/2.png","https://tactileeval.s3.us-east-1.amazonaws.com/family_datasets/Vehicles_and_Flight_Systems/Motorcycle/Tactile/2.jpeg","","Motorcycle","https://tactileeval.s3.us-east-1.amazonaws.com/family_datasets/Vehicles_and_Flight_Systems/Motorcycle/Natural/3.png","https://tactileeval.s3.us-east-1.amazonaws.com/family_datasets/Vehicles_and_Flight_Systems/Motorcycle/Tactile/3.jpeg","","Motorcycle","https://tactileeval.s3.us-east-1.amazonaws.com/family_datasets/Vehicles_and_Flight_Systems/Motorcycle/Natural/4.png","https://tactileeval.s3.us-east-1.amazonaws.com/family_datasets/Vehicles_and_Flight_Systems/Motorcycle/Tactile/4.jpeg","","Motorcycle","https://tactileeval.s3.us-east-1.amazonaws.com/family_datasets/Vehicles_and_Flight_Systems/Motorcycle/Natural/5.png","https://tactileeval.s3.us-east-1.amazonaws.com/family_datasets/Vehicles_and_Flight_Systems/Motorcycle/Tactile/5.jpeg","","Motorcycle","https://tactileeval.s3.us-east-1.amazonaws.com/family_datasets/Vehicles_and_Flight_Systems/Motorcycle/Natural/6.png","https://tactileeval.s3.us-east-1.amazonaws.com/family_datasets/Vehicles_and_Flight_Systems/Motorcycle/Tactile/6.jpeg","","Motorcycle","https://tactileeval.s3.us-east-1.amazonaws.com/family_datasets/Vehicles_and_Flight_Systems/Motorcycle/Natural/7.jpg","https://tactileeval.s3.us-east-1.amazonaws.com/family_datasets/Vehicles_and_Flight_Systems/Motorcycle/Tactile/7.jpeg","","Motorcycle","https://tactileeval.s3.us-east-1.amazonaws.com/family_datasets/Vehicles_and_Flight_Systems/Motorcycle/Natural/8.png","https://tactileeval.s3.us-east-1.amazonaws.com/family_datasets/Vehicles_and_Flight_Systems/Motorcycle/Tactile/8.jpg","","Motorcycle","https://tactileeval.s3.us-east-1.amazonaws.com/family_datasets/Vehicles_and_Flight_Systems/Motorcycle/Natural/9.png","https://tactileeval.s3.us-east-1.amazonaws.com/family_datasets/Vehicles_and_Flight_Systems/Motorcycle/Tactile/9.jpg","","Motorcycle","https://tactileeval.s3.us-east-1.amazonaws.com/family_datasets/Vehicles_and_Flight_Systems/Motorcycle/Natural/10.png","https://tactileeval.s3.us-east-1.amazonaws.com/family_datasets/Vehicles_and_Flight_Systems/Motorcycle/Tactile/10.jpeg","","[{""question1"":{""background_clean"":true,""configuration_match"":true,""object_match"":false},""question10"":{""background_clean"":true,""configuration_match"":false,""object_match"":false},""question2"":{""background_clean"":true,""configuration_match"":false,""object_match"":false},""question3"":{""background_clean"":true,""configuration_match"":true,""object_match"":false},""question4"":{""background_clean"":true,""configuration_match"":true,""object_match"":false},""question5"":{""background_clean"":false,""configuration_match"":true,""object_match"":false},""question6"":{""background_clean"":true,""configuration_match"":false,""object_match"":false},""question7"":{""background_clean"":true,""configuration_match"":false,""object_match"":true},""question8"":{""background_clean"":false,""configuration_match"":true,""object_match"":false},""question9"":{""background_clean"":true,""configuration_match"":false,""object_match"":false}}]"
"3SD15I2WEU8TTHW5ECI74FHX6TZ361","3PMOF0KIQ9OPLJTQP1WUGXCGLK7KBL","Categorize images based on background and posture.","Review 10 line-arts and judge if it has adequate background and configuration. (10 pairs)","tactile, image review, accessibility, vehicles","$0.08","Sat Apr 18 07:32:18 PDT 2026","7","BatchId:5385911;OriginalHitTemplateId:928390873;","1200","1296000","Sat Apr 25 07:32:18 PDT 2026","","","3Z7VU45IQRV1T80UJF6014ROHGRZ12","A32BQKMVUH8ZYJ","Submitted","Sat Apr 18 13:36:01 PDT 2026","Sat Apr 18 13:47:35 PDT 2026","Sun May 03 13:47:35 PDT 2026","","","","694","0% (0/0)","0% (0/0)","0% (0/0)","Motorcycle","https://tactileeval.s3.us-east-1.amazonaws.com/family_datasets/Vehicles_and_Flight_Systems/Motorcycle/Natural/1.png","https://tactileeval.s3.us-east-1.amazonaws.com/family_datasets/Vehicles_and_Flight_Systems/Motorcycle/Tactile/1.jpeg","","Motorcycle","https://tactileeval.s3.us-east-1.amazonaws.com/family_datasets/Vehicles_and_Flight_Systems/Motorcycle/Natural/2.png","https://tactileeval.s3.us-east-1.amazonaws.com/family_datasets/Vehicles_and_Flight_Systems/Motorcycle/Tactile/2.jpeg","","Motorcycle","https://tactileeval.s3.us-east-1.amazonaws.com/family_datasets/Vehicles_and_Flight_Systems/Motorcycle/Natural/3.png","https://tactileeval.s3.us-east-1.amazonaws.com/family_datasets/Vehicles_and_Flight_Systems/Motorcycle/Tactile/3.jpeg","","Motorcycle","https://tactileeval.s3.us-east-1.amazonaws.com/family_datasets/Vehicles_and_Flight_Systems/Motorcycle/Natural/4.png","https://tactileeval.s3.us-east-1.amazonaws.com/family_datasets/Vehicles_and_Flight_Systems/Motorcycle/Tactile/4.jpeg","","Motorcycle","https://tactileeval.s3.us-east-1.amazonaws.com/family_datasets/Vehicles_and_Flight_Systems/Motorcycle/Natural/5.png","https://tactileeval.s3.us-east-1.amazonaws.com/family_datasets/Vehicles_and_Flight_Systems/Motorcycle/Tactile/5.jpeg","","Motorcycle","https://tactileeval.s3.us-east-1.amazonaws.com/family_datasets/Vehicles_and_Flight_Systems/Motorcycle/Natural/6.png","https://tactileeval.s3.us-east-1.amazonaws.com/family_datasets/Vehicles_and_Flight_Systems/Motorcycle/Tactile/6.jpeg","","Motorcycle","https://tactileeval.s3.us-east-1.amazonaws.com/family_datasets/Vehicles_and_Flight_Systems/Motorcycle/Natural/7.jpg","https://tactileeval.s3.us-east-1.amazonaws.com/family_datasets/Vehicles_and_Flight_Systems/Motorcycle/Tactile/7.jpeg","","Motorcycle","https://tactileeval.s3.us-east-1.amazonaws.com/family_datasets/Vehicles_and_Flight_Systems/Motorcycle/Natural/8.png","https://tactileeval.s3.us-east-1.amazonaws.com/family_datasets/Vehicles_and_Flight_Systems/Motorcycle/Tactile/8.jpg","","Motorcycle","https://tactileeval.s3.us-east-1.amazonaws.com/family_datasets/Vehicles_and_Flight_Systems/Motorcycle/Natural/9.png","https://tactileeval.s3.us-east-1.amazonaws.com/family_datasets/Vehicles_and_Flight_Systems/Motorcycle/Tactile/9.jpg","","Motorcycle","https://tactileeval.s3.us-east-1.amazonaws.com/family_datasets/Vehicles_and_Flight_Systems/Motorcycle/Natural/10.png","https://tactileeval.s3.us-east-1.amazonaws.com/family_datasets/Vehicles_and_Flight_Systems/Motorcycle/Tactile/10.jpeg","","[{""question1"":{""background_clean"":false,""configuration_match"":false,""object_match"":true},""question10"":{""background_clean"":false,""configuration_match"":false,""object_match"":true},""question2"":{""background_clean"":false,""configuration_match"":true,""object_match"":false},""question3"":{""background_clean"":false,""configuration_match"":false,""object_match"":true},""question4"":{""background_clean"":false,""configuration_match"":false,""object_match"":true},""question5"":{""background_clean"":false,""configuration_match"":true,""object_match"":false},""question6"":{""background_clean"":false,""configuration_match"":true,""object_match"":false},""question7"":{""background_clean"":false,""configuration_match"":false,""object_match"":true},""question8"":{""background_clean"":false,""configuration_match"":false,""object_match"":true},""question9"":{""background_clean"":false,""configuration_match"":true,""object_match"":false}}]"
"371DNNCG5WGLWCDNM6LW66HM6N1T8T","3PMOF0KIQ9OPLJTQP1WUGXCGLK7KBL","Categorize images based on background and posture.","Review 10 line-arts and judge if it has adequate background and configuration. (10 pairs)","tactile, image review, accessibility, vehicles","$0.08","Sat Apr 18 07:32:18 PDT 2026","7","BatchId:5385911;OriginalHitTemplateId:928390873;","1200","1296000","Sat Apr 25 07:32:18 PDT 2026","","","3RXCAC0YJK3JDRPAS8RQV7YQKV18G2","A1KXF2L2ZGQXJK","Submitted","Sat Apr 18 07:44:41 PDT 2026","Sat Apr 18 07:47:39 PDT 2026","Sun May 03 07:47:39 PDT 2026","","","","178","0% (0/0)","0% (0/0)","0% (0/0)","Motorcycle","https://tactileeval.s3.us-east-1.amazonaws.com/family_datasets/Vehicles_and_Flight_Systems/Motorcycle/Natural/11.png","https://tactileeval.s3.us-east-1.amazonaws.com/family_datasets/Vehicles_and_Flight_Systems/Motorcycle/Tactile/11.jpg","","Motorcycle","https://tactileeval.s3.us-east-1.amazonaws.com/family_datasets/Vehicles_and_Flight_Systems/Motorcycle/Natural/12.jpg","https://tactileeval.s3.us-east-1.amazonaws.com/family_datasets/Vehicles_and_Flight_Systems/Motorcycle/Tactile/12.jpg","","Motorcycle","https://tactileeval.s3.us-east-1.amazonaws.com/family_datasets/Vehicles_and_Flight_Systems/Motorcycle/Natural/13.png","https://tactileeval.s3.us-east-1.amazonaws.com/family_datasets/Vehicles_and_Flight_Systems/Motorcycle/Tactile/13.jpg","","Motorcycle","https://tactileeval.s3.us-east-1.amazonaws.com/family_datasets/Vehicles_and_Flight_Systems/Motorcycle/Natural/14.jpg","https://tactileeval.s3.us-east-1.amazonaws.com/family_datasets/Vehicles_and_Flight_Systems/Motorcycle/Tactile/14.jpg","","Rocket","https://tactileeval.s3.us-east-1.amazonaws.com/family_datasets/Vehicles_and_Flight_Systems/Rocket/Natural/1.jpg","https://tactileeval.s3.us-east-1.amazonaws.com/family_datasets/Vehicles_and_Flight_Systems/Rocket/Tactile/1.jpeg","","Rocket","https://tactileeval.s3.us-east-1.amazonaws.com/family_datasets/Vehicles_and_Flight_Systems/Rocket/Natural/2.jpg","https://tactileeval.s3.us-east-1.amazonaws.com/family_datasets/Vehicles_and_Flight_Systems/Rocket/Tactile/2.jpeg","","Rocket","https://tactileeval.s3.us-east-1.amazonaws.com/family_datasets/Vehicles_and_Flight_Systems/Rocket/Natural/3.jpg","https://tactileeval.s3.us-east-1.amazonaws.com/family_datasets/Vehicles_and_Flight_Systems/Rocket/Tactile/3.jpeg","","Rocket","https://tactileeval.s3.us-east-1.amazonaws.com/family_datasets/Vehicles_and_Flight_Systems/Rocket/Natural/4.jpg","https://tactileeval.s3.us-east-1.amazonaws.com/family_datasets/Vehicles_and_Flight_Systems/Rocket/Tactile/4.jpeg","","Rocket","https://tactileeval.s3.us-east-1.amazonaws.com/family_datasets/Vehicles_and_Flight_Systems/Rocket/Natural/5.jpg","https://tactileeval.s3.us-east-1.amazonaws.com/family_datasets/Vehicles_and_Flight_Systems/Rocket/Tactile/5.jpeg","","Rocket","https://tactileeval.s3.us-east-1.amazonaws.com/family_datasets/Vehicles_and_Flight_Systems/Rocket/Natural/6.jpg","https://tactileeval.s3.us-east-1.amazonaws.com/family_datasets/Vehicles_and_Flight_Systems/Rocket/Tactile/6.png","","[{""question1"":{""background_clean"":true,""configuration_match"":true,""object_match"":false},""question10"":{""background_clean"":false,""configuration_match"":true,""object_match"":false},""question2"":{""background_clean"":true,""configuration_match"":true,""object_match"":true},""question3"":{""background_clean"":true,""configuration_match"":true,""object_match"":true},""question4"":{""background_clean"":true,""configuration_match"":true,""object_match"":false},""question5"":{""background_clean"":true,""configuration_match"":true,""object_match"":false},""question6"":{""background_clean"":true,""configuration_match"":true,""object_match"":false},""question7"":{""background_clean"":true,""configuration_match"":true,""object_match"":false},""question8"":{""background_clean"":true,""configuration_match"":true,""object_match"":false},""question9"":{""background_clean"":true,""configuration_match"":true,""object_match"":false}}]"
"371DNNCG5WGLWCDNM6LW66HM6N1T8T","3PMOF0KIQ9OPLJTQP1WUGXCGLK7KBL","Categorize images based on background and posture.","Review 10 line-arts and judge if it has adequate background and configuration. (10 pairs)","tactile, image review, accessibility, vehicles","$0.08","Sat Apr 18 07:32:18 PDT 2026","7","BatchId:5385911;OriginalHitTemplateId:928390873;","1200","1296000","Sat Apr 25 07:32:18 PDT 2026","","","3G0WWMR1VOYVTN6S16LL7ISNFERQNN","A1LN8392JHDGL5","Submitted","Sat Apr 18 09:38:51 PDT 2026","Sat Apr 18 09:43:29 PDT 2026","Sun May 03 09:43:29 PDT 2026","","","","278","0% (0/0)","0% (0/0)","0% (0/0)","Motorcycle","https://tactileeval.s3.us-east-1.amazonaws.com/family_datasets/Vehicles_and_Flight_Systems/Motorcycle/Natural/11.png","https://tactileeval.s3.us-east-1.amazonaws.com/family_datasets/Vehicles_and_Flight_Systems/Motorcycle/Tactile/11.jpg","","Motorcycle","https://tactileeval.s3.us-east-1.amazonaws.com/family_datasets/Vehicles_and_Flight_Systems/Motorcycle/Natural/12.jpg","https://tactileeval.s3.us-east-1.amazonaws.com/family_datasets/Vehicles_and_Flight_Systems/Motorcycle/Tactile/12.jpg","","Motorcycle","https://tactileeval.s3.us-east-1.amazonaws.com/family_datasets/Vehicles_and_Flight_Systems/Motorcycle/Natural/13.png","https://tactileeval.s3.us-east-1.amazonaws.com/family_datasets/Vehicles_and_Flight_Systems/Motorcycle/Tactile/13.jpg","","Motorcycle","https://tactileeval.s3.us-east-1.amazonaws.com/family_datasets/Vehicles_and_Flight_Systems/Motorcycle/Natural/14.jpg","https://tactileeval.s3.us-east-1.amazonaws.com/family_datasets/Vehicles_and_Flight_Systems/Motorcycle/Tactile/14.jpg","","Rocket","https://tactileeval.s3.us-east-1.amazonaws.com/family_datasets/Vehicles_and_Flight_Systems/Rocket/Natural/1.jpg","https://tactileeval.s3.us-east-1.amazonaws.com/family_datasets/Vehicles_and_Flight_Systems/Rocket/Tactile/1.jpeg","","Rocket","https://tactileeval.s3.us-east-1.amazonaws.com/family_datasets/Vehicles_and_Flight_Systems/Rocket/Natural/2.jpg","https://tactileeval.s3.us-east-1.amazonaws.com/family_datasets/Vehicles_and_Flight_Systems/Rocket/Tactile/2.jpeg","","Rocket","https://tactileeval.s3.us-east-1.amazonaws.com/family_datasets/Vehicles_and_Flight_Systems/Rocket/Natural/3.jpg","https://tactileeval.s3.us-east-1.amazonaws.com/family_datasets/Vehicles_and_Flight_Systems/Rocket/Tactile/3.jpeg","","Rocket","https://tactileeval.s3.us-east-1.amazonaws.com/family_datasets/Vehicles_and_Flight_Systems/Rocket/Natural/4.jpg","https://tactileeval.s3.us-east-1.amazonaws.com/family_datasets/Vehicles_and_Flight_Systems/Rocket/Tactile/4.jpeg","","Rocket","https://tactileeval.s3.us-east-1.amazonaws.com/family_datasets/Vehicles_and_Flight_Systems/Rocket/Natural/5.jpg","https://tactileeval.s3.us-east-1.amazonaws.com/family_datasets/Vehicles_and_Flight_Systems/Rocket/Tactile/5.jpeg","","Rocket","https://tactileeval.s3.us-east-1.amazonaws.com/family_datasets/Vehicles_and_Flight_Systems/Rocket/Natural/6.jpg","https://tactileeval.s3.us-east-1.amazonaws.com/family_datasets/Vehicles_and_Flight_Systems/Rocket/Tactile/6.png","","[{""question1"":{""background_clean"":true,""configuration_match"":false,""object_match"":true},""question10"":{""background_clean"":true,""configuration_match"":true,""object_match"":false},""question2"":{""background_clean"":true,""configuration_match"":true,""object_match"":true},""question3"":{""background_clean"":true,""configuration_match"":false,""object_match"":true},""question4"":{""background_clean"":true,""configuration_match"":false,""object_match"":true},""question5"":{""background_clean"":true,""configuration_match"":false,""object_match"":false},""question6"":{""background_clean"":true,""configuration_match"":false,""object_match"":true},""question7"":{""background_clean"":true,""configuration_match"":false,""object_match"":false},""question8"":{""background_clean"":true,""configuration_match"":true,""object_match"":false},""question9"":{""background_clean"":true,""configuration_match"":true,""object_match"":false}}]"
"371DNNCG5WGLWCDNM6LW66HM6N1T8T","3PMOF0KIQ9OPLJTQP1WUGXCGLK7KBL","Categorize images based on background and posture.","Review 10 line-arts and judge if it has adequate background and configuration. (10 pairs)","tactile, image review, accessibility, vehicles","$0.08","Sat Apr 18 07:32:18 PDT 2026","7","BatchId:5385911;OriginalHitTemplateId:928390873;","1200","1296000","Sat Apr 25 07:32:18 PDT 2026","","","3YGXWBAF8TV5DEM3EJ5UO4X6KIZ4C5","A2FK6782M09EBO","Submitted","Sat Apr 18 09:58:31 PDT 2026","Sat Apr 18 10:08:34 PDT 2026","Sun May 03 10:08:34 PDT 2026","","","","603","93% (65/70)","93% (65/70)","93% (65/70)","Motorcycle","https://tactileeval.s3.us-east-1.amazonaws.com/family_datasets/Vehicles_and_Flight_Systems/Motorcycle/Natural/11.png","https://tactileeval.s3.us-east-1.amazonaws.com/family_datasets/Vehicles_and_Flight_Systems/Motorcycle/Tactile/11.jpg","","Motorcycle","https://tactileeval.s3.us-east-1.amazonaws.com/family_datasets/Vehicles_and_Flight_Systems/Motorcycle/Natural/12.jpg","https://tactileeval.s3.us-east-1.amazonaws.com/family_datasets/Vehicles_and_Flight_Systems/Motorcycle/Tactile/12.jpg","","Motorcycle","https://tactileeval.s3.us-east-1.amazonaws.com/family_datasets/Vehicles_and_Flight_Systems/Motorcycle/Natural/13.png","https://tactileeval.s3.us-east-1.amazonaws.com/family_datasets/Vehicles_and_Flight_Systems/Motorcycle/Tactile/13.jpg","","Motorcycle","https://tactileeval.s3.us-east-1.amazonaws.com/family_datasets/Vehicles_and_Flight_Systems/Motorcycle/Natural/14.jpg","https://tactileeval.s3.us-east-1.amazonaws.com/family_datasets/Vehicles_and_Flight_Systems/Motorcycle/Tactile/14.jpg","","Rocket","https://tactileeval.s3.us-east-1.amazonaws.com/family_datasets/Vehicles_and_Flight_Systems/Rocket/Natural/1.jpg","https://tactileeval.s3.us-east-1.amazonaws.com/family_datasets/Vehicles_and_Flight_Systems/Rocket/Tactile/1.jpeg","","Rocket","https://tactileeval.s3.us-east-1.amazonaws.com/family_datasets/Vehicles_and_Flight_Systems/Rocket/Natural/2.jpg","https://tactileeval.s3.us-east-1.amazonaws.com/family_datasets/Vehicles_and_Flight_Systems/Rocket/Tactile/2.jpeg","","Rocket","https://tactileeval.s3.us-east-1.amazonaws.com/family_datasets/Vehicles_and_Flight_Systems/Rocket/Natural/3.jpg","https://tactileeval.s3.us-east-1.amazonaws.com/family_datasets/Vehicles_and_Flight_Systems/Rocket/Tactile/3.jpeg","","Rocket","https://tactileeval.s3.us-east-1.amazonaws.com/family_datasets/Vehicles_and_Flight_Systems/Rocket/Natural/4.jpg","https://tactileeval.s3.us-east-1.amazonaws.com/family_datasets/Vehicles_and_Flight_Systems/Rocket/Tactile/4.jpeg","","Rocket","https://tactileeval.s3.us-east-1.amazonaws.com/family_datasets/Vehicles_and_Flight_Systems/Rocket/Natural/5.jpg","https://tactileeval.s3.us-east-1.amazonaws.com/family_datasets/Vehicles_and_Flight_Systems/Rocket/Tactile/5.jpeg","","Rocket","https://tactileeval.s3.us-east-1.amazonaws.com/family_datasets/Vehicles_and_Flight_Systems/Rocket/Natural/6.jpg","https://tactileeval.s3.us-east-1.amazonaws.com/family_datasets/Vehicles_and_Flight_Systems/Rocket/Tactile/6.png","","[{""question1"":{""background_clean"":true,""configuration_match"":true,""object_match"":true},""question10"":{""background_clean"":false,""configuration_match"":true,""object_match"":false},""question2"":{""background_clean"":true,""configuration_match"":true,""object_match"":false},""question3"":{""background_clean"":true,""configuration_match"":true,""object_match"":true},""question4"":{""background_clean"":true,""configuration_match"":true,""object_match"":false},""question5"":{""background_clean"":true,""configuration_match"":true,""object_match"":false},""question6"":{""background_clean"":true,""configuration_match"":true,""object_match"":false},""question7"":{""background_clean"":true,""configuration_match"":true,""object_match"":false},""question8"":{""background_clean"":true,""configuration_match"":true,""object_match"":false},""question9"":{""background_clean"":true,""configuration_match"":true,""object_match"":false}}]"
"371DNNCG5WGLWCDNM6LW66HM6N1T8T","3PMOF0KIQ9OPLJTQP1WUGXCGLK7KBL","Categorize images based on background and posture.","Review 10 line-arts and judge if it has adequate background and configuration. (10 pairs)","tactile, image review, accessibility, vehicles","$0.08","Sat Apr 18 07:32:18 PDT 2026","7","BatchId:5385911;OriginalHitTemplateId:928390873;","1200","1296000","Sat Apr 25 07:32:18 PDT 2026","","","3LRKMWOKCYV8ITIQ2J6E6N1T9MR2Z8","A9380GKZM50GU","Submitted","Sat Apr 18 10:12:18 PDT 2026","Sat Apr 18 10:21:53 PDT 2026","Sun May 03 10:21:53 PDT 2026","","","","575","0% (0/0)","0% (0/0)","0% (0/0)","Motorcycle","https://tactileeval.s3.us-east-1.amazonaws.com/family_datasets/Vehicles_and_Flight_Systems/Motorcycle/Natural/11.png","https://tactileeval.s3.us-east-1.amazonaws.com/family_datasets/Vehicles_and_Flight_Systems/Motorcycle/Tactile/11.jpg","","Motorcycle","https://tactileeval.s3.us-east-1.amazonaws.com/family_datasets/Vehicles_and_Flight_Systems/Motorcycle/Natural/12.jpg","https://tactileeval.s3.us-east-1.amazonaws.com/family_datasets/Vehicles_and_Flight_Systems/Motorcycle/Tactile/12.jpg","","Motorcycle","https://tactileeval.s3.us-east-1.amazonaws.com/family_datasets/Vehicles_and_Flight_Systems/Motorcycle/Natural/13.png","https://tactileeval.s3.us-east-1.amazonaws.com/family_datasets/Vehicles_and_Flight_Systems/Motorcycle/Tactile/13.jpg","","Motorcycle","https://tactileeval.s3.us-east-1.amazonaws.com/family_datasets/Vehicles_and_Flight_Systems/Motorcycle/Natural/14.jpg","https://tactileeval.s3.us-east-1.amazonaws.com/family_datasets/Vehicles_and_Flight_Systems/Motorcycle/Tactile/14.jpg","","Rocket","https://tactileeval.s3.us-east-1.amazonaws.com/family_datasets/Vehicles_and_Flight_Systems/Rocket/Natural/1.jpg","https://tactileeval.s3.us-east-1.amazonaws.com/family_datasets/Vehicles_and_Flight_Systems/Rocket/Tactile/1.jpeg","","Rocket","https://tactileeval.s3.us-east-1.amazonaws.com/family_datasets/Vehicles_and_Flight_Systems/Rocket/Natural/2.jpg","https://tactileeval.s3.us-east-1.amazonaws.com/family_datasets/Vehicles_and_Flight_Systems/Rocket/Tactile/2.jpeg","","Rocket","https://tactileeval.s3.us-east-1.amazonaws.com/family_datasets/Vehicles_and_Flight_Systems/Rocket/Natural/3.jpg","https://tactileeval.s3.us-east-1.amazonaws.com/family_datasets/Vehicles_and_Flight_Systems/Rocket/Tactile/3.jpeg","","Rocket","https://tactileeval.s3.us-east-1.amazonaws.com/family_datasets/Vehicles_and_Flight_Systems/Rocket/Natural/4.jpg","https://tactileeval.s3.us-east-1.amazonaws.com/family_datasets/Vehicles_and_Flight_Systems/Rocket/Tactile/4.jpeg","","Rocket","https://tactileeval.s3.us-east-1.amazonaws.com/family_datasets/Vehicles_and_Flight_Systems/Rocket/Natural/5.jpg","https://tactileeval.s3.us-east-1.amazonaws.com/family_datasets/Vehicles_and_Flight_Systems/Rocket/Tactile/5.jpeg","","Rocket","https://tactileeval.s3.us-east-1.amazonaws.com/family_datasets/Vehicles_and_Flight_Systems/Rocket/Natural/6.jpg","https://tactileeval.s3.us-east-1.amazonaws.com/family_datasets/Vehicles_and_Flight_Systems/Rocket/Tactile/6.png","","[{""question1"":{""background_clean"":true,""configuration_match"":false,""object_match"":true},""question10"":{""background_clean"":true,""configuration_match"":false,""object_match"":true},""question2"":{""background_clean"":true,""configuration_match"":true,""object_match"":true},""question3"":{""background_clean"":true,""configuration_match"":false,""object_match"":true},""question4"":{""background_clean"":true,""configuration_match"":false,""object_match"":true},""question5"":{""background_clean"":true,""configuration_match"":false,""object_match"":true},""question6"":{""background_clean"":true,""configuration_match"":false,""object_match"":true},""question7"":{""background_clean"":true,""configuration_match"":false,""object_match"":true},""question8"":{""background_clean"":true,""configuration_match"":false,""object_match"":true},""question9"":{""background_clean"":true,""configuration_match"":false,""object_match"":true}}]"
"371DNNCG5WGLWCDNM6LW66HM6N1T8T","3PMOF0KIQ9OPLJTQP1WUGXCGLK7KBL","Categorize images based on background and posture.","Review 10 line-arts and judge if it has adequate background and configuration. (10 pairs)","tactile, image review, accessibility, vehicles","$0.08","Sat Apr 18 07:32:18 PDT 2026","7","BatchId:5385911;OriginalHitTemplateId:928390873;","1200","1296000","Sat Apr 25 07:32:18 PDT 2026","","","34T446B1DTSOEQ42VIISC17T36O0CQ","A2Y0HZSZTQAVDW","Submitted","Sat Apr 18 10:34:54 PDT 2026","Sat Apr 18 10:45:23 PDT 2026","Sun May 03 10:45:23 PDT 2026","","","","629","0% (0/0)","0% (0/0)","0% (0/0)","Motorcycle","https://tactileeval.s3.us-east-1.amazonaws.com/family_datasets/Vehicles_and_Flight_Systems/Motorcycle/Natural/11.png","https://tactileeval.s3.us-east-1.amazonaws.com/family_datasets/Vehicles_and_Flight_Systems/Motorcycle/Tactile/11.jpg","","Motorcycle","https://tactileeval.s3.us-east-1.amazonaws.com/family_datasets/Vehicles_and_Flight_Systems/Motorcycle/Natural/12.jpg","https://tactileeval.s3.us-east-1.amazonaws.com/family_datasets/Vehicles_and_Flight_Systems/Motorcycle/Tactile/12.jpg","","Motorcycle","https://tactileeval.s3.us-east-1.amazonaws.com/family_datasets/Vehicles_and_Flight_Systems/Motorcycle/Natural/13.png","https://tactileeval.s3.us-east-1.amazonaws.com/family_datasets/Vehicles_and_Flight_Systems/Motorcycle/Tactile/13.jpg","","Motorcycle","https://tactileeval.s3.us-east-1.amazonaws.com/family_datasets/Vehicles_and_Flight_Systems/Motorcycle/Natural/14.jpg","https://tactileeval.s3.us-east-1.amazonaws.com/family_datasets/Vehicles_and_Flight_Systems/Motorcycle/Tactile/14.jpg","","Rocket","https://tactileeval.s3.us-east-1.amazonaws.com/family_datasets/Vehicles_and_Flight_Systems/Rocket/Natural/1.jpg","https://tactileeval.s3.us-east-1.amazonaws.com/family_datasets/Vehicles_and_Flight_Systems/Rocket/Tactile/1.jpeg","","Rocket","https://tactileeval.s3.us-east-1.amazonaws.com/family_datasets/Vehicles_and_Flight_Systems/Rocket/Natural/2.jpg","https://tactileeval.s3.us-east-1.amazonaws.com/family_datasets/Vehicles_and_Flight_Systems/Rocket/Tactile/2.jpeg","","Rocket","https://tactileeval.s3.us-east-1.amazonaws.com/family_datasets/Vehicles_and_Flight_Systems/Rocket/Natural/3.jpg","https://tactileeval.s3.us-east-1.amazonaws.com/family_datasets/Vehicles_and_Flight_Systems/Rocket/Tactile/3.jpeg","","Rocket","https://tactileeval.s3.us-east-1.amazonaws.com/family_datasets/Vehicles_and_Flight_Systems/Rocket/Natural/4.jpg","https://tactileeval.s3.us-east-1.amazonaws.com/family_datasets/Vehicles_and_Flight_Systems/Rocket/Tactile/4.jpeg","","Rocket","https://tactileeval.s3.us-east-1.amazonaws.com/family_datasets/Vehicles_and_Flight_Systems/Rocket/Natural/5.jpg","https://tactileeval.s3.us-east-1.amazonaws.com/family_datasets/Vehicles_and_Flight_Systems/Rocket/Tactile/5.jpeg","","Rocket","https://tactileeval.s3.us-east-1.amazonaws.com/family_datasets/Vehicles_and_Flight_Systems/Rocket/Natural/6.jpg","https://tactileeval.s3.us-east-1.amazonaws.com/family_datasets/Vehicles_and_Flight_Systems/Rocket/Tactile/6.png","","[{""question1"":{""background_clean"":true,""configuration_match"":true,""object_match"":true},""question10"":{""background_clean"":true,""configuration_match"":false,""object_match"":false},""question2"":{""background_clean"":true,""configuration_match"":true,""object_match"":true},""question3"":{""background_clean"":true,""configuration_match"":false,""object_match"":false},""question4"":{""background_clean"":true,""configuration_match"":false,""object_match"":false},""question5"":{""background_clean"":true,""configuration_match"":false,""object_match"":false},""question6"":{""background_clean"":true,""configuration_match"":false,""object_match"":false},""question7"":{""background_clean"":true,""configuration_match"":false,""object_match"":false},""question8"":{""background_clean"":true,""configuration_match"":false,""object_match"":false},""question9"":{""background_clean"":true,""configuration_match"":false,""object_match"":false}}]"
"371DNNCG5WGLWCDNM6LW66HM6N1T8T","3PMOF0KIQ9OPLJTQP1WUGXCGLK7KBL","Categorize images based on background and posture.","Review 10 line-arts and judge if it has adequate background and configuration. (10 pairs)","tactile, image review, accessibility, vehicles","$0.08","Sat Apr 18 07:32:18 PDT 2026","7","BatchId:5385911;OriginalHitTemplateId:928390873;","1200","1296000","Sat Apr 25 07:32:18 PDT 2026","","","3ITXP059QPXBNDUKECIY9BQ7OIHJSB","A19HN15YVY9E5I","Submitted","Sat Apr 18 10:48:30 PDT 2026","Sat Apr 18 10:52:48 PDT 2026","Sun May 03 10:52:48 PDT 2026","","","","258","63% (5/8)","63% (5/8)","63% (5/8)","Motorcycle","https://tactileeval.s3.us-east-1.amazonaws.com/family_datasets/Vehicles_and_Flight_Systems/Motorcycle/Natural/11.png","https://tactileeval.s3.us-east-1.amazonaws.com/family_datasets/Vehicles_and_Flight_Systems/Motorcycle/Tactile/11.jpg","","Motorcycle","https://tactileeval.s3.us-east-1.amazonaws.com/family_datasets/Vehicles_and_Flight_Systems/Motorcycle/Natural/12.jpg","https://tactileeval.s3.us-east-1.amazonaws.com/family_datasets/Vehicles_and_Flight_Systems/Motorcycle/Tactile/12.jpg","","Motorcycle","https://tactileeval.s3.us-east-1.amazonaws.com/family_datasets/Vehicles_and_Flight_Systems/Motorcycle/Natural/13.png","https://tactileeval.s3.us-east-1.amazonaws.com/family_datasets/Vehicles_and_Flight_Systems/Motorcycle/Tactile/13.jpg","","Motorcycle","https://tactileeval.s3.us-east-1.amazonaws.com/family_datasets/Vehicles_and_Flight_Systems/Motorcycle/Natural/14.jpg","https://tactileeval.s3.us-east-1.amazonaws.com/family_datasets/Vehicles_and_Flight_Systems/Motorcycle/Tactile/14.jpg","","Rocket","https://tactileeval.s3.us-east-1.amazonaws.com/family_datasets/Vehicles_and_Flight_Systems/Rocket/Natural/1.jpg","https://tactileeval.s3.us-east-1.amazonaws.com/family_datasets/Vehicles_and_Flight_Systems/Rocket/Tactile/1.jpeg","","Rocket","https://tactileeval.s3.us-east-1.amazonaws.com/family_datasets/Vehicles_and_Flight_Systems/Rocket/Natural/2.jpg","https://tactileeval.s3.us-east-1.amazonaws.com/family_datasets/Vehicles_and_Flight_Systems/Rocket/Tactile/2.jpeg","","Rocket","https://tactileeval.s3.us-east-1.amazonaws.com/family_datasets/Vehicles_and_Flight_Systems/Rocket/Natural/3.jpg","https://tactileeval.s3.us-east-1.amazonaws.com/family_datasets/Vehicles_and_Flight_Systems/Rocket/Tactile/3.jpeg","","Rocket","https://tactileeval.s3.us-east-1.amazonaws.com/family_datasets/Vehicles_and_Flight_Systems/Rocket/Natural/4.jpg","https://tactileeval.s3.us-east-1.amazonaws.com/family_datasets/Vehicles_and_Flight_Systems/Rocket/Tactile/4.jpeg","","Rocket","https://tactileeval.s3.us-east-1.amazonaws.com/family_datasets/Vehicles_and_Flight_Systems/Rocket/Natural/5.jpg","https://tactileeval.s3.us-east-1.amazonaws.com/family_datasets/Vehicles_and_Flight_Systems/Rocket/Tactile/5.jpeg","","Rocket","https://tactileeval.s3.us-east-1.amazonaws.com/family_datasets/Vehicles_and_Flight_Systems/Rocket/Natural/6.jpg","https://tactileeval.s3.us-east-1.amazonaws.com/family_datasets/Vehicles_and_Flight_Systems/Rocket/Tactile/6.png","","[{""question1"":{""background_clean"":true,""configuration_match"":true,""object_match"":true},""question10"":{""background_clean"":true,""configuration_match"":false,""object_match"":false},""question2"":{""background_clean"":true,""configuration_match"":true,""object_match"":true},""question3"":{""background_clean"":true,""configuration_match"":false,""object_match"":false},""question4"":{""background_clean"":true,""configuration_match"":false,""object_match"":false},""question5"":{""background_clean"":true,""configuration_match"":false,""object_match"":false},""question6"":{""background_clean"":true,""configuration_match"":false,""object_match"":false},""question7"":{""background_clean"":true,""configuration_match"":false,""object_match"":false},""question8"":{""background_clean"":true,""configuration_match"":false,""object_match"":false},""question9"":{""background_clean"":true,""configuration_match"":false,""object_match"":false}}]"
"371DNNCG5WGLWCDNM6LW66HM6N1T8T","3PMOF0KIQ9OPLJTQP1WUGXCGLK7KBL","Categorize images based on background and posture.","Review 10 line-arts and judge if it has adequate background and configuration. (10 pairs)","tactile, image review, accessibility, vehicles","$0.08","Sat Apr 18 07:32:18 PDT 2026","7","BatchId:5385911;OriginalHitTemplateId:928390873;","1200","1296000","Sat Apr 25 07:32:18 PDT 2026","","","3NPI0JQDBHJ8OOAXYPS8GC85Z0BTPK","A32BQKMVUH8ZYJ","Submitted","Sat Apr 18 13:36:07 PDT 2026","Sat Apr 18 13:53:33 PDT 2026","Sun May 03 13:53:33 PDT 2026","","","","1046","0% (0/0)","0% (0/0)","0% (0/0)","Motorcycle","https://tactileeval.s3.us-east-1.amazonaws.com/family_datasets/Vehicles_and_Flight_Systems/Motorcycle/Natural/11.png","https://tactileeval.s3.us-east-1.amazonaws.com/family_datasets/Vehicles_and_Flight_Systems/Motorcycle/Tactile/11.jpg","","Motorcycle","https://tactileeval.s3.us-east-1.amazonaws.com/family_datasets/Vehicles_and_Flight_Systems/Motorcycle/Natural/12.jpg","https://tactileeval.s3.us-east-1.amazonaws.com/family_datasets/Vehicles_and_Flight_Systems/Motorcycle/Tactile/12.jpg","","Motorcycle","https://tactileeval.s3.us-east-1.amazonaws.com/family_datasets/Vehicles_and_Flight_Systems/Motorcycle/Natural/13.png","https://tactileeval.s3.us-east-1.amazonaws.com/family_datasets/Vehicles_and_Flight_Systems/Motorcycle/Tactile/13.jpg","","Motorcycle","https://tactileeval.s3.us-east-1.amazonaws.com/family_datasets/Vehicles_and_Flight_Systems/Motorcycle/Natural/14.jpg","https://tactileeval.s3.us-east-1.amazonaws.com/family_datasets/Vehicles_and_Flight_Systems/Motorcycle/Tactile/14.jpg","","Rocket","https://tactileeval.s3.us-east-1.amazonaws.com/family_datasets/Vehicles_and_Flight_Systems/Rocket/Natural/1.jpg","https://tactileeval.s3.us-east-1.amazonaws.com/family_datasets/Vehicles_and_Flight_Systems/Rocket/Tactile/1.jpeg","","Rocket","https://tactileeval.s3.us-east-1.amazonaws.com/family_datasets/Vehicles_and_Flight_Systems/Rocket/Natural/2.jpg","https://tactileeval.s3.us-east-1.amazonaws.com/family_datasets/Vehicles_and_Flight_Systems/Rocket/Tactile/2.jpeg","","Rocket","https://tactileeval.s3.us-east-1.amazonaws.com/family_datasets/Vehicles_and_Flight_Systems/Rocket/Natural/3.jpg","https://tactileeval.s3.us-east-1.amazonaws.com/family_datasets/Vehicles_and_Flight_Systems/Rocket/Tactile/3.jpeg","","Rocket","https://tactileeval.s3.us-east-1.amazonaws.com/family_datasets/Vehicles_and_Flight_Systems/Rocket/Natural/4.jpg","https://tactileeval.s3.us-east-1.amazonaws.com/family_datasets/Vehicles_and_Flight_Systems/Rocket/Tactile/4.jpeg","","Rocket","https://tactileeval.s3.us-east-1.amazonaws.com/family_datasets/Vehicles_and_Flight_Systems/Rocket/Natural/5.jpg","https://tactileeval.s3.us-east-1.amazonaws.com/family_datasets/Vehicles_and_Flight_Systems/Rocket/Tactile/5.jpeg","","Rocket","https://tactileeval.s3.us-east-1.amazonaws.com/family_datasets/Vehicles_and_Flight_Systems/Rocket/Natural/6.jpg","https://tactileeval.s3.us-east-1.amazonaws.com/family_datasets/Vehicles_and_Flight_Systems/Rocket/Tactile/6.png","","[{""question1"":{""background_clean"":false,""configuration_match"":false,""object_match"":true},""question10"":{""background_clean"":false,""configuration_match"":true,""object_match"":false},""question2"":{""background_clean"":false,""configuration_match"":false,""object_match"":true},""question3"":{""background_clean"":false,""configuration_match"":true,""object_match"":false},""question4"":{""background_clean"":false,""configuration_match"":false,""object_match"":true},""question5"":{""background_clean"":false,""configuration_match"":true,""object_match"":false},""question6"":{""background_clean"":false,""configuration_match"":false,""object_match"":true},""question7"":{""background_clean"":false,""configuration_match"":true,""object_match"":false},""question8"":{""background_clean"":false,""configuration_match"":false,""object_match"":true},""question9"":{""background_clean"":false,""configuration_match"":false,""object_match"":true}}]"
"3MWOYZD5XN2QMRVJWROGUT1UWAJNOP","3PMOF0KIQ9OPLJTQP1WUGXCGLK7KBL","Categorize images based on background and posture.","Review 10 line-arts and judge if it has adequate background and configuration. (10 pairs)","tactile, image review, accessibility, vehicles","$0.08","Sat Apr 18 07:32:18 PDT 2026","7","BatchId:5385911;OriginalHitTemplateId:928390873;","1200","1296000","Sat Apr 25 07:32:18 PDT 2026","","","3U5NZHP4MKGIJFJ2YVBJ2T5HO6XHPF","A1KXF2L2ZGQXJK","Submitted","Sat Apr 18 09:46:24 PDT 2026","Sat Apr 18 09:47:14 PDT 2026","Sun May 03 09:47:14 PDT 2026","","","","50","0% (0/0)","0% (0/0)","0% (0/0)","Rocket","https://tactileeval.s3.us-east-1.amazonaws.com/family_datasets/Vehicles_and_Flight_Systems/Rocket/Natural/7.jpeg","https://tactileeval.s3.us-east-1.amazonaws.com/family_datasets/Vehicles_and_Flight_Systems/Rocket/Tactile/7.jpeg","","Rocket","https://tactileeval.s3.us-east-1.amazonaws.com/family_datasets/Vehicles_and_Flight_Systems/Rocket/Natural/8.jpg","https://tactileeval.s3.us-east-1.amazonaws.com/family_datasets/Vehicles_and_Flight_Systems/Rocket/Tactile/8.jpeg","","Rocket","https://tactileeval.s3.us-east-1.amazonaws.com/family_datasets/Vehicles_and_Flight_Systems/Rocket/Natural/9.jpg","https://tactileeval.s3.us-east-1.amazonaws.com/family_datasets/Vehicles_and_Flight_Systems/Rocket/Tactile/9.jpeg","","Rocket","https://tactileeval.s3.us-east-1.amazonaws.com/family_datasets/Vehicles_and_Flight_Systems/Rocket/Natural/10.jpg","https://tactileeval.s3.us-east-1.amazonaws.com/family_datasets/Vehicles_and_Flight_Systems/Rocket/Tactile/10.jpeg","","Rocket","https://tactileeval.s3.us-east-1.amazonaws.com/family_datasets/Vehicles_and_Flight_Systems/Rocket/Natural/11.jpg","https://tactileeval.s3.us-east-1.amazonaws.com/family_datasets/Vehicles_and_Flight_Systems/Rocket/Tactile/11.jpg","","Rocket","https://tactileeval.s3.us-east-1.amazonaws.com/family_datasets/Vehicles_and_Flight_Systems/Rocket/Natural/12.jpg","https://tactileeval.s3.us-east-1.amazonaws.com/family_datasets/Vehicles_and_Flight_Systems/Rocket/Tactile/12.jpeg","","Rocket","https://tactileeval.s3.us-east-1.amazonaws.com/family_datasets/Vehicles_and_Flight_Systems/Rocket/Natural/13.jpg","https://tactileeval.s3.us-east-1.amazonaws.com/family_datasets/Vehicles_and_Flight_Systems/Rocket/Tactile/13.jpg","","Rocket","https://tactileeval.s3.us-east-1.amazonaws.com/family_datasets/Vehicles_and_Flight_Systems/Rocket/Natural/14.jpg","https://tactileeval.s3.us-east-1.amazonaws.com/family_datasets/Vehicles_and_Flight_Systems/Rocket/Tactile/14.jpeg","","Rocket","https://tactileeval.s3.us-east-1.amazonaws.com/family_datasets/Vehicles_and_Flight_Systems/Rocket/Natural/15.jpeg","https://tactileeval.s3.us-east-1.amazonaws.com/family_datasets/Vehicles_and_Flight_Systems/Rocket/Tactile/15.jpeg","","Rocket","https://tactileeval.s3.us-east-1.amazonaws.com/family_datasets/Vehicles_and_Flight_Systems/Rocket/Natural/16.jpg","https://tactileeval.s3.us-east-1.amazonaws.com/family_datasets/Vehicles_and_Flight_Systems/Rocket/Tactile/16.jpeg","","[{""question1"":{""background_clean"":true,""configuration_match"":false,""object_match"":false},""question10"":{""background_clean"":true,""configuration_match"":true,""object_match"":false},""question2"":{""background_clean"":true,""configuration_match"":false,""object_match"":false},""question3"":{""background_clean"":true,""configuration_match"":false,""object_match"":false},""question4"":{""background_clean"":true,""configuration_match"":true,""object_match"":false},""question5"":{""background_clean"":true,""configuration_match"":false,""object_match"":true},""question6"":{""background_clean"":true,""configuration_match"":true,""object_match"":true},""question7"":{""background_clean"":true,""configuration_match"":true,""object_match"":false},""question8"":{""background_clean"":true,""configuration_match"":false,""object_match"":false},""question9"":{""background_clean"":true,""configuration_match"":false,""object_match"":false}}]"
"3MWOYZD5XN2QMRVJWROGUT1UWAJNOP","3PMOF0KIQ9OPLJTQP1WUGXCGLK7KBL","Categorize images based on background and posture.","Review 10 line-arts and judge if it has adequate background and configuration. (10 pairs)","tactile, image review, accessibility, vehicles","$0.08","Sat Apr 18 07:32:18 PDT 2026","7","BatchId:5385911;OriginalHitTemplateId:928390873;","1200","1296000","Sat Apr 25 07:32:18 PDT 2026","","","3MD9PLUKLBS47F7JO24YYB4RKHCZNQ","A2FK6782M09EBO","Submitted","Sat Apr 18 09:43:38 PDT 2026","Sat Apr 18 09:51:16 PDT 2026","Sun May 03 09:51:16 PDT 2026","","","","458","93% (65/70)","93% (65/70)","93% (65/70)","Rocket","https://tactileeval.s3.us-east-1.amazonaws.com/family_datasets/Vehicles_and_Flight_Systems/Rocket/Natural/7.jpeg","https://tactileeval.s3.us-east-1.amazonaws.com/family_datasets/Vehicles_and_Flight_Systems/Rocket/Tactile/7.jpeg","","Rocket","https://tactileeval.s3.us-east-1.amazonaws.com/family_datasets/Vehicles_and_Flight_Systems/Rocket/Natural/8.jpg","https://tactileeval.s3.us-east-1.amazonaws.com/family_datasets/Vehicles_and_Flight_Systems/Rocket/Tactile/8.jpeg","","Rocket","https://tactileeval.s3.us-east-1.amazonaws.com/family_datasets/Vehicles_and_Flight_Systems/Rocket/Natural/9.jpg","https://tactileeval.s3.us-east-1.amazonaws.com/family_datasets/Vehicles_and_Flight_Systems/Rocket/Tactile/9.jpeg","","Rocket","https://tactileeval.s3.us-east-1.amazonaws.com/family_datasets/Vehicles_and_Flight_Systems/Rocket/Natural/10.jpg","https://tactileeval.s3.us-east-1.amazonaws.com/family_datasets/Vehicles_and_Flight_Systems/Rocket/Tactile/10.jpeg","","Rocket","https://tactileeval.s3.us-east-1.amazonaws.com/family_datasets/Vehicles_and_Flight_Systems/Rocket/Natural/11.jpg","https://tactileeval.s3.us-east-1.amazonaws.com/family_datasets/Vehicles_and_Flight_Systems/Rocket/Tactile/11.jpg","","Rocket","https://tactileeval.s3.us-east-1.amazonaws.com/family_datasets/Vehicles_and_Flight_Systems/Rocket/Natural/12.jpg","https://tactileeval.s3.us-east-1.amazonaws.com/family_datasets/Vehicles_and_Flight_Systems/Rocket/Tactile/12.jpeg","","Rocket","https://tactileeval.s3.us-east-1.amazonaws.com/family_datasets/Vehicles_and_Flight_Systems/Rocket/Natural/13.jpg","https://tactileeval.s3.us-east-1.amazonaws.com/family_datasets/Vehicles_and_Flight_Systems/Rocket/Tactile/13.jpg","","Rocket","https://tactileeval.s3.us-east-1.amazonaws.com/family_datasets/Vehicles_and_Flight_Systems/Rocket/Natural/14.jpg","https://tactileeval.s3.us-east-1.amazonaws.com/family_datasets/Vehicles_and_Flight_Systems/Rocket/Tactile/14.jpeg","","Rocket","https://tactileeval.s3.us-east-1.amazonaws.com/family_datasets/Vehicles_and_Flight_Systems/Rocket/Natural/15.jpeg","https://tactileeval.s3.us-east-1.amazonaws.com/family_datasets/Vehicles_and_Flight_Systems/Rocket/Tactile/15.jpeg","","Rocket","https://tactileeval.s3.us-east-1.amazonaws.com/family_datasets/Vehicles_and_Flight_Systems/Rocket/Natural/16.jpg","https://tactileeval.s3.us-east-1.amazonaws.com/family_datasets/Vehicles_and_Flight_Systems/Rocket/Tactile/16.jpeg","","[{""question1"":{""background_clean"":true,""configuration_match"":true,""object_match"":false},""question10"":{""background_clean"":true,""configuration_match"":true,""object_match"":false},""question2"":{""background_clean"":true,""configuration_match"":true,""object_match"":false},""question3"":{""background_clean"":true,""configuration_match"":true,""object_match"":false},""question4"":{""background_clean"":true,""configuration_match"":true,""object_match"":true},""question5"":{""background_clean"":true,""configuration_match"":true,""object_match"":true},""question6"":{""background_clean"":false,""configuration_match"":true,""object_match"":true},""question7"":{""background_clean"":true,""configuration_match"":true,""object_match"":true},""question8"":{""background_clean"":true,""configuration_match"":true,""object_match"":false},""question9"":{""background_clean"":true,""configuration_match"":true,""object_match"":false}}]"
"3MWOYZD5XN2QMRVJWROGUT1UWAJNOP","3PMOF0KIQ9OPLJTQP1WUGXCGLK7KBL","Categorize images based on background and posture.","Review 10 line-arts and judge if it has adequate background and configuration. (10 pairs)","tactile, image review, accessibility, vehicles","$0.08","Sat Apr 18 07:32:18 PDT 2026","7","BatchId:5385911;OriginalHitTemplateId:928390873;","1200","1296000","Sat Apr 25 07:32:18 PDT 2026","","","338JKRMM3ZDBWBD09CTMCYGMPKZAHU","A1LN8392JHDGL5","Submitted","Sat Apr 18 09:55:11 PDT 2026","Sat Apr 18 09:56:42 PDT 2026","Sun May 03 09:56:42 PDT 2026","","","","91","0% (0/0)","0% (0/0)","0% (0/0)","Rocket","https://tactileeval.s3.us-east-1.amazonaws.com/family_datasets/Vehicles_and_Flight_Systems/Rocket/Natural/7.jpeg","https://tactileeval.s3.us-east-1.amazonaws.com/family_datasets/Vehicles_and_Flight_Systems/Rocket/Tactile/7.jpeg","","Rocket","https://tactileeval.s3.us-east-1.amazonaws.com/family_datasets/Vehicles_and_Flight_Systems/Rocket/Natural/8.jpg","https://tactileeval.s3.us-east-1.amazonaws.com/family_datasets/Vehicles_and_Flight_Systems/Rocket/Tactile/8.jpeg","","Rocket","https://tactileeval.s3.us-east-1.amazonaws.com/family_datasets/Vehicles_and_Flight_Systems/Rocket/Natural/9.jpg","https://tactileeval.s3.us-east-1.amazonaws.com/family_datasets/Vehicles_and_Flight_Systems/Rocket/Tactile/9.jpeg","","Rocket","https://tactileeval.s3.us-east-1.amazonaws.com/family_datasets/Vehicles_and_Flight_Systems/Rocket/Natural/10.jpg","https://tactileeval.s3.us-east-1.amazonaws.com/family_datasets/Vehicles_and_Flight_Systems/Rocket/Tactile/10.jpeg","","Rocket","https://tactileeval.s3.us-east-1.amazonaws.com/family_datasets/Vehicles_and_Flight_Systems/Rocket/Natural/11.jpg","https://tactileeval.s3.us-east-1.amazonaws.com/family_datasets/Vehicles_and_Flight_Systems/Rocket/Tactile/11.jpg","","Rocket","https://tactileeval.s3.us-east-1.amazonaws.com/family_datasets/Vehicles_and_Flight_Systems/Rocket/Natural/12.jpg","https://tactileeval.s3.us-east-1.amazonaws.com/family_datasets/Vehicles_and_Flight_Systems/Rocket/Tactile/12.jpeg","","Rocket","https://tactileeval.s3.us-east-1.amazonaws.com/family_datasets/Vehicles_and_Flight_Systems/Rocket/Natural/13.jpg","https://tactileeval.s3.us-east-1.amazonaws.com/family_datasets/Vehicles_and_Flight_Systems/Rocket/Tactile/13.jpg","","Rocket","https://tactileeval.s3.us-east-1.amazonaws.com/family_datasets/Vehicles_and_Flight_Systems/Rocket/Natural/14.jpg","https://tactileeval.s3.us-east-1.amazonaws.com/family_datasets/Vehicles_and_Flight_Systems/Rocket/Tactile/14.jpeg","","Rocket","https://tactileeval.s3.us-east-1.amazonaws.com/family_datasets/Vehicles_and_Flight_Systems/Rocket/Natural/15.jpeg","https://tactileeval.s3.us-east-1.amazonaws.com/family_datasets/Vehicles_and_Flight_Systems/Rocket/Tactile/15.jpeg","","Rocket","https://tactileeval.s3.us-east-1.amazonaws.com/family_datasets/Vehicles_and_Flight_Systems/Rocket/Natural/16.jpg","https://tactileeval.s3.us-east-1.amazonaws.com/family_datasets/Vehicles_and_Flight_Systems/Rocket/Tactile/16.jpeg","","[{""question1"":{""background_clean"":true,""configuration_match"":false,""object_match"":true},""question10"":{""background_clean"":true,""configuration_match"":false,""object_match"":true},""question2"":{""background_clean"":true,""configuration_match"":false,""object_match"":true},""question3"":{""background_clean"":true,""configuration_match"":false,""object_match"":true},""question4"":{""background_clean"":true,""configuration_match"":false,""object_match"":false},""question5"":{""background_clean"":true,""configuration_match"":true,""object_match"":true},""question6"":{""background_clean"":true,""configuration_match"":true,""object_match"":true},""question7"":{""background_clean"":true,""configuration_match"":false,""object_match"":true},""question8"":{""background_clean"":true,""configuration_match"":false,""object_match"":true},""question9"":{""background_clean"":true,""configuration_match"":false,""object_match"":true}}]"
"3MWOYZD5XN2QMRVJWROGUT1UWAJNOP","3PMOF0KIQ9OPLJTQP1WUGXCGLK7KBL","Categorize images based on background and posture.","Review 10 line-arts and judge if it has adequate background and configuration. (10 pairs)","tactile, image review, accessibility, vehicles","$0.08","Sat Apr 18 07:32:18 PDT 2026","7","BatchId:5385911;OriginalHitTemplateId:928390873;","1200","1296000","Sat Apr 25 07:32:18 PDT 2026","","","3P59JYT77EYCWH9RWRHWKZ0COQ4T2I","A9380GKZM50GU","Submitted","Sat Apr 18 10:12:15 PDT 2026","Sat Apr 18 10:18:56 PDT 2026","Sun May 03 10:18:56 PDT 2026","","","","401","0% (0/0)","0% (0/0)","0% (0/0)","Rocket","https://tactileeval.s3.us-east-1.amazonaws.com/family_datasets/Vehicles_and_Flight_Systems/Rocket/Natural/7.jpeg","https://tactileeval.s3.us-east-1.amazonaws.com/family_datasets/Vehicles_and_Flight_Systems/Rocket/Tactile/7.jpeg","","Rocket","https://tactileeval.s3.us-east-1.amazonaws.com/family_datasets/Vehicles_and_Flight_Systems/Rocket/Natural/8.jpg","https://tactileeval.s3.us-east-1.amazonaws.com/family_datasets/Vehicles_and_Flight_Systems/Rocket/Tactile/8.jpeg","","Rocket","https://tactileeval.s3.us-east-1.amazonaws.com/family_datasets/Vehicles_and_Flight_Systems/Rocket/Natural/9.jpg","https://tactileeval.s3.us-east-1.amazonaws.com/family_datasets/Vehicles_and_Flight_Systems/Rocket/Tactile/9.jpeg","","Rocket","https://tactileeval.s3.us-east-1.amazonaws.com/family_datasets/Vehicles_and_Flight_Systems/Rocket/Natural/10.jpg","https://tactileeval.s3.us-east-1.amazonaws.com/family_datasets/Vehicles_and_Flight_Systems/Rocket/Tactile/10.jpeg","","Rocket","https://tactileeval.s3.us-east-1.amazonaws.com/family_datasets/Vehicles_and_Flight_Systems/Rocket/Natural/11.jpg","https://tactileeval.s3.us-east-1.amazonaws.com/family_datasets/Vehicles_and_Flight_Systems/Rocket/Tactile/11.jpg","","Rocket","https://tactileeval.s3.us-east-1.amazonaws.com/family_datasets/Vehicles_and_Flight_Systems/Rocket/Natural/12.jpg","https://tactileeval.s3.us-east-1.amazonaws.com/family_datasets/Vehicles_and_Flight_Systems/Rocket/Tactile/12.jpeg","","Rocket","https://tactileeval.s3.us-east-1.amazonaws.com/family_datasets/Vehicles_and_Flight_Systems/Rocket/Natural/13.jpg","https://tactileeval.s3.us-east-1.amazonaws.com/family_datasets/Vehicles_and_Flight_Systems/Rocket/Tactile/13.jpg","","Rocket","https://tactileeval.s3.us-east-1.amazonaws.com/family_datasets/Vehicles_and_Flight_Systems/Rocket/Natural/14.jpg","https://tactileeval.s3.us-east-1.amazonaws.com/family_datasets/Vehicles_and_Flight_Systems/Rocket/Tactile/14.jpeg","","Rocket","https://tactileeval.s3.us-east-1.amazonaws.com/family_datasets/Vehicles_and_Flight_Systems/Rocket/Natural/15.jpeg","https://tactileeval.s3.us-east-1.amazonaws.com/family_datasets/Vehicles_and_Flight_Systems/Rocket/Tactile/15.jpeg","","Rocket","https://tactileeval.s3.us-east-1.amazonaws.com/family_datasets/Vehicles_and_Flight_Systems/Rocket/Natural/16.jpg","https://tactileeval.s3.us-east-1.amazonaws.com/family_datasets/Vehicles_and_Flight_Systems/Rocket/Tactile/16.jpeg","","[{""question1"":{""background_clean"":true,""configuration_match"":false,""object_match"":true},""question10"":{""background_clean"":true,""configuration_match"":false,""object_match"":true},""question2"":{""background_clean"":true,""configuration_match"":false,""object_match"":true},""question3"":{""background_clean"":true,""configuration_match"":true,""object_match"":true},""question4"":{""background_clean"":true,""configuration_match"":false,""object_match"":true},""question5"":{""background_clean"":true,""configuration_match"":true,""object_match"":true},""question6"":{""background_clean"":true,""configuration_match"":true,""object_match"":true},""question7"":{""background_clean"":true,""configuration_match"":true,""object_match"":true},""question8"":{""background_clean"":true,""configuration_match"":false,""object_match"":true},""question9"":{""background_clean"":true,""configuration_match"":false,""object_match"":true}}]"
"3MWOYZD5XN2QMRVJWROGUT1UWAJNOP","3PMOF0KIQ9OPLJTQP1WUGXCGLK7KBL","Categorize images based on background and posture.","Review 10 line-arts and judge if it has adequate background and configuration. (10 pairs)","tactile, image review, accessibility, vehicles","$0.08","Sat Apr 18 07:32:18 PDT 2026","7","BatchId:5385911;OriginalHitTemplateId:928390873;","1200","1296000","Sat Apr 25 07:32:18 PDT 2026","","","3Y4W8Q93MSYECJBWYB1SH0F1I2CVDC","A2Y0HZSZTQAVDW","Submitted","Sat Apr 18 10:34:53 PDT 2026","Sat Apr 18 10:44:44 PDT 2026","Sun May 03 10:44:44 PDT 2026","","","","591","0% (0/0)","0% (0/0)","0% (0/0)","Rocket","https://tactileeval.s3.us-east-1.amazonaws.com/family_datasets/Vehicles_and_Flight_Systems/Rocket/Natural/7.jpeg","https://tactileeval.s3.us-east-1.amazonaws.com/family_datasets/Vehicles_and_Flight_Systems/Rocket/Tactile/7.jpeg","","Rocket","https://tactileeval.s3.us-east-1.amazonaws.com/family_datasets/Vehicles_and_Flight_Systems/Rocket/Natural/8.jpg","https://tactileeval.s3.us-east-1.amazonaws.com/family_datasets/Vehicles_and_Flight_Systems/Rocket/Tactile/8.jpeg","","Rocket","https://tactileeval.s3.us-east-1.amazonaws.com/family_datasets/Vehicles_and_Flight_Systems/Rocket/Natural/9.jpg","https://tactileeval.s3.us-east-1.amazonaws.com/family_datasets/Vehicles_and_Flight_Systems/Rocket/Tactile/9.jpeg","","Rocket","https://tactileeval.s3.us-east-1.amazonaws.com/family_datasets/Vehicles_and_Flight_Systems/Rocket/Natural/10.jpg","https://tactileeval.s3.us-east-1.amazonaws.com/family_datasets/Vehicles_and_Flight_Systems/Rocket/Tactile/10.jpeg","","Rocket","https://tactileeval.s3.us-east-1.amazonaws.com/family_datasets/Vehicles_and_Flight_Systems/Rocket/Natural/11.jpg","https://tactileeval.s3.us-east-1.amazonaws.com/family_datasets/Vehicles_and_Flight_Systems/Rocket/Tactile/11.jpg","","Rocket","https://tactileeval.s3.us-east-1.amazonaws.com/family_datasets/Vehicles_and_Flight_Systems/Rocket/Natural/12.jpg","https://tactileeval.s3.us-east-1.amazonaws.com/family_datasets/Vehicles_and_Flight_Systems/Rocket/Tactile/12.jpeg","","Rocket","https://tactileeval.s3.us-east-1.amazonaws.com/family_datasets/Vehicles_and_Flight_Systems/Rocket/Natural/13.jpg","https://tactileeval.s3.us-east-1.amazonaws.com/family_datasets/Vehicles_and_Flight_Systems/Rocket/Tactile/13.jpg","","Rocket","https://tactileeval.s3.us-east-1.amazonaws.com/family_datasets/Vehicles_and_Flight_Systems/Rocket/Natural/14.jpg","https://tactileeval.s3.us-east-1.amazonaws.com/family_datasets/Vehicles_and_Flight_Systems/Rocket/Tactile/14.jpeg","","Rocket","https://tactileeval.s3.us-east-1.amazonaws.com/family_datasets/Vehicles_and_Flight_Systems/Rocket/Natural/15.jpeg","https://tactileeval.s3.us-east-1.amazonaws.com/family_datasets/Vehicles_and_Flight_Systems/Rocket/Tactile/15.jpeg","","Rocket","https://tactileeval.s3.us-east-1.amazonaws.com/family_datasets/Vehicles_and_Flight_Systems/Rocket/Natural/16.jpg","https://tactileeval.s3.us-east-1.amazonaws.com/family_datasets/Vehicles_and_Flight_Systems/Rocket/Tactile/16.jpeg","","[{""question1"":{""background_clean"":true,""configuration_match"":false,""object_match"":false},""question10"":{""background_clean"":true,""configuration_match"":false,""object_match"":false},""question2"":{""background_clean"":true,""configuration_match"":false,""object_match"":false},""question3"":{""background_clean"":true,""configuration_match"":false,""object_match"":false},""question4"":{""background_clean"":true,""configuration_match"":false,""object_match"":false},""question5"":{""background_clean"":true,""configuration_match"":true,""object_match"":true},""question6"":{""background_clean"":true,""configuration_match"":false,""object_match"":false},""question7"":{""background_clean"":true,""configuration_match"":false,""object_match"":false},""question8"":{""background_clean"":true,""configuration_match"":false,""object_match"":false},""question9"":{""background_clean"":true,""configuration_match"":false,""object_match"":false}}]"
"3MWOYZD5XN2QMRVJWROGUT1UWAJNOP","3PMOF0KIQ9OPLJTQP1WUGXCGLK7KBL","Categorize images based on background and posture.","Review 10 line-arts and judge if it has adequate background and configuration. (10 pairs)","tactile, image review, accessibility, vehicles","$0.08","Sat Apr 18 07:32:18 PDT 2026","7","BatchId:5385911;OriginalHitTemplateId:928390873;","1200","1296000","Sat Apr 25 07:32:18 PDT 2026","","","35BLDD71JZBHFKGSQTQP8SY46KUVZJ","ADE24F2LKZ61M","Submitted","Sat Apr 18 12:08:52 PDT 2026","Sat Apr 18 12:16:22 PDT 2026","Sun May 03 12:16:22 PDT 2026","","","","450","0% (0/0)","0% (0/0)","0% (0/0)","Rocket","https://tactileeval.s3.us-east-1.amazonaws.com/family_datasets/Vehicles_and_Flight_Systems/Rocket/Natural/7.jpeg","https://tactileeval.s3.us-east-1.amazonaws.com/family_datasets/Vehicles_and_Flight_Systems/Rocket/Tactile/7.jpeg","","Rocket","https://tactileeval.s3.us-east-1.amazonaws.com/family_datasets/Vehicles_and_Flight_Systems/Rocket/Natural/8.jpg","https://tactileeval.s3.us-east-1.amazonaws.com/family_datasets/Vehicles_and_Flight_Systems/Rocket/Tactile/8.jpeg","","Rocket","https://tactileeval.s3.us-east-1.amazonaws.com/family_datasets/Vehicles_and_Flight_Systems/Rocket/Natural/9.jpg","https://tactileeval.s3.us-east-1.amazonaws.com/family_datasets/Vehicles_and_Flight_Systems/Rocket/Tactile/9.jpeg","","Rocket","https://tactileeval.s3.us-east-1.amazonaws.com/family_datasets/Vehicles_and_Flight_Systems/Rocket/Natural/10.jpg","https://tactileeval.s3.us-east-1.amazonaws.com/family_datasets/Vehicles_and_Flight_Systems/Rocket/Tactile/10.jpeg","","Rocket","https://tactileeval.s3.us-east-1.amazonaws.com/family_datasets/Vehicles_and_Flight_Systems/Rocket/Natural/11.jpg","https://tactileeval.s3.us-east-1.amazonaws.com/family_datasets/Vehicles_and_Flight_Systems/Rocket/Tactile/11.jpg","","Rocket","https://tactileeval.s3.us-east-1.amazonaws.com/family_datasets/Vehicles_and_Flight_Systems/Rocket/Natural/12.jpg","https://tactileeval.s3.us-east-1.amazonaws.com/family_datasets/Vehicles_and_Flight_Systems/Rocket/Tactile/12.jpeg","","Rocket","https://tactileeval.s3.us-east-1.amazonaws.com/family_datasets/Vehicles_and_Flight_Systems/Rocket/Natural/13.jpg","https://tactileeval.s3.us-east-1.amazonaws.com/family_datasets/Vehicles_and_Flight_Systems/Rocket/Tactile/13.jpg","","Rocket","https://tactileeval.s3.us-east-1.amazonaws.com/family_datasets/Vehicles_and_Flight_Systems/Rocket/Natural/14.jpg","https://tactileeval.s3.us-east-1.amazonaws.com/family_datasets/Vehicles_and_Flight_Systems/Rocket/Tactile/14.jpeg","","Rocket","https://tactileeval.s3.us-east-1.amazonaws.com/family_datasets/Vehicles_and_Flight_Systems/Rocket/Natural/15.jpeg","https://tactileeval.s3.us-east-1.amazonaws.com/family_datasets/Vehicles_and_Flight_Systems/Rocket/Tactile/15.jpeg","","Rocket","https://tactileeval.s3.us-east-1.amazonaws.com/family_datasets/Vehicles_and_Flight_Systems/Rocket/Natural/16.jpg","https://tactileeval.s3.us-east-1.amazonaws.com/family_datasets/Vehicles_and_Flight_Systems/Rocket/Tactile/16.jpeg","","[{""question1"":{""background_clean"":false,""configuration_match"":false,""object_match"":true},""question10"":{""background_clean"":false,""configuration_match"":false,""object_match"":true},""question2"":{""background_clean"":false,""configuration_match"":false,""object_match"":true},""question3"":{""background_clean"":false,""configuration_match"":false,""object_match"":true},""question4"":{""background_clean"":false,""configuration_match"":false,""object_match"":true},""question5"":{""background_clean"":false,""configuration_match"":true,""object_match"":true},""question6"":{""background_clean"":false,""configuration_match"":true,""object_match"":true},""question7"":{""background_clean"":false,""configuration_match"":false,""object_match"":true},""question8"":{""background_clean"":false,""configuration_match"":false,""object_match"":true},""question9"":{""background_clean"":false,""configuration_match"":false,""object_match"":true}}]"
"3MWOYZD5XN2QMRVJWROGUT1UWAJNOP","3PMOF0KIQ9OPLJTQP1WUGXCGLK7KBL","Categorize images based on background and posture.","Review 10 line-arts and judge if it has adequate background and configuration. (10 pairs)","tactile, image review, accessibility, vehicles","$0.08","Sat Apr 18 07:32:18 PDT 2026","7","BatchId:5385911;OriginalHitTemplateId:928390873;","1200","1296000","Sat Apr 25 07:32:18 PDT 2026","","","35DR22AR66Y8YGEU51WYSCQA7083X2","A32BQKMVUH8ZYJ","Submitted","Sat Apr 18 13:36:09 PDT 2026","Sat Apr 18 13:54:25 PDT 2026","Sun May 03 13:54:25 PDT 2026","","","","1096","0% (0/0)","0% (0/0)","0% (0/0)","Rocket","https://tactileeval.s3.us-east-1.amazonaws.com/family_datasets/Vehicles_and_Flight_Systems/Rocket/Natural/7.jpeg","https://tactileeval.s3.us-east-1.amazonaws.com/family_datasets/Vehicles_and_Flight_Systems/Rocket/Tactile/7.jpeg","","Rocket","https://tactileeval.s3.us-east-1.amazonaws.com/family_datasets/Vehicles_and_Flight_Systems/Rocket/Natural/8.jpg","https://tactileeval.s3.us-east-1.amazonaws.com/family_datasets/Vehicles_and_Flight_Systems/Rocket/Tactile/8.jpeg","","Rocket","https://tactileeval.s3.us-east-1.amazonaws.com/family_datasets/Vehicles_and_Flight_Systems/Rocket/Natural/9.jpg","https://tactileeval.s3.us-east-1.amazonaws.com/family_datasets/Vehicles_and_Flight_Systems/Rocket/Tactile/9.jpeg","","Rocket","https://tactileeval.s3.us-east-1.amazonaws.com/family_datasets/Vehicles_and_Flight_Systems/Rocket/Natural/10.jpg","https://tactileeval.s3.us-east-1.amazonaws.com/family_datasets/Vehicles_and_Flight_Systems/Rocket/Tactile/10.jpeg","","Rocket","https://tactileeval.s3.us-east-1.amazonaws.com/family_datasets/Vehicles_and_Flight_Systems/Rocket/Natural/11.jpg","https://tactileeval.s3.us-east-1.amazonaws.com/family_datasets/Vehicles_and_Flight_Systems/Rocket/Tactile/11.jpg","","Rocket","https://tactileeval.s3.us-east-1.amazonaws.com/family_datasets/Vehicles_and_Flight_Systems/Rocket/Natural/12.jpg","https://tactileeval.s3.us-east-1.amazonaws.com/family_datasets/Vehicles_and_Flight_Systems/Rocket/Tactile/12.jpeg","","Rocket","https://tactileeval.s3.us-east-1.amazonaws.com/family_datasets/Vehicles_and_Flight_Systems/Rocket/Natural/13.jpg","https://tactileeval.s3.us-east-1.amazonaws.com/family_datasets/Vehicles_and_Flight_Systems/Rocket/Tactile/13.jpg","","Rocket","https://tactileeval.s3.us-east-1.amazonaws.com/family_datasets/Vehicles_and_Flight_Systems/Rocket/Natural/14.jpg","https://tactileeval.s3.us-east-1.amazonaws.com/family_datasets/Vehicles_and_Flight_Systems/Rocket/Tactile/14.jpeg","","Rocket","https://tactileeval.s3.us-east-1.amazonaws.com/family_datasets/Vehicles_and_Flight_Systems/Rocket/Natural/15.jpeg","https://tactileeval.s3.us-east-1.amazonaws.com/family_datasets/Vehicles_and_Flight_Systems/Rocket/Tactile/15.jpeg","","Rocket","https://tactileeval.s3.us-east-1.amazonaws.com/family_datasets/Vehicles_and_Flight_Systems/Rocket/Natural/16.jpg","https://tactileeval.s3.us-east-1.amazonaws.com/family_datasets/Vehicles_and_Flight_Systems/Rocket/Tactile/16.jpeg","","[{""question1"":{""background_clean"":false,""configuration_match"":false,""object_match"":true},""question10"":{""background_clean"":false,""configuration_match"":false,""object_match"":true},""question2"":{""background_clean"":false,""configuration_match"":false,""object_match"":true},""question3"":{""background_clean"":false,""configuration_match"":true,""object_match"":false},""question4"":{""background_clean"":false,""configuration_match"":true,""object_match"":false},""question5"":{""background_clean"":false,""configuration_match"":true,""object_match"":false},""question6"":{""background_clean"":false,""configuration_match"":true,""object_match"":false},""question7"":{""background_clean"":false,""configuration_match"":false,""object_match"":true},""question8"":{""background_clean"":false,""configuration_match"":false,""object_match"":true},""question9"":{""background_clean"":false,""configuration_match"":true,""object_match"":false}}]"
"3T6SSHJU07OOC49P1GYJ5O9RY2QII9","3PMOF0KIQ9OPLJTQP1WUGXCGLK7KBL","Categorize images based on background and posture.","Review 10 line-arts and judge if it has adequate background and configuration. (10 pairs)","tactile, image review, accessibility, vehicles","$0.08","Sat Apr 18 07:32:18 PDT 2026","7","BatchId:5385911;OriginalHitTemplateId:928390873;","1200","1296000","Sat Apr 25 07:32:18 PDT 2026","","","3ITXP059QPXBNDUKECIY9BQ7OHQSJR","A1KXF2L2ZGQXJK","Submitted","Sat Apr 18 07:50:30 PDT 2026","Sat Apr 18 07:51:49 PDT 2026","Sun May 03 07:51:49 PDT 2026","","","","79","0% (0/0)","0% (0/0)","0% (0/0)","Rocket","https://tactileeval.s3.us-east-1.amazonaws.com/family_datasets/Vehicles_and_Flight_Systems/Rocket/Natural/17.jpg","https://tactileeval.s3.us-east-1.amazonaws.com/family_datasets/Vehicles_and_Flight_Systems/Rocket/Tactile/17.jpeg","","Rocket","https://tactileeval.s3.us-east-1.amazonaws.com/family_datasets/Vehicles_and_Flight_Systems/Rocket/Natural/18.jpg","https://tactileeval.s3.us-east-1.amazonaws.com/family_datasets/Vehicles_and_Flight_Systems/Rocket/Tactile/18.jpeg","","Rocket","https://tactileeval.s3.us-east-1.amazonaws.com/family_datasets/Vehicles_and_Flight_Systems/Rocket/Natural/19.jpg","https://tactileeval.s3.us-east-1.amazonaws.com/family_datasets/Vehicles_and_Flight_Systems/Rocket/Tactile/19.jpeg","","Rocket","https://tactileeval.s3.us-east-1.amazonaws.com/family_datasets/Vehicles_and_Flight_Systems/Rocket/Natural/20.jpg","https://tactileeval.s3.us-east-1.amazonaws.com/family_datasets/Vehicles_and_Flight_Systems/Rocket/Tactile/20.jpeg","","Rocket","https://tactileeval.s3.us-east-1.amazonaws.com/family_datasets/Vehicles_and_Flight_Systems/Rocket/Natural/21.jpg","https://tactileeval.s3.us-east-1.amazonaws.com/family_datasets/Vehicles_and_Flight_Systems/Rocket/Tactile/21.jpeg","","Rocket","https://tactileeval.s3.us-east-1.amazonaws.com/family_datasets/Vehicles_and_Flight_Systems/Rocket/Natural/22.jpg","https://tactileeval.s3.us-east-1.amazonaws.com/family_datasets/Vehicles_and_Flight_Systems/Rocket/Tactile/22.jpeg","","Rocket","https://tactileeval.s3.us-east-1.amazonaws.com/family_datasets/Vehicles_and_Flight_Systems/Rocket/Natural/23.jpg","https://tactileeval.s3.us-east-1.amazonaws.com/family_datasets/Vehicles_and_Flight_Systems/Rocket/Tactile/23.jpeg","","Satellite","https://tactileeval.s3.us-east-1.amazonaws.com/family_datasets/Vehicles_and_Flight_Systems/Satellite/Natural/1.png","https://tactileeval.s3.us-east-1.amazonaws.com/family_datasets/Vehicles_and_Flight_Systems/Satellite/Tactile/1.jpeg","","Satellite","https://tactileeval.s3.us-east-1.amazonaws.com/family_datasets/Vehicles_and_Flight_Systems/Satellite/Natural/2.jpg","https://tactileeval.s3.us-east-1.amazonaws.com/family_datasets/Vehicles_and_Flight_Systems/Satellite/Tactile/2.jpeg","","Satellite","https://tactileeval.s3.us-east-1.amazonaws.com/family_datasets/Vehicles_and_Flight_Systems/Satellite/Natural/3.jpg","https://tactileeval.s3.us-east-1.amazonaws.com/family_datasets/Vehicles_and_Flight_Systems/Satellite/Tactile/3.jpeg","","[{""question1"":{""background_clean"":true,""configuration_match"":true,""object_match"":false},""question10"":{""background_clean"":true,""configuration_match"":false,""object_match"":false},""question2"":{""background_clean"":true,""configuration_match"":true,""object_match"":false},""question3"":{""background_clean"":true,""configuration_match"":true,""object_match"":false},""question4"":{""background_clean"":true,""configuration_match"":true,""object_match"":false},""question5"":{""background_clean"":true,""configuration_match"":true,""object_match"":false},""question6"":{""background_clean"":true,""configuration_match"":true,""object_match"":false},""question7"":{""background_clean"":true,""configuration_match"":false,""object_match"":false},""question8"":{""background_clean"":true,""configuration_match"":true,""object_match"":false},""question9"":{""background_clean"":true,""configuration_match"":false,""object_match"":false}}]"
"3T6SSHJU07OOC49P1GYJ5O9RY2QII9","3PMOF0KIQ9OPLJTQP1WUGXCGLK7KBL","Categorize images based on background and posture.","Review 10 line-arts and judge if it has adequate background and configuration. (10 pairs)","tactile, image review, accessibility, vehicles","$0.08","Sat Apr 18 07:32:18 PDT 2026","7","BatchId:5385911;OriginalHitTemplateId:928390873;","1200","1296000","Sat Apr 25 07:32:18 PDT 2026","","","3EFVCAY5MWNT4TFB0ECTSKQ6CO1J82","A2FK6782M09EBO","Submitted","Sat Apr 18 09:45:09 PDT 2026","Sat Apr 18 09:54:21 PDT 2026","Sun May 03 09:54:21 PDT 2026","","","","552","93% (65/70)","93% (65/70)","93% (65/70)","Rocket","https://tactileeval.s3.us-east-1.amazonaws.com/family_datasets/Vehicles_and_Flight_Systems/Rocket/Natural/17.jpg","https://tactileeval.s3.us-east-1.amazonaws.com/family_datasets/Vehicles_and_Flight_Systems/Rocket/Tactile/17.jpeg","","Rocket","https://tactileeval.s3.us-east-1.amazonaws.com/family_datasets/Vehicles_and_Flight_Systems/Rocket/Natural/18.jpg","https://tactileeval.s3.us-east-1.amazonaws.com/family_datasets/Vehicles_and_Flight_Systems/Rocket/Tactile/18.jpeg","","Rocket","https://tactileeval.s3.us-east-1.amazonaws.com/family_datasets/Vehicles_and_Flight_Systems/Rocket/Natural/19.jpg","https://tactileeval.s3.us-east-1.amazonaws.com/family_datasets/Vehicles_and_Flight_Systems/Rocket/Tactile/19.jpeg","","Rocket","https://tactileeval.s3.us-east-1.amazonaws.com/family_datasets/Vehicles_and_Flight_Systems/Rocket/Natural/20.jpg","https://tactileeval.s3.us-east-1.amazonaws.com/family_datasets/Vehicles_and_Flight_Systems/Rocket/Tactile/20.jpeg","","Rocket","https://tactileeval.s3.us-east-1.amazonaws.com/family_datasets/Vehicles_and_Flight_Systems/Rocket/Natural/21.jpg","https://tactileeval.s3.us-east-1.amazonaws.com/family_datasets/Vehicles_and_Flight_Systems/Rocket/Tactile/21.jpeg","","Rocket","https://tactileeval.s3.us-east-1.amazonaws.com/family_datasets/Vehicles_and_Flight_Systems/Rocket/Natural/22.jpg","https://tactileeval.s3.us-east-1.amazonaws.com/family_datasets/Vehicles_and_Flight_Systems/Rocket/Tactile/22.jpeg","","Rocket","https://tactileeval.s3.us-east-1.amazonaws.com/family_datasets/Vehicles_and_Flight_Systems/Rocket/Natural/23.jpg","https://tactileeval.s3.us-east-1.amazonaws.com/family_datasets/Vehicles_and_Flight_Systems/Rocket/Tactile/23.jpeg","","Satellite","https://tactileeval.s3.us-east-1.amazonaws.com/family_datasets/Vehicles_and_Flight_Systems/Satellite/Natural/1.png","https://tactileeval.s3.us-east-1.amazonaws.com/family_datasets/Vehicles_and_Flight_Systems/Satellite/Tactile/1.jpeg","","Satellite","https://tactileeval.s3.us-east-1.amazonaws.com/family_datasets/Vehicles_and_Flight_Systems/Satellite/Natural/2.jpg","https://tactileeval.s3.us-east-1.amazonaws.com/family_datasets/Vehicles_and_Flight_Systems/Satellite/Tactile/2.jpeg","","Satellite","https://tactileeval.s3.us-east-1.amazonaws.com/family_datasets/Vehicles_and_Flight_Systems/Satellite/Natural/3.jpg","https://tactileeval.s3.us-east-1.amazonaws.com/family_datasets/Vehicles_and_Flight_Systems/Satellite/Tactile/3.jpeg","","[{""question1"":{""background_clean"":true,""configuration_match"":true,""object_match"":false},""question10"":{""background_clean"":true,""configuration_match"":true,""object_match"":false},""question2"":{""background_clean"":true,""configuration_match"":true,""object_match"":false},""question3"":{""background_clean"":true,""configuration_match"":true,""object_match"":false},""question4"":{""background_clean"":true,""configuration_match"":true,""object_match"":false},""question5"":{""background_clean"":true,""configuration_match"":true,""object_match"":false},""question6"":{""background_clean"":true,""configuration_match"":true,""object_match"":false},""question7"":{""background_clean"":true,""configuration_match"":false,""object_match"":false},""question8"":{""background_clean"":true,""configuration_match"":true,""object_match"":true},""question9"":{""background_clean"":true,""configuration_match"":true,""object_match"":true}}]"
"3T6SSHJU07OOC49P1GYJ5O9RY2QII9","3PMOF0KIQ9OPLJTQP1WUGXCGLK7KBL","Categorize images based on background and posture.","Review 10 line-arts and judge if it has adequate background and configuration. (10 pairs)","tactile, image review, accessibility, vehicles","$0.08","Sat Apr 18 07:32:18 PDT 2026","7","BatchId:5385911;OriginalHitTemplateId:928390873;","1200","1296000","Sat Apr 25 07:32:18 PDT 2026","","","384PI804YLF4L7TYS48SR6BBP940SE","A1LN8392JHDGL5","Submitted","Sat Apr 18 09:55:12 PDT 2026","Sat Apr 18 09:58:07 PDT 2026","Sun May 03 09:58:07 PDT 2026","","","","175","0% (0/0)","0% (0/0)","0% (0/0)","Rocket","https://tactileeval.s3.us-east-1.amazonaws.com/family_datasets/Vehicles_and_Flight_Systems/Rocket/Natural/17.jpg","https://tactileeval.s3.us-east-1.amazonaws.com/family_datasets/Vehicles_and_Flight_Systems/Rocket/Tactile/17.jpeg","","Rocket","https://tactileeval.s3.us-east-1.amazonaws.com/family_datasets/Vehicles_and_Flight_Systems/Rocket/Natural/18.jpg","https://tactileeval.s3.us-east-1.amazonaws.com/family_datasets/Vehicles_and_Flight_Systems/Rocket/Tactile/18.jpeg","","Rocket","https://tactileeval.s3.us-east-1.amazonaws.com/family_datasets/Vehicles_and_Flight_Systems/Rocket/Natural/19.jpg","https://tactileeval.s3.us-east-1.amazonaws.com/family_datasets/Vehicles_and_Flight_Systems/Rocket/Tactile/19.jpeg","","Rocket","https://tactileeval.s3.us-east-1.amazonaws.com/family_datasets/Vehicles_and_Flight_Systems/Rocket/Natural/20.jpg","https://tactileeval.s3.us-east-1.amazonaws.com/family_datasets/Vehicles_and_Flight_Systems/Rocket/Tactile/20.jpeg","","Rocket","https://tactileeval.s3.us-east-1.amazonaws.com/family_datasets/Vehicles_and_Flight_Systems/Rocket/Natural/21.jpg","https://tactileeval.s3.us-east-1.amazonaws.com/family_datasets/Vehicles_and_Flight_Systems/Rocket/Tactile/21.jpeg","","Rocket","https://tactileeval.s3.us-east-1.amazonaws.com/family_datasets/Vehicles_and_Flight_Systems/Rocket/Natural/22.jpg","https://tactileeval.s3.us-east-1.amazonaws.com/family_datasets/Vehicles_and_Flight_Systems/Rocket/Tactile/22.jpeg","","Rocket","https://tactileeval.s3.us-east-1.amazonaws.com/family_datasets/Vehicles_and_Flight_Systems/Rocket/Natural/23.jpg","https://tactileeval.s3.us-east-1.amazonaws.com/family_datasets/Vehicles_and_Flight_Systems/Rocket/Tactile/23.jpeg","","Satellite","https://tactileeval.s3.us-east-1.amazonaws.com/family_datasets/Vehicles_and_Flight_Systems/Satellite/Natural/1.png","https://tactileeval.s3.us-east-1.amazonaws.com/family_datasets/Vehicles_and_Flight_Systems/Satellite/Tactile/1.jpeg","","Satellite","https://tactileeval.s3.us-east-1.amazonaws.com/family_datasets/Vehicles_and_Flight_Systems/Satellite/Natural/2.jpg","https://tactileeval.s3.us-east-1.amazonaws.com/family_datasets/Vehicles_and_Flight_Systems/Satellite/Tactile/2.jpeg","","Satellite","https://tactileeval.s3.us-east-1.amazonaws.com/family_datasets/Vehicles_and_Flight_Systems/Satellite/Natural/3.jpg","https://tactileeval.s3.us-east-1.amazonaws.com/family_datasets/Vehicles_and_Flight_Systems/Satellite/Tactile/3.jpeg","","[{""question1"":{""background_clean"":true,""configuration_match"":false,""object_match"":true},""question10"":{""background_clean"":true,""configuration_match"":false,""object_match"":true},""question2"":{""background_clean"":true,""configuration_match"":false,""object_match"":true},""question3"":{""background_clean"":true,""configuration_match"":false,""object_match"":true},""question4"":{""background_clean"":true,""configuration_match"":false,""object_match"":true},""question5"":{""background_clean"":true,""configuration_match"":false,""object_match"":false},""question6"":{""background_clean"":true,""configuration_match"":false,""object_match"":false},""question7"":{""background_clean"":true,""configuration_match"":false,""object_match"":true},""question8"":{""background_clean"":true,""configuration_match"":false,""object_match"":true},""question9"":{""background_clean"":true,""configuration_match"":false,""object_match"":true}}]"
"3T6SSHJU07OOC49P1GYJ5O9RY2QII9","3PMOF0KIQ9OPLJTQP1WUGXCGLK7KBL","Categorize images based on background and posture.","Review 10 line-arts and judge if it has adequate background and configuration. (10 pairs)","tactile, image review, accessibility, vehicles","$0.08","Sat Apr 18 07:32:18 PDT 2026","7","BatchId:5385911;OriginalHitTemplateId:928390873;","1200","1296000","Sat Apr 25 07:32:18 PDT 2026","","","35H6S234T3EYTGH2IXB17WBAOSO56O","A2Y0HZSZTQAVDW","Submitted","Sat Apr 18 10:34:55 PDT 2026","Sat Apr 18 10:45:47 PDT 2026","Sun May 03 10:45:47 PDT 2026","","","","652","0% (0/0)","0% (0/0)","0% (0/0)","Rocket","https://tactileeval.s3.us-east-1.amazonaws.com/family_datasets/Vehicles_and_Flight_Systems/Rocket/Natural/17.jpg","https://tactileeval.s3.us-east-1.amazonaws.com/family_datasets/Vehicles_and_Flight_Systems/Rocket/Tactile/17.jpeg","","Rocket","https://tactileeval.s3.us-east-1.amazonaws.com/family_datasets/Vehicles_and_Flight_Systems/Rocket/Natural/18.jpg","https://tactileeval.s3.us-east-1.amazonaws.com/family_datasets/Vehicles_and_Flight_Systems/Rocket/Tactile/18.jpeg","","Rocket","https://tactileeval.s3.us-east-1.amazonaws.com/family_datasets/Vehicles_and_Flight_Systems/Rocket/Natural/19.jpg","https://tactileeval.s3.us-east-1.amazonaws.com/family_datasets/Vehicles_and_Flight_Systems/Rocket/Tactile/19.jpeg","","Rocket","https://tactileeval.s3.us-east-1.amazonaws.com/family_datasets/Vehicles_and_Flight_Systems/Rocket/Natural/20.jpg","https://tactileeval.s3.us-east-1.amazonaws.com/family_datasets/Vehicles_and_Flight_Systems/Rocket/Tactile/20.jpeg","","Rocket","https://tactileeval.s3.us-east-1.amazonaws.com/family_datasets/Vehicles_and_Flight_Systems/Rocket/Natural/21.jpg","https://tactileeval.s3.us-east-1.amazonaws.com/family_datasets/Vehicles_and_Flight_Systems/Rocket/Tactile/21.jpeg","","Rocket","https://tactileeval.s3.us-east-1.amazonaws.com/family_datasets/Vehicles_and_Flight_Systems/Rocket/Natural/22.jpg","https://tactileeval.s3.us-east-1.amazonaws.com/family_datasets/Vehicles_and_Flight_Systems/Rocket/Tactile/22.jpeg","","Rocket","https://tactileeval.s3.us-east-1.amazonaws.com/family_datasets/Vehicles_and_Flight_Systems/Rocket/Natural/23.jpg","https://tactileeval.s3.us-east-1.amazonaws.com/family_datasets/Vehicles_and_Flight_Systems/Rocket/Tactile/23.jpeg","","Satellite","https://tactileeval.s3.us-east-1.amazonaws.com/family_datasets/Vehicles_and_Flight_Systems/Satellite/Natural/1.png","https://tactileeval.s3.us-east-1.amazonaws.com/family_datasets/Vehicles_and_Flight_Systems/Satellite/Tactile/1.jpeg","","Satellite","https://tactileeval.s3.us-east-1.amazonaws.com/family_datasets/Vehicles_and_Flight_Systems/Satellite/Natural/2.jpg","https://tactileeval.s3.us-east-1.amazonaws.com/family_datasets/Vehicles_and_Flight_Systems/Satellite/Tactile/2.jpeg","","Satellite","https://tactileeval.s3.us-east-1.amazonaws.com/family_datasets/Vehicles_and_Flight_Systems/Satellite/Natural/3.jpg","https://tactileeval.s3.us-east-1.amazonaws.com/family_datasets/Vehicles_and_Flight_Systems/Satellite/Tactile/3.jpeg","","[{""question1"":{""background_clean"":true,""configuration_match"":false,""object_match"":false},""question10"":{""background_clean"":true,""configuration_match"":false,""object_match"":false},""question2"":{""background_clean"":true,""configuration_match"":false,""object_match"":false},""question3"":{""background_clean"":true,""configuration_match"":false,""object_match"":false},""question4"":{""background_clean"":true,""configuration_match"":false,""object_match"":false},""question5"":{""background_clean"":true,""configuration_match"":false,""object_match"":false},""question6"":{""background_clean"":true,""configuration_match"":false,""object_match"":false},""question7"":{""background_clean"":true,""configuration_match"":false,""object_match"":false},""question8"":{""background_clean"":true,""configuration_match"":false,""object_match"":false},""question9"":{""background_clean"":true,""configuration_match"":false,""object_match"":false}}]"
"3T6SSHJU07OOC49P1GYJ5O9RY2QII9","3PMOF0KIQ9OPLJTQP1WUGXCGLK7KBL","Categorize images based on background and posture.","Review 10 line-arts and judge if it has adequate background and configuration. (10 pairs)","tactile, image review, accessibility, vehicles","$0.08","Sat Apr 18 07:32:18 PDT 2026","7","BatchId:5385911;OriginalHitTemplateId:928390873;","1200","1296000","Sat Apr 25 07:32:18 PDT 2026","","","3DPNQGW4METGXXD24SSR245WOWY46N","A9380GKZM50GU","Submitted","Sat Apr 18 11:26:20 PDT 2026","Sat Apr 18 11:28:54 PDT 2026","Sun May 03 11:28:54 PDT 2026","","","","154","0% (0/0)","0% (0/0)","0% (0/0)","Rocket","https://tactileeval.s3.us-east-1.amazonaws.com/family_datasets/Vehicles_and_Flight_Systems/Rocket/Natural/17.jpg","https://tactileeval.s3.us-east-1.amazonaws.com/family_datasets/Vehicles_and_Flight_Systems/Rocket/Tactile/17.jpeg","","Rocket","https://tactileeval.s3.us-east-1.amazonaws.com/family_datasets/Vehicles_and_Flight_Systems/Rocket/Natural/18.jpg","https://tactileeval.s3.us-east-1.amazonaws.com/family_datasets/Vehicles_and_Flight_Systems/Rocket/Tactile/18.jpeg","","Rocket","https://tactileeval.s3.us-east-1.amazonaws.com/family_datasets/Vehicles_and_Flight_Systems/Rocket/Natural/19.jpg","https://tactileeval.s3.us-east-1.amazonaws.com/family_datasets/Vehicles_and_Flight_Systems/Rocket/Tactile/19.jpeg","","Rocket","https://tactileeval.s3.us-east-1.amazonaws.com/family_datasets/Vehicles_and_Flight_Systems/Rocket/Natural/20.jpg","https://tactileeval.s3.us-east-1.amazonaws.com/family_datasets/Vehicles_and_Flight_Systems/Rocket/Tactile/20.jpeg","","Rocket","https://tactileeval.s3.us-east-1.amazonaws.com/family_datasets/Vehicles_and_Flight_Systems/Rocket/Natural/21.jpg","https://tactileeval.s3.us-east-1.amazonaws.com/family_datasets/Vehicles_and_Flight_Systems/Rocket/Tactile/21.jpeg","","Rocket","https://tactileeval.s3.us-east-1.amazonaws.com/family_datasets/Vehicles_and_Flight_Systems/Rocket/Natural/22.jpg","https://tactileeval.s3.us-east-1.amazonaws.com/family_datasets/Vehicles_and_Flight_Systems/Rocket/Tactile/22.jpeg","","Rocket","https://tactileeval.s3.us-east-1.amazonaws.com/family_datasets/Vehicles_and_Flight_Systems/Rocket/Natural/23.jpg","https://tactileeval.s3.us-east-1.amazonaws.com/family_datasets/Vehicles_and_Flight_Systems/Rocket/Tactile/23.jpeg","","Satellite","https://tactileeval.s3.us-east-1.amazonaws.com/family_datasets/Vehicles_and_Flight_Systems/Satellite/Natural/1.png","https://tactileeval.s3.us-east-1.amazonaws.com/family_datasets/Vehicles_and_Flight_Systems/Satellite/Tactile/1.jpeg","","Satellite","https://tactileeval.s3.us-east-1.amazonaws.com/family_datasets/Vehicles_and_Flight_Systems/Satellite/Natural/2.jpg","https://tactileeval.s3.us-east-1.amazonaws.com/family_datasets/Vehicles_and_Flight_Systems/Satellite/Tactile/2.jpeg","","Satellite","https://tactileeval.s3.us-east-1.amazonaws.com/family_datasets/Vehicles_and_Flight_Systems/Satellite/Natural/3.jpg","https://tactileeval.s3.us-east-1.amazonaws.com/family_datasets/Vehicles_and_Flight_Systems/Satellite/Tactile/3.jpeg","","[{""question1"":{""background_clean"":true,""configuration_match"":false,""object_match"":true},""question10"":{""background_clean"":true,""configuration_match"":false,""object_match"":true},""question2"":{""background_clean"":true,""configuration_match"":false,""object_match"":true},""question3"":{""background_clean"":true,""configuration_match"":false,""object_match"":true},""question4"":{""background_clean"":true,""configuration_match"":false,""object_match"":true},""question5"":{""background_clean"":true,""configuration_match"":false,""object_match"":true},""question6"":{""background_clean"":true,""configuration_match"":false,""object_match"":true},""question7"":{""background_clean"":true,""configuration_match"":false,""object_match"":true},""question8"":{""background_clean"":true,""configuration_match"":false,""object_match"":true},""question9"":{""background_clean"":true,""configuration_match"":false,""object_match"":true}}]"
"3T6SSHJU07OOC49P1GYJ5O9RY2QII9","3PMOF0KIQ9OPLJTQP1WUGXCGLK7KBL","Categorize images based on background and posture.","Review 10 line-arts and judge if it has adequate background and configuration. (10 pairs)","tactile, image review, accessibility, vehicles","$0.08","Sat Apr 18 07:32:18 PDT 2026","7","BatchId:5385911;OriginalHitTemplateId:928390873;","1200","1296000","Sat Apr 25 07:32:18 PDT 2026","","","3QRYMNZ7GRV8L3YKIAFGCN3AZLATNO","A32BQKMVUH8ZYJ","Submitted","Sat Apr 18 13:36:00 PDT 2026","Sat Apr 18 13:46:01 PDT 2026","Sun May 03 13:46:01 PDT 2026","","","","601","0% (0/0)","0% (0/0)","0% (0/0)","Rocket","https://tactileeval.s3.us-east-1.amazonaws.com/family_datasets/Vehicles_and_Flight_Systems/Rocket/Natural/17.jpg","https://tactileeval.s3.us-east-1.amazonaws.com/family_datasets/Vehicles_and_Flight_Systems/Rocket/Tactile/17.jpeg","","Rocket","https://tactileeval.s3.us-east-1.amazonaws.com/family_datasets/Vehicles_and_Flight_Systems/Rocket/Natural/18.jpg","https://tactileeval.s3.us-east-1.amazonaws.com/family_datasets/Vehicles_and_Flight_Systems/Rocket/Tactile/18.jpeg","","Rocket","https://tactileeval.s3.us-east-1.amazonaws.com/family_datasets/Vehicles_and_Flight_Systems/Rocket/Natural/19.jpg","https://tactileeval.s3.us-east-1.amazonaws.com/family_datasets/Vehicles_and_Flight_Systems/Rocket/Tactile/19.jpeg","","Rocket","https://tactileeval.s3.us-east-1.amazonaws.com/family_datasets/Vehicles_and_Flight_Systems/Rocket/Natural/20.jpg","https://tactileeval.s3.us-east-1.amazonaws.com/family_datasets/Vehicles_and_Flight_Systems/Rocket/Tactile/20.jpeg","","Rocket","https://tactileeval.s3.us-east-1.amazonaws.com/family_datasets/Vehicles_and_Flight_Systems/Rocket/Natural/21.jpg","https://tactileeval.s3.us-east-1.amazonaws.com/family_datasets/Vehicles_and_Flight_Systems/Rocket/Tactile/21.jpeg","","Rocket","https://tactileeval.s3.us-east-1.amazonaws.com/family_datasets/Vehicles_and_Flight_Systems/Rocket/Natural/22.jpg","https://tactileeval.s3.us-east-1.amazonaws.com/family_datasets/Vehicles_and_Flight_Systems/Rocket/Tactile/22.jpeg","","Rocket","https://tactileeval.s3.us-east-1.amazonaws.com/family_datasets/Vehicles_and_Flight_Systems/Rocket/Natural/23.jpg","https://tactileeval.s3.us-east-1.amazonaws.com/family_datasets/Vehicles_and_Flight_Systems/Rocket/Tactile/23.jpeg","","Satellite","https://tactileeval.s3.us-east-1.amazonaws.com/family_datasets/Vehicles_and_Flight_Systems/Satellite/Natural/1.png","https://tactileeval.s3.us-east-1.amazonaws.com/family_datasets/Vehicles_and_Flight_Systems/Satellite/Tactile/1.jpeg","","Satellite","https://tactileeval.s3.us-east-1.amazonaws.com/family_datasets/Vehicles_and_Flight_Systems/Satellite/Natural/2.jpg","https://tactileeval.s3.us-east-1.amazonaws.com/family_datasets/Vehicles_and_Flight_Systems/Satellite/Tactile/2.jpeg","","Satellite","https://tactileeval.s3.us-east-1.amazonaws.com/family_datasets/Vehicles_and_Flight_Systems/Satellite/Natural/3.jpg","https://tactileeval.s3.us-east-1.amazonaws.com/family_datasets/Vehicles_and_Flight_Systems/Satellite/Tactile/3.jpeg","","[{""question1"":{""background_clean"":true,""configuration_match"":false,""object_match"":false},""question10"":{""background_clean"":false,""configuration_match"":true,""object_match"":false},""question2"":{""background_clean"":false,""configuration_match"":true,""object_match"":false},""question3"":{""background_clean"":true,""configuration_match"":false,""object_match"":false},""question4"":{""background_clean"":false,""configuration_match"":true,""object_match"":false},""question5"":{""background_clean"":false,""configuration_match"":false,""object_match"":true},""question6"":{""background_clean"":false,""configuration_match"":false,""object_match"":true},""question7"":{""background_clean"":false,""configuration_match"":false,""object_match"":true},""question8"":{""background_clean"":false,""configuration_match"":true,""object_match"":false},""question9"":{""background_clean"":false,""configuration_match"":false,""object_match"":true}}]"
"3T6SSHJU07OOC49P1GYJ5O9RY2QII9","3PMOF0KIQ9OPLJTQP1WUGXCGLK7KBL","Categorize images based on background and posture.","Review 10 line-arts and judge if it has adequate background and configuration. (10 pairs)","tactile, image review, accessibility, vehicles","$0.08","Sat Apr 18 07:32:18 PDT 2026","7","BatchId:5385911;OriginalHitTemplateId:928390873;","1200","1296000","Sat Apr 25 07:32:18 PDT 2026","","","39L1G8WVXJ508FT1Y8BRX3M92LU139","A376G1BHIGNA85","Submitted","Sat Apr 18 13:58:30 PDT 2026","Sat Apr 18 14:06:02 PDT 2026","Sun May 03 14:06:02 PDT 2026","","","","452","0% (0/0)","0% (0/0)","0% (0/0)","Rocket","https://tactileeval.s3.us-east-1.amazonaws.com/family_datasets/Vehicles_and_Flight_Systems/Rocket/Natural/17.jpg","https://tactileeval.s3.us-east-1.amazonaws.com/family_datasets/Vehicles_and_Flight_Systems/Rocket/Tactile/17.jpeg","","Rocket","https://tactileeval.s3.us-east-1.amazonaws.com/family_datasets/Vehicles_and_Flight_Systems/Rocket/Natural/18.jpg","https://tactileeval.s3.us-east-1.amazonaws.com/family_datasets/Vehicles_and_Flight_Systems/Rocket/Tactile/18.jpeg","","Rocket","https://tactileeval.s3.us-east-1.amazonaws.com/family_datasets/Vehicles_and_Flight_Systems/Rocket/Natural/19.jpg","https://tactileeval.s3.us-east-1.amazonaws.com/family_datasets/Vehicles_and_Flight_Systems/Rocket/Tactile/19.jpeg","","Rocket","https://tactileeval.s3.us-east-1.amazonaws.com/family_datasets/Vehicles_and_Flight_Systems/Rocket/Natural/20.jpg","https://tactileeval.s3.us-east-1.amazonaws.com/family_datasets/Vehicles_and_Flight_Systems/Rocket/Tactile/20.jpeg","","Rocket","https://tactileeval.s3.us-east-1.amazonaws.com/family_datasets/Vehicles_and_Flight_Systems/Rocket/Natural/21.jpg","https://tactileeval.s3.us-east-1.amazonaws.com/family_datasets/Vehicles_and_Flight_Systems/Rocket/Tactile/21.jpeg","","Rocket","https://tactileeval.s3.us-east-1.amazonaws.com/family_datasets/Vehicles_and_Flight_Systems/Rocket/Natural/22.jpg","https://tactileeval.s3.us-east-1.amazonaws.com/family_datasets/Vehicles_and_Flight_Systems/Rocket/Tactile/22.jpeg","","Rocket","https://tactileeval.s3.us-east-1.amazonaws.com/family_datasets/Vehicles_and_Flight_Systems/Rocket/Natural/23.jpg","https://tactileeval.s3.us-east-1.amazonaws.com/family_datasets/Vehicles_and_Flight_Systems/Rocket/Tactile/23.jpeg","","Satellite","https://tactileeval.s3.us-east-1.amazonaws.com/family_datasets/Vehicles_and_Flight_Systems/Satellite/Natural/1.png","https://tactileeval.s3.us-east-1.amazonaws.com/family_datasets/Vehicles_and_Flight_Systems/Satellite/Tactile/1.jpeg","","Satellite","https://tactileeval.s3.us-east-1.amazonaws.com/family_datasets/Vehicles_and_Flight_Systems/Satellite/Natural/2.jpg","https://tactileeval.s3.us-east-1.amazonaws.com/family_datasets/Vehicles_and_Flight_Systems/Satellite/Tactile/2.jpeg","","Satellite","https://tactileeval.s3.us-east-1.amazonaws.com/family_datasets/Vehicles_and_Flight_Systems/Satellite/Natural/3.jpg","https://tactileeval.s3.us-east-1.amazonaws.com/family_datasets/Vehicles_and_Flight_Systems/Satellite/Tactile/3.jpeg","","[{""question1"":{""background_clean"":false,""configuration_match"":true,""object_match"":false},""question10"":{""background_clean"":false,""configuration_match"":false,""object_match"":true},""question2"":{""background_clean"":false,""configuration_match"":false,""object_match"":true},""question3"":{""background_clean"":false,""configuration_match"":false,""object_match"":true},""question4"":{""background_clean"":false,""configuration_match"":true,""object_match"":false},""question5"":{""background_clean"":false,""configuration_match"":false,""object_match"":true},""question6"":{""background_clean"":true,""configuration_match"":false,""object_match"":false},""question7"":{""background_clean"":false,""configuration_match"":false,""object_match"":true},""question8"":{""background_clean"":false,""configuration_match"":true,""object_match"":false},""question9"":{""background_clean"":false,""configuration_match"":false,""object_match"":true}}]"
"3E22YV8GHTK87R7KBR1VJT6K6FFNP6","3PMOF0KIQ9OPLJTQP1WUGXCGLK7KBL","Categorize images based on background and posture.","Review 10 line-arts and judge if it has adequate background and configuration. (10 pairs)","tactile, image review, accessibility, vehicles","$0.08","Sat Apr 18 07:32:18 PDT 2026","7","BatchId:5385911;OriginalHitTemplateId:928390873;","1200","1296000","Sat Apr 25 07:32:18 PDT 2026","","","3UN61F00IP3RFZFMALEZIR26KEFR5J","A1KXF2L2ZGQXJK","Submitted","Sat Apr 18 08:11:47 PDT 2026","Sat Apr 18 08:12:33 PDT 2026","Sun May 03 08:12:33 PDT 2026","","","","46","0% (0/0)","0% (0/0)","0% (0/0)","Satellite","https://tactileeval.s3.us-east-1.amazonaws.com/family_datasets/Vehicles_and_Flight_Systems/Satellite/Natural/4.jpg","https://tactileeval.s3.us-east-1.amazonaws.com/family_datasets/Vehicles_and_Flight_Systems/Satellite/Tactile/4.jpeg","","Satellite","https://tactileeval.s3.us-east-1.amazonaws.com/family_datasets/Vehicles_and_Flight_Systems/Satellite/Natural/5.jpeg","https://tactileeval.s3.us-east-1.amazonaws.com/family_datasets/Vehicles_and_Flight_Systems/Satellite/Tactile/5.jpeg","","Satellite","https://tactileeval.s3.us-east-1.amazonaws.com/family_datasets/Vehicles_and_Flight_Systems/Satellite/Natural/6.jpg","https://tactileeval.s3.us-east-1.amazonaws.com/family_datasets/Vehicles_and_Flight_Systems/Satellite/Tactile/6.jpeg","","Satellite","https://tactileeval.s3.us-east-1.amazonaws.com/family_datasets/Vehicles_and_Flight_Systems/Satellite/Natural/7.jpg","https://tactileeval.s3.us-east-1.amazonaws.com/family_datasets/Vehicles_and_Flight_Systems/Satellite/Tactile/7.jpeg","","Satellite","https://tactileeval.s3.us-east-1.amazonaws.com/family_datasets/Vehicles_and_Flight_Systems/Satellite/Natural/8.jpg","https://tactileeval.s3.us-east-1.amazonaws.com/family_datasets/Vehicles_and_Flight_Systems/Satellite/Tactile/8.jpg","","Satellite","https://tactileeval.s3.us-east-1.amazonaws.com/family_datasets/Vehicles_and_Flight_Systems/Satellite/Natural/9.jpg","https://tactileeval.s3.us-east-1.amazonaws.com/family_datasets/Vehicles_and_Flight_Systems/Satellite/Tactile/9.jpg","","Satellite","https://tactileeval.s3.us-east-1.amazonaws.com/family_datasets/Vehicles_and_Flight_Systems/Satellite/Natural/10.jpg","https://tactileeval.s3.us-east-1.amazonaws.com/family_datasets/Vehicles_and_Flight_Systems/Satellite/Tactile/10.jpeg","","Scooty","https://tactileeval.s3.us-east-1.amazonaws.com/family_datasets/Vehicles_and_Flight_Systems/Scooty/Natural/1_refined.jpg","https://tactileeval.s3.us-east-1.amazonaws.com/family_datasets/Vehicles_and_Flight_Systems/Scooty/Tactile/1_refined.png","","Scooty","https://tactileeval.s3.us-east-1.amazonaws.com/family_datasets/Vehicles_and_Flight_Systems/Scooty/Natural/2.jpg","https://tactileeval.s3.us-east-1.amazonaws.com/family_datasets/Vehicles_and_Flight_Systems/Scooty/Tactile/2.jpg","","Scooty","https://tactileeval.s3.us-east-1.amazonaws.com/family_datasets/Vehicles_and_Flight_Systems/Scooty/Natural/3.jpg","https://tactileeval.s3.us-east-1.amazonaws.com/family_datasets/Vehicles_and_Flight_Systems/Scooty/Tactile/3.jpg","","[{""question1"":{""background_clean"":true,""configuration_match"":false,""object_match"":false},""question10"":{""background_clean"":true,""configuration_match"":true,""object_match"":false},""question2"":{""background_clean"":true,""configuration_match"":false,""object_match"":true},""question3"":{""background_clean"":true,""configuration_match"":false,""object_match"":false},""question4"":{""background_clean"":true,""configuration_match"":false,""object_match"":false},""question5"":{""background_clean"":true,""configuration_match"":false,""object_match"":false},""question6"":{""background_clean"":true,""configuration_match"":false,""object_match"":true},""question7"":{""background_clean"":true,""configuration_match"":false,""object_match"":false},""question8"":{""background_clean"":true,""configuration_match"":true,""object_match"":true},""question9"":{""background_clean"":true,""configuration_match"":true,""object_match"":true}}]"
"3E22YV8GHTK87R7KBR1VJT6K6FFNP6","3PMOF0KIQ9OPLJTQP1WUGXCGLK7KBL","Categorize images based on background and posture.","Review 10 line-arts and judge if it has adequate background and configuration. (10 pairs)","tactile, image review, accessibility, vehicles","$0.08","Sat Apr 18 07:32:18 PDT 2026","7","BatchId:5385911;OriginalHitTemplateId:928390873;","1200","1296000","Sat Apr 25 07:32:18 PDT 2026","","","3OF2M9AAU923Z9MGRPCI6JNNQM8KZ7","A2FK6782M09EBO","Submitted","Sat Apr 18 09:45:08 PDT 2026","Sat Apr 18 09:52:35 PDT 2026","Sun May 03 09:52:35 PDT 2026","","","","447","93% (65/70)","93% (65/70)","93% (65/70)","Satellite","https://tactileeval.s3.us-east-1.amazonaws.com/family_datasets/Vehicles_and_Flight_Systems/Satellite/Natural/4.jpg","https://tactileeval.s3.us-east-1.amazonaws.com/family_datasets/Vehicles_and_Flight_Systems/Satellite/Tactile/4.jpeg","","Satellite","https://tactileeval.s3.us-east-1.amazonaws.com/family_datasets/Vehicles_and_Flight_Systems/Satellite/Natural/5.jpeg","https://tactileeval.s3.us-east-1.amazonaws.com/family_datasets/Vehicles_and_Flight_Systems/Satellite/Tactile/5.jpeg","","Satellite","https://tactileeval.s3.us-east-1.amazonaws.com/family_datasets/Vehicles_and_Flight_Systems/Satellite/Natural/6.jpg","https://tactileeval.s3.us-east-1.amazonaws.com/family_datasets/Vehicles_and_Flight_Systems/Satellite/Tactile/6.jpeg","","Satellite","https://tactileeval.s3.us-east-1.amazonaws.com/family_datasets/Vehicles_and_Flight_Systems/Satellite/Natural/7.jpg","https://tactileeval.s3.us-east-1.amazonaws.com/family_datasets/Vehicles_and_Flight_Systems/Satellite/Tactile/7.jpeg","","Satellite","https://tactileeval.s3.us-east-1.amazonaws.com/family_datasets/Vehicles_and_Flight_Systems/Satellite/Natural/8.jpg","https://tactileeval.s3.us-east-1.amazonaws.com/family_datasets/Vehicles_and_Flight_Systems/Satellite/Tactile/8.jpg","","Satellite","https://tactileeval.s3.us-east-1.amazonaws.com/family_datasets/Vehicles_and_Flight_Systems/Satellite/Natural/9.jpg","https://tactileeval.s3.us-east-1.amazonaws.com/family_datasets/Vehicles_and_Flight_Systems/Satellite/Tactile/9.jpg","","Satellite","https://tactileeval.s3.us-east-1.amazonaws.com/family_datasets/Vehicles_and_Flight_Systems/Satellite/Natural/10.jpg","https://tactileeval.s3.us-east-1.amazonaws.com/family_datasets/Vehicles_and_Flight_Systems/Satellite/Tactile/10.jpeg","","Scooty","https://tactileeval.s3.us-east-1.amazonaws.com/family_datasets/Vehicles_and_Flight_Systems/Scooty/Natural/1_refined.jpg","https://tactileeval.s3.us-east-1.amazonaws.com/family_datasets/Vehicles_and_Flight_Systems/Scooty/Tactile/1_refined.png","","Scooty","https://tactileeval.s3.us-east-1.amazonaws.com/family_datasets/Vehicles_and_Flight_Systems/Scooty/Natural/2.jpg","https://tactileeval.s3.us-east-1.amazonaws.com/family_datasets/Vehicles_and_Flight_Systems/Scooty/Tactile/2.jpg","","Scooty","https://tactileeval.s3.us-east-1.amazonaws.com/family_datasets/Vehicles_and_Flight_Systems/Scooty/Natural/3.jpg","https://tactileeval.s3.us-east-1.amazonaws.com/family_datasets/Vehicles_and_Flight_Systems/Scooty/Tactile/3.jpg","","[{""question1"":{""background_clean"":true,""configuration_match"":false,""object_match"":true},""question10"":{""background_clean"":true,""configuration_match"":true,""object_match"":true},""question2"":{""background_clean"":true,""configuration_match"":true,""object_match"":true},""question3"":{""background_clean"":true,""configuration_match"":true,""object_match"":true},""question4"":{""background_clean"":true,""configuration_match"":true,""object_match"":true},""question5"":{""background_clean"":true,""configuration_match"":false,""object_match"":true},""question6"":{""background_clean"":true,""configuration_match"":true,""object_match"":true},""question7"":{""background_clean"":true,""configuration_match"":false,""object_match"":true},""question8"":{""background_clean"":true,""configuration_match"":true,""object_match"":true},""question9"":{""background_clean"":true,""configuration_match"":true,""object_match"":true}}]"
"3E22YV8GHTK87R7KBR1VJT6K6FFNP6","3PMOF0KIQ9OPLJTQP1WUGXCGLK7KBL","Categorize images based on background and posture.","Review 10 line-arts and judge if it has adequate background and configuration. (10 pairs)","tactile, image review, accessibility, vehicles","$0.08","Sat Apr 18 07:32:18 PDT 2026","7","BatchId:5385911;OriginalHitTemplateId:928390873;","1200","1296000","Sat Apr 25 07:32:18 PDT 2026","","","30X31N5D7W40MKRGK65LGCNOYVGASF","A1LN8392JHDGL5","Submitted","Sat Apr 18 09:55:21 PDT 2026","Sat Apr 18 10:07:58 PDT 2026","Sun May 03 10:07:58 PDT 2026","","","","757","0% (0/0)","0% (0/0)","0% (0/0)","Satellite","https://tactileeval.s3.us-east-1.amazonaws.com/family_datasets/Vehicles_and_Flight_Systems/Satellite/Natural/4.jpg","https://tactileeval.s3.us-east-1.amazonaws.com/family_datasets/Vehicles_and_Flight_Systems/Satellite/Tactile/4.jpeg","","Satellite","https://tactileeval.s3.us-east-1.amazonaws.com/family_datasets/Vehicles_and_Flight_Systems/Satellite/Natural/5.jpeg","https://tactileeval.s3.us-east-1.amazonaws.com/family_datasets/Vehicles_and_Flight_Systems/Satellite/Tactile/5.jpeg","","Satellite","https://tactileeval.s3.us-east-1.amazonaws.com/family_datasets/Vehicles_and_Flight_Systems/Satellite/Natural/6.jpg","https://tactileeval.s3.us-east-1.amazonaws.com/family_datasets/Vehicles_and_Flight_Systems/Satellite/Tactile/6.jpeg","","Satellite","https://tactileeval.s3.us-east-1.amazonaws.com/family_datasets/Vehicles_and_Flight_Systems/Satellite/Natural/7.jpg","https://tactileeval.s3.us-east-1.amazonaws.com/family_datasets/Vehicles_and_Flight_Systems/Satellite/Tactile/7.jpeg","","Satellite","https://tactileeval.s3.us-east-1.amazonaws.com/family_datasets/Vehicles_and_Flight_Systems/Satellite/Natural/8.jpg","https://tactileeval.s3.us-east-1.amazonaws.com/family_datasets/Vehicles_and_Flight_Systems/Satellite/Tactile/8.jpg","","Satellite","https://tactileeval.s3.us-east-1.amazonaws.com/family_datasets/Vehicles_and_Flight_Systems/Satellite/Natural/9.jpg","https://tactileeval.s3.us-east-1.amazonaws.com/family_datasets/Vehicles_and_Flight_Systems/Satellite/Tactile/9.jpg","","Satellite","https://tactileeval.s3.us-east-1.amazonaws.com/family_datasets/Vehicles_and_Flight_Systems/Satellite/Natural/10.jpg","https://tactileeval.s3.us-east-1.amazonaws.com/family_datasets/Vehicles_and_Flight_Systems/Satellite/Tactile/10.jpeg","","Scooty","https://tactileeval.s3.us-east-1.amazonaws.com/family_datasets/Vehicles_and_Flight_Systems/Scooty/Natural/1_refined.jpg","https://tactileeval.s3.us-east-1.amazonaws.com/family_datasets/Vehicles_and_Flight_Systems/Scooty/Tactile/1_refined.png","","Scooty","https://tactileeval.s3.us-east-1.amazonaws.com/family_datasets/Vehicles_and_Flight_Systems/Scooty/Natural/2.jpg","https://tactileeval.s3.us-east-1.amazonaws.com/family_datasets/Vehicles_and_Flight_Systems/Scooty/Tactile/2.jpg","","Scooty","https://tactileeval.s3.us-east-1.amazonaws.com/family_datasets/Vehicles_and_Flight_Systems/Scooty/Natural/3.jpg","https://tactileeval.s3.us-east-1.amazonaws.com/family_datasets/Vehicles_and_Flight_Systems/Scooty/Tactile/3.jpg","","[{""question1"":{""background_clean"":true,""configuration_match"":false,""object_match"":true},""question10"":{""background_clean"":true,""configuration_match"":false,""object_match"":true},""question2"":{""background_clean"":true,""configuration_match"":true,""object_match"":true},""question3"":{""background_clean"":true,""configuration_match"":false,""object_match"":true},""question4"":{""background_clean"":true,""configuration_match"":false,""object_match"":true},""question5"":{""background_clean"":true,""configuration_match"":false,""object_match"":true},""question6"":{""background_clean"":true,""configuration_match"":true,""object_match"":true},""question7"":{""background_clean"":true,""configuration_match"":false,""object_match"":true},""question8"":{""background_clean"":true,""configuration_match"":true,""object_match"":true},""question9"":{""background_clean"":true,""configuration_match"":false,""object_match"":true}}]"
"3E22YV8GHTK87R7KBR1VJT6K6FFNP6","3PMOF0KIQ9OPLJTQP1WUGXCGLK7KBL","Categorize images based on background and posture.","Review 10 line-arts and judge if it has adequate background and configuration. (10 pairs)","tactile, image review, accessibility, vehicles","$0.08","Sat Apr 18 07:32:18 PDT 2026","7","BatchId:5385911;OriginalHitTemplateId:928390873;","1200","1296000","Sat Apr 25 07:32:18 PDT 2026","","","3MAOD8E58JOF2K74NKGD1QOGCHMXNZ","A2Y0HZSZTQAVDW","Submitted","Sat Apr 18 10:34:50 PDT 2026","Sat Apr 18 10:42:21 PDT 2026","Sun May 03 10:42:21 PDT 2026","","","","451","0% (0/0)","0% (0/0)","0% (0/0)","Satellite","https://tactileeval.s3.us-east-1.amazonaws.com/family_datasets/Vehicles_and_Flight_Systems/Satellite/Natural/4.jpg","https://tactileeval.s3.us-east-1.amazonaws.com/family_datasets/Vehicles_and_Flight_Systems/Satellite/Tactile/4.jpeg","","Satellite","https://tactileeval.s3.us-east-1.amazonaws.com/family_datasets/Vehicles_and_Flight_Systems/Satellite/Natural/5.jpeg","https://tactileeval.s3.us-east-1.amazonaws.com/family_datasets/Vehicles_and_Flight_Systems/Satellite/Tactile/5.jpeg","","Satellite","https://tactileeval.s3.us-east-1.amazonaws.com/family_datasets/Vehicles_and_Flight_Systems/Satellite/Natural/6.jpg","https://tactileeval.s3.us-east-1.amazonaws.com/family_datasets/Vehicles_and_Flight_Systems/Satellite/Tactile/6.jpeg","","Satellite","https://tactileeval.s3.us-east-1.amazonaws.com/family_datasets/Vehicles_and_Flight_Systems/Satellite/Natural/7.jpg","https://tactileeval.s3.us-east-1.amazonaws.com/family_datasets/Vehicles_and_Flight_Systems/Satellite/Tactile/7.jpeg","","Satellite","https://tactileeval.s3.us-east-1.amazonaws.com/family_datasets/Vehicles_and_Flight_Systems/Satellite/Natural/8.jpg","https://tactileeval.s3.us-east-1.amazonaws.com/family_datasets/Vehicles_and_Flight_Systems/Satellite/Tactile/8.jpg","","Satellite","https://tactileeval.s3.us-east-1.amazonaws.com/family_datasets/Vehicles_and_Flight_Systems/Satellite/Natural/9.jpg","https://tactileeval.s3.us-east-1.amazonaws.com/family_datasets/Vehicles_and_Flight_Systems/Satellite/Tactile/9.jpg","","Satellite","https://tactileeval.s3.us-east-1.amazonaws.com/family_datasets/Vehicles_and_Flight_Systems/Satellite/Natural/10.jpg","https://tactileeval.s3.us-east-1.amazonaws.com/family_datasets/Vehicles_and_Flight_Systems/Satellite/Tactile/10.jpeg","","Scooty","https://tactileeval.s3.us-east-1.amazonaws.com/family_datasets/Vehicles_and_Flight_Systems/Scooty/Natural/1_refined.jpg","https://tactileeval.s3.us-east-1.amazonaws.com/family_datasets/Vehicles_and_Flight_Systems/Scooty/Tactile/1_refined.png","","Scooty","https://tactileeval.s3.us-east-1.amazonaws.com/family_datasets/Vehicles_and_Flight_Systems/Scooty/Natural/2.jpg","https://tactileeval.s3.us-east-1.amazonaws.com/family_datasets/Vehicles_and_Flight_Systems/Scooty/Tactile/2.jpg","","Scooty","https://tactileeval.s3.us-east-1.amazonaws.com/family_datasets/Vehicles_and_Flight_Systems/Scooty/Natural/3.jpg","https://tactileeval.s3.us-east-1.amazonaws.com/family_datasets/Vehicles_and_Flight_Systems/Scooty/Tactile/3.jpg","","[{""question1"":{""background_clean"":true,""configuration_match"":false,""object_match"":false},""question10"":{""background_clean"":true,""configuration_match"":false,""object_match"":false},""question2"":{""background_clean"":true,""configuration_match"":false,""object_match"":false},""question3"":{""background_clean"":true,""configuration_match"":false,""object_match"":false},""question4"":{""background_clean"":true,""configuration_match"":false,""object_match"":false},""question5"":{""background_clean"":true,""configuration_match"":true,""object_match"":true},""question6"":{""background_clean"":true,""configuration_match"":true,""object_match"":true},""question7"":{""background_clean"":true,""configuration_match"":false,""object_match"":false},""question8"":{""background_clean"":true,""configuration_match"":false,""object_match"":true},""question9"":{""background_clean"":true,""configuration_match"":false,""object_match"":false}}]"
"3E22YV8GHTK87R7KBR1VJT6K6FFNP6","3PMOF0KIQ9OPLJTQP1WUGXCGLK7KBL","Categorize images based on background and posture.","Review 10 line-arts and judge if it has adequate background and configuration. (10 pairs)","tactile, image review, accessibility, vehicles","$0.08","Sat Apr 18 07:32:18 PDT 2026","7","BatchId:5385911;OriginalHitTemplateId:928390873;","1200","1296000","Sat Apr 25 07:32:18 PDT 2026","","","3BEFOD78XZ7IM0YUR8Z8R02IEW9M4B","A19HN15YVY9E5I","Submitted","Sat Apr 18 10:48:34 PDT 2026","Sat Apr 18 10:54:38 PDT 2026","Sun May 03 10:54:38 PDT 2026","","","","364","63% (5/8)","63% (5/8)","63% (5/8)","Satellite","https://tactileeval.s3.us-east-1.amazonaws.com/family_datasets/Vehicles_and_Flight_Systems/Satellite/Natural/4.jpg","https://tactileeval.s3.us-east-1.amazonaws.com/family_datasets/Vehicles_and_Flight_Systems/Satellite/Tactile/4.jpeg","","Satellite","https://tactileeval.s3.us-east-1.amazonaws.com/family_datasets/Vehicles_and_Flight_Systems/Satellite/Natural/5.jpeg","https://tactileeval.s3.us-east-1.amazonaws.com/family_datasets/Vehicles_and_Flight_Systems/Satellite/Tactile/5.jpeg","","Satellite","https://tactileeval.s3.us-east-1.amazonaws.com/family_datasets/Vehicles_and_Flight_Systems/Satellite/Natural/6.jpg","https://tactileeval.s3.us-east-1.amazonaws.com/family_datasets/Vehicles_and_Flight_Systems/Satellite/Tactile/6.jpeg","","Satellite","https://tactileeval.s3.us-east-1.amazonaws.com/family_datasets/Vehicles_and_Flight_Systems/Satellite/Natural/7.jpg","https://tactileeval.s3.us-east-1.amazonaws.com/family_datasets/Vehicles_and_Flight_Systems/Satellite/Tactile/7.jpeg","","Satellite","https://tactileeval.s3.us-east-1.amazonaws.com/family_datasets/Vehicles_and_Flight_Systems/Satellite/Natural/8.jpg","https://tactileeval.s3.us-east-1.amazonaws.com/family_datasets/Vehicles_and_Flight_Systems/Satellite/Tactile/8.jpg","","Satellite","https://tactileeval.s3.us-east-1.amazonaws.com/family_datasets/Vehicles_and_Flight_Systems/Satellite/Natural/9.jpg","https://tactileeval.s3.us-east-1.amazonaws.com/family_datasets/Vehicles_and_Flight_Systems/Satellite/Tactile/9.jpg","","Satellite","https://tactileeval.s3.us-east-1.amazonaws.com/family_datasets/Vehicles_and_Flight_Systems/Satellite/Natural/10.jpg","https://tactileeval.s3.us-east-1.amazonaws.com/family_datasets/Vehicles_and_Flight_Systems/Satellite/Tactile/10.jpeg","","Scooty","https://tactileeval.s3.us-east-1.amazonaws.com/family_datasets/Vehicles_and_Flight_Systems/Scooty/Natural/1_refined.jpg","https://tactileeval.s3.us-east-1.amazonaws.com/family_datasets/Vehicles_and_Flight_Systems/Scooty/Tactile/1_refined.png","","Scooty","https://tactileeval.s3.us-east-1.amazonaws.com/family_datasets/Vehicles_and_Flight_Systems/Scooty/Natural/2.jpg","https://tactileeval.s3.us-east-1.amazonaws.com/family_datasets/Vehicles_and_Flight_Systems/Scooty/Tactile/2.jpg","","Scooty","https://tactileeval.s3.us-east-1.amazonaws.com/family_datasets/Vehicles_and_Flight_Systems/Scooty/Natural/3.jpg","https://tactileeval.s3.us-east-1.amazonaws.com/family_datasets/Vehicles_and_Flight_Systems/Scooty/Tactile/3.jpg","","[{""question1"":{""background_clean"":true,""configuration_match"":false,""object_match"":false},""question10"":{""background_clean"":true,""configuration_match"":false,""object_match"":false},""question2"":{""background_clean"":true,""configuration_match"":false,""object_match"":false},""question3"":{""background_clean"":true,""configuration_match"":false,""object_match"":false},""question4"":{""background_clean"":true,""configuration_match"":false,""object_match"":false},""question5"":{""background_clean"":true,""configuration_match"":true,""object_match"":true},""question6"":{""background_clean"":true,""configuration_match"":true,""object_match"":true},""question7"":{""background_clean"":true,""configuration_match"":false,""object_match"":false},""question8"":{""background_clean"":true,""configuration_match"":false,""object_match"":false},""question9"":{""background_clean"":true,""configuration_match"":false,""object_match"":false}}]"
"3E22YV8GHTK87R7KBR1VJT6K6FFNP6","3PMOF0KIQ9OPLJTQP1WUGXCGLK7KBL","Categorize images based on background and posture.","Review 10 line-arts and judge if it has adequate background and configuration. (10 pairs)","tactile, image review, accessibility, vehicles","$0.08","Sat Apr 18 07:32:18 PDT 2026","7","BatchId:5385911;OriginalHitTemplateId:928390873;","1200","1296000","Sat Apr 25 07:32:18 PDT 2026","","","3H7XDTSHL55U3SLSQB7W9N1C23ZWG2","A9380GKZM50GU","Submitted","Sat Apr 18 11:26:21 PDT 2026","Sat Apr 18 11:29:31 PDT 2026","Sun May 03 11:29:31 PDT 2026","","","","190","0% (0/0)","0% (0/0)","0% (0/0)","Satellite","https://tactileeval.s3.us-east-1.amazonaws.com/family_datasets/Vehicles_and_Flight_Systems/Satellite/Natural/4.jpg","https://tactileeval.s3.us-east-1.amazonaws.com/family_datasets/Vehicles_and_Flight_Systems/Satellite/Tactile/4.jpeg","","Satellite","https://tactileeval.s3.us-east-1.amazonaws.com/family_datasets/Vehicles_and_Flight_Systems/Satellite/Natural/5.jpeg","https://tactileeval.s3.us-east-1.amazonaws.com/family_datasets/Vehicles_and_Flight_Systems/Satellite/Tactile/5.jpeg","","Satellite","https://tactileeval.s3.us-east-1.amazonaws.com/family_datasets/Vehicles_and_Flight_Systems/Satellite/Natural/6.jpg","https://tactileeval.s3.us-east-1.amazonaws.com/family_datasets/Vehicles_and_Flight_Systems/Satellite/Tactile/6.jpeg","","Satellite","https://tactileeval.s3.us-east-1.amazonaws.com/family_datasets/Vehicles_and_Flight_Systems/Satellite/Natural/7.jpg","https://tactileeval.s3.us-east-1.amazonaws.com/family_datasets/Vehicles_and_Flight_Systems/Satellite/Tactile/7.jpeg","","Satellite","https://tactileeval.s3.us-east-1.amazonaws.com/family_datasets/Vehicles_and_Flight_Systems/Satellite/Natural/8.jpg","https://tactileeval.s3.us-east-1.amazonaws.com/family_datasets/Vehicles_and_Flight_Systems/Satellite/Tactile/8.jpg","","Satellite","https://tactileeval.s3.us-east-1.amazonaws.com/family_datasets/Vehicles_and_Flight_Systems/Satellite/Natural/9.jpg","https://tactileeval.s3.us-east-1.amazonaws.com/family_datasets/Vehicles_and_Flight_Systems/Satellite/Tactile/9.jpg","","Satellite","https://tactileeval.s3.us-east-1.amazonaws.com/family_datasets/Vehicles_and_Flight_Systems/Satellite/Natural/10.jpg","https://tactileeval.s3.us-east-1.amazonaws.com/family_datasets/Vehicles_and_Flight_Systems/Satellite/Tactile/10.jpeg","","Scooty","https://tactileeval.s3.us-east-1.amazonaws.com/family_datasets/Vehicles_and_Flight_Systems/Scooty/Natural/1_refined.jpg","https://tactileeval.s3.us-east-1.amazonaws.com/family_datasets/Vehicles_and_Flight_Systems/Scooty/Tactile/1_refined.png","","Scooty","https://tactileeval.s3.us-east-1.amazonaws.com/family_datasets/Vehicles_and_Flight_Systems/Scooty/Natural/2.jpg","https://tactileeval.s3.us-east-1.amazonaws.com/family_datasets/Vehicles_and_Flight_Systems/Scooty/Tactile/2.jpg","","Scooty","https://tactileeval.s3.us-east-1.amazonaws.com/family_datasets/Vehicles_and_Flight_Systems/Scooty/Natural/3.jpg","https://tactileeval.s3.us-east-1.amazonaws.com/family_datasets/Vehicles_and_Flight_Systems/Scooty/Tactile/3.jpg","","[{""question1"":{""background_clean"":true,""configuration_match"":false,""object_match"":true},""question10"":{""background_clean"":true,""configuration_match"":false,""object_match"":true},""question2"":{""background_clean"":true,""configuration_match"":false,""object_match"":true},""question3"":{""background_clean"":true,""configuration_match"":false,""object_match"":true},""question4"":{""background_clean"":true,""configuration_match"":false,""object_match"":true},""question5"":{""background_clean"":true,""configuration_match"":false,""object_match"":true},""question6"":{""background_clean"":true,""configuration_match"":true,""object_match"":true},""question7"":{""background_clean"":true,""configuration_match"":false,""object_match"":true},""question8"":{""background_clean"":true,""configuration_match"":true,""object_match"":true},""question9"":{""background_clean"":true,""configuration_match"":false,""object_match"":true}}]"
"3E22YV8GHTK87R7KBR1VJT6K6FFNP6","3PMOF0KIQ9OPLJTQP1WUGXCGLK7KBL","Categorize images based on background and posture.","Review 10 line-arts and judge if it has adequate background and configuration. (10 pairs)","tactile, image review, accessibility, vehicles","$0.08","Sat Apr 18 07:32:18 PDT 2026","7","BatchId:5385911;OriginalHitTemplateId:928390873;","1200","1296000","Sat Apr 25 07:32:18 PDT 2026","","","3VJ40NV2RB1Q3OYWJPFTRC3FPVGTO4","A376G1BHIGNA85","Submitted","Sat Apr 18 13:58:29 PDT 2026","Sat Apr 18 14:05:22 PDT 2026","Sun May 03 14:05:22 PDT 2026","","","","413","0% (0/0)","0% (0/0)","0% (0/0)","Satellite","https://tactileeval.s3.us-east-1.amazonaws.com/family_datasets/Vehicles_and_Flight_Systems/Satellite/Natural/4.jpg","https://tactileeval.s3.us-east-1.amazonaws.com/family_datasets/Vehicles_and_Flight_Systems/Satellite/Tactile/4.jpeg","","Satellite","https://tactileeval.s3.us-east-1.amazonaws.com/family_datasets/Vehicles_and_Flight_Systems/Satellite/Natural/5.jpeg","https://tactileeval.s3.us-east-1.amazonaws.com/family_datasets/Vehicles_and_Flight_Systems/Satellite/Tactile/5.jpeg","","Satellite","https://tactileeval.s3.us-east-1.amazonaws.com/family_datasets/Vehicles_and_Flight_Systems/Satellite/Natural/6.jpg","https://tactileeval.s3.us-east-1.amazonaws.com/family_datasets/Vehicles_and_Flight_Systems/Satellite/Tactile/6.jpeg","","Satellite","https://tactileeval.s3.us-east-1.amazonaws.com/family_datasets/Vehicles_and_Flight_Systems/Satellite/Natural/7.jpg","https://tactileeval.s3.us-east-1.amazonaws.com/family_datasets/Vehicles_and_Flight_Systems/Satellite/Tactile/7.jpeg","","Satellite","https://tactileeval.s3.us-east-1.amazonaws.com/family_datasets/Vehicles_and_Flight_Systems/Satellite/Natural/8.jpg","https://tactileeval.s3.us-east-1.amazonaws.com/family_datasets/Vehicles_and_Flight_Systems/Satellite/Tactile/8.jpg","","Satellite","https://tactileeval.s3.us-east-1.amazonaws.com/family_datasets/Vehicles_and_Flight_Systems/Satellite/Natural/9.jpg","https://tactileeval.s3.us-east-1.amazonaws.com/family_datasets/Vehicles_and_Flight_Systems/Satellite/Tactile/9.jpg","","Satellite","https://tactileeval.s3.us-east-1.amazonaws.com/family_datasets/Vehicles_and_Flight_Systems/Satellite/Natural/10.jpg","https://tactileeval.s3.us-east-1.amazonaws.com/family_datasets/Vehicles_and_Flight_Systems/Satellite/Tactile/10.jpeg","","Scooty","https://tactileeval.s3.us-east-1.amazonaws.com/family_datasets/Vehicles_and_Flight_Systems/Scooty/Natural/1_refined.jpg","https://tactileeval.s3.us-east-1.amazonaws.com/family_datasets/Vehicles_and_Flight_Systems/Scooty/Tactile/1_refined.png","","Scooty","https://tactileeval.s3.us-east-1.amazonaws.com/family_datasets/Vehicles_and_Flight_Systems/Scooty/Natural/2.jpg","https://tactileeval.s3.us-east-1.amazonaws.com/family_datasets/Vehicles_and_Flight_Systems/Scooty/Tactile/2.jpg","","Scooty","https://tactileeval.s3.us-east-1.amazonaws.com/family_datasets/Vehicles_and_Flight_Systems/Scooty/Natural/3.jpg","https://tactileeval.s3.us-east-1.amazonaws.com/family_datasets/Vehicles_and_Flight_Systems/Scooty/Tactile/3.jpg","","[{""question1"":{""background_clean"":false,""configuration_match"":false,""object_match"":true},""question10"":{""background_clean"":false,""configuration_match"":true,""object_match"":false},""question2"":{""background_clean"":false,""configuration_match"":true,""object_match"":false},""question3"":{""background_clean"":false,""configuration_match"":false,""object_match"":true},""question4"":{""background_clean"":false,""configuration_match"":false,""object_match"":true},""question5"":{""background_clean"":false,""configuration_match"":true,""object_match"":false},""question6"":{""background_clean"":true,""configuration_match"":false,""object_match"":false},""question7"":{""background_clean"":false,""configuration_match"":true,""object_match"":false},""question8"":{""background_clean"":false,""configuration_match"":false,""object_match"":true},""question9"":{""background_clean"":false,""configuration_match"":false,""object_match"":true}}]"
"3BFNCI9LZC4CXHAAXMNZATHT14J370","3PMOF0KIQ9OPLJTQP1WUGXCGLK7KBL","Categorize images based on background and posture.","Review 10 line-arts and judge if it has adequate background and configuration. (10 pairs)","tactile, image review, accessibility, vehicles","$0.08","Sat Apr 18 07:32:18 PDT 2026","7","BatchId:5385911;OriginalHitTemplateId:928390873;","1200","1296000","Sat Apr 25 07:32:18 PDT 2026","","","3WQ3B2KGF1U5BAXED1QXFMKLQC41BV","A1KXF2L2ZGQXJK","Submitted","Sat Apr 18 07:48:33 PDT 2026","Sat Apr 18 07:49:43 PDT 2026","Sun May 03 07:49:43 PDT 2026","","","","70","0% (0/0)","0% (0/0)","0% (0/0)","Scooty","https://tactileeval.s3.us-east-1.amazonaws.com/family_datasets/Vehicles_and_Flight_Systems/Scooty/Natural/4.jpg","https://tactileeval.s3.us-east-1.amazonaws.com/family_datasets/Vehicles_and_Flight_Systems/Scooty/Tactile/4.jpg","","Scooty","https://tactileeval.s3.us-east-1.amazonaws.com/family_datasets/Vehicles_and_Flight_Systems/Scooty/Natural/5.jpg","https://tactileeval.s3.us-east-1.amazonaws.com/family_datasets/Vehicles_and_Flight_Systems/Scooty/Tactile/5.jpg","","Scooty","https://tactileeval.s3.us-east-1.amazonaws.com/family_datasets/Vehicles_and_Flight_Systems/Scooty/Natural/6.jpg","https://tactileeval.s3.us-east-1.amazonaws.com/family_datasets/Vehicles_and_Flight_Systems/Scooty/Tactile/6.jpg","","Scooty","https://tactileeval.s3.us-east-1.amazonaws.com/family_datasets/Vehicles_and_Flight_Systems/Scooty/Natural/7.jpg","https://tactileeval.s3.us-east-1.amazonaws.com/family_datasets/Vehicles_and_Flight_Systems/Scooty/Tactile/7.jpg","","Scooty","https://tactileeval.s3.us-east-1.amazonaws.com/family_datasets/Vehicles_and_Flight_Systems/Scooty/Natural/8.jpg","https://tactileeval.s3.us-east-1.amazonaws.com/family_datasets/Vehicles_and_Flight_Systems/Scooty/Tactile/8.jpg","","Scooty","https://tactileeval.s3.us-east-1.amazonaws.com/family_datasets/Vehicles_and_Flight_Systems/Scooty/Natural/9.jpg","https://tactileeval.s3.us-east-1.amazonaws.com/family_datasets/Vehicles_and_Flight_Systems/Scooty/Tactile/9.jpg","","Scooty","https://tactileeval.s3.us-east-1.amazonaws.com/family_datasets/Vehicles_and_Flight_Systems/Scooty/Natural/10.jpg","https://tactileeval.s3.us-east-1.amazonaws.com/family_datasets/Vehicles_and_Flight_Systems/Scooty/Tactile/10.jpg","","Scooty","https://tactileeval.s3.us-east-1.amazonaws.com/family_datasets/Vehicles_and_Flight_Systems/Scooty/Natural/11.png","https://tactileeval.s3.us-east-1.amazonaws.com/family_datasets/Vehicles_and_Flight_Systems/Scooty/Tactile/11.jpg","","Scooty","https://tactileeval.s3.us-east-1.amazonaws.com/family_datasets/Vehicles_and_Flight_Systems/Scooty/Natural/12.jpg","https://tactileeval.s3.us-east-1.amazonaws.com/family_datasets/Vehicles_and_Flight_Systems/Scooty/Tactile/12.jpg","","Ship","https://tactileeval.s3.us-east-1.amazonaws.com/family_datasets/Vehicles_and_Flight_Systems/Ship/Natural/1.jpg","https://tactileeval.s3.us-east-1.amazonaws.com/family_datasets/Vehicles_and_Flight_Systems/Ship/Tactile/1.jpg","","[{""question1"":{""background_clean"":true,""configuration_match"":true,""object_match"":false},""question10"":{""background_clean"":true,""configuration_match"":true,""object_match"":false},""question2"":{""background_clean"":true,""configuration_match"":true,""object_match"":true},""question3"":{""background_clean"":true,""configuration_match"":true,""object_match"":true},""question4"":{""background_clean"":true,""configuration_match"":true,""object_match"":false},""question5"":{""background_clean"":true,""configuration_match"":true,""object_match"":false},""question6"":{""background_clean"":true,""configuration_match"":true,""object_match"":true},""question7"":{""background_clean"":true,""configuration_match"":true,""object_match"":false},""question8"":{""background_clean"":true,""configuration_match"":false,""object_match"":false},""question9"":{""background_clean"":true,""configuration_match"":true,""object_match"":true}}]"
"3BFNCI9LZC4CXHAAXMNZATHT14J370","3PMOF0KIQ9OPLJTQP1WUGXCGLK7KBL","Categorize images based on background and posture.","Review 10 line-arts and judge if it has adequate background and configuration. (10 pairs)","tactile, image review, accessibility, vehicles","$0.08","Sat Apr 18 07:32:18 PDT 2026","7","BatchId:5385911;OriginalHitTemplateId:928390873;","1200","1296000","Sat Apr 25 07:32:18 PDT 2026","","","3S0TNUHWLMWG17FJQIQIPMVT743D8H","A1LN8392JHDGL5","Submitted","Sat Apr 18 09:38:57 PDT 2026","Sat Apr 18 09:53:40 PDT 2026","Sun May 03 09:53:40 PDT 2026","","","","883","0% (0/0)","0% (0/0)","0% (0/0)","Scooty","https://tactileeval.s3.us-east-1.amazonaws.com/family_datasets/Vehicles_and_Flight_Systems/Scooty/Natural/4.jpg","https://tactileeval.s3.us-east-1.amazonaws.com/family_datasets/Vehicles_and_Flight_Systems/Scooty/Tactile/4.jpg","","Scooty","https://tactileeval.s3.us-east-1.amazonaws.com/family_datasets/Vehicles_and_Flight_Systems/Scooty/Natural/5.jpg","https://tactileeval.s3.us-east-1.amazonaws.com/family_datasets/Vehicles_and_Flight_Systems/Scooty/Tactile/5.jpg","","Scooty","https://tactileeval.s3.us-east-1.amazonaws.com/family_datasets/Vehicles_and_Flight_Systems/Scooty/Natural/6.jpg","https://tactileeval.s3.us-east-1.amazonaws.com/family_datasets/Vehicles_and_Flight_Systems/Scooty/Tactile/6.jpg","","Scooty","https://tactileeval.s3.us-east-1.amazonaws.com/family_datasets/Vehicles_and_Flight_Systems/Scooty/Natural/7.jpg","https://tactileeval.s3.us-east-1.amazonaws.com/family_datasets/Vehicles_and_Flight_Systems/Scooty/Tactile/7.jpg","","Scooty","https://tactileeval.s3.us-east-1.amazonaws.com/family_datasets/Vehicles_and_Flight_Systems/Scooty/Natural/8.jpg","https://tactileeval.s3.us-east-1.amazonaws.com/family_datasets/Vehicles_and_Flight_Systems/Scooty/Tactile/8.jpg","","Scooty","https://tactileeval.s3.us-east-1.amazonaws.com/family_datasets/Vehicles_and_Flight_Systems/Scooty/Natural/9.jpg","https://tactileeval.s3.us-east-1.amazonaws.com/family_datasets/Vehicles_and_Flight_Systems/Scooty/Tactile/9.jpg","","Scooty","https://tactileeval.s3.us-east-1.amazonaws.com/family_datasets/Vehicles_and_Flight_Systems/Scooty/Natural/10.jpg","https://tactileeval.s3.us-east-1.amazonaws.com/family_datasets/Vehicles_and_Flight_Systems/Scooty/Tactile/10.jpg","","Scooty","https://tactileeval.s3.us-east-1.amazonaws.com/family_datasets/Vehicles_and_Flight_Systems/Scooty/Natural/11.png","https://tactileeval.s3.us-east-1.amazonaws.com/family_datasets/Vehicles_and_Flight_Systems/Scooty/Tactile/11.jpg","","Scooty","https://tactileeval.s3.us-east-1.amazonaws.com/family_datasets/Vehicles_and_Flight_Systems/Scooty/Natural/12.jpg","https://tactileeval.s3.us-east-1.amazonaws.com/family_datasets/Vehicles_and_Flight_Systems/Scooty/Tactile/12.jpg","","Ship","https://tactileeval.s3.us-east-1.amazonaws.com/family_datasets/Vehicles_and_Flight_Systems/Ship/Natural/1.jpg","https://tactileeval.s3.us-east-1.amazonaws.com/family_datasets/Vehicles_and_Flight_Systems/Ship/Tactile/1.jpg","","[{""question1"":{""background_clean"":true,""configuration_match"":false,""object_match"":true},""question10"":{""background_clean"":true,""configuration_match"":false,""object_match"":true},""question2"":{""background_clean"":true,""configuration_match"":false,""object_match"":true},""question3"":{""background_clean"":true,""configuration_match"":true,""object_match"":true},""question4"":{""background_clean"":true,""configuration_match"":true,""object_match"":true},""question5"":{""background_clean"":true,""configuration_match"":false,""object_match"":true},""question6"":{""background_clean"":true,""configuration_match"":true,""object_match"":true},""question7"":{""background_clean"":true,""configuration_match"":false,""object_match"":true},""question8"":{""background_clean"":true,""configuration_match"":true,""object_match"":true},""question9"":{""background_clean"":true,""configuration_match"":true,""object_match"":true}}]"
"3BFNCI9LZC4CXHAAXMNZATHT14J370","3PMOF0KIQ9OPLJTQP1WUGXCGLK7KBL","Categorize images based on background and posture.","Review 10 line-arts and judge if it has adequate background and configuration. (10 pairs)","tactile, image review, accessibility, vehicles","$0.08","Sat Apr 18 07:32:18 PDT 2026","7","BatchId:5385911;OriginalHitTemplateId:928390873;","1200","1296000","Sat Apr 25 07:32:18 PDT 2026","","","37C0GNLMI8HTXTWVX3TK58Z219H6DS","A2FK6782M09EBO","Submitted","Sat Apr 18 10:00:56 PDT 2026","Sat Apr 18 10:13:48 PDT 2026","Sun May 03 10:13:48 PDT 2026","","","","772","93% (65/70)","93% (65/70)","93% (65/70)","Scooty","https://tactileeval.s3.us-east-1.amazonaws.com/family_datasets/Vehicles_and_Flight_Systems/Scooty/Natural/4.jpg","https://tactileeval.s3.us-east-1.amazonaws.com/family_datasets/Vehicles_and_Flight_Systems/Scooty/Tactile/4.jpg","","Scooty","https://tactileeval.s3.us-east-1.amazonaws.com/family_datasets/Vehicles_and_Flight_Systems/Scooty/Natural/5.jpg","https://tactileeval.s3.us-east-1.amazonaws.com/family_datasets/Vehicles_and_Flight_Systems/Scooty/Tactile/5.jpg","","Scooty","https://tactileeval.s3.us-east-1.amazonaws.com/family_datasets/Vehicles_and_Flight_Systems/Scooty/Natural/6.jpg","https://tactileeval.s3.us-east-1.amazonaws.com/family_datasets/Vehicles_and_Flight_Systems/Scooty/Tactile/6.jpg","","Scooty","https://tactileeval.s3.us-east-1.amazonaws.com/family_datasets/Vehicles_and_Flight_Systems/Scooty/Natural/7.jpg","https://tactileeval.s3.us-east-1.amazonaws.com/family_datasets/Vehicles_and_Flight_Systems/Scooty/Tactile/7.jpg","","Scooty","https://tactileeval.s3.us-east-1.amazonaws.com/family_datasets/Vehicles_and_Flight_Systems/Scooty/Natural/8.jpg","https://tactileeval.s3.us-east-1.amazonaws.com/family_datasets/Vehicles_and_Flight_Systems/Scooty/Tactile/8.jpg","","Scooty","https://tactileeval.s3.us-east-1.amazonaws.com/family_datasets/Vehicles_and_Flight_Systems/Scooty/Natural/9.jpg","https://tactileeval.s3.us-east-1.amazonaws.com/family_datasets/Vehicles_and_Flight_Systems/Scooty/Tactile/9.jpg","","Scooty","https://tactileeval.s3.us-east-1.amazonaws.com/family_datasets/Vehicles_and_Flight_Systems/Scooty/Natural/10.jpg","https://tactileeval.s3.us-east-1.amazonaws.com/family_datasets/Vehicles_and_Flight_Systems/Scooty/Tactile/10.jpg","","Scooty","https://tactileeval.s3.us-east-1.amazonaws.com/family_datasets/Vehicles_and_Flight_Systems/Scooty/Natural/11.png","https://tactileeval.s3.us-east-1.amazonaws.com/family_datasets/Vehicles_and_Flight_Systems/Scooty/Tactile/11.jpg","","Scooty","https://tactileeval.s3.us-east-1.amazonaws.com/family_datasets/Vehicles_and_Flight_Systems/Scooty/Natural/12.jpg","https://tactileeval.s3.us-east-1.amazonaws.com/family_datasets/Vehicles_and_Flight_Systems/Scooty/Tactile/12.jpg","","Ship","https://tactileeval.s3.us-east-1.amazonaws.com/family_datasets/Vehicles_and_Flight_Systems/Ship/Natural/1.jpg","https://tactileeval.s3.us-east-1.amazonaws.com/family_datasets/Vehicles_and_Flight_Systems/Ship/Tactile/1.jpg","","[{""question1"":{""background_clean"":true,""configuration_match"":true,""object_match"":true},""question10"":{""background_clean"":true,""configuration_match"":true,""object_match"":false},""question2"":{""background_clean"":true,""configuration_match"":true,""object_match"":true},""question3"":{""background_clean"":true,""configuration_match"":true,""object_match"":true},""question4"":{""background_clean"":true,""configuration_match"":true,""object_match"":true},""question5"":{""background_clean"":true,""configuration_match"":true,""object_match"":true},""question6"":{""background_clean"":true,""configuration_match"":true,""object_match"":true},""question7"":{""background_clean"":true,""configuration_match"":true,""object_match"":false},""question8"":{""background_clean"":true,""configuration_match"":true,""object_match"":true},""question9"":{""background_clean"":true,""configuration_match"":true,""object_match"":true}}]"
"3BFNCI9LZC4CXHAAXMNZATHT14J370","3PMOF0KIQ9OPLJTQP1WUGXCGLK7KBL","Categorize images based on background and posture.","Review 10 line-arts and judge if it has adequate background and configuration. (10 pairs)","tactile, image review, accessibility, vehicles","$0.08","Sat Apr 18 07:32:18 PDT 2026","7","BatchId:5385911;OriginalHitTemplateId:928390873;","1200","1296000","Sat Apr 25 07:32:18 PDT 2026","","","3A9AA95AUP063MZ7XTAADW2RJXB5PR","A9380GKZM50GU","Submitted","Sat Apr 18 10:12:20 PDT 2026","Sat Apr 18 10:22:40 PDT 2026","Sun May 03 10:22:40 PDT 2026","","","","620","0% (0/0)","0% (0/0)","0% (0/0)","Scooty","https://tactileeval.s3.us-east-1.amazonaws.com/family_datasets/Vehicles_and_Flight_Systems/Scooty/Natural/4.jpg","https://tactileeval.s3.us-east-1.amazonaws.com/family_datasets/Vehicles_and_Flight_Systems/Scooty/Tactile/4.jpg","","Scooty","https://tactileeval.s3.us-east-1.amazonaws.com/family_datasets/Vehicles_and_Flight_Systems/Scooty/Natural/5.jpg","https://tactileeval.s3.us-east-1.amazonaws.com/family_datasets/Vehicles_and_Flight_Systems/Scooty/Tactile/5.jpg","","Scooty","https://tactileeval.s3.us-east-1.amazonaws.com/family_datasets/Vehicles_and_Flight_Systems/Scooty/Natural/6.jpg","https://tactileeval.s3.us-east-1.amazonaws.com/family_datasets/Vehicles_and_Flight_Systems/Scooty/Tactile/6.jpg","","Scooty","https://tactileeval.s3.us-east-1.amazonaws.com/family_datasets/Vehicles_and_Flight_Systems/Scooty/Natural/7.jpg","https://tactileeval.s3.us-east-1.amazonaws.com/family_datasets/Vehicles_and_Flight_Systems/Scooty/Tactile/7.jpg","","Scooty","https://tactileeval.s3.us-east-1.amazonaws.com/family_datasets/Vehicles_and_Flight_Systems/Scooty/Natural/8.jpg","https://tactileeval.s3.us-east-1.amazonaws.com/family_datasets/Vehicles_and_Flight_Systems/Scooty/Tactile/8.jpg","","Scooty","https://tactileeval.s3.us-east-1.amazonaws.com/family_datasets/Vehicles_and_Flight_Systems/Scooty/Natural/9.jpg","https://tactileeval.s3.us-east-1.amazonaws.com/family_datasets/Vehicles_and_Flight_Systems/Scooty/Tactile/9.jpg","","Scooty","https://tactileeval.s3.us-east-1.amazonaws.com/family_datasets/Vehicles_and_Flight_Systems/Scooty/Natural/10.jpg","https://tactileeval.s3.us-east-1.amazonaws.com/family_datasets/Vehicles_and_Flight_Systems/Scooty/Tactile/10.jpg","","Scooty","https://tactileeval.s3.us-east-1.amazonaws.com/family_datasets/Vehicles_and_Flight_Systems/Scooty/Natural/11.png","https://tactileeval.s3.us-east-1.amazonaws.com/family_datasets/Vehicles_and_Flight_Systems/Scooty/Tactile/11.jpg","","Scooty","https://tactileeval.s3.us-east-1.amazonaws.com/family_datasets/Vehicles_and_Flight_Systems/Scooty/Natural/12.jpg","https://tactileeval.s3.us-east-1.amazonaws.com/family_datasets/Vehicles_and_Flight_Systems/Scooty/Tactile/12.jpg","","Ship","https://tactileeval.s3.us-east-1.amazonaws.com/family_datasets/Vehicles_and_Flight_Systems/Ship/Natural/1.jpg","https://tactileeval.s3.us-east-1.amazonaws.com/family_datasets/Vehicles_and_Flight_Systems/Ship/Tactile/1.jpg","","[{""question1"":{""background_clean"":true,""configuration_match"":false,""object_match"":true},""question10"":{""background_clean"":true,""configuration_match"":false,""object_match"":true},""question2"":{""background_clean"":true,""configuration_match"":true,""object_match"":true},""question3"":{""background_clean"":true,""configuration_match"":true,""object_match"":true},""question4"":{""background_clean"":true,""configuration_match"":true,""object_match"":true},""question5"":{""background_clean"":true,""configuration_match"":false,""object_match"":true},""question6"":{""background_clean"":true,""configuration_match"":true,""object_match"":true},""question7"":{""background_clean"":true,""configuration_match"":false,""object_match"":true},""question8"":{""background_clean"":true,""configuration_match"":true,""object_match"":true},""question9"":{""background_clean"":true,""configuration_match"":true,""object_match"":true}}]"
"3BFNCI9LZC4CXHAAXMNZATHT14J370","3PMOF0KIQ9OPLJTQP1WUGXCGLK7KBL","Categorize images based on background and posture.","Review 10 line-arts and judge if it has adequate background and configuration. (10 pairs)","tactile, image review, accessibility, vehicles","$0.08","Sat Apr 18 07:32:18 PDT 2026","7","BatchId:5385911;OriginalHitTemplateId:928390873;","1200","1296000","Sat Apr 25 07:32:18 PDT 2026","","","3L6L49WXXTBKETDOZ9IMAYRWS1I543","A2Y0HZSZTQAVDW","Submitted","Sat Apr 18 10:34:49 PDT 2026","Sat Apr 18 10:41:44 PDT 2026","Sun May 03 10:41:44 PDT 2026","","","","415","0% (0/0)","0% (0/0)","0% (0/0)","Scooty","https://tactileeval.s3.us-east-1.amazonaws.com/family_datasets/Vehicles_and_Flight_Systems/Scooty/Natural/4.jpg","https://tactileeval.s3.us-east-1.amazonaws.com/family_datasets/Vehicles_and_Flight_Systems/Scooty/Tactile/4.jpg","","Scooty","https://tactileeval.s3.us-east-1.amazonaws.com/family_datasets/Vehicles_and_Flight_Systems/Scooty/Natural/5.jpg","https://tactileeval.s3.us-east-1.amazonaws.com/family_datasets/Vehicles_and_Flight_Systems/Scooty/Tactile/5.jpg","","Scooty","https://tactileeval.s3.us-east-1.amazonaws.com/family_datasets/Vehicles_and_Flight_Systems/Scooty/Natural/6.jpg","https://tactileeval.s3.us-east-1.amazonaws.com/family_datasets/Vehicles_and_Flight_Systems/Scooty/Tactile/6.jpg","","Scooty","https://tactileeval.s3.us-east-1.amazonaws.com/family_datasets/Vehicles_and_Flight_Systems/Scooty/Natural/7.jpg","https://tactileeval.s3.us-east-1.amazonaws.com/family_datasets/Vehicles_and_Flight_Systems/Scooty/Tactile/7.jpg","","Scooty","https://tactileeval.s3.us-east-1.amazonaws.com/family_datasets/Vehicles_and_Flight_Systems/Scooty/Natural/8.jpg","https://tactileeval.s3.us-east-1.amazonaws.com/family_datasets/Vehicles_and_Flight_Systems/Scooty/Tactile/8.jpg","","Scooty","https://tactileeval.s3.us-east-1.amazonaws.com/family_datasets/Vehicles_and_Flight_Systems/Scooty/Natural/9.jpg","https://tactileeval.s3.us-east-1.amazonaws.com/family_datasets/Vehicles_and_Flight_Systems/Scooty/Tactile/9.jpg","","Scooty","https://tactileeval.s3.us-east-1.amazonaws.com/family_datasets/Vehicles_and_Flight_Systems/Scooty/Natural/10.jpg","https://tactileeval.s3.us-east-1.amazonaws.com/family_datasets/Vehicles_and_Flight_Systems/Scooty/Tactile/10.jpg","","Scooty","https://tactileeval.s3.us-east-1.amazonaws.com/family_datasets/Vehicles_and_Flight_Systems/Scooty/Natural/11.png","https://tactileeval.s3.us-east-1.amazonaws.com/family_datasets/Vehicles_and_Flight_Systems/Scooty/Tactile/11.jpg","","Scooty","https://tactileeval.s3.us-east-1.amazonaws.com/family_datasets/Vehicles_and_Flight_Systems/Scooty/Natural/12.jpg","https://tactileeval.s3.us-east-1.amazonaws.com/family_datasets/Vehicles_and_Flight_Systems/Scooty/Tactile/12.jpg","","Ship","https://tactileeval.s3.us-east-1.amazonaws.com/family_datasets/Vehicles_and_Flight_Systems/Ship/Natural/1.jpg","https://tactileeval.s3.us-east-1.amazonaws.com/family_datasets/Vehicles_and_Flight_Systems/Ship/Tactile/1.jpg","","[{""question1"":{""background_clean"":true,""configuration_match"":false,""object_match"":false},""question10"":{""background_clean"":true,""configuration_match"":false,""object_match"":false},""question2"":{""background_clean"":true,""configuration_match"":false,""object_match"":false},""question3"":{""background_clean"":true,""configuration_match"":false,""object_match"":false},""question4"":{""background_clean"":true,""configuration_match"":false,""object_match"":true},""question5"":{""background_clean"":true,""configuration_match"":false,""object_match"":false},""question6"":{""background_clean"":true,""configuration_match"":true,""object_match"":true},""question7"":{""background_clean"":true,""configuration_match"":false,""object_match"":false},""question8"":{""background_clean"":true,""configuration_match"":true,""object_match"":true},""question9"":{""background_clean"":true,""configuration_match"":false,""object_match"":true}}]"
"3BFNCI9LZC4CXHAAXMNZATHT14J370","3PMOF0KIQ9OPLJTQP1WUGXCGLK7KBL","Categorize images based on background and posture.","Review 10 line-arts and judge if it has adequate background and configuration. (10 pairs)","tactile, image review, accessibility, vehicles","$0.08","Sat Apr 18 07:32:18 PDT 2026","7","BatchId:5385911;OriginalHitTemplateId:928390873;","1200","1296000","Sat Apr 25 07:32:18 PDT 2026","","","3PM8NZGV9RU05HKW3C8U5KJLHSHQXN","ADE24F2LKZ61M","Submitted","Sat Apr 18 12:08:51 PDT 2026","Sat Apr 18 12:15:50 PDT 2026","Sun May 03 12:15:50 PDT 2026","","","","419","0% (0/0)","0% (0/0)","0% (0/0)","Scooty","https://tactileeval.s3.us-east-1.amazonaws.com/family_datasets/Vehicles_and_Flight_Systems/Scooty/Natural/4.jpg","https://tactileeval.s3.us-east-1.amazonaws.com/family_datasets/Vehicles_and_Flight_Systems/Scooty/Tactile/4.jpg","","Scooty","https://tactileeval.s3.us-east-1.amazonaws.com/family_datasets/Vehicles_and_Flight_Systems/Scooty/Natural/5.jpg","https://tactileeval.s3.us-east-1.amazonaws.com/family_datasets/Vehicles_and_Flight_Systems/Scooty/Tactile/5.jpg","","Scooty","https://tactileeval.s3.us-east-1.amazonaws.com/family_datasets/Vehicles_and_Flight_Systems/Scooty/Natural/6.jpg","https://tactileeval.s3.us-east-1.amazonaws.com/family_datasets/Vehicles_and_Flight_Systems/Scooty/Tactile/6.jpg","","Scooty","https://tactileeval.s3.us-east-1.amazonaws.com/family_datasets/Vehicles_and_Flight_Systems/Scooty/Natural/7.jpg","https://tactileeval.s3.us-east-1.amazonaws.com/family_datasets/Vehicles_and_Flight_Systems/Scooty/Tactile/7.jpg","","Scooty","https://tactileeval.s3.us-east-1.amazonaws.com/family_datasets/Vehicles_and_Flight_Systems/Scooty/Natural/8.jpg","https://tactileeval.s3.us-east-1.amazonaws.com/family_datasets/Vehicles_and_Flight_Systems/Scooty/Tactile/8.jpg","","Scooty","https://tactileeval.s3.us-east-1.amazonaws.com/family_datasets/Vehicles_and_Flight_Systems/Scooty/Natural/9.jpg","https://tactileeval.s3.us-east-1.amazonaws.com/family_datasets/Vehicles_and_Flight_Systems/Scooty/Tactile/9.jpg","","Scooty","https://tactileeval.s3.us-east-1.amazonaws.com/family_datasets/Vehicles_and_Flight_Systems/Scooty/Natural/10.jpg","https://tactileeval.s3.us-east-1.amazonaws.com/family_datasets/Vehicles_and_Flight_Systems/Scooty/Tactile/10.jpg","","Scooty","https://tactileeval.s3.us-east-1.amazonaws.com/family_datasets/Vehicles_and_Flight_Systems/Scooty/Natural/11.png","https://tactileeval.s3.us-east-1.amazonaws.com/family_datasets/Vehicles_and_Flight_Systems/Scooty/Tactile/11.jpg","","Scooty","https://tactileeval.s3.us-east-1.amazonaws.com/family_datasets/Vehicles_and_Flight_Systems/Scooty/Natural/12.jpg","https://tactileeval.s3.us-east-1.amazonaws.com/family_datasets/Vehicles_and_Flight_Systems/Scooty/Tactile/12.jpg","","Ship","https://tactileeval.s3.us-east-1.amazonaws.com/family_datasets/Vehicles_and_Flight_Systems/Ship/Natural/1.jpg","https://tactileeval.s3.us-east-1.amazonaws.com/family_datasets/Vehicles_and_Flight_Systems/Ship/Tactile/1.jpg","","[{""question1"":{""background_clean"":false,""configuration_match"":true,""object_match"":true},""question10"":{""background_clean"":false,""configuration_match"":true,""object_match"":true},""question2"":{""background_clean"":true,""configuration_match"":true,""object_match"":true},""question3"":{""background_clean"":true,""configuration_match"":false,""object_match"":true},""question4"":{""background_clean"":true,""configuration_match"":true,""object_match"":true},""question5"":{""background_clean"":true,""configuration_match"":false,""object_match"":true},""question6"":{""background_clean"":false,""configuration_match"":true,""object_match"":true},""question7"":{""background_clean"":false,""configuration_match"":true,""object_match"":true},""question8"":{""background_clean"":false,""configuration_match"":true,""object_match"":true},""question9"":{""background_clean"":false,""configuration_match"":true,""object_match"":true}}]"
"3BFNCI9LZC4CXHAAXMNZATHT14J370","3PMOF0KIQ9OPLJTQP1WUGXCGLK7KBL","Categorize images based on background and posture.","Review 10 line-arts and judge if it has adequate background and configuration. (10 pairs)","tactile, image review, accessibility, vehicles","$0.08","Sat Apr 18 07:32:18 PDT 2026","7","BatchId:5385911;OriginalHitTemplateId:928390873;","1200","1296000","Sat Apr 25 07:32:18 PDT 2026","","","3NPFYT4I05I9SSQI0G3IB6FJB5BGXL","A3TQB5QGNAFIHS","Submitted","Sat Apr 18 13:09:36 PDT 2026","Sat Apr 18 13:13:48 PDT 2026","Sun May 03 13:13:48 PDT 2026","","","","252","0% (0/1)","0% (0/1)","0% (0/1)","Scooty","https://tactileeval.s3.us-east-1.amazonaws.com/family_datasets/Vehicles_and_Flight_Systems/Scooty/Natural/4.jpg","https://tactileeval.s3.us-east-1.amazonaws.com/family_datasets/Vehicles_and_Flight_Systems/Scooty/Tactile/4.jpg","","Scooty","https://tactileeval.s3.us-east-1.amazonaws.com/family_datasets/Vehicles_and_Flight_Systems/Scooty/Natural/5.jpg","https://tactileeval.s3.us-east-1.amazonaws.com/family_datasets/Vehicles_and_Flight_Systems/Scooty/Tactile/5.jpg","","Scooty","https://tactileeval.s3.us-east-1.amazonaws.com/family_datasets/Vehicles_and_Flight_Systems/Scooty/Natural/6.jpg","https://tactileeval.s3.us-east-1.amazonaws.com/family_datasets/Vehicles_and_Flight_Systems/Scooty/Tactile/6.jpg","","Scooty","https://tactileeval.s3.us-east-1.amazonaws.com/family_datasets/Vehicles_and_Flight_Systems/Scooty/Natural/7.jpg","https://tactileeval.s3.us-east-1.amazonaws.com/family_datasets/Vehicles_and_Flight_Systems/Scooty/Tactile/7.jpg","","Scooty","https://tactileeval.s3.us-east-1.amazonaws.com/family_datasets/Vehicles_and_Flight_Systems/Scooty/Natural/8.jpg","https://tactileeval.s3.us-east-1.amazonaws.com/family_datasets/Vehicles_and_Flight_Systems/Scooty/Tactile/8.jpg","","Scooty","https://tactileeval.s3.us-east-1.amazonaws.com/family_datasets/Vehicles_and_Flight_Systems/Scooty/Natural/9.jpg","https://tactileeval.s3.us-east-1.amazonaws.com/family_datasets/Vehicles_and_Flight_Systems/Scooty/Tactile/9.jpg","","Scooty","https://tactileeval.s3.us-east-1.amazonaws.com/family_datasets/Vehicles_and_Flight_Systems/Scooty/Natural/10.jpg","https://tactileeval.s3.us-east-1.amazonaws.com/family_datasets/Vehicles_and_Flight_Systems/Scooty/Tactile/10.jpg","","Scooty","https://tactileeval.s3.us-east-1.amazonaws.com/family_datasets/Vehicles_and_Flight_Systems/Scooty/Natural/11.png","https://tactileeval.s3.us-east-1.amazonaws.com/family_datasets/Vehicles_and_Flight_Systems/Scooty/Tactile/11.jpg","","Scooty","https://tactileeval.s3.us-east-1.amazonaws.com/family_datasets/Vehicles_and_Flight_Systems/Scooty/Natural/12.jpg","https://tactileeval.s3.us-east-1.amazonaws.com/family_datasets/Vehicles_and_Flight_Systems/Scooty/Tactile/12.jpg","","Ship","https://tactileeval.s3.us-east-1.amazonaws.com/family_datasets/Vehicles_and_Flight_Systems/Ship/Natural/1.jpg","https://tactileeval.s3.us-east-1.amazonaws.com/family_datasets/Vehicles_and_Flight_Systems/Ship/Tactile/1.jpg","","[{""question1"":{""background_clean"":true,""configuration_match"":true,""object_match"":true},""question10"":{""background_clean"":true,""configuration_match"":false,""object_match"":true},""question2"":{""background_clean"":true,""configuration_match"":false,""object_match"":true},""question3"":{""background_clean"":true,""configuration_match"":true,""object_match"":true},""question4"":{""background_clean"":true,""configuration_match"":true,""object_match"":true},""question5"":{""background_clean"":true,""configuration_match"":false,""object_match"":true},""question6"":{""background_clean"":true,""configuration_match"":true,""object_match"":true},""question7"":{""background_clean"":true,""configuration_match"":true,""object_match"":true},""question8"":{""background_clean"":true,""configuration_match"":true,""object_match"":true},""question9"":{""background_clean"":true,""configuration_match"":true,""object_match"":true}}]"
"3KG2UQJ0NB2T738ZB4GKJYWUBB1NQX","3PMOF0KIQ9OPLJTQP1WUGXCGLK7KBL","Categorize images based on background and posture.","Review 10 line-arts and judge if it has adequate background and configuration. (10 pairs)","tactile, image review, accessibility, vehicles","$0.08","Sat Apr 18 07:32:18 PDT 2026","7","BatchId:5385911;OriginalHitTemplateId:928390873;","1200","1296000","Sat Apr 25 07:32:18 PDT 2026","","","3ZPPDN2SMOAL7ICTR57GV08PRL89EF","A1KXF2L2ZGQXJK","Submitted","Sat Apr 18 08:05:51 PDT 2026","Sat Apr 18 08:07:09 PDT 2026","Sun May 03 08:07:09 PDT 2026","","","","78","0% (0/0)","0% (0/0)","0% (0/0)","Ship","https://tactileeval.s3.us-east-1.amazonaws.com/family_datasets/Vehicles_and_Flight_Systems/Ship/Natural/2.jpg","https://tactileeval.s3.us-east-1.amazonaws.com/family_datasets/Vehicles_and_Flight_Systems/Ship/Tactile/2.jpg","","Ship","https://tactileeval.s3.us-east-1.amazonaws.com/family_datasets/Vehicles_and_Flight_Systems/Ship/Natural/3.jpg","https://tactileeval.s3.us-east-1.amazonaws.com/family_datasets/Vehicles_and_Flight_Systems/Ship/Tactile/3.jpg","","Ship","https://tactileeval.s3.us-east-1.amazonaws.com/family_datasets/Vehicles_and_Flight_Systems/Ship/Natural/4.jpg","https://tactileeval.s3.us-east-1.amazonaws.com/family_datasets/Vehicles_and_Flight_Systems/Ship/Tactile/4.jpg","","Ship","https://tactileeval.s3.us-east-1.amazonaws.com/family_datasets/Vehicles_and_Flight_Systems/Ship/Natural/5.jpg","https://tactileeval.s3.us-east-1.amazonaws.com/family_datasets/Vehicles_and_Flight_Systems/Ship/Tactile/5.jpg","","Ship","https://tactileeval.s3.us-east-1.amazonaws.com/family_datasets/Vehicles_and_Flight_Systems/Ship/Natural/6.jpg","https://tactileeval.s3.us-east-1.amazonaws.com/family_datasets/Vehicles_and_Flight_Systems/Ship/Tactile/6.jpg","","Ship","https://tactileeval.s3.us-east-1.amazonaws.com/family_datasets/Vehicles_and_Flight_Systems/Ship/Natural/7.jpg","https://tactileeval.s3.us-east-1.amazonaws.com/family_datasets/Vehicles_and_Flight_Systems/Ship/Tactile/7.jpg","","Ship","https://tactileeval.s3.us-east-1.amazonaws.com/family_datasets/Vehicles_and_Flight_Systems/Ship/Natural/8.jpg","https://tactileeval.s3.us-east-1.amazonaws.com/family_datasets/Vehicles_and_Flight_Systems/Ship/Tactile/8.jpg","","Ship","https://tactileeval.s3.us-east-1.amazonaws.com/family_datasets/Vehicles_and_Flight_Systems/Ship/Natural/9.jpg","https://tactileeval.s3.us-east-1.amazonaws.com/family_datasets/Vehicles_and_Flight_Systems/Ship/Tactile/9.jpg","","Ship","https://tactileeval.s3.us-east-1.amazonaws.com/family_datasets/Vehicles_and_Flight_Systems/Ship/Natural/10.jpg","https://tactileeval.s3.us-east-1.amazonaws.com/family_datasets/Vehicles_and_Flight_Systems/Ship/Tactile/10.jpg","","Ship","https://tactileeval.s3.us-east-1.amazonaws.com/family_datasets/Vehicles_and_Flight_Systems/Ship/Natural/11.jpg","https://tactileeval.s3.us-east-1.amazonaws.com/family_datasets/Vehicles_and_Flight_Systems/Ship/Tactile/11.jpg","","[{""question1"":{""background_clean"":false,""configuration_match"":true,""object_match"":false},""question10"":{""background_clean"":true,""configuration_match"":true,""object_match"":false},""question2"":{""background_clean"":true,""configuration_match"":false,""object_match"":false},""question3"":{""background_clean"":true,""configuration_match"":true,""object_match"":false},""question4"":{""background_clean"":true,""configuration_match"":true,""object_match"":true},""question5"":{""background_clean"":true,""configuration_match"":true,""object_match"":false},""question6"":{""background_clean"":true,""configuration_match"":true,""object_match"":false},""question7"":{""background_clean"":true,""configuration_match"":true,""object_match"":true},""question8"":{""background_clean"":true,""configuration_match"":false,""object_match"":false},""question9"":{""background_clean"":true,""configuration_match"":true,""object_match"":false}}]"
"3KG2UQJ0NB2T738ZB4GKJYWUBB1NQX","3PMOF0KIQ9OPLJTQP1WUGXCGLK7KBL","Categorize images based on background and posture.","Review 10 line-arts and judge if it has adequate background and configuration. (10 pairs)","tactile, image review, accessibility, vehicles","$0.08","Sat Apr 18 07:32:18 PDT 2026","7","BatchId:5385911;OriginalHitTemplateId:928390873;","1200","1296000","Sat Apr 25 07:32:18 PDT 2026","","","3CFVK00FXEZCV5KNAKR8OL77AIFL6J","A1LN8392JHDGL5","Submitted","Sat Apr 18 09:38:52 PDT 2026","Sat Apr 18 09:45:20 PDT 2026","Sun May 03 09:45:20 PDT 2026","","","","388","0% (0/0)","0% (0/0)","0% (0/0)","Ship","https://tactileeval.s3.us-east-1.amazonaws.com/family_datasets/Vehicles_and_Flight_Systems/Ship/Natural/2.jpg","https://tactileeval.s3.us-east-1.amazonaws.com/family_datasets/Vehicles_and_Flight_Systems/Ship/Tactile/2.jpg","","Ship","https://tactileeval.s3.us-east-1.amazonaws.com/family_datasets/Vehicles_and_Flight_Systems/Ship/Natural/3.jpg","https://tactileeval.s3.us-east-1.amazonaws.com/family_datasets/Vehicles_and_Flight_Systems/Ship/Tactile/3.jpg","","Ship","https://tactileeval.s3.us-east-1.amazonaws.com/family_datasets/Vehicles_and_Flight_Systems/Ship/Natural/4.jpg","https://tactileeval.s3.us-east-1.amazonaws.com/family_datasets/Vehicles_and_Flight_Systems/Ship/Tactile/4.jpg","","Ship","https://tactileeval.s3.us-east-1.amazonaws.com/family_datasets/Vehicles_and_Flight_Systems/Ship/Natural/5.jpg","https://tactileeval.s3.us-east-1.amazonaws.com/family_datasets/Vehicles_and_Flight_Systems/Ship/Tactile/5.jpg","","Ship","https://tactileeval.s3.us-east-1.amazonaws.com/family_datasets/Vehicles_and_Flight_Systems/Ship/Natural/6.jpg","https://tactileeval.s3.us-east-1.amazonaws.com/family_datasets/Vehicles_and_Flight_Systems/Ship/Tactile/6.jpg","","Ship","https://tactileeval.s3.us-east-1.amazonaws.com/family_datasets/Vehicles_and_Flight_Systems/Ship/Natural/7.jpg","https://tactileeval.s3.us-east-1.amazonaws.com/family_datasets/Vehicles_and_Flight_Systems/Ship/Tactile/7.jpg","","Ship","https://tactileeval.s3.us-east-1.amazonaws.com/family_datasets/Vehicles_and_Flight_Systems/Ship/Natural/8.jpg","https://tactileeval.s3.us-east-1.amazonaws.com/family_datasets/Vehicles_and_Flight_Systems/Ship/Tactile/8.jpg","","Ship","https://tactileeval.s3.us-east-1.amazonaws.com/family_datasets/Vehicles_and_Flight_Systems/Ship/Natural/9.jpg","https://tactileeval.s3.us-east-1.amazonaws.com/family_datasets/Vehicles_and_Flight_Systems/Ship/Tactile/9.jpg","","Ship","https://tactileeval.s3.us-east-1.amazonaws.com/family_datasets/Vehicles_and_Flight_Systems/Ship/Natural/10.jpg","https://tactileeval.s3.us-east-1.amazonaws.com/family_datasets/Vehicles_and_Flight_Systems/Ship/Tactile/10.jpg","","Ship","https://tactileeval.s3.us-east-1.amazonaws.com/family_datasets/Vehicles_and_Flight_Systems/Ship/Natural/11.jpg","https://tactileeval.s3.us-east-1.amazonaws.com/family_datasets/Vehicles_and_Flight_Systems/Ship/Tactile/11.jpg","","[{""question1"":{""background_clean"":true,""configuration_match"":false,""object_match"":false},""question10"":{""background_clean"":true,""configuration_match"":false,""object_match"":true},""question2"":{""background_clean"":true,""configuration_match"":false,""object_match"":true},""question3"":{""background_clean"":true,""configuration_match"":true,""object_match"":true},""question4"":{""background_clean"":true,""configuration_match"":true,""object_match"":true},""question5"":{""background_clean"":true,""configuration_match"":true,""object_match"":true},""question6"":{""background_clean"":true,""configuration_match"":true,""object_match"":true},""question7"":{""background_clean"":true,""configuration_match"":false,""object_match"":false},""question8"":{""background_clean"":true,""configuration_match"":false,""object_match"":false},""question9"":{""background_clean"":true,""configuration_match"":false,""object_match"":true}}]"
"3KG2UQJ0NB2T738ZB4GKJYWUBB1NQX","3PMOF0KIQ9OPLJTQP1WUGXCGLK7KBL","Categorize images based on background and posture.","Review 10 line-arts and judge if it has adequate background and configuration. (10 pairs)","tactile, image review, accessibility, vehicles","$0.08","Sat Apr 18 07:32:18 PDT 2026","7","BatchId:5385911;OriginalHitTemplateId:928390873;","1200","1296000","Sat Apr 25 07:32:18 PDT 2026","","","354P56DEADHI3ITID3T16LLYXN8S74","A2FK6782M09EBO","Submitted","Sat Apr 18 09:48:31 PDT 2026","Sat Apr 18 09:59:17 PDT 2026","Sun May 03 09:59:17 PDT 2026","","","","646","93% (65/70)","93% (65/70)","93% (65/70)","Ship","https://tactileeval.s3.us-east-1.amazonaws.com/family_datasets/Vehicles_and_Flight_Systems/Ship/Natural/2.jpg","https://tactileeval.s3.us-east-1.amazonaws.com/family_datasets/Vehicles_and_Flight_Systems/Ship/Tactile/2.jpg","","Ship","https://tactileeval.s3.us-east-1.amazonaws.com/family_datasets/Vehicles_and_Flight_Systems/Ship/Natural/3.jpg","https://tactileeval.s3.us-east-1.amazonaws.com/family_datasets/Vehicles_and_Flight_Systems/Ship/Tactile/3.jpg","","Ship","https://tactileeval.s3.us-east-1.amazonaws.com/family_datasets/Vehicles_and_Flight_Systems/Ship/Natural/4.jpg","https://tactileeval.s3.us-east-1.amazonaws.com/family_datasets/Vehicles_and_Flight_Systems/Ship/Tactile/4.jpg","","Ship","https://tactileeval.s3.us-east-1.amazonaws.com/family_datasets/Vehicles_and_Flight_Systems/Ship/Natural/5.jpg","https://tactileeval.s3.us-east-1.amazonaws.com/family_datasets/Vehicles_and_Flight_Systems/Ship/Tactile/5.jpg","","Ship","https://tactileeval.s3.us-east-1.amazonaws.com/family_datasets/Vehicles_and_Flight_Systems/Ship/Natural/6.jpg","https://tactileeval.s3.us-east-1.amazonaws.com/family_datasets/Vehicles_and_Flight_Systems/Ship/Tactile/6.jpg","","Ship","https://tactileeval.s3.us-east-1.amazonaws.com/family_datasets/Vehicles_and_Flight_Systems/Ship/Natural/7.jpg","https://tactileeval.s3.us-east-1.amazonaws.com/family_datasets/Vehicles_and_Flight_Systems/Ship/Tactile/7.jpg","","Ship","https://tactileeval.s3.us-east-1.amazonaws.com/family_datasets/Vehicles_and_Flight_Systems/Ship/Natural/8.jpg","https://tactileeval.s3.us-east-1.amazonaws.com/family_datasets/Vehicles_and_Flight_Systems/Ship/Tactile/8.jpg","","Ship","https://tactileeval.s3.us-east-1.amazonaws.com/family_datasets/Vehicles_and_Flight_Systems/Ship/Natural/9.jpg","https://tactileeval.s3.us-east-1.amazonaws.com/family_datasets/Vehicles_and_Flight_Systems/Ship/Tactile/9.jpg","","Ship","https://tactileeval.s3.us-east-1.amazonaws.com/family_datasets/Vehicles_and_Flight_Systems/Ship/Natural/10.jpg","https://tactileeval.s3.us-east-1.amazonaws.com/family_datasets/Vehicles_and_Flight_Systems/Ship/Tactile/10.jpg","","Ship","https://tactileeval.s3.us-east-1.amazonaws.com/family_datasets/Vehicles_and_Flight_Systems/Ship/Natural/11.jpg","https://tactileeval.s3.us-east-1.amazonaws.com/family_datasets/Vehicles_and_Flight_Systems/Ship/Tactile/11.jpg","","[{""question1"":{""background_clean"":false,""configuration_match"":true,""object_match"":false},""question10"":{""background_clean"":true,""configuration_match"":true,""object_match"":true},""question2"":{""background_clean"":true,""configuration_match"":true,""object_match"":false},""question3"":{""background_clean"":true,""configuration_match"":true,""object_match"":false},""question4"":{""background_clean"":true,""configuration_match"":true,""object_match"":true},""question5"":{""background_clean"":true,""configuration_match"":true,""object_match"":false},""question6"":{""background_clean"":true,""configuration_match"":true,""object_match"":false},""question7"":{""background_clean"":true,""configuration_match"":true,""object_match"":true},""question8"":{""background_clean"":true,""configuration_match"":false,""object_match"":false},""question9"":{""background_clean"":true,""configuration_match"":true,""object_match"":true}}]"
"3KG2UQJ0NB2T738ZB4GKJYWUBB1NQX","3PMOF0KIQ9OPLJTQP1WUGXCGLK7KBL","Categorize images based on background and posture.","Review 10 line-arts and judge if it has adequate background and configuration. (10 pairs)","tactile, image review, accessibility, vehicles","$0.08","Sat Apr 18 07:32:18 PDT 2026","7","BatchId:5385911;OriginalHitTemplateId:928390873;","1200","1296000","Sat Apr 25 07:32:18 PDT 2026","","","3VHHR074IWVVZ5YSTUW0UZ735T87LD","A2Y0HZSZTQAVDW","Submitted","Sat Apr 18 10:34:51 PDT 2026","Sat Apr 18 10:43:35 PDT 2026","Sun May 03 10:43:35 PDT 2026","","","","524","0% (0/0)","0% (0/0)","0% (0/0)","Ship","https://tactileeval.s3.us-east-1.amazonaws.com/family_datasets/Vehicles_and_Flight_Systems/Ship/Natural/2.jpg","https://tactileeval.s3.us-east-1.amazonaws.com/family_datasets/Vehicles_and_Flight_Systems/Ship/Tactile/2.jpg","","Ship","https://tactileeval.s3.us-east-1.amazonaws.com/family_datasets/Vehicles_and_Flight_Systems/Ship/Natural/3.jpg","https://tactileeval.s3.us-east-1.amazonaws.com/family_datasets/Vehicles_and_Flight_Systems/Ship/Tactile/3.jpg","","Ship","https://tactileeval.s3.us-east-1.amazonaws.com/family_datasets/Vehicles_and_Flight_Systems/Ship/Natural/4.jpg","https://tactileeval.s3.us-east-1.amazonaws.com/family_datasets/Vehicles_and_Flight_Systems/Ship/Tactile/4.jpg","","Ship","https://tactileeval.s3.us-east-1.amazonaws.com/family_datasets/Vehicles_and_Flight_Systems/Ship/Natural/5.jpg","https://tactileeval.s3.us-east-1.amazonaws.com/family_datasets/Vehicles_and_Flight_Systems/Ship/Tactile/5.jpg","","Ship","https://tactileeval.s3.us-east-1.amazonaws.com/family_datasets/Vehicles_and_Flight_Systems/Ship/Natural/6.jpg","https://tactileeval.s3.us-east-1.amazonaws.com/family_datasets/Vehicles_and_Flight_Systems/Ship/Tactile/6.jpg","","Ship","https://tactileeval.s3.us-east-1.amazonaws.com/family_datasets/Vehicles_and_Flight_Systems/Ship/Natural/7.jpg","https://tactileeval.s3.us-east-1.amazonaws.com/family_datasets/Vehicles_and_Flight_Systems/Ship/Tactile/7.jpg","","Ship","https://tactileeval.s3.us-east-1.amazonaws.com/family_datasets/Vehicles_and_Flight_Systems/Ship/Natural/8.jpg","https://tactileeval.s3.us-east-1.amazonaws.com/family_datasets/Vehicles_and_Flight_Systems/Ship/Tactile/8.jpg","","Ship","https://tactileeval.s3.us-east-1.amazonaws.com/family_datasets/Vehicles_and_Flight_Systems/Ship/Natural/9.jpg","https://tactileeval.s3.us-east-1.amazonaws.com/family_datasets/Vehicles_and_Flight_Systems/Ship/Tactile/9.jpg","","Ship","https://tactileeval.s3.us-east-1.amazonaws.com/family_datasets/Vehicles_and_Flight_Systems/Ship/Natural/10.jpg","https://tactileeval.s3.us-east-1.amazonaws.com/family_datasets/Vehicles_and_Flight_Systems/Ship/Tactile/10.jpg","","Ship","https://tactileeval.s3.us-east-1.amazonaws.com/family_datasets/Vehicles_and_Flight_Systems/Ship/Natural/11.jpg","https://tactileeval.s3.us-east-1.amazonaws.com/family_datasets/Vehicles_and_Flight_Systems/Ship/Tactile/11.jpg","","[{""question1"":{""background_clean"":true,""configuration_match"":false,""object_match"":false},""question10"":{""background_clean"":true,""configuration_match"":false,""object_match"":false},""question2"":{""background_clean"":true,""configuration_match"":false,""object_match"":false},""question3"":{""background_clean"":true,""configuration_match"":true,""object_match"":true},""question4"":{""background_clean"":true,""configuration_match"":true,""object_match"":true},""question5"":{""background_clean"":true,""configuration_match"":false,""object_match"":false},""question6"":{""background_clean"":true,""configuration_match"":false,""object_match"":false},""question7"":{""background_clean"":true,""configuration_match"":false,""object_match"":false},""question8"":{""background_clean"":true,""configuration_match"":false,""object_match"":false},""question9"":{""background_clean"":true,""configuration_match"":false,""object_match"":false}}]"
"3KG2UQJ0NB2T738ZB4GKJYWUBB1NQX","3PMOF0KIQ9OPLJTQP1WUGXCGLK7KBL","Categorize images based on background and posture.","Review 10 line-arts and judge if it has adequate background and configuration. (10 pairs)","tactile, image review, accessibility, vehicles","$0.08","Sat Apr 18 07:32:18 PDT 2026","7","BatchId:5385911;OriginalHitTemplateId:928390873;","1200","1296000","Sat Apr 25 07:32:18 PDT 2026","","","3X65QVEQJT11BMTOKB4BALZH640CLC","A19HN15YVY9E5I","Submitted","Sat Apr 18 10:48:28 PDT 2026","Sat Apr 18 10:49:48 PDT 2026","Sun May 03 10:49:48 PDT 2026","","","","80","63% (5/8)","63% (5/8)","63% (5/8)","Ship","https://tactileeval.s3.us-east-1.amazonaws.com/family_datasets/Vehicles_and_Flight_Systems/Ship/Natural/2.jpg","https://tactileeval.s3.us-east-1.amazonaws.com/family_datasets/Vehicles_and_Flight_Systems/Ship/Tactile/2.jpg","","Ship","https://tactileeval.s3.us-east-1.amazonaws.com/family_datasets/Vehicles_and_Flight_Systems/Ship/Natural/3.jpg","https://tactileeval.s3.us-east-1.amazonaws.com/family_datasets/Vehicles_and_Flight_Systems/Ship/Tactile/3.jpg","","Ship","https://tactileeval.s3.us-east-1.amazonaws.com/family_datasets/Vehicles_and_Flight_Systems/Ship/Natural/4.jpg","https://tactileeval.s3.us-east-1.amazonaws.com/family_datasets/Vehicles_and_Flight_Systems/Ship/Tactile/4.jpg","","Ship","https://tactileeval.s3.us-east-1.amazonaws.com/family_datasets/Vehicles_and_Flight_Systems/Ship/Natural/5.jpg","https://tactileeval.s3.us-east-1.amazonaws.com/family_datasets/Vehicles_and_Flight_Systems/Ship/Tactile/5.jpg","","Ship","https://tactileeval.s3.us-east-1.amazonaws.com/family_datasets/Vehicles_and_Flight_Systems/Ship/Natural/6.jpg","https://tactileeval.s3.us-east-1.amazonaws.com/family_datasets/Vehicles_and_Flight_Systems/Ship/Tactile/6.jpg","","Ship","https://tactileeval.s3.us-east-1.amazonaws.com/family_datasets/Vehicles_and_Flight_Systems/Ship/Natural/7.jpg","https://tactileeval.s3.us-east-1.amazonaws.com/family_datasets/Vehicles_and_Flight_Systems/Ship/Tactile/7.jpg","","Ship","https://tactileeval.s3.us-east-1.amazonaws.com/family_datasets/Vehicles_and_Flight_Systems/Ship/Natural/8.jpg","https://tactileeval.s3.us-east-1.amazonaws.com/family_datasets/Vehicles_and_Flight_Systems/Ship/Tactile/8.jpg","","Ship","https://tactileeval.s3.us-east-1.amazonaws.com/family_datasets/Vehicles_and_Flight_Systems/Ship/Natural/9.jpg","https://tactileeval.s3.us-east-1.amazonaws.com/family_datasets/Vehicles_and_Flight_Systems/Ship/Tactile/9.jpg","","Ship","https://tactileeval.s3.us-east-1.amazonaws.com/family_datasets/Vehicles_and_Flight_Systems/Ship/Natural/10.jpg","https://tactileeval.s3.us-east-1.amazonaws.com/family_datasets/Vehicles_and_Flight_Systems/Ship/Tactile/10.jpg","","Ship","https://tactileeval.s3.us-east-1.amazonaws.com/family_datasets/Vehicles_and_Flight_Systems/Ship/Natural/11.jpg","https://tactileeval.s3.us-east-1.amazonaws.com/family_datasets/Vehicles_and_Flight_Systems/Ship/Tactile/11.jpg","","[{""question1"":{""background_clean"":true,""configuration_match"":false,""object_match"":false},""question10"":{""background_clean"":true,""configuration_match"":false,""object_match"":false},""question2"":{""background_clean"":true,""configuration_match"":false,""object_match"":false},""question3"":{""background_clean"":true,""configuration_match"":true,""object_match"":true},""question4"":{""background_clean"":true,""configuration_match"":false,""object_match"":false},""question5"":{""background_clean"":true,""configuration_match"":false,""object_match"":false},""question6"":{""background_clean"":true,""configuration_match"":false,""object_match"":false},""question7"":{""background_clean"":true,""configuration_match"":false,""object_match"":false},""question8"":{""background_clean"":true,""configuration_match"":false,""object_match"":false},""question9"":{""background_clean"":true,""configuration_match"":false,""object_match"":false}}]"
"3KG2UQJ0NB2T738ZB4GKJYWUBB1NQX","3PMOF0KIQ9OPLJTQP1WUGXCGLK7KBL","Categorize images based on background and posture.","Review 10 line-arts and judge if it has adequate background and configuration. (10 pairs)","tactile, image review, accessibility, vehicles","$0.08","Sat Apr 18 07:32:18 PDT 2026","7","BatchId:5385911;OriginalHitTemplateId:928390873;","1200","1296000","Sat Apr 25 07:32:18 PDT 2026","","","3CFJTT4SYM4T94QM8RZN2JFBOPJ7I4","A9380GKZM50GU","Submitted","Sat Apr 18 11:31:01 PDT 2026","Sat Apr 18 11:34:30 PDT 2026","Sun May 03 11:34:30 PDT 2026","","","","209","0% (0/0)","0% (0/0)","0% (0/0)","Ship","https://tactileeval.s3.us-east-1.amazonaws.com/family_datasets/Vehicles_and_Flight_Systems/Ship/Natural/2.jpg","https://tactileeval.s3.us-east-1.amazonaws.com/family_datasets/Vehicles_and_Flight_Systems/Ship/Tactile/2.jpg","","Ship","https://tactileeval.s3.us-east-1.amazonaws.com/family_datasets/Vehicles_and_Flight_Systems/Ship/Natural/3.jpg","https://tactileeval.s3.us-east-1.amazonaws.com/family_datasets/Vehicles_and_Flight_Systems/Ship/Tactile/3.jpg","","Ship","https://tactileeval.s3.us-east-1.amazonaws.com/family_datasets/Vehicles_and_Flight_Systems/Ship/Natural/4.jpg","https://tactileeval.s3.us-east-1.amazonaws.com/family_datasets/Vehicles_and_Flight_Systems/Ship/Tactile/4.jpg","","Ship","https://tactileeval.s3.us-east-1.amazonaws.com/family_datasets/Vehicles_and_Flight_Systems/Ship/Natural/5.jpg","https://tactileeval.s3.us-east-1.amazonaws.com/family_datasets/Vehicles_and_Flight_Systems/Ship/Tactile/5.jpg","","Ship","https://tactileeval.s3.us-east-1.amazonaws.com/family_datasets/Vehicles_and_Flight_Systems/Ship/Natural/6.jpg","https://tactileeval.s3.us-east-1.amazonaws.com/family_datasets/Vehicles_and_Flight_Systems/Ship/Tactile/6.jpg","","Ship","https://tactileeval.s3.us-east-1.amazonaws.com/family_datasets/Vehicles_and_Flight_Systems/Ship/Natural/7.jpg","https://tactileeval.s3.us-east-1.amazonaws.com/family_datasets/Vehicles_and_Flight_Systems/Ship/Tactile/7.jpg","","Ship","https://tactileeval.s3.us-east-1.amazonaws.com/family_datasets/Vehicles_and_Flight_Systems/Ship/Natural/8.jpg","https://tactileeval.s3.us-east-1.amazonaws.com/family_datasets/Vehicles_and_Flight_Systems/Ship/Tactile/8.jpg","","Ship","https://tactileeval.s3.us-east-1.amazonaws.com/family_datasets/Vehicles_and_Flight_Systems/Ship/Natural/9.jpg","https://tactileeval.s3.us-east-1.amazonaws.com/family_datasets/Vehicles_and_Flight_Systems/Ship/Tactile/9.jpg","","Ship","https://tactileeval.s3.us-east-1.amazonaws.com/family_datasets/Vehicles_and_Flight_Systems/Ship/Natural/10.jpg","https://tactileeval.s3.us-east-1.amazonaws.com/family_datasets/Vehicles_and_Flight_Systems/Ship/Tactile/10.jpg","","Ship","https://tactileeval.s3.us-east-1.amazonaws.com/family_datasets/Vehicles_and_Flight_Systems/Ship/Natural/11.jpg","https://tactileeval.s3.us-east-1.amazonaws.com/family_datasets/Vehicles_and_Flight_Systems/Ship/Tactile/11.jpg","","[{""question1"":{""background_clean"":true,""configuration_match"":false,""object_match"":true},""question10"":{""background_clean"":true,""configuration_match"":false,""object_match"":true},""question2"":{""background_clean"":true,""configuration_match"":false,""object_match"":true},""question3"":{""background_clean"":true,""configuration_match"":true,""object_match"":true},""question4"":{""background_clean"":true,""configuration_match"":true,""object_match"":true},""question5"":{""background_clean"":true,""configuration_match"":true,""object_match"":true},""question6"":{""background_clean"":true,""configuration_match"":false,""object_match"":true},""question7"":{""background_clean"":true,""configuration_match"":false,""object_match"":true},""question8"":{""background_clean"":true,""configuration_match"":false,""object_match"":true},""question9"":{""background_clean"":true,""configuration_match"":false,""object_match"":true}}]"
"3KG2UQJ0NB2T738ZB4GKJYWUBB1NQX","3PMOF0KIQ9OPLJTQP1WUGXCGLK7KBL","Categorize images based on background and posture.","Review 10 line-arts and judge if it has adequate background and configuration. (10 pairs)","tactile, image review, accessibility, vehicles","$0.08","Sat Apr 18 07:32:18 PDT 2026","7","BatchId:5385911;OriginalHitTemplateId:928390873;","1200","1296000","Sat Apr 25 07:32:18 PDT 2026","","","37UEWGM5IMMSRHE39YCNF1PP8Z91RC","A32BQKMVUH8ZYJ","Submitted","Sat Apr 18 13:36:13 PDT 2026","Sat Apr 18 13:56:07 PDT 2026","Sun May 03 13:56:07 PDT 2026","","","","1194","0% (0/0)","0% (0/0)","0% (0/0)","Ship","https://tactileeval.s3.us-east-1.amazonaws.com/family_datasets/Vehicles_and_Flight_Systems/Ship/Natural/2.jpg","https://tactileeval.s3.us-east-1.amazonaws.com/family_datasets/Vehicles_and_Flight_Systems/Ship/Tactile/2.jpg","","Ship","https://tactileeval.s3.us-east-1.amazonaws.com/family_datasets/Vehicles_and_Flight_Systems/Ship/Natural/3.jpg","https://tactileeval.s3.us-east-1.amazonaws.com/family_datasets/Vehicles_and_Flight_Systems/Ship/Tactile/3.jpg","","Ship","https://tactileeval.s3.us-east-1.amazonaws.com/family_datasets/Vehicles_and_Flight_Systems/Ship/Natural/4.jpg","https://tactileeval.s3.us-east-1.amazonaws.com/family_datasets/Vehicles_and_Flight_Systems/Ship/Tactile/4.jpg","","Ship","https://tactileeval.s3.us-east-1.amazonaws.com/family_datasets/Vehicles_and_Flight_Systems/Ship/Natural/5.jpg","https://tactileeval.s3.us-east-1.amazonaws.com/family_datasets/Vehicles_and_Flight_Systems/Ship/Tactile/5.jpg","","Ship","https://tactileeval.s3.us-east-1.amazonaws.com/family_datasets/Vehicles_and_Flight_Systems/Ship/Natural/6.jpg","https://tactileeval.s3.us-east-1.amazonaws.com/family_datasets/Vehicles_and_Flight_Systems/Ship/Tactile/6.jpg","","Ship","https://tactileeval.s3.us-east-1.amazonaws.com/family_datasets/Vehicles_and_Flight_Systems/Ship/Natural/7.jpg","https://tactileeval.s3.us-east-1.amazonaws.com/family_datasets/Vehicles_and_Flight_Systems/Ship/Tactile/7.jpg","","Ship","https://tactileeval.s3.us-east-1.amazonaws.com/family_datasets/Vehicles_and_Flight_Systems/Ship/Natural/8.jpg","https://tactileeval.s3.us-east-1.amazonaws.com/family_datasets/Vehicles_and_Flight_Systems/Ship/Tactile/8.jpg","","Ship","https://tactileeval.s3.us-east-1.amazonaws.com/family_datasets/Vehicles_and_Flight_Systems/Ship/Natural/9.jpg","https://tactileeval.s3.us-east-1.amazonaws.com/family_datasets/Vehicles_and_Flight_Systems/Ship/Tactile/9.jpg","","Ship","https://tactileeval.s3.us-east-1.amazonaws.com/family_datasets/Vehicles_and_Flight_Systems/Ship/Natural/10.jpg","https://tactileeval.s3.us-east-1.amazonaws.com/family_datasets/Vehicles_and_Flight_Systems/Ship/Tactile/10.jpg","","Ship","https://tactileeval.s3.us-east-1.amazonaws.com/family_datasets/Vehicles_and_Flight_Systems/Ship/Natural/11.jpg","https://tactileeval.s3.us-east-1.amazonaws.com/family_datasets/Vehicles_and_Flight_Systems/Ship/Tactile/11.jpg","","[{""question1"":{""background_clean"":true,""configuration_match"":false,""object_match"":false},""question10"":{""background_clean"":true,""configuration_match"":false,""object_match"":false},""question2"":{""background_clean"":false,""configuration_match"":false,""object_match"":true},""question3"":{""background_clean"":false,""configuration_match"":true,""object_match"":false},""question4"":{""background_clean"":false,""configuration_match"":true,""object_match"":false},""question5"":{""background_clean"":false,""configuration_match"":false,""object_match"":true},""question6"":{""background_clean"":false,""configuration_match"":false,""object_match"":true},""question7"":{""background_clean"":false,""configuration_match"":false,""object_match"":true},""question8"":{""background_clean"":false,""configuration_match"":false,""object_match"":true},""question9"":{""background_clean"":true,""configuration_match"":false,""object_match"":false}}]"
"3SV8KD29MW61DPON1N7HIZRUMJHKZJ","3PMOF0KIQ9OPLJTQP1WUGXCGLK7KBL","Categorize images based on background and posture.","Review 10 line-arts and judge if it has adequate background and configuration. (10 pairs)","tactile, image review, accessibility, vehicles","$0.08","Sat Apr 18 07:32:18 PDT 2026","7","BatchId:5385911;OriginalHitTemplateId:928390873;","1200","1296000","Sat Apr 25 07:32:18 PDT 2026","","","3RWE2M8QXAO75U1TK8R6SC152AU0N0","A1KXF2L2ZGQXJK","Submitted","Sat Apr 18 09:45:37 PDT 2026","Sat Apr 18 09:46:23 PDT 2026","Sun May 03 09:46:23 PDT 2026","","","","46","0% (0/0)","0% (0/0)","0% (0/0)","Ship","https://tactileeval.s3.us-east-1.amazonaws.com/family_datasets/Vehicles_and_Flight_Systems/Ship/Natural/12.jpg","https://tactileeval.s3.us-east-1.amazonaws.com/family_datasets/Vehicles_and_Flight_Systems/Ship/Tactile/12.jpg","","Ship","https://tactileeval.s3.us-east-1.amazonaws.com/family_datasets/Vehicles_and_Flight_Systems/Ship/Natural/13.jpg","https://tactileeval.s3.us-east-1.amazonaws.com/family_datasets/Vehicles_and_Flight_Systems/Ship/Tactile/13.jpg","","Ship","https://tactileeval.s3.us-east-1.amazonaws.com/family_datasets/Vehicles_and_Flight_Systems/Ship/Natural/14_refined.jpg","https://tactileeval.s3.us-east-1.amazonaws.com/family_datasets/Vehicles_and_Flight_Systems/Ship/Tactile/14_refined.png","","Train","https://tactileeval.s3.us-east-1.amazonaws.com/family_datasets/Vehicles_and_Flight_Systems/Train/Natural/1.png","https://tactileeval.s3.us-east-1.amazonaws.com/family_datasets/Vehicles_and_Flight_Systems/Train/Tactile/1.png","","Train","https://tactileeval.s3.us-east-1.amazonaws.com/family_datasets/Vehicles_and_Flight_Systems/Train/Natural/2.jpg","https://tactileeval.s3.us-east-1.amazonaws.com/family_datasets/Vehicles_and_Flight_Systems/Train/Tactile/2.png","","Train","https://tactileeval.s3.us-east-1.amazonaws.com/family_datasets/Vehicles_and_Flight_Systems/Train/Natural/3.png","https://tactileeval.s3.us-east-1.amazonaws.com/family_datasets/Vehicles_and_Flight_Systems/Train/Tactile/3.png","","Train","https://tactileeval.s3.us-east-1.amazonaws.com/family_datasets/Vehicles_and_Flight_Systems/Train/Natural/4.png","https://tactileeval.s3.us-east-1.amazonaws.com/family_datasets/Vehicles_and_Flight_Systems/Train/Tactile/4.png","","Train","https://tactileeval.s3.us-east-1.amazonaws.com/family_datasets/Vehicles_and_Flight_Systems/Train/Natural/5.jpg","https://tactileeval.s3.us-east-1.amazonaws.com/family_datasets/Vehicles_and_Flight_Systems/Train/Tactile/5.png","","Train","https://tactileeval.s3.us-east-1.amazonaws.com/family_datasets/Vehicles_and_Flight_Systems/Train/Natural/6.jpg","https://tactileeval.s3.us-east-1.amazonaws.com/family_datasets/Vehicles_and_Flight_Systems/Train/Tactile/6.png","","Train","https://tactileeval.s3.us-east-1.amazonaws.com/family_datasets/Vehicles_and_Flight_Systems/Train/Natural/7.jpg","https://tactileeval.s3.us-east-1.amazonaws.com/family_datasets/Vehicles_and_Flight_Systems/Train/Tactile/7.png","","[{""question1"":{""background_clean"":true,""configuration_match"":true,""object_match"":false},""question10"":{""background_clean"":true,""configuration_match"":true,""object_match"":false},""question2"":{""background_clean"":true,""configuration_match"":true,""object_match"":false},""question3"":{""background_clean"":false,""configuration_match"":true,""object_match"":false},""question4"":{""background_clean"":true,""configuration_match"":true,""object_match"":false},""question5"":{""background_clean"":true,""configuration_match"":true,""object_match"":false},""question6"":{""background_clean"":true,""configuration_match"":true,""object_match"":false},""question7"":{""background_clean"":true,""configuration_match"":true,""object_match"":false},""question8"":{""background_clean"":true,""configuration_match"":true,""object_match"":false},""question9"":{""background_clean"":true,""configuration_match"":true,""object_match"":false}}]"
"3SV8KD29MW61DPON1N7HIZRUMJHKZJ","3PMOF0KIQ9OPLJTQP1WUGXCGLK7KBL","Categorize images based on background and posture.","Review 10 line-arts and judge if it has adequate background and configuration. (10 pairs)","tactile, image review, accessibility, vehicles","$0.08","Sat Apr 18 07:32:18 PDT 2026","7","BatchId:5385911;OriginalHitTemplateId:928390873;","1200","1296000","Sat Apr 25 07:32:18 PDT 2026","","","3ZAK8W07JXSK0KL2H93S67TZA6P0UU","A1LN8392JHDGL5","Submitted","Sat Apr 18 09:55:14 PDT 2026","Sat Apr 18 10:00:20 PDT 2026","Sun May 03 10:00:20 PDT 2026","","","","306","0% (0/0)","0% (0/0)","0% (0/0)","Ship","https://tactileeval.s3.us-east-1.amazonaws.com/family_datasets/Vehicles_and_Flight_Systems/Ship/Natural/12.jpg","https://tactileeval.s3.us-east-1.amazonaws.com/family_datasets/Vehicles_and_Flight_Systems/Ship/Tactile/12.jpg","","Ship","https://tactileeval.s3.us-east-1.amazonaws.com/family_datasets/Vehicles_and_Flight_Systems/Ship/Natural/13.jpg","https://tactileeval.s3.us-east-1.amazonaws.com/family_datasets/Vehicles_and_Flight_Systems/Ship/Tactile/13.jpg","","Ship","https://tactileeval.s3.us-east-1.amazonaws.com/family_datasets/Vehicles_and_Flight_Systems/Ship/Natural/14_refined.jpg","https://tactileeval.s3.us-east-1.amazonaws.com/family_datasets/Vehicles_and_Flight_Systems/Ship/Tactile/14_refined.png","","Train","https://tactileeval.s3.us-east-1.amazonaws.com/family_datasets/Vehicles_and_Flight_Systems/Train/Natural/1.png","https://tactileeval.s3.us-east-1.amazonaws.com/family_datasets/Vehicles_and_Flight_Systems/Train/Tactile/1.png","","Train","https://tactileeval.s3.us-east-1.amazonaws.com/family_datasets/Vehicles_and_Flight_Systems/Train/Natural/2.jpg","https://tactileeval.s3.us-east-1.amazonaws.com/family_datasets/Vehicles_and_Flight_Systems/Train/Tactile/2.png","","Train","https://tactileeval.s3.us-east-1.amazonaws.com/family_datasets/Vehicles_and_Flight_Systems/Train/Natural/3.png","https://tactileeval.s3.us-east-1.amazonaws.com/family_datasets/Vehicles_and_Flight_Systems/Train/Tactile/3.png","","Train","https://tactileeval.s3.us-east-1.amazonaws.com/family_datasets/Vehicles_and_Flight_Systems/Train/Natural/4.png","https://tactileeval.s3.us-east-1.amazonaws.com/family_datasets/Vehicles_and_Flight_Systems/Train/Tactile/4.png","","Train","https://tactileeval.s3.us-east-1.amazonaws.com/family_datasets/Vehicles_and_Flight_Systems/Train/Natural/5.jpg","https://tactileeval.s3.us-east-1.amazonaws.com/family_datasets/Vehicles_and_Flight_Systems/Train/Tactile/5.png","","Train","https://tactileeval.s3.us-east-1.amazonaws.com/family_datasets/Vehicles_and_Flight_Systems/Train/Natural/6.jpg","https://tactileeval.s3.us-east-1.amazonaws.com/family_datasets/Vehicles_and_Flight_Systems/Train/Tactile/6.png","","Train","https://tactileeval.s3.us-east-1.amazonaws.com/family_datasets/Vehicles_and_Flight_Systems/Train/Natural/7.jpg","https://tactileeval.s3.us-east-1.amazonaws.com/family_datasets/Vehicles_and_Flight_Systems/Train/Tactile/7.png","","[{""question1"":{""background_clean"":true,""configuration_match"":false,""object_match"":true},""question10"":{""background_clean"":true,""configuration_match"":true,""object_match"":true},""question2"":{""background_clean"":true,""configuration_match"":false,""object_match"":true},""question3"":{""background_clean"":true,""configuration_match"":true,""object_match"":true},""question4"":{""background_clean"":true,""configuration_match"":false,""object_match"":true},""question5"":{""background_clean"":true,""configuration_match"":false,""object_match"":true},""question6"":{""background_clean"":true,""configuration_match"":false,""object_match"":true},""question7"":{""background_clean"":true,""configuration_match"":false,""object_match"":true},""question8"":{""background_clean"":true,""configuration_match"":true,""object_match"":true},""question9"":{""background_clean"":true,""configuration_match"":true,""object_match"":true}}]"
"3SV8KD29MW61DPON1N7HIZRUMJHKZJ","3PMOF0KIQ9OPLJTQP1WUGXCGLK7KBL","Categorize images based on background and posture.","Review 10 line-arts and judge if it has adequate background and configuration. (10 pairs)","tactile, image review, accessibility, vehicles","$0.08","Sat Apr 18 07:32:18 PDT 2026","7","BatchId:5385911;OriginalHitTemplateId:928390873;","1200","1296000","Sat Apr 25 07:32:18 PDT 2026","","","30MVJZJNIFRTIYYL56I7SGLHWUK9JI","A2FK6782M09EBO","Submitted","Sat Apr 18 09:51:23 PDT 2026","Sat Apr 18 10:03:05 PDT 2026","Sun May 03 10:03:05 PDT 2026","","","","702","93% (65/70)","93% (65/70)","93% (65/70)","Ship","https://tactileeval.s3.us-east-1.amazonaws.com/family_datasets/Vehicles_and_Flight_Systems/Ship/Natural/12.jpg","https://tactileeval.s3.us-east-1.amazonaws.com/family_datasets/Vehicles_and_Flight_Systems/Ship/Tactile/12.jpg","","Ship","https://tactileeval.s3.us-east-1.amazonaws.com/family_datasets/Vehicles_and_Flight_Systems/Ship/Natural/13.jpg","https://tactileeval.s3.us-east-1.amazonaws.com/family_datasets/Vehicles_and_Flight_Systems/Ship/Tactile/13.jpg","","Ship","https://tactileeval.s3.us-east-1.amazonaws.com/family_datasets/Vehicles_and_Flight_Systems/Ship/Natural/14_refined.jpg","https://tactileeval.s3.us-east-1.amazonaws.com/family_datasets/Vehicles_and_Flight_Systems/Ship/Tactile/14_refined.png","","Train","https://tactileeval.s3.us-east-1.amazonaws.com/family_datasets/Vehicles_and_Flight_Systems/Train/Natural/1.png","https://tactileeval.s3.us-east-1.amazonaws.com/family_datasets/Vehicles_and_Flight_Systems/Train/Tactile/1.png","","Train","https://tactileeval.s3.us-east-1.amazonaws.com/family_datasets/Vehicles_and_Flight_Systems/Train/Natural/2.jpg","https://tactileeval.s3.us-east-1.amazonaws.com/family_datasets/Vehicles_and_Flight_Systems/Train/Tactile/2.png","","Train","https://tactileeval.s3.us-east-1.amazonaws.com/family_datasets/Vehicles_and_Flight_Systems/Train/Natural/3.png","https://tactileeval.s3.us-east-1.amazonaws.com/family_datasets/Vehicles_and_Flight_Systems/Train/Tactile/3.png","","Train","https://tactileeval.s3.us-east-1.amazonaws.com/family_datasets/Vehicles_and_Flight_Systems/Train/Natural/4.png","https://tactileeval.s3.us-east-1.amazonaws.com/family_datasets/Vehicles_and_Flight_Systems/Train/Tactile/4.png","","Train","https://tactileeval.s3.us-east-1.amazonaws.com/family_datasets/Vehicles_and_Flight_Systems/Train/Natural/5.jpg","https://tactileeval.s3.us-east-1.amazonaws.com/family_datasets/Vehicles_and_Flight_Systems/Train/Tactile/5.png","","Train","https://tactileeval.s3.us-east-1.amazonaws.com/family_datasets/Vehicles_and_Flight_Systems/Train/Natural/6.jpg","https://tactileeval.s3.us-east-1.amazonaws.com/family_datasets/Vehicles_and_Flight_Systems/Train/Tactile/6.png","","Train","https://tactileeval.s3.us-east-1.amazonaws.com/family_datasets/Vehicles_and_Flight_Systems/Train/Natural/7.jpg","https://tactileeval.s3.us-east-1.amazonaws.com/family_datasets/Vehicles_and_Flight_Systems/Train/Tactile/7.png","","[{""question1"":{""background_clean"":true,""configuration_match"":true,""object_match"":false},""question10"":{""background_clean"":true,""configuration_match"":true,""object_match"":true},""question2"":{""background_clean"":true,""configuration_match"":false,""object_match"":false},""question3"":{""background_clean"":true,""configuration_match"":true,""object_match"":true},""question4"":{""background_clean"":true,""configuration_match"":true,""object_match"":false},""question5"":{""background_clean"":true,""configuration_match"":true,""object_match"":true},""question6"":{""background_clean"":true,""configuration_match"":false,""object_match"":true},""question7"":{""background_clean"":true,""configuration_match"":true,""object_match"":true},""question8"":{""background_clean"":true,""configuration_match"":true,""object_match"":true},""question9"":{""background_clean"":true,""configuration_match"":true,""object_match"":true}}]"
"3SV8KD29MW61DPON1N7HIZRUMJHKZJ","3PMOF0KIQ9OPLJTQP1WUGXCGLK7KBL","Categorize images based on background and posture.","Review 10 line-arts and judge if it has adequate background and configuration. (10 pairs)","tactile, image review, accessibility, vehicles","$0.08","Sat Apr 18 07:32:18 PDT 2026","7","BatchId:5385911;OriginalHitTemplateId:928390873;","1200","1296000","Sat Apr 25 07:32:18 PDT 2026","","","3NLZY2D54I355N37PT56UQOYAJZQLT","A2Y0HZSZTQAVDW","Submitted","Sat Apr 18 10:34:50 PDT 2026","Sat Apr 18 10:42:54 PDT 2026","Sun May 03 10:42:54 PDT 2026","","","","484","0% (0/0)","0% (0/0)","0% (0/0)","Ship","https://tactileeval.s3.us-east-1.amazonaws.com/family_datasets/Vehicles_and_Flight_Systems/Ship/Natural/12.jpg","https://tactileeval.s3.us-east-1.amazonaws.com/family_datasets/Vehicles_and_Flight_Systems/Ship/Tactile/12.jpg","","Ship","https://tactileeval.s3.us-east-1.amazonaws.com/family_datasets/Vehicles_and_Flight_Systems/Ship/Natural/13.jpg","https://tactileeval.s3.us-east-1.amazonaws.com/family_datasets/Vehicles_and_Flight_Systems/Ship/Tactile/13.jpg","","Ship","https://tactileeval.s3.us-east-1.amazonaws.com/family_datasets/Vehicles_and_Flight_Systems/Ship/Natural/14_refined.jpg","https://tactileeval.s3.us-east-1.amazonaws.com/family_datasets/Vehicles_and_Flight_Systems/Ship/Tactile/14_refined.png","","Train","https://tactileeval.s3.us-east-1.amazonaws.com/family_datasets/Vehicles_and_Flight_Systems/Train/Natural/1.png","https://tactileeval.s3.us-east-1.amazonaws.com/family_datasets/Vehicles_and_Flight_Systems/Train/Tactile/1.png","","Train","https://tactileeval.s3.us-east-1.amazonaws.com/family_datasets/Vehicles_and_Flight_Systems/Train/Natural/2.jpg","https://tactileeval.s3.us-east-1.amazonaws.com/family_datasets/Vehicles_and_Flight_Systems/Train/Tactile/2.png","","Train","https://tactileeval.s3.us-east-1.amazonaws.com/family_datasets/Vehicles_and_Flight_Systems/Train/Natural/3.png","https://tactileeval.s3.us-east-1.amazonaws.com/family_datasets/Vehicles_and_Flight_Systems/Train/Tactile/3.png","","Train","https://tactileeval.s3.us-east-1.amazonaws.com/family_datasets/Vehicles_and_Flight_Systems/Train/Natural/4.png","https://tactileeval.s3.us-east-1.amazonaws.com/family_datasets/Vehicles_and_Flight_Systems/Train/Tactile/4.png","","Train","https://tactileeval.s3.us-east-1.amazonaws.com/family_datasets/Vehicles_and_Flight_Systems/Train/Natural/5.jpg","https://tactileeval.s3.us-east-1.amazonaws.com/family_datasets/Vehicles_and_Flight_Systems/Train/Tactile/5.png","","Train","https://tactileeval.s3.us-east-1.amazonaws.com/family_datasets/Vehicles_and_Flight_Systems/Train/Natural/6.jpg","https://tactileeval.s3.us-east-1.amazonaws.com/family_datasets/Vehicles_and_Flight_Systems/Train/Tactile/6.png","","Train","https://tactileeval.s3.us-east-1.amazonaws.com/family_datasets/Vehicles_and_Flight_Systems/Train/Natural/7.jpg","https://tactileeval.s3.us-east-1.amazonaws.com/family_datasets/Vehicles_and_Flight_Systems/Train/Tactile/7.png","","[{""question1"":{""background_clean"":true,""configuration_match"":false,""object_match"":false},""question10"":{""background_clean"":true,""configuration_match"":false,""object_match"":false},""question2"":{""background_clean"":true,""configuration_match"":false,""object_match"":false},""question3"":{""background_clean"":true,""configuration_match"":false,""object_match"":false},""question4"":{""background_clean"":true,""configuration_match"":true,""object_match"":true},""question5"":{""background_clean"":true,""configuration_match"":false,""object_match"":false},""question6"":{""background_clean"":true,""configuration_match"":true,""object_match"":true},""question7"":{""background_clean"":true,""configuration_match"":false,""object_match"":false},""question8"":{""background_clean"":true,""configuration_match"":true,""object_match"":true},""question9"":{""background_clean"":true,""configuration_match"":false,""object_match"":false}}]"
"3SV8KD29MW61DPON1N7HIZRUMJHKZJ","3PMOF0KIQ9OPLJTQP1WUGXCGLK7KBL","Categorize images based on background and posture.","Review 10 line-arts and judge if it has adequate background and configuration. (10 pairs)","tactile, image review, accessibility, vehicles","$0.08","Sat Apr 18 07:32:18 PDT 2026","7","BatchId:5385911;OriginalHitTemplateId:928390873;","1200","1296000","Sat Apr 25 07:32:18 PDT 2026","","","3IRIK4HM43YJS1QHX7Y9L2HKG9F6C2","A9380GKZM50GU","Submitted","Sat Apr 18 11:26:18 PDT 2026","Sat Apr 18 11:27:17 PDT 2026","Sun May 03 11:27:17 PDT 2026","","","","59","0% (0/0)","0% (0/0)","0% (0/0)","Ship","https://tactileeval.s3.us-east-1.amazonaws.com/family_datasets/Vehicles_and_Flight_Systems/Ship/Natural/12.jpg","https://tactileeval.s3.us-east-1.amazonaws.com/family_datasets/Vehicles_and_Flight_Systems/Ship/Tactile/12.jpg","","Ship","https://tactileeval.s3.us-east-1.amazonaws.com/family_datasets/Vehicles_and_Flight_Systems/Ship/Natural/13.jpg","https://tactileeval.s3.us-east-1.amazonaws.com/family_datasets/Vehicles_and_Flight_Systems/Ship/Tactile/13.jpg","","Ship","https://tactileeval.s3.us-east-1.amazonaws.com/family_datasets/Vehicles_and_Flight_Systems/Ship/Natural/14_refined.jpg","https://tactileeval.s3.us-east-1.amazonaws.com/family_datasets/Vehicles_and_Flight_Systems/Ship/Tactile/14_refined.png","","Train","https://tactileeval.s3.us-east-1.amazonaws.com/family_datasets/Vehicles_and_Flight_Systems/Train/Natural/1.png","https://tactileeval.s3.us-east-1.amazonaws.com/family_datasets/Vehicles_and_Flight_Systems/Train/Tactile/1.png","","Train","https://tactileeval.s3.us-east-1.amazonaws.com/family_datasets/Vehicles_and_Flight_Systems/Train/Natural/2.jpg","https://tactileeval.s3.us-east-1.amazonaws.com/family_datasets/Vehicles_and_Flight_Systems/Train/Tactile/2.png","","Train","https://tactileeval.s3.us-east-1.amazonaws.com/family_datasets/Vehicles_and_Flight_Systems/Train/Natural/3.png","https://tactileeval.s3.us-east-1.amazonaws.com/family_datasets/Vehicles_and_Flight_Systems/Train/Tactile/3.png","","Train","https://tactileeval.s3.us-east-1.amazonaws.com/family_datasets/Vehicles_and_Flight_Systems/Train/Natural/4.png","https://tactileeval.s3.us-east-1.amazonaws.com/family_datasets/Vehicles_and_Flight_Systems/Train/Tactile/4.png","","Train","https://tactileeval.s3.us-east-1.amazonaws.com/family_datasets/Vehicles_and_Flight_Systems/Train/Natural/5.jpg","https://tactileeval.s3.us-east-1.amazonaws.com/family_datasets/Vehicles_and_Flight_Systems/Train/Tactile/5.png","","Train","https://tactileeval.s3.us-east-1.amazonaws.com/family_datasets/Vehicles_and_Flight_Systems/Train/Natural/6.jpg","https://tactileeval.s3.us-east-1.amazonaws.com/family_datasets/Vehicles_and_Flight_Systems/Train/Tactile/6.png","","Train","https://tactileeval.s3.us-east-1.amazonaws.com/family_datasets/Vehicles_and_Flight_Systems/Train/Natural/7.jpg","https://tactileeval.s3.us-east-1.amazonaws.com/family_datasets/Vehicles_and_Flight_Systems/Train/Tactile/7.png","","[{""question1"":{""background_clean"":true,""configuration_match"":false,""object_match"":true},""question10"":{""background_clean"":true,""configuration_match"":true,""object_match"":true},""question2"":{""background_clean"":true,""configuration_match"":false,""object_match"":true},""question3"":{""background_clean"":true,""configuration_match"":true,""object_match"":true},""question4"":{""background_clean"":true,""configuration_match"":false,""object_match"":true},""question5"":{""background_clean"":true,""configuration_match"":false,""object_match"":true},""question6"":{""background_clean"":true,""configuration_match"":false,""object_match"":true},""question7"":{""background_clean"":true,""configuration_match"":false,""object_match"":true},""question8"":{""background_clean"":true,""configuration_match"":true,""object_match"":true},""question9"":{""background_clean"":true,""configuration_match"":true,""object_match"":true}}]"
"3SV8KD29MW61DPON1N7HIZRUMJHKZJ","3PMOF0KIQ9OPLJTQP1WUGXCGLK7KBL","Categorize images based on background and posture.","Review 10 line-arts and judge if it has adequate background and configuration. (10 pairs)","tactile, image review, accessibility, vehicles","$0.08","Sat Apr 18 07:32:18 PDT 2026","7","BatchId:5385911;OriginalHitTemplateId:928390873;","1200","1296000","Sat Apr 25 07:32:18 PDT 2026","","","3OONKJ5DL5XQ724FJ3O8RIXTJOFOB8","A32BQKMVUH8ZYJ","Submitted","Sat Apr 18 13:36:05 PDT 2026","Sat Apr 18 13:52:21 PDT 2026","Sun May 03 13:52:21 PDT 2026","","","","976","0% (0/0)","0% (0/0)","0% (0/0)","Ship","https://tactileeval.s3.us-east-1.amazonaws.com/family_datasets/Vehicles_and_Flight_Systems/Ship/Natural/12.jpg","https://tactileeval.s3.us-east-1.amazonaws.com/family_datasets/Vehicles_and_Flight_Systems/Ship/Tactile/12.jpg","","Ship","https://tactileeval.s3.us-east-1.amazonaws.com/family_datasets/Vehicles_and_Flight_Systems/Ship/Natural/13.jpg","https://tactileeval.s3.us-east-1.amazonaws.com/family_datasets/Vehicles_and_Flight_Systems/Ship/Tactile/13.jpg","","Ship","https://tactileeval.s3.us-east-1.amazonaws.com/family_datasets/Vehicles_and_Flight_Systems/Ship/Natural/14_refined.jpg","https://tactileeval.s3.us-east-1.amazonaws.com/family_datasets/Vehicles_and_Flight_Systems/Ship/Tactile/14_refined.png","","Train","https://tactileeval.s3.us-east-1.amazonaws.com/family_datasets/Vehicles_and_Flight_Systems/Train/Natural/1.png","https://tactileeval.s3.us-east-1.amazonaws.com/family_datasets/Vehicles_and_Flight_Systems/Train/Tactile/1.png","","Train","https://tactileeval.s3.us-east-1.amazonaws.com/family_datasets/Vehicles_and_Flight_Systems/Train/Natural/2.jpg","https://tactileeval.s3.us-east-1.amazonaws.com/family_datasets/Vehicles_and_Flight_Systems/Train/Tactile/2.png","","Train","https://tactileeval.s3.us-east-1.amazonaws.com/family_datasets/Vehicles_and_Flight_Systems/Train/Natural/3.png","https://tactileeval.s3.us-east-1.amazonaws.com/family_datasets/Vehicles_and_Flight_Systems/Train/Tactile/3.png","","Train","https://tactileeval.s3.us-east-1.amazonaws.com/family_datasets/Vehicles_and_Flight_Systems/Train/Natural/4.png","https://tactileeval.s3.us-east-1.amazonaws.com/family_datasets/Vehicles_and_Flight_Systems/Train/Tactile/4.png","","Train","https://tactileeval.s3.us-east-1.amazonaws.com/family_datasets/Vehicles_and_Flight_Systems/Train/Natural/5.jpg","https://tactileeval.s3.us-east-1.amazonaws.com/family_datasets/Vehicles_and_Flight_Systems/Train/Tactile/5.png","","Train","https://tactileeval.s3.us-east-1.amazonaws.com/family_datasets/Vehicles_and_Flight_Systems/Train/Natural/6.jpg","https://tactileeval.s3.us-east-1.amazonaws.com/family_datasets/Vehicles_and_Flight_Systems/Train/Tactile/6.png","","Train","https://tactileeval.s3.us-east-1.amazonaws.com/family_datasets/Vehicles_and_Flight_Systems/Train/Natural/7.jpg","https://tactileeval.s3.us-east-1.amazonaws.com/family_datasets/Vehicles_and_Flight_Systems/Train/Tactile/7.png","","[{""question1"":{""background_clean"":false,""configuration_match"":false,""object_match"":true},""question10"":{""background_clean"":false,""configuration_match"":false,""object_match"":true},""question2"":{""background_clean"":false,""configuration_match"":true,""object_match"":false},""question3"":{""background_clean"":false,""configuration_match"":false,""object_match"":true},""question4"":{""background_clean"":false,""configuration_match"":true,""object_match"":false},""question5"":{""background_clean"":false,""configuration_match"":true,""object_match"":false},""question6"":{""background_clean"":false,""configuration_match"":false,""object_match"":true},""question7"":{""background_clean"":true,""configuration_match"":false,""object_match"":false},""question8"":{""background_clean"":false,""configuration_match"":false,""object_match"":true},""question9"":{""background_clean"":false,""configuration_match"":true,""object_match"":false}}]"
"3SV8KD29MW61DPON1N7HIZRUMJHKZJ","3PMOF0KIQ9OPLJTQP1WUGXCGLK7KBL","Categorize images based on background and posture.","Review 10 line-arts and judge if it has adequate background and configuration. (10 pairs)","tactile, image review, accessibility, vehicles","$0.08","Sat Apr 18 07:32:18 PDT 2026","7","BatchId:5385911;OriginalHitTemplateId:928390873;","1200","1296000","Sat Apr 25 07:32:18 PDT 2026","","","30BXRYBRQXB83OG3AHPEUNDDH3KWH9","A376G1BHIGNA85","Submitted","Sat Apr 18 13:58:21 PDT 2026","Sat Apr 18 13:59:46 PDT 2026","Sun May 03 13:59:46 PDT 2026","","","","85","0% (0/0)","0% (0/0)","0% (0/0)","Ship","https://tactileeval.s3.us-east-1.amazonaws.com/family_datasets/Vehicles_and_Flight_Systems/Ship/Natural/12.jpg","https://tactileeval.s3.us-east-1.amazonaws.com/family_datasets/Vehicles_and_Flight_Systems/Ship/Tactile/12.jpg","","Ship","https://tactileeval.s3.us-east-1.amazonaws.com/family_datasets/Vehicles_and_Flight_Systems/Ship/Natural/13.jpg","https://tactileeval.s3.us-east-1.amazonaws.com/family_datasets/Vehicles_and_Flight_Systems/Ship/Tactile/13.jpg","","Ship","https://tactileeval.s3.us-east-1.amazonaws.com/family_datasets/Vehicles_and_Flight_Systems/Ship/Natural/14_refined.jpg","https://tactileeval.s3.us-east-1.amazonaws.com/family_datasets/Vehicles_and_Flight_Systems/Ship/Tactile/14_refined.png","","Train","https://tactileeval.s3.us-east-1.amazonaws.com/family_datasets/Vehicles_and_Flight_Systems/Train/Natural/1.png","https://tactileeval.s3.us-east-1.amazonaws.com/family_datasets/Vehicles_and_Flight_Systems/Train/Tactile/1.png","","Train","https://tactileeval.s3.us-east-1.amazonaws.com/family_datasets/Vehicles_and_Flight_Systems/Train/Natural/2.jpg","https://tactileeval.s3.us-east-1.amazonaws.com/family_datasets/Vehicles_and_Flight_Systems/Train/Tactile/2.png","","Train","https://tactileeval.s3.us-east-1.amazonaws.com/family_datasets/Vehicles_and_Flight_Systems/Train/Natural/3.png","https://tactileeval.s3.us-east-1.amazonaws.com/family_datasets/Vehicles_and_Flight_Systems/Train/Tactile/3.png","","Train","https://tactileeval.s3.us-east-1.amazonaws.com/family_datasets/Vehicles_and_Flight_Systems/Train/Natural/4.png","https://tactileeval.s3.us-east-1.amazonaws.com/family_datasets/Vehicles_and_Flight_Systems/Train/Tactile/4.png","","Train","https://tactileeval.s3.us-east-1.amazonaws.com/family_datasets/Vehicles_and_Flight_Systems/Train/Natural/5.jpg","https://tactileeval.s3.us-east-1.amazonaws.com/family_datasets/Vehicles_and_Flight_Systems/Train/Tactile/5.png","","Train","https://tactileeval.s3.us-east-1.amazonaws.com/family_datasets/Vehicles_and_Flight_Systems/Train/Natural/6.jpg","https://tactileeval.s3.us-east-1.amazonaws.com/family_datasets/Vehicles_and_Flight_Systems/Train/Tactile/6.png","","Train","https://tactileeval.s3.us-east-1.amazonaws.com/family_datasets/Vehicles_and_Flight_Systems/Train/Natural/7.jpg","https://tactileeval.s3.us-east-1.amazonaws.com/family_datasets/Vehicles_and_Flight_Systems/Train/Tactile/7.png","","[{""question1"":{""background_clean"":false,""configuration_match"":true,""object_match"":false},""question10"":{""background_clean"":false,""configuration_match"":true,""object_match"":false},""question2"":{""background_clean"":false,""configuration_match"":false,""object_match"":true},""question3"":{""background_clean"":false,""configuration_match"":true,""object_match"":false},""question4"":{""background_clean"":false,""configuration_match"":false,""object_match"":true},""question5"":{""background_clean"":false,""configuration_match"":false,""object_match"":true},""question6"":{""background_clean"":false,""configuration_match"":false,""object_match"":true},""question7"":{""background_clean"":false,""configuration_match"":true,""object_match"":false},""question8"":{""background_clean"":false,""configuration_match"":true,""object_match"":false},""question9"":{""background_clean"":false,""configuration_match"":false,""object_match"":true}}]"
"39N6W9XWS51W6DIZFAKJ60QZ98WYG3","3PMOF0KIQ9OPLJTQP1WUGXCGLK7KBL","Categorize images based on background and posture.","Review 10 line-arts and judge if it has adequate background and configuration. (10 pairs)","tactile, image review, accessibility, vehicles","$0.08","Sat Apr 18 07:32:18 PDT 2026","7","BatchId:5385911;OriginalHitTemplateId:928390873;","1200","1296000","Sat Apr 25 07:32:18 PDT 2026","","","36AHBNMV2KQVGD613MOCOZJV0IPYDX","A1KXF2L2ZGQXJK","Submitted","Sat Apr 18 07:52:52 PDT 2026","Sat Apr 18 08:05:51 PDT 2026","Sun May 03 08:05:51 PDT 2026","","","","779","0% (0/0)","0% (0/0)","0% (0/0)","Train","https://tactileeval.s3.us-east-1.amazonaws.com/family_datasets/Vehicles_and_Flight_Systems/Train/Natural/8.jpg","https://tactileeval.s3.us-east-1.amazonaws.com/family_datasets/Vehicles_and_Flight_Systems/Train/Tactile/8.png","","Train","https://tactileeval.s3.us-east-1.amazonaws.com/family_datasets/Vehicles_and_Flight_Systems/Train/Natural/9.jpg","https://tactileeval.s3.us-east-1.amazonaws.com/family_datasets/Vehicles_and_Flight_Systems/Train/Tactile/9.png","","Train","https://tactileeval.s3.us-east-1.amazonaws.com/family_datasets/Vehicles_and_Flight_Systems/Train/Natural/10.png","https://tactileeval.s3.us-east-1.amazonaws.com/family_datasets/Vehicles_and_Flight_Systems/Train/Tactile/10.png","","Train","https://tactileeval.s3.us-east-1.amazonaws.com/family_datasets/Vehicles_and_Flight_Systems/Train/Natural/11.png","https://tactileeval.s3.us-east-1.amazonaws.com/family_datasets/Vehicles_and_Flight_Systems/Train/Tactile/11.png","","Train","https://tactileeval.s3.us-east-1.amazonaws.com/family_datasets/Vehicles_and_Flight_Systems/Train/Natural/12.png","https://tactileeval.s3.us-east-1.amazonaws.com/family_datasets/Vehicles_and_Flight_Systems/Train/Tactile/12.png","","Train","https://tactileeval.s3.us-east-1.amazonaws.com/family_datasets/Vehicles_and_Flight_Systems/Train/Natural/13.png","https://tactileeval.s3.us-east-1.amazonaws.com/family_datasets/Vehicles_and_Flight_Systems/Train/Tactile/13.png","","Train","https://tactileeval.s3.us-east-1.amazonaws.com/family_datasets/Vehicles_and_Flight_Systems/Train/Natural/14.png","https://tactileeval.s3.us-east-1.amazonaws.com/family_datasets/Vehicles_and_Flight_Systems/Train/Tactile/14.png","","Train","https://tactileeval.s3.us-east-1.amazonaws.com/family_datasets/Vehicles_and_Flight_Systems/Train/Natural/15.png","https://tactileeval.s3.us-east-1.amazonaws.com/family_datasets/Vehicles_and_Flight_Systems/Train/Tactile/15.png","","Train","https://tactileeval.s3.us-east-1.amazonaws.com/family_datasets/Vehicles_and_Flight_Systems/Train/Natural/16.png","https://tactileeval.s3.us-east-1.amazonaws.com/family_datasets/Vehicles_and_Flight_Systems/Train/Tactile/16.png","","Train","https://tactileeval.s3.us-east-1.amazonaws.com/family_datasets/Vehicles_and_Flight_Systems/Train/Natural/17.png","https://tactileeval.s3.us-east-1.amazonaws.com/family_datasets/Vehicles_and_Flight_Systems/Train/Tactile/17.png","","[{""question1"":{""background_clean"":true,""configuration_match"":false,""object_match"":false},""question10"":{""background_clean"":true,""configuration_match"":true,""object_match"":true},""question2"":{""background_clean"":true,""configuration_match"":true,""object_match"":true},""question3"":{""background_clean"":true,""configuration_match"":false,""object_match"":false},""question4"":{""background_clean"":true,""configuration_match"":true,""object_match"":false},""question5"":{""background_clean"":true,""configuration_match"":true,""object_match"":false},""question6"":{""background_clean"":true,""configuration_match"":true,""object_match"":false},""question7"":{""background_clean"":true,""configuration_match"":true,""object_match"":false},""question8"":{""background_clean"":true,""configuration_match"":true,""object_match"":true},""question9"":{""background_clean"":true,""configuration_match"":true,""object_match"":false}}]"
"39N6W9XWS51W6DIZFAKJ60QZ98WYG3","3PMOF0KIQ9OPLJTQP1WUGXCGLK7KBL","Categorize images based on background and posture.","Review 10 line-arts and judge if it has adequate background and configuration. (10 pairs)","tactile, image review, accessibility, vehicles","$0.08","Sat Apr 18 07:32:18 PDT 2026","7","BatchId:5385911;OriginalHitTemplateId:928390873;","1200","1296000","Sat Apr 25 07:32:18 PDT 2026","","","3VBEN272NDD1WB4J66XVCYYRWQRGSV","A2FK6782M09EBO","Submitted","Sat Apr 18 09:45:10 PDT 2026","Sat Apr 18 09:56:21 PDT 2026","Sun May 03 09:56:21 PDT 2026","","","","671","93% (65/70)","93% (65/70)","93% (65/70)","Train","https://tactileeval.s3.us-east-1.amazonaws.com/family_datasets/Vehicles_and_Flight_Systems/Train/Natural/8.jpg","https://tactileeval.s3.us-east-1.amazonaws.com/family_datasets/Vehicles_and_Flight_Systems/Train/Tactile/8.png","","Train","https://tactileeval.s3.us-east-1.amazonaws.com/family_datasets/Vehicles_and_Flight_Systems/Train/Natural/9.jpg","https://tactileeval.s3.us-east-1.amazonaws.com/family_datasets/Vehicles_and_Flight_Systems/Train/Tactile/9.png","","Train","https://tactileeval.s3.us-east-1.amazonaws.com/family_datasets/Vehicles_and_Flight_Systems/Train/Natural/10.png","https://tactileeval.s3.us-east-1.amazonaws.com/family_datasets/Vehicles_and_Flight_Systems/Train/Tactile/10.png","","Train","https://tactileeval.s3.us-east-1.amazonaws.com/family_datasets/Vehicles_and_Flight_Systems/Train/Natural/11.png","https://tactileeval.s3.us-east-1.amazonaws.com/family_datasets/Vehicles_and_Flight_Systems/Train/Tactile/11.png","","Train","https://tactileeval.s3.us-east-1.amazonaws.com/family_datasets/Vehicles_and_Flight_Systems/Train/Natural/12.png","https://tactileeval.s3.us-east-1.amazonaws.com/family_datasets/Vehicles_and_Flight_Systems/Train/Tactile/12.png","","Train","https://tactileeval.s3.us-east-1.amazonaws.com/family_datasets/Vehicles_and_Flight_Systems/Train/Natural/13.png","https://tactileeval.s3.us-east-1.amazonaws.com/family_datasets/Vehicles_and_Flight_Systems/Train/Tactile/13.png","","Train","https://tactileeval.s3.us-east-1.amazonaws.com/family_datasets/Vehicles_and_Flight_Systems/Train/Natural/14.png","https://tactileeval.s3.us-east-1.amazonaws.com/family_datasets/Vehicles_and_Flight_Systems/Train/Tactile/14.png","","Train","https://tactileeval.s3.us-east-1.amazonaws.com/family_datasets/Vehicles_and_Flight_Systems/Train/Natural/15.png","https://tactileeval.s3.us-east-1.amazonaws.com/family_datasets/Vehicles_and_Flight_Systems/Train/Tactile/15.png","","Train","https://tactileeval.s3.us-east-1.amazonaws.com/family_datasets/Vehicles_and_Flight_Systems/Train/Natural/16.png","https://tactileeval.s3.us-east-1.amazonaws.com/family_datasets/Vehicles_and_Flight_Systems/Train/Tactile/16.png","","Train","https://tactileeval.s3.us-east-1.amazonaws.com/family_datasets/Vehicles_and_Flight_Systems/Train/Natural/17.png","https://tactileeval.s3.us-east-1.amazonaws.com/family_datasets/Vehicles_and_Flight_Systems/Train/Tactile/17.png","","[{""question1"":{""background_clean"":true,""configuration_match"":true,""object_match"":true},""question10"":{""background_clean"":true,""configuration_match"":true,""object_match"":true},""question2"":{""background_clean"":true,""configuration_match"":true,""object_match"":true},""question3"":{""background_clean"":true,""configuration_match"":true,""object_match"":true},""question4"":{""background_clean"":true,""configuration_match"":false,""object_match"":true},""question5"":{""background_clean"":true,""configuration_match"":true,""object_match"":false},""question6"":{""background_clean"":true,""configuration_match"":true,""object_match"":false},""question7"":{""background_clean"":true,""configuration_match"":true,""object_match"":false},""question8"":{""background_clean"":true,""configuration_match"":true,""object_match"":true},""question9"":{""background_clean"":true,""configuration_match"":true,""object_match"":false}}]"
"39N6W9XWS51W6DIZFAKJ60QZ98WYG3","3PMOF0KIQ9OPLJTQP1WUGXCGLK7KBL","Categorize images based on background and posture.","Review 10 line-arts and judge if it has adequate background and configuration. (10 pairs)","tactile, image review, accessibility, vehicles","$0.08","Sat Apr 18 07:32:18 PDT 2026","7","BatchId:5385911;OriginalHitTemplateId:928390873;","1200","1296000","Sat Apr 25 07:32:18 PDT 2026","","","3XIQGXAUN5MQZZFH7DZO5T2QC2C7XT","A1LN8392JHDGL5","Submitted","Sat Apr 18 09:55:17 PDT 2026","Sat Apr 18 10:04:01 PDT 2026","Sun May 03 10:04:01 PDT 2026","","","","524","0% (0/0)","0% (0/0)","0% (0/0)","Train","https://tactileeval.s3.us-east-1.amazonaws.com/family_datasets/Vehicles_and_Flight_Systems/Train/Natural/8.jpg","https://tactileeval.s3.us-east-1.amazonaws.com/family_datasets/Vehicles_and_Flight_Systems/Train/Tactile/8.png","","Train","https://tactileeval.s3.us-east-1.amazonaws.com/family_datasets/Vehicles_and_Flight_Systems/Train/Natural/9.jpg","https://tactileeval.s3.us-east-1.amazonaws.com/family_datasets/Vehicles_and_Flight_Systems/Train/Tactile/9.png","","Train","https://tactileeval.s3.us-east-1.amazonaws.com/family_datasets/Vehicles_and_Flight_Systems/Train/Natural/10.png","https://tactileeval.s3.us-east-1.amazonaws.com/family_datasets/Vehicles_and_Flight_Systems/Train/Tactile/10.png","","Train","https://tactileeval.s3.us-east-1.amazonaws.com/family_datasets/Vehicles_and_Flight_Systems/Train/Natural/11.png","https://tactileeval.s3.us-east-1.amazonaws.com/family_datasets/Vehicles_and_Flight_Systems/Train/Tactile/11.png","","Train","https://tactileeval.s3.us-east-1.amazonaws.com/family_datasets/Vehicles_and_Flight_Systems/Train/Natural/12.png","https://tactileeval.s3.us-east-1.amazonaws.com/family_datasets/Vehicles_and_Flight_Systems/Train/Tactile/12.png","","Train","https://tactileeval.s3.us-east-1.amazonaws.com/family_datasets/Vehicles_and_Flight_Systems/Train/Natural/13.png","https://tactileeval.s3.us-east-1.amazonaws.com/family_datasets/Vehicles_and_Flight_Systems/Train/Tactile/13.png","","Train","https://tactileeval.s3.us-east-1.amazonaws.com/family_datasets/Vehicles_and_Flight_Systems/Train/Natural/14.png","https://tactileeval.s3.us-east-1.amazonaws.com/family_datasets/Vehicles_and_Flight_Systems/Train/Tactile/14.png","","Train","https://tactileeval.s3.us-east-1.amazonaws.com/family_datasets/Vehicles_and_Flight_Systems/Train/Natural/15.png","https://tactileeval.s3.us-east-1.amazonaws.com/family_datasets/Vehicles_and_Flight_Systems/Train/Tactile/15.png","","Train","https://tactileeval.s3.us-east-1.amazonaws.com/family_datasets/Vehicles_and_Flight_Systems/Train/Natural/16.png","https://tactileeval.s3.us-east-1.amazonaws.com/family_datasets/Vehicles_and_Flight_Systems/Train/Tactile/16.png","","Train","https://tactileeval.s3.us-east-1.amazonaws.com/family_datasets/Vehicles_and_Flight_Systems/Train/Natural/17.png","https://tactileeval.s3.us-east-1.amazonaws.com/family_datasets/Vehicles_and_Flight_Systems/Train/Tactile/17.png","","[{""question1"":{""background_clean"":true,""configuration_match"":true,""object_match"":true},""question10"":{""background_clean"":true,""configuration_match"":false,""object_match"":true},""question2"":{""background_clean"":true,""configuration_match"":true,""object_match"":true},""question3"":{""background_clean"":true,""configuration_match"":true,""object_match"":true},""question4"":{""background_clean"":true,""configuration_match"":true,""object_match"":true},""question5"":{""background_clean"":true,""configuration_match"":false,""object_match"":true},""question6"":{""background_clean"":true,""configuration_match"":false,""object_match"":true},""question7"":{""background_clean"":true,""configuration_match"":false,""object_match"":true},""question8"":{""background_clean"":true,""configuration_match"":false,""object_match"":true},""question9"":{""background_clean"":true,""configuration_match"":true,""object_match"":true}}]"
"39N6W9XWS51W6DIZFAKJ60QZ98WYG3","3PMOF0KIQ9OPLJTQP1WUGXCGLK7KBL","Categorize images based on background and posture.","Review 10 line-arts and judge if it has adequate background and configuration. (10 pairs)","tactile, image review, accessibility, vehicles","$0.08","Sat Apr 18 07:32:18 PDT 2026","7","BatchId:5385911;OriginalHitTemplateId:928390873;","1200","1296000","Sat Apr 25 07:32:18 PDT 2026","","","3P59JYT77EYCWH9RWRHWKZ0COQ52TS","A9380GKZM50GU","Submitted","Sat Apr 18 10:12:14 PDT 2026","Sat Apr 18 10:13:44 PDT 2026","Sun May 03 10:13:44 PDT 2026","","","","90","0% (0/0)","0% (0/0)","0% (0/0)","Train","https://tactileeval.s3.us-east-1.amazonaws.com/family_datasets/Vehicles_and_Flight_Systems/Train/Natural/8.jpg","https://tactileeval.s3.us-east-1.amazonaws.com/family_datasets/Vehicles_and_Flight_Systems/Train/Tactile/8.png","","Train","https://tactileeval.s3.us-east-1.amazonaws.com/family_datasets/Vehicles_and_Flight_Systems/Train/Natural/9.jpg","https://tactileeval.s3.us-east-1.amazonaws.com/family_datasets/Vehicles_and_Flight_Systems/Train/Tactile/9.png","","Train","https://tactileeval.s3.us-east-1.amazonaws.com/family_datasets/Vehicles_and_Flight_Systems/Train/Natural/10.png","https://tactileeval.s3.us-east-1.amazonaws.com/family_datasets/Vehicles_and_Flight_Systems/Train/Tactile/10.png","","Train","https://tactileeval.s3.us-east-1.amazonaws.com/family_datasets/Vehicles_and_Flight_Systems/Train/Natural/11.png","https://tactileeval.s3.us-east-1.amazonaws.com/family_datasets/Vehicles_and_Flight_Systems/Train/Tactile/11.png","","Train","https://tactileeval.s3.us-east-1.amazonaws.com/family_datasets/Vehicles_and_Flight_Systems/Train/Natural/12.png","https://tactileeval.s3.us-east-1.amazonaws.com/family_datasets/Vehicles_and_Flight_Systems/Train/Tactile/12.png","","Train","https://tactileeval.s3.us-east-1.amazonaws.com/family_datasets/Vehicles_and_Flight_Systems/Train/Natural/13.png","https://tactileeval.s3.us-east-1.amazonaws.com/family_datasets/Vehicles_and_Flight_Systems/Train/Tactile/13.png","","Train","https://tactileeval.s3.us-east-1.amazonaws.com/family_datasets/Vehicles_and_Flight_Systems/Train/Natural/14.png","https://tactileeval.s3.us-east-1.amazonaws.com/family_datasets/Vehicles_and_Flight_Systems/Train/Tactile/14.png","","Train","https://tactileeval.s3.us-east-1.amazonaws.com/family_datasets/Vehicles_and_Flight_Systems/Train/Natural/15.png","https://tactileeval.s3.us-east-1.amazonaws.com/family_datasets/Vehicles_and_Flight_Systems/Train/Tactile/15.png","","Train","https://tactileeval.s3.us-east-1.amazonaws.com/family_datasets/Vehicles_and_Flight_Systems/Train/Natural/16.png","https://tactileeval.s3.us-east-1.amazonaws.com/family_datasets/Vehicles_and_Flight_Systems/Train/Tactile/16.png","","Train","https://tactileeval.s3.us-east-1.amazonaws.com/family_datasets/Vehicles_and_Flight_Systems/Train/Natural/17.png","https://tactileeval.s3.us-east-1.amazonaws.com/family_datasets/Vehicles_and_Flight_Systems/Train/Tactile/17.png","","[{""question1"":{""background_clean"":true,""configuration_match"":true,""object_match"":true},""question10"":{""background_clean"":true,""configuration_match"":true,""object_match"":true},""question2"":{""background_clean"":true,""configuration_match"":true,""object_match"":true},""question3"":{""background_clean"":true,""configuration_match"":true,""object_match"":true},""question4"":{""background_clean"":true,""configuration_match"":false,""object_match"":true},""question5"":{""background_clean"":true,""configuration_match"":false,""object_match"":true},""question6"":{""background_clean"":true,""configuration_match"":false,""object_match"":true},""question7"":{""background_clean"":true,""configuration_match"":false,""object_match"":true},""question8"":{""background_clean"":true,""configuration_match"":false,""object_match"":true},""question9"":{""background_clean"":true,""configuration_match"":true,""object_match"":true}}]"
"39N6W9XWS51W6DIZFAKJ60QZ98WYG3","3PMOF0KIQ9OPLJTQP1WUGXCGLK7KBL","Categorize images based on background and posture.","Review 10 line-arts and judge if it has adequate background and configuration. (10 pairs)","tactile, image review, accessibility, vehicles","$0.08","Sat Apr 18 07:32:18 PDT 2026","7","BatchId:5385911;OriginalHitTemplateId:928390873;","1200","1296000","Sat Apr 25 07:32:18 PDT 2026","","","3JNQLM5FUX0OD41MNIF5Y8QVUDM2LS","A2Y0HZSZTQAVDW","Submitted","Sat Apr 18 10:34:48 PDT 2026","Sat Apr 18 10:40:49 PDT 2026","Sun May 03 10:40:49 PDT 2026","","","","361","0% (0/0)","0% (0/0)","0% (0/0)","Train","https://tactileeval.s3.us-east-1.amazonaws.com/family_datasets/Vehicles_and_Flight_Systems/Train/Natural/8.jpg","https://tactileeval.s3.us-east-1.amazonaws.com/family_datasets/Vehicles_and_Flight_Systems/Train/Tactile/8.png","","Train","https://tactileeval.s3.us-east-1.amazonaws.com/family_datasets/Vehicles_and_Flight_Systems/Train/Natural/9.jpg","https://tactileeval.s3.us-east-1.amazonaws.com/family_datasets/Vehicles_and_Flight_Systems/Train/Tactile/9.png","","Train","https://tactileeval.s3.us-east-1.amazonaws.com/family_datasets/Vehicles_and_Flight_Systems/Train/Natural/10.png","https://tactileeval.s3.us-east-1.amazonaws.com/family_datasets/Vehicles_and_Flight_Systems/Train/Tactile/10.png","","Train","https://tactileeval.s3.us-east-1.amazonaws.com/family_datasets/Vehicles_and_Flight_Systems/Train/Natural/11.png","https://tactileeval.s3.us-east-1.amazonaws.com/family_datasets/Vehicles_and_Flight_Systems/Train/Tactile/11.png","","Train","https://tactileeval.s3.us-east-1.amazonaws.com/family_datasets/Vehicles_and_Flight_Systems/Train/Natural/12.png","https://tactileeval.s3.us-east-1.amazonaws.com/family_datasets/Vehicles_and_Flight_Systems/Train/Tactile/12.png","","Train","https://tactileeval.s3.us-east-1.amazonaws.com/family_datasets/Vehicles_and_Flight_Systems/Train/Natural/13.png","https://tactileeval.s3.us-east-1.amazonaws.com/family_datasets/Vehicles_and_Flight_Systems/Train/Tactile/13.png","","Train","https://tactileeval.s3.us-east-1.amazonaws.com/family_datasets/Vehicles_and_Flight_Systems/Train/Natural/14.png","https://tactileeval.s3.us-east-1.amazonaws.com/family_datasets/Vehicles_and_Flight_Systems/Train/Tactile/14.png","","Train","https://tactileeval.s3.us-east-1.amazonaws.com/family_datasets/Vehicles_and_Flight_Systems/Train/Natural/15.png","https://tactileeval.s3.us-east-1.amazonaws.com/family_datasets/Vehicles_and_Flight_Systems/Train/Tactile/15.png","","Train","https://tactileeval.s3.us-east-1.amazonaws.com/family_datasets/Vehicles_and_Flight_Systems/Train/Natural/16.png","https://tactileeval.s3.us-east-1.amazonaws.com/family_datasets/Vehicles_and_Flight_Systems/Train/Tactile/16.png","","Train","https://tactileeval.s3.us-east-1.amazonaws.com/family_datasets/Vehicles_and_Flight_Systems/Train/Natural/17.png","https://tactileeval.s3.us-east-1.amazonaws.com/family_datasets/Vehicles_and_Flight_Systems/Train/Tactile/17.png","","[{""question1"":{""background_clean"":true,""configuration_match"":false,""object_match"":false},""question10"":{""background_clean"":true,""configuration_match"":false,""object_match"":false},""question2"":{""background_clean"":true,""configuration_match"":true,""object_match"":true},""question3"":{""background_clean"":true,""configuration_match"":false,""object_match"":false},""question4"":{""background_clean"":true,""configuration_match"":false,""object_match"":false},""question5"":{""background_clean"":true,""configuration_match"":false,""object_match"":false},""question6"":{""background_clean"":true,""configuration_match"":false,""object_match"":false},""question7"":{""background_clean"":true,""configuration_match"":false,""object_match"":false},""question8"":{""background_clean"":true,""configuration_match"":false,""object_match"":false},""question9"":{""background_clean"":true,""configuration_match"":false,""object_match"":false}}]"
"39N6W9XWS51W6DIZFAKJ60QZ98WYG3","3PMOF0KIQ9OPLJTQP1WUGXCGLK7KBL","Categorize images based on background and posture.","Review 10 line-arts and judge if it has adequate background and configuration. (10 pairs)","tactile, image review, accessibility, vehicles","$0.08","Sat Apr 18 07:32:18 PDT 2026","7","BatchId:5385911;OriginalHitTemplateId:928390873;","1200","1296000","Sat Apr 25 07:32:18 PDT 2026","","","37Z929RLH2M51GQPQ6W2BHDGMKETSW","ADE24F2LKZ61M","Submitted","Sat Apr 18 12:08:48 PDT 2026","Sat Apr 18 12:11:15 PDT 2026","Sun May 03 12:11:15 PDT 2026","","","","147","0% (0/0)","0% (0/0)","0% (0/0)","Train","https://tactileeval.s3.us-east-1.amazonaws.com/family_datasets/Vehicles_and_Flight_Systems/Train/Natural/8.jpg","https://tactileeval.s3.us-east-1.amazonaws.com/family_datasets/Vehicles_and_Flight_Systems/Train/Tactile/8.png","","Train","https://tactileeval.s3.us-east-1.amazonaws.com/family_datasets/Vehicles_and_Flight_Systems/Train/Natural/9.jpg","https://tactileeval.s3.us-east-1.amazonaws.com/family_datasets/Vehicles_and_Flight_Systems/Train/Tactile/9.png","","Train","https://tactileeval.s3.us-east-1.amazonaws.com/family_datasets/Vehicles_and_Flight_Systems/Train/Natural/10.png","https://tactileeval.s3.us-east-1.amazonaws.com/family_datasets/Vehicles_and_Flight_Systems/Train/Tactile/10.png","","Train","https://tactileeval.s3.us-east-1.amazonaws.com/family_datasets/Vehicles_and_Flight_Systems/Train/Natural/11.png","https://tactileeval.s3.us-east-1.amazonaws.com/family_datasets/Vehicles_and_Flight_Systems/Train/Tactile/11.png","","Train","https://tactileeval.s3.us-east-1.amazonaws.com/family_datasets/Vehicles_and_Flight_Systems/Train/Natural/12.png","https://tactileeval.s3.us-east-1.amazonaws.com/family_datasets/Vehicles_and_Flight_Systems/Train/Tactile/12.png","","Train","https://tactileeval.s3.us-east-1.amazonaws.com/family_datasets/Vehicles_and_Flight_Systems/Train/Natural/13.png","https://tactileeval.s3.us-east-1.amazonaws.com/family_datasets/Vehicles_and_Flight_Systems/Train/Tactile/13.png","","Train","https://tactileeval.s3.us-east-1.amazonaws.com/family_datasets/Vehicles_and_Flight_Systems/Train/Natural/14.png","https://tactileeval.s3.us-east-1.amazonaws.com/family_datasets/Vehicles_and_Flight_Systems/Train/Tactile/14.png","","Train","https://tactileeval.s3.us-east-1.amazonaws.com/family_datasets/Vehicles_and_Flight_Systems/Train/Natural/15.png","https://tactileeval.s3.us-east-1.amazonaws.com/family_datasets/Vehicles_and_Flight_Systems/Train/Tactile/15.png","","Train","https://tactileeval.s3.us-east-1.amazonaws.com/family_datasets/Vehicles_and_Flight_Systems/Train/Natural/16.png","https://tactileeval.s3.us-east-1.amazonaws.com/family_datasets/Vehicles_and_Flight_Systems/Train/Tactile/16.png","","Train","https://tactileeval.s3.us-east-1.amazonaws.com/family_datasets/Vehicles_and_Flight_Systems/Train/Natural/17.png","https://tactileeval.s3.us-east-1.amazonaws.com/family_datasets/Vehicles_and_Flight_Systems/Train/Tactile/17.png","","[{""question1"":{""background_clean"":false,""configuration_match"":true,""object_match"":true},""question10"":{""background_clean"":true,""configuration_match"":false,""object_match"":true},""question2"":{""background_clean"":false,""configuration_match"":true,""object_match"":true},""question3"":{""background_clean"":true,""configuration_match"":false,""object_match"":true},""question4"":{""background_clean"":true,""configuration_match"":true,""object_match"":true},""question5"":{""background_clean"":true,""configuration_match"":true,""object_match"":true},""question6"":{""background_clean"":true,""configuration_match"":false,""object_match"":true},""question7"":{""background_clean"":true,""configuration_match"":true,""object_match"":true},""question8"":{""background_clean"":true,""configuration_match"":true,""object_match"":true},""question9"":{""background_clean"":true,""configuration_match"":true,""object_match"":true}}]"
"39N6W9XWS51W6DIZFAKJ60QZ98WYG3","3PMOF0KIQ9OPLJTQP1WUGXCGLK7KBL","Categorize images based on background and posture.","Review 10 line-arts and judge if it has adequate background and configuration. (10 pairs)","tactile, image review, accessibility, vehicles","$0.08","Sat Apr 18 07:32:18 PDT 2026","7","BatchId:5385911;OriginalHitTemplateId:928390873;","1200","1296000","Sat Apr 25 07:32:18 PDT 2026","","","3NVC2EB66JDXYL44AXI0BQXJ9623Y8","A32BQKMVUH8ZYJ","Submitted","Sat Apr 18 13:36:11 PDT 2026","Sat Apr 18 13:55:13 PDT 2026","Sun May 03 13:55:13 PDT 2026","","","","1142","0% (0/0)","0% (0/0)","0% (0/0)","Train","https://tactileeval.s3.us-east-1.amazonaws.com/family_datasets/Vehicles_and_Flight_Systems/Train/Natural/8.jpg","https://tactileeval.s3.us-east-1.amazonaws.com/family_datasets/Vehicles_and_Flight_Systems/Train/Tactile/8.png","","Train","https://tactileeval.s3.us-east-1.amazonaws.com/family_datasets/Vehicles_and_Flight_Systems/Train/Natural/9.jpg","https://tactileeval.s3.us-east-1.amazonaws.com/family_datasets/Vehicles_and_Flight_Systems/Train/Tactile/9.png","","Train","https://tactileeval.s3.us-east-1.amazonaws.com/family_datasets/Vehicles_and_Flight_Systems/Train/Natural/10.png","https://tactileeval.s3.us-east-1.amazonaws.com/family_datasets/Vehicles_and_Flight_Systems/Train/Tactile/10.png","","Train","https://tactileeval.s3.us-east-1.amazonaws.com/family_datasets/Vehicles_and_Flight_Systems/Train/Natural/11.png","https://tactileeval.s3.us-east-1.amazonaws.com/family_datasets/Vehicles_and_Flight_Systems/Train/Tactile/11.png","","Train","https://tactileeval.s3.us-east-1.amazonaws.com/family_datasets/Vehicles_and_Flight_Systems/Train/Natural/12.png","https://tactileeval.s3.us-east-1.amazonaws.com/family_datasets/Vehicles_and_Flight_Systems/Train/Tactile/12.png","","Train","https://tactileeval.s3.us-east-1.amazonaws.com/family_datasets/Vehicles_and_Flight_Systems/Train/Natural/13.png","https://tactileeval.s3.us-east-1.amazonaws.com/family_datasets/Vehicles_and_Flight_Systems/Train/Tactile/13.png","","Train","https://tactileeval.s3.us-east-1.amazonaws.com/family_datasets/Vehicles_and_Flight_Systems/Train/Natural/14.png","https://tactileeval.s3.us-east-1.amazonaws.com/family_datasets/Vehicles_and_Flight_Systems/Train/Tactile/14.png","","Train","https://tactileeval.s3.us-east-1.amazonaws.com/family_datasets/Vehicles_and_Flight_Systems/Train/Natural/15.png","https://tactileeval.s3.us-east-1.amazonaws.com/family_datasets/Vehicles_and_Flight_Systems/Train/Tactile/15.png","","Train","https://tactileeval.s3.us-east-1.amazonaws.com/family_datasets/Vehicles_and_Flight_Systems/Train/Natural/16.png","https://tactileeval.s3.us-east-1.amazonaws.com/family_datasets/Vehicles_and_Flight_Systems/Train/Tactile/16.png","","Train","https://tactileeval.s3.us-east-1.amazonaws.com/family_datasets/Vehicles_and_Flight_Systems/Train/Natural/17.png","https://tactileeval.s3.us-east-1.amazonaws.com/family_datasets/Vehicles_and_Flight_Systems/Train/Tactile/17.png","","[{""question1"":{""background_clean"":false,""configuration_match"":true,""object_match"":false},""question10"":{""background_clean"":false,""configuration_match"":false,""object_match"":true},""question2"":{""background_clean"":false,""configuration_match"":false,""object_match"":true},""question3"":{""background_clean"":false,""configuration_match"":true,""object_match"":false},""question4"":{""background_clean"":true,""configuration_match"":false,""object_match"":false},""question5"":{""background_clean"":true,""configuration_match"":false,""object_match"":false},""question6"":{""background_clean"":false,""configuration_match"":false,""object_match"":true},""question7"":{""background_clean"":false,""configuration_match"":true,""object_match"":false},""question8"":{""background_clean"":false,""configuration_match"":true,""object_match"":false},""question9"":{""background_clean"":false,""configuration_match"":false,""object_match"":true}}]"
"3D1UCPY6H8NGXVFT7RF5OTDOCOP38N","3PMOF0KIQ9OPLJTQP1WUGXCGLK7KBL","Categorize images based on background and posture.","Review 10 line-arts and judge if it has adequate background and configuration. (10 pairs)","tactile, image review, accessibility, vehicles","$0.08","Sat Apr 18 07:32:18 PDT 2026","7","BatchId:5385911;OriginalHitTemplateId:928390873;","1200","1296000","Sat Apr 25 07:32:18 PDT 2026","","","304SM51WBWI55UW8QK5HBN7UGDZSBQ","A2FK6782M09EBO","Submitted","Sat Apr 18 09:48:33 PDT 2026","Sat Apr 18 10:00:48 PDT 2026","Sun May 03 10:00:48 PDT 2026","","","","735","93% (65/70)","93% (65/70)","93% (65/70)","Train","https://tactileeval.s3.us-east-1.amazonaws.com/family_datasets/Vehicles_and_Flight_Systems/Train/Natural/18_refined.png","https://tactileeval.s3.us-east-1.amazonaws.com/family_datasets/Vehicles_and_Flight_Systems/Train/Tactile/18_refined.png","","","","","","","","","","","","","","","","","","","","","","","","","","","","","","","","","","","","","","[{""question1"":{""background_clean"":true,""configuration_match"":true,""object_match"":true},""question10"":{""background_clean"":true,""configuration_match"":true,""object_match"":false},""question2"":{""background_clean"":true,""configuration_match"":false,""object_match"":true},""question3"":{""background_clean"":false,""configuration_match"":true,""object_match"":true},""question4"":{""background_clean"":true,""configuration_match"":false,""object_match"":true},""question5"":{""background_clean"":false,""configuration_match"":true,""object_match"":true},""question6"":{""background_clean"":true,""configuration_match"":false,""object_match"":true},""question7"":{""background_clean"":false,""configuration_match"":false,""object_match"":true},""question8"":{""background_clean"":false,""configuration_match"":true,""object_match"":true},""question9"":{""background_clean"":true,""configuration_match"":false,""object_match"":true}}]"
"3D1UCPY6H8NGXVFT7RF5OTDOCOP38N","3PMOF0KIQ9OPLJTQP1WUGXCGLK7KBL","Categorize images based on background and posture.","Review 10 line-arts and judge if it has adequate background and configuration. (10 pairs)","tactile, image review, accessibility, vehicles","$0.08","Sat Apr 18 07:32:18 PDT 2026","7","BatchId:5385911;OriginalHitTemplateId:928390873;","1200","1296000","Sat Apr 25 07:32:18 PDT 2026","","","3P4RDNWNEYKMTZRO90OK59KKFKQJIU","A376G1BHIGNA85","Submitted","Sat Apr 18 13:58:25 PDT 2026","Sat Apr 18 14:02:58 PDT 2026","Sun May 03 14:02:58 PDT 2026","","","","273","0% (0/0)","0% (0/0)","0% (0/0)","Train","https://tactileeval.s3.us-east-1.amazonaws.com/family_datasets/Vehicles_and_Flight_Systems/Train/Natural/18_refined.png","https://tactileeval.s3.us-east-1.amazonaws.com/family_datasets/Vehicles_and_Flight_Systems/Train/Tactile/18_refined.png","","","","","","","","","","","","","","","","","","","","","","","","","","","","","","","","","","","","","","[{""question1"":{""background_clean"":false,""configuration_match"":true,""object_match"":false},""question10"":{""background_clean"":false,""configuration_match"":true,""object_match"":false},""question2"":{""background_clean"":false,""configuration_match"":false,""object_match"":true},""question3"":{""background_clean"":false,""configuration_match"":true,""object_match"":false},""question4"":{""background_clean"":false,""configuration_match"":false,""object_match"":true},""question5"":{""background_clean"":false,""configuration_match"":true,""object_match"":false},""question6"":{""background_clean"":false,""configuration_match"":true,""object_match"":false},""question7"":{""background_clean"":false,""configuration_match"":false,""object_match"":true},""question8"":{""background_clean"":false,""configuration_match"":false,""object_match"":true},""question9"":{""background_clean"":false,""configuration_match"":false,""object_match"":true}}]"
"3D1UCPY6H8NGXVFT7RF5OTDOCOP38N","3PMOF0KIQ9OPLJTQP1WUGXCGLK7KBL","Categorize images based on background and posture.","Review 10 line-arts and judge if it has adequate background and configuration. (10 pairs)","tactile, image review, accessibility, vehicles","$0.08","Sat Apr 18 07:32:18 PDT 2026","7","BatchId:5385911;OriginalHitTemplateId:928390873;","1200","1296000","Sat Apr 25 07:32:18 PDT 2026","","","3QRYMNZ7GRV8L3YKIAFGCN3AZMHTNX","A3VCTHO95DZWAQ","Submitted","Sat Apr 18 16:48:32 PDT 2026","Sat Apr 18 16:53:08 PDT 2026","Sun May 03 16:53:08 PDT 2026","","","","276","0% (0/0)","0% (0/0)","0% (0/0)","Train","https://tactileeval.s3.us-east-1.amazonaws.com/family_datasets/Vehicles_and_Flight_Systems/Train/Natural/18_refined.png","https://tactileeval.s3.us-east-1.amazonaws.com/family_datasets/Vehicles_and_Flight_Systems/Train/Tactile/18_refined.png","","","","","","","","","","","","","","","","","","","","","","","","","","","","","","","","","","","","","","[{""question1"":{""background_clean"":true,""configuration_match"":true,""object_match"":true},""question10"":{""background_clean"":true,""configuration_match"":false,""object_match"":false},""question2"":{""background_clean"":true,""configuration_match"":false,""object_match"":false},""question3"":{""background_clean"":true,""configuration_match"":false,""object_match"":false},""question4"":{""background_clean"":true,""configuration_match"":false,""object_match"":false},""question5"":{""background_clean"":true,""configuration_match"":false,""object_match"":false},""question6"":{""background_clean"":true,""configuration_match"":false,""object_match"":false},""question7"":{""background_clean"":true,""configuration_match"":false,""object_match"":false},""question8"":{""background_clean"":true,""configuration_match"":false,""object_match"":false},""question9"":{""background_clean"":true,""configuration_match"":false,""object_match"":false}}]"
"3D1UCPY6H8NGXVFT7RF5OTDOCOP38N","3PMOF0KIQ9OPLJTQP1WUGXCGLK7KBL","Categorize images based on background and posture.","Review 10 line-arts and judge if it has adequate background and configuration. (10 pairs)","tactile, image review, accessibility, vehicles","$0.08","Sat Apr 18 07:32:18 PDT 2026","7","BatchId:5385911;OriginalHitTemplateId:928390873;","1200","1296000","Sat Apr 25 07:32:18 PDT 2026","","","3WMINLGAM4HKF32KNKFL17J6CTICAD","A1CMJNN1QQKLU8","Submitted","Sat Apr 18 16:48:40 PDT 2026","Sat Apr 18 16:54:49 PDT 2026","Sun May 03 16:54:49 PDT 2026","","","","369","0% (0/0)","0% (0/0)","0% (0/0)","Train","https://tactileeval.s3.us-east-1.amazonaws.com/family_datasets/Vehicles_and_Flight_Systems/Train/Natural/18_refined.png","https://tactileeval.s3.us-east-1.amazonaws.com/family_datasets/Vehicles_and_Flight_Systems/Train/Tactile/18_refined.png","","","","","","","","","","","","","","","","","","","","","","","","","","","","","","","","","","","","","","[{""question1"":{""background_clean"":true,""configuration_match"":true,""object_match"":true},""question10"":{""background_clean"":true,""configuration_match"":false,""object_match"":false},""question2"":{""background_clean"":true,""configuration_match"":false,""object_match"":false},""question3"":{""background_clean"":true,""configuration_match"":false,""object_match"":false},""question4"":{""background_clean"":true,""configuration_match"":false,""object_match"":false},""question5"":{""background_clean"":true,""configuration_match"":false,""object_match"":false},""question6"":{""background_clean"":true,""configuration_match"":false,""object_match"":false},""question7"":{""background_clean"":true,""configuration_match"":false,""object_match"":false},""question8"":{""background_clean"":true,""configuration_match"":false,""object_match"":false},""question9"":{""background_clean"":true,""configuration_match"":false,""object_match"":false}}]"
"3D1UCPY6H8NGXVFT7RF5OTDOCOP38N","3PMOF0KIQ9OPLJTQP1WUGXCGLK7KBL","Categorize images based on background and posture.","Review 10 line-arts and judge if it has adequate background and configuration. (10 pairs)","tactile, image review, accessibility, vehicles","$0.08","Sat Apr 18 07:32:18 PDT 2026","7","BatchId:5385911;OriginalHitTemplateId:928390873;","1200","1296000","Sat Apr 25 07:32:18 PDT 2026","","","3AMW0RGHP6GATB5D1T6W7D2DAJWPNO","A1RQST9UG72B9D","Submitted","Sat Apr 18 16:56:15 PDT 2026","Sat Apr 18 16:58:46 PDT 2026","Sun May 03 16:58:46 PDT 2026","","","","151","0% (0/0)","0% (0/0)","0% (0/0)","Train","https://tactileeval.s3.us-east-1.amazonaws.com/family_datasets/Vehicles_and_Flight_Systems/Train/Natural/18_refined.png","https://tactileeval.s3.us-east-1.amazonaws.com/family_datasets/Vehicles_and_Flight_Systems/Train/Tactile/18_refined.png","","","","","","","","","","","","","","","","","","","","","","","","","","","","","","","","","","","","","","[{""question1"":{""background_clean"":true,""configuration_match"":true,""object_match"":true},""question10"":{""background_clean"":true,""configuration_match"":false,""object_match"":true},""question2"":{""background_clean"":true,""configuration_match"":true,""object_match"":false},""question3"":{""background_clean"":false,""configuration_match"":false,""object_match"":true},""question4"":{""background_clean"":true,""configuration_match"":false,""object_match"":true},""question5"":{""background_clean"":true,""configuration_match"":true,""object_match"":false},""question6"":{""background_clean"":false,""configuration_match"":true,""object_match"":true},""question7"":{""background_clean"":true,""configuration_match"":true,""object_match"":false},""question8"":{""background_clean"":true,""configuration_match"":true,""object_match"":true},""question9"":{""background_clean"":true,""configuration_match"":false,""object_match"":true}}]"
"3D1UCPY6H8NGXVFT7RF5OTDOCOP38N","3PMOF0KIQ9OPLJTQP1WUGXCGLK7KBL","Categorize images based on background and posture.","Review 10 line-arts and judge if it has adequate background and configuration. (10 pairs)","tactile, image review, accessibility, vehicles","$0.08","Sat Apr 18 07:32:18 PDT 2026","7","BatchId:5385911;OriginalHitTemplateId:928390873;","1200","1296000","Sat Apr 25 07:32:18 PDT 2026","","","32RIADZITLILKVBZB5VU391O6MV4SB","A1WGCUVQZ7ODGF","Submitted","Sat Apr 18 21:07:28 PDT 2026","Sat Apr 18 21:14:44 PDT 2026","Sun May 03 21:14:44 PDT 2026","","","","436","0% (0/0)","0% (0/0)","0% (0/0)","Train","https://tactileeval.s3.us-east-1.amazonaws.com/family_datasets/Vehicles_and_Flight_Systems/Train/Natural/18_refined.png","https://tactileeval.s3.us-east-1.amazonaws.com/family_datasets/Vehicles_and_Flight_Systems/Train/Tactile/18_refined.png","","","","","","","","","","","","","","","","","","","","","","","","","","","","","","","","","","","","","","[{""question1"":{""background_clean"":false,""configuration_match"":false,""object_match"":true},""question10"":{""background_clean"":false,""configuration_match"":false,""object_match"":true},""question2"":{""background_clean"":false,""configuration_match"":true,""object_match"":false},""question3"":{""background_clean"":true,""configuration_match"":false,""object_match"":false},""question4"":{""background_clean"":false,""configuration_match"":false,""object_match"":true},""question5"":{""background_clean"":true,""configuration_match"":false,""object_match"":true},""question6"":{""background_clean"":false,""configuration_match"":true,""object_match"":false},""question7"":{""background_clean"":false,""configuration_match"":true,""object_match"":false},""question8"":{""background_clean"":false,""configuration_match"":false,""object_match"":true},""question9"":{""background_clean"":true,""configuration_match"":false,""object_match"":true}}]"
"3D1UCPY6H8NGXVFT7RF5OTDOCOP38N","3PMOF0KIQ9OPLJTQP1WUGXCGLK7KBL","Categorize images based on background and posture.","Review 10 line-arts and judge if it has adequate background and configuration. (10 pairs)","tactile, image review, accessibility, vehicles","$0.08","Sat Apr 18 07:32:18 PDT 2026","7","BatchId:5385911;OriginalHitTemplateId:928390873;","1200","1296000","Sat Apr 25 07:32:18 PDT 2026","","","3R08VXYT859BAZARX8323AOJ31J7WF","A16XBYWL7K7XN0","Submitted","Sat Apr 18 21:48:18 PDT 2026","Sat Apr 18 22:06:50 PDT 2026","Sun May 03 22:06:50 PDT 2026","","","","1112","0% (0/0)","0% (0/0)","0% (0/0)","Train","https://tactileeval.s3.us-east-1.amazonaws.com/family_datasets/Vehicles_and_Flight_Systems/Train/Natural/18_refined.png","https://tactileeval.s3.us-east-1.amazonaws.com/family_datasets/Vehicles_and_Flight_Systems/Train/Tactile/18_refined.png","","","","","","","","","","","","","","","","","","","","","","","","","","","","","","","","","","","","","","[{""question1"":{""background_clean"":true,""configuration_match"":false,""object_match"":false},""question10"":{""background_clean"":false,""configuration_match"":false,""object_match"":true},""question2"":{""background_clean"":false,""configuration_match"":false,""object_match"":true},""question3"":{""background_clean"":false,""configuration_match"":true,""object_match"":false},""question4"":{""background_clean"":true,""configuration_match"":false,""object_match"":true},""question5"":{""background_clean"":true,""configuration_match"":false,""object_match"":false},""question6"":{""background_clean"":false,""configuration_match"":false,""object_match"":true},""question7"":{""background_clean"":false,""configuration_match"":false,""object_match"":true},""question8"":{""background_clean"":false,""configuration_match"":true,""object_match"":true},""question9"":{""background_clean"":false,""configuration_match"":true,""object_match"":false}}]"