"HITId","HITTypeId","Title","Description","Keywords","Reward","CreationTime","MaxAssignments","RequesterAnnotation","AssignmentDurationInSeconds","AutoApprovalDelayInSeconds","Expiration","NumberOfSimilarHITs","LifetimeInSeconds","AssignmentId","WorkerId","AssignmentStatus","AcceptTime","SubmitTime","AutoApprovalTime","ApprovalTime","RejectionTime","RequesterFeedback","WorkTimeInSeconds","LifetimeApprovalRate","Last30DaysApprovalRate","Last7DaysApprovalRate","Input.q1_name","Input.q1_natural_url","Input.q1_tactile_url","Input.q1_answer","Input.q2_name","Input.q2_natural_url","Input.q2_tactile_url","Input.q2_answer","Input.q3_name","Input.q3_natural_url","Input.q3_tactile_url","Input.q3_answer","Input.q4_name","Input.q4_natural_url","Input.q4_tactile_url","Input.q4_answer","Input.q5_name","Input.q5_natural_url","Input.q5_tactile_url","Input.q5_answer","Input.q6_name","Input.q6_natural_url","Input.q6_tactile_url","Input.q6_answer","Input.q7_name","Input.q7_natural_url","Input.q7_tactile_url","Input.q7_answer","Input.q8_name","Input.q8_natural_url","Input.q8_tactile_url","Input.q8_answer","Input.q9_name","Input.q9_natural_url","Input.q9_tactile_url","Input.q9_answer","Input.q10_name","Input.q10_natural_url","Input.q10_tactile_url","Input.q10_answer","Answer.taskAnswers","Approve","Reject"
"3QQUBC6406SDG09BXIBCD6SN8EONXU","3U20ZGNLAG0U51KQK3YR7IVUILJD7F","Judge if an objects line-art has missing elements (10 pairs)","Review 10  line-arts and judge if it has/hasn't missing or extra content. (10 pairs)","tactile, image review, accessibility, vehicles","$0.08","Sat Apr 18 07:37:37 PDT 2026","9","BatchId:5385913;OriginalHitTemplateId:928390873;","1800","1296000","Sat Apr 25 07:37:37 PDT 2026","","","3PM8NZGV9RU05HKW3C8U5KJLHSWXQ9","A2JKGAWYEHJ18S","Rejected","Sat Apr 18 09:14:50 PDT 2026","Sat Apr 18 09:25:03 PDT 2026","Sun May 03 09:25:03 PDT 2026","","Sat Apr 18 20:04:23 PDT 2026","Thank you for your time. Unfortunately this submission did not pass the embedded gold-standard checks; this task requires very careful attention to detail.","613","15% (3/20)","15% (3/20)","15% (3/20)","Rocket","https://tactileeval.s3.us-east-1.amazonaws.com/family_datasets/Vehicles_and_Flight_Systems/Rocket/Natural/17.jpg","https://tactileeval.s3.us-east-1.amazonaws.com/family_datasets/Vehicles_and_Flight_Systems/Rocket/Tactile/17.jpeg","","Rocket","https://tactileeval.s3.us-east-1.amazonaws.com/family_datasets/Vehicles_and_Flight_Systems/Rocket/Natural/18.jpg","https://tactileeval.s3.us-east-1.amazonaws.com/family_datasets/Vehicles_and_Flight_Systems/Rocket/Tactile/18.jpeg","","Rocket","https://tactileeval.s3.us-east-1.amazonaws.com/family_datasets/Vehicles_and_Flight_Systems/Rocket/Natural/19.jpg","https://tactileeval.s3.us-east-1.amazonaws.com/family_datasets/Vehicles_and_Flight_Systems/Rocket/Tactile/19.jpeg","","Rocket","https://tactileeval.s3.us-east-1.amazonaws.com/family_datasets/Vehicles_and_Flight_Systems/Rocket/Natural/20.jpg","https://tactileeval.s3.us-east-1.amazonaws.com/family_datasets/Vehicles_and_Flight_Systems/Rocket/Tactile/20.jpeg","","Rocket","https://tactileeval.s3.us-east-1.amazonaws.com/family_datasets/Vehicles_and_Flight_Systems/Rocket/Natural/21.jpg","https://tactileeval.s3.us-east-1.amazonaws.com/family_datasets/Vehicles_and_Flight_Systems/Rocket/Tactile/21.jpeg","","Rocket","https://tactileeval.s3.us-east-1.amazonaws.com/family_datasets/Vehicles_and_Flight_Systems/Rocket/Natural/22.jpg","https://tactileeval.s3.us-east-1.amazonaws.com/family_datasets/Vehicles_and_Flight_Systems/Rocket/Tactile/22.jpeg","","Rocket","https://tactileeval.s3.us-east-1.amazonaws.com/family_datasets/Vehicles_and_Flight_Systems/Rocket/Natural/23.jpg","https://tactileeval.s3.us-east-1.amazonaws.com/family_datasets/Vehicles_and_Flight_Systems/Rocket/Tactile/23.jpeg","","Satellite","https://tactileeval.s3.us-east-1.amazonaws.com/family_datasets/Vehicles_and_Flight_Systems/Satellite/Natural/1.png","https://tactileeval.s3.us-east-1.amazonaws.com/family_datasets/Vehicles_and_Flight_Systems/Satellite/Tactile/1.jpeg","","Satellite","https://tactileeval.s3.us-east-1.amazonaws.com/family_datasets/Vehicles_and_Flight_Systems/Satellite/Natural/2.jpg","https://tactileeval.s3.us-east-1.amazonaws.com/family_datasets/Vehicles_and_Flight_Systems/Satellite/Tactile/2.jpeg","","Satellite","https://tactileeval.s3.us-east-1.amazonaws.com/family_datasets/Vehicles_and_Flight_Systems/Satellite/Natural/3.jpg","https://tactileeval.s3.us-east-1.amazonaws.com/family_datasets/Vehicles_and_Flight_Systems/Satellite/Tactile/3.jpeg","","[{""question1"":{""all_correct"":false,""extra_parts"":false,""missing_parts"":false,""wrong_location"":true},""question10"":{""all_correct"":false,""extra_parts"":false,""missing_parts"":false,""wrong_location"":true},""question2"":{""all_correct"":false,""extra_parts"":true,""missing_parts"":false,""wrong_location"":false},""question3"":{""all_correct"":false,""extra_parts"":false,""missing_parts"":false,""wrong_location"":true},""question4"":{""all_correct"":false,""extra_parts"":true,""missing_parts"":false,""wrong_location"":false},""question5"":{""all_correct"":false,""extra_parts"":false,""missing_parts"":false,""wrong_location"":true},""question6"":{""all_correct"":false,""extra_parts"":true,""missing_parts"":false,""wrong_location"":false},""question7"":{""all_correct"":false,""extra_parts"":true,""missing_parts"":false,""wrong_location"":false},""question8"":{""all_correct"":false,""extra_parts"":false,""missing_parts"":true,""wrong_location"":false},""question9"":{""all_correct"":false,""extra_parts"":true,""missing_parts"":false,""wrong_location"":false}}]"
"3QQUBC6406SDG09BXIBCD6SN8EONXU","3U20ZGNLAG0U51KQK3YR7IVUILJD7F","Judge if an objects line-art has missing elements (10 pairs)","Review 10  line-arts and judge if it has/hasn't missing or extra content. (10 pairs)","tactile, image review, accessibility, vehicles","$0.08","Sat Apr 18 07:37:37 PDT 2026","9","BatchId:5385913;OriginalHitTemplateId:928390873;","1800","1296000","Sat Apr 25 07:37:37 PDT 2026","","","345LHZDEEQ6GHCKZ0WLB85R6DIE3UX","A11RQ0K5GQ3NJG","Approved","Sat Apr 18 10:30:01 PDT 2026","Sat Apr 18 10:38:36 PDT 2026","Sun May 03 10:38:36 PDT 2026","Sat Apr 18 20:04:23 PDT 2026","","","515","39% (12/31)","39% (12/31)","39% (12/31)","Rocket","https://tactileeval.s3.us-east-1.amazonaws.com/family_datasets/Vehicles_and_Flight_Systems/Rocket/Natural/17.jpg","https://tactileeval.s3.us-east-1.amazonaws.com/family_datasets/Vehicles_and_Flight_Systems/Rocket/Tactile/17.jpeg","","Rocket","https://tactileeval.s3.us-east-1.amazonaws.com/family_datasets/Vehicles_and_Flight_Systems/Rocket/Natural/18.jpg","https://tactileeval.s3.us-east-1.amazonaws.com/family_datasets/Vehicles_and_Flight_Systems/Rocket/Tactile/18.jpeg","","Rocket","https://tactileeval.s3.us-east-1.amazonaws.com/family_datasets/Vehicles_and_Flight_Systems/Rocket/Natural/19.jpg","https://tactileeval.s3.us-east-1.amazonaws.com/family_datasets/Vehicles_and_Flight_Systems/Rocket/Tactile/19.jpeg","","Rocket","https://tactileeval.s3.us-east-1.amazonaws.com/family_datasets/Vehicles_and_Flight_Systems/Rocket/Natural/20.jpg","https://tactileeval.s3.us-east-1.amazonaws.com/family_datasets/Vehicles_and_Flight_Systems/Rocket/Tactile/20.jpeg","","Rocket","https://tactileeval.s3.us-east-1.amazonaws.com/family_datasets/Vehicles_and_Flight_Systems/Rocket/Natural/21.jpg","https://tactileeval.s3.us-east-1.amazonaws.com/family_datasets/Vehicles_and_Flight_Systems/Rocket/Tactile/21.jpeg","","Rocket","https://tactileeval.s3.us-east-1.amazonaws.com/family_datasets/Vehicles_and_Flight_Systems/Rocket/Natural/22.jpg","https://tactileeval.s3.us-east-1.amazonaws.com/family_datasets/Vehicles_and_Flight_Systems/Rocket/Tactile/22.jpeg","","Rocket","https://tactileeval.s3.us-east-1.amazonaws.com/family_datasets/Vehicles_and_Flight_Systems/Rocket/Natural/23.jpg","https://tactileeval.s3.us-east-1.amazonaws.com/family_datasets/Vehicles_and_Flight_Systems/Rocket/Tactile/23.jpeg","","Satellite","https://tactileeval.s3.us-east-1.amazonaws.com/family_datasets/Vehicles_and_Flight_Systems/Satellite/Natural/1.png","https://tactileeval.s3.us-east-1.amazonaws.com/family_datasets/Vehicles_and_Flight_Systems/Satellite/Tactile/1.jpeg","","Satellite","https://tactileeval.s3.us-east-1.amazonaws.com/family_datasets/Vehicles_and_Flight_Systems/Satellite/Natural/2.jpg","https://tactileeval.s3.us-east-1.amazonaws.com/family_datasets/Vehicles_and_Flight_Systems/Satellite/Tactile/2.jpeg","","Satellite","https://tactileeval.s3.us-east-1.amazonaws.com/family_datasets/Vehicles_and_Flight_Systems/Satellite/Natural/3.jpg","https://tactileeval.s3.us-east-1.amazonaws.com/family_datasets/Vehicles_and_Flight_Systems/Satellite/Tactile/3.jpeg","","[{""question1"":{""all_correct"":false,""extra_parts"":false,""missing_parts"":true,""wrong_location"":false},""question10"":{""all_correct"":false,""extra_parts"":true,""missing_parts"":false,""wrong_location"":false},""question2"":{""all_correct"":false,""extra_parts"":false,""missing_parts"":true,""wrong_location"":false},""question3"":{""all_correct"":true,""extra_parts"":false,""missing_parts"":false,""wrong_location"":false},""question4"":{""all_correct"":true,""extra_parts"":false,""missing_parts"":false,""wrong_location"":false},""question5"":{""all_correct"":false,""extra_parts"":true,""missing_parts"":false,""wrong_location"":false},""question6"":{""all_correct"":false,""extra_parts"":false,""missing_parts"":true,""wrong_location"":false},""question7"":{""all_correct"":false,""extra_parts"":true,""missing_parts"":false,""wrong_location"":false},""question8"":{""all_correct"":false,""extra_parts"":false,""missing_parts"":true,""wrong_location"":false},""question9"":{""all_correct"":false,""extra_parts"":true,""missing_parts"":false,""wrong_location"":false}}]"
"3QQUBC6406SDG09BXIBCD6SN8EONXU","3U20ZGNLAG0U51KQK3YR7IVUILJD7F","Judge if an objects line-art has missing elements (10 pairs)","Review 10  line-arts and judge if it has/hasn't missing or extra content. (10 pairs)","tactile, image review, accessibility, vehicles","$0.08","Sat Apr 18 07:37:37 PDT 2026","9","BatchId:5385913;OriginalHitTemplateId:928390873;","1800","1296000","Sat Apr 25 07:37:37 PDT 2026","","","3TXMY6UCB72C2J91CGC7R7YBGAKQCC","A2NZLZLLAZYXJX","Approved","Sat Apr 18 10:24:52 PDT 2026","Sat Apr 18 10:41:38 PDT 2026","Sun May 03 10:41:38 PDT 2026","Sat Apr 18 20:04:23 PDT 2026","","","1006","68% (40/59)","68% (40/59)","68% (40/59)","Rocket","https://tactileeval.s3.us-east-1.amazonaws.com/family_datasets/Vehicles_and_Flight_Systems/Rocket/Natural/17.jpg","https://tactileeval.s3.us-east-1.amazonaws.com/family_datasets/Vehicles_and_Flight_Systems/Rocket/Tactile/17.jpeg","","Rocket","https://tactileeval.s3.us-east-1.amazonaws.com/family_datasets/Vehicles_and_Flight_Systems/Rocket/Natural/18.jpg","https://tactileeval.s3.us-east-1.amazonaws.com/family_datasets/Vehicles_and_Flight_Systems/Rocket/Tactile/18.jpeg","","Rocket","https://tactileeval.s3.us-east-1.amazonaws.com/family_datasets/Vehicles_and_Flight_Systems/Rocket/Natural/19.jpg","https://tactileeval.s3.us-east-1.amazonaws.com/family_datasets/Vehicles_and_Flight_Systems/Rocket/Tactile/19.jpeg","","Rocket","https://tactileeval.s3.us-east-1.amazonaws.com/family_datasets/Vehicles_and_Flight_Systems/Rocket/Natural/20.jpg","https://tactileeval.s3.us-east-1.amazonaws.com/family_datasets/Vehicles_and_Flight_Systems/Rocket/Tactile/20.jpeg","","Rocket","https://tactileeval.s3.us-east-1.amazonaws.com/family_datasets/Vehicles_and_Flight_Systems/Rocket/Natural/21.jpg","https://tactileeval.s3.us-east-1.amazonaws.com/family_datasets/Vehicles_and_Flight_Systems/Rocket/Tactile/21.jpeg","","Rocket","https://tactileeval.s3.us-east-1.amazonaws.com/family_datasets/Vehicles_and_Flight_Systems/Rocket/Natural/22.jpg","https://tactileeval.s3.us-east-1.amazonaws.com/family_datasets/Vehicles_and_Flight_Systems/Rocket/Tactile/22.jpeg","","Rocket","https://tactileeval.s3.us-east-1.amazonaws.com/family_datasets/Vehicles_and_Flight_Systems/Rocket/Natural/23.jpg","https://tactileeval.s3.us-east-1.amazonaws.com/family_datasets/Vehicles_and_Flight_Systems/Rocket/Tactile/23.jpeg","","Satellite","https://tactileeval.s3.us-east-1.amazonaws.com/family_datasets/Vehicles_and_Flight_Systems/Satellite/Natural/1.png","https://tactileeval.s3.us-east-1.amazonaws.com/family_datasets/Vehicles_and_Flight_Systems/Satellite/Tactile/1.jpeg","","Satellite","https://tactileeval.s3.us-east-1.amazonaws.com/family_datasets/Vehicles_and_Flight_Systems/Satellite/Natural/2.jpg","https://tactileeval.s3.us-east-1.amazonaws.com/family_datasets/Vehicles_and_Flight_Systems/Satellite/Tactile/2.jpeg","","Satellite","https://tactileeval.s3.us-east-1.amazonaws.com/family_datasets/Vehicles_and_Flight_Systems/Satellite/Natural/3.jpg","https://tactileeval.s3.us-east-1.amazonaws.com/family_datasets/Vehicles_and_Flight_Systems/Satellite/Tactile/3.jpeg","","[{""question1"":{""all_correct"":false,""extra_parts"":true,""missing_parts"":false,""wrong_location"":false},""question10"":{""all_correct"":false,""extra_parts"":false,""missing_parts"":true,""wrong_location"":false},""question2"":{""all_correct"":false,""extra_parts"":false,""missing_parts"":true,""wrong_location"":false},""question3"":{""all_correct"":false,""extra_parts"":false,""missing_parts"":true,""wrong_location"":false},""question4"":{""all_correct"":false,""extra_parts"":false,""missing_parts"":true,""wrong_location"":false},""question5"":{""all_correct"":false,""extra_parts"":false,""missing_parts"":true,""wrong_location"":false},""question6"":{""all_correct"":false,""extra_parts"":false,""missing_parts"":true,""wrong_location"":false},""question7"":{""all_correct"":false,""extra_parts"":false,""missing_parts"":true,""wrong_location"":false},""question8"":{""all_correct"":false,""extra_parts"":false,""missing_parts"":true,""wrong_location"":false},""question9"":{""all_correct"":true,""extra_parts"":false,""missing_parts"":false,""wrong_location"":false}}]"
"3QQUBC6406SDG09BXIBCD6SN8EONXU","3U20ZGNLAG0U51KQK3YR7IVUILJD7F","Judge if an objects line-art has missing elements (10 pairs)","Review 10  line-arts and judge if it has/hasn't missing or extra content. (10 pairs)","tactile, image review, accessibility, vehicles","$0.08","Sat Apr 18 07:37:37 PDT 2026","9","BatchId:5385913;OriginalHitTemplateId:928390873;","1800","1296000","Sat Apr 25 07:37:37 PDT 2026","","","3TPWUS5F92FHMG5NOPBDJWGX4B1WCM","ASBG43I93VS4A","Rejected","Sat Apr 18 10:30:00 PDT 2026","Sat Apr 18 10:42:30 PDT 2026","Sun May 03 10:42:30 PDT 2026","","Sat Apr 18 20:04:23 PDT 2026","Thank you for your time. Unfortunately this submission did not pass the embedded gold-standard checks; this task requires very careful attention to detail.","750","27% (8/30)","27% (8/30)","27% (8/30)","Rocket","https://tactileeval.s3.us-east-1.amazonaws.com/family_datasets/Vehicles_and_Flight_Systems/Rocket/Natural/17.jpg","https://tactileeval.s3.us-east-1.amazonaws.com/family_datasets/Vehicles_and_Flight_Systems/Rocket/Tactile/17.jpeg","","Rocket","https://tactileeval.s3.us-east-1.amazonaws.com/family_datasets/Vehicles_and_Flight_Systems/Rocket/Natural/18.jpg","https://tactileeval.s3.us-east-1.amazonaws.com/family_datasets/Vehicles_and_Flight_Systems/Rocket/Tactile/18.jpeg","","Rocket","https://tactileeval.s3.us-east-1.amazonaws.com/family_datasets/Vehicles_and_Flight_Systems/Rocket/Natural/19.jpg","https://tactileeval.s3.us-east-1.amazonaws.com/family_datasets/Vehicles_and_Flight_Systems/Rocket/Tactile/19.jpeg","","Rocket","https://tactileeval.s3.us-east-1.amazonaws.com/family_datasets/Vehicles_and_Flight_Systems/Rocket/Natural/20.jpg","https://tactileeval.s3.us-east-1.amazonaws.com/family_datasets/Vehicles_and_Flight_Systems/Rocket/Tactile/20.jpeg","","Rocket","https://tactileeval.s3.us-east-1.amazonaws.com/family_datasets/Vehicles_and_Flight_Systems/Rocket/Natural/21.jpg","https://tactileeval.s3.us-east-1.amazonaws.com/family_datasets/Vehicles_and_Flight_Systems/Rocket/Tactile/21.jpeg","","Rocket","https://tactileeval.s3.us-east-1.amazonaws.com/family_datasets/Vehicles_and_Flight_Systems/Rocket/Natural/22.jpg","https://tactileeval.s3.us-east-1.amazonaws.com/family_datasets/Vehicles_and_Flight_Systems/Rocket/Tactile/22.jpeg","","Rocket","https://tactileeval.s3.us-east-1.amazonaws.com/family_datasets/Vehicles_and_Flight_Systems/Rocket/Natural/23.jpg","https://tactileeval.s3.us-east-1.amazonaws.com/family_datasets/Vehicles_and_Flight_Systems/Rocket/Tactile/23.jpeg","","Satellite","https://tactileeval.s3.us-east-1.amazonaws.com/family_datasets/Vehicles_and_Flight_Systems/Satellite/Natural/1.png","https://tactileeval.s3.us-east-1.amazonaws.com/family_datasets/Vehicles_and_Flight_Systems/Satellite/Tactile/1.jpeg","","Satellite","https://tactileeval.s3.us-east-1.amazonaws.com/family_datasets/Vehicles_and_Flight_Systems/Satellite/Natural/2.jpg","https://tactileeval.s3.us-east-1.amazonaws.com/family_datasets/Vehicles_and_Flight_Systems/Satellite/Tactile/2.jpeg","","Satellite","https://tactileeval.s3.us-east-1.amazonaws.com/family_datasets/Vehicles_and_Flight_Systems/Satellite/Natural/3.jpg","https://tactileeval.s3.us-east-1.amazonaws.com/family_datasets/Vehicles_and_Flight_Systems/Satellite/Tactile/3.jpeg","","[{""question1"":{""all_correct"":false,""extra_parts"":true,""missing_parts"":true,""wrong_location"":false},""question10"":{""all_correct"":false,""extra_parts"":true,""missing_parts"":true,""wrong_location"":false},""question2"":{""all_correct"":false,""extra_parts"":true,""missing_parts"":true,""wrong_location"":false},""question3"":{""all_correct"":false,""extra_parts"":true,""missing_parts"":true,""wrong_location"":false},""question4"":{""all_correct"":false,""extra_parts"":true,""missing_parts"":true,""wrong_location"":false},""question5"":{""all_correct"":false,""extra_parts"":true,""missing_parts"":true,""wrong_location"":false},""question6"":{""all_correct"":true,""extra_parts"":false,""missing_parts"":false,""wrong_location"":false},""question7"":{""all_correct"":false,""extra_parts"":true,""missing_parts"":false,""wrong_location"":false},""question8"":{""all_correct"":true,""extra_parts"":false,""missing_parts"":false,""wrong_location"":false},""question9"":{""all_correct"":false,""extra_parts"":true,""missing_parts"":true,""wrong_location"":false}}]"
"3QQUBC6406SDG09BXIBCD6SN8EONXU","3U20ZGNLAG0U51KQK3YR7IVUILJD7F","Judge if an objects line-art has missing elements (10 pairs)","Review 10  line-arts and judge if it has/hasn't missing or extra content. (10 pairs)","tactile, image review, accessibility, vehicles","$0.08","Sat Apr 18 07:37:37 PDT 2026","9","BatchId:5385913;OriginalHitTemplateId:928390873;","1800","1296000","Sat Apr 25 07:37:37 PDT 2026","","","3K4J6M3CY77XWFIPP6B4RY4LAKRGA6","AM6XJQNLFEV4J","Approved","Sat Apr 18 10:30:13 PDT 2026","Sat Apr 18 10:51:49 PDT 2026","Sun May 03 10:51:49 PDT 2026","Sat Apr 18 20:04:23 PDT 2026","","","1296","59% (19/32)","59% (19/32)","59% (19/32)","Rocket","https://tactileeval.s3.us-east-1.amazonaws.com/family_datasets/Vehicles_and_Flight_Systems/Rocket/Natural/17.jpg","https://tactileeval.s3.us-east-1.amazonaws.com/family_datasets/Vehicles_and_Flight_Systems/Rocket/Tactile/17.jpeg","","Rocket","https://tactileeval.s3.us-east-1.amazonaws.com/family_datasets/Vehicles_and_Flight_Systems/Rocket/Natural/18.jpg","https://tactileeval.s3.us-east-1.amazonaws.com/family_datasets/Vehicles_and_Flight_Systems/Rocket/Tactile/18.jpeg","","Rocket","https://tactileeval.s3.us-east-1.amazonaws.com/family_datasets/Vehicles_and_Flight_Systems/Rocket/Natural/19.jpg","https://tactileeval.s3.us-east-1.amazonaws.com/family_datasets/Vehicles_and_Flight_Systems/Rocket/Tactile/19.jpeg","","Rocket","https://tactileeval.s3.us-east-1.amazonaws.com/family_datasets/Vehicles_and_Flight_Systems/Rocket/Natural/20.jpg","https://tactileeval.s3.us-east-1.amazonaws.com/family_datasets/Vehicles_and_Flight_Systems/Rocket/Tactile/20.jpeg","","Rocket","https://tactileeval.s3.us-east-1.amazonaws.com/family_datasets/Vehicles_and_Flight_Systems/Rocket/Natural/21.jpg","https://tactileeval.s3.us-east-1.amazonaws.com/family_datasets/Vehicles_and_Flight_Systems/Rocket/Tactile/21.jpeg","","Rocket","https://tactileeval.s3.us-east-1.amazonaws.com/family_datasets/Vehicles_and_Flight_Systems/Rocket/Natural/22.jpg","https://tactileeval.s3.us-east-1.amazonaws.com/family_datasets/Vehicles_and_Flight_Systems/Rocket/Tactile/22.jpeg","","Rocket","https://tactileeval.s3.us-east-1.amazonaws.com/family_datasets/Vehicles_and_Flight_Systems/Rocket/Natural/23.jpg","https://tactileeval.s3.us-east-1.amazonaws.com/family_datasets/Vehicles_and_Flight_Systems/Rocket/Tactile/23.jpeg","","Satellite","https://tactileeval.s3.us-east-1.amazonaws.com/family_datasets/Vehicles_and_Flight_Systems/Satellite/Natural/1.png","https://tactileeval.s3.us-east-1.amazonaws.com/family_datasets/Vehicles_and_Flight_Systems/Satellite/Tactile/1.jpeg","","Satellite","https://tactileeval.s3.us-east-1.amazonaws.com/family_datasets/Vehicles_and_Flight_Systems/Satellite/Natural/2.jpg","https://tactileeval.s3.us-east-1.amazonaws.com/family_datasets/Vehicles_and_Flight_Systems/Satellite/Tactile/2.jpeg","","Satellite","https://tactileeval.s3.us-east-1.amazonaws.com/family_datasets/Vehicles_and_Flight_Systems/Satellite/Natural/3.jpg","https://tactileeval.s3.us-east-1.amazonaws.com/family_datasets/Vehicles_and_Flight_Systems/Satellite/Tactile/3.jpeg","","[{""question1"":{""all_correct"":false,""extra_parts"":true,""missing_parts"":true,""wrong_location"":false},""question10"":{""all_correct"":false,""extra_parts"":true,""missing_parts"":true,""wrong_location"":false},""question2"":{""all_correct"":false,""extra_parts"":true,""missing_parts"":true,""wrong_location"":false},""question3"":{""all_correct"":false,""extra_parts"":true,""missing_parts"":true,""wrong_location"":false},""question4"":{""all_correct"":false,""extra_parts"":true,""missing_parts"":true,""wrong_location"":false},""question5"":{""all_correct"":false,""extra_parts"":true,""missing_parts"":true,""wrong_location"":false},""question6"":{""all_correct"":false,""extra_parts"":true,""missing_parts"":false,""wrong_location"":false},""question7"":{""all_correct"":false,""extra_parts"":true,""missing_parts"":false,""wrong_location"":false},""question8"":{""all_correct"":false,""extra_parts"":true,""missing_parts"":false,""wrong_location"":false},""question9"":{""all_correct"":false,""extra_parts"":true,""missing_parts"":false,""wrong_location"":false}}]"
"3QQUBC6406SDG09BXIBCD6SN8EONXU","3U20ZGNLAG0U51KQK3YR7IVUILJD7F","Judge if an objects line-art has missing elements (10 pairs)","Review 10  line-arts and judge if it has/hasn't missing or extra content. (10 pairs)","tactile, image review, accessibility, vehicles","$0.08","Sat Apr 18 07:37:37 PDT 2026","9","BatchId:5385913;OriginalHitTemplateId:928390873;","1800","1296000","Sat Apr 25 07:37:37 PDT 2026","","","3JZQSN0I4JOSS6ZX0MXW5ZFC707FGL","A3O5ICTUN0AMMI","Approved","Sat Apr 18 11:01:33 PDT 2026","Sat Apr 18 11:06:32 PDT 2026","Sun May 03 11:06:32 PDT 2026","Sat Apr 18 20:04:23 PDT 2026","","","299","50% (8/16)","50% (8/16)","50% (8/16)","Rocket","https://tactileeval.s3.us-east-1.amazonaws.com/family_datasets/Vehicles_and_Flight_Systems/Rocket/Natural/17.jpg","https://tactileeval.s3.us-east-1.amazonaws.com/family_datasets/Vehicles_and_Flight_Systems/Rocket/Tactile/17.jpeg","","Rocket","https://tactileeval.s3.us-east-1.amazonaws.com/family_datasets/Vehicles_and_Flight_Systems/Rocket/Natural/18.jpg","https://tactileeval.s3.us-east-1.amazonaws.com/family_datasets/Vehicles_and_Flight_Systems/Rocket/Tactile/18.jpeg","","Rocket","https://tactileeval.s3.us-east-1.amazonaws.com/family_datasets/Vehicles_and_Flight_Systems/Rocket/Natural/19.jpg","https://tactileeval.s3.us-east-1.amazonaws.com/family_datasets/Vehicles_and_Flight_Systems/Rocket/Tactile/19.jpeg","","Rocket","https://tactileeval.s3.us-east-1.amazonaws.com/family_datasets/Vehicles_and_Flight_Systems/Rocket/Natural/20.jpg","https://tactileeval.s3.us-east-1.amazonaws.com/family_datasets/Vehicles_and_Flight_Systems/Rocket/Tactile/20.jpeg","","Rocket","https://tactileeval.s3.us-east-1.amazonaws.com/family_datasets/Vehicles_and_Flight_Systems/Rocket/Natural/21.jpg","https://tactileeval.s3.us-east-1.amazonaws.com/family_datasets/Vehicles_and_Flight_Systems/Rocket/Tactile/21.jpeg","","Rocket","https://tactileeval.s3.us-east-1.amazonaws.com/family_datasets/Vehicles_and_Flight_Systems/Rocket/Natural/22.jpg","https://tactileeval.s3.us-east-1.amazonaws.com/family_datasets/Vehicles_and_Flight_Systems/Rocket/Tactile/22.jpeg","","Rocket","https://tactileeval.s3.us-east-1.amazonaws.com/family_datasets/Vehicles_and_Flight_Systems/Rocket/Natural/23.jpg","https://tactileeval.s3.us-east-1.amazonaws.com/family_datasets/Vehicles_and_Flight_Systems/Rocket/Tactile/23.jpeg","","Satellite","https://tactileeval.s3.us-east-1.amazonaws.com/family_datasets/Vehicles_and_Flight_Systems/Satellite/Natural/1.png","https://tactileeval.s3.us-east-1.amazonaws.com/family_datasets/Vehicles_and_Flight_Systems/Satellite/Tactile/1.jpeg","","Satellite","https://tactileeval.s3.us-east-1.amazonaws.com/family_datasets/Vehicles_and_Flight_Systems/Satellite/Natural/2.jpg","https://tactileeval.s3.us-east-1.amazonaws.com/family_datasets/Vehicles_and_Flight_Systems/Satellite/Tactile/2.jpeg","","Satellite","https://tactileeval.s3.us-east-1.amazonaws.com/family_datasets/Vehicles_and_Flight_Systems/Satellite/Natural/3.jpg","https://tactileeval.s3.us-east-1.amazonaws.com/family_datasets/Vehicles_and_Flight_Systems/Satellite/Tactile/3.jpeg","","[{""question1"":{""all_correct"":false,""extra_parts"":false,""missing_parts"":true,""wrong_location"":false},""question10"":{""all_correct"":true,""extra_parts"":false,""missing_parts"":false,""wrong_location"":false},""question2"":{""all_correct"":false,""extra_parts"":false,""missing_parts"":true,""wrong_location"":false},""question3"":{""all_correct"":false,""extra_parts"":false,""missing_parts"":true,""wrong_location"":false},""question4"":{""all_correct"":false,""extra_parts"":false,""missing_parts"":true,""wrong_location"":false},""question5"":{""all_correct"":false,""extra_parts"":false,""missing_parts"":true,""wrong_location"":false},""question6"":{""all_correct"":false,""extra_parts"":false,""missing_parts"":true,""wrong_location"":false},""question7"":{""all_correct"":false,""extra_parts"":false,""missing_parts"":true,""wrong_location"":false},""question8"":{""all_correct"":false,""extra_parts"":true,""missing_parts"":false,""wrong_location"":false},""question9"":{""all_correct"":false,""extra_parts"":false,""missing_parts"":true,""wrong_location"":false}}]"
"3QQUBC6406SDG09BXIBCD6SN8EONXU","3U20ZGNLAG0U51KQK3YR7IVUILJD7F","Judge if an objects line-art has missing elements (10 pairs)","Review 10  line-arts and judge if it has/hasn't missing or extra content. (10 pairs)","tactile, image review, accessibility, vehicles","$0.08","Sat Apr 18 07:37:37 PDT 2026","9","BatchId:5385913;OriginalHitTemplateId:928390873;","1800","1296000","Sat Apr 25 07:37:37 PDT 2026","","","3C8HJ7UOQ08YPXMJC1PYLWFRFRDZM1","A1N3QIWLGR6ZV6","Rejected","Sat Apr 18 11:01:41 PDT 2026","Sat Apr 18 11:12:26 PDT 2026","Sun May 03 11:12:26 PDT 2026","","Sat Apr 18 20:04:23 PDT 2026","Thank you for your time. Unfortunately this submission did not pass the embedded gold-standard checks; this task requires very careful attention to detail.","645","24% (9/38)","0% (0/29)","0% (0/29)","Rocket","https://tactileeval.s3.us-east-1.amazonaws.com/family_datasets/Vehicles_and_Flight_Systems/Rocket/Natural/17.jpg","https://tactileeval.s3.us-east-1.amazonaws.com/family_datasets/Vehicles_and_Flight_Systems/Rocket/Tactile/17.jpeg","","Rocket","https://tactileeval.s3.us-east-1.amazonaws.com/family_datasets/Vehicles_and_Flight_Systems/Rocket/Natural/18.jpg","https://tactileeval.s3.us-east-1.amazonaws.com/family_datasets/Vehicles_and_Flight_Systems/Rocket/Tactile/18.jpeg","","Rocket","https://tactileeval.s3.us-east-1.amazonaws.com/family_datasets/Vehicles_and_Flight_Systems/Rocket/Natural/19.jpg","https://tactileeval.s3.us-east-1.amazonaws.com/family_datasets/Vehicles_and_Flight_Systems/Rocket/Tactile/19.jpeg","","Rocket","https://tactileeval.s3.us-east-1.amazonaws.com/family_datasets/Vehicles_and_Flight_Systems/Rocket/Natural/20.jpg","https://tactileeval.s3.us-east-1.amazonaws.com/family_datasets/Vehicles_and_Flight_Systems/Rocket/Tactile/20.jpeg","","Rocket","https://tactileeval.s3.us-east-1.amazonaws.com/family_datasets/Vehicles_and_Flight_Systems/Rocket/Natural/21.jpg","https://tactileeval.s3.us-east-1.amazonaws.com/family_datasets/Vehicles_and_Flight_Systems/Rocket/Tactile/21.jpeg","","Rocket","https://tactileeval.s3.us-east-1.amazonaws.com/family_datasets/Vehicles_and_Flight_Systems/Rocket/Natural/22.jpg","https://tactileeval.s3.us-east-1.amazonaws.com/family_datasets/Vehicles_and_Flight_Systems/Rocket/Tactile/22.jpeg","","Rocket","https://tactileeval.s3.us-east-1.amazonaws.com/family_datasets/Vehicles_and_Flight_Systems/Rocket/Natural/23.jpg","https://tactileeval.s3.us-east-1.amazonaws.com/family_datasets/Vehicles_and_Flight_Systems/Rocket/Tactile/23.jpeg","","Satellite","https://tactileeval.s3.us-east-1.amazonaws.com/family_datasets/Vehicles_and_Flight_Systems/Satellite/Natural/1.png","https://tactileeval.s3.us-east-1.amazonaws.com/family_datasets/Vehicles_and_Flight_Systems/Satellite/Tactile/1.jpeg","","Satellite","https://tactileeval.s3.us-east-1.amazonaws.com/family_datasets/Vehicles_and_Flight_Systems/Satellite/Natural/2.jpg","https://tactileeval.s3.us-east-1.amazonaws.com/family_datasets/Vehicles_and_Flight_Systems/Satellite/Tactile/2.jpeg","","Satellite","https://tactileeval.s3.us-east-1.amazonaws.com/family_datasets/Vehicles_and_Flight_Systems/Satellite/Natural/3.jpg","https://tactileeval.s3.us-east-1.amazonaws.com/family_datasets/Vehicles_and_Flight_Systems/Satellite/Tactile/3.jpeg","","[{""question1"":{""all_correct"":false,""extra_parts"":false,""missing_parts"":false,""wrong_location"":true},""question10"":{""all_correct"":false,""extra_parts"":false,""missing_parts"":false,""wrong_location"":true},""question2"":{""all_correct"":false,""extra_parts"":true,""missing_parts"":false,""wrong_location"":false},""question3"":{""all_correct"":false,""extra_parts"":true,""missing_parts"":false,""wrong_location"":false},""question4"":{""all_correct"":false,""extra_parts"":false,""missing_parts"":false,""wrong_location"":true},""question5"":{""all_correct"":false,""extra_parts"":false,""missing_parts"":true,""wrong_location"":false},""question6"":{""all_correct"":false,""extra_parts"":false,""missing_parts"":false,""wrong_location"":true},""question7"":{""all_correct"":false,""extra_parts"":false,""missing_parts"":false,""wrong_location"":true},""question8"":{""all_correct"":false,""extra_parts"":false,""missing_parts"":true,""wrong_location"":false},""question9"":{""all_correct"":false,""extra_parts"":true,""missing_parts"":false,""wrong_location"":false}}]"
"3QQUBC6406SDG09BXIBCD6SN8EONXU","3U20ZGNLAG0U51KQK3YR7IVUILJD7F","Judge if an objects line-art has missing elements (10 pairs)","Review 10  line-arts and judge if it has/hasn't missing or extra content. (10 pairs)","tactile, image review, accessibility, vehicles","$0.08","Sat Apr 18 07:37:37 PDT 2026","9","BatchId:5385913;OriginalHitTemplateId:928390873;","1800","1296000","Sat Apr 25 07:37:37 PDT 2026","","","354P56DEADHI3ITID3T16LLYXOSS7Q","AM8EV600ZP69X","Approved","Sun Apr 19 00:11:46 PDT 2026","Sun Apr 19 00:18:40 PDT 2026","Mon May 04 00:18:40 PDT 2026","Sun Apr 19 07:44:29 PDT 2026","","","414","86% (32/37)","86% (32/37)","86% (32/37)","Rocket","https://tactileeval.s3.us-east-1.amazonaws.com/family_datasets/Vehicles_and_Flight_Systems/Rocket/Natural/17.jpg","https://tactileeval.s3.us-east-1.amazonaws.com/family_datasets/Vehicles_and_Flight_Systems/Rocket/Tactile/17.jpeg","","Rocket","https://tactileeval.s3.us-east-1.amazonaws.com/family_datasets/Vehicles_and_Flight_Systems/Rocket/Natural/18.jpg","https://tactileeval.s3.us-east-1.amazonaws.com/family_datasets/Vehicles_and_Flight_Systems/Rocket/Tactile/18.jpeg","","Rocket","https://tactileeval.s3.us-east-1.amazonaws.com/family_datasets/Vehicles_and_Flight_Systems/Rocket/Natural/19.jpg","https://tactileeval.s3.us-east-1.amazonaws.com/family_datasets/Vehicles_and_Flight_Systems/Rocket/Tactile/19.jpeg","","Rocket","https://tactileeval.s3.us-east-1.amazonaws.com/family_datasets/Vehicles_and_Flight_Systems/Rocket/Natural/20.jpg","https://tactileeval.s3.us-east-1.amazonaws.com/family_datasets/Vehicles_and_Flight_Systems/Rocket/Tactile/20.jpeg","","Rocket","https://tactileeval.s3.us-east-1.amazonaws.com/family_datasets/Vehicles_and_Flight_Systems/Rocket/Natural/21.jpg","https://tactileeval.s3.us-east-1.amazonaws.com/family_datasets/Vehicles_and_Flight_Systems/Rocket/Tactile/21.jpeg","","Rocket","https://tactileeval.s3.us-east-1.amazonaws.com/family_datasets/Vehicles_and_Flight_Systems/Rocket/Natural/22.jpg","https://tactileeval.s3.us-east-1.amazonaws.com/family_datasets/Vehicles_and_Flight_Systems/Rocket/Tactile/22.jpeg","","Rocket","https://tactileeval.s3.us-east-1.amazonaws.com/family_datasets/Vehicles_and_Flight_Systems/Rocket/Natural/23.jpg","https://tactileeval.s3.us-east-1.amazonaws.com/family_datasets/Vehicles_and_Flight_Systems/Rocket/Tactile/23.jpeg","","Satellite","https://tactileeval.s3.us-east-1.amazonaws.com/family_datasets/Vehicles_and_Flight_Systems/Satellite/Natural/1.png","https://tactileeval.s3.us-east-1.amazonaws.com/family_datasets/Vehicles_and_Flight_Systems/Satellite/Tactile/1.jpeg","","Satellite","https://tactileeval.s3.us-east-1.amazonaws.com/family_datasets/Vehicles_and_Flight_Systems/Satellite/Natural/2.jpg","https://tactileeval.s3.us-east-1.amazonaws.com/family_datasets/Vehicles_and_Flight_Systems/Satellite/Tactile/2.jpeg","","Satellite","https://tactileeval.s3.us-east-1.amazonaws.com/family_datasets/Vehicles_and_Flight_Systems/Satellite/Natural/3.jpg","https://tactileeval.s3.us-east-1.amazonaws.com/family_datasets/Vehicles_and_Flight_Systems/Satellite/Tactile/3.jpeg","","[{""question1"":{""all_correct"":false,""extra_parts"":true,""missing_parts"":false,""wrong_location"":false},""question10"":{""all_correct"":false,""extra_parts"":false,""missing_parts"":true,""wrong_location"":false},""question2"":{""all_correct"":true,""extra_parts"":false,""missing_parts"":false,""wrong_location"":false},""question3"":{""all_correct"":true,""extra_parts"":false,""missing_parts"":false,""wrong_location"":false},""question4"":{""all_correct"":false,""extra_parts"":false,""missing_parts"":true,""wrong_location"":false},""question5"":{""all_correct"":false,""extra_parts"":false,""missing_parts"":true,""wrong_location"":false},""question6"":{""all_correct"":false,""extra_parts"":false,""missing_parts"":true,""wrong_location"":false},""question7"":{""all_correct"":false,""extra_parts"":false,""missing_parts"":true,""wrong_location"":false},""question8"":{""all_correct"":false,""extra_parts"":true,""missing_parts"":false,""wrong_location"":false},""question9"":{""all_correct"":true,""extra_parts"":false,""missing_parts"":false,""wrong_location"":false}}]"
"3HEM8MA6I1QTAOKCRJTCNN1PBQ2QPW","3U20ZGNLAG0U51KQK3YR7IVUILJD7F","Judge if an objects line-art has missing elements (10 pairs)","Review 10  line-arts and judge if it has/hasn't missing or extra content. (10 pairs)","tactile, image review, accessibility, vehicles","$0.08","Sat Apr 18 07:37:37 PDT 2026","9","BatchId:5385913;OriginalHitTemplateId:928390873;","1800","1296000","Sat Apr 25 07:37:37 PDT 2026","","","3HHRAGRYY1J7J9PILJAC0C23VONO99","A2JKGAWYEHJ18S","Rejected","Sat Apr 18 09:13:56 PDT 2026","Sat Apr 18 09:22:08 PDT 2026","Sun May 03 09:22:08 PDT 2026","","Sat Apr 18 20:04:25 PDT 2026","Thank you for your time. Unfortunately this submission did not pass the embedded gold-standard checks; this task requires very careful attention to detail.","492","15% (3/20)","15% (3/20)","15% (3/20)","Train","https://tactileeval.s3.us-east-1.amazonaws.com/family_datasets/Vehicles_and_Flight_Systems/Train/Natural/18_refined.png","https://tactileeval.s3.us-east-1.amazonaws.com/family_datasets/Vehicles_and_Flight_Systems/Train/Tactile/18_refined.png","","","","","","","","","","","","","","","","","","","","","","","","","","","","","","","","","","","","","","[{""question1"":{""all_correct"":false,""extra_parts"":false,""missing_parts"":true,""wrong_location"":true},""question10"":{""all_correct"":false,""extra_parts"":true,""missing_parts"":false,""wrong_location"":false},""question2"":{""all_correct"":false,""extra_parts"":false,""missing_parts"":false,""wrong_location"":true},""question3"":{""all_correct"":false,""extra_parts"":false,""missing_parts"":false,""wrong_location"":true},""question4"":{""all_correct"":false,""extra_parts"":true,""missing_parts"":false,""wrong_location"":false},""question5"":{""all_correct"":false,""extra_parts"":false,""missing_parts"":false,""wrong_location"":true},""question6"":{""all_correct"":false,""extra_parts"":false,""missing_parts"":false,""wrong_location"":true},""question7"":{""all_correct"":false,""extra_parts"":true,""missing_parts"":false,""wrong_location"":false},""question8"":{""all_correct"":false,""extra_parts"":true,""missing_parts"":false,""wrong_location"":false},""question9"":{""all_correct"":false,""extra_parts"":false,""missing_parts"":false,""wrong_location"":true}}]"
"3HEM8MA6I1QTAOKCRJTCNN1PBQ2QPW","3U20ZGNLAG0U51KQK3YR7IVUILJD7F","Judge if an objects line-art has missing elements (10 pairs)","Review 10  line-arts and judge if it has/hasn't missing or extra content. (10 pairs)","tactile, image review, accessibility, vehicles","$0.08","Sat Apr 18 07:37:37 PDT 2026","9","BatchId:5385913;OriginalHitTemplateId:928390873;","1800","1296000","Sat Apr 25 07:37:37 PDT 2026","","","3IRIK4HM43YJS1QHX7Y9L2HKG98C61","A2NZLZLLAZYXJX","Rejected","Sat Apr 18 10:24:45 PDT 2026","Sat Apr 18 10:28:13 PDT 2026","Sun May 03 10:28:13 PDT 2026","","Sat Apr 18 20:04:25 PDT 2026","Thank you for your time. Unfortunately this submission did not pass the embedded gold-standard checks; this task requires very careful attention to detail.","208","68% (40/59)","68% (40/59)","68% (40/59)","Train","https://tactileeval.s3.us-east-1.amazonaws.com/family_datasets/Vehicles_and_Flight_Systems/Train/Natural/18_refined.png","https://tactileeval.s3.us-east-1.amazonaws.com/family_datasets/Vehicles_and_Flight_Systems/Train/Tactile/18_refined.png","","","","","","","","","","","","","","","","","","","","","","","","","","","","","","","","","","","","","","[{""question1"":{""all_correct"":false,""extra_parts"":false,""missing_parts"":true,""wrong_location"":false},""question10"":{""all_correct"":false,""extra_parts"":false,""missing_parts"":true,""wrong_location"":false},""question2"":{""all_correct"":false,""extra_parts"":false,""missing_parts"":true,""wrong_location"":false},""question3"":{""all_correct"":false,""extra_parts"":false,""missing_parts"":false,""wrong_location"":true},""question4"":{""all_correct"":false,""extra_parts"":false,""missing_parts"":true,""wrong_location"":false},""question5"":{""all_correct"":false,""extra_parts"":false,""missing_parts"":true,""wrong_location"":false},""question6"":{""all_correct"":false,""extra_parts"":true,""missing_parts"":false,""wrong_location"":false},""question7"":{""all_correct"":false,""extra_parts"":false,""missing_parts"":true,""wrong_location"":false},""question8"":{""all_correct"":false,""extra_parts"":false,""missing_parts"":true,""wrong_location"":false},""question9"":{""all_correct"":false,""extra_parts"":false,""missing_parts"":false,""wrong_location"":true}}]"
"3HEM8MA6I1QTAOKCRJTCNN1PBQ2QPW","3U20ZGNLAG0U51KQK3YR7IVUILJD7F","Judge if an objects line-art has missing elements (10 pairs)","Review 10  line-arts and judge if it has/hasn't missing or extra content. (10 pairs)","tactile, image review, accessibility, vehicles","$0.08","Sat Apr 18 07:37:37 PDT 2026","9","BatchId:5385913;OriginalHitTemplateId:928390873;","1800","1296000","Sat Apr 25 07:37:37 PDT 2026","","","3U84XHCDJ5RIL7XD6XP2Z2YRT0OZ42","A11RQ0K5GQ3NJG","Approved","Sat Apr 18 10:29:50 PDT 2026","Sat Apr 18 10:32:05 PDT 2026","Sun May 03 10:32:05 PDT 2026","Sat Apr 18 20:04:25 PDT 2026","","","135","39% (12/31)","39% (12/31)","39% (12/31)","Train","https://tactileeval.s3.us-east-1.amazonaws.com/family_datasets/Vehicles_and_Flight_Systems/Train/Natural/18_refined.png","https://tactileeval.s3.us-east-1.amazonaws.com/family_datasets/Vehicles_and_Flight_Systems/Train/Tactile/18_refined.png","","","","","","","","","","","","","","","","","","","","","","","","","","","","","","","","","","","","","","[{""question1"":{""all_correct"":true,""extra_parts"":false,""missing_parts"":false,""wrong_location"":false},""question10"":{""all_correct"":false,""extra_parts"":true,""missing_parts"":false,""wrong_location"":false},""question2"":{""all_correct"":false,""extra_parts"":true,""missing_parts"":false,""wrong_location"":false},""question3"":{""all_correct"":false,""extra_parts"":true,""missing_parts"":false,""wrong_location"":false},""question4"":{""all_correct"":false,""extra_parts"":true,""missing_parts"":false,""wrong_location"":false},""question5"":{""all_correct"":false,""extra_parts"":false,""missing_parts"":true,""wrong_location"":false},""question6"":{""all_correct"":false,""extra_parts"":true,""missing_parts"":false,""wrong_location"":false},""question7"":{""all_correct"":false,""extra_parts"":true,""missing_parts"":false,""wrong_location"":false},""question8"":{""all_correct"":false,""extra_parts"":true,""missing_parts"":false,""wrong_location"":false},""question9"":{""all_correct"":false,""extra_parts"":true,""missing_parts"":false,""wrong_location"":false}}]"
"3HEM8MA6I1QTAOKCRJTCNN1PBQ2QPW","3U20ZGNLAG0U51KQK3YR7IVUILJD7F","Judge if an objects line-art has missing elements (10 pairs)","Review 10  line-arts and judge if it has/hasn't missing or extra content. (10 pairs)","tactile, image review, accessibility, vehicles","$0.08","Sat Apr 18 07:37:37 PDT 2026","9","BatchId:5385913;OriginalHitTemplateId:928390873;","1800","1296000","Sat Apr 25 07:37:37 PDT 2026","","","3WI0P0II7U6MJCUFPRWIG3QYXWZDR1","ASBG43I93VS4A","Approved","Sat Apr 18 10:30:03 PDT 2026","Sat Apr 18 10:43:20 PDT 2026","Sun May 03 10:43:20 PDT 2026","Sat Apr 18 20:04:26 PDT 2026","","","797","27% (8/30)","27% (8/30)","27% (8/30)","Train","https://tactileeval.s3.us-east-1.amazonaws.com/family_datasets/Vehicles_and_Flight_Systems/Train/Natural/18_refined.png","https://tactileeval.s3.us-east-1.amazonaws.com/family_datasets/Vehicles_and_Flight_Systems/Train/Tactile/18_refined.png","","","","","","","","","","","","","","","","","","","","","","","","","","","","","","","","","","","","","","[{""question1"":{""all_correct"":true,""extra_parts"":false,""missing_parts"":false,""wrong_location"":false},""question10"":{""all_correct"":false,""extra_parts"":true,""missing_parts"":false,""wrong_location"":false},""question2"":{""all_correct"":false,""extra_parts"":false,""missing_parts"":true,""wrong_location"":false},""question3"":{""all_correct"":false,""extra_parts"":true,""missing_parts"":false,""wrong_location"":false},""question4"":{""all_correct"":false,""extra_parts"":true,""missing_parts"":false,""wrong_location"":false},""question5"":{""all_correct"":false,""extra_parts"":true,""missing_parts"":false,""wrong_location"":false},""question6"":{""all_correct"":false,""extra_parts"":true,""missing_parts"":false,""wrong_location"":false},""question7"":{""all_correct"":false,""extra_parts"":true,""missing_parts"":false,""wrong_location"":false},""question8"":{""all_correct"":false,""extra_parts"":true,""missing_parts"":false,""wrong_location"":false},""question9"":{""all_correct"":false,""extra_parts"":true,""missing_parts"":false,""wrong_location"":false}}]"
"3HEM8MA6I1QTAOKCRJTCNN1PBQ2QPW","3U20ZGNLAG0U51KQK3YR7IVUILJD7F","Judge if an objects line-art has missing elements (10 pairs)","Review 10  line-arts and judge if it has/hasn't missing or extra content. (10 pairs)","tactile, image review, accessibility, vehicles","$0.08","Sat Apr 18 07:37:37 PDT 2026","9","BatchId:5385913;OriginalHitTemplateId:928390873;","1800","1296000","Sat Apr 25 07:37:37 PDT 2026","","","3C44YUNSJU317ZE0CZSTB8QJWEBDP9","AM6XJQNLFEV4J","Approved","Sat Apr 18 10:30:13 PDT 2026","Sat Apr 18 10:51:17 PDT 2026","Sun May 03 10:51:17 PDT 2026","Sat Apr 18 20:04:25 PDT 2026","","","1264","59% (19/32)","59% (19/32)","59% (19/32)","Train","https://tactileeval.s3.us-east-1.amazonaws.com/family_datasets/Vehicles_and_Flight_Systems/Train/Natural/18_refined.png","https://tactileeval.s3.us-east-1.amazonaws.com/family_datasets/Vehicles_and_Flight_Systems/Train/Tactile/18_refined.png","","","","","","","","","","","","","","","","","","","","","","","","","","","","","","","","","","","","","","[{""question1"":{""all_correct"":true,""extra_parts"":false,""missing_parts"":false,""wrong_location"":false},""question10"":{""all_correct"":false,""extra_parts"":true,""missing_parts"":false,""wrong_location"":false},""question2"":{""all_correct"":false,""extra_parts"":true,""missing_parts"":false,""wrong_location"":false},""question3"":{""all_correct"":false,""extra_parts"":true,""missing_parts"":false,""wrong_location"":false},""question4"":{""all_correct"":false,""extra_parts"":true,""missing_parts"":false,""wrong_location"":false},""question5"":{""all_correct"":false,""extra_parts"":false,""missing_parts"":true,""wrong_location"":false},""question6"":{""all_correct"":false,""extra_parts"":true,""missing_parts"":false,""wrong_location"":false},""question7"":{""all_correct"":false,""extra_parts"":true,""missing_parts"":false,""wrong_location"":false},""question8"":{""all_correct"":false,""extra_parts"":true,""missing_parts"":false,""wrong_location"":false},""question9"":{""all_correct"":false,""extra_parts"":false,""missing_parts"":true,""wrong_location"":false}}]"
"3HEM8MA6I1QTAOKCRJTCNN1PBQ2QPW","3U20ZGNLAG0U51KQK3YR7IVUILJD7F","Judge if an objects line-art has missing elements (10 pairs)","Review 10  line-arts and judge if it has/hasn't missing or extra content. (10 pairs)","tactile, image review, accessibility, vehicles","$0.08","Sat Apr 18 07:37:37 PDT 2026","9","BatchId:5385913;OriginalHitTemplateId:928390873;","1800","1296000","Sat Apr 25 07:37:37 PDT 2026","","","3DL65MZB96TN5GJW3PH7XQ9XX7XECP","A12VYCG9CMKAFA","Approved","Sat Apr 18 10:30:24 PDT 2026","Sat Apr 18 10:56:55 PDT 2026","Sun May 03 10:56:55 PDT 2026","Sat Apr 18 20:04:26 PDT 2026","","","1591","26% (7/27)","26% (7/27)","26% (7/27)","Train","https://tactileeval.s3.us-east-1.amazonaws.com/family_datasets/Vehicles_and_Flight_Systems/Train/Natural/18_refined.png","https://tactileeval.s3.us-east-1.amazonaws.com/family_datasets/Vehicles_and_Flight_Systems/Train/Tactile/18_refined.png","","","","","","","","","","","","","","","","","","","","","","","","","","","","","","","","","","","","","","[{""question1"":{""all_correct"":true,""extra_parts"":false,""missing_parts"":false,""wrong_location"":false},""question10"":{""all_correct"":false,""extra_parts"":false,""missing_parts"":true,""wrong_location"":false},""question2"":{""all_correct"":false,""extra_parts"":true,""missing_parts"":false,""wrong_location"":false},""question3"":{""all_correct"":false,""extra_parts"":true,""missing_parts"":false,""wrong_location"":false},""question4"":{""all_correct"":false,""extra_parts"":false,""missing_parts"":true,""wrong_location"":false},""question5"":{""all_correct"":false,""extra_parts"":false,""missing_parts"":true,""wrong_location"":false},""question6"":{""all_correct"":false,""extra_parts"":false,""missing_parts"":true,""wrong_location"":false},""question7"":{""all_correct"":false,""extra_parts"":false,""missing_parts"":true,""wrong_location"":false},""question8"":{""all_correct"":false,""extra_parts"":false,""missing_parts"":true,""wrong_location"":false},""question9"":{""all_correct"":false,""extra_parts"":false,""missing_parts"":true,""wrong_location"":false}}]"
"3HEM8MA6I1QTAOKCRJTCNN1PBQ2QPW","3U20ZGNLAG0U51KQK3YR7IVUILJD7F","Judge if an objects line-art has missing elements (10 pairs)","Review 10  line-arts and judge if it has/hasn't missing or extra content. (10 pairs)","tactile, image review, accessibility, vehicles","$0.08","Sat Apr 18 07:37:37 PDT 2026","9","BatchId:5385913;OriginalHitTemplateId:928390873;","1800","1296000","Sat Apr 25 07:37:37 PDT 2026","","","3NVC2EB66JDXYL44AXI0BQXJ96U3Y0","A1N3QIWLGR6ZV6","Rejected","Sat Apr 18 11:16:09 PDT 2026","Sat Apr 18 11:21:44 PDT 2026","Sun May 03 11:21:44 PDT 2026","","Sat Apr 18 20:04:25 PDT 2026","Thank you for your time. Unfortunately this submission did not pass the embedded gold-standard checks; this task requires very careful attention to detail.","335","24% (9/38)","0% (0/29)","0% (0/29)","Train","https://tactileeval.s3.us-east-1.amazonaws.com/family_datasets/Vehicles_and_Flight_Systems/Train/Natural/18_refined.png","https://tactileeval.s3.us-east-1.amazonaws.com/family_datasets/Vehicles_and_Flight_Systems/Train/Tactile/18_refined.png","","","","","","","","","","","","","","","","","","","","","","","","","","","","","","","","","","","","","","[{""question1"":{""all_correct"":false,""extra_parts"":false,""missing_parts"":false,""wrong_location"":true},""question10"":{""all_correct"":false,""extra_parts"":true,""missing_parts"":false,""wrong_location"":false},""question2"":{""all_correct"":false,""extra_parts"":true,""missing_parts"":false,""wrong_location"":false},""question3"":{""all_correct"":false,""extra_parts"":false,""missing_parts"":false,""wrong_location"":true},""question4"":{""all_correct"":false,""extra_parts"":false,""missing_parts"":true,""wrong_location"":false},""question5"":{""all_correct"":false,""extra_parts"":true,""missing_parts"":false,""wrong_location"":false},""question6"":{""all_correct"":false,""extra_parts"":false,""missing_parts"":false,""wrong_location"":true},""question7"":{""all_correct"":false,""extra_parts"":true,""missing_parts"":false,""wrong_location"":false},""question8"":{""all_correct"":false,""extra_parts"":false,""missing_parts"":true,""wrong_location"":false},""question9"":{""all_correct"":false,""extra_parts"":true,""missing_parts"":false,""wrong_location"":false}}]"
"3MIVREZQW9CSZXNWERO4R6FQHGWQKV","3U20ZGNLAG0U51KQK3YR7IVUILJD7F","Judge if an objects line-art has missing elements (10 pairs)","Review 10  line-arts and judge if it has/hasn't missing or extra content. (10 pairs)","tactile, image review, accessibility, vehicles","$0.08","Sat Apr 18 07:37:36 PDT 2026","9","BatchId:5385913;OriginalHitTemplateId:928390873;","1800","1296000","Sat Apr 25 07:37:36 PDT 2026","","","3SITXWYCOOND1BI7KUB4AVOMVSWBXC","A2JKGAWYEHJ18S","Rejected","Sat Apr 18 09:15:07 PDT 2026","Sat Apr 18 09:28:07 PDT 2026","Sun May 03 09:28:07 PDT 2026","","Sat Apr 18 20:04:17 PDT 2026","Thank you for your time. Unfortunately this submission did not pass the embedded gold-standard checks; this task requires very careful attention to detail.","780","15% (3/20)","15% (3/20)","15% (3/20)","Airplane","https://tactileeval.s3.us-east-1.amazonaws.com/family_datasets/Vehicles_and_Flight_Systems/Airplane/Natural/1.png","https://tactileeval.s3.us-east-1.amazonaws.com/family_datasets/Vehicles_and_Flight_Systems/Airplane/Tactile/1.jpg","","Airplane","https://tactileeval.s3.us-east-1.amazonaws.com/family_datasets/Vehicles_and_Flight_Systems/Airplane/Natural/2.png","https://tactileeval.s3.us-east-1.amazonaws.com/family_datasets/Vehicles_and_Flight_Systems/Airplane/Tactile/2.jpg","","Airplane","https://tactileeval.s3.us-east-1.amazonaws.com/family_datasets/Vehicles_and_Flight_Systems/Airplane/Natural/3.png","https://tactileeval.s3.us-east-1.amazonaws.com/family_datasets/Vehicles_and_Flight_Systems/Airplane/Tactile/3.jpg","","Airplane","https://tactileeval.s3.us-east-1.amazonaws.com/family_datasets/Vehicles_and_Flight_Systems/Airplane/Natural/4.png","https://tactileeval.s3.us-east-1.amazonaws.com/family_datasets/Vehicles_and_Flight_Systems/Airplane/Tactile/4.png","","Airplane","https://tactileeval.s3.us-east-1.amazonaws.com/family_datasets/Vehicles_and_Flight_Systems/Airplane/Natural/5.png","https://tactileeval.s3.us-east-1.amazonaws.com/family_datasets/Vehicles_and_Flight_Systems/Airplane/Tactile/5.jpg","","Airplane","https://tactileeval.s3.us-east-1.amazonaws.com/family_datasets/Vehicles_and_Flight_Systems/Airplane/Natural/6.png","https://tactileeval.s3.us-east-1.amazonaws.com/family_datasets/Vehicles_and_Flight_Systems/Airplane/Tactile/6.jpg","","Airplane","https://tactileeval.s3.us-east-1.amazonaws.com/family_datasets/Vehicles_and_Flight_Systems/Airplane/Natural/7.png","https://tactileeval.s3.us-east-1.amazonaws.com/family_datasets/Vehicles_and_Flight_Systems/Airplane/Tactile/7.jpg","","Airplane","https://tactileeval.s3.us-east-1.amazonaws.com/family_datasets/Vehicles_and_Flight_Systems/Airplane/Natural/8.png","https://tactileeval.s3.us-east-1.amazonaws.com/family_datasets/Vehicles_and_Flight_Systems/Airplane/Tactile/8.jpg","","Airplane","https://tactileeval.s3.us-east-1.amazonaws.com/family_datasets/Vehicles_and_Flight_Systems/Airplane/Natural/9.jpeg","https://tactileeval.s3.us-east-1.amazonaws.com/family_datasets/Vehicles_and_Flight_Systems/Airplane/Tactile/9.jpg","","Airplane","https://tactileeval.s3.us-east-1.amazonaws.com/family_datasets/Vehicles_and_Flight_Systems/Airplane/Natural/10.png","https://tactileeval.s3.us-east-1.amazonaws.com/family_datasets/Vehicles_and_Flight_Systems/Airplane/Tactile/10.jpg","","[{""question1"":{""all_correct"":false,""extra_parts"":true,""missing_parts"":false,""wrong_location"":false},""question10"":{""all_correct"":false,""extra_parts"":false,""missing_parts"":false,""wrong_location"":true},""question2"":{""all_correct"":false,""extra_parts"":false,""missing_parts"":true,""wrong_location"":false},""question3"":{""all_correct"":false,""extra_parts"":true,""missing_parts"":false,""wrong_location"":false},""question4"":{""all_correct"":false,""extra_parts"":false,""missing_parts"":true,""wrong_location"":false},""question5"":{""all_correct"":false,""extra_parts"":true,""missing_parts"":false,""wrong_location"":false},""question6"":{""all_correct"":false,""extra_parts"":false,""missing_parts"":false,""wrong_location"":true},""question7"":{""all_correct"":false,""extra_parts"":true,""missing_parts"":false,""wrong_location"":false},""question8"":{""all_correct"":false,""extra_parts"":false,""missing_parts"":true,""wrong_location"":false},""question9"":{""all_correct"":false,""extra_parts"":true,""missing_parts"":false,""wrong_location"":false}}]"
"3MIVREZQW9CSZXNWERO4R6FQHGWQKV","3U20ZGNLAG0U51KQK3YR7IVUILJD7F","Judge if an objects line-art has missing elements (10 pairs)","Review 10  line-arts and judge if it has/hasn't missing or extra content. (10 pairs)","tactile, image review, accessibility, vehicles","$0.08","Sat Apr 18 07:37:36 PDT 2026","9","BatchId:5385913;OriginalHitTemplateId:928390873;","1800","1296000","Sat Apr 25 07:37:36 PDT 2026","","","3X4MXAO0C92LSIU66M188RFJ4C4RWN","A2NZLZLLAZYXJX","Rejected","Sat Apr 18 10:24:46 PDT 2026","Sat Apr 18 10:29:53 PDT 2026","Sun May 03 10:29:53 PDT 2026","","Sat Apr 18 20:04:17 PDT 2026","Thank you for your time. Unfortunately this submission did not pass the embedded gold-standard checks; this task requires very careful attention to detail.","307","68% (40/59)","68% (40/59)","68% (40/59)","Airplane","https://tactileeval.s3.us-east-1.amazonaws.com/family_datasets/Vehicles_and_Flight_Systems/Airplane/Natural/1.png","https://tactileeval.s3.us-east-1.amazonaws.com/family_datasets/Vehicles_and_Flight_Systems/Airplane/Tactile/1.jpg","","Airplane","https://tactileeval.s3.us-east-1.amazonaws.com/family_datasets/Vehicles_and_Flight_Systems/Airplane/Natural/2.png","https://tactileeval.s3.us-east-1.amazonaws.com/family_datasets/Vehicles_and_Flight_Systems/Airplane/Tactile/2.jpg","","Airplane","https://tactileeval.s3.us-east-1.amazonaws.com/family_datasets/Vehicles_and_Flight_Systems/Airplane/Natural/3.png","https://tactileeval.s3.us-east-1.amazonaws.com/family_datasets/Vehicles_and_Flight_Systems/Airplane/Tactile/3.jpg","","Airplane","https://tactileeval.s3.us-east-1.amazonaws.com/family_datasets/Vehicles_and_Flight_Systems/Airplane/Natural/4.png","https://tactileeval.s3.us-east-1.amazonaws.com/family_datasets/Vehicles_and_Flight_Systems/Airplane/Tactile/4.png","","Airplane","https://tactileeval.s3.us-east-1.amazonaws.com/family_datasets/Vehicles_and_Flight_Systems/Airplane/Natural/5.png","https://tactileeval.s3.us-east-1.amazonaws.com/family_datasets/Vehicles_and_Flight_Systems/Airplane/Tactile/5.jpg","","Airplane","https://tactileeval.s3.us-east-1.amazonaws.com/family_datasets/Vehicles_and_Flight_Systems/Airplane/Natural/6.png","https://tactileeval.s3.us-east-1.amazonaws.com/family_datasets/Vehicles_and_Flight_Systems/Airplane/Tactile/6.jpg","","Airplane","https://tactileeval.s3.us-east-1.amazonaws.com/family_datasets/Vehicles_and_Flight_Systems/Airplane/Natural/7.png","https://tactileeval.s3.us-east-1.amazonaws.com/family_datasets/Vehicles_and_Flight_Systems/Airplane/Tactile/7.jpg","","Airplane","https://tactileeval.s3.us-east-1.amazonaws.com/family_datasets/Vehicles_and_Flight_Systems/Airplane/Natural/8.png","https://tactileeval.s3.us-east-1.amazonaws.com/family_datasets/Vehicles_and_Flight_Systems/Airplane/Tactile/8.jpg","","Airplane","https://tactileeval.s3.us-east-1.amazonaws.com/family_datasets/Vehicles_and_Flight_Systems/Airplane/Natural/9.jpeg","https://tactileeval.s3.us-east-1.amazonaws.com/family_datasets/Vehicles_and_Flight_Systems/Airplane/Tactile/9.jpg","","Airplane","https://tactileeval.s3.us-east-1.amazonaws.com/family_datasets/Vehicles_and_Flight_Systems/Airplane/Natural/10.png","https://tactileeval.s3.us-east-1.amazonaws.com/family_datasets/Vehicles_and_Flight_Systems/Airplane/Tactile/10.jpg","","[{""question1"":{""all_correct"":true,""extra_parts"":false,""missing_parts"":false,""wrong_location"":false},""question10"":{""all_correct"":true,""extra_parts"":false,""missing_parts"":false,""wrong_location"":false},""question2"":{""all_correct"":true,""extra_parts"":false,""missing_parts"":false,""wrong_location"":false},""question3"":{""all_correct"":false,""extra_parts"":true,""missing_parts"":false,""wrong_location"":false},""question4"":{""all_correct"":true,""extra_parts"":false,""missing_parts"":false,""wrong_location"":false},""question5"":{""all_correct"":true,""extra_parts"":false,""missing_parts"":false,""wrong_location"":false},""question6"":{""all_correct"":false,""extra_parts"":false,""missing_parts"":true,""wrong_location"":false},""question7"":{""all_correct"":true,""extra_parts"":false,""missing_parts"":false,""wrong_location"":false},""question8"":{""all_correct"":true,""extra_parts"":false,""missing_parts"":false,""wrong_location"":false},""question9"":{""all_correct"":true,""extra_parts"":false,""missing_parts"":false,""wrong_location"":false}}]"
"3MIVREZQW9CSZXNWERO4R6FQHGWQKV","3U20ZGNLAG0U51KQK3YR7IVUILJD7F","Judge if an objects line-art has missing elements (10 pairs)","Review 10  line-arts and judge if it has/hasn't missing or extra content. (10 pairs)","tactile, image review, accessibility, vehicles","$0.08","Sat Apr 18 07:37:36 PDT 2026","9","BatchId:5385913;OriginalHitTemplateId:928390873;","1800","1296000","Sat Apr 25 07:37:36 PDT 2026","","","3OS4RQUCS2TW1PRMK05I4OOFRNCBFX","A11RQ0K5GQ3NJG","Approved","Sat Apr 18 10:29:57 PDT 2026","Sat Apr 18 10:36:45 PDT 2026","Sun May 03 10:36:45 PDT 2026","Sat Apr 18 20:04:17 PDT 2026","","","408","39% (12/31)","39% (12/31)","39% (12/31)","Airplane","https://tactileeval.s3.us-east-1.amazonaws.com/family_datasets/Vehicles_and_Flight_Systems/Airplane/Natural/1.png","https://tactileeval.s3.us-east-1.amazonaws.com/family_datasets/Vehicles_and_Flight_Systems/Airplane/Tactile/1.jpg","","Airplane","https://tactileeval.s3.us-east-1.amazonaws.com/family_datasets/Vehicles_and_Flight_Systems/Airplane/Natural/2.png","https://tactileeval.s3.us-east-1.amazonaws.com/family_datasets/Vehicles_and_Flight_Systems/Airplane/Tactile/2.jpg","","Airplane","https://tactileeval.s3.us-east-1.amazonaws.com/family_datasets/Vehicles_and_Flight_Systems/Airplane/Natural/3.png","https://tactileeval.s3.us-east-1.amazonaws.com/family_datasets/Vehicles_and_Flight_Systems/Airplane/Tactile/3.jpg","","Airplane","https://tactileeval.s3.us-east-1.amazonaws.com/family_datasets/Vehicles_and_Flight_Systems/Airplane/Natural/4.png","https://tactileeval.s3.us-east-1.amazonaws.com/family_datasets/Vehicles_and_Flight_Systems/Airplane/Tactile/4.png","","Airplane","https://tactileeval.s3.us-east-1.amazonaws.com/family_datasets/Vehicles_and_Flight_Systems/Airplane/Natural/5.png","https://tactileeval.s3.us-east-1.amazonaws.com/family_datasets/Vehicles_and_Flight_Systems/Airplane/Tactile/5.jpg","","Airplane","https://tactileeval.s3.us-east-1.amazonaws.com/family_datasets/Vehicles_and_Flight_Systems/Airplane/Natural/6.png","https://tactileeval.s3.us-east-1.amazonaws.com/family_datasets/Vehicles_and_Flight_Systems/Airplane/Tactile/6.jpg","","Airplane","https://tactileeval.s3.us-east-1.amazonaws.com/family_datasets/Vehicles_and_Flight_Systems/Airplane/Natural/7.png","https://tactileeval.s3.us-east-1.amazonaws.com/family_datasets/Vehicles_and_Flight_Systems/Airplane/Tactile/7.jpg","","Airplane","https://tactileeval.s3.us-east-1.amazonaws.com/family_datasets/Vehicles_and_Flight_Systems/Airplane/Natural/8.png","https://tactileeval.s3.us-east-1.amazonaws.com/family_datasets/Vehicles_and_Flight_Systems/Airplane/Tactile/8.jpg","","Airplane","https://tactileeval.s3.us-east-1.amazonaws.com/family_datasets/Vehicles_and_Flight_Systems/Airplane/Natural/9.jpeg","https://tactileeval.s3.us-east-1.amazonaws.com/family_datasets/Vehicles_and_Flight_Systems/Airplane/Tactile/9.jpg","","Airplane","https://tactileeval.s3.us-east-1.amazonaws.com/family_datasets/Vehicles_and_Flight_Systems/Airplane/Natural/10.png","https://tactileeval.s3.us-east-1.amazonaws.com/family_datasets/Vehicles_and_Flight_Systems/Airplane/Tactile/10.jpg","","[{""question1"":{""all_correct"":false,""extra_parts"":false,""missing_parts"":true,""wrong_location"":false},""question10"":{""all_correct"":true,""extra_parts"":false,""missing_parts"":false,""wrong_location"":false},""question2"":{""all_correct"":true,""extra_parts"":false,""missing_parts"":false,""wrong_location"":false},""question3"":{""all_correct"":false,""extra_parts"":true,""missing_parts"":false,""wrong_location"":false},""question4"":{""all_correct"":true,""extra_parts"":false,""missing_parts"":false,""wrong_location"":false},""question5"":{""all_correct"":true,""extra_parts"":false,""missing_parts"":false,""wrong_location"":false},""question6"":{""all_correct"":false,""extra_parts"":false,""missing_parts"":true,""wrong_location"":false},""question7"":{""all_correct"":true,""extra_parts"":false,""missing_parts"":false,""wrong_location"":false},""question8"":{""all_correct"":false,""extra_parts"":false,""missing_parts"":false,""wrong_location"":true},""question9"":{""all_correct"":true,""extra_parts"":false,""missing_parts"":false,""wrong_location"":false}}]"
"3MIVREZQW9CSZXNWERO4R6FQHGWQKV","3U20ZGNLAG0U51KQK3YR7IVUILJD7F","Judge if an objects line-art has missing elements (10 pairs)","Review 10  line-arts and judge if it has/hasn't missing or extra content. (10 pairs)","tactile, image review, accessibility, vehicles","$0.08","Sat Apr 18 07:37:36 PDT 2026","9","BatchId:5385913;OriginalHitTemplateId:928390873;","1800","1296000","Sat Apr 25 07:37:36 PDT 2026","","","3TE22NPXQ4Q2IA9OL4ZC56LIS5M44W","ASBG43I93VS4A","Rejected","Sat Apr 18 10:30:09 PDT 2026","Sat Apr 18 10:45:51 PDT 2026","Sun May 03 10:45:51 PDT 2026","","Sat Apr 18 20:04:18 PDT 2026","Thank you for your time. Unfortunately this submission did not pass the embedded gold-standard checks; this task requires very careful attention to detail.","942","27% (8/30)","27% (8/30)","27% (8/30)","Airplane","https://tactileeval.s3.us-east-1.amazonaws.com/family_datasets/Vehicles_and_Flight_Systems/Airplane/Natural/1.png","https://tactileeval.s3.us-east-1.amazonaws.com/family_datasets/Vehicles_and_Flight_Systems/Airplane/Tactile/1.jpg","","Airplane","https://tactileeval.s3.us-east-1.amazonaws.com/family_datasets/Vehicles_and_Flight_Systems/Airplane/Natural/2.png","https://tactileeval.s3.us-east-1.amazonaws.com/family_datasets/Vehicles_and_Flight_Systems/Airplane/Tactile/2.jpg","","Airplane","https://tactileeval.s3.us-east-1.amazonaws.com/family_datasets/Vehicles_and_Flight_Systems/Airplane/Natural/3.png","https://tactileeval.s3.us-east-1.amazonaws.com/family_datasets/Vehicles_and_Flight_Systems/Airplane/Tactile/3.jpg","","Airplane","https://tactileeval.s3.us-east-1.amazonaws.com/family_datasets/Vehicles_and_Flight_Systems/Airplane/Natural/4.png","https://tactileeval.s3.us-east-1.amazonaws.com/family_datasets/Vehicles_and_Flight_Systems/Airplane/Tactile/4.png","","Airplane","https://tactileeval.s3.us-east-1.amazonaws.com/family_datasets/Vehicles_and_Flight_Systems/Airplane/Natural/5.png","https://tactileeval.s3.us-east-1.amazonaws.com/family_datasets/Vehicles_and_Flight_Systems/Airplane/Tactile/5.jpg","","Airplane","https://tactileeval.s3.us-east-1.amazonaws.com/family_datasets/Vehicles_and_Flight_Systems/Airplane/Natural/6.png","https://tactileeval.s3.us-east-1.amazonaws.com/family_datasets/Vehicles_and_Flight_Systems/Airplane/Tactile/6.jpg","","Airplane","https://tactileeval.s3.us-east-1.amazonaws.com/family_datasets/Vehicles_and_Flight_Systems/Airplane/Natural/7.png","https://tactileeval.s3.us-east-1.amazonaws.com/family_datasets/Vehicles_and_Flight_Systems/Airplane/Tactile/7.jpg","","Airplane","https://tactileeval.s3.us-east-1.amazonaws.com/family_datasets/Vehicles_and_Flight_Systems/Airplane/Natural/8.png","https://tactileeval.s3.us-east-1.amazonaws.com/family_datasets/Vehicles_and_Flight_Systems/Airplane/Tactile/8.jpg","","Airplane","https://tactileeval.s3.us-east-1.amazonaws.com/family_datasets/Vehicles_and_Flight_Systems/Airplane/Natural/9.jpeg","https://tactileeval.s3.us-east-1.amazonaws.com/family_datasets/Vehicles_and_Flight_Systems/Airplane/Tactile/9.jpg","","Airplane","https://tactileeval.s3.us-east-1.amazonaws.com/family_datasets/Vehicles_and_Flight_Systems/Airplane/Natural/10.png","https://tactileeval.s3.us-east-1.amazonaws.com/family_datasets/Vehicles_and_Flight_Systems/Airplane/Tactile/10.jpg","","[{""question1"":{""all_correct"":true,""extra_parts"":false,""missing_parts"":false,""wrong_location"":false},""question10"":{""all_correct"":false,""extra_parts"":true,""missing_parts"":true,""wrong_location"":false},""question2"":{""all_correct"":false,""extra_parts"":true,""missing_parts"":true,""wrong_location"":false},""question3"":{""all_correct"":true,""extra_parts"":false,""missing_parts"":false,""wrong_location"":false},""question4"":{""all_correct"":true,""extra_parts"":false,""missing_parts"":false,""wrong_location"":false},""question5"":{""all_correct"":true,""extra_parts"":false,""missing_parts"":false,""wrong_location"":false},""question6"":{""all_correct"":false,""extra_parts"":true,""missing_parts"":true,""wrong_location"":false},""question7"":{""all_correct"":false,""extra_parts"":true,""missing_parts"":true,""wrong_location"":false},""question8"":{""all_correct"":false,""extra_parts"":true,""missing_parts"":true,""wrong_location"":false},""question9"":{""all_correct"":false,""extra_parts"":true,""missing_parts"":true,""wrong_location"":false}}]"
"3MIVREZQW9CSZXNWERO4R6FQHGWQKV","3U20ZGNLAG0U51KQK3YR7IVUILJD7F","Judge if an objects line-art has missing elements (10 pairs)","Review 10  line-arts and judge if it has/hasn't missing or extra content. (10 pairs)","tactile, image review, accessibility, vehicles","$0.08","Sat Apr 18 07:37:36 PDT 2026","9","BatchId:5385913;OriginalHitTemplateId:928390873;","1800","1296000","Sat Apr 25 07:37:36 PDT 2026","","","36ZN444YUKC0UAILPDGPD516EENIOZ","AM6XJQNLFEV4J","Rejected","Sat Apr 18 10:30:01 PDT 2026","Sat Apr 18 10:48:17 PDT 2026","Sun May 03 10:48:17 PDT 2026","","Sat Apr 18 20:04:17 PDT 2026","Thank you for your time. Unfortunately this submission did not pass the embedded gold-standard checks; this task requires very careful attention to detail.","1096","59% (19/32)","59% (19/32)","59% (19/32)","Airplane","https://tactileeval.s3.us-east-1.amazonaws.com/family_datasets/Vehicles_and_Flight_Systems/Airplane/Natural/1.png","https://tactileeval.s3.us-east-1.amazonaws.com/family_datasets/Vehicles_and_Flight_Systems/Airplane/Tactile/1.jpg","","Airplane","https://tactileeval.s3.us-east-1.amazonaws.com/family_datasets/Vehicles_and_Flight_Systems/Airplane/Natural/2.png","https://tactileeval.s3.us-east-1.amazonaws.com/family_datasets/Vehicles_and_Flight_Systems/Airplane/Tactile/2.jpg","","Airplane","https://tactileeval.s3.us-east-1.amazonaws.com/family_datasets/Vehicles_and_Flight_Systems/Airplane/Natural/3.png","https://tactileeval.s3.us-east-1.amazonaws.com/family_datasets/Vehicles_and_Flight_Systems/Airplane/Tactile/3.jpg","","Airplane","https://tactileeval.s3.us-east-1.amazonaws.com/family_datasets/Vehicles_and_Flight_Systems/Airplane/Natural/4.png","https://tactileeval.s3.us-east-1.amazonaws.com/family_datasets/Vehicles_and_Flight_Systems/Airplane/Tactile/4.png","","Airplane","https://tactileeval.s3.us-east-1.amazonaws.com/family_datasets/Vehicles_and_Flight_Systems/Airplane/Natural/5.png","https://tactileeval.s3.us-east-1.amazonaws.com/family_datasets/Vehicles_and_Flight_Systems/Airplane/Tactile/5.jpg","","Airplane","https://tactileeval.s3.us-east-1.amazonaws.com/family_datasets/Vehicles_and_Flight_Systems/Airplane/Natural/6.png","https://tactileeval.s3.us-east-1.amazonaws.com/family_datasets/Vehicles_and_Flight_Systems/Airplane/Tactile/6.jpg","","Airplane","https://tactileeval.s3.us-east-1.amazonaws.com/family_datasets/Vehicles_and_Flight_Systems/Airplane/Natural/7.png","https://tactileeval.s3.us-east-1.amazonaws.com/family_datasets/Vehicles_and_Flight_Systems/Airplane/Tactile/7.jpg","","Airplane","https://tactileeval.s3.us-east-1.amazonaws.com/family_datasets/Vehicles_and_Flight_Systems/Airplane/Natural/8.png","https://tactileeval.s3.us-east-1.amazonaws.com/family_datasets/Vehicles_and_Flight_Systems/Airplane/Tactile/8.jpg","","Airplane","https://tactileeval.s3.us-east-1.amazonaws.com/family_datasets/Vehicles_and_Flight_Systems/Airplane/Natural/9.jpeg","https://tactileeval.s3.us-east-1.amazonaws.com/family_datasets/Vehicles_and_Flight_Systems/Airplane/Tactile/9.jpg","","Airplane","https://tactileeval.s3.us-east-1.amazonaws.com/family_datasets/Vehicles_and_Flight_Systems/Airplane/Natural/10.png","https://tactileeval.s3.us-east-1.amazonaws.com/family_datasets/Vehicles_and_Flight_Systems/Airplane/Tactile/10.jpg","","[{""question1"":{""all_correct"":true,""extra_parts"":false,""missing_parts"":false,""wrong_location"":false},""question10"":{""all_correct"":false,""extra_parts"":true,""missing_parts"":true,""wrong_location"":false},""question2"":{""all_correct"":false,""extra_parts"":true,""missing_parts"":true,""wrong_location"":false},""question3"":{""all_correct"":false,""extra_parts"":true,""missing_parts"":true,""wrong_location"":false},""question4"":{""all_correct"":true,""extra_parts"":false,""missing_parts"":false,""wrong_location"":false},""question5"":{""all_correct"":true,""extra_parts"":false,""missing_parts"":false,""wrong_location"":false},""question6"":{""all_correct"":false,""extra_parts"":true,""missing_parts"":true,""wrong_location"":false},""question7"":{""all_correct"":false,""extra_parts"":true,""missing_parts"":true,""wrong_location"":false},""question8"":{""all_correct"":false,""extra_parts"":true,""missing_parts"":true,""wrong_location"":false},""question9"":{""all_correct"":false,""extra_parts"":true,""missing_parts"":true,""wrong_location"":false}}]"
"3MIVREZQW9CSZXNWERO4R6FQHGWQKV","3U20ZGNLAG0U51KQK3YR7IVUILJD7F","Judge if an objects line-art has missing elements (10 pairs)","Review 10  line-arts and judge if it has/hasn't missing or extra content. (10 pairs)","tactile, image review, accessibility, vehicles","$0.08","Sat Apr 18 07:37:36 PDT 2026","9","BatchId:5385913;OriginalHitTemplateId:928390873;","1800","1296000","Sat Apr 25 07:37:36 PDT 2026","","","3YDGXNSEPS831BWQX7PPMI1NURI483","A12VYCG9CMKAFA","Rejected","Sat Apr 18 10:30:12 PDT 2026","Sat Apr 18 10:54:49 PDT 2026","Sun May 03 10:54:49 PDT 2026","","Sat Apr 18 20:04:17 PDT 2026","Thank you for your time. Unfortunately this submission did not pass the embedded gold-standard checks; this task requires very careful attention to detail.","1477","26% (7/27)","26% (7/27)","26% (7/27)","Airplane","https://tactileeval.s3.us-east-1.amazonaws.com/family_datasets/Vehicles_and_Flight_Systems/Airplane/Natural/1.png","https://tactileeval.s3.us-east-1.amazonaws.com/family_datasets/Vehicles_and_Flight_Systems/Airplane/Tactile/1.jpg","","Airplane","https://tactileeval.s3.us-east-1.amazonaws.com/family_datasets/Vehicles_and_Flight_Systems/Airplane/Natural/2.png","https://tactileeval.s3.us-east-1.amazonaws.com/family_datasets/Vehicles_and_Flight_Systems/Airplane/Tactile/2.jpg","","Airplane","https://tactileeval.s3.us-east-1.amazonaws.com/family_datasets/Vehicles_and_Flight_Systems/Airplane/Natural/3.png","https://tactileeval.s3.us-east-1.amazonaws.com/family_datasets/Vehicles_and_Flight_Systems/Airplane/Tactile/3.jpg","","Airplane","https://tactileeval.s3.us-east-1.amazonaws.com/family_datasets/Vehicles_and_Flight_Systems/Airplane/Natural/4.png","https://tactileeval.s3.us-east-1.amazonaws.com/family_datasets/Vehicles_and_Flight_Systems/Airplane/Tactile/4.png","","Airplane","https://tactileeval.s3.us-east-1.amazonaws.com/family_datasets/Vehicles_and_Flight_Systems/Airplane/Natural/5.png","https://tactileeval.s3.us-east-1.amazonaws.com/family_datasets/Vehicles_and_Flight_Systems/Airplane/Tactile/5.jpg","","Airplane","https://tactileeval.s3.us-east-1.amazonaws.com/family_datasets/Vehicles_and_Flight_Systems/Airplane/Natural/6.png","https://tactileeval.s3.us-east-1.amazonaws.com/family_datasets/Vehicles_and_Flight_Systems/Airplane/Tactile/6.jpg","","Airplane","https://tactileeval.s3.us-east-1.amazonaws.com/family_datasets/Vehicles_and_Flight_Systems/Airplane/Natural/7.png","https://tactileeval.s3.us-east-1.amazonaws.com/family_datasets/Vehicles_and_Flight_Systems/Airplane/Tactile/7.jpg","","Airplane","https://tactileeval.s3.us-east-1.amazonaws.com/family_datasets/Vehicles_and_Flight_Systems/Airplane/Natural/8.png","https://tactileeval.s3.us-east-1.amazonaws.com/family_datasets/Vehicles_and_Flight_Systems/Airplane/Tactile/8.jpg","","Airplane","https://tactileeval.s3.us-east-1.amazonaws.com/family_datasets/Vehicles_and_Flight_Systems/Airplane/Natural/9.jpeg","https://tactileeval.s3.us-east-1.amazonaws.com/family_datasets/Vehicles_and_Flight_Systems/Airplane/Tactile/9.jpg","","Airplane","https://tactileeval.s3.us-east-1.amazonaws.com/family_datasets/Vehicles_and_Flight_Systems/Airplane/Natural/10.png","https://tactileeval.s3.us-east-1.amazonaws.com/family_datasets/Vehicles_and_Flight_Systems/Airplane/Tactile/10.jpg","","[{""question1"":{""all_correct"":false,""extra_parts"":false,""missing_parts"":true,""wrong_location"":false},""question10"":{""all_correct"":false,""extra_parts"":false,""missing_parts"":true,""wrong_location"":false},""question2"":{""all_correct"":false,""extra_parts"":false,""missing_parts"":true,""wrong_location"":false},""question3"":{""all_correct"":true,""extra_parts"":false,""missing_parts"":false,""wrong_location"":false},""question4"":{""all_correct"":true,""extra_parts"":false,""missing_parts"":false,""wrong_location"":false},""question5"":{""all_correct"":true,""extra_parts"":false,""missing_parts"":false,""wrong_location"":false},""question6"":{""all_correct"":false,""extra_parts"":false,""missing_parts"":true,""wrong_location"":false},""question7"":{""all_correct"":false,""extra_parts"":false,""missing_parts"":true,""wrong_location"":false},""question8"":{""all_correct"":false,""extra_parts"":false,""missing_parts"":true,""wrong_location"":false},""question9"":{""all_correct"":false,""extra_parts"":false,""missing_parts"":true,""wrong_location"":false}}]"
"3MIVREZQW9CSZXNWERO4R6FQHGWQKV","3U20ZGNLAG0U51KQK3YR7IVUILJD7F","Judge if an objects line-art has missing elements (10 pairs)","Review 10  line-arts and judge if it has/hasn't missing or extra content. (10 pairs)","tactile, image review, accessibility, vehicles","$0.08","Sat Apr 18 07:37:36 PDT 2026","9","BatchId:5385913;OriginalHitTemplateId:928390873;","1800","1296000","Sat Apr 25 07:37:36 PDT 2026","","","3PXX5PX6MQC15YAE9KJQQNDOU70ABK","A1N3QIWLGR6ZV6","Rejected","Sat Apr 18 10:40:55 PDT 2026","Sat Apr 18 10:59:19 PDT 2026","Sun May 03 10:59:19 PDT 2026","","Sat Apr 18 20:04:17 PDT 2026","Thank you for your time. Unfortunately this submission did not pass the embedded gold-standard checks; this task requires very careful attention to detail.","1104","24% (9/38)","0% (0/29)","0% (0/29)","Airplane","https://tactileeval.s3.us-east-1.amazonaws.com/family_datasets/Vehicles_and_Flight_Systems/Airplane/Natural/1.png","https://tactileeval.s3.us-east-1.amazonaws.com/family_datasets/Vehicles_and_Flight_Systems/Airplane/Tactile/1.jpg","","Airplane","https://tactileeval.s3.us-east-1.amazonaws.com/family_datasets/Vehicles_and_Flight_Systems/Airplane/Natural/2.png","https://tactileeval.s3.us-east-1.amazonaws.com/family_datasets/Vehicles_and_Flight_Systems/Airplane/Tactile/2.jpg","","Airplane","https://tactileeval.s3.us-east-1.amazonaws.com/family_datasets/Vehicles_and_Flight_Systems/Airplane/Natural/3.png","https://tactileeval.s3.us-east-1.amazonaws.com/family_datasets/Vehicles_and_Flight_Systems/Airplane/Tactile/3.jpg","","Airplane","https://tactileeval.s3.us-east-1.amazonaws.com/family_datasets/Vehicles_and_Flight_Systems/Airplane/Natural/4.png","https://tactileeval.s3.us-east-1.amazonaws.com/family_datasets/Vehicles_and_Flight_Systems/Airplane/Tactile/4.png","","Airplane","https://tactileeval.s3.us-east-1.amazonaws.com/family_datasets/Vehicles_and_Flight_Systems/Airplane/Natural/5.png","https://tactileeval.s3.us-east-1.amazonaws.com/family_datasets/Vehicles_and_Flight_Systems/Airplane/Tactile/5.jpg","","Airplane","https://tactileeval.s3.us-east-1.amazonaws.com/family_datasets/Vehicles_and_Flight_Systems/Airplane/Natural/6.png","https://tactileeval.s3.us-east-1.amazonaws.com/family_datasets/Vehicles_and_Flight_Systems/Airplane/Tactile/6.jpg","","Airplane","https://tactileeval.s3.us-east-1.amazonaws.com/family_datasets/Vehicles_and_Flight_Systems/Airplane/Natural/7.png","https://tactileeval.s3.us-east-1.amazonaws.com/family_datasets/Vehicles_and_Flight_Systems/Airplane/Tactile/7.jpg","","Airplane","https://tactileeval.s3.us-east-1.amazonaws.com/family_datasets/Vehicles_and_Flight_Systems/Airplane/Natural/8.png","https://tactileeval.s3.us-east-1.amazonaws.com/family_datasets/Vehicles_and_Flight_Systems/Airplane/Tactile/8.jpg","","Airplane","https://tactileeval.s3.us-east-1.amazonaws.com/family_datasets/Vehicles_and_Flight_Systems/Airplane/Natural/9.jpeg","https://tactileeval.s3.us-east-1.amazonaws.com/family_datasets/Vehicles_and_Flight_Systems/Airplane/Tactile/9.jpg","","Airplane","https://tactileeval.s3.us-east-1.amazonaws.com/family_datasets/Vehicles_and_Flight_Systems/Airplane/Natural/10.png","https://tactileeval.s3.us-east-1.amazonaws.com/family_datasets/Vehicles_and_Flight_Systems/Airplane/Tactile/10.jpg","","[{""question1"":{""all_correct"":false,""extra_parts"":true,""missing_parts"":false,""wrong_location"":false},""question10"":{""all_correct"":true,""extra_parts"":false,""missing_parts"":false,""wrong_location"":false},""question2"":{""all_correct"":false,""extra_parts"":false,""missing_parts"":false,""wrong_location"":true},""question3"":{""all_correct"":false,""extra_parts"":false,""missing_parts"":true,""wrong_location"":false},""question4"":{""all_correct"":false,""extra_parts"":true,""missing_parts"":false,""wrong_location"":false},""question5"":{""all_correct"":true,""extra_parts"":false,""missing_parts"":false,""wrong_location"":false},""question6"":{""all_correct"":false,""extra_parts"":false,""missing_parts"":true,""wrong_location"":false},""question7"":{""all_correct"":true,""extra_parts"":false,""missing_parts"":false,""wrong_location"":false},""question8"":{""all_correct"":false,""extra_parts"":true,""missing_parts"":false,""wrong_location"":false},""question9"":{""all_correct"":false,""extra_parts"":true,""missing_parts"":false,""wrong_location"":false}}]"
"3MIVREZQW9CSZXNWERO4R6FQHGWQKV","3U20ZGNLAG0U51KQK3YR7IVUILJD7F","Judge if an objects line-art has missing elements (10 pairs)","Review 10  line-arts and judge if it has/hasn't missing or extra content. (10 pairs)","tactile, image review, accessibility, vehicles","$0.08","Sat Apr 18 07:37:36 PDT 2026","9","BatchId:5385913;OriginalHitTemplateId:928390873;","1800","1296000","Sat Apr 25 07:37:36 PDT 2026","","","3XLBSAQ90XQF4UFW8VN92EI1K3SZ72","AM8EV600ZP69X","Approved","Sun Apr 19 00:11:45 PDT 2026","Sun Apr 19 00:37:08 PDT 2026","Mon May 04 00:37:08 PDT 2026","Sun Apr 19 07:44:29 PDT 2026","","","1523","86% (32/37)","86% (32/37)","86% (32/37)","Airplane","https://tactileeval.s3.us-east-1.amazonaws.com/family_datasets/Vehicles_and_Flight_Systems/Airplane/Natural/1.png","https://tactileeval.s3.us-east-1.amazonaws.com/family_datasets/Vehicles_and_Flight_Systems/Airplane/Tactile/1.jpg","","Airplane","https://tactileeval.s3.us-east-1.amazonaws.com/family_datasets/Vehicles_and_Flight_Systems/Airplane/Natural/2.png","https://tactileeval.s3.us-east-1.amazonaws.com/family_datasets/Vehicles_and_Flight_Systems/Airplane/Tactile/2.jpg","","Airplane","https://tactileeval.s3.us-east-1.amazonaws.com/family_datasets/Vehicles_and_Flight_Systems/Airplane/Natural/3.png","https://tactileeval.s3.us-east-1.amazonaws.com/family_datasets/Vehicles_and_Flight_Systems/Airplane/Tactile/3.jpg","","Airplane","https://tactileeval.s3.us-east-1.amazonaws.com/family_datasets/Vehicles_and_Flight_Systems/Airplane/Natural/4.png","https://tactileeval.s3.us-east-1.amazonaws.com/family_datasets/Vehicles_and_Flight_Systems/Airplane/Tactile/4.png","","Airplane","https://tactileeval.s3.us-east-1.amazonaws.com/family_datasets/Vehicles_and_Flight_Systems/Airplane/Natural/5.png","https://tactileeval.s3.us-east-1.amazonaws.com/family_datasets/Vehicles_and_Flight_Systems/Airplane/Tactile/5.jpg","","Airplane","https://tactileeval.s3.us-east-1.amazonaws.com/family_datasets/Vehicles_and_Flight_Systems/Airplane/Natural/6.png","https://tactileeval.s3.us-east-1.amazonaws.com/family_datasets/Vehicles_and_Flight_Systems/Airplane/Tactile/6.jpg","","Airplane","https://tactileeval.s3.us-east-1.amazonaws.com/family_datasets/Vehicles_and_Flight_Systems/Airplane/Natural/7.png","https://tactileeval.s3.us-east-1.amazonaws.com/family_datasets/Vehicles_and_Flight_Systems/Airplane/Tactile/7.jpg","","Airplane","https://tactileeval.s3.us-east-1.amazonaws.com/family_datasets/Vehicles_and_Flight_Systems/Airplane/Natural/8.png","https://tactileeval.s3.us-east-1.amazonaws.com/family_datasets/Vehicles_and_Flight_Systems/Airplane/Tactile/8.jpg","","Airplane","https://tactileeval.s3.us-east-1.amazonaws.com/family_datasets/Vehicles_and_Flight_Systems/Airplane/Natural/9.jpeg","https://tactileeval.s3.us-east-1.amazonaws.com/family_datasets/Vehicles_and_Flight_Systems/Airplane/Tactile/9.jpg","","Airplane","https://tactileeval.s3.us-east-1.amazonaws.com/family_datasets/Vehicles_and_Flight_Systems/Airplane/Natural/10.png","https://tactileeval.s3.us-east-1.amazonaws.com/family_datasets/Vehicles_and_Flight_Systems/Airplane/Tactile/10.jpg","","[{""question1"":{""all_correct"":true,""extra_parts"":false,""missing_parts"":false,""wrong_location"":false},""question10"":{""all_correct"":true,""extra_parts"":false,""missing_parts"":false,""wrong_location"":false},""question2"":{""all_correct"":true,""extra_parts"":false,""missing_parts"":false,""wrong_location"":false},""question3"":{""all_correct"":false,""extra_parts"":true,""missing_parts"":false,""wrong_location"":false},""question4"":{""all_correct"":true,""extra_parts"":false,""missing_parts"":false,""wrong_location"":false},""question5"":{""all_correct"":true,""extra_parts"":false,""missing_parts"":false,""wrong_location"":false},""question6"":{""all_correct"":false,""extra_parts"":false,""missing_parts"":true,""wrong_location"":false},""question7"":{""all_correct"":true,""extra_parts"":false,""missing_parts"":false,""wrong_location"":false},""question8"":{""all_correct"":false,""extra_parts"":true,""missing_parts"":false,""wrong_location"":false},""question9"":{""all_correct"":true,""extra_parts"":false,""missing_parts"":false,""wrong_location"":false}}]"
"3MIVREZQW9CSZXNWERO4R6FQHGWQKV","3U20ZGNLAG0U51KQK3YR7IVUILJD7F","Judge if an objects line-art has missing elements (10 pairs)","Review 10  line-arts and judge if it has/hasn't missing or extra content. (10 pairs)","tactile, image review, accessibility, vehicles","$0.08","Sat Apr 18 07:37:36 PDT 2026","9","BatchId:5385913;OriginalHitTemplateId:928390873;","1800","1296000","Sat Apr 25 07:37:36 PDT 2026","","","32XVDSJFQSB8JMJ7NUGKYL5KUJQ2MA","ANPPS2BP5MHDE","Approved","Sun Apr 19 01:00:47 PDT 2026","Sun Apr 19 01:13:53 PDT 2026","Mon May 04 01:13:53 PDT 2026","Sun Apr 19 07:44:30 PDT 2026","","","786","79% (15/19)","79% (15/19)","79% (15/19)","Airplane","https://tactileeval.s3.us-east-1.amazonaws.com/family_datasets/Vehicles_and_Flight_Systems/Airplane/Natural/1.png","https://tactileeval.s3.us-east-1.amazonaws.com/family_datasets/Vehicles_and_Flight_Systems/Airplane/Tactile/1.jpg","","Airplane","https://tactileeval.s3.us-east-1.amazonaws.com/family_datasets/Vehicles_and_Flight_Systems/Airplane/Natural/2.png","https://tactileeval.s3.us-east-1.amazonaws.com/family_datasets/Vehicles_and_Flight_Systems/Airplane/Tactile/2.jpg","","Airplane","https://tactileeval.s3.us-east-1.amazonaws.com/family_datasets/Vehicles_and_Flight_Systems/Airplane/Natural/3.png","https://tactileeval.s3.us-east-1.amazonaws.com/family_datasets/Vehicles_and_Flight_Systems/Airplane/Tactile/3.jpg","","Airplane","https://tactileeval.s3.us-east-1.amazonaws.com/family_datasets/Vehicles_and_Flight_Systems/Airplane/Natural/4.png","https://tactileeval.s3.us-east-1.amazonaws.com/family_datasets/Vehicles_and_Flight_Systems/Airplane/Tactile/4.png","","Airplane","https://tactileeval.s3.us-east-1.amazonaws.com/family_datasets/Vehicles_and_Flight_Systems/Airplane/Natural/5.png","https://tactileeval.s3.us-east-1.amazonaws.com/family_datasets/Vehicles_and_Flight_Systems/Airplane/Tactile/5.jpg","","Airplane","https://tactileeval.s3.us-east-1.amazonaws.com/family_datasets/Vehicles_and_Flight_Systems/Airplane/Natural/6.png","https://tactileeval.s3.us-east-1.amazonaws.com/family_datasets/Vehicles_and_Flight_Systems/Airplane/Tactile/6.jpg","","Airplane","https://tactileeval.s3.us-east-1.amazonaws.com/family_datasets/Vehicles_and_Flight_Systems/Airplane/Natural/7.png","https://tactileeval.s3.us-east-1.amazonaws.com/family_datasets/Vehicles_and_Flight_Systems/Airplane/Tactile/7.jpg","","Airplane","https://tactileeval.s3.us-east-1.amazonaws.com/family_datasets/Vehicles_and_Flight_Systems/Airplane/Natural/8.png","https://tactileeval.s3.us-east-1.amazonaws.com/family_datasets/Vehicles_and_Flight_Systems/Airplane/Tactile/8.jpg","","Airplane","https://tactileeval.s3.us-east-1.amazonaws.com/family_datasets/Vehicles_and_Flight_Systems/Airplane/Natural/9.jpeg","https://tactileeval.s3.us-east-1.amazonaws.com/family_datasets/Vehicles_and_Flight_Systems/Airplane/Tactile/9.jpg","","Airplane","https://tactileeval.s3.us-east-1.amazonaws.com/family_datasets/Vehicles_and_Flight_Systems/Airplane/Natural/10.png","https://tactileeval.s3.us-east-1.amazonaws.com/family_datasets/Vehicles_and_Flight_Systems/Airplane/Tactile/10.jpg","","[{""question1"":{""all_correct"":false,""extra_parts"":false,""missing_parts"":true,""wrong_location"":false},""question10"":{""all_correct"":false,""extra_parts"":false,""missing_parts"":true,""wrong_location"":false},""question2"":{""all_correct"":false,""extra_parts"":true,""missing_parts"":false,""wrong_location"":false},""question3"":{""all_correct"":false,""extra_parts"":true,""missing_parts"":false,""wrong_location"":false},""question4"":{""all_correct"":true,""extra_parts"":false,""missing_parts"":false,""wrong_location"":false},""question5"":{""all_correct"":true,""extra_parts"":false,""missing_parts"":false,""wrong_location"":false},""question6"":{""all_correct"":false,""extra_parts"":false,""missing_parts"":false,""wrong_location"":true},""question7"":{""all_correct"":true,""extra_parts"":false,""missing_parts"":false,""wrong_location"":false},""question8"":{""all_correct"":false,""extra_parts"":false,""missing_parts"":true,""wrong_location"":false},""question9"":{""all_correct"":true,""extra_parts"":false,""missing_parts"":false,""wrong_location"":false}}]"
"3R15W654W573J35EZR0566S56G1QLY","3U20ZGNLAG0U51KQK3YR7IVUILJD7F","Judge if an objects line-art has missing elements (10 pairs)","Review 10  line-arts and judge if it has/hasn't missing or extra content. (10 pairs)","tactile, image review, accessibility, vehicles","$0.08","Sat Apr 18 07:37:36 PDT 2026","9","BatchId:5385913;OriginalHitTemplateId:928390873;","1800","1296000","Sat Apr 25 07:37:36 PDT 2026","","","3SNLUL3WPX1XXGAO62PB4RLND4SULP","A2JKGAWYEHJ18S","Rejected","Sat Apr 18 09:14:59 PDT 2026","Sat Apr 18 09:27:13 PDT 2026","Sun May 03 09:27:13 PDT 2026","","Sat Apr 18 20:04:17 PDT 2026","Thank you for your time. Unfortunately this submission did not pass the embedded gold-standard checks; this task requires very careful attention to detail.","734","15% (3/20)","15% (3/20)","15% (3/20)","Bicycle","https://tactileeval.s3.us-east-1.amazonaws.com/family_datasets/Vehicles_and_Flight_Systems/Bicycle/Natural/bicycle_1.png","https://tactileeval.s3.us-east-1.amazonaws.com/family_datasets/Vehicles_and_Flight_Systems/Bicycle/Tactile/1_refined.png","","Bicycle","https://tactileeval.s3.us-east-1.amazonaws.com/family_datasets/Vehicles_and_Flight_Systems/Bicycle/Natural/bicycle_2.jpg","https://tactileeval.s3.us-east-1.amazonaws.com/family_datasets/Vehicles_and_Flight_Systems/Bicycle/Tactile/2.jpg","","Bicycle","https://tactileeval.s3.us-east-1.amazonaws.com/family_datasets/Vehicles_and_Flight_Systems/Bicycle/Natural/bicycle_3.png","https://tactileeval.s3.us-east-1.amazonaws.com/family_datasets/Vehicles_and_Flight_Systems/Bicycle/Tactile/3.jpg","","Bicycle","https://tactileeval.s3.us-east-1.amazonaws.com/family_datasets/Vehicles_and_Flight_Systems/Bicycle/Natural/bicycle_4.png","https://tactileeval.s3.us-east-1.amazonaws.com/family_datasets/Vehicles_and_Flight_Systems/Bicycle/Tactile/4.jpg","","Bicycle","https://tactileeval.s3.us-east-1.amazonaws.com/family_datasets/Vehicles_and_Flight_Systems/Bicycle/Natural/bicycle_5.png","https://tactileeval.s3.us-east-1.amazonaws.com/family_datasets/Vehicles_and_Flight_Systems/Bicycle/Tactile/5.jpg","","Bicycle","https://tactileeval.s3.us-east-1.amazonaws.com/family_datasets/Vehicles_and_Flight_Systems/Bicycle/Natural/bicycle_6.png","https://tactileeval.s3.us-east-1.amazonaws.com/family_datasets/Vehicles_and_Flight_Systems/Bicycle/Tactile/6.jpg","","Bicycle","https://tactileeval.s3.us-east-1.amazonaws.com/family_datasets/Vehicles_and_Flight_Systems/Bicycle/Natural/bicycle_7.png","https://tactileeval.s3.us-east-1.amazonaws.com/family_datasets/Vehicles_and_Flight_Systems/Bicycle/Tactile/7.png","","Bicycle","https://tactileeval.s3.us-east-1.amazonaws.com/family_datasets/Vehicles_and_Flight_Systems/Bicycle/Natural/bicycle_8.png","https://tactileeval.s3.us-east-1.amazonaws.com/family_datasets/Vehicles_and_Flight_Systems/Bicycle/Tactile/8.jpg","","Bicycle","https://tactileeval.s3.us-east-1.amazonaws.com/family_datasets/Vehicles_and_Flight_Systems/Bicycle/Natural/bicycle_9.jpg","https://tactileeval.s3.us-east-1.amazonaws.com/family_datasets/Vehicles_and_Flight_Systems/Bicycle/Tactile/9.jpg","","Bicycle","https://tactileeval.s3.us-east-1.amazonaws.com/family_datasets/Vehicles_and_Flight_Systems/Bicycle/Natural/bicycle_10.jpg","https://tactileeval.s3.us-east-1.amazonaws.com/family_datasets/Vehicles_and_Flight_Systems/Bicycle/Tactile/10.jpg","","[{""question1"":{""all_correct"":false,""extra_parts"":true,""missing_parts"":false,""wrong_location"":false},""question10"":{""all_correct"":false,""extra_parts"":false,""missing_parts"":true,""wrong_location"":false},""question2"":{""all_correct"":false,""extra_parts"":false,""missing_parts"":false,""wrong_location"":true},""question3"":{""all_correct"":false,""extra_parts"":true,""missing_parts"":false,""wrong_location"":false},""question4"":{""all_correct"":true,""extra_parts"":false,""missing_parts"":false,""wrong_location"":false},""question5"":{""all_correct"":false,""extra_parts"":false,""missing_parts"":false,""wrong_location"":true},""question6"":{""all_correct"":false,""extra_parts"":false,""missing_parts"":true,""wrong_location"":false},""question7"":{""all_correct"":false,""extra_parts"":true,""missing_parts"":false,""wrong_location"":false},""question8"":{""all_correct"":false,""extra_parts"":false,""missing_parts"":true,""wrong_location"":false},""question9"":{""all_correct"":false,""extra_parts"":true,""missing_parts"":false,""wrong_location"":false}}]"
"3R15W654W573J35EZR0566S56G1QLY","3U20ZGNLAG0U51KQK3YR7IVUILJD7F","Judge if an objects line-art has missing elements (10 pairs)","Review 10  line-arts and judge if it has/hasn't missing or extra content. (10 pairs)","tactile, image review, accessibility, vehicles","$0.08","Sat Apr 18 07:37:36 PDT 2026","9","BatchId:5385913;OriginalHitTemplateId:928390873;","1800","1296000","Sat Apr 25 07:37:36 PDT 2026","","","36WLNQG79SO4VBRQPPLCM63FFMXBEF","A11RQ0K5GQ3NJG","Approved","Sat Apr 18 10:29:56 PDT 2026","Sat Apr 18 10:35:19 PDT 2026","Sun May 03 10:35:19 PDT 2026","Sat Apr 18 20:04:17 PDT 2026","","","323","39% (12/31)","39% (12/31)","39% (12/31)","Bicycle","https://tactileeval.s3.us-east-1.amazonaws.com/family_datasets/Vehicles_and_Flight_Systems/Bicycle/Natural/bicycle_1.png","https://tactileeval.s3.us-east-1.amazonaws.com/family_datasets/Vehicles_and_Flight_Systems/Bicycle/Tactile/1_refined.png","","Bicycle","https://tactileeval.s3.us-east-1.amazonaws.com/family_datasets/Vehicles_and_Flight_Systems/Bicycle/Natural/bicycle_2.jpg","https://tactileeval.s3.us-east-1.amazonaws.com/family_datasets/Vehicles_and_Flight_Systems/Bicycle/Tactile/2.jpg","","Bicycle","https://tactileeval.s3.us-east-1.amazonaws.com/family_datasets/Vehicles_and_Flight_Systems/Bicycle/Natural/bicycle_3.png","https://tactileeval.s3.us-east-1.amazonaws.com/family_datasets/Vehicles_and_Flight_Systems/Bicycle/Tactile/3.jpg","","Bicycle","https://tactileeval.s3.us-east-1.amazonaws.com/family_datasets/Vehicles_and_Flight_Systems/Bicycle/Natural/bicycle_4.png","https://tactileeval.s3.us-east-1.amazonaws.com/family_datasets/Vehicles_and_Flight_Systems/Bicycle/Tactile/4.jpg","","Bicycle","https://tactileeval.s3.us-east-1.amazonaws.com/family_datasets/Vehicles_and_Flight_Systems/Bicycle/Natural/bicycle_5.png","https://tactileeval.s3.us-east-1.amazonaws.com/family_datasets/Vehicles_and_Flight_Systems/Bicycle/Tactile/5.jpg","","Bicycle","https://tactileeval.s3.us-east-1.amazonaws.com/family_datasets/Vehicles_and_Flight_Systems/Bicycle/Natural/bicycle_6.png","https://tactileeval.s3.us-east-1.amazonaws.com/family_datasets/Vehicles_and_Flight_Systems/Bicycle/Tactile/6.jpg","","Bicycle","https://tactileeval.s3.us-east-1.amazonaws.com/family_datasets/Vehicles_and_Flight_Systems/Bicycle/Natural/bicycle_7.png","https://tactileeval.s3.us-east-1.amazonaws.com/family_datasets/Vehicles_and_Flight_Systems/Bicycle/Tactile/7.png","","Bicycle","https://tactileeval.s3.us-east-1.amazonaws.com/family_datasets/Vehicles_and_Flight_Systems/Bicycle/Natural/bicycle_8.png","https://tactileeval.s3.us-east-1.amazonaws.com/family_datasets/Vehicles_and_Flight_Systems/Bicycle/Tactile/8.jpg","","Bicycle","https://tactileeval.s3.us-east-1.amazonaws.com/family_datasets/Vehicles_and_Flight_Systems/Bicycle/Natural/bicycle_9.jpg","https://tactileeval.s3.us-east-1.amazonaws.com/family_datasets/Vehicles_and_Flight_Systems/Bicycle/Tactile/9.jpg","","Bicycle","https://tactileeval.s3.us-east-1.amazonaws.com/family_datasets/Vehicles_and_Flight_Systems/Bicycle/Natural/bicycle_10.jpg","https://tactileeval.s3.us-east-1.amazonaws.com/family_datasets/Vehicles_and_Flight_Systems/Bicycle/Tactile/10.jpg","","[{""question1"":{""all_correct"":true,""extra_parts"":false,""missing_parts"":false,""wrong_location"":false},""question10"":{""all_correct"":true,""extra_parts"":false,""missing_parts"":false,""wrong_location"":false},""question2"":{""all_correct"":true,""extra_parts"":false,""missing_parts"":false,""wrong_location"":false},""question3"":{""all_correct"":true,""extra_parts"":false,""missing_parts"":false,""wrong_location"":false},""question4"":{""all_correct"":true,""extra_parts"":false,""missing_parts"":false,""wrong_location"":false},""question5"":{""all_correct"":true,""extra_parts"":false,""missing_parts"":false,""wrong_location"":false},""question6"":{""all_correct"":true,""extra_parts"":false,""missing_parts"":false,""wrong_location"":false},""question7"":{""all_correct"":true,""extra_parts"":false,""missing_parts"":false,""wrong_location"":false},""question8"":{""all_correct"":false,""extra_parts"":true,""missing_parts"":false,""wrong_location"":false},""question9"":{""all_correct"":false,""extra_parts"":true,""missing_parts"":false,""wrong_location"":false}}]"
"3R15W654W573J35EZR0566S56G1QLY","3U20ZGNLAG0U51KQK3YR7IVUILJD7F","Judge if an objects line-art has missing elements (10 pairs)","Review 10  line-arts and judge if it has/hasn't missing or extra content. (10 pairs)","tactile, image review, accessibility, vehicles","$0.08","Sat Apr 18 07:37:36 PDT 2026","9","BatchId:5385913;OriginalHitTemplateId:928390873;","1800","1296000","Sat Apr 25 07:37:36 PDT 2026","","","3WR9XG3T7WPZ1XR7N2XJ8I5SJ7C47G","ASBG43I93VS4A","Approved","Sat Apr 18 10:30:12 PDT 2026","Sat Apr 18 10:46:30 PDT 2026","Sun May 03 10:46:30 PDT 2026","Sat Apr 18 20:04:17 PDT 2026","","","978","27% (8/30)","27% (8/30)","27% (8/30)","Bicycle","https://tactileeval.s3.us-east-1.amazonaws.com/family_datasets/Vehicles_and_Flight_Systems/Bicycle/Natural/bicycle_1.png","https://tactileeval.s3.us-east-1.amazonaws.com/family_datasets/Vehicles_and_Flight_Systems/Bicycle/Tactile/1_refined.png","","Bicycle","https://tactileeval.s3.us-east-1.amazonaws.com/family_datasets/Vehicles_and_Flight_Systems/Bicycle/Natural/bicycle_2.jpg","https://tactileeval.s3.us-east-1.amazonaws.com/family_datasets/Vehicles_and_Flight_Systems/Bicycle/Tactile/2.jpg","","Bicycle","https://tactileeval.s3.us-east-1.amazonaws.com/family_datasets/Vehicles_and_Flight_Systems/Bicycle/Natural/bicycle_3.png","https://tactileeval.s3.us-east-1.amazonaws.com/family_datasets/Vehicles_and_Flight_Systems/Bicycle/Tactile/3.jpg","","Bicycle","https://tactileeval.s3.us-east-1.amazonaws.com/family_datasets/Vehicles_and_Flight_Systems/Bicycle/Natural/bicycle_4.png","https://tactileeval.s3.us-east-1.amazonaws.com/family_datasets/Vehicles_and_Flight_Systems/Bicycle/Tactile/4.jpg","","Bicycle","https://tactileeval.s3.us-east-1.amazonaws.com/family_datasets/Vehicles_and_Flight_Systems/Bicycle/Natural/bicycle_5.png","https://tactileeval.s3.us-east-1.amazonaws.com/family_datasets/Vehicles_and_Flight_Systems/Bicycle/Tactile/5.jpg","","Bicycle","https://tactileeval.s3.us-east-1.amazonaws.com/family_datasets/Vehicles_and_Flight_Systems/Bicycle/Natural/bicycle_6.png","https://tactileeval.s3.us-east-1.amazonaws.com/family_datasets/Vehicles_and_Flight_Systems/Bicycle/Tactile/6.jpg","","Bicycle","https://tactileeval.s3.us-east-1.amazonaws.com/family_datasets/Vehicles_and_Flight_Systems/Bicycle/Natural/bicycle_7.png","https://tactileeval.s3.us-east-1.amazonaws.com/family_datasets/Vehicles_and_Flight_Systems/Bicycle/Tactile/7.png","","Bicycle","https://tactileeval.s3.us-east-1.amazonaws.com/family_datasets/Vehicles_and_Flight_Systems/Bicycle/Natural/bicycle_8.png","https://tactileeval.s3.us-east-1.amazonaws.com/family_datasets/Vehicles_and_Flight_Systems/Bicycle/Tactile/8.jpg","","Bicycle","https://tactileeval.s3.us-east-1.amazonaws.com/family_datasets/Vehicles_and_Flight_Systems/Bicycle/Natural/bicycle_9.jpg","https://tactileeval.s3.us-east-1.amazonaws.com/family_datasets/Vehicles_and_Flight_Systems/Bicycle/Tactile/9.jpg","","Bicycle","https://tactileeval.s3.us-east-1.amazonaws.com/family_datasets/Vehicles_and_Flight_Systems/Bicycle/Natural/bicycle_10.jpg","https://tactileeval.s3.us-east-1.amazonaws.com/family_datasets/Vehicles_and_Flight_Systems/Bicycle/Tactile/10.jpg","","[{""question1"":{""all_correct"":true,""extra_parts"":false,""missing_parts"":false,""wrong_location"":false},""question10"":{""all_correct"":false,""extra_parts"":true,""missing_parts"":true,""wrong_location"":false},""question2"":{""all_correct"":true,""extra_parts"":false,""missing_parts"":false,""wrong_location"":false},""question3"":{""all_correct"":true,""extra_parts"":false,""missing_parts"":false,""wrong_location"":false},""question4"":{""all_correct"":false,""extra_parts"":true,""missing_parts"":false,""wrong_location"":false},""question5"":{""all_correct"":true,""extra_parts"":false,""missing_parts"":false,""wrong_location"":false},""question6"":{""all_correct"":false,""extra_parts"":true,""missing_parts"":true,""wrong_location"":false},""question7"":{""all_correct"":true,""extra_parts"":false,""missing_parts"":false,""wrong_location"":false},""question8"":{""all_correct"":false,""extra_parts"":true,""missing_parts"":true,""wrong_location"":false},""question9"":{""all_correct"":false,""extra_parts"":true,""missing_parts"":true,""wrong_location"":false}}]"
"3R15W654W573J35EZR0566S56G1QLY","3U20ZGNLAG0U51KQK3YR7IVUILJD7F","Judge if an objects line-art has missing elements (10 pairs)","Review 10  line-arts and judge if it has/hasn't missing or extra content. (10 pairs)","tactile, image review, accessibility, vehicles","$0.08","Sat Apr 18 07:37:36 PDT 2026","9","BatchId:5385913;OriginalHitTemplateId:928390873;","1800","1296000","Sat Apr 25 07:37:36 PDT 2026","","","379J5II42HUG8KD2G2A609ZKRGBLEC","AM6XJQNLFEV4J","Rejected","Sat Apr 18 10:30:07 PDT 2026","Sat Apr 18 10:49:51 PDT 2026","Sun May 03 10:49:51 PDT 2026","","Sat Apr 18 20:04:18 PDT 2026","Thank you for your time. Unfortunately this submission did not pass the embedded gold-standard checks; this task requires very careful attention to detail.","1184","59% (19/32)","59% (19/32)","59% (19/32)","Bicycle","https://tactileeval.s3.us-east-1.amazonaws.com/family_datasets/Vehicles_and_Flight_Systems/Bicycle/Natural/bicycle_1.png","https://tactileeval.s3.us-east-1.amazonaws.com/family_datasets/Vehicles_and_Flight_Systems/Bicycle/Tactile/1_refined.png","","Bicycle","https://tactileeval.s3.us-east-1.amazonaws.com/family_datasets/Vehicles_and_Flight_Systems/Bicycle/Natural/bicycle_2.jpg","https://tactileeval.s3.us-east-1.amazonaws.com/family_datasets/Vehicles_and_Flight_Systems/Bicycle/Tactile/2.jpg","","Bicycle","https://tactileeval.s3.us-east-1.amazonaws.com/family_datasets/Vehicles_and_Flight_Systems/Bicycle/Natural/bicycle_3.png","https://tactileeval.s3.us-east-1.amazonaws.com/family_datasets/Vehicles_and_Flight_Systems/Bicycle/Tactile/3.jpg","","Bicycle","https://tactileeval.s3.us-east-1.amazonaws.com/family_datasets/Vehicles_and_Flight_Systems/Bicycle/Natural/bicycle_4.png","https://tactileeval.s3.us-east-1.amazonaws.com/family_datasets/Vehicles_and_Flight_Systems/Bicycle/Tactile/4.jpg","","Bicycle","https://tactileeval.s3.us-east-1.amazonaws.com/family_datasets/Vehicles_and_Flight_Systems/Bicycle/Natural/bicycle_5.png","https://tactileeval.s3.us-east-1.amazonaws.com/family_datasets/Vehicles_and_Flight_Systems/Bicycle/Tactile/5.jpg","","Bicycle","https://tactileeval.s3.us-east-1.amazonaws.com/family_datasets/Vehicles_and_Flight_Systems/Bicycle/Natural/bicycle_6.png","https://tactileeval.s3.us-east-1.amazonaws.com/family_datasets/Vehicles_and_Flight_Systems/Bicycle/Tactile/6.jpg","","Bicycle","https://tactileeval.s3.us-east-1.amazonaws.com/family_datasets/Vehicles_and_Flight_Systems/Bicycle/Natural/bicycle_7.png","https://tactileeval.s3.us-east-1.amazonaws.com/family_datasets/Vehicles_and_Flight_Systems/Bicycle/Tactile/7.png","","Bicycle","https://tactileeval.s3.us-east-1.amazonaws.com/family_datasets/Vehicles_and_Flight_Systems/Bicycle/Natural/bicycle_8.png","https://tactileeval.s3.us-east-1.amazonaws.com/family_datasets/Vehicles_and_Flight_Systems/Bicycle/Tactile/8.jpg","","Bicycle","https://tactileeval.s3.us-east-1.amazonaws.com/family_datasets/Vehicles_and_Flight_Systems/Bicycle/Natural/bicycle_9.jpg","https://tactileeval.s3.us-east-1.amazonaws.com/family_datasets/Vehicles_and_Flight_Systems/Bicycle/Tactile/9.jpg","","Bicycle","https://tactileeval.s3.us-east-1.amazonaws.com/family_datasets/Vehicles_and_Flight_Systems/Bicycle/Natural/bicycle_10.jpg","https://tactileeval.s3.us-east-1.amazonaws.com/family_datasets/Vehicles_and_Flight_Systems/Bicycle/Tactile/10.jpg","","[{""question1"":{""all_correct"":true,""extra_parts"":false,""missing_parts"":false,""wrong_location"":false},""question10"":{""all_correct"":false,""extra_parts"":true,""missing_parts"":true,""wrong_location"":false},""question2"":{""all_correct"":false,""extra_parts"":true,""missing_parts"":true,""wrong_location"":false},""question3"":{""all_correct"":true,""extra_parts"":false,""missing_parts"":false,""wrong_location"":false},""question4"":{""all_correct"":false,""extra_parts"":true,""missing_parts"":true,""wrong_location"":false},""question5"":{""all_correct"":true,""extra_parts"":false,""missing_parts"":false,""wrong_location"":false},""question6"":{""all_correct"":true,""extra_parts"":false,""missing_parts"":false,""wrong_location"":false},""question7"":{""all_correct"":false,""extra_parts"":true,""missing_parts"":true,""wrong_location"":false},""question8"":{""all_correct"":false,""extra_parts"":true,""missing_parts"":true,""wrong_location"":false},""question9"":{""all_correct"":false,""extra_parts"":true,""missing_parts"":true,""wrong_location"":false}}]"
"3R15W654W573J35EZR0566S56G1QLY","3U20ZGNLAG0U51KQK3YR7IVUILJD7F","Judge if an objects line-art has missing elements (10 pairs)","Review 10  line-arts and judge if it has/hasn't missing or extra content. (10 pairs)","tactile, image review, accessibility, vehicles","$0.08","Sat Apr 18 07:37:36 PDT 2026","9","BatchId:5385913;OriginalHitTemplateId:928390873;","1800","1296000","Sat Apr 25 07:37:36 PDT 2026","","","39GHHAVON85SLSS9OBMGB8A1A2CJ42","A12VYCG9CMKAFA","Rejected","Sat Apr 18 10:30:15 PDT 2026","Sat Apr 18 10:55:28 PDT 2026","Sun May 03 10:55:28 PDT 2026","","Sat Apr 18 20:04:18 PDT 2026","Thank you for your time. Unfortunately this submission did not pass the embedded gold-standard checks; this task requires very careful attention to detail.","1513","26% (7/27)","26% (7/27)","26% (7/27)","Bicycle","https://tactileeval.s3.us-east-1.amazonaws.com/family_datasets/Vehicles_and_Flight_Systems/Bicycle/Natural/bicycle_1.png","https://tactileeval.s3.us-east-1.amazonaws.com/family_datasets/Vehicles_and_Flight_Systems/Bicycle/Tactile/1_refined.png","","Bicycle","https://tactileeval.s3.us-east-1.amazonaws.com/family_datasets/Vehicles_and_Flight_Systems/Bicycle/Natural/bicycle_2.jpg","https://tactileeval.s3.us-east-1.amazonaws.com/family_datasets/Vehicles_and_Flight_Systems/Bicycle/Tactile/2.jpg","","Bicycle","https://tactileeval.s3.us-east-1.amazonaws.com/family_datasets/Vehicles_and_Flight_Systems/Bicycle/Natural/bicycle_3.png","https://tactileeval.s3.us-east-1.amazonaws.com/family_datasets/Vehicles_and_Flight_Systems/Bicycle/Tactile/3.jpg","","Bicycle","https://tactileeval.s3.us-east-1.amazonaws.com/family_datasets/Vehicles_and_Flight_Systems/Bicycle/Natural/bicycle_4.png","https://tactileeval.s3.us-east-1.amazonaws.com/family_datasets/Vehicles_and_Flight_Systems/Bicycle/Tactile/4.jpg","","Bicycle","https://tactileeval.s3.us-east-1.amazonaws.com/family_datasets/Vehicles_and_Flight_Systems/Bicycle/Natural/bicycle_5.png","https://tactileeval.s3.us-east-1.amazonaws.com/family_datasets/Vehicles_and_Flight_Systems/Bicycle/Tactile/5.jpg","","Bicycle","https://tactileeval.s3.us-east-1.amazonaws.com/family_datasets/Vehicles_and_Flight_Systems/Bicycle/Natural/bicycle_6.png","https://tactileeval.s3.us-east-1.amazonaws.com/family_datasets/Vehicles_and_Flight_Systems/Bicycle/Tactile/6.jpg","","Bicycle","https://tactileeval.s3.us-east-1.amazonaws.com/family_datasets/Vehicles_and_Flight_Systems/Bicycle/Natural/bicycle_7.png","https://tactileeval.s3.us-east-1.amazonaws.com/family_datasets/Vehicles_and_Flight_Systems/Bicycle/Tactile/7.png","","Bicycle","https://tactileeval.s3.us-east-1.amazonaws.com/family_datasets/Vehicles_and_Flight_Systems/Bicycle/Natural/bicycle_8.png","https://tactileeval.s3.us-east-1.amazonaws.com/family_datasets/Vehicles_and_Flight_Systems/Bicycle/Tactile/8.jpg","","Bicycle","https://tactileeval.s3.us-east-1.amazonaws.com/family_datasets/Vehicles_and_Flight_Systems/Bicycle/Natural/bicycle_9.jpg","https://tactileeval.s3.us-east-1.amazonaws.com/family_datasets/Vehicles_and_Flight_Systems/Bicycle/Tactile/9.jpg","","Bicycle","https://tactileeval.s3.us-east-1.amazonaws.com/family_datasets/Vehicles_and_Flight_Systems/Bicycle/Natural/bicycle_10.jpg","https://tactileeval.s3.us-east-1.amazonaws.com/family_datasets/Vehicles_and_Flight_Systems/Bicycle/Tactile/10.jpg","","[{""question1"":{""all_correct"":true,""extra_parts"":false,""missing_parts"":false,""wrong_location"":false},""question10"":{""all_correct"":false,""extra_parts"":true,""missing_parts"":false,""wrong_location"":false},""question2"":{""all_correct"":false,""extra_parts"":false,""missing_parts"":true,""wrong_location"":false},""question3"":{""all_correct"":false,""extra_parts"":false,""missing_parts"":true,""wrong_location"":false},""question4"":{""all_correct"":false,""extra_parts"":false,""missing_parts"":true,""wrong_location"":false},""question5"":{""all_correct"":false,""extra_parts"":true,""missing_parts"":false,""wrong_location"":false},""question6"":{""all_correct"":false,""extra_parts"":true,""missing_parts"":false,""wrong_location"":false},""question7"":{""all_correct"":false,""extra_parts"":false,""missing_parts"":true,""wrong_location"":false},""question8"":{""all_correct"":false,""extra_parts"":false,""missing_parts"":true,""wrong_location"":false},""question9"":{""all_correct"":true,""extra_parts"":false,""missing_parts"":false,""wrong_location"":false}}]"
"3R15W654W573J35EZR0566S56G1QLY","3U20ZGNLAG0U51KQK3YR7IVUILJD7F","Judge if an objects line-art has missing elements (10 pairs)","Review 10  line-arts and judge if it has/hasn't missing or extra content. (10 pairs)","tactile, image review, accessibility, vehicles","$0.08","Sat Apr 18 07:37:36 PDT 2026","9","BatchId:5385913;OriginalHitTemplateId:928390873;","1800","1296000","Sat Apr 25 07:37:36 PDT 2026","","","3U4J9857P7PJMWCG2H76GWBYTZT7BP","A2I68SNRG9QUY7","Rejected","Sat Apr 18 10:30:14 PDT 2026","Sat Apr 18 10:59:00 PDT 2026","Sun May 03 10:59:00 PDT 2026","","Sat Apr 18 20:04:18 PDT 2026","Thank you for your time. Unfortunately this submission did not pass the embedded gold-standard checks; this task requires very careful attention to detail.","1726","11% (1/9)","11% (1/9)","11% (1/9)","Bicycle","https://tactileeval.s3.us-east-1.amazonaws.com/family_datasets/Vehicles_and_Flight_Systems/Bicycle/Natural/bicycle_1.png","https://tactileeval.s3.us-east-1.amazonaws.com/family_datasets/Vehicles_and_Flight_Systems/Bicycle/Tactile/1_refined.png","","Bicycle","https://tactileeval.s3.us-east-1.amazonaws.com/family_datasets/Vehicles_and_Flight_Systems/Bicycle/Natural/bicycle_2.jpg","https://tactileeval.s3.us-east-1.amazonaws.com/family_datasets/Vehicles_and_Flight_Systems/Bicycle/Tactile/2.jpg","","Bicycle","https://tactileeval.s3.us-east-1.amazonaws.com/family_datasets/Vehicles_and_Flight_Systems/Bicycle/Natural/bicycle_3.png","https://tactileeval.s3.us-east-1.amazonaws.com/family_datasets/Vehicles_and_Flight_Systems/Bicycle/Tactile/3.jpg","","Bicycle","https://tactileeval.s3.us-east-1.amazonaws.com/family_datasets/Vehicles_and_Flight_Systems/Bicycle/Natural/bicycle_4.png","https://tactileeval.s3.us-east-1.amazonaws.com/family_datasets/Vehicles_and_Flight_Systems/Bicycle/Tactile/4.jpg","","Bicycle","https://tactileeval.s3.us-east-1.amazonaws.com/family_datasets/Vehicles_and_Flight_Systems/Bicycle/Natural/bicycle_5.png","https://tactileeval.s3.us-east-1.amazonaws.com/family_datasets/Vehicles_and_Flight_Systems/Bicycle/Tactile/5.jpg","","Bicycle","https://tactileeval.s3.us-east-1.amazonaws.com/family_datasets/Vehicles_and_Flight_Systems/Bicycle/Natural/bicycle_6.png","https://tactileeval.s3.us-east-1.amazonaws.com/family_datasets/Vehicles_and_Flight_Systems/Bicycle/Tactile/6.jpg","","Bicycle","https://tactileeval.s3.us-east-1.amazonaws.com/family_datasets/Vehicles_and_Flight_Systems/Bicycle/Natural/bicycle_7.png","https://tactileeval.s3.us-east-1.amazonaws.com/family_datasets/Vehicles_and_Flight_Systems/Bicycle/Tactile/7.png","","Bicycle","https://tactileeval.s3.us-east-1.amazonaws.com/family_datasets/Vehicles_and_Flight_Systems/Bicycle/Natural/bicycle_8.png","https://tactileeval.s3.us-east-1.amazonaws.com/family_datasets/Vehicles_and_Flight_Systems/Bicycle/Tactile/8.jpg","","Bicycle","https://tactileeval.s3.us-east-1.amazonaws.com/family_datasets/Vehicles_and_Flight_Systems/Bicycle/Natural/bicycle_9.jpg","https://tactileeval.s3.us-east-1.amazonaws.com/family_datasets/Vehicles_and_Flight_Systems/Bicycle/Tactile/9.jpg","","Bicycle","https://tactileeval.s3.us-east-1.amazonaws.com/family_datasets/Vehicles_and_Flight_Systems/Bicycle/Natural/bicycle_10.jpg","https://tactileeval.s3.us-east-1.amazonaws.com/family_datasets/Vehicles_and_Flight_Systems/Bicycle/Tactile/10.jpg","","[{""question1"":{""all_correct"":false,""extra_parts"":false,""missing_parts"":true,""wrong_location"":false},""question10"":{""all_correct"":false,""extra_parts"":false,""missing_parts"":true,""wrong_location"":false},""question2"":{""all_correct"":false,""extra_parts"":false,""missing_parts"":true,""wrong_location"":false},""question3"":{""all_correct"":true,""extra_parts"":false,""missing_parts"":false,""wrong_location"":false},""question4"":{""all_correct"":false,""extra_parts"":false,""missing_parts"":true,""wrong_location"":false},""question5"":{""all_correct"":false,""extra_parts"":false,""missing_parts"":true,""wrong_location"":false},""question6"":{""all_correct"":true,""extra_parts"":false,""missing_parts"":false,""wrong_location"":false},""question7"":{""all_correct"":false,""extra_parts"":false,""missing_parts"":true,""wrong_location"":false},""question8"":{""all_correct"":false,""extra_parts"":false,""missing_parts"":true,""wrong_location"":false},""question9"":{""all_correct"":false,""extra_parts"":false,""missing_parts"":true,""wrong_location"":false}}]"
"3R15W654W573J35EZR0566S56G1QLY","3U20ZGNLAG0U51KQK3YR7IVUILJD7F","Judge if an objects line-art has missing elements (10 pairs)","Review 10  line-arts and judge if it has/hasn't missing or extra content. (10 pairs)","tactile, image review, accessibility, vehicles","$0.08","Sat Apr 18 07:37:36 PDT 2026","9","BatchId:5385913;OriginalHitTemplateId:928390873;","1800","1296000","Sat Apr 25 07:37:36 PDT 2026","","","339ANSOTSYGH4JX6RLOW6OKXU9GKIK","A10E5WEL6AI08W","Rejected","Sat Apr 18 11:01:50 PDT 2026","Sat Apr 18 11:05:25 PDT 2026","Sun May 03 11:05:25 PDT 2026","","Sat Apr 18 20:04:18 PDT 2026","Thank you for your time. Unfortunately this submission did not pass the embedded gold-standard checks; this task requires very careful attention to detail.","215","0% (0/3)","0% (0/3)","0% (0/3)","Bicycle","https://tactileeval.s3.us-east-1.amazonaws.com/family_datasets/Vehicles_and_Flight_Systems/Bicycle/Natural/bicycle_1.png","https://tactileeval.s3.us-east-1.amazonaws.com/family_datasets/Vehicles_and_Flight_Systems/Bicycle/Tactile/1_refined.png","","Bicycle","https://tactileeval.s3.us-east-1.amazonaws.com/family_datasets/Vehicles_and_Flight_Systems/Bicycle/Natural/bicycle_2.jpg","https://tactileeval.s3.us-east-1.amazonaws.com/family_datasets/Vehicles_and_Flight_Systems/Bicycle/Tactile/2.jpg","","Bicycle","https://tactileeval.s3.us-east-1.amazonaws.com/family_datasets/Vehicles_and_Flight_Systems/Bicycle/Natural/bicycle_3.png","https://tactileeval.s3.us-east-1.amazonaws.com/family_datasets/Vehicles_and_Flight_Systems/Bicycle/Tactile/3.jpg","","Bicycle","https://tactileeval.s3.us-east-1.amazonaws.com/family_datasets/Vehicles_and_Flight_Systems/Bicycle/Natural/bicycle_4.png","https://tactileeval.s3.us-east-1.amazonaws.com/family_datasets/Vehicles_and_Flight_Systems/Bicycle/Tactile/4.jpg","","Bicycle","https://tactileeval.s3.us-east-1.amazonaws.com/family_datasets/Vehicles_and_Flight_Systems/Bicycle/Natural/bicycle_5.png","https://tactileeval.s3.us-east-1.amazonaws.com/family_datasets/Vehicles_and_Flight_Systems/Bicycle/Tactile/5.jpg","","Bicycle","https://tactileeval.s3.us-east-1.amazonaws.com/family_datasets/Vehicles_and_Flight_Systems/Bicycle/Natural/bicycle_6.png","https://tactileeval.s3.us-east-1.amazonaws.com/family_datasets/Vehicles_and_Flight_Systems/Bicycle/Tactile/6.jpg","","Bicycle","https://tactileeval.s3.us-east-1.amazonaws.com/family_datasets/Vehicles_and_Flight_Systems/Bicycle/Natural/bicycle_7.png","https://tactileeval.s3.us-east-1.amazonaws.com/family_datasets/Vehicles_and_Flight_Systems/Bicycle/Tactile/7.png","","Bicycle","https://tactileeval.s3.us-east-1.amazonaws.com/family_datasets/Vehicles_and_Flight_Systems/Bicycle/Natural/bicycle_8.png","https://tactileeval.s3.us-east-1.amazonaws.com/family_datasets/Vehicles_and_Flight_Systems/Bicycle/Tactile/8.jpg","","Bicycle","https://tactileeval.s3.us-east-1.amazonaws.com/family_datasets/Vehicles_and_Flight_Systems/Bicycle/Natural/bicycle_9.jpg","https://tactileeval.s3.us-east-1.amazonaws.com/family_datasets/Vehicles_and_Flight_Systems/Bicycle/Tactile/9.jpg","","Bicycle","https://tactileeval.s3.us-east-1.amazonaws.com/family_datasets/Vehicles_and_Flight_Systems/Bicycle/Natural/bicycle_10.jpg","https://tactileeval.s3.us-east-1.amazonaws.com/family_datasets/Vehicles_and_Flight_Systems/Bicycle/Tactile/10.jpg","","[{""question1"":{""all_correct"":false,""extra_parts"":false,""missing_parts"":true,""wrong_location"":false},""question10"":{""all_correct"":false,""extra_parts"":false,""missing_parts"":true,""wrong_location"":false},""question2"":{""all_correct"":false,""extra_parts"":false,""missing_parts"":false,""wrong_location"":true},""question3"":{""all_correct"":false,""extra_parts"":false,""missing_parts"":false,""wrong_location"":true},""question4"":{""all_correct"":false,""extra_parts"":false,""missing_parts"":true,""wrong_location"":false},""question5"":{""all_correct"":false,""extra_parts"":false,""missing_parts"":false,""wrong_location"":true},""question6"":{""all_correct"":true,""extra_parts"":false,""missing_parts"":false,""wrong_location"":false},""question7"":{""all_correct"":false,""extra_parts"":false,""missing_parts"":true,""wrong_location"":false},""question8"":{""all_correct"":false,""extra_parts"":false,""missing_parts"":false,""wrong_location"":true},""question9"":{""all_correct"":false,""extra_parts"":true,""missing_parts"":false,""wrong_location"":false}}]"
"3R15W654W573J35EZR0566S56G1QLY","3U20ZGNLAG0U51KQK3YR7IVUILJD7F","Judge if an objects line-art has missing elements (10 pairs)","Review 10  line-arts and judge if it has/hasn't missing or extra content. (10 pairs)","tactile, image review, accessibility, vehicles","$0.08","Sat Apr 18 07:37:36 PDT 2026","9","BatchId:5385913;OriginalHitTemplateId:928390873;","1800","1296000","Sat Apr 25 07:37:36 PDT 2026","","","31QTRG6Q3MR45A9R8VF7OT0KE3LYP8","A7D1G6VBRTJMJ","Rejected","Sat Apr 18 20:43:11 PDT 2026","Sat Apr 18 20:47:51 PDT 2026","Sun May 03 20:47:51 PDT 2026","","Sun Apr 19 07:44:30 PDT 2026","Thank you for your time. Unfortunately this submission did not pass the embedded gold-standard checks; this task requires very careful attention to detail.","280","46% (11/24)","46% (11/24)","46% (11/24)","Bicycle","https://tactileeval.s3.us-east-1.amazonaws.com/family_datasets/Vehicles_and_Flight_Systems/Bicycle/Natural/bicycle_1.png","https://tactileeval.s3.us-east-1.amazonaws.com/family_datasets/Vehicles_and_Flight_Systems/Bicycle/Tactile/1_refined.png","","Bicycle","https://tactileeval.s3.us-east-1.amazonaws.com/family_datasets/Vehicles_and_Flight_Systems/Bicycle/Natural/bicycle_2.jpg","https://tactileeval.s3.us-east-1.amazonaws.com/family_datasets/Vehicles_and_Flight_Systems/Bicycle/Tactile/2.jpg","","Bicycle","https://tactileeval.s3.us-east-1.amazonaws.com/family_datasets/Vehicles_and_Flight_Systems/Bicycle/Natural/bicycle_3.png","https://tactileeval.s3.us-east-1.amazonaws.com/family_datasets/Vehicles_and_Flight_Systems/Bicycle/Tactile/3.jpg","","Bicycle","https://tactileeval.s3.us-east-1.amazonaws.com/family_datasets/Vehicles_and_Flight_Systems/Bicycle/Natural/bicycle_4.png","https://tactileeval.s3.us-east-1.amazonaws.com/family_datasets/Vehicles_and_Flight_Systems/Bicycle/Tactile/4.jpg","","Bicycle","https://tactileeval.s3.us-east-1.amazonaws.com/family_datasets/Vehicles_and_Flight_Systems/Bicycle/Natural/bicycle_5.png","https://tactileeval.s3.us-east-1.amazonaws.com/family_datasets/Vehicles_and_Flight_Systems/Bicycle/Tactile/5.jpg","","Bicycle","https://tactileeval.s3.us-east-1.amazonaws.com/family_datasets/Vehicles_and_Flight_Systems/Bicycle/Natural/bicycle_6.png","https://tactileeval.s3.us-east-1.amazonaws.com/family_datasets/Vehicles_and_Flight_Systems/Bicycle/Tactile/6.jpg","","Bicycle","https://tactileeval.s3.us-east-1.amazonaws.com/family_datasets/Vehicles_and_Flight_Systems/Bicycle/Natural/bicycle_7.png","https://tactileeval.s3.us-east-1.amazonaws.com/family_datasets/Vehicles_and_Flight_Systems/Bicycle/Tactile/7.png","","Bicycle","https://tactileeval.s3.us-east-1.amazonaws.com/family_datasets/Vehicles_and_Flight_Systems/Bicycle/Natural/bicycle_8.png","https://tactileeval.s3.us-east-1.amazonaws.com/family_datasets/Vehicles_and_Flight_Systems/Bicycle/Tactile/8.jpg","","Bicycle","https://tactileeval.s3.us-east-1.amazonaws.com/family_datasets/Vehicles_and_Flight_Systems/Bicycle/Natural/bicycle_9.jpg","https://tactileeval.s3.us-east-1.amazonaws.com/family_datasets/Vehicles_and_Flight_Systems/Bicycle/Tactile/9.jpg","","Bicycle","https://tactileeval.s3.us-east-1.amazonaws.com/family_datasets/Vehicles_and_Flight_Systems/Bicycle/Natural/bicycle_10.jpg","https://tactileeval.s3.us-east-1.amazonaws.com/family_datasets/Vehicles_and_Flight_Systems/Bicycle/Tactile/10.jpg","","[{""question1"":{""all_correct"":false,""extra_parts"":false,""missing_parts"":true,""wrong_location"":false},""question10"":{""all_correct"":false,""extra_parts"":false,""missing_parts"":true,""wrong_location"":false},""question2"":{""all_correct"":false,""extra_parts"":true,""missing_parts"":false,""wrong_location"":false},""question3"":{""all_correct"":false,""extra_parts"":false,""missing_parts"":true,""wrong_location"":false},""question4"":{""all_correct"":false,""extra_parts"":true,""missing_parts"":false,""wrong_location"":false},""question5"":{""all_correct"":false,""extra_parts"":true,""missing_parts"":false,""wrong_location"":false},""question6"":{""all_correct"":true,""extra_parts"":false,""missing_parts"":false,""wrong_location"":false},""question7"":{""all_correct"":true,""extra_parts"":false,""missing_parts"":false,""wrong_location"":false},""question8"":{""all_correct"":false,""extra_parts"":true,""missing_parts"":false,""wrong_location"":false},""question9"":{""all_correct"":true,""extra_parts"":false,""missing_parts"":false,""wrong_location"":false}}]"
"3R15W654W573J35EZR0566S56G1QLY","3U20ZGNLAG0U51KQK3YR7IVUILJD7F","Judge if an objects line-art has missing elements (10 pairs)","Review 10  line-arts and judge if it has/hasn't missing or extra content. (10 pairs)","tactile, image review, accessibility, vehicles","$0.08","Sat Apr 18 07:37:36 PDT 2026","9","BatchId:5385913;OriginalHitTemplateId:928390873;","1800","1296000","Sat Apr 25 07:37:36 PDT 2026","","","39K0FND3BATXOPEB099Z43OI677AME","A2NZLZLLAZYXJX","Approved","Sat Apr 18 20:35:57 PDT 2026","Sat Apr 18 21:02:23 PDT 2026","Sun May 03 21:02:23 PDT 2026","Sun Apr 19 07:44:30 PDT 2026","","","1586","68% (40/59)","68% (40/59)","68% (40/59)","Bicycle","https://tactileeval.s3.us-east-1.amazonaws.com/family_datasets/Vehicles_and_Flight_Systems/Bicycle/Natural/bicycle_1.png","https://tactileeval.s3.us-east-1.amazonaws.com/family_datasets/Vehicles_and_Flight_Systems/Bicycle/Tactile/1_refined.png","","Bicycle","https://tactileeval.s3.us-east-1.amazonaws.com/family_datasets/Vehicles_and_Flight_Systems/Bicycle/Natural/bicycle_2.jpg","https://tactileeval.s3.us-east-1.amazonaws.com/family_datasets/Vehicles_and_Flight_Systems/Bicycle/Tactile/2.jpg","","Bicycle","https://tactileeval.s3.us-east-1.amazonaws.com/family_datasets/Vehicles_and_Flight_Systems/Bicycle/Natural/bicycle_3.png","https://tactileeval.s3.us-east-1.amazonaws.com/family_datasets/Vehicles_and_Flight_Systems/Bicycle/Tactile/3.jpg","","Bicycle","https://tactileeval.s3.us-east-1.amazonaws.com/family_datasets/Vehicles_and_Flight_Systems/Bicycle/Natural/bicycle_4.png","https://tactileeval.s3.us-east-1.amazonaws.com/family_datasets/Vehicles_and_Flight_Systems/Bicycle/Tactile/4.jpg","","Bicycle","https://tactileeval.s3.us-east-1.amazonaws.com/family_datasets/Vehicles_and_Flight_Systems/Bicycle/Natural/bicycle_5.png","https://tactileeval.s3.us-east-1.amazonaws.com/family_datasets/Vehicles_and_Flight_Systems/Bicycle/Tactile/5.jpg","","Bicycle","https://tactileeval.s3.us-east-1.amazonaws.com/family_datasets/Vehicles_and_Flight_Systems/Bicycle/Natural/bicycle_6.png","https://tactileeval.s3.us-east-1.amazonaws.com/family_datasets/Vehicles_and_Flight_Systems/Bicycle/Tactile/6.jpg","","Bicycle","https://tactileeval.s3.us-east-1.amazonaws.com/family_datasets/Vehicles_and_Flight_Systems/Bicycle/Natural/bicycle_7.png","https://tactileeval.s3.us-east-1.amazonaws.com/family_datasets/Vehicles_and_Flight_Systems/Bicycle/Tactile/7.png","","Bicycle","https://tactileeval.s3.us-east-1.amazonaws.com/family_datasets/Vehicles_and_Flight_Systems/Bicycle/Natural/bicycle_8.png","https://tactileeval.s3.us-east-1.amazonaws.com/family_datasets/Vehicles_and_Flight_Systems/Bicycle/Tactile/8.jpg","","Bicycle","https://tactileeval.s3.us-east-1.amazonaws.com/family_datasets/Vehicles_and_Flight_Systems/Bicycle/Natural/bicycle_9.jpg","https://tactileeval.s3.us-east-1.amazonaws.com/family_datasets/Vehicles_and_Flight_Systems/Bicycle/Tactile/9.jpg","","Bicycle","https://tactileeval.s3.us-east-1.amazonaws.com/family_datasets/Vehicles_and_Flight_Systems/Bicycle/Natural/bicycle_10.jpg","https://tactileeval.s3.us-east-1.amazonaws.com/family_datasets/Vehicles_and_Flight_Systems/Bicycle/Tactile/10.jpg","","[{""question1"":{""all_correct"":true,""extra_parts"":false,""missing_parts"":false,""wrong_location"":false},""question10"":{""all_correct"":false,""extra_parts"":true,""missing_parts"":true,""wrong_location"":false},""question2"":{""all_correct"":false,""extra_parts"":false,""missing_parts"":true,""wrong_location"":false},""question3"":{""all_correct"":false,""extra_parts"":true,""missing_parts"":true,""wrong_location"":false},""question4"":{""all_correct"":false,""extra_parts"":true,""missing_parts"":true,""wrong_location"":false},""question5"":{""all_correct"":false,""extra_parts"":true,""missing_parts"":true,""wrong_location"":false},""question6"":{""all_correct"":false,""extra_parts"":true,""missing_parts"":true,""wrong_location"":false},""question7"":{""all_correct"":false,""extra_parts"":true,""missing_parts"":true,""wrong_location"":false},""question8"":{""all_correct"":false,""extra_parts"":true,""missing_parts"":true,""wrong_location"":false},""question9"":{""all_correct"":false,""extra_parts"":true,""missing_parts"":true,""wrong_location"":false}}]"
"3U74KRR68EZ6ZJ0RS8AFO37HVI0NTB","3U20ZGNLAG0U51KQK3YR7IVUILJD7F","Judge if an objects line-art has missing elements (10 pairs)","Review 10  line-arts and judge if it has/hasn't missing or extra content. (10 pairs)","tactile, image review, accessibility, vehicles","$0.08","Sat Apr 18 07:37:36 PDT 2026","9","BatchId:5385913;OriginalHitTemplateId:928390873;","1800","1296000","Sat Apr 25 07:37:36 PDT 2026","","","3DHE4R9ODPP8RCNLCRIPLGLNYWN2G9","A2JKGAWYEHJ18S","Approved","Sat Apr 18 09:14:53 PDT 2026","Sat Apr 18 09:26:07 PDT 2026","Sun May 03 09:26:07 PDT 2026","Sat Apr 18 20:04:18 PDT 2026","","","674","15% (3/20)","15% (3/20)","15% (3/20)","Bicycle","https://tactileeval.s3.us-east-1.amazonaws.com/family_datasets/Vehicles_and_Flight_Systems/Bicycle/Natural/bicycle_11.png","https://tactileeval.s3.us-east-1.amazonaws.com/family_datasets/Vehicles_and_Flight_Systems/Bicycle/Tactile/11.jpg","","Boat","https://tactileeval.s3.us-east-1.amazonaws.com/family_datasets/Vehicles_and_Flight_Systems/Boat/Natural/1_boat.png","https://tactileeval.s3.us-east-1.amazonaws.com/family_datasets/Vehicles_and_Flight_Systems/Boat/Tactile/1.jpg","","Boat","https://tactileeval.s3.us-east-1.amazonaws.com/family_datasets/Vehicles_and_Flight_Systems/Boat/Natural/2_boat.png","https://tactileeval.s3.us-east-1.amazonaws.com/family_datasets/Vehicles_and_Flight_Systems/Boat/Tactile/2.jpg","","Boat","https://tactileeval.s3.us-east-1.amazonaws.com/family_datasets/Vehicles_and_Flight_Systems/Boat/Natural/4_boat.png","https://tactileeval.s3.us-east-1.amazonaws.com/family_datasets/Vehicles_and_Flight_Systems/Boat/Tactile/4.jpg","","Boat","https://tactileeval.s3.us-east-1.amazonaws.com/family_datasets/Vehicles_and_Flight_Systems/Boat/Natural/5_boat.png","https://tactileeval.s3.us-east-1.amazonaws.com/family_datasets/Vehicles_and_Flight_Systems/Boat/Tactile/5.jpg","","Boat","https://tactileeval.s3.us-east-1.amazonaws.com/family_datasets/Vehicles_and_Flight_Systems/Boat/Natural/6_boat.png","https://tactileeval.s3.us-east-1.amazonaws.com/family_datasets/Vehicles_and_Flight_Systems/Boat/Tactile/6.png","","Boat","https://tactileeval.s3.us-east-1.amazonaws.com/family_datasets/Vehicles_and_Flight_Systems/Boat/Natural/7_boat.png","https://tactileeval.s3.us-east-1.amazonaws.com/family_datasets/Vehicles_and_Flight_Systems/Boat/Tactile/7.jpg","","Boat","https://tactileeval.s3.us-east-1.amazonaws.com/family_datasets/Vehicles_and_Flight_Systems/Boat/Natural/8_boat.png","https://tactileeval.s3.us-east-1.amazonaws.com/family_datasets/Vehicles_and_Flight_Systems/Boat/Tactile/8.jpg","","Boat","https://tactileeval.s3.us-east-1.amazonaws.com/family_datasets/Vehicles_and_Flight_Systems/Boat/Natural/9_boat.png","https://tactileeval.s3.us-east-1.amazonaws.com/family_datasets/Vehicles_and_Flight_Systems/Boat/Tactile/9.jpg","","Boat","https://tactileeval.s3.us-east-1.amazonaws.com/family_datasets/Vehicles_and_Flight_Systems/Boat/Natural/10_boat.png","https://tactileeval.s3.us-east-1.amazonaws.com/family_datasets/Vehicles_and_Flight_Systems/Boat/Tactile/10.jpg","","[{""question1"":{""all_correct"":false,""extra_parts"":true,""missing_parts"":false,""wrong_location"":false},""question10"":{""all_correct"":false,""extra_parts"":false,""missing_parts"":true,""wrong_location"":false},""question2"":{""all_correct"":false,""extra_parts"":false,""missing_parts"":false,""wrong_location"":true},""question3"":{""all_correct"":false,""extra_parts"":false,""missing_parts"":false,""wrong_location"":true},""question4"":{""all_correct"":false,""extra_parts"":false,""missing_parts"":false,""wrong_location"":true},""question5"":{""all_correct"":false,""extra_parts"":true,""missing_parts"":false,""wrong_location"":false},""question6"":{""all_correct"":false,""extra_parts"":false,""missing_parts"":false,""wrong_location"":true},""question7"":{""all_correct"":false,""extra_parts"":false,""missing_parts"":false,""wrong_location"":true},""question8"":{""all_correct"":false,""extra_parts"":true,""missing_parts"":false,""wrong_location"":false},""question9"":{""all_correct"":false,""extra_parts"":false,""missing_parts"":false,""wrong_location"":true}}]"
"3U74KRR68EZ6ZJ0RS8AFO37HVI0NTB","3U20ZGNLAG0U51KQK3YR7IVUILJD7F","Judge if an objects line-art has missing elements (10 pairs)","Review 10  line-arts and judge if it has/hasn't missing or extra content. (10 pairs)","tactile, image review, accessibility, vehicles","$0.08","Sat Apr 18 07:37:36 PDT 2026","9","BatchId:5385913;OriginalHitTemplateId:928390873;","1800","1296000","Sat Apr 25 07:37:36 PDT 2026","","","3WT783CTQ4VPYD7CTYFHWI3CUAKBCM","A11RQ0K5GQ3NJG","Rejected","Sat Apr 18 10:29:48 PDT 2026","Sat Apr 18 10:31:55 PDT 2026","Sun May 03 10:31:55 PDT 2026","","Sat Apr 18 20:04:18 PDT 2026","Thank you for your time. Unfortunately this submission did not pass the embedded gold-standard checks; this task requires very careful attention to detail.","127","39% (12/31)","39% (12/31)","39% (12/31)","Bicycle","https://tactileeval.s3.us-east-1.amazonaws.com/family_datasets/Vehicles_and_Flight_Systems/Bicycle/Natural/bicycle_11.png","https://tactileeval.s3.us-east-1.amazonaws.com/family_datasets/Vehicles_and_Flight_Systems/Bicycle/Tactile/11.jpg","","Boat","https://tactileeval.s3.us-east-1.amazonaws.com/family_datasets/Vehicles_and_Flight_Systems/Boat/Natural/1_boat.png","https://tactileeval.s3.us-east-1.amazonaws.com/family_datasets/Vehicles_and_Flight_Systems/Boat/Tactile/1.jpg","","Boat","https://tactileeval.s3.us-east-1.amazonaws.com/family_datasets/Vehicles_and_Flight_Systems/Boat/Natural/2_boat.png","https://tactileeval.s3.us-east-1.amazonaws.com/family_datasets/Vehicles_and_Flight_Systems/Boat/Tactile/2.jpg","","Boat","https://tactileeval.s3.us-east-1.amazonaws.com/family_datasets/Vehicles_and_Flight_Systems/Boat/Natural/4_boat.png","https://tactileeval.s3.us-east-1.amazonaws.com/family_datasets/Vehicles_and_Flight_Systems/Boat/Tactile/4.jpg","","Boat","https://tactileeval.s3.us-east-1.amazonaws.com/family_datasets/Vehicles_and_Flight_Systems/Boat/Natural/5_boat.png","https://tactileeval.s3.us-east-1.amazonaws.com/family_datasets/Vehicles_and_Flight_Systems/Boat/Tactile/5.jpg","","Boat","https://tactileeval.s3.us-east-1.amazonaws.com/family_datasets/Vehicles_and_Flight_Systems/Boat/Natural/6_boat.png","https://tactileeval.s3.us-east-1.amazonaws.com/family_datasets/Vehicles_and_Flight_Systems/Boat/Tactile/6.png","","Boat","https://tactileeval.s3.us-east-1.amazonaws.com/family_datasets/Vehicles_and_Flight_Systems/Boat/Natural/7_boat.png","https://tactileeval.s3.us-east-1.amazonaws.com/family_datasets/Vehicles_and_Flight_Systems/Boat/Tactile/7.jpg","","Boat","https://tactileeval.s3.us-east-1.amazonaws.com/family_datasets/Vehicles_and_Flight_Systems/Boat/Natural/8_boat.png","https://tactileeval.s3.us-east-1.amazonaws.com/family_datasets/Vehicles_and_Flight_Systems/Boat/Tactile/8.jpg","","Boat","https://tactileeval.s3.us-east-1.amazonaws.com/family_datasets/Vehicles_and_Flight_Systems/Boat/Natural/9_boat.png","https://tactileeval.s3.us-east-1.amazonaws.com/family_datasets/Vehicles_and_Flight_Systems/Boat/Tactile/9.jpg","","Boat","https://tactileeval.s3.us-east-1.amazonaws.com/family_datasets/Vehicles_and_Flight_Systems/Boat/Natural/10_boat.png","https://tactileeval.s3.us-east-1.amazonaws.com/family_datasets/Vehicles_and_Flight_Systems/Boat/Tactile/10.jpg","","[{""question1"":{""all_correct"":true,""extra_parts"":false,""missing_parts"":false,""wrong_location"":false},""question10"":{""all_correct"":true,""extra_parts"":false,""missing_parts"":false,""wrong_location"":false},""question2"":{""all_correct"":true,""extra_parts"":false,""missing_parts"":false,""wrong_location"":false},""question3"":{""all_correct"":true,""extra_parts"":false,""missing_parts"":false,""wrong_location"":false},""question4"":{""all_correct"":false,""extra_parts"":true,""missing_parts"":false,""wrong_location"":false},""question5"":{""all_correct"":false,""extra_parts"":true,""missing_parts"":false,""wrong_location"":false},""question6"":{""all_correct"":false,""extra_parts"":true,""missing_parts"":false,""wrong_location"":false},""question7"":{""all_correct"":false,""extra_parts"":true,""missing_parts"":false,""wrong_location"":false},""question8"":{""all_correct"":false,""extra_parts"":true,""missing_parts"":false,""wrong_location"":false},""question9"":{""all_correct"":false,""extra_parts"":true,""missing_parts"":false,""wrong_location"":false}}]"
"3U74KRR68EZ6ZJ0RS8AFO37HVI0NTB","3U20ZGNLAG0U51KQK3YR7IVUILJD7F","Judge if an objects line-art has missing elements (10 pairs)","Review 10  line-arts and judge if it has/hasn't missing or extra content. (10 pairs)","tactile, image review, accessibility, vehicles","$0.08","Sat Apr 18 07:37:36 PDT 2026","9","BatchId:5385913;OriginalHitTemplateId:928390873;","1800","1296000","Sat Apr 25 07:37:36 PDT 2026","","","3BXQMRHWLSCH3YS96EQQ440CD9UMUV","A2NZLZLLAZYXJX","Rejected","Sat Apr 18 10:24:53 PDT 2026","Sat Apr 18 10:42:48 PDT 2026","Sun May 03 10:42:48 PDT 2026","","Sat Apr 18 20:04:18 PDT 2026","Thank you for your time. Unfortunately this submission did not pass the embedded gold-standard checks; this task requires very careful attention to detail.","1075","68% (40/59)","68% (40/59)","68% (40/59)","Bicycle","https://tactileeval.s3.us-east-1.amazonaws.com/family_datasets/Vehicles_and_Flight_Systems/Bicycle/Natural/bicycle_11.png","https://tactileeval.s3.us-east-1.amazonaws.com/family_datasets/Vehicles_and_Flight_Systems/Bicycle/Tactile/11.jpg","","Boat","https://tactileeval.s3.us-east-1.amazonaws.com/family_datasets/Vehicles_and_Flight_Systems/Boat/Natural/1_boat.png","https://tactileeval.s3.us-east-1.amazonaws.com/family_datasets/Vehicles_and_Flight_Systems/Boat/Tactile/1.jpg","","Boat","https://tactileeval.s3.us-east-1.amazonaws.com/family_datasets/Vehicles_and_Flight_Systems/Boat/Natural/2_boat.png","https://tactileeval.s3.us-east-1.amazonaws.com/family_datasets/Vehicles_and_Flight_Systems/Boat/Tactile/2.jpg","","Boat","https://tactileeval.s3.us-east-1.amazonaws.com/family_datasets/Vehicles_and_Flight_Systems/Boat/Natural/4_boat.png","https://tactileeval.s3.us-east-1.amazonaws.com/family_datasets/Vehicles_and_Flight_Systems/Boat/Tactile/4.jpg","","Boat","https://tactileeval.s3.us-east-1.amazonaws.com/family_datasets/Vehicles_and_Flight_Systems/Boat/Natural/5_boat.png","https://tactileeval.s3.us-east-1.amazonaws.com/family_datasets/Vehicles_and_Flight_Systems/Boat/Tactile/5.jpg","","Boat","https://tactileeval.s3.us-east-1.amazonaws.com/family_datasets/Vehicles_and_Flight_Systems/Boat/Natural/6_boat.png","https://tactileeval.s3.us-east-1.amazonaws.com/family_datasets/Vehicles_and_Flight_Systems/Boat/Tactile/6.png","","Boat","https://tactileeval.s3.us-east-1.amazonaws.com/family_datasets/Vehicles_and_Flight_Systems/Boat/Natural/7_boat.png","https://tactileeval.s3.us-east-1.amazonaws.com/family_datasets/Vehicles_and_Flight_Systems/Boat/Tactile/7.jpg","","Boat","https://tactileeval.s3.us-east-1.amazonaws.com/family_datasets/Vehicles_and_Flight_Systems/Boat/Natural/8_boat.png","https://tactileeval.s3.us-east-1.amazonaws.com/family_datasets/Vehicles_and_Flight_Systems/Boat/Tactile/8.jpg","","Boat","https://tactileeval.s3.us-east-1.amazonaws.com/family_datasets/Vehicles_and_Flight_Systems/Boat/Natural/9_boat.png","https://tactileeval.s3.us-east-1.amazonaws.com/family_datasets/Vehicles_and_Flight_Systems/Boat/Tactile/9.jpg","","Boat","https://tactileeval.s3.us-east-1.amazonaws.com/family_datasets/Vehicles_and_Flight_Systems/Boat/Natural/10_boat.png","https://tactileeval.s3.us-east-1.amazonaws.com/family_datasets/Vehicles_and_Flight_Systems/Boat/Tactile/10.jpg","","[{""question1"":{""all_correct"":true,""extra_parts"":false,""missing_parts"":false,""wrong_location"":false},""question10"":{""all_correct"":false,""extra_parts"":true,""missing_parts"":false,""wrong_location"":false},""question2"":{""all_correct"":false,""extra_parts"":true,""missing_parts"":false,""wrong_location"":false},""question3"":{""all_correct"":false,""extra_parts"":true,""missing_parts"":false,""wrong_location"":false},""question4"":{""all_correct"":true,""extra_parts"":false,""missing_parts"":false,""wrong_location"":false},""question5"":{""all_correct"":false,""extra_parts"":false,""missing_parts"":true,""wrong_location"":false},""question6"":{""all_correct"":true,""extra_parts"":false,""missing_parts"":false,""wrong_location"":false},""question7"":{""all_correct"":true,""extra_parts"":false,""missing_parts"":false,""wrong_location"":false},""question8"":{""all_correct"":false,""extra_parts"":false,""missing_parts"":true,""wrong_location"":false},""question9"":{""all_correct"":false,""extra_parts"":true,""missing_parts"":false,""wrong_location"":false}}]"
"3U74KRR68EZ6ZJ0RS8AFO37HVI0NTB","3U20ZGNLAG0U51KQK3YR7IVUILJD7F","Judge if an objects line-art has missing elements (10 pairs)","Review 10  line-arts and judge if it has/hasn't missing or extra content. (10 pairs)","tactile, image review, accessibility, vehicles","$0.08","Sat Apr 18 07:37:36 PDT 2026","9","BatchId:5385913;OriginalHitTemplateId:928390873;","1800","1296000","Sat Apr 25 07:37:36 PDT 2026","","","3YDTZAI2XQULQBC5YMGA78EFGLC41J","ASBG43I93VS4A","Rejected","Sat Apr 18 10:30:04 PDT 2026","Sat Apr 18 10:43:36 PDT 2026","Sun May 03 10:43:36 PDT 2026","","Sat Apr 18 20:04:18 PDT 2026","Thank you for your time. Unfortunately this submission did not pass the embedded gold-standard checks; this task requires very careful attention to detail.","812","27% (8/30)","27% (8/30)","27% (8/30)","Bicycle","https://tactileeval.s3.us-east-1.amazonaws.com/family_datasets/Vehicles_and_Flight_Systems/Bicycle/Natural/bicycle_11.png","https://tactileeval.s3.us-east-1.amazonaws.com/family_datasets/Vehicles_and_Flight_Systems/Bicycle/Tactile/11.jpg","","Boat","https://tactileeval.s3.us-east-1.amazonaws.com/family_datasets/Vehicles_and_Flight_Systems/Boat/Natural/1_boat.png","https://tactileeval.s3.us-east-1.amazonaws.com/family_datasets/Vehicles_and_Flight_Systems/Boat/Tactile/1.jpg","","Boat","https://tactileeval.s3.us-east-1.amazonaws.com/family_datasets/Vehicles_and_Flight_Systems/Boat/Natural/2_boat.png","https://tactileeval.s3.us-east-1.amazonaws.com/family_datasets/Vehicles_and_Flight_Systems/Boat/Tactile/2.jpg","","Boat","https://tactileeval.s3.us-east-1.amazonaws.com/family_datasets/Vehicles_and_Flight_Systems/Boat/Natural/4_boat.png","https://tactileeval.s3.us-east-1.amazonaws.com/family_datasets/Vehicles_and_Flight_Systems/Boat/Tactile/4.jpg","","Boat","https://tactileeval.s3.us-east-1.amazonaws.com/family_datasets/Vehicles_and_Flight_Systems/Boat/Natural/5_boat.png","https://tactileeval.s3.us-east-1.amazonaws.com/family_datasets/Vehicles_and_Flight_Systems/Boat/Tactile/5.jpg","","Boat","https://tactileeval.s3.us-east-1.amazonaws.com/family_datasets/Vehicles_and_Flight_Systems/Boat/Natural/6_boat.png","https://tactileeval.s3.us-east-1.amazonaws.com/family_datasets/Vehicles_and_Flight_Systems/Boat/Tactile/6.png","","Boat","https://tactileeval.s3.us-east-1.amazonaws.com/family_datasets/Vehicles_and_Flight_Systems/Boat/Natural/7_boat.png","https://tactileeval.s3.us-east-1.amazonaws.com/family_datasets/Vehicles_and_Flight_Systems/Boat/Tactile/7.jpg","","Boat","https://tactileeval.s3.us-east-1.amazonaws.com/family_datasets/Vehicles_and_Flight_Systems/Boat/Natural/8_boat.png","https://tactileeval.s3.us-east-1.amazonaws.com/family_datasets/Vehicles_and_Flight_Systems/Boat/Tactile/8.jpg","","Boat","https://tactileeval.s3.us-east-1.amazonaws.com/family_datasets/Vehicles_and_Flight_Systems/Boat/Natural/9_boat.png","https://tactileeval.s3.us-east-1.amazonaws.com/family_datasets/Vehicles_and_Flight_Systems/Boat/Tactile/9.jpg","","Boat","https://tactileeval.s3.us-east-1.amazonaws.com/family_datasets/Vehicles_and_Flight_Systems/Boat/Natural/10_boat.png","https://tactileeval.s3.us-east-1.amazonaws.com/family_datasets/Vehicles_and_Flight_Systems/Boat/Tactile/10.jpg","","[{""question1"":{""all_correct"":false,""extra_parts"":true,""missing_parts"":true,""wrong_location"":false},""question10"":{""all_correct"":false,""extra_parts"":true,""missing_parts"":true,""wrong_location"":false},""question2"":{""all_correct"":false,""extra_parts"":true,""missing_parts"":true,""wrong_location"":false},""question3"":{""all_correct"":false,""extra_parts"":true,""missing_parts"":true,""wrong_location"":false},""question4"":{""all_correct"":false,""extra_parts"":true,""missing_parts"":true,""wrong_location"":false},""question5"":{""all_correct"":false,""extra_parts"":true,""missing_parts"":true,""wrong_location"":false},""question6"":{""all_correct"":false,""extra_parts"":true,""missing_parts"":true,""wrong_location"":false},""question7"":{""all_correct"":false,""extra_parts"":true,""missing_parts"":true,""wrong_location"":false},""question8"":{""all_correct"":false,""extra_parts"":true,""missing_parts"":true,""wrong_location"":false},""question9"":{""all_correct"":false,""extra_parts"":true,""missing_parts"":true,""wrong_location"":false}}]"
"3U74KRR68EZ6ZJ0RS8AFO37HVI0NTB","3U20ZGNLAG0U51KQK3YR7IVUILJD7F","Judge if an objects line-art has missing elements (10 pairs)","Review 10  line-arts and judge if it has/hasn't missing or extra content. (10 pairs)","tactile, image review, accessibility, vehicles","$0.08","Sat Apr 18 07:37:36 PDT 2026","9","BatchId:5385913;OriginalHitTemplateId:928390873;","1800","1296000","Sat Apr 25 07:37:36 PDT 2026","","","3JWH6J9IALR8PH43IOOVCTXOTEYBN4","AM6XJQNLFEV4J","Rejected","Sat Apr 18 10:30:08 PDT 2026","Sat Apr 18 10:50:21 PDT 2026","Sun May 03 10:50:21 PDT 2026","","Sat Apr 18 20:04:18 PDT 2026","Thank you for your time. Unfortunately this submission did not pass the embedded gold-standard checks; this task requires very careful attention to detail.","1213","59% (19/32)","59% (19/32)","59% (19/32)","Bicycle","https://tactileeval.s3.us-east-1.amazonaws.com/family_datasets/Vehicles_and_Flight_Systems/Bicycle/Natural/bicycle_11.png","https://tactileeval.s3.us-east-1.amazonaws.com/family_datasets/Vehicles_and_Flight_Systems/Bicycle/Tactile/11.jpg","","Boat","https://tactileeval.s3.us-east-1.amazonaws.com/family_datasets/Vehicles_and_Flight_Systems/Boat/Natural/1_boat.png","https://tactileeval.s3.us-east-1.amazonaws.com/family_datasets/Vehicles_and_Flight_Systems/Boat/Tactile/1.jpg","","Boat","https://tactileeval.s3.us-east-1.amazonaws.com/family_datasets/Vehicles_and_Flight_Systems/Boat/Natural/2_boat.png","https://tactileeval.s3.us-east-1.amazonaws.com/family_datasets/Vehicles_and_Flight_Systems/Boat/Tactile/2.jpg","","Boat","https://tactileeval.s3.us-east-1.amazonaws.com/family_datasets/Vehicles_and_Flight_Systems/Boat/Natural/4_boat.png","https://tactileeval.s3.us-east-1.amazonaws.com/family_datasets/Vehicles_and_Flight_Systems/Boat/Tactile/4.jpg","","Boat","https://tactileeval.s3.us-east-1.amazonaws.com/family_datasets/Vehicles_and_Flight_Systems/Boat/Natural/5_boat.png","https://tactileeval.s3.us-east-1.amazonaws.com/family_datasets/Vehicles_and_Flight_Systems/Boat/Tactile/5.jpg","","Boat","https://tactileeval.s3.us-east-1.amazonaws.com/family_datasets/Vehicles_and_Flight_Systems/Boat/Natural/6_boat.png","https://tactileeval.s3.us-east-1.amazonaws.com/family_datasets/Vehicles_and_Flight_Systems/Boat/Tactile/6.png","","Boat","https://tactileeval.s3.us-east-1.amazonaws.com/family_datasets/Vehicles_and_Flight_Systems/Boat/Natural/7_boat.png","https://tactileeval.s3.us-east-1.amazonaws.com/family_datasets/Vehicles_and_Flight_Systems/Boat/Tactile/7.jpg","","Boat","https://tactileeval.s3.us-east-1.amazonaws.com/family_datasets/Vehicles_and_Flight_Systems/Boat/Natural/8_boat.png","https://tactileeval.s3.us-east-1.amazonaws.com/family_datasets/Vehicles_and_Flight_Systems/Boat/Tactile/8.jpg","","Boat","https://tactileeval.s3.us-east-1.amazonaws.com/family_datasets/Vehicles_and_Flight_Systems/Boat/Natural/9_boat.png","https://tactileeval.s3.us-east-1.amazonaws.com/family_datasets/Vehicles_and_Flight_Systems/Boat/Tactile/9.jpg","","Boat","https://tactileeval.s3.us-east-1.amazonaws.com/family_datasets/Vehicles_and_Flight_Systems/Boat/Natural/10_boat.png","https://tactileeval.s3.us-east-1.amazonaws.com/family_datasets/Vehicles_and_Flight_Systems/Boat/Tactile/10.jpg","","[{""question1"":{""all_correct"":true,""extra_parts"":false,""missing_parts"":false,""wrong_location"":false},""question10"":{""all_correct"":false,""extra_parts"":true,""missing_parts"":true,""wrong_location"":false},""question2"":{""all_correct"":false,""extra_parts"":true,""missing_parts"":true,""wrong_location"":false},""question3"":{""all_correct"":false,""extra_parts"":true,""missing_parts"":true,""wrong_location"":false},""question4"":{""all_correct"":false,""extra_parts"":true,""missing_parts"":true,""wrong_location"":false},""question5"":{""all_correct"":false,""extra_parts"":true,""missing_parts"":true,""wrong_location"":false},""question6"":{""all_correct"":false,""extra_parts"":true,""missing_parts"":true,""wrong_location"":false},""question7"":{""all_correct"":false,""extra_parts"":true,""missing_parts"":true,""wrong_location"":false},""question8"":{""all_correct"":false,""extra_parts"":true,""missing_parts"":true,""wrong_location"":false},""question9"":{""all_correct"":false,""extra_parts"":true,""missing_parts"":true,""wrong_location"":false}}]"
"3U74KRR68EZ6ZJ0RS8AFO37HVI0NTB","3U20ZGNLAG0U51KQK3YR7IVUILJD7F","Judge if an objects line-art has missing elements (10 pairs)","Review 10  line-arts and judge if it has/hasn't missing or extra content. (10 pairs)","tactile, image review, accessibility, vehicles","$0.08","Sat Apr 18 07:37:36 PDT 2026","9","BatchId:5385913;OriginalHitTemplateId:928390873;","1800","1296000","Sat Apr 25 07:37:36 PDT 2026","","","3K772S5NQ1PEMOUCPHV88H6DAZ2EHY","A12VYCG9CMKAFA","Rejected","Sat Apr 18 10:30:23 PDT 2026","Sat Apr 18 10:56:37 PDT 2026","Sun May 03 10:56:37 PDT 2026","","Sat Apr 18 20:04:18 PDT 2026","Thank you for your time. Unfortunately this submission did not pass the embedded gold-standard checks; this task requires very careful attention to detail.","1574","26% (7/27)","26% (7/27)","26% (7/27)","Bicycle","https://tactileeval.s3.us-east-1.amazonaws.com/family_datasets/Vehicles_and_Flight_Systems/Bicycle/Natural/bicycle_11.png","https://tactileeval.s3.us-east-1.amazonaws.com/family_datasets/Vehicles_and_Flight_Systems/Bicycle/Tactile/11.jpg","","Boat","https://tactileeval.s3.us-east-1.amazonaws.com/family_datasets/Vehicles_and_Flight_Systems/Boat/Natural/1_boat.png","https://tactileeval.s3.us-east-1.amazonaws.com/family_datasets/Vehicles_and_Flight_Systems/Boat/Tactile/1.jpg","","Boat","https://tactileeval.s3.us-east-1.amazonaws.com/family_datasets/Vehicles_and_Flight_Systems/Boat/Natural/2_boat.png","https://tactileeval.s3.us-east-1.amazonaws.com/family_datasets/Vehicles_and_Flight_Systems/Boat/Tactile/2.jpg","","Boat","https://tactileeval.s3.us-east-1.amazonaws.com/family_datasets/Vehicles_and_Flight_Systems/Boat/Natural/4_boat.png","https://tactileeval.s3.us-east-1.amazonaws.com/family_datasets/Vehicles_and_Flight_Systems/Boat/Tactile/4.jpg","","Boat","https://tactileeval.s3.us-east-1.amazonaws.com/family_datasets/Vehicles_and_Flight_Systems/Boat/Natural/5_boat.png","https://tactileeval.s3.us-east-1.amazonaws.com/family_datasets/Vehicles_and_Flight_Systems/Boat/Tactile/5.jpg","","Boat","https://tactileeval.s3.us-east-1.amazonaws.com/family_datasets/Vehicles_and_Flight_Systems/Boat/Natural/6_boat.png","https://tactileeval.s3.us-east-1.amazonaws.com/family_datasets/Vehicles_and_Flight_Systems/Boat/Tactile/6.png","","Boat","https://tactileeval.s3.us-east-1.amazonaws.com/family_datasets/Vehicles_and_Flight_Systems/Boat/Natural/7_boat.png","https://tactileeval.s3.us-east-1.amazonaws.com/family_datasets/Vehicles_and_Flight_Systems/Boat/Tactile/7.jpg","","Boat","https://tactileeval.s3.us-east-1.amazonaws.com/family_datasets/Vehicles_and_Flight_Systems/Boat/Natural/8_boat.png","https://tactileeval.s3.us-east-1.amazonaws.com/family_datasets/Vehicles_and_Flight_Systems/Boat/Tactile/8.jpg","","Boat","https://tactileeval.s3.us-east-1.amazonaws.com/family_datasets/Vehicles_and_Flight_Systems/Boat/Natural/9_boat.png","https://tactileeval.s3.us-east-1.amazonaws.com/family_datasets/Vehicles_and_Flight_Systems/Boat/Tactile/9.jpg","","Boat","https://tactileeval.s3.us-east-1.amazonaws.com/family_datasets/Vehicles_and_Flight_Systems/Boat/Natural/10_boat.png","https://tactileeval.s3.us-east-1.amazonaws.com/family_datasets/Vehicles_and_Flight_Systems/Boat/Tactile/10.jpg","","[{""question1"":{""all_correct"":false,""extra_parts"":true,""missing_parts"":false,""wrong_location"":false},""question10"":{""all_correct"":false,""extra_parts"":true,""missing_parts"":false,""wrong_location"":false},""question2"":{""all_correct"":false,""extra_parts"":true,""missing_parts"":false,""wrong_location"":false},""question3"":{""all_correct"":false,""extra_parts"":true,""missing_parts"":false,""wrong_location"":false},""question4"":{""all_correct"":false,""extra_parts"":true,""missing_parts"":false,""wrong_location"":false},""question5"":{""all_correct"":false,""extra_parts"":true,""missing_parts"":false,""wrong_location"":false},""question6"":{""all_correct"":false,""extra_parts"":true,""missing_parts"":false,""wrong_location"":false},""question7"":{""all_correct"":false,""extra_parts"":true,""missing_parts"":false,""wrong_location"":false},""question8"":{""all_correct"":false,""extra_parts"":true,""missing_parts"":false,""wrong_location"":false},""question9"":{""all_correct"":false,""extra_parts"":true,""missing_parts"":false,""wrong_location"":false}}]"
"3U74KRR68EZ6ZJ0RS8AFO37HVI0NTB","3U20ZGNLAG0U51KQK3YR7IVUILJD7F","Judge if an objects line-art has missing elements (10 pairs)","Review 10  line-arts and judge if it has/hasn't missing or extra content. (10 pairs)","tactile, image review, accessibility, vehicles","$0.08","Sat Apr 18 07:37:36 PDT 2026","9","BatchId:5385913;OriginalHitTemplateId:928390873;","1800","1296000","Sat Apr 25 07:37:36 PDT 2026","","","3FE7TXL1MB1Z41HZFNN1FUPP4JBQ27","A3O5ICTUN0AMMI","Rejected","Sat Apr 18 11:01:30 PDT 2026","Sat Apr 18 11:04:53 PDT 2026","Sun May 03 11:04:53 PDT 2026","","Sat Apr 18 20:04:18 PDT 2026","Thank you for your time. Unfortunately this submission did not pass the embedded gold-standard checks; this task requires very careful attention to detail.","203","50% (8/16)","50% (8/16)","50% (8/16)","Bicycle","https://tactileeval.s3.us-east-1.amazonaws.com/family_datasets/Vehicles_and_Flight_Systems/Bicycle/Natural/bicycle_11.png","https://tactileeval.s3.us-east-1.amazonaws.com/family_datasets/Vehicles_and_Flight_Systems/Bicycle/Tactile/11.jpg","","Boat","https://tactileeval.s3.us-east-1.amazonaws.com/family_datasets/Vehicles_and_Flight_Systems/Boat/Natural/1_boat.png","https://tactileeval.s3.us-east-1.amazonaws.com/family_datasets/Vehicles_and_Flight_Systems/Boat/Tactile/1.jpg","","Boat","https://tactileeval.s3.us-east-1.amazonaws.com/family_datasets/Vehicles_and_Flight_Systems/Boat/Natural/2_boat.png","https://tactileeval.s3.us-east-1.amazonaws.com/family_datasets/Vehicles_and_Flight_Systems/Boat/Tactile/2.jpg","","Boat","https://tactileeval.s3.us-east-1.amazonaws.com/family_datasets/Vehicles_and_Flight_Systems/Boat/Natural/4_boat.png","https://tactileeval.s3.us-east-1.amazonaws.com/family_datasets/Vehicles_and_Flight_Systems/Boat/Tactile/4.jpg","","Boat","https://tactileeval.s3.us-east-1.amazonaws.com/family_datasets/Vehicles_and_Flight_Systems/Boat/Natural/5_boat.png","https://tactileeval.s3.us-east-1.amazonaws.com/family_datasets/Vehicles_and_Flight_Systems/Boat/Tactile/5.jpg","","Boat","https://tactileeval.s3.us-east-1.amazonaws.com/family_datasets/Vehicles_and_Flight_Systems/Boat/Natural/6_boat.png","https://tactileeval.s3.us-east-1.amazonaws.com/family_datasets/Vehicles_and_Flight_Systems/Boat/Tactile/6.png","","Boat","https://tactileeval.s3.us-east-1.amazonaws.com/family_datasets/Vehicles_and_Flight_Systems/Boat/Natural/7_boat.png","https://tactileeval.s3.us-east-1.amazonaws.com/family_datasets/Vehicles_and_Flight_Systems/Boat/Tactile/7.jpg","","Boat","https://tactileeval.s3.us-east-1.amazonaws.com/family_datasets/Vehicles_and_Flight_Systems/Boat/Natural/8_boat.png","https://tactileeval.s3.us-east-1.amazonaws.com/family_datasets/Vehicles_and_Flight_Systems/Boat/Tactile/8.jpg","","Boat","https://tactileeval.s3.us-east-1.amazonaws.com/family_datasets/Vehicles_and_Flight_Systems/Boat/Natural/9_boat.png","https://tactileeval.s3.us-east-1.amazonaws.com/family_datasets/Vehicles_and_Flight_Systems/Boat/Tactile/9.jpg","","Boat","https://tactileeval.s3.us-east-1.amazonaws.com/family_datasets/Vehicles_and_Flight_Systems/Boat/Natural/10_boat.png","https://tactileeval.s3.us-east-1.amazonaws.com/family_datasets/Vehicles_and_Flight_Systems/Boat/Tactile/10.jpg","","[{""question1"":{""all_correct"":false,""extra_parts"":true,""missing_parts"":false,""wrong_location"":false},""question10"":{""all_correct"":false,""extra_parts"":true,""missing_parts"":false,""wrong_location"":false},""question2"":{""all_correct"":false,""extra_parts"":true,""missing_parts"":false,""wrong_location"":false},""question3"":{""all_correct"":false,""extra_parts"":true,""missing_parts"":false,""wrong_location"":false},""question4"":{""all_correct"":false,""extra_parts"":true,""missing_parts"":true,""wrong_location"":false},""question5"":{""all_correct"":false,""extra_parts"":false,""missing_parts"":true,""wrong_location"":false},""question6"":{""all_correct"":true,""extra_parts"":false,""missing_parts"":false,""wrong_location"":false},""question7"":{""all_correct"":false,""extra_parts"":false,""missing_parts"":true,""wrong_location"":false},""question8"":{""all_correct"":false,""extra_parts"":false,""missing_parts"":true,""wrong_location"":false},""question9"":{""all_correct"":false,""extra_parts"":true,""missing_parts"":false,""wrong_location"":false}}]"
"3U74KRR68EZ6ZJ0RS8AFO37HVI0NTB","3U20ZGNLAG0U51KQK3YR7IVUILJD7F","Judge if an objects line-art has missing elements (10 pairs)","Review 10  line-arts and judge if it has/hasn't missing or extra content. (10 pairs)","tactile, image review, accessibility, vehicles","$0.08","Sat Apr 18 07:37:36 PDT 2026","9","BatchId:5385913;OriginalHitTemplateId:928390873;","1800","1296000","Sat Apr 25 07:37:36 PDT 2026","","","3AMYWKA6Z40K1QNKNC70G2B15OWO6H","A7D1G6VBRTJMJ","Rejected","Sat Apr 18 20:43:24 PDT 2026","Sat Apr 18 20:51:53 PDT 2026","Sun May 03 20:51:53 PDT 2026","","Sun Apr 19 07:44:30 PDT 2026","Thank you for your time. Unfortunately this submission did not pass the embedded gold-standard checks; this task requires very careful attention to detail.","509","46% (11/24)","46% (11/24)","46% (11/24)","Bicycle","https://tactileeval.s3.us-east-1.amazonaws.com/family_datasets/Vehicles_and_Flight_Systems/Bicycle/Natural/bicycle_11.png","https://tactileeval.s3.us-east-1.amazonaws.com/family_datasets/Vehicles_and_Flight_Systems/Bicycle/Tactile/11.jpg","","Boat","https://tactileeval.s3.us-east-1.amazonaws.com/family_datasets/Vehicles_and_Flight_Systems/Boat/Natural/1_boat.png","https://tactileeval.s3.us-east-1.amazonaws.com/family_datasets/Vehicles_and_Flight_Systems/Boat/Tactile/1.jpg","","Boat","https://tactileeval.s3.us-east-1.amazonaws.com/family_datasets/Vehicles_and_Flight_Systems/Boat/Natural/2_boat.png","https://tactileeval.s3.us-east-1.amazonaws.com/family_datasets/Vehicles_and_Flight_Systems/Boat/Tactile/2.jpg","","Boat","https://tactileeval.s3.us-east-1.amazonaws.com/family_datasets/Vehicles_and_Flight_Systems/Boat/Natural/4_boat.png","https://tactileeval.s3.us-east-1.amazonaws.com/family_datasets/Vehicles_and_Flight_Systems/Boat/Tactile/4.jpg","","Boat","https://tactileeval.s3.us-east-1.amazonaws.com/family_datasets/Vehicles_and_Flight_Systems/Boat/Natural/5_boat.png","https://tactileeval.s3.us-east-1.amazonaws.com/family_datasets/Vehicles_and_Flight_Systems/Boat/Tactile/5.jpg","","Boat","https://tactileeval.s3.us-east-1.amazonaws.com/family_datasets/Vehicles_and_Flight_Systems/Boat/Natural/6_boat.png","https://tactileeval.s3.us-east-1.amazonaws.com/family_datasets/Vehicles_and_Flight_Systems/Boat/Tactile/6.png","","Boat","https://tactileeval.s3.us-east-1.amazonaws.com/family_datasets/Vehicles_and_Flight_Systems/Boat/Natural/7_boat.png","https://tactileeval.s3.us-east-1.amazonaws.com/family_datasets/Vehicles_and_Flight_Systems/Boat/Tactile/7.jpg","","Boat","https://tactileeval.s3.us-east-1.amazonaws.com/family_datasets/Vehicles_and_Flight_Systems/Boat/Natural/8_boat.png","https://tactileeval.s3.us-east-1.amazonaws.com/family_datasets/Vehicles_and_Flight_Systems/Boat/Tactile/8.jpg","","Boat","https://tactileeval.s3.us-east-1.amazonaws.com/family_datasets/Vehicles_and_Flight_Systems/Boat/Natural/9_boat.png","https://tactileeval.s3.us-east-1.amazonaws.com/family_datasets/Vehicles_and_Flight_Systems/Boat/Tactile/9.jpg","","Boat","https://tactileeval.s3.us-east-1.amazonaws.com/family_datasets/Vehicles_and_Flight_Systems/Boat/Natural/10_boat.png","https://tactileeval.s3.us-east-1.amazonaws.com/family_datasets/Vehicles_and_Flight_Systems/Boat/Tactile/10.jpg","","[{""question1"":{""all_correct"":false,""extra_parts"":false,""missing_parts"":true,""wrong_location"":false},""question10"":{""all_correct"":false,""extra_parts"":true,""missing_parts"":false,""wrong_location"":false},""question2"":{""all_correct"":false,""extra_parts"":true,""missing_parts"":false,""wrong_location"":false},""question3"":{""all_correct"":false,""extra_parts"":true,""missing_parts"":false,""wrong_location"":false},""question4"":{""all_correct"":false,""extra_parts"":true,""missing_parts"":false,""wrong_location"":false},""question5"":{""all_correct"":false,""extra_parts"":false,""missing_parts"":true,""wrong_location"":false},""question6"":{""all_correct"":true,""extra_parts"":false,""missing_parts"":false,""wrong_location"":false},""question7"":{""all_correct"":true,""extra_parts"":false,""missing_parts"":false,""wrong_location"":false},""question8"":{""all_correct"":false,""extra_parts"":false,""missing_parts"":true,""wrong_location"":false},""question9"":{""all_correct"":false,""extra_parts"":false,""missing_parts"":false,""wrong_location"":true}}]"
"3U74KRR68EZ6ZJ0RS8AFO37HVI0NTB","3U20ZGNLAG0U51KQK3YR7IVUILJD7F","Judge if an objects line-art has missing elements (10 pairs)","Review 10  line-arts and judge if it has/hasn't missing or extra content. (10 pairs)","tactile, image review, accessibility, vehicles","$0.08","Sat Apr 18 07:37:36 PDT 2026","9","BatchId:5385913;OriginalHitTemplateId:928390873;","1800","1296000","Sat Apr 25 07:37:36 PDT 2026","","","39GAF6DQXKEKKOVKIIHXGYEST6N1V8","AM8EV600ZP69X","Approved","Sun Apr 19 00:37:49 PDT 2026","Sun Apr 19 00:51:16 PDT 2026","Mon May 04 00:51:16 PDT 2026","Sun Apr 19 07:44:30 PDT 2026","","","807","86% (32/37)","86% (32/37)","86% (32/37)","Bicycle","https://tactileeval.s3.us-east-1.amazonaws.com/family_datasets/Vehicles_and_Flight_Systems/Bicycle/Natural/bicycle_11.png","https://tactileeval.s3.us-east-1.amazonaws.com/family_datasets/Vehicles_and_Flight_Systems/Bicycle/Tactile/11.jpg","","Boat","https://tactileeval.s3.us-east-1.amazonaws.com/family_datasets/Vehicles_and_Flight_Systems/Boat/Natural/1_boat.png","https://tactileeval.s3.us-east-1.amazonaws.com/family_datasets/Vehicles_and_Flight_Systems/Boat/Tactile/1.jpg","","Boat","https://tactileeval.s3.us-east-1.amazonaws.com/family_datasets/Vehicles_and_Flight_Systems/Boat/Natural/2_boat.png","https://tactileeval.s3.us-east-1.amazonaws.com/family_datasets/Vehicles_and_Flight_Systems/Boat/Tactile/2.jpg","","Boat","https://tactileeval.s3.us-east-1.amazonaws.com/family_datasets/Vehicles_and_Flight_Systems/Boat/Natural/4_boat.png","https://tactileeval.s3.us-east-1.amazonaws.com/family_datasets/Vehicles_and_Flight_Systems/Boat/Tactile/4.jpg","","Boat","https://tactileeval.s3.us-east-1.amazonaws.com/family_datasets/Vehicles_and_Flight_Systems/Boat/Natural/5_boat.png","https://tactileeval.s3.us-east-1.amazonaws.com/family_datasets/Vehicles_and_Flight_Systems/Boat/Tactile/5.jpg","","Boat","https://tactileeval.s3.us-east-1.amazonaws.com/family_datasets/Vehicles_and_Flight_Systems/Boat/Natural/6_boat.png","https://tactileeval.s3.us-east-1.amazonaws.com/family_datasets/Vehicles_and_Flight_Systems/Boat/Tactile/6.png","","Boat","https://tactileeval.s3.us-east-1.amazonaws.com/family_datasets/Vehicles_and_Flight_Systems/Boat/Natural/7_boat.png","https://tactileeval.s3.us-east-1.amazonaws.com/family_datasets/Vehicles_and_Flight_Systems/Boat/Tactile/7.jpg","","Boat","https://tactileeval.s3.us-east-1.amazonaws.com/family_datasets/Vehicles_and_Flight_Systems/Boat/Natural/8_boat.png","https://tactileeval.s3.us-east-1.amazonaws.com/family_datasets/Vehicles_and_Flight_Systems/Boat/Tactile/8.jpg","","Boat","https://tactileeval.s3.us-east-1.amazonaws.com/family_datasets/Vehicles_and_Flight_Systems/Boat/Natural/9_boat.png","https://tactileeval.s3.us-east-1.amazonaws.com/family_datasets/Vehicles_and_Flight_Systems/Boat/Tactile/9.jpg","","Boat","https://tactileeval.s3.us-east-1.amazonaws.com/family_datasets/Vehicles_and_Flight_Systems/Boat/Natural/10_boat.png","https://tactileeval.s3.us-east-1.amazonaws.com/family_datasets/Vehicles_and_Flight_Systems/Boat/Tactile/10.jpg","","[{""question1"":{""all_correct"":false,""extra_parts"":true,""missing_parts"":false,""wrong_location"":false},""question10"":{""all_correct"":false,""extra_parts"":true,""missing_parts"":false,""wrong_location"":false},""question2"":{""all_correct"":false,""extra_parts"":true,""missing_parts"":false,""wrong_location"":false},""question3"":{""all_correct"":false,""extra_parts"":true,""missing_parts"":false,""wrong_location"":false},""question4"":{""all_correct"":false,""extra_parts"":false,""missing_parts"":true,""wrong_location"":false},""question5"":{""all_correct"":false,""extra_parts"":false,""missing_parts"":true,""wrong_location"":false},""question6"":{""all_correct"":false,""extra_parts"":false,""missing_parts"":true,""wrong_location"":false},""question7"":{""all_correct"":true,""extra_parts"":false,""missing_parts"":false,""wrong_location"":false},""question8"":{""all_correct"":false,""extra_parts"":false,""missing_parts"":true,""wrong_location"":false},""question9"":{""all_correct"":false,""extra_parts"":true,""missing_parts"":false,""wrong_location"":false}}]"
"3PIOQ99R8Q0LZWFGSD0PTZTJEW7NU2","3U20ZGNLAG0U51KQK3YR7IVUILJD7F","Judge if an objects line-art has missing elements (10 pairs)","Review 10  line-arts and judge if it has/hasn't missing or extra content. (10 pairs)","tactile, image review, accessibility, vehicles","$0.08","Sat Apr 18 07:37:36 PDT 2026","9","BatchId:5385913;OriginalHitTemplateId:928390873;","1800","1296000","Sat Apr 25 07:37:36 PDT 2026","","","3KJYX6QCN2PRF5BO87N3KYAENMWJV1","A2JKGAWYEHJ18S","Rejected","Sat Apr 18 09:14:21 PDT 2026","Sat Apr 18 09:23:05 PDT 2026","Sun May 03 09:23:05 PDT 2026","","Sat Apr 18 20:04:18 PDT 2026","Thank you for your time. Unfortunately this submission did not pass the embedded gold-standard checks; this task requires very careful attention to detail.","524","15% (3/20)","15% (3/20)","15% (3/20)","Boat","https://tactileeval.s3.us-east-1.amazonaws.com/family_datasets/Vehicles_and_Flight_Systems/Boat/Natural/11_boat.png","https://tactileeval.s3.us-east-1.amazonaws.com/family_datasets/Vehicles_and_Flight_Systems/Boat/Tactile/11.jpg","","Boat","https://tactileeval.s3.us-east-1.amazonaws.com/family_datasets/Vehicles_and_Flight_Systems/Boat/Natural/12_boat.png","https://tactileeval.s3.us-east-1.amazonaws.com/family_datasets/Vehicles_and_Flight_Systems/Boat/Tactile/12.jpg","","Boat","https://tactileeval.s3.us-east-1.amazonaws.com/family_datasets/Vehicles_and_Flight_Systems/Boat/Natural/13_boat.png","https://tactileeval.s3.us-east-1.amazonaws.com/family_datasets/Vehicles_and_Flight_Systems/Boat/Tactile/13.jpg","","Boat","https://tactileeval.s3.us-east-1.amazonaws.com/family_datasets/Vehicles_and_Flight_Systems/Boat/Natural/14_boat.png","https://tactileeval.s3.us-east-1.amazonaws.com/family_datasets/Vehicles_and_Flight_Systems/Boat/Tactile/14.jpg","","Boat","https://tactileeval.s3.us-east-1.amazonaws.com/family_datasets/Vehicles_and_Flight_Systems/Boat/Natural/15_boat.png","https://tactileeval.s3.us-east-1.amazonaws.com/family_datasets/Vehicles_and_Flight_Systems/Boat/Tactile/15.jpg","","Boat","https://tactileeval.s3.us-east-1.amazonaws.com/family_datasets/Vehicles_and_Flight_Systems/Boat/Natural/16_boat.png","https://tactileeval.s3.us-east-1.amazonaws.com/family_datasets/Vehicles_and_Flight_Systems/Boat/Tactile/16.jpg","","Boat","https://tactileeval.s3.us-east-1.amazonaws.com/family_datasets/Vehicles_and_Flight_Systems/Boat/Natural/17_boat.png","https://tactileeval.s3.us-east-1.amazonaws.com/family_datasets/Vehicles_and_Flight_Systems/Boat/Tactile/17.jpg","","Boat","https://tactileeval.s3.us-east-1.amazonaws.com/family_datasets/Vehicles_and_Flight_Systems/Boat/Natural/18_boat.png","https://tactileeval.s3.us-east-1.amazonaws.com/family_datasets/Vehicles_and_Flight_Systems/Boat/Tactile/18.jpg","","Boat","https://tactileeval.s3.us-east-1.amazonaws.com/family_datasets/Vehicles_and_Flight_Systems/Boat/Natural/19_boat.png","https://tactileeval.s3.us-east-1.amazonaws.com/family_datasets/Vehicles_and_Flight_Systems/Boat/Tactile/19.png","","Car","https://tactileeval.s3.us-east-1.amazonaws.com/family_datasets/Vehicles_and_Flight_Systems/Car/Natural/Car_1.jpg","https://tactileeval.s3.us-east-1.amazonaws.com/family_datasets/Vehicles_and_Flight_Systems/Car/Tactile/1.jpg","","[{""question1"":{""all_correct"":false,""extra_parts"":false,""missing_parts"":false,""wrong_location"":true},""question10"":{""all_correct"":false,""extra_parts"":true,""missing_parts"":false,""wrong_location"":false},""question2"":{""all_correct"":false,""extra_parts"":true,""missing_parts"":false,""wrong_location"":false},""question3"":{""all_correct"":false,""extra_parts"":false,""missing_parts"":false,""wrong_location"":true},""question4"":{""all_correct"":false,""extra_parts"":true,""missing_parts"":false,""wrong_location"":false},""question5"":{""all_correct"":false,""extra_parts"":false,""missing_parts"":false,""wrong_location"":true},""question6"":{""all_correct"":false,""extra_parts"":true,""missing_parts"":false,""wrong_location"":false},""question7"":{""all_correct"":false,""extra_parts"":true,""missing_parts"":false,""wrong_location"":false},""question8"":{""all_correct"":false,""extra_parts"":false,""missing_parts"":false,""wrong_location"":true},""question9"":{""all_correct"":false,""extra_parts"":true,""missing_parts"":false,""wrong_location"":false}}]"
"3PIOQ99R8Q0LZWFGSD0PTZTJEW7NU2","3U20ZGNLAG0U51KQK3YR7IVUILJD7F","Judge if an objects line-art has missing elements (10 pairs)","Review 10  line-arts and judge if it has/hasn't missing or extra content. (10 pairs)","tactile, image review, accessibility, vehicles","$0.08","Sat Apr 18 07:37:36 PDT 2026","9","BatchId:5385913;OriginalHitTemplateId:928390873;","1800","1296000","Sat Apr 25 07:37:36 PDT 2026","","","39L1G8WVXJ508FT1Y8BRX3M92LG13V","A11RQ0K5GQ3NJG","Rejected","Sat Apr 18 10:29:52 PDT 2026","Sat Apr 18 10:33:23 PDT 2026","Sun May 03 10:33:23 PDT 2026","","Sat Apr 18 20:04:18 PDT 2026","Thank you for your time. Unfortunately this submission did not pass the embedded gold-standard checks; this task requires very careful attention to detail.","211","39% (12/31)","39% (12/31)","39% (12/31)","Boat","https://tactileeval.s3.us-east-1.amazonaws.com/family_datasets/Vehicles_and_Flight_Systems/Boat/Natural/11_boat.png","https://tactileeval.s3.us-east-1.amazonaws.com/family_datasets/Vehicles_and_Flight_Systems/Boat/Tactile/11.jpg","","Boat","https://tactileeval.s3.us-east-1.amazonaws.com/family_datasets/Vehicles_and_Flight_Systems/Boat/Natural/12_boat.png","https://tactileeval.s3.us-east-1.amazonaws.com/family_datasets/Vehicles_and_Flight_Systems/Boat/Tactile/12.jpg","","Boat","https://tactileeval.s3.us-east-1.amazonaws.com/family_datasets/Vehicles_and_Flight_Systems/Boat/Natural/13_boat.png","https://tactileeval.s3.us-east-1.amazonaws.com/family_datasets/Vehicles_and_Flight_Systems/Boat/Tactile/13.jpg","","Boat","https://tactileeval.s3.us-east-1.amazonaws.com/family_datasets/Vehicles_and_Flight_Systems/Boat/Natural/14_boat.png","https://tactileeval.s3.us-east-1.amazonaws.com/family_datasets/Vehicles_and_Flight_Systems/Boat/Tactile/14.jpg","","Boat","https://tactileeval.s3.us-east-1.amazonaws.com/family_datasets/Vehicles_and_Flight_Systems/Boat/Natural/15_boat.png","https://tactileeval.s3.us-east-1.amazonaws.com/family_datasets/Vehicles_and_Flight_Systems/Boat/Tactile/15.jpg","","Boat","https://tactileeval.s3.us-east-1.amazonaws.com/family_datasets/Vehicles_and_Flight_Systems/Boat/Natural/16_boat.png","https://tactileeval.s3.us-east-1.amazonaws.com/family_datasets/Vehicles_and_Flight_Systems/Boat/Tactile/16.jpg","","Boat","https://tactileeval.s3.us-east-1.amazonaws.com/family_datasets/Vehicles_and_Flight_Systems/Boat/Natural/17_boat.png","https://tactileeval.s3.us-east-1.amazonaws.com/family_datasets/Vehicles_and_Flight_Systems/Boat/Tactile/17.jpg","","Boat","https://tactileeval.s3.us-east-1.amazonaws.com/family_datasets/Vehicles_and_Flight_Systems/Boat/Natural/18_boat.png","https://tactileeval.s3.us-east-1.amazonaws.com/family_datasets/Vehicles_and_Flight_Systems/Boat/Tactile/18.jpg","","Boat","https://tactileeval.s3.us-east-1.amazonaws.com/family_datasets/Vehicles_and_Flight_Systems/Boat/Natural/19_boat.png","https://tactileeval.s3.us-east-1.amazonaws.com/family_datasets/Vehicles_and_Flight_Systems/Boat/Tactile/19.png","","Car","https://tactileeval.s3.us-east-1.amazonaws.com/family_datasets/Vehicles_and_Flight_Systems/Car/Natural/Car_1.jpg","https://tactileeval.s3.us-east-1.amazonaws.com/family_datasets/Vehicles_and_Flight_Systems/Car/Tactile/1.jpg","","[{""question1"":{""all_correct"":false,""extra_parts"":true,""missing_parts"":false,""wrong_location"":false},""question10"":{""all_correct"":true,""extra_parts"":false,""missing_parts"":false,""wrong_location"":false},""question2"":{""all_correct"":true,""extra_parts"":false,""missing_parts"":false,""wrong_location"":false},""question3"":{""all_correct"":false,""extra_parts"":true,""missing_parts"":false,""wrong_location"":false},""question4"":{""all_correct"":false,""extra_parts"":true,""missing_parts"":false,""wrong_location"":false},""question5"":{""all_correct"":false,""extra_parts"":false,""missing_parts"":true,""wrong_location"":false},""question6"":{""all_correct"":false,""extra_parts"":false,""missing_parts"":true,""wrong_location"":false},""question7"":{""all_correct"":false,""extra_parts"":false,""missing_parts"":true,""wrong_location"":false},""question8"":{""all_correct"":false,""extra_parts"":true,""missing_parts"":true,""wrong_location"":false},""question9"":{""all_correct"":false,""extra_parts"":true,""missing_parts"":true,""wrong_location"":false}}]"
"3PIOQ99R8Q0LZWFGSD0PTZTJEW7NU2","3U20ZGNLAG0U51KQK3YR7IVUILJD7F","Judge if an objects line-art has missing elements (10 pairs)","Review 10  line-arts and judge if it has/hasn't missing or extra content. (10 pairs)","tactile, image review, accessibility, vehicles","$0.08","Sat Apr 18 07:37:36 PDT 2026","9","BatchId:5385913;OriginalHitTemplateId:928390873;","1800","1296000","Sat Apr 25 07:37:36 PDT 2026","","","3TDXMTX3D48A54CHPHUVW5FFTESI69","A2NZLZLLAZYXJX","Rejected","Sat Apr 18 10:24:52 PDT 2026","Sat Apr 18 10:40:18 PDT 2026","Sun May 03 10:40:18 PDT 2026","","Sat Apr 18 20:04:18 PDT 2026","Thank you for your time. Unfortunately this submission did not pass the embedded gold-standard checks; this task requires very careful attention to detail.","926","68% (40/59)","68% (40/59)","68% (40/59)","Boat","https://tactileeval.s3.us-east-1.amazonaws.com/family_datasets/Vehicles_and_Flight_Systems/Boat/Natural/11_boat.png","https://tactileeval.s3.us-east-1.amazonaws.com/family_datasets/Vehicles_and_Flight_Systems/Boat/Tactile/11.jpg","","Boat","https://tactileeval.s3.us-east-1.amazonaws.com/family_datasets/Vehicles_and_Flight_Systems/Boat/Natural/12_boat.png","https://tactileeval.s3.us-east-1.amazonaws.com/family_datasets/Vehicles_and_Flight_Systems/Boat/Tactile/12.jpg","","Boat","https://tactileeval.s3.us-east-1.amazonaws.com/family_datasets/Vehicles_and_Flight_Systems/Boat/Natural/13_boat.png","https://tactileeval.s3.us-east-1.amazonaws.com/family_datasets/Vehicles_and_Flight_Systems/Boat/Tactile/13.jpg","","Boat","https://tactileeval.s3.us-east-1.amazonaws.com/family_datasets/Vehicles_and_Flight_Systems/Boat/Natural/14_boat.png","https://tactileeval.s3.us-east-1.amazonaws.com/family_datasets/Vehicles_and_Flight_Systems/Boat/Tactile/14.jpg","","Boat","https://tactileeval.s3.us-east-1.amazonaws.com/family_datasets/Vehicles_and_Flight_Systems/Boat/Natural/15_boat.png","https://tactileeval.s3.us-east-1.amazonaws.com/family_datasets/Vehicles_and_Flight_Systems/Boat/Tactile/15.jpg","","Boat","https://tactileeval.s3.us-east-1.amazonaws.com/family_datasets/Vehicles_and_Flight_Systems/Boat/Natural/16_boat.png","https://tactileeval.s3.us-east-1.amazonaws.com/family_datasets/Vehicles_and_Flight_Systems/Boat/Tactile/16.jpg","","Boat","https://tactileeval.s3.us-east-1.amazonaws.com/family_datasets/Vehicles_and_Flight_Systems/Boat/Natural/17_boat.png","https://tactileeval.s3.us-east-1.amazonaws.com/family_datasets/Vehicles_and_Flight_Systems/Boat/Tactile/17.jpg","","Boat","https://tactileeval.s3.us-east-1.amazonaws.com/family_datasets/Vehicles_and_Flight_Systems/Boat/Natural/18_boat.png","https://tactileeval.s3.us-east-1.amazonaws.com/family_datasets/Vehicles_and_Flight_Systems/Boat/Tactile/18.jpg","","Boat","https://tactileeval.s3.us-east-1.amazonaws.com/family_datasets/Vehicles_and_Flight_Systems/Boat/Natural/19_boat.png","https://tactileeval.s3.us-east-1.amazonaws.com/family_datasets/Vehicles_and_Flight_Systems/Boat/Tactile/19.png","","Car","https://tactileeval.s3.us-east-1.amazonaws.com/family_datasets/Vehicles_and_Flight_Systems/Car/Natural/Car_1.jpg","https://tactileeval.s3.us-east-1.amazonaws.com/family_datasets/Vehicles_and_Flight_Systems/Car/Tactile/1.jpg","","[{""question1"":{""all_correct"":true,""extra_parts"":false,""missing_parts"":false,""wrong_location"":false},""question10"":{""all_correct"":true,""extra_parts"":false,""missing_parts"":false,""wrong_location"":false},""question2"":{""all_correct"":false,""extra_parts"":false,""missing_parts"":true,""wrong_location"":false},""question3"":{""all_correct"":false,""extra_parts"":false,""missing_parts"":true,""wrong_location"":false},""question4"":{""all_correct"":false,""extra_parts"":false,""missing_parts"":true,""wrong_location"":false},""question5"":{""all_correct"":false,""extra_parts"":false,""missing_parts"":true,""wrong_location"":false},""question6"":{""all_correct"":false,""extra_parts"":false,""missing_parts"":true,""wrong_location"":false},""question7"":{""all_correct"":false,""extra_parts"":false,""missing_parts"":true,""wrong_location"":false},""question8"":{""all_correct"":false,""extra_parts"":true,""missing_parts"":false,""wrong_location"":false},""question9"":{""all_correct"":false,""extra_parts"":false,""missing_parts"":true,""wrong_location"":false}}]"
"3PIOQ99R8Q0LZWFGSD0PTZTJEW7NU2","3U20ZGNLAG0U51KQK3YR7IVUILJD7F","Judge if an objects line-art has missing elements (10 pairs)","Review 10  line-arts and judge if it has/hasn't missing or extra content. (10 pairs)","tactile, image review, accessibility, vehicles","$0.08","Sat Apr 18 07:37:36 PDT 2026","9","BatchId:5385913;OriginalHitTemplateId:928390873;","1800","1296000","Sat Apr 25 07:37:36 PDT 2026","","","3IAEQB9FN7YRR8B1OL6O32YFPBEDW4","ASBG43I93VS4A","Rejected","Sat Apr 18 10:29:58 PDT 2026","Sat Apr 18 10:41:57 PDT 2026","Sun May 03 10:41:57 PDT 2026","","Sat Apr 18 20:04:18 PDT 2026","Thank you for your time. Unfortunately this submission did not pass the embedded gold-standard checks; this task requires very careful attention to detail.","719","27% (8/30)","27% (8/30)","27% (8/30)","Boat","https://tactileeval.s3.us-east-1.amazonaws.com/family_datasets/Vehicles_and_Flight_Systems/Boat/Natural/11_boat.png","https://tactileeval.s3.us-east-1.amazonaws.com/family_datasets/Vehicles_and_Flight_Systems/Boat/Tactile/11.jpg","","Boat","https://tactileeval.s3.us-east-1.amazonaws.com/family_datasets/Vehicles_and_Flight_Systems/Boat/Natural/12_boat.png","https://tactileeval.s3.us-east-1.amazonaws.com/family_datasets/Vehicles_and_Flight_Systems/Boat/Tactile/12.jpg","","Boat","https://tactileeval.s3.us-east-1.amazonaws.com/family_datasets/Vehicles_and_Flight_Systems/Boat/Natural/13_boat.png","https://tactileeval.s3.us-east-1.amazonaws.com/family_datasets/Vehicles_and_Flight_Systems/Boat/Tactile/13.jpg","","Boat","https://tactileeval.s3.us-east-1.amazonaws.com/family_datasets/Vehicles_and_Flight_Systems/Boat/Natural/14_boat.png","https://tactileeval.s3.us-east-1.amazonaws.com/family_datasets/Vehicles_and_Flight_Systems/Boat/Tactile/14.jpg","","Boat","https://tactileeval.s3.us-east-1.amazonaws.com/family_datasets/Vehicles_and_Flight_Systems/Boat/Natural/15_boat.png","https://tactileeval.s3.us-east-1.amazonaws.com/family_datasets/Vehicles_and_Flight_Systems/Boat/Tactile/15.jpg","","Boat","https://tactileeval.s3.us-east-1.amazonaws.com/family_datasets/Vehicles_and_Flight_Systems/Boat/Natural/16_boat.png","https://tactileeval.s3.us-east-1.amazonaws.com/family_datasets/Vehicles_and_Flight_Systems/Boat/Tactile/16.jpg","","Boat","https://tactileeval.s3.us-east-1.amazonaws.com/family_datasets/Vehicles_and_Flight_Systems/Boat/Natural/17_boat.png","https://tactileeval.s3.us-east-1.amazonaws.com/family_datasets/Vehicles_and_Flight_Systems/Boat/Tactile/17.jpg","","Boat","https://tactileeval.s3.us-east-1.amazonaws.com/family_datasets/Vehicles_and_Flight_Systems/Boat/Natural/18_boat.png","https://tactileeval.s3.us-east-1.amazonaws.com/family_datasets/Vehicles_and_Flight_Systems/Boat/Tactile/18.jpg","","Boat","https://tactileeval.s3.us-east-1.amazonaws.com/family_datasets/Vehicles_and_Flight_Systems/Boat/Natural/19_boat.png","https://tactileeval.s3.us-east-1.amazonaws.com/family_datasets/Vehicles_and_Flight_Systems/Boat/Tactile/19.png","","Car","https://tactileeval.s3.us-east-1.amazonaws.com/family_datasets/Vehicles_and_Flight_Systems/Car/Natural/Car_1.jpg","https://tactileeval.s3.us-east-1.amazonaws.com/family_datasets/Vehicles_and_Flight_Systems/Car/Tactile/1.jpg","","[{""question1"":{""all_correct"":false,""extra_parts"":true,""missing_parts"":false,""wrong_location"":false},""question10"":{""all_correct"":false,""extra_parts"":true,""missing_parts"":false,""wrong_location"":false},""question2"":{""all_correct"":false,""extra_parts"":true,""missing_parts"":false,""wrong_location"":false},""question3"":{""all_correct"":false,""extra_parts"":true,""missing_parts"":false,""wrong_location"":false},""question4"":{""all_correct"":false,""extra_parts"":true,""missing_parts"":false,""wrong_location"":false},""question5"":{""all_correct"":false,""extra_parts"":true,""missing_parts"":false,""wrong_location"":false},""question6"":{""all_correct"":false,""extra_parts"":false,""missing_parts"":true,""wrong_location"":false},""question7"":{""all_correct"":false,""extra_parts"":true,""missing_parts"":false,""wrong_location"":false},""question8"":{""all_correct"":false,""extra_parts"":true,""missing_parts"":false,""wrong_location"":false},""question9"":{""all_correct"":false,""extra_parts"":false,""missing_parts"":true,""wrong_location"":false}}]"
"3PIOQ99R8Q0LZWFGSD0PTZTJEW7NU2","3U20ZGNLAG0U51KQK3YR7IVUILJD7F","Judge if an objects line-art has missing elements (10 pairs)","Review 10  line-arts and judge if it has/hasn't missing or extra content. (10 pairs)","tactile, image review, accessibility, vehicles","$0.08","Sat Apr 18 07:37:36 PDT 2026","9","BatchId:5385913;OriginalHitTemplateId:928390873;","1800","1296000","Sat Apr 25 07:37:36 PDT 2026","","","36AHBNMV2KQVGD613MOCOZJV0JEDY3","AM6XJQNLFEV4J","Rejected","Sat Apr 18 10:30:02 PDT 2026","Sat Apr 18 10:48:31 PDT 2026","Sun May 03 10:48:31 PDT 2026","","Sat Apr 18 20:04:18 PDT 2026","Thank you for your time. Unfortunately this submission did not pass the embedded gold-standard checks; this task requires very careful attention to detail.","1109","59% (19/32)","59% (19/32)","59% (19/32)","Boat","https://tactileeval.s3.us-east-1.amazonaws.com/family_datasets/Vehicles_and_Flight_Systems/Boat/Natural/11_boat.png","https://tactileeval.s3.us-east-1.amazonaws.com/family_datasets/Vehicles_and_Flight_Systems/Boat/Tactile/11.jpg","","Boat","https://tactileeval.s3.us-east-1.amazonaws.com/family_datasets/Vehicles_and_Flight_Systems/Boat/Natural/12_boat.png","https://tactileeval.s3.us-east-1.amazonaws.com/family_datasets/Vehicles_and_Flight_Systems/Boat/Tactile/12.jpg","","Boat","https://tactileeval.s3.us-east-1.amazonaws.com/family_datasets/Vehicles_and_Flight_Systems/Boat/Natural/13_boat.png","https://tactileeval.s3.us-east-1.amazonaws.com/family_datasets/Vehicles_and_Flight_Systems/Boat/Tactile/13.jpg","","Boat","https://tactileeval.s3.us-east-1.amazonaws.com/family_datasets/Vehicles_and_Flight_Systems/Boat/Natural/14_boat.png","https://tactileeval.s3.us-east-1.amazonaws.com/family_datasets/Vehicles_and_Flight_Systems/Boat/Tactile/14.jpg","","Boat","https://tactileeval.s3.us-east-1.amazonaws.com/family_datasets/Vehicles_and_Flight_Systems/Boat/Natural/15_boat.png","https://tactileeval.s3.us-east-1.amazonaws.com/family_datasets/Vehicles_and_Flight_Systems/Boat/Tactile/15.jpg","","Boat","https://tactileeval.s3.us-east-1.amazonaws.com/family_datasets/Vehicles_and_Flight_Systems/Boat/Natural/16_boat.png","https://tactileeval.s3.us-east-1.amazonaws.com/family_datasets/Vehicles_and_Flight_Systems/Boat/Tactile/16.jpg","","Boat","https://tactileeval.s3.us-east-1.amazonaws.com/family_datasets/Vehicles_and_Flight_Systems/Boat/Natural/17_boat.png","https://tactileeval.s3.us-east-1.amazonaws.com/family_datasets/Vehicles_and_Flight_Systems/Boat/Tactile/17.jpg","","Boat","https://tactileeval.s3.us-east-1.amazonaws.com/family_datasets/Vehicles_and_Flight_Systems/Boat/Natural/18_boat.png","https://tactileeval.s3.us-east-1.amazonaws.com/family_datasets/Vehicles_and_Flight_Systems/Boat/Tactile/18.jpg","","Boat","https://tactileeval.s3.us-east-1.amazonaws.com/family_datasets/Vehicles_and_Flight_Systems/Boat/Natural/19_boat.png","https://tactileeval.s3.us-east-1.amazonaws.com/family_datasets/Vehicles_and_Flight_Systems/Boat/Tactile/19.png","","Car","https://tactileeval.s3.us-east-1.amazonaws.com/family_datasets/Vehicles_and_Flight_Systems/Car/Natural/Car_1.jpg","https://tactileeval.s3.us-east-1.amazonaws.com/family_datasets/Vehicles_and_Flight_Systems/Car/Tactile/1.jpg","","[{""question1"":{""all_correct"":true,""extra_parts"":false,""missing_parts"":false,""wrong_location"":false},""question10"":{""all_correct"":true,""extra_parts"":false,""missing_parts"":false,""wrong_location"":false},""question2"":{""all_correct"":false,""extra_parts"":true,""missing_parts"":true,""wrong_location"":false},""question3"":{""all_correct"":false,""extra_parts"":true,""missing_parts"":true,""wrong_location"":false},""question4"":{""all_correct"":false,""extra_parts"":true,""missing_parts"":true,""wrong_location"":false},""question5"":{""all_correct"":false,""extra_parts"":true,""missing_parts"":true,""wrong_location"":false},""question6"":{""all_correct"":false,""extra_parts"":true,""missing_parts"":true,""wrong_location"":false},""question7"":{""all_correct"":false,""extra_parts"":true,""missing_parts"":true,""wrong_location"":false},""question8"":{""all_correct"":false,""extra_parts"":true,""missing_parts"":true,""wrong_location"":false},""question9"":{""all_correct"":false,""extra_parts"":true,""missing_parts"":true,""wrong_location"":false}}]"
"3PIOQ99R8Q0LZWFGSD0PTZTJEW7NU2","3U20ZGNLAG0U51KQK3YR7IVUILJD7F","Judge if an objects line-art has missing elements (10 pairs)","Review 10  line-arts and judge if it has/hasn't missing or extra content. (10 pairs)","tactile, image review, accessibility, vehicles","$0.08","Sat Apr 18 07:37:36 PDT 2026","9","BatchId:5385913;OriginalHitTemplateId:928390873;","1800","1296000","Sat Apr 25 07:37:36 PDT 2026","","","3YW4XOSQLJZK796KDS7SKCC9FY01U3","A12VYCG9CMKAFA","Rejected","Sat Apr 18 10:30:24 PDT 2026","Sat Apr 18 10:57:06 PDT 2026","Sun May 03 10:57:06 PDT 2026","","Sat Apr 18 20:04:18 PDT 2026","Thank you for your time. Unfortunately this submission did not pass the embedded gold-standard checks; this task requires very careful attention to detail.","1602","26% (7/27)","26% (7/27)","26% (7/27)","Boat","https://tactileeval.s3.us-east-1.amazonaws.com/family_datasets/Vehicles_and_Flight_Systems/Boat/Natural/11_boat.png","https://tactileeval.s3.us-east-1.amazonaws.com/family_datasets/Vehicles_and_Flight_Systems/Boat/Tactile/11.jpg","","Boat","https://tactileeval.s3.us-east-1.amazonaws.com/family_datasets/Vehicles_and_Flight_Systems/Boat/Natural/12_boat.png","https://tactileeval.s3.us-east-1.amazonaws.com/family_datasets/Vehicles_and_Flight_Systems/Boat/Tactile/12.jpg","","Boat","https://tactileeval.s3.us-east-1.amazonaws.com/family_datasets/Vehicles_and_Flight_Systems/Boat/Natural/13_boat.png","https://tactileeval.s3.us-east-1.amazonaws.com/family_datasets/Vehicles_and_Flight_Systems/Boat/Tactile/13.jpg","","Boat","https://tactileeval.s3.us-east-1.amazonaws.com/family_datasets/Vehicles_and_Flight_Systems/Boat/Natural/14_boat.png","https://tactileeval.s3.us-east-1.amazonaws.com/family_datasets/Vehicles_and_Flight_Systems/Boat/Tactile/14.jpg","","Boat","https://tactileeval.s3.us-east-1.amazonaws.com/family_datasets/Vehicles_and_Flight_Systems/Boat/Natural/15_boat.png","https://tactileeval.s3.us-east-1.amazonaws.com/family_datasets/Vehicles_and_Flight_Systems/Boat/Tactile/15.jpg","","Boat","https://tactileeval.s3.us-east-1.amazonaws.com/family_datasets/Vehicles_and_Flight_Systems/Boat/Natural/16_boat.png","https://tactileeval.s3.us-east-1.amazonaws.com/family_datasets/Vehicles_and_Flight_Systems/Boat/Tactile/16.jpg","","Boat","https://tactileeval.s3.us-east-1.amazonaws.com/family_datasets/Vehicles_and_Flight_Systems/Boat/Natural/17_boat.png","https://tactileeval.s3.us-east-1.amazonaws.com/family_datasets/Vehicles_and_Flight_Systems/Boat/Tactile/17.jpg","","Boat","https://tactileeval.s3.us-east-1.amazonaws.com/family_datasets/Vehicles_and_Flight_Systems/Boat/Natural/18_boat.png","https://tactileeval.s3.us-east-1.amazonaws.com/family_datasets/Vehicles_and_Flight_Systems/Boat/Tactile/18.jpg","","Boat","https://tactileeval.s3.us-east-1.amazonaws.com/family_datasets/Vehicles_and_Flight_Systems/Boat/Natural/19_boat.png","https://tactileeval.s3.us-east-1.amazonaws.com/family_datasets/Vehicles_and_Flight_Systems/Boat/Tactile/19.png","","Car","https://tactileeval.s3.us-east-1.amazonaws.com/family_datasets/Vehicles_and_Flight_Systems/Car/Natural/Car_1.jpg","https://tactileeval.s3.us-east-1.amazonaws.com/family_datasets/Vehicles_and_Flight_Systems/Car/Tactile/1.jpg","","[{""question1"":{""all_correct"":false,""extra_parts"":true,""missing_parts"":false,""wrong_location"":false},""question10"":{""all_correct"":false,""extra_parts"":true,""missing_parts"":false,""wrong_location"":false},""question2"":{""all_correct"":false,""extra_parts"":true,""missing_parts"":false,""wrong_location"":false},""question3"":{""all_correct"":false,""extra_parts"":true,""missing_parts"":false,""wrong_location"":false},""question4"":{""all_correct"":false,""extra_parts"":true,""missing_parts"":false,""wrong_location"":false},""question5"":{""all_correct"":false,""extra_parts"":true,""missing_parts"":false,""wrong_location"":false},""question6"":{""all_correct"":false,""extra_parts"":true,""missing_parts"":false,""wrong_location"":false},""question7"":{""all_correct"":false,""extra_parts"":true,""missing_parts"":false,""wrong_location"":false},""question8"":{""all_correct"":false,""extra_parts"":true,""missing_parts"":false,""wrong_location"":false},""question9"":{""all_correct"":false,""extra_parts"":true,""missing_parts"":false,""wrong_location"":false}}]"
"3PIOQ99R8Q0LZWFGSD0PTZTJEW7NU2","3U20ZGNLAG0U51KQK3YR7IVUILJD7F","Judge if an objects line-art has missing elements (10 pairs)","Review 10  line-arts and judge if it has/hasn't missing or extra content. (10 pairs)","tactile, image review, accessibility, vehicles","$0.08","Sat Apr 18 07:37:36 PDT 2026","9","BatchId:5385913;OriginalHitTemplateId:928390873;","1800","1296000","Sat Apr 25 07:37:36 PDT 2026","","","33CUSNVVOGQ4KCJS9AF23UHSWDJ88J","A7D1G6VBRTJMJ","Rejected","Sat Apr 18 11:13:10 PDT 2026","Sat Apr 18 11:15:08 PDT 2026","Sun May 03 11:15:08 PDT 2026","","Sat Apr 18 20:04:18 PDT 2026","Thank you for your time. Unfortunately this submission did not pass the embedded gold-standard checks; this task requires very careful attention to detail.","118","46% (11/24)","46% (11/24)","46% (11/24)","Boat","https://tactileeval.s3.us-east-1.amazonaws.com/family_datasets/Vehicles_and_Flight_Systems/Boat/Natural/11_boat.png","https://tactileeval.s3.us-east-1.amazonaws.com/family_datasets/Vehicles_and_Flight_Systems/Boat/Tactile/11.jpg","","Boat","https://tactileeval.s3.us-east-1.amazonaws.com/family_datasets/Vehicles_and_Flight_Systems/Boat/Natural/12_boat.png","https://tactileeval.s3.us-east-1.amazonaws.com/family_datasets/Vehicles_and_Flight_Systems/Boat/Tactile/12.jpg","","Boat","https://tactileeval.s3.us-east-1.amazonaws.com/family_datasets/Vehicles_and_Flight_Systems/Boat/Natural/13_boat.png","https://tactileeval.s3.us-east-1.amazonaws.com/family_datasets/Vehicles_and_Flight_Systems/Boat/Tactile/13.jpg","","Boat","https://tactileeval.s3.us-east-1.amazonaws.com/family_datasets/Vehicles_and_Flight_Systems/Boat/Natural/14_boat.png","https://tactileeval.s3.us-east-1.amazonaws.com/family_datasets/Vehicles_and_Flight_Systems/Boat/Tactile/14.jpg","","Boat","https://tactileeval.s3.us-east-1.amazonaws.com/family_datasets/Vehicles_and_Flight_Systems/Boat/Natural/15_boat.png","https://tactileeval.s3.us-east-1.amazonaws.com/family_datasets/Vehicles_and_Flight_Systems/Boat/Tactile/15.jpg","","Boat","https://tactileeval.s3.us-east-1.amazonaws.com/family_datasets/Vehicles_and_Flight_Systems/Boat/Natural/16_boat.png","https://tactileeval.s3.us-east-1.amazonaws.com/family_datasets/Vehicles_and_Flight_Systems/Boat/Tactile/16.jpg","","Boat","https://tactileeval.s3.us-east-1.amazonaws.com/family_datasets/Vehicles_and_Flight_Systems/Boat/Natural/17_boat.png","https://tactileeval.s3.us-east-1.amazonaws.com/family_datasets/Vehicles_and_Flight_Systems/Boat/Tactile/17.jpg","","Boat","https://tactileeval.s3.us-east-1.amazonaws.com/family_datasets/Vehicles_and_Flight_Systems/Boat/Natural/18_boat.png","https://tactileeval.s3.us-east-1.amazonaws.com/family_datasets/Vehicles_and_Flight_Systems/Boat/Tactile/18.jpg","","Boat","https://tactileeval.s3.us-east-1.amazonaws.com/family_datasets/Vehicles_and_Flight_Systems/Boat/Natural/19_boat.png","https://tactileeval.s3.us-east-1.amazonaws.com/family_datasets/Vehicles_and_Flight_Systems/Boat/Tactile/19.png","","Car","https://tactileeval.s3.us-east-1.amazonaws.com/family_datasets/Vehicles_and_Flight_Systems/Car/Natural/Car_1.jpg","https://tactileeval.s3.us-east-1.amazonaws.com/family_datasets/Vehicles_and_Flight_Systems/Car/Tactile/1.jpg","","[{""question1"":{""all_correct"":true,""extra_parts"":false,""missing_parts"":false,""wrong_location"":false},""question10"":{""all_correct"":true,""extra_parts"":false,""missing_parts"":false,""wrong_location"":false},""question2"":{""all_correct"":false,""extra_parts"":false,""missing_parts"":true,""wrong_location"":false},""question3"":{""all_correct"":false,""extra_parts"":true,""missing_parts"":false,""wrong_location"":false},""question4"":{""all_correct"":false,""extra_parts"":true,""missing_parts"":false,""wrong_location"":false},""question5"":{""all_correct"":false,""extra_parts"":false,""missing_parts"":true,""wrong_location"":false},""question6"":{""all_correct"":false,""extra_parts"":false,""missing_parts"":true,""wrong_location"":false},""question7"":{""all_correct"":false,""extra_parts"":false,""missing_parts"":true,""wrong_location"":false},""question8"":{""all_correct"":false,""extra_parts"":true,""missing_parts"":false,""wrong_location"":false},""question9"":{""all_correct"":false,""extra_parts"":false,""missing_parts"":true,""wrong_location"":false}}]"
"3PIOQ99R8Q0LZWFGSD0PTZTJEW7NU2","3U20ZGNLAG0U51KQK3YR7IVUILJD7F","Judge if an objects line-art has missing elements (10 pairs)","Review 10  line-arts and judge if it has/hasn't missing or extra content. (10 pairs)","tactile, image review, accessibility, vehicles","$0.08","Sat Apr 18 07:37:36 PDT 2026","9","BatchId:5385913;OriginalHitTemplateId:928390873;","1800","1296000","Sat Apr 25 07:37:36 PDT 2026","","","3NJM2BJS5PKR278MC3XIR281BFCCPN","A2Z4SX6MOPIZUZ","Approved","Sun Apr 19 00:06:21 PDT 2026","Sun Apr 19 00:18:11 PDT 2026","Mon May 04 00:18:11 PDT 2026","Sun Apr 19 07:44:30 PDT 2026","","","710","50% (1/2)","50% (1/2)","50% (1/2)","Boat","https://tactileeval.s3.us-east-1.amazonaws.com/family_datasets/Vehicles_and_Flight_Systems/Boat/Natural/11_boat.png","https://tactileeval.s3.us-east-1.amazonaws.com/family_datasets/Vehicles_and_Flight_Systems/Boat/Tactile/11.jpg","","Boat","https://tactileeval.s3.us-east-1.amazonaws.com/family_datasets/Vehicles_and_Flight_Systems/Boat/Natural/12_boat.png","https://tactileeval.s3.us-east-1.amazonaws.com/family_datasets/Vehicles_and_Flight_Systems/Boat/Tactile/12.jpg","","Boat","https://tactileeval.s3.us-east-1.amazonaws.com/family_datasets/Vehicles_and_Flight_Systems/Boat/Natural/13_boat.png","https://tactileeval.s3.us-east-1.amazonaws.com/family_datasets/Vehicles_and_Flight_Systems/Boat/Tactile/13.jpg","","Boat","https://tactileeval.s3.us-east-1.amazonaws.com/family_datasets/Vehicles_and_Flight_Systems/Boat/Natural/14_boat.png","https://tactileeval.s3.us-east-1.amazonaws.com/family_datasets/Vehicles_and_Flight_Systems/Boat/Tactile/14.jpg","","Boat","https://tactileeval.s3.us-east-1.amazonaws.com/family_datasets/Vehicles_and_Flight_Systems/Boat/Natural/15_boat.png","https://tactileeval.s3.us-east-1.amazonaws.com/family_datasets/Vehicles_and_Flight_Systems/Boat/Tactile/15.jpg","","Boat","https://tactileeval.s3.us-east-1.amazonaws.com/family_datasets/Vehicles_and_Flight_Systems/Boat/Natural/16_boat.png","https://tactileeval.s3.us-east-1.amazonaws.com/family_datasets/Vehicles_and_Flight_Systems/Boat/Tactile/16.jpg","","Boat","https://tactileeval.s3.us-east-1.amazonaws.com/family_datasets/Vehicles_and_Flight_Systems/Boat/Natural/17_boat.png","https://tactileeval.s3.us-east-1.amazonaws.com/family_datasets/Vehicles_and_Flight_Systems/Boat/Tactile/17.jpg","","Boat","https://tactileeval.s3.us-east-1.amazonaws.com/family_datasets/Vehicles_and_Flight_Systems/Boat/Natural/18_boat.png","https://tactileeval.s3.us-east-1.amazonaws.com/family_datasets/Vehicles_and_Flight_Systems/Boat/Tactile/18.jpg","","Boat","https://tactileeval.s3.us-east-1.amazonaws.com/family_datasets/Vehicles_and_Flight_Systems/Boat/Natural/19_boat.png","https://tactileeval.s3.us-east-1.amazonaws.com/family_datasets/Vehicles_and_Flight_Systems/Boat/Tactile/19.png","","Car","https://tactileeval.s3.us-east-1.amazonaws.com/family_datasets/Vehicles_and_Flight_Systems/Car/Natural/Car_1.jpg","https://tactileeval.s3.us-east-1.amazonaws.com/family_datasets/Vehicles_and_Flight_Systems/Car/Tactile/1.jpg","","[{""question1"":{""all_correct"":true,""extra_parts"":false,""missing_parts"":false,""wrong_location"":false},""question10"":{""all_correct"":true,""extra_parts"":false,""missing_parts"":false,""wrong_location"":false},""question2"":{""all_correct"":false,""extra_parts"":true,""missing_parts"":true,""wrong_location"":false},""question3"":{""all_correct"":false,""extra_parts"":true,""missing_parts"":true,""wrong_location"":false},""question4"":{""all_correct"":false,""extra_parts"":true,""missing_parts"":true,""wrong_location"":true},""question5"":{""all_correct"":false,""extra_parts"":false,""missing_parts"":true,""wrong_location"":false},""question6"":{""all_correct"":false,""extra_parts"":false,""missing_parts"":true,""wrong_location"":false},""question7"":{""all_correct"":false,""extra_parts"":false,""missing_parts"":true,""wrong_location"":false},""question8"":{""all_correct"":false,""extra_parts"":true,""missing_parts"":false,""wrong_location"":true},""question9"":{""all_correct"":false,""extra_parts"":false,""missing_parts"":true,""wrong_location"":false}}]"
"3PIOQ99R8Q0LZWFGSD0PTZTJEW7NU2","3U20ZGNLAG0U51KQK3YR7IVUILJD7F","Judge if an objects line-art has missing elements (10 pairs)","Review 10  line-arts and judge if it has/hasn't missing or extra content. (10 pairs)","tactile, image review, accessibility, vehicles","$0.08","Sat Apr 18 07:37:36 PDT 2026","9","BatchId:5385913;OriginalHitTemplateId:928390873;","1800","1296000","Sat Apr 25 07:37:36 PDT 2026","","","39LOEL67PLJIJFDMXTK6CD9HGS038X","AM8EV600ZP69X","Approved","Sun Apr 19 00:26:03 PDT 2026","Sun Apr 19 00:38:52 PDT 2026","Mon May 04 00:38:52 PDT 2026","Sun Apr 19 07:44:30 PDT 2026","","","769","86% (32/37)","86% (32/37)","86% (32/37)","Boat","https://tactileeval.s3.us-east-1.amazonaws.com/family_datasets/Vehicles_and_Flight_Systems/Boat/Natural/11_boat.png","https://tactileeval.s3.us-east-1.amazonaws.com/family_datasets/Vehicles_and_Flight_Systems/Boat/Tactile/11.jpg","","Boat","https://tactileeval.s3.us-east-1.amazonaws.com/family_datasets/Vehicles_and_Flight_Systems/Boat/Natural/12_boat.png","https://tactileeval.s3.us-east-1.amazonaws.com/family_datasets/Vehicles_and_Flight_Systems/Boat/Tactile/12.jpg","","Boat","https://tactileeval.s3.us-east-1.amazonaws.com/family_datasets/Vehicles_and_Flight_Systems/Boat/Natural/13_boat.png","https://tactileeval.s3.us-east-1.amazonaws.com/family_datasets/Vehicles_and_Flight_Systems/Boat/Tactile/13.jpg","","Boat","https://tactileeval.s3.us-east-1.amazonaws.com/family_datasets/Vehicles_and_Flight_Systems/Boat/Natural/14_boat.png","https://tactileeval.s3.us-east-1.amazonaws.com/family_datasets/Vehicles_and_Flight_Systems/Boat/Tactile/14.jpg","","Boat","https://tactileeval.s3.us-east-1.amazonaws.com/family_datasets/Vehicles_and_Flight_Systems/Boat/Natural/15_boat.png","https://tactileeval.s3.us-east-1.amazonaws.com/family_datasets/Vehicles_and_Flight_Systems/Boat/Tactile/15.jpg","","Boat","https://tactileeval.s3.us-east-1.amazonaws.com/family_datasets/Vehicles_and_Flight_Systems/Boat/Natural/16_boat.png","https://tactileeval.s3.us-east-1.amazonaws.com/family_datasets/Vehicles_and_Flight_Systems/Boat/Tactile/16.jpg","","Boat","https://tactileeval.s3.us-east-1.amazonaws.com/family_datasets/Vehicles_and_Flight_Systems/Boat/Natural/17_boat.png","https://tactileeval.s3.us-east-1.amazonaws.com/family_datasets/Vehicles_and_Flight_Systems/Boat/Tactile/17.jpg","","Boat","https://tactileeval.s3.us-east-1.amazonaws.com/family_datasets/Vehicles_and_Flight_Systems/Boat/Natural/18_boat.png","https://tactileeval.s3.us-east-1.amazonaws.com/family_datasets/Vehicles_and_Flight_Systems/Boat/Tactile/18.jpg","","Boat","https://tactileeval.s3.us-east-1.amazonaws.com/family_datasets/Vehicles_and_Flight_Systems/Boat/Natural/19_boat.png","https://tactileeval.s3.us-east-1.amazonaws.com/family_datasets/Vehicles_and_Flight_Systems/Boat/Tactile/19.png","","Car","https://tactileeval.s3.us-east-1.amazonaws.com/family_datasets/Vehicles_and_Flight_Systems/Car/Natural/Car_1.jpg","https://tactileeval.s3.us-east-1.amazonaws.com/family_datasets/Vehicles_and_Flight_Systems/Car/Tactile/1.jpg","","[{""question1"":{""all_correct"":true,""extra_parts"":false,""missing_parts"":false,""wrong_location"":false},""question10"":{""all_correct"":true,""extra_parts"":false,""missing_parts"":false,""wrong_location"":false},""question2"":{""all_correct"":false,""extra_parts"":false,""missing_parts"":true,""wrong_location"":false},""question3"":{""all_correct"":false,""extra_parts"":false,""missing_parts"":true,""wrong_location"":false},""question4"":{""all_correct"":false,""extra_parts"":false,""missing_parts"":true,""wrong_location"":false},""question5"":{""all_correct"":true,""extra_parts"":false,""missing_parts"":false,""wrong_location"":false},""question6"":{""all_correct"":true,""extra_parts"":false,""missing_parts"":false,""wrong_location"":false},""question7"":{""all_correct"":false,""extra_parts"":false,""missing_parts"":true,""wrong_location"":false},""question8"":{""all_correct"":false,""extra_parts"":true,""missing_parts"":false,""wrong_location"":false},""question9"":{""all_correct"":false,""extra_parts"":false,""missing_parts"":true,""wrong_location"":false}}]"
"35NNO802BNAGQ5KGYWBBAW58K1KINP","3U20ZGNLAG0U51KQK3YR7IVUILJD7F","Judge if an objects line-art has missing elements (10 pairs)","Review 10  line-arts and judge if it has/hasn't missing or extra content. (10 pairs)","tactile, image review, accessibility, vehicles","$0.08","Sat Apr 18 07:37:36 PDT 2026","9","BatchId:5385913;OriginalHitTemplateId:928390873;","1800","1296000","Sat Apr 25 07:37:36 PDT 2026","","","3QFUFYSYARTCGQ6D5LVVWAI9HVJ4F8","A2JKGAWYEHJ18S","Rejected","Sat Apr 18 09:14:54 PDT 2026","Sat Apr 18 09:26:24 PDT 2026","Sun May 03 09:26:24 PDT 2026","","Sat Apr 18 20:04:18 PDT 2026","Thank you for your time. Unfortunately this submission did not pass the embedded gold-standard checks; this task requires very careful attention to detail.","690","15% (3/20)","15% (3/20)","15% (3/20)","Car","https://tactileeval.s3.us-east-1.amazonaws.com/family_datasets/Vehicles_and_Flight_Systems/Car/Natural/Car_2.jpg","https://tactileeval.s3.us-east-1.amazonaws.com/family_datasets/Vehicles_and_Flight_Systems/Car/Tactile/2.jpg","","Car","https://tactileeval.s3.us-east-1.amazonaws.com/family_datasets/Vehicles_and_Flight_Systems/Car/Natural/Car_3.jpeg","https://tactileeval.s3.us-east-1.amazonaws.com/family_datasets/Vehicles_and_Flight_Systems/Car/Tactile/3.jpg","","Car","https://tactileeval.s3.us-east-1.amazonaws.com/family_datasets/Vehicles_and_Flight_Systems/Car/Natural/Car_4.jpeg","https://tactileeval.s3.us-east-1.amazonaws.com/family_datasets/Vehicles_and_Flight_Systems/Car/Tactile/4.jpg","","Car","https://tactileeval.s3.us-east-1.amazonaws.com/family_datasets/Vehicles_and_Flight_Systems/Car/Natural/Car_5.jpg","https://tactileeval.s3.us-east-1.amazonaws.com/family_datasets/Vehicles_and_Flight_Systems/Car/Tactile/5.png","","Car","https://tactileeval.s3.us-east-1.amazonaws.com/family_datasets/Vehicles_and_Flight_Systems/Car/Natural/Car_6.jpeg","https://tactileeval.s3.us-east-1.amazonaws.com/family_datasets/Vehicles_and_Flight_Systems/Car/Tactile/6.jpg","","Car","https://tactileeval.s3.us-east-1.amazonaws.com/family_datasets/Vehicles_and_Flight_Systems/Car/Natural/Car_7.jpeg","https://tactileeval.s3.us-east-1.amazonaws.com/family_datasets/Vehicles_and_Flight_Systems/Car/Tactile/7.jpg","","Car","https://tactileeval.s3.us-east-1.amazonaws.com/family_datasets/Vehicles_and_Flight_Systems/Car/Natural/Car_8.jpeg","https://tactileeval.s3.us-east-1.amazonaws.com/family_datasets/Vehicles_and_Flight_Systems/Car/Tactile/8.jpg","","Car","https://tactileeval.s3.us-east-1.amazonaws.com/family_datasets/Vehicles_and_Flight_Systems/Car/Natural/Car_9.jpg","https://tactileeval.s3.us-east-1.amazonaws.com/family_datasets/Vehicles_and_Flight_Systems/Car/Tactile/9.jpg","","Car","https://tactileeval.s3.us-east-1.amazonaws.com/family_datasets/Vehicles_and_Flight_Systems/Car/Natural/Car_10.jpeg","https://tactileeval.s3.us-east-1.amazonaws.com/family_datasets/Vehicles_and_Flight_Systems/Car/Tactile/10.jpg","","Car","https://tactileeval.s3.us-east-1.amazonaws.com/family_datasets/Vehicles_and_Flight_Systems/Car/Natural/Car_11.jpg","https://tactileeval.s3.us-east-1.amazonaws.com/family_datasets/Vehicles_and_Flight_Systems/Car/Tactile/11.jpg","","[{""question1"":{""all_correct"":false,""extra_parts"":true,""missing_parts"":false,""wrong_location"":false},""question10"":{""all_correct"":false,""extra_parts"":true,""missing_parts"":false,""wrong_location"":false},""question2"":{""all_correct"":false,""extra_parts"":false,""missing_parts"":false,""wrong_location"":true},""question3"":{""all_correct"":false,""extra_parts"":true,""missing_parts"":false,""wrong_location"":false},""question4"":{""all_correct"":false,""extra_parts"":true,""missing_parts"":false,""wrong_location"":false},""question5"":{""all_correct"":false,""extra_parts"":false,""missing_parts"":true,""wrong_location"":false},""question6"":{""all_correct"":false,""extra_parts"":true,""missing_parts"":false,""wrong_location"":false},""question7"":{""all_correct"":false,""extra_parts"":true,""missing_parts"":false,""wrong_location"":false},""question8"":{""all_correct"":false,""extra_parts"":false,""missing_parts"":true,""wrong_location"":false},""question9"":{""all_correct"":false,""extra_parts"":true,""missing_parts"":false,""wrong_location"":false}}]"
"35NNO802BNAGQ5KGYWBBAW58K1KINP","3U20ZGNLAG0U51KQK3YR7IVUILJD7F","Judge if an objects line-art has missing elements (10 pairs)","Review 10  line-arts and judge if it has/hasn't missing or extra content. (10 pairs)","tactile, image review, accessibility, vehicles","$0.08","Sat Apr 18 07:37:36 PDT 2026","9","BatchId:5385913;OriginalHitTemplateId:928390873;","1800","1296000","Sat Apr 25 07:37:36 PDT 2026","","","3RXCAC0YJK3JDRPAS8RQV7YQKWRG82","A11RQ0K5GQ3NJG","Rejected","Sat Apr 18 10:30:00 PDT 2026","Sat Apr 18 10:38:13 PDT 2026","Sun May 03 10:38:13 PDT 2026","","Sat Apr 18 20:04:19 PDT 2026","Thank you for your time. Unfortunately this submission did not pass the embedded gold-standard checks; this task requires very careful attention to detail.","493","39% (12/31)","39% (12/31)","39% (12/31)","Car","https://tactileeval.s3.us-east-1.amazonaws.com/family_datasets/Vehicles_and_Flight_Systems/Car/Natural/Car_2.jpg","https://tactileeval.s3.us-east-1.amazonaws.com/family_datasets/Vehicles_and_Flight_Systems/Car/Tactile/2.jpg","","Car","https://tactileeval.s3.us-east-1.amazonaws.com/family_datasets/Vehicles_and_Flight_Systems/Car/Natural/Car_3.jpeg","https://tactileeval.s3.us-east-1.amazonaws.com/family_datasets/Vehicles_and_Flight_Systems/Car/Tactile/3.jpg","","Car","https://tactileeval.s3.us-east-1.amazonaws.com/family_datasets/Vehicles_and_Flight_Systems/Car/Natural/Car_4.jpeg","https://tactileeval.s3.us-east-1.amazonaws.com/family_datasets/Vehicles_and_Flight_Systems/Car/Tactile/4.jpg","","Car","https://tactileeval.s3.us-east-1.amazonaws.com/family_datasets/Vehicles_and_Flight_Systems/Car/Natural/Car_5.jpg","https://tactileeval.s3.us-east-1.amazonaws.com/family_datasets/Vehicles_and_Flight_Systems/Car/Tactile/5.png","","Car","https://tactileeval.s3.us-east-1.amazonaws.com/family_datasets/Vehicles_and_Flight_Systems/Car/Natural/Car_6.jpeg","https://tactileeval.s3.us-east-1.amazonaws.com/family_datasets/Vehicles_and_Flight_Systems/Car/Tactile/6.jpg","","Car","https://tactileeval.s3.us-east-1.amazonaws.com/family_datasets/Vehicles_and_Flight_Systems/Car/Natural/Car_7.jpeg","https://tactileeval.s3.us-east-1.amazonaws.com/family_datasets/Vehicles_and_Flight_Systems/Car/Tactile/7.jpg","","Car","https://tactileeval.s3.us-east-1.amazonaws.com/family_datasets/Vehicles_and_Flight_Systems/Car/Natural/Car_8.jpeg","https://tactileeval.s3.us-east-1.amazonaws.com/family_datasets/Vehicles_and_Flight_Systems/Car/Tactile/8.jpg","","Car","https://tactileeval.s3.us-east-1.amazonaws.com/family_datasets/Vehicles_and_Flight_Systems/Car/Natural/Car_9.jpg","https://tactileeval.s3.us-east-1.amazonaws.com/family_datasets/Vehicles_and_Flight_Systems/Car/Tactile/9.jpg","","Car","https://tactileeval.s3.us-east-1.amazonaws.com/family_datasets/Vehicles_and_Flight_Systems/Car/Natural/Car_10.jpeg","https://tactileeval.s3.us-east-1.amazonaws.com/family_datasets/Vehicles_and_Flight_Systems/Car/Tactile/10.jpg","","Car","https://tactileeval.s3.us-east-1.amazonaws.com/family_datasets/Vehicles_and_Flight_Systems/Car/Natural/Car_11.jpg","https://tactileeval.s3.us-east-1.amazonaws.com/family_datasets/Vehicles_and_Flight_Systems/Car/Tactile/11.jpg","","[{""question1"":{""all_correct"":false,""extra_parts"":true,""missing_parts"":false,""wrong_location"":false},""question10"":{""all_correct"":false,""extra_parts"":true,""missing_parts"":false,""wrong_location"":false},""question2"":{""all_correct"":true,""extra_parts"":false,""missing_parts"":false,""wrong_location"":false},""question3"":{""all_correct"":false,""extra_parts"":true,""missing_parts"":false,""wrong_location"":false},""question4"":{""all_correct"":true,""extra_parts"":false,""missing_parts"":false,""wrong_location"":false},""question5"":{""all_correct"":true,""extra_parts"":false,""missing_parts"":false,""wrong_location"":false},""question6"":{""all_correct"":true,""extra_parts"":false,""missing_parts"":false,""wrong_location"":false},""question7"":{""all_correct"":true,""extra_parts"":false,""missing_parts"":false,""wrong_location"":false},""question8"":{""all_correct"":true,""extra_parts"":false,""missing_parts"":false,""wrong_location"":false},""question9"":{""all_correct"":false,""extra_parts"":true,""missing_parts"":false,""wrong_location"":false}}]"
"35NNO802BNAGQ5KGYWBBAW58K1KINP","3U20ZGNLAG0U51KQK3YR7IVUILJD7F","Judge if an objects line-art has missing elements (10 pairs)","Review 10  line-arts and judge if it has/hasn't missing or extra content. (10 pairs)","tactile, image review, accessibility, vehicles","$0.08","Sat Apr 18 07:37:36 PDT 2026","9","BatchId:5385913;OriginalHitTemplateId:928390873;","1800","1296000","Sat Apr 25 07:37:36 PDT 2026","","","3ZPPDN2SMOAL7ICTR57GV08PRMUE98","ASBG43I93VS4A","Rejected","Sat Apr 18 10:30:08 PDT 2026","Sat Apr 18 10:45:33 PDT 2026","Sun May 03 10:45:33 PDT 2026","","Sat Apr 18 20:04:19 PDT 2026","Thank you for your time. Unfortunately this submission did not pass the embedded gold-standard checks; this task requires very careful attention to detail.","925","27% (8/30)","27% (8/30)","27% (8/30)","Car","https://tactileeval.s3.us-east-1.amazonaws.com/family_datasets/Vehicles_and_Flight_Systems/Car/Natural/Car_2.jpg","https://tactileeval.s3.us-east-1.amazonaws.com/family_datasets/Vehicles_and_Flight_Systems/Car/Tactile/2.jpg","","Car","https://tactileeval.s3.us-east-1.amazonaws.com/family_datasets/Vehicles_and_Flight_Systems/Car/Natural/Car_3.jpeg","https://tactileeval.s3.us-east-1.amazonaws.com/family_datasets/Vehicles_and_Flight_Systems/Car/Tactile/3.jpg","","Car","https://tactileeval.s3.us-east-1.amazonaws.com/family_datasets/Vehicles_and_Flight_Systems/Car/Natural/Car_4.jpeg","https://tactileeval.s3.us-east-1.amazonaws.com/family_datasets/Vehicles_and_Flight_Systems/Car/Tactile/4.jpg","","Car","https://tactileeval.s3.us-east-1.amazonaws.com/family_datasets/Vehicles_and_Flight_Systems/Car/Natural/Car_5.jpg","https://tactileeval.s3.us-east-1.amazonaws.com/family_datasets/Vehicles_and_Flight_Systems/Car/Tactile/5.png","","Car","https://tactileeval.s3.us-east-1.amazonaws.com/family_datasets/Vehicles_and_Flight_Systems/Car/Natural/Car_6.jpeg","https://tactileeval.s3.us-east-1.amazonaws.com/family_datasets/Vehicles_and_Flight_Systems/Car/Tactile/6.jpg","","Car","https://tactileeval.s3.us-east-1.amazonaws.com/family_datasets/Vehicles_and_Flight_Systems/Car/Natural/Car_7.jpeg","https://tactileeval.s3.us-east-1.amazonaws.com/family_datasets/Vehicles_and_Flight_Systems/Car/Tactile/7.jpg","","Car","https://tactileeval.s3.us-east-1.amazonaws.com/family_datasets/Vehicles_and_Flight_Systems/Car/Natural/Car_8.jpeg","https://tactileeval.s3.us-east-1.amazonaws.com/family_datasets/Vehicles_and_Flight_Systems/Car/Tactile/8.jpg","","Car","https://tactileeval.s3.us-east-1.amazonaws.com/family_datasets/Vehicles_and_Flight_Systems/Car/Natural/Car_9.jpg","https://tactileeval.s3.us-east-1.amazonaws.com/family_datasets/Vehicles_and_Flight_Systems/Car/Tactile/9.jpg","","Car","https://tactileeval.s3.us-east-1.amazonaws.com/family_datasets/Vehicles_and_Flight_Systems/Car/Natural/Car_10.jpeg","https://tactileeval.s3.us-east-1.amazonaws.com/family_datasets/Vehicles_and_Flight_Systems/Car/Tactile/10.jpg","","Car","https://tactileeval.s3.us-east-1.amazonaws.com/family_datasets/Vehicles_and_Flight_Systems/Car/Natural/Car_11.jpg","https://tactileeval.s3.us-east-1.amazonaws.com/family_datasets/Vehicles_and_Flight_Systems/Car/Tactile/11.jpg","","[{""question1"":{""all_correct"":false,""extra_parts"":true,""missing_parts"":true,""wrong_location"":false},""question10"":{""all_correct"":false,""extra_parts"":true,""missing_parts"":true,""wrong_location"":false},""question2"":{""all_correct"":false,""extra_parts"":true,""missing_parts"":true,""wrong_location"":false},""question3"":{""all_correct"":false,""extra_parts"":true,""missing_parts"":true,""wrong_location"":false},""question4"":{""all_correct"":false,""extra_parts"":true,""missing_parts"":true,""wrong_location"":false},""question5"":{""all_correct"":false,""extra_parts"":true,""missing_parts"":true,""wrong_location"":false},""question6"":{""all_correct"":true,""extra_parts"":false,""missing_parts"":false,""wrong_location"":false},""question7"":{""all_correct"":false,""extra_parts"":true,""missing_parts"":true,""wrong_location"":false},""question8"":{""all_correct"":false,""extra_parts"":true,""missing_parts"":true,""wrong_location"":false},""question9"":{""all_correct"":false,""extra_parts"":true,""missing_parts"":true,""wrong_location"":false}}]"
"35NNO802BNAGQ5KGYWBBAW58K1KINP","3U20ZGNLAG0U51KQK3YR7IVUILJD7F","Judge if an objects line-art has missing elements (10 pairs)","Review 10  line-arts and judge if it has/hasn't missing or extra content. (10 pairs)","tactile, image review, accessibility, vehicles","$0.08","Sat Apr 18 07:37:36 PDT 2026","9","BatchId:5385913;OriginalHitTemplateId:928390873;","1800","1296000","Sat Apr 25 07:37:36 PDT 2026","","","3Z7ISHFUIT9J48KFI0FFGEEWVML8ZJ","AM6XJQNLFEV4J","Approved","Sat Apr 18 10:29:58 PDT 2026","Sat Apr 18 10:47:41 PDT 2026","Sun May 03 10:47:41 PDT 2026","Sat Apr 18 20:04:19 PDT 2026","","","1063","59% (19/32)","59% (19/32)","59% (19/32)","Car","https://tactileeval.s3.us-east-1.amazonaws.com/family_datasets/Vehicles_and_Flight_Systems/Car/Natural/Car_2.jpg","https://tactileeval.s3.us-east-1.amazonaws.com/family_datasets/Vehicles_and_Flight_Systems/Car/Tactile/2.jpg","","Car","https://tactileeval.s3.us-east-1.amazonaws.com/family_datasets/Vehicles_and_Flight_Systems/Car/Natural/Car_3.jpeg","https://tactileeval.s3.us-east-1.amazonaws.com/family_datasets/Vehicles_and_Flight_Systems/Car/Tactile/3.jpg","","Car","https://tactileeval.s3.us-east-1.amazonaws.com/family_datasets/Vehicles_and_Flight_Systems/Car/Natural/Car_4.jpeg","https://tactileeval.s3.us-east-1.amazonaws.com/family_datasets/Vehicles_and_Flight_Systems/Car/Tactile/4.jpg","","Car","https://tactileeval.s3.us-east-1.amazonaws.com/family_datasets/Vehicles_and_Flight_Systems/Car/Natural/Car_5.jpg","https://tactileeval.s3.us-east-1.amazonaws.com/family_datasets/Vehicles_and_Flight_Systems/Car/Tactile/5.png","","Car","https://tactileeval.s3.us-east-1.amazonaws.com/family_datasets/Vehicles_and_Flight_Systems/Car/Natural/Car_6.jpeg","https://tactileeval.s3.us-east-1.amazonaws.com/family_datasets/Vehicles_and_Flight_Systems/Car/Tactile/6.jpg","","Car","https://tactileeval.s3.us-east-1.amazonaws.com/family_datasets/Vehicles_and_Flight_Systems/Car/Natural/Car_7.jpeg","https://tactileeval.s3.us-east-1.amazonaws.com/family_datasets/Vehicles_and_Flight_Systems/Car/Tactile/7.jpg","","Car","https://tactileeval.s3.us-east-1.amazonaws.com/family_datasets/Vehicles_and_Flight_Systems/Car/Natural/Car_8.jpeg","https://tactileeval.s3.us-east-1.amazonaws.com/family_datasets/Vehicles_and_Flight_Systems/Car/Tactile/8.jpg","","Car","https://tactileeval.s3.us-east-1.amazonaws.com/family_datasets/Vehicles_and_Flight_Systems/Car/Natural/Car_9.jpg","https://tactileeval.s3.us-east-1.amazonaws.com/family_datasets/Vehicles_and_Flight_Systems/Car/Tactile/9.jpg","","Car","https://tactileeval.s3.us-east-1.amazonaws.com/family_datasets/Vehicles_and_Flight_Systems/Car/Natural/Car_10.jpeg","https://tactileeval.s3.us-east-1.amazonaws.com/family_datasets/Vehicles_and_Flight_Systems/Car/Tactile/10.jpg","","Car","https://tactileeval.s3.us-east-1.amazonaws.com/family_datasets/Vehicles_and_Flight_Systems/Car/Natural/Car_11.jpg","https://tactileeval.s3.us-east-1.amazonaws.com/family_datasets/Vehicles_and_Flight_Systems/Car/Tactile/11.jpg","","[{""question1"":{""all_correct"":true,""extra_parts"":false,""missing_parts"":false,""wrong_location"":false},""question10"":{""all_correct"":false,""extra_parts"":true,""missing_parts"":true,""wrong_location"":false},""question2"":{""all_correct"":false,""extra_parts"":true,""missing_parts"":true,""wrong_location"":false},""question3"":{""all_correct"":false,""extra_parts"":true,""missing_parts"":false,""wrong_location"":false},""question4"":{""all_correct"":false,""extra_parts"":false,""missing_parts"":true,""wrong_location"":false},""question5"":{""all_correct"":false,""extra_parts"":true,""missing_parts"":false,""wrong_location"":false},""question6"":{""all_correct"":false,""extra_parts"":true,""missing_parts"":true,""wrong_location"":false},""question7"":{""all_correct"":false,""extra_parts"":true,""missing_parts"":true,""wrong_location"":false},""question8"":{""all_correct"":false,""extra_parts"":true,""missing_parts"":true,""wrong_location"":false},""question9"":{""all_correct"":false,""extra_parts"":true,""missing_parts"":true,""wrong_location"":false}}]"
"35NNO802BNAGQ5KGYWBBAW58K1KINP","3U20ZGNLAG0U51KQK3YR7IVUILJD7F","Judge if an objects line-art has missing elements (10 pairs)","Review 10  line-arts and judge if it has/hasn't missing or extra content. (10 pairs)","tactile, image review, accessibility, vehicles","$0.08","Sat Apr 18 07:37:36 PDT 2026","9","BatchId:5385913;OriginalHitTemplateId:928390873;","1800","1296000","Sat Apr 25 07:37:36 PDT 2026","","","386PBUZZY8BOJ0ZUU3LXXPCCWO7LJX","A12VYCG9CMKAFA","Rejected","Sat Apr 18 10:30:09 PDT 2026","Sat Apr 18 10:54:02 PDT 2026","Sun May 03 10:54:02 PDT 2026","","Sat Apr 18 20:04:19 PDT 2026","Thank you for your time. Unfortunately this submission did not pass the embedded gold-standard checks; this task requires very careful attention to detail.","1433","26% (7/27)","26% (7/27)","26% (7/27)","Car","https://tactileeval.s3.us-east-1.amazonaws.com/family_datasets/Vehicles_and_Flight_Systems/Car/Natural/Car_2.jpg","https://tactileeval.s3.us-east-1.amazonaws.com/family_datasets/Vehicles_and_Flight_Systems/Car/Tactile/2.jpg","","Car","https://tactileeval.s3.us-east-1.amazonaws.com/family_datasets/Vehicles_and_Flight_Systems/Car/Natural/Car_3.jpeg","https://tactileeval.s3.us-east-1.amazonaws.com/family_datasets/Vehicles_and_Flight_Systems/Car/Tactile/3.jpg","","Car","https://tactileeval.s3.us-east-1.amazonaws.com/family_datasets/Vehicles_and_Flight_Systems/Car/Natural/Car_4.jpeg","https://tactileeval.s3.us-east-1.amazonaws.com/family_datasets/Vehicles_and_Flight_Systems/Car/Tactile/4.jpg","","Car","https://tactileeval.s3.us-east-1.amazonaws.com/family_datasets/Vehicles_and_Flight_Systems/Car/Natural/Car_5.jpg","https://tactileeval.s3.us-east-1.amazonaws.com/family_datasets/Vehicles_and_Flight_Systems/Car/Tactile/5.png","","Car","https://tactileeval.s3.us-east-1.amazonaws.com/family_datasets/Vehicles_and_Flight_Systems/Car/Natural/Car_6.jpeg","https://tactileeval.s3.us-east-1.amazonaws.com/family_datasets/Vehicles_and_Flight_Systems/Car/Tactile/6.jpg","","Car","https://tactileeval.s3.us-east-1.amazonaws.com/family_datasets/Vehicles_and_Flight_Systems/Car/Natural/Car_7.jpeg","https://tactileeval.s3.us-east-1.amazonaws.com/family_datasets/Vehicles_and_Flight_Systems/Car/Tactile/7.jpg","","Car","https://tactileeval.s3.us-east-1.amazonaws.com/family_datasets/Vehicles_and_Flight_Systems/Car/Natural/Car_8.jpeg","https://tactileeval.s3.us-east-1.amazonaws.com/family_datasets/Vehicles_and_Flight_Systems/Car/Tactile/8.jpg","","Car","https://tactileeval.s3.us-east-1.amazonaws.com/family_datasets/Vehicles_and_Flight_Systems/Car/Natural/Car_9.jpg","https://tactileeval.s3.us-east-1.amazonaws.com/family_datasets/Vehicles_and_Flight_Systems/Car/Tactile/9.jpg","","Car","https://tactileeval.s3.us-east-1.amazonaws.com/family_datasets/Vehicles_and_Flight_Systems/Car/Natural/Car_10.jpeg","https://tactileeval.s3.us-east-1.amazonaws.com/family_datasets/Vehicles_and_Flight_Systems/Car/Tactile/10.jpg","","Car","https://tactileeval.s3.us-east-1.amazonaws.com/family_datasets/Vehicles_and_Flight_Systems/Car/Natural/Car_11.jpg","https://tactileeval.s3.us-east-1.amazonaws.com/family_datasets/Vehicles_and_Flight_Systems/Car/Tactile/11.jpg","","[{""question1"":{""all_correct"":false,""extra_parts"":true,""missing_parts"":false,""wrong_location"":false},""question10"":{""all_correct"":false,""extra_parts"":true,""missing_parts"":false,""wrong_location"":false},""question2"":{""all_correct"":false,""extra_parts"":true,""missing_parts"":false,""wrong_location"":false},""question3"":{""all_correct"":false,""extra_parts"":true,""missing_parts"":false,""wrong_location"":false},""question4"":{""all_correct"":false,""extra_parts"":true,""missing_parts"":false,""wrong_location"":false},""question5"":{""all_correct"":false,""extra_parts"":true,""missing_parts"":false,""wrong_location"":false},""question6"":{""all_correct"":false,""extra_parts"":true,""missing_parts"":false,""wrong_location"":false},""question7"":{""all_correct"":true,""extra_parts"":false,""missing_parts"":false,""wrong_location"":false},""question8"":{""all_correct"":false,""extra_parts"":true,""missing_parts"":false,""wrong_location"":false},""question9"":{""all_correct"":false,""extra_parts"":true,""missing_parts"":false,""wrong_location"":false}}]"
"35NNO802BNAGQ5KGYWBBAW58K1KINP","3U20ZGNLAG0U51KQK3YR7IVUILJD7F","Judge if an objects line-art has missing elements (10 pairs)","Review 10  line-arts and judge if it has/hasn't missing or extra content. (10 pairs)","tactile, image review, accessibility, vehicles","$0.08","Sat Apr 18 07:37:36 PDT 2026","9","BatchId:5385913;OriginalHitTemplateId:928390873;","1800","1296000","Sat Apr 25 07:37:36 PDT 2026","","","36WLNQG79SO4VBRQPPLCM63FFMXEBI","A2I68SNRG9QUY7","Rejected","Sat Apr 18 10:30:12 PDT 2026","Sat Apr 18 10:58:34 PDT 2026","Sun May 03 10:58:34 PDT 2026","","Sat Apr 18 20:04:19 PDT 2026","Thank you for your time. Unfortunately this submission did not pass the embedded gold-standard checks; this task requires very careful attention to detail.","1702","11% (1/9)","11% (1/9)","11% (1/9)","Car","https://tactileeval.s3.us-east-1.amazonaws.com/family_datasets/Vehicles_and_Flight_Systems/Car/Natural/Car_2.jpg","https://tactileeval.s3.us-east-1.amazonaws.com/family_datasets/Vehicles_and_Flight_Systems/Car/Tactile/2.jpg","","Car","https://tactileeval.s3.us-east-1.amazonaws.com/family_datasets/Vehicles_and_Flight_Systems/Car/Natural/Car_3.jpeg","https://tactileeval.s3.us-east-1.amazonaws.com/family_datasets/Vehicles_and_Flight_Systems/Car/Tactile/3.jpg","","Car","https://tactileeval.s3.us-east-1.amazonaws.com/family_datasets/Vehicles_and_Flight_Systems/Car/Natural/Car_4.jpeg","https://tactileeval.s3.us-east-1.amazonaws.com/family_datasets/Vehicles_and_Flight_Systems/Car/Tactile/4.jpg","","Car","https://tactileeval.s3.us-east-1.amazonaws.com/family_datasets/Vehicles_and_Flight_Systems/Car/Natural/Car_5.jpg","https://tactileeval.s3.us-east-1.amazonaws.com/family_datasets/Vehicles_and_Flight_Systems/Car/Tactile/5.png","","Car","https://tactileeval.s3.us-east-1.amazonaws.com/family_datasets/Vehicles_and_Flight_Systems/Car/Natural/Car_6.jpeg","https://tactileeval.s3.us-east-1.amazonaws.com/family_datasets/Vehicles_and_Flight_Systems/Car/Tactile/6.jpg","","Car","https://tactileeval.s3.us-east-1.amazonaws.com/family_datasets/Vehicles_and_Flight_Systems/Car/Natural/Car_7.jpeg","https://tactileeval.s3.us-east-1.amazonaws.com/family_datasets/Vehicles_and_Flight_Systems/Car/Tactile/7.jpg","","Car","https://tactileeval.s3.us-east-1.amazonaws.com/family_datasets/Vehicles_and_Flight_Systems/Car/Natural/Car_8.jpeg","https://tactileeval.s3.us-east-1.amazonaws.com/family_datasets/Vehicles_and_Flight_Systems/Car/Tactile/8.jpg","","Car","https://tactileeval.s3.us-east-1.amazonaws.com/family_datasets/Vehicles_and_Flight_Systems/Car/Natural/Car_9.jpg","https://tactileeval.s3.us-east-1.amazonaws.com/family_datasets/Vehicles_and_Flight_Systems/Car/Tactile/9.jpg","","Car","https://tactileeval.s3.us-east-1.amazonaws.com/family_datasets/Vehicles_and_Flight_Systems/Car/Natural/Car_10.jpeg","https://tactileeval.s3.us-east-1.amazonaws.com/family_datasets/Vehicles_and_Flight_Systems/Car/Tactile/10.jpg","","Car","https://tactileeval.s3.us-east-1.amazonaws.com/family_datasets/Vehicles_and_Flight_Systems/Car/Natural/Car_11.jpg","https://tactileeval.s3.us-east-1.amazonaws.com/family_datasets/Vehicles_and_Flight_Systems/Car/Tactile/11.jpg","","[{""question1"":{""all_correct"":false,""extra_parts"":true,""missing_parts"":true,""wrong_location"":false},""question10"":{""all_correct"":false,""extra_parts"":true,""missing_parts"":false,""wrong_location"":false},""question2"":{""all_correct"":false,""extra_parts"":true,""missing_parts"":false,""wrong_location"":false},""question3"":{""all_correct"":false,""extra_parts"":true,""missing_parts"":false,""wrong_location"":false},""question4"":{""all_correct"":false,""extra_parts"":true,""missing_parts"":false,""wrong_location"":false},""question5"":{""all_correct"":false,""extra_parts"":true,""missing_parts"":false,""wrong_location"":false},""question6"":{""all_correct"":false,""extra_parts"":false,""missing_parts"":true,""wrong_location"":false},""question7"":{""all_correct"":false,""extra_parts"":true,""missing_parts"":false,""wrong_location"":false},""question8"":{""all_correct"":false,""extra_parts"":true,""missing_parts"":false,""wrong_location"":false},""question9"":{""all_correct"":false,""extra_parts"":true,""missing_parts"":false,""wrong_location"":false}}]"
"35NNO802BNAGQ5KGYWBBAW58K1KINP","3U20ZGNLAG0U51KQK3YR7IVUILJD7F","Judge if an objects line-art has missing elements (10 pairs)","Review 10  line-arts and judge if it has/hasn't missing or extra content. (10 pairs)","tactile, image review, accessibility, vehicles","$0.08","Sat Apr 18 07:37:36 PDT 2026","9","BatchId:5385913;OriginalHitTemplateId:928390873;","1800","1296000","Sat Apr 25 07:37:36 PDT 2026","","","3WEV0KO0PF6YKRUS4GWN6DVUJYLSD7","A3O5ICTUN0AMMI","Rejected","Sat Apr 18 11:01:38 PDT 2026","Sat Apr 18 11:11:59 PDT 2026","Sun May 03 11:11:59 PDT 2026","","Sat Apr 18 20:04:19 PDT 2026","Thank you for your time. Unfortunately this submission did not pass the embedded gold-standard checks; this task requires very careful attention to detail.","621","50% (8/16)","50% (8/16)","50% (8/16)","Car","https://tactileeval.s3.us-east-1.amazonaws.com/family_datasets/Vehicles_and_Flight_Systems/Car/Natural/Car_2.jpg","https://tactileeval.s3.us-east-1.amazonaws.com/family_datasets/Vehicles_and_Flight_Systems/Car/Tactile/2.jpg","","Car","https://tactileeval.s3.us-east-1.amazonaws.com/family_datasets/Vehicles_and_Flight_Systems/Car/Natural/Car_3.jpeg","https://tactileeval.s3.us-east-1.amazonaws.com/family_datasets/Vehicles_and_Flight_Systems/Car/Tactile/3.jpg","","Car","https://tactileeval.s3.us-east-1.amazonaws.com/family_datasets/Vehicles_and_Flight_Systems/Car/Natural/Car_4.jpeg","https://tactileeval.s3.us-east-1.amazonaws.com/family_datasets/Vehicles_and_Flight_Systems/Car/Tactile/4.jpg","","Car","https://tactileeval.s3.us-east-1.amazonaws.com/family_datasets/Vehicles_and_Flight_Systems/Car/Natural/Car_5.jpg","https://tactileeval.s3.us-east-1.amazonaws.com/family_datasets/Vehicles_and_Flight_Systems/Car/Tactile/5.png","","Car","https://tactileeval.s3.us-east-1.amazonaws.com/family_datasets/Vehicles_and_Flight_Systems/Car/Natural/Car_6.jpeg","https://tactileeval.s3.us-east-1.amazonaws.com/family_datasets/Vehicles_and_Flight_Systems/Car/Tactile/6.jpg","","Car","https://tactileeval.s3.us-east-1.amazonaws.com/family_datasets/Vehicles_and_Flight_Systems/Car/Natural/Car_7.jpeg","https://tactileeval.s3.us-east-1.amazonaws.com/family_datasets/Vehicles_and_Flight_Systems/Car/Tactile/7.jpg","","Car","https://tactileeval.s3.us-east-1.amazonaws.com/family_datasets/Vehicles_and_Flight_Systems/Car/Natural/Car_8.jpeg","https://tactileeval.s3.us-east-1.amazonaws.com/family_datasets/Vehicles_and_Flight_Systems/Car/Tactile/8.jpg","","Car","https://tactileeval.s3.us-east-1.amazonaws.com/family_datasets/Vehicles_and_Flight_Systems/Car/Natural/Car_9.jpg","https://tactileeval.s3.us-east-1.amazonaws.com/family_datasets/Vehicles_and_Flight_Systems/Car/Tactile/9.jpg","","Car","https://tactileeval.s3.us-east-1.amazonaws.com/family_datasets/Vehicles_and_Flight_Systems/Car/Natural/Car_10.jpeg","https://tactileeval.s3.us-east-1.amazonaws.com/family_datasets/Vehicles_and_Flight_Systems/Car/Tactile/10.jpg","","Car","https://tactileeval.s3.us-east-1.amazonaws.com/family_datasets/Vehicles_and_Flight_Systems/Car/Natural/Car_11.jpg","https://tactileeval.s3.us-east-1.amazonaws.com/family_datasets/Vehicles_and_Flight_Systems/Car/Tactile/11.jpg","","[{""question1"":{""all_correct"":true,""extra_parts"":false,""missing_parts"":false,""wrong_location"":false},""question10"":{""all_correct"":true,""extra_parts"":false,""missing_parts"":false,""wrong_location"":false},""question2"":{""all_correct"":true,""extra_parts"":false,""missing_parts"":false,""wrong_location"":false},""question3"":{""all_correct"":true,""extra_parts"":false,""missing_parts"":false,""wrong_location"":false},""question4"":{""all_correct"":true,""extra_parts"":false,""missing_parts"":false,""wrong_location"":false},""question5"":{""all_correct"":true,""extra_parts"":false,""missing_parts"":false,""wrong_location"":false},""question6"":{""all_correct"":false,""extra_parts"":false,""missing_parts"":false,""wrong_location"":true},""question7"":{""all_correct"":true,""extra_parts"":false,""missing_parts"":false,""wrong_location"":false},""question8"":{""all_correct"":true,""extra_parts"":false,""missing_parts"":false,""wrong_location"":false},""question9"":{""all_correct"":false,""extra_parts"":true,""missing_parts"":false,""wrong_location"":false}}]"
"35NNO802BNAGQ5KGYWBBAW58K1KINP","3U20ZGNLAG0U51KQK3YR7IVUILJD7F","Judge if an objects line-art has missing elements (10 pairs)","Review 10  line-arts and judge if it has/hasn't missing or extra content. (10 pairs)","tactile, image review, accessibility, vehicles","$0.08","Sat Apr 18 07:37:36 PDT 2026","9","BatchId:5385913;OriginalHitTemplateId:928390873;","1800","1296000","Sat Apr 25 07:37:36 PDT 2026","","","34J10VATK8C3FMV14Q8T2AW6TG9QIL","A7D1G6VBRTJMJ","Rejected","Sat Apr 18 20:43:26 PDT 2026","Sat Apr 18 20:53:13 PDT 2026","Sun May 03 20:53:13 PDT 2026","","Sun Apr 19 07:44:30 PDT 2026","Thank you for your time. Unfortunately this submission did not pass the embedded gold-standard checks; this task requires very careful attention to detail.","587","46% (11/24)","46% (11/24)","46% (11/24)","Car","https://tactileeval.s3.us-east-1.amazonaws.com/family_datasets/Vehicles_and_Flight_Systems/Car/Natural/Car_2.jpg","https://tactileeval.s3.us-east-1.amazonaws.com/family_datasets/Vehicles_and_Flight_Systems/Car/Tactile/2.jpg","","Car","https://tactileeval.s3.us-east-1.amazonaws.com/family_datasets/Vehicles_and_Flight_Systems/Car/Natural/Car_3.jpeg","https://tactileeval.s3.us-east-1.amazonaws.com/family_datasets/Vehicles_and_Flight_Systems/Car/Tactile/3.jpg","","Car","https://tactileeval.s3.us-east-1.amazonaws.com/family_datasets/Vehicles_and_Flight_Systems/Car/Natural/Car_4.jpeg","https://tactileeval.s3.us-east-1.amazonaws.com/family_datasets/Vehicles_and_Flight_Systems/Car/Tactile/4.jpg","","Car","https://tactileeval.s3.us-east-1.amazonaws.com/family_datasets/Vehicles_and_Flight_Systems/Car/Natural/Car_5.jpg","https://tactileeval.s3.us-east-1.amazonaws.com/family_datasets/Vehicles_and_Flight_Systems/Car/Tactile/5.png","","Car","https://tactileeval.s3.us-east-1.amazonaws.com/family_datasets/Vehicles_and_Flight_Systems/Car/Natural/Car_6.jpeg","https://tactileeval.s3.us-east-1.amazonaws.com/family_datasets/Vehicles_and_Flight_Systems/Car/Tactile/6.jpg","","Car","https://tactileeval.s3.us-east-1.amazonaws.com/family_datasets/Vehicles_and_Flight_Systems/Car/Natural/Car_7.jpeg","https://tactileeval.s3.us-east-1.amazonaws.com/family_datasets/Vehicles_and_Flight_Systems/Car/Tactile/7.jpg","","Car","https://tactileeval.s3.us-east-1.amazonaws.com/family_datasets/Vehicles_and_Flight_Systems/Car/Natural/Car_8.jpeg","https://tactileeval.s3.us-east-1.amazonaws.com/family_datasets/Vehicles_and_Flight_Systems/Car/Tactile/8.jpg","","Car","https://tactileeval.s3.us-east-1.amazonaws.com/family_datasets/Vehicles_and_Flight_Systems/Car/Natural/Car_9.jpg","https://tactileeval.s3.us-east-1.amazonaws.com/family_datasets/Vehicles_and_Flight_Systems/Car/Tactile/9.jpg","","Car","https://tactileeval.s3.us-east-1.amazonaws.com/family_datasets/Vehicles_and_Flight_Systems/Car/Natural/Car_10.jpeg","https://tactileeval.s3.us-east-1.amazonaws.com/family_datasets/Vehicles_and_Flight_Systems/Car/Tactile/10.jpg","","Car","https://tactileeval.s3.us-east-1.amazonaws.com/family_datasets/Vehicles_and_Flight_Systems/Car/Natural/Car_11.jpg","https://tactileeval.s3.us-east-1.amazonaws.com/family_datasets/Vehicles_and_Flight_Systems/Car/Tactile/11.jpg","","[{""question1"":{""all_correct"":true,""extra_parts"":false,""missing_parts"":false,""wrong_location"":false},""question10"":{""all_correct"":false,""extra_parts"":false,""missing_parts"":true,""wrong_location"":false},""question2"":{""all_correct"":true,""extra_parts"":false,""missing_parts"":false,""wrong_location"":false},""question3"":{""all_correct"":true,""extra_parts"":false,""missing_parts"":false,""wrong_location"":false},""question4"":{""all_correct"":true,""extra_parts"":false,""missing_parts"":false,""wrong_location"":false},""question5"":{""all_correct"":true,""extra_parts"":false,""missing_parts"":false,""wrong_location"":false},""question6"":{""all_correct"":true,""extra_parts"":false,""missing_parts"":false,""wrong_location"":false},""question7"":{""all_correct"":true,""extra_parts"":false,""missing_parts"":false,""wrong_location"":false},""question8"":{""all_correct"":true,""extra_parts"":false,""missing_parts"":false,""wrong_location"":false},""question9"":{""all_correct"":true,""extra_parts"":false,""missing_parts"":false,""wrong_location"":false}}]"
"35NNO802BNAGQ5KGYWBBAW58K1KINP","3U20ZGNLAG0U51KQK3YR7IVUILJD7F","Judge if an objects line-art has missing elements (10 pairs)","Review 10  line-arts and judge if it has/hasn't missing or extra content. (10 pairs)","tactile, image review, accessibility, vehicles","$0.08","Sat Apr 18 07:37:36 PDT 2026","9","BatchId:5385913;OriginalHitTemplateId:928390873;","1800","1296000","Sat Apr 25 07:37:36 PDT 2026","","","3UOUJI6MU6SSXARDKLSZFLGAKEIXUW","A2NZLZLLAZYXJX","Approved","Sat Apr 18 20:35:58 PDT 2026","Sat Apr 18 21:02:50 PDT 2026","Sun May 03 21:02:50 PDT 2026","Sun Apr 19 07:44:30 PDT 2026","","","1612","68% (40/59)","68% (40/59)","68% (40/59)","Car","https://tactileeval.s3.us-east-1.amazonaws.com/family_datasets/Vehicles_and_Flight_Systems/Car/Natural/Car_2.jpg","https://tactileeval.s3.us-east-1.amazonaws.com/family_datasets/Vehicles_and_Flight_Systems/Car/Tactile/2.jpg","","Car","https://tactileeval.s3.us-east-1.amazonaws.com/family_datasets/Vehicles_and_Flight_Systems/Car/Natural/Car_3.jpeg","https://tactileeval.s3.us-east-1.amazonaws.com/family_datasets/Vehicles_and_Flight_Systems/Car/Tactile/3.jpg","","Car","https://tactileeval.s3.us-east-1.amazonaws.com/family_datasets/Vehicles_and_Flight_Systems/Car/Natural/Car_4.jpeg","https://tactileeval.s3.us-east-1.amazonaws.com/family_datasets/Vehicles_and_Flight_Systems/Car/Tactile/4.jpg","","Car","https://tactileeval.s3.us-east-1.amazonaws.com/family_datasets/Vehicles_and_Flight_Systems/Car/Natural/Car_5.jpg","https://tactileeval.s3.us-east-1.amazonaws.com/family_datasets/Vehicles_and_Flight_Systems/Car/Tactile/5.png","","Car","https://tactileeval.s3.us-east-1.amazonaws.com/family_datasets/Vehicles_and_Flight_Systems/Car/Natural/Car_6.jpeg","https://tactileeval.s3.us-east-1.amazonaws.com/family_datasets/Vehicles_and_Flight_Systems/Car/Tactile/6.jpg","","Car","https://tactileeval.s3.us-east-1.amazonaws.com/family_datasets/Vehicles_and_Flight_Systems/Car/Natural/Car_7.jpeg","https://tactileeval.s3.us-east-1.amazonaws.com/family_datasets/Vehicles_and_Flight_Systems/Car/Tactile/7.jpg","","Car","https://tactileeval.s3.us-east-1.amazonaws.com/family_datasets/Vehicles_and_Flight_Systems/Car/Natural/Car_8.jpeg","https://tactileeval.s3.us-east-1.amazonaws.com/family_datasets/Vehicles_and_Flight_Systems/Car/Tactile/8.jpg","","Car","https://tactileeval.s3.us-east-1.amazonaws.com/family_datasets/Vehicles_and_Flight_Systems/Car/Natural/Car_9.jpg","https://tactileeval.s3.us-east-1.amazonaws.com/family_datasets/Vehicles_and_Flight_Systems/Car/Tactile/9.jpg","","Car","https://tactileeval.s3.us-east-1.amazonaws.com/family_datasets/Vehicles_and_Flight_Systems/Car/Natural/Car_10.jpeg","https://tactileeval.s3.us-east-1.amazonaws.com/family_datasets/Vehicles_and_Flight_Systems/Car/Tactile/10.jpg","","Car","https://tactileeval.s3.us-east-1.amazonaws.com/family_datasets/Vehicles_and_Flight_Systems/Car/Natural/Car_11.jpg","https://tactileeval.s3.us-east-1.amazonaws.com/family_datasets/Vehicles_and_Flight_Systems/Car/Tactile/11.jpg","","[{""question1"":{""all_correct"":false,""extra_parts"":true,""missing_parts"":true,""wrong_location"":false},""question10"":{""all_correct"":false,""extra_parts"":true,""missing_parts"":true,""wrong_location"":true},""question2"":{""all_correct"":true,""extra_parts"":false,""missing_parts"":false,""wrong_location"":false},""question3"":{""all_correct"":false,""extra_parts"":true,""missing_parts"":true,""wrong_location"":false},""question4"":{""all_correct"":false,""extra_parts"":true,""missing_parts"":true,""wrong_location"":false},""question5"":{""all_correct"":false,""extra_parts"":true,""missing_parts"":true,""wrong_location"":false},""question6"":{""all_correct"":false,""extra_parts"":true,""missing_parts"":true,""wrong_location"":false},""question7"":{""all_correct"":false,""extra_parts"":true,""missing_parts"":true,""wrong_location"":false},""question8"":{""all_correct"":false,""extra_parts"":true,""missing_parts"":true,""wrong_location"":false},""question9"":{""all_correct"":false,""extra_parts"":true,""missing_parts"":true,""wrong_location"":false}}]"
"3AFT28WXM7GY8QKSZBBOPL5DABPIO4","3U20ZGNLAG0U51KQK3YR7IVUILJD7F","Judge if an objects line-art has missing elements (10 pairs)","Review 10  line-arts and judge if it has/hasn't missing or extra content. (10 pairs)","tactile, image review, accessibility, vehicles","$0.08","Sat Apr 18 07:37:36 PDT 2026","9","BatchId:5385913;OriginalHitTemplateId:928390873;","1800","1296000","Sat Apr 25 07:37:36 PDT 2026","","","3LOZAJ85Z6RJDYIB11IT92LI1MIX2V","A2JKGAWYEHJ18S","Rejected","Sat Apr 18 09:14:30 PDT 2026","Sat Apr 18 09:23:58 PDT 2026","Sun May 03 09:23:58 PDT 2026","","Sat Apr 18 20:04:19 PDT 2026","Thank you for your time. Unfortunately this submission did not pass the embedded gold-standard checks; this task requires very careful attention to detail.","568","15% (3/20)","15% (3/20)","15% (3/20)","Car","https://tactileeval.s3.us-east-1.amazonaws.com/family_datasets/Vehicles_and_Flight_Systems/Car/Natural/Car_12.jpg","https://tactileeval.s3.us-east-1.amazonaws.com/family_datasets/Vehicles_and_Flight_Systems/Car/Tactile/12.jpg","","Car","https://tactileeval.s3.us-east-1.amazonaws.com/family_datasets/Vehicles_and_Flight_Systems/Car/Natural/Car_13.jpeg","https://tactileeval.s3.us-east-1.amazonaws.com/family_datasets/Vehicles_and_Flight_Systems/Car/Tactile/13.jpg","","Car","https://tactileeval.s3.us-east-1.amazonaws.com/family_datasets/Vehicles_and_Flight_Systems/Car/Natural/Car_14.jpg","https://tactileeval.s3.us-east-1.amazonaws.com/family_datasets/Vehicles_and_Flight_Systems/Car/Tactile/14.jpg","","Car","https://tactileeval.s3.us-east-1.amazonaws.com/family_datasets/Vehicles_and_Flight_Systems/Car/Natural/Car_15.jpg","https://tactileeval.s3.us-east-1.amazonaws.com/family_datasets/Vehicles_and_Flight_Systems/Car/Tactile/15.jpg","","Car","https://tactileeval.s3.us-east-1.amazonaws.com/family_datasets/Vehicles_and_Flight_Systems/Car/Natural/Car_16.jpeg","https://tactileeval.s3.us-east-1.amazonaws.com/family_datasets/Vehicles_and_Flight_Systems/Car/Tactile/16.jpg","","Car","https://tactileeval.s3.us-east-1.amazonaws.com/family_datasets/Vehicles_and_Flight_Systems/Car/Natural/Car_17.jpeg","https://tactileeval.s3.us-east-1.amazonaws.com/family_datasets/Vehicles_and_Flight_Systems/Car/Tactile/17.jpg","","Car","https://tactileeval.s3.us-east-1.amazonaws.com/family_datasets/Vehicles_and_Flight_Systems/Car/Natural/Car_18.jpg","https://tactileeval.s3.us-east-1.amazonaws.com/family_datasets/Vehicles_and_Flight_Systems/Car/Tactile/18.jpg","","Car","https://tactileeval.s3.us-east-1.amazonaws.com/family_datasets/Vehicles_and_Flight_Systems/Car/Natural/Car_19.jpg","https://tactileeval.s3.us-east-1.amazonaws.com/family_datasets/Vehicles_and_Flight_Systems/Car/Tactile/19.jpg","","Car","https://tactileeval.s3.us-east-1.amazonaws.com/family_datasets/Vehicles_and_Flight_Systems/Car/Natural/Car_20.jpeg","https://tactileeval.s3.us-east-1.amazonaws.com/family_datasets/Vehicles_and_Flight_Systems/Car/Tactile/20.jpg","","Car","https://tactileeval.s3.us-east-1.amazonaws.com/family_datasets/Vehicles_and_Flight_Systems/Car/Natural/Car_21.jpg","https://tactileeval.s3.us-east-1.amazonaws.com/family_datasets/Vehicles_and_Flight_Systems/Car/Tactile/21.jpg","","[{""question1"":{""all_correct"":false,""extra_parts"":false,""missing_parts"":false,""wrong_location"":true},""question10"":{""all_correct"":false,""extra_parts"":false,""missing_parts"":false,""wrong_location"":true},""question2"":{""all_correct"":false,""extra_parts"":true,""missing_parts"":false,""wrong_location"":false},""question3"":{""all_correct"":false,""extra_parts"":false,""missing_parts"":false,""wrong_location"":true},""question4"":{""all_correct"":false,""extra_parts"":true,""missing_parts"":false,""wrong_location"":false},""question5"":{""all_correct"":false,""extra_parts"":false,""missing_parts"":false,""wrong_location"":true},""question6"":{""all_correct"":false,""extra_parts"":true,""missing_parts"":false,""wrong_location"":false},""question7"":{""all_correct"":false,""extra_parts"":true,""missing_parts"":false,""wrong_location"":false},""question8"":{""all_correct"":false,""extra_parts"":true,""missing_parts"":false,""wrong_location"":false},""question9"":{""all_correct"":false,""extra_parts"":true,""missing_parts"":false,""wrong_location"":false}}]"
"3AFT28WXM7GY8QKSZBBOPL5DABPIO4","3U20ZGNLAG0U51KQK3YR7IVUILJD7F","Judge if an objects line-art has missing elements (10 pairs)","Review 10  line-arts and judge if it has/hasn't missing or extra content. (10 pairs)","tactile, image review, accessibility, vehicles","$0.08","Sat Apr 18 07:37:36 PDT 2026","9","BatchId:5385913;OriginalHitTemplateId:928390873;","1800","1296000","Sat Apr 25 07:37:36 PDT 2026","","","32SVAV9L48NW2361UR4K84FC6FLA3R","A2NZLZLLAZYXJX","Rejected","Sat Apr 18 10:24:48 PDT 2026","Sat Apr 18 10:33:43 PDT 2026","Sun May 03 10:33:43 PDT 2026","","Sat Apr 18 20:04:19 PDT 2026","Thank you for your time. Unfortunately this submission did not pass the embedded gold-standard checks; this task requires very careful attention to detail.","535","68% (40/59)","68% (40/59)","68% (40/59)","Car","https://tactileeval.s3.us-east-1.amazonaws.com/family_datasets/Vehicles_and_Flight_Systems/Car/Natural/Car_12.jpg","https://tactileeval.s3.us-east-1.amazonaws.com/family_datasets/Vehicles_and_Flight_Systems/Car/Tactile/12.jpg","","Car","https://tactileeval.s3.us-east-1.amazonaws.com/family_datasets/Vehicles_and_Flight_Systems/Car/Natural/Car_13.jpeg","https://tactileeval.s3.us-east-1.amazonaws.com/family_datasets/Vehicles_and_Flight_Systems/Car/Tactile/13.jpg","","Car","https://tactileeval.s3.us-east-1.amazonaws.com/family_datasets/Vehicles_and_Flight_Systems/Car/Natural/Car_14.jpg","https://tactileeval.s3.us-east-1.amazonaws.com/family_datasets/Vehicles_and_Flight_Systems/Car/Tactile/14.jpg","","Car","https://tactileeval.s3.us-east-1.amazonaws.com/family_datasets/Vehicles_and_Flight_Systems/Car/Natural/Car_15.jpg","https://tactileeval.s3.us-east-1.amazonaws.com/family_datasets/Vehicles_and_Flight_Systems/Car/Tactile/15.jpg","","Car","https://tactileeval.s3.us-east-1.amazonaws.com/family_datasets/Vehicles_and_Flight_Systems/Car/Natural/Car_16.jpeg","https://tactileeval.s3.us-east-1.amazonaws.com/family_datasets/Vehicles_and_Flight_Systems/Car/Tactile/16.jpg","","Car","https://tactileeval.s3.us-east-1.amazonaws.com/family_datasets/Vehicles_and_Flight_Systems/Car/Natural/Car_17.jpeg","https://tactileeval.s3.us-east-1.amazonaws.com/family_datasets/Vehicles_and_Flight_Systems/Car/Tactile/17.jpg","","Car","https://tactileeval.s3.us-east-1.amazonaws.com/family_datasets/Vehicles_and_Flight_Systems/Car/Natural/Car_18.jpg","https://tactileeval.s3.us-east-1.amazonaws.com/family_datasets/Vehicles_and_Flight_Systems/Car/Tactile/18.jpg","","Car","https://tactileeval.s3.us-east-1.amazonaws.com/family_datasets/Vehicles_and_Flight_Systems/Car/Natural/Car_19.jpg","https://tactileeval.s3.us-east-1.amazonaws.com/family_datasets/Vehicles_and_Flight_Systems/Car/Tactile/19.jpg","","Car","https://tactileeval.s3.us-east-1.amazonaws.com/family_datasets/Vehicles_and_Flight_Systems/Car/Natural/Car_20.jpeg","https://tactileeval.s3.us-east-1.amazonaws.com/family_datasets/Vehicles_and_Flight_Systems/Car/Tactile/20.jpg","","Car","https://tactileeval.s3.us-east-1.amazonaws.com/family_datasets/Vehicles_and_Flight_Systems/Car/Natural/Car_21.jpg","https://tactileeval.s3.us-east-1.amazonaws.com/family_datasets/Vehicles_and_Flight_Systems/Car/Tactile/21.jpg","","[{""question1"":{""all_correct"":false,""extra_parts"":false,""missing_parts"":true,""wrong_location"":false},""question10"":{""all_correct"":true,""extra_parts"":false,""missing_parts"":false,""wrong_location"":false},""question2"":{""all_correct"":false,""extra_parts"":false,""missing_parts"":false,""wrong_location"":true},""question3"":{""all_correct"":false,""extra_parts"":false,""missing_parts"":true,""wrong_location"":false},""question4"":{""all_correct"":true,""extra_parts"":false,""missing_parts"":false,""wrong_location"":false},""question5"":{""all_correct"":true,""extra_parts"":false,""missing_parts"":false,""wrong_location"":false},""question6"":{""all_correct"":true,""extra_parts"":false,""missing_parts"":false,""wrong_location"":false},""question7"":{""all_correct"":false,""extra_parts"":true,""missing_parts"":false,""wrong_location"":false},""question8"":{""all_correct"":false,""extra_parts"":false,""missing_parts"":true,""wrong_location"":false},""question9"":{""all_correct"":false,""extra_parts"":false,""missing_parts"":true,""wrong_location"":false}}]"
"3AFT28WXM7GY8QKSZBBOPL5DABPIO4","3U20ZGNLAG0U51KQK3YR7IVUILJD7F","Judge if an objects line-art has missing elements (10 pairs)","Review 10  line-arts and judge if it has/hasn't missing or extra content. (10 pairs)","tactile, image review, accessibility, vehicles","$0.08","Sat Apr 18 07:37:36 PDT 2026","9","BatchId:5385913;OriginalHitTemplateId:928390873;","1800","1296000","Sat Apr 25 07:37:36 PDT 2026","","","3D8YOU6SA7YFEV7HJYJ9F83QN9G6U6","A11RQ0K5GQ3NJG","Approved","Sat Apr 18 10:29:59 PDT 2026","Sat Apr 18 10:37:50 PDT 2026","Sun May 03 10:37:50 PDT 2026","Sat Apr 18 20:04:19 PDT 2026","","","471","39% (12/31)","39% (12/31)","39% (12/31)","Car","https://tactileeval.s3.us-east-1.amazonaws.com/family_datasets/Vehicles_and_Flight_Systems/Car/Natural/Car_12.jpg","https://tactileeval.s3.us-east-1.amazonaws.com/family_datasets/Vehicles_and_Flight_Systems/Car/Tactile/12.jpg","","Car","https://tactileeval.s3.us-east-1.amazonaws.com/family_datasets/Vehicles_and_Flight_Systems/Car/Natural/Car_13.jpeg","https://tactileeval.s3.us-east-1.amazonaws.com/family_datasets/Vehicles_and_Flight_Systems/Car/Tactile/13.jpg","","Car","https://tactileeval.s3.us-east-1.amazonaws.com/family_datasets/Vehicles_and_Flight_Systems/Car/Natural/Car_14.jpg","https://tactileeval.s3.us-east-1.amazonaws.com/family_datasets/Vehicles_and_Flight_Systems/Car/Tactile/14.jpg","","Car","https://tactileeval.s3.us-east-1.amazonaws.com/family_datasets/Vehicles_and_Flight_Systems/Car/Natural/Car_15.jpg","https://tactileeval.s3.us-east-1.amazonaws.com/family_datasets/Vehicles_and_Flight_Systems/Car/Tactile/15.jpg","","Car","https://tactileeval.s3.us-east-1.amazonaws.com/family_datasets/Vehicles_and_Flight_Systems/Car/Natural/Car_16.jpeg","https://tactileeval.s3.us-east-1.amazonaws.com/family_datasets/Vehicles_and_Flight_Systems/Car/Tactile/16.jpg","","Car","https://tactileeval.s3.us-east-1.amazonaws.com/family_datasets/Vehicles_and_Flight_Systems/Car/Natural/Car_17.jpeg","https://tactileeval.s3.us-east-1.amazonaws.com/family_datasets/Vehicles_and_Flight_Systems/Car/Tactile/17.jpg","","Car","https://tactileeval.s3.us-east-1.amazonaws.com/family_datasets/Vehicles_and_Flight_Systems/Car/Natural/Car_18.jpg","https://tactileeval.s3.us-east-1.amazonaws.com/family_datasets/Vehicles_and_Flight_Systems/Car/Tactile/18.jpg","","Car","https://tactileeval.s3.us-east-1.amazonaws.com/family_datasets/Vehicles_and_Flight_Systems/Car/Natural/Car_19.jpg","https://tactileeval.s3.us-east-1.amazonaws.com/family_datasets/Vehicles_and_Flight_Systems/Car/Tactile/19.jpg","","Car","https://tactileeval.s3.us-east-1.amazonaws.com/family_datasets/Vehicles_and_Flight_Systems/Car/Natural/Car_20.jpeg","https://tactileeval.s3.us-east-1.amazonaws.com/family_datasets/Vehicles_and_Flight_Systems/Car/Tactile/20.jpg","","Car","https://tactileeval.s3.us-east-1.amazonaws.com/family_datasets/Vehicles_and_Flight_Systems/Car/Natural/Car_21.jpg","https://tactileeval.s3.us-east-1.amazonaws.com/family_datasets/Vehicles_and_Flight_Systems/Car/Tactile/21.jpg","","[{""question1"":{""all_correct"":true,""extra_parts"":false,""missing_parts"":false,""wrong_location"":false},""question10"":{""all_correct"":true,""extra_parts"":false,""missing_parts"":false,""wrong_location"":false},""question2"":{""all_correct"":true,""extra_parts"":false,""missing_parts"":false,""wrong_location"":false},""question3"":{""all_correct"":true,""extra_parts"":false,""missing_parts"":false,""wrong_location"":false},""question4"":{""all_correct"":true,""extra_parts"":false,""missing_parts"":false,""wrong_location"":false},""question5"":{""all_correct"":true,""extra_parts"":false,""missing_parts"":false,""wrong_location"":false},""question6"":{""all_correct"":true,""extra_parts"":false,""missing_parts"":false,""wrong_location"":false},""question7"":{""all_correct"":true,""extra_parts"":false,""missing_parts"":false,""wrong_location"":false},""question8"":{""all_correct"":true,""extra_parts"":false,""missing_parts"":false,""wrong_location"":false},""question9"":{""all_correct"":true,""extra_parts"":false,""missing_parts"":false,""wrong_location"":false}}]"
"3AFT28WXM7GY8QKSZBBOPL5DABPIO4","3U20ZGNLAG0U51KQK3YR7IVUILJD7F","Judge if an objects line-art has missing elements (10 pairs)","Review 10  line-arts and judge if it has/hasn't missing or extra content. (10 pairs)","tactile, image review, accessibility, vehicles","$0.08","Sat Apr 18 07:37:36 PDT 2026","9","BatchId:5385913;OriginalHitTemplateId:928390873;","1800","1296000","Sat Apr 25 07:37:36 PDT 2026","","","3L6L49WXXTBKETDOZ9IMAYRWS1H451","ASBG43I93VS4A","Rejected","Sat Apr 18 10:30:08 PDT 2026","Sat Apr 18 10:44:41 PDT 2026","Sun May 03 10:44:41 PDT 2026","","Sat Apr 18 20:04:19 PDT 2026","Thank you for your time. Unfortunately this submission did not pass the embedded gold-standard checks; this task requires very careful attention to detail.","873","27% (8/30)","27% (8/30)","27% (8/30)","Car","https://tactileeval.s3.us-east-1.amazonaws.com/family_datasets/Vehicles_and_Flight_Systems/Car/Natural/Car_12.jpg","https://tactileeval.s3.us-east-1.amazonaws.com/family_datasets/Vehicles_and_Flight_Systems/Car/Tactile/12.jpg","","Car","https://tactileeval.s3.us-east-1.amazonaws.com/family_datasets/Vehicles_and_Flight_Systems/Car/Natural/Car_13.jpeg","https://tactileeval.s3.us-east-1.amazonaws.com/family_datasets/Vehicles_and_Flight_Systems/Car/Tactile/13.jpg","","Car","https://tactileeval.s3.us-east-1.amazonaws.com/family_datasets/Vehicles_and_Flight_Systems/Car/Natural/Car_14.jpg","https://tactileeval.s3.us-east-1.amazonaws.com/family_datasets/Vehicles_and_Flight_Systems/Car/Tactile/14.jpg","","Car","https://tactileeval.s3.us-east-1.amazonaws.com/family_datasets/Vehicles_and_Flight_Systems/Car/Natural/Car_15.jpg","https://tactileeval.s3.us-east-1.amazonaws.com/family_datasets/Vehicles_and_Flight_Systems/Car/Tactile/15.jpg","","Car","https://tactileeval.s3.us-east-1.amazonaws.com/family_datasets/Vehicles_and_Flight_Systems/Car/Natural/Car_16.jpeg","https://tactileeval.s3.us-east-1.amazonaws.com/family_datasets/Vehicles_and_Flight_Systems/Car/Tactile/16.jpg","","Car","https://tactileeval.s3.us-east-1.amazonaws.com/family_datasets/Vehicles_and_Flight_Systems/Car/Natural/Car_17.jpeg","https://tactileeval.s3.us-east-1.amazonaws.com/family_datasets/Vehicles_and_Flight_Systems/Car/Tactile/17.jpg","","Car","https://tactileeval.s3.us-east-1.amazonaws.com/family_datasets/Vehicles_and_Flight_Systems/Car/Natural/Car_18.jpg","https://tactileeval.s3.us-east-1.amazonaws.com/family_datasets/Vehicles_and_Flight_Systems/Car/Tactile/18.jpg","","Car","https://tactileeval.s3.us-east-1.amazonaws.com/family_datasets/Vehicles_and_Flight_Systems/Car/Natural/Car_19.jpg","https://tactileeval.s3.us-east-1.amazonaws.com/family_datasets/Vehicles_and_Flight_Systems/Car/Tactile/19.jpg","","Car","https://tactileeval.s3.us-east-1.amazonaws.com/family_datasets/Vehicles_and_Flight_Systems/Car/Natural/Car_20.jpeg","https://tactileeval.s3.us-east-1.amazonaws.com/family_datasets/Vehicles_and_Flight_Systems/Car/Tactile/20.jpg","","Car","https://tactileeval.s3.us-east-1.amazonaws.com/family_datasets/Vehicles_and_Flight_Systems/Car/Natural/Car_21.jpg","https://tactileeval.s3.us-east-1.amazonaws.com/family_datasets/Vehicles_and_Flight_Systems/Car/Tactile/21.jpg","","[{""question1"":{""all_correct"":true,""extra_parts"":false,""missing_parts"":false,""wrong_location"":false},""question10"":{""all_correct"":false,""extra_parts"":true,""missing_parts"":true,""wrong_location"":false},""question2"":{""all_correct"":true,""extra_parts"":false,""missing_parts"":false,""wrong_location"":false},""question3"":{""all_correct"":true,""extra_parts"":false,""missing_parts"":false,""wrong_location"":false},""question4"":{""all_correct"":true,""extra_parts"":false,""missing_parts"":false,""wrong_location"":false},""question5"":{""all_correct"":true,""extra_parts"":false,""missing_parts"":false,""wrong_location"":false},""question6"":{""all_correct"":true,""extra_parts"":false,""missing_parts"":false,""wrong_location"":false},""question7"":{""all_correct"":false,""extra_parts"":true,""missing_parts"":true,""wrong_location"":false},""question8"":{""all_correct"":false,""extra_parts"":true,""missing_parts"":true,""wrong_location"":false},""question9"":{""all_correct"":false,""extra_parts"":true,""missing_parts"":true,""wrong_location"":false}}]"
"3AFT28WXM7GY8QKSZBBOPL5DABPIO4","3U20ZGNLAG0U51KQK3YR7IVUILJD7F","Judge if an objects line-art has missing elements (10 pairs)","Review 10  line-arts and judge if it has/hasn't missing or extra content. (10 pairs)","tactile, image review, accessibility, vehicles","$0.08","Sat Apr 18 07:37:36 PDT 2026","9","BatchId:5385913;OriginalHitTemplateId:928390873;","1800","1296000","Sat Apr 25 07:37:36 PDT 2026","","","3WJEQKOXB1G0S0SM7NQ1KB0F8V81AR","AM6XJQNLFEV4J","Rejected","Sat Apr 18 10:30:04 PDT 2026","Sat Apr 18 10:49:18 PDT 2026","Sun May 03 10:49:18 PDT 2026","","Sat Apr 18 20:04:19 PDT 2026","Thank you for your time. Unfortunately this submission did not pass the embedded gold-standard checks; this task requires very careful attention to detail.","1154","59% (19/32)","59% (19/32)","59% (19/32)","Car","https://tactileeval.s3.us-east-1.amazonaws.com/family_datasets/Vehicles_and_Flight_Systems/Car/Natural/Car_12.jpg","https://tactileeval.s3.us-east-1.amazonaws.com/family_datasets/Vehicles_and_Flight_Systems/Car/Tactile/12.jpg","","Car","https://tactileeval.s3.us-east-1.amazonaws.com/family_datasets/Vehicles_and_Flight_Systems/Car/Natural/Car_13.jpeg","https://tactileeval.s3.us-east-1.amazonaws.com/family_datasets/Vehicles_and_Flight_Systems/Car/Tactile/13.jpg","","Car","https://tactileeval.s3.us-east-1.amazonaws.com/family_datasets/Vehicles_and_Flight_Systems/Car/Natural/Car_14.jpg","https://tactileeval.s3.us-east-1.amazonaws.com/family_datasets/Vehicles_and_Flight_Systems/Car/Tactile/14.jpg","","Car","https://tactileeval.s3.us-east-1.amazonaws.com/family_datasets/Vehicles_and_Flight_Systems/Car/Natural/Car_15.jpg","https://tactileeval.s3.us-east-1.amazonaws.com/family_datasets/Vehicles_and_Flight_Systems/Car/Tactile/15.jpg","","Car","https://tactileeval.s3.us-east-1.amazonaws.com/family_datasets/Vehicles_and_Flight_Systems/Car/Natural/Car_16.jpeg","https://tactileeval.s3.us-east-1.amazonaws.com/family_datasets/Vehicles_and_Flight_Systems/Car/Tactile/16.jpg","","Car","https://tactileeval.s3.us-east-1.amazonaws.com/family_datasets/Vehicles_and_Flight_Systems/Car/Natural/Car_17.jpeg","https://tactileeval.s3.us-east-1.amazonaws.com/family_datasets/Vehicles_and_Flight_Systems/Car/Tactile/17.jpg","","Car","https://tactileeval.s3.us-east-1.amazonaws.com/family_datasets/Vehicles_and_Flight_Systems/Car/Natural/Car_18.jpg","https://tactileeval.s3.us-east-1.amazonaws.com/family_datasets/Vehicles_and_Flight_Systems/Car/Tactile/18.jpg","","Car","https://tactileeval.s3.us-east-1.amazonaws.com/family_datasets/Vehicles_and_Flight_Systems/Car/Natural/Car_19.jpg","https://tactileeval.s3.us-east-1.amazonaws.com/family_datasets/Vehicles_and_Flight_Systems/Car/Tactile/19.jpg","","Car","https://tactileeval.s3.us-east-1.amazonaws.com/family_datasets/Vehicles_and_Flight_Systems/Car/Natural/Car_20.jpeg","https://tactileeval.s3.us-east-1.amazonaws.com/family_datasets/Vehicles_and_Flight_Systems/Car/Tactile/20.jpg","","Car","https://tactileeval.s3.us-east-1.amazonaws.com/family_datasets/Vehicles_and_Flight_Systems/Car/Natural/Car_21.jpg","https://tactileeval.s3.us-east-1.amazonaws.com/family_datasets/Vehicles_and_Flight_Systems/Car/Tactile/21.jpg","","[{""question1"":{""all_correct"":true,""extra_parts"":false,""missing_parts"":false,""wrong_location"":false},""question10"":{""all_correct"":false,""extra_parts"":true,""missing_parts"":false,""wrong_location"":false},""question2"":{""all_correct"":true,""extra_parts"":false,""missing_parts"":false,""wrong_location"":false},""question3"":{""all_correct"":false,""extra_parts"":true,""missing_parts"":true,""wrong_location"":false},""question4"":{""all_correct"":false,""extra_parts"":true,""missing_parts"":false,""wrong_location"":false},""question5"":{""all_correct"":false,""extra_parts"":true,""missing_parts"":true,""wrong_location"":false},""question6"":{""all_correct"":false,""extra_parts"":true,""missing_parts"":true,""wrong_location"":false},""question7"":{""all_correct"":false,""extra_parts"":true,""missing_parts"":true,""wrong_location"":false},""question8"":{""all_correct"":false,""extra_parts"":true,""missing_parts"":true,""wrong_location"":false},""question9"":{""all_correct"":false,""extra_parts"":true,""missing_parts"":true,""wrong_location"":false}}]"
"3AFT28WXM7GY8QKSZBBOPL5DABPIO4","3U20ZGNLAG0U51KQK3YR7IVUILJD7F","Judge if an objects line-art has missing elements (10 pairs)","Review 10  line-arts and judge if it has/hasn't missing or extra content. (10 pairs)","tactile, image review, accessibility, vehicles","$0.08","Sat Apr 18 07:37:36 PDT 2026","9","BatchId:5385913;OriginalHitTemplateId:928390873;","1800","1296000","Sat Apr 25 07:37:36 PDT 2026","","","3E7TUJ2EH50GFCYTVAWWPIQ4RAWD9H","A3O5ICTUN0AMMI","Rejected","Sat Apr 18 11:01:34 PDT 2026","Sat Apr 18 11:08:13 PDT 2026","Sun May 03 11:08:13 PDT 2026","","Sat Apr 18 20:04:19 PDT 2026","Thank you for your time. Unfortunately this submission did not pass the embedded gold-standard checks; this task requires very careful attention to detail.","399","50% (8/16)","50% (8/16)","50% (8/16)","Car","https://tactileeval.s3.us-east-1.amazonaws.com/family_datasets/Vehicles_and_Flight_Systems/Car/Natural/Car_12.jpg","https://tactileeval.s3.us-east-1.amazonaws.com/family_datasets/Vehicles_and_Flight_Systems/Car/Tactile/12.jpg","","Car","https://tactileeval.s3.us-east-1.amazonaws.com/family_datasets/Vehicles_and_Flight_Systems/Car/Natural/Car_13.jpeg","https://tactileeval.s3.us-east-1.amazonaws.com/family_datasets/Vehicles_and_Flight_Systems/Car/Tactile/13.jpg","","Car","https://tactileeval.s3.us-east-1.amazonaws.com/family_datasets/Vehicles_and_Flight_Systems/Car/Natural/Car_14.jpg","https://tactileeval.s3.us-east-1.amazonaws.com/family_datasets/Vehicles_and_Flight_Systems/Car/Tactile/14.jpg","","Car","https://tactileeval.s3.us-east-1.amazonaws.com/family_datasets/Vehicles_and_Flight_Systems/Car/Natural/Car_15.jpg","https://tactileeval.s3.us-east-1.amazonaws.com/family_datasets/Vehicles_and_Flight_Systems/Car/Tactile/15.jpg","","Car","https://tactileeval.s3.us-east-1.amazonaws.com/family_datasets/Vehicles_and_Flight_Systems/Car/Natural/Car_16.jpeg","https://tactileeval.s3.us-east-1.amazonaws.com/family_datasets/Vehicles_and_Flight_Systems/Car/Tactile/16.jpg","","Car","https://tactileeval.s3.us-east-1.amazonaws.com/family_datasets/Vehicles_and_Flight_Systems/Car/Natural/Car_17.jpeg","https://tactileeval.s3.us-east-1.amazonaws.com/family_datasets/Vehicles_and_Flight_Systems/Car/Tactile/17.jpg","","Car","https://tactileeval.s3.us-east-1.amazonaws.com/family_datasets/Vehicles_and_Flight_Systems/Car/Natural/Car_18.jpg","https://tactileeval.s3.us-east-1.amazonaws.com/family_datasets/Vehicles_and_Flight_Systems/Car/Tactile/18.jpg","","Car","https://tactileeval.s3.us-east-1.amazonaws.com/family_datasets/Vehicles_and_Flight_Systems/Car/Natural/Car_19.jpg","https://tactileeval.s3.us-east-1.amazonaws.com/family_datasets/Vehicles_and_Flight_Systems/Car/Tactile/19.jpg","","Car","https://tactileeval.s3.us-east-1.amazonaws.com/family_datasets/Vehicles_and_Flight_Systems/Car/Natural/Car_20.jpeg","https://tactileeval.s3.us-east-1.amazonaws.com/family_datasets/Vehicles_and_Flight_Systems/Car/Tactile/20.jpg","","Car","https://tactileeval.s3.us-east-1.amazonaws.com/family_datasets/Vehicles_and_Flight_Systems/Car/Natural/Car_21.jpg","https://tactileeval.s3.us-east-1.amazonaws.com/family_datasets/Vehicles_and_Flight_Systems/Car/Tactile/21.jpg","","[{""question1"":{""all_correct"":false,""extra_parts"":false,""missing_parts"":true,""wrong_location"":false},""question10"":{""all_correct"":true,""extra_parts"":false,""missing_parts"":false,""wrong_location"":false},""question2"":{""all_correct"":false,""extra_parts"":true,""missing_parts"":false,""wrong_location"":false},""question3"":{""all_correct"":false,""extra_parts"":false,""missing_parts"":true,""wrong_location"":false},""question4"":{""all_correct"":true,""extra_parts"":false,""missing_parts"":false,""wrong_location"":false},""question5"":{""all_correct"":false,""extra_parts"":false,""missing_parts"":true,""wrong_location"":false},""question6"":{""all_correct"":false,""extra_parts"":false,""missing_parts"":true,""wrong_location"":false},""question7"":{""all_correct"":false,""extra_parts"":false,""missing_parts"":true,""wrong_location"":false},""question8"":{""all_correct"":true,""extra_parts"":false,""missing_parts"":false,""wrong_location"":false},""question9"":{""all_correct"":true,""extra_parts"":false,""missing_parts"":false,""wrong_location"":false}}]"
"3AFT28WXM7GY8QKSZBBOPL5DABPIO4","3U20ZGNLAG0U51KQK3YR7IVUILJD7F","Judge if an objects line-art has missing elements (10 pairs)","Review 10  line-arts and judge if it has/hasn't missing or extra content. (10 pairs)","tactile, image review, accessibility, vehicles","$0.08","Sat Apr 18 07:37:36 PDT 2026","9","BatchId:5385913;OriginalHitTemplateId:928390873;","1800","1296000","Sat Apr 25 07:37:36 PDT 2026","","","3FPRZHYEQRLGUR9Z5MVG4RTPRPS3VR","A1N3QIWLGR6ZV6","Rejected","Sat Apr 18 11:16:03 PDT 2026","Sat Apr 18 11:20:47 PDT 2026","Sun May 03 11:20:47 PDT 2026","","Sat Apr 18 20:04:20 PDT 2026","Thank you for your time. Unfortunately this submission did not pass the embedded gold-standard checks; this task requires very careful attention to detail.","284","24% (9/38)","0% (0/29)","0% (0/29)","Car","https://tactileeval.s3.us-east-1.amazonaws.com/family_datasets/Vehicles_and_Flight_Systems/Car/Natural/Car_12.jpg","https://tactileeval.s3.us-east-1.amazonaws.com/family_datasets/Vehicles_and_Flight_Systems/Car/Tactile/12.jpg","","Car","https://tactileeval.s3.us-east-1.amazonaws.com/family_datasets/Vehicles_and_Flight_Systems/Car/Natural/Car_13.jpeg","https://tactileeval.s3.us-east-1.amazonaws.com/family_datasets/Vehicles_and_Flight_Systems/Car/Tactile/13.jpg","","Car","https://tactileeval.s3.us-east-1.amazonaws.com/family_datasets/Vehicles_and_Flight_Systems/Car/Natural/Car_14.jpg","https://tactileeval.s3.us-east-1.amazonaws.com/family_datasets/Vehicles_and_Flight_Systems/Car/Tactile/14.jpg","","Car","https://tactileeval.s3.us-east-1.amazonaws.com/family_datasets/Vehicles_and_Flight_Systems/Car/Natural/Car_15.jpg","https://tactileeval.s3.us-east-1.amazonaws.com/family_datasets/Vehicles_and_Flight_Systems/Car/Tactile/15.jpg","","Car","https://tactileeval.s3.us-east-1.amazonaws.com/family_datasets/Vehicles_and_Flight_Systems/Car/Natural/Car_16.jpeg","https://tactileeval.s3.us-east-1.amazonaws.com/family_datasets/Vehicles_and_Flight_Systems/Car/Tactile/16.jpg","","Car","https://tactileeval.s3.us-east-1.amazonaws.com/family_datasets/Vehicles_and_Flight_Systems/Car/Natural/Car_17.jpeg","https://tactileeval.s3.us-east-1.amazonaws.com/family_datasets/Vehicles_and_Flight_Systems/Car/Tactile/17.jpg","","Car","https://tactileeval.s3.us-east-1.amazonaws.com/family_datasets/Vehicles_and_Flight_Systems/Car/Natural/Car_18.jpg","https://tactileeval.s3.us-east-1.amazonaws.com/family_datasets/Vehicles_and_Flight_Systems/Car/Tactile/18.jpg","","Car","https://tactileeval.s3.us-east-1.amazonaws.com/family_datasets/Vehicles_and_Flight_Systems/Car/Natural/Car_19.jpg","https://tactileeval.s3.us-east-1.amazonaws.com/family_datasets/Vehicles_and_Flight_Systems/Car/Tactile/19.jpg","","Car","https://tactileeval.s3.us-east-1.amazonaws.com/family_datasets/Vehicles_and_Flight_Systems/Car/Natural/Car_20.jpeg","https://tactileeval.s3.us-east-1.amazonaws.com/family_datasets/Vehicles_and_Flight_Systems/Car/Tactile/20.jpg","","Car","https://tactileeval.s3.us-east-1.amazonaws.com/family_datasets/Vehicles_and_Flight_Systems/Car/Natural/Car_21.jpg","https://tactileeval.s3.us-east-1.amazonaws.com/family_datasets/Vehicles_and_Flight_Systems/Car/Tactile/21.jpg","","[{""question1"":{""all_correct"":false,""extra_parts"":true,""missing_parts"":false,""wrong_location"":false},""question10"":{""all_correct"":true,""extra_parts"":false,""missing_parts"":false,""wrong_location"":false},""question2"":{""all_correct"":false,""extra_parts"":false,""missing_parts"":true,""wrong_location"":false},""question3"":{""all_correct"":false,""extra_parts"":false,""missing_parts"":false,""wrong_location"":true},""question4"":{""all_correct"":false,""extra_parts"":true,""missing_parts"":false,""wrong_location"":false},""question5"":{""all_correct"":false,""extra_parts"":false,""missing_parts"":true,""wrong_location"":false},""question6"":{""all_correct"":false,""extra_parts"":false,""missing_parts"":true,""wrong_location"":false},""question7"":{""all_correct"":false,""extra_parts"":false,""missing_parts"":false,""wrong_location"":true},""question8"":{""all_correct"":true,""extra_parts"":false,""missing_parts"":false,""wrong_location"":false},""question9"":{""all_correct"":false,""extra_parts"":false,""missing_parts"":false,""wrong_location"":true}}]"
"3AFT28WXM7GY8QKSZBBOPL5DABPIO4","3U20ZGNLAG0U51KQK3YR7IVUILJD7F","Judge if an objects line-art has missing elements (10 pairs)","Review 10  line-arts and judge if it has/hasn't missing or extra content. (10 pairs)","tactile, image review, accessibility, vehicles","$0.08","Sat Apr 18 07:37:36 PDT 2026","9","BatchId:5385913;OriginalHitTemplateId:928390873;","1800","1296000","Sat Apr 25 07:37:36 PDT 2026","","","3M23Y66PPVLZZIFDUTO907L22D8S6R","AM8EV600ZP69X","Approved","Sun Apr 19 00:11:40 PDT 2026","Sun Apr 19 00:14:33 PDT 2026","Mon May 04 00:14:33 PDT 2026","Sun Apr 19 07:44:30 PDT 2026","","","173","86% (32/37)","86% (32/37)","86% (32/37)","Car","https://tactileeval.s3.us-east-1.amazonaws.com/family_datasets/Vehicles_and_Flight_Systems/Car/Natural/Car_12.jpg","https://tactileeval.s3.us-east-1.amazonaws.com/family_datasets/Vehicles_and_Flight_Systems/Car/Tactile/12.jpg","","Car","https://tactileeval.s3.us-east-1.amazonaws.com/family_datasets/Vehicles_and_Flight_Systems/Car/Natural/Car_13.jpeg","https://tactileeval.s3.us-east-1.amazonaws.com/family_datasets/Vehicles_and_Flight_Systems/Car/Tactile/13.jpg","","Car","https://tactileeval.s3.us-east-1.amazonaws.com/family_datasets/Vehicles_and_Flight_Systems/Car/Natural/Car_14.jpg","https://tactileeval.s3.us-east-1.amazonaws.com/family_datasets/Vehicles_and_Flight_Systems/Car/Tactile/14.jpg","","Car","https://tactileeval.s3.us-east-1.amazonaws.com/family_datasets/Vehicles_and_Flight_Systems/Car/Natural/Car_15.jpg","https://tactileeval.s3.us-east-1.amazonaws.com/family_datasets/Vehicles_and_Flight_Systems/Car/Tactile/15.jpg","","Car","https://tactileeval.s3.us-east-1.amazonaws.com/family_datasets/Vehicles_and_Flight_Systems/Car/Natural/Car_16.jpeg","https://tactileeval.s3.us-east-1.amazonaws.com/family_datasets/Vehicles_and_Flight_Systems/Car/Tactile/16.jpg","","Car","https://tactileeval.s3.us-east-1.amazonaws.com/family_datasets/Vehicles_and_Flight_Systems/Car/Natural/Car_17.jpeg","https://tactileeval.s3.us-east-1.amazonaws.com/family_datasets/Vehicles_and_Flight_Systems/Car/Tactile/17.jpg","","Car","https://tactileeval.s3.us-east-1.amazonaws.com/family_datasets/Vehicles_and_Flight_Systems/Car/Natural/Car_18.jpg","https://tactileeval.s3.us-east-1.amazonaws.com/family_datasets/Vehicles_and_Flight_Systems/Car/Tactile/18.jpg","","Car","https://tactileeval.s3.us-east-1.amazonaws.com/family_datasets/Vehicles_and_Flight_Systems/Car/Natural/Car_19.jpg","https://tactileeval.s3.us-east-1.amazonaws.com/family_datasets/Vehicles_and_Flight_Systems/Car/Tactile/19.jpg","","Car","https://tactileeval.s3.us-east-1.amazonaws.com/family_datasets/Vehicles_and_Flight_Systems/Car/Natural/Car_20.jpeg","https://tactileeval.s3.us-east-1.amazonaws.com/family_datasets/Vehicles_and_Flight_Systems/Car/Tactile/20.jpg","","Car","https://tactileeval.s3.us-east-1.amazonaws.com/family_datasets/Vehicles_and_Flight_Systems/Car/Natural/Car_21.jpg","https://tactileeval.s3.us-east-1.amazonaws.com/family_datasets/Vehicles_and_Flight_Systems/Car/Tactile/21.jpg","","[{""question1"":{""all_correct"":false,""extra_parts"":false,""missing_parts"":true,""wrong_location"":false},""question10"":{""all_correct"":true,""extra_parts"":false,""missing_parts"":false,""wrong_location"":false},""question2"":{""all_correct"":false,""extra_parts"":true,""missing_parts"":true,""wrong_location"":false},""question3"":{""all_correct"":false,""extra_parts"":true,""missing_parts"":false,""wrong_location"":false},""question4"":{""all_correct"":false,""extra_parts"":false,""missing_parts"":false,""wrong_location"":true},""question5"":{""all_correct"":true,""extra_parts"":false,""missing_parts"":false,""wrong_location"":false},""question6"":{""all_correct"":true,""extra_parts"":false,""missing_parts"":false,""wrong_location"":false},""question7"":{""all_correct"":false,""extra_parts"":false,""missing_parts"":true,""wrong_location"":false},""question8"":{""all_correct"":true,""extra_parts"":false,""missing_parts"":false,""wrong_location"":false},""question9"":{""all_correct"":false,""extra_parts"":false,""missing_parts"":true,""wrong_location"":false}}]"
"3AFT28WXM7GY8QKSZBBOPL5DABPIO4","3U20ZGNLAG0U51KQK3YR7IVUILJD7F","Judge if an objects line-art has missing elements (10 pairs)","Review 10  line-arts and judge if it has/hasn't missing or extra content. (10 pairs)","tactile, image review, accessibility, vehicles","$0.08","Sat Apr 18 07:37:36 PDT 2026","9","BatchId:5385913;OriginalHitTemplateId:928390873;","1800","1296000","Sat Apr 25 07:37:36 PDT 2026","","","3E4GGUZ1U15DTYJ42I34J8DG5EV2K5","ANPPS2BP5MHDE","Rejected","Sun Apr 19 01:00:45 PDT 2026","Sun Apr 19 01:05:52 PDT 2026","Mon May 04 01:05:52 PDT 2026","","Sun Apr 19 07:44:30 PDT 2026","Thank you for your time. Unfortunately this submission did not pass the embedded gold-standard checks; this task requires very careful attention to detail.","307","79% (15/19)","79% (15/19)","79% (15/19)","Car","https://tactileeval.s3.us-east-1.amazonaws.com/family_datasets/Vehicles_and_Flight_Systems/Car/Natural/Car_12.jpg","https://tactileeval.s3.us-east-1.amazonaws.com/family_datasets/Vehicles_and_Flight_Systems/Car/Tactile/12.jpg","","Car","https://tactileeval.s3.us-east-1.amazonaws.com/family_datasets/Vehicles_and_Flight_Systems/Car/Natural/Car_13.jpeg","https://tactileeval.s3.us-east-1.amazonaws.com/family_datasets/Vehicles_and_Flight_Systems/Car/Tactile/13.jpg","","Car","https://tactileeval.s3.us-east-1.amazonaws.com/family_datasets/Vehicles_and_Flight_Systems/Car/Natural/Car_14.jpg","https://tactileeval.s3.us-east-1.amazonaws.com/family_datasets/Vehicles_and_Flight_Systems/Car/Tactile/14.jpg","","Car","https://tactileeval.s3.us-east-1.amazonaws.com/family_datasets/Vehicles_and_Flight_Systems/Car/Natural/Car_15.jpg","https://tactileeval.s3.us-east-1.amazonaws.com/family_datasets/Vehicles_and_Flight_Systems/Car/Tactile/15.jpg","","Car","https://tactileeval.s3.us-east-1.amazonaws.com/family_datasets/Vehicles_and_Flight_Systems/Car/Natural/Car_16.jpeg","https://tactileeval.s3.us-east-1.amazonaws.com/family_datasets/Vehicles_and_Flight_Systems/Car/Tactile/16.jpg","","Car","https://tactileeval.s3.us-east-1.amazonaws.com/family_datasets/Vehicles_and_Flight_Systems/Car/Natural/Car_17.jpeg","https://tactileeval.s3.us-east-1.amazonaws.com/family_datasets/Vehicles_and_Flight_Systems/Car/Tactile/17.jpg","","Car","https://tactileeval.s3.us-east-1.amazonaws.com/family_datasets/Vehicles_and_Flight_Systems/Car/Natural/Car_18.jpg","https://tactileeval.s3.us-east-1.amazonaws.com/family_datasets/Vehicles_and_Flight_Systems/Car/Tactile/18.jpg","","Car","https://tactileeval.s3.us-east-1.amazonaws.com/family_datasets/Vehicles_and_Flight_Systems/Car/Natural/Car_19.jpg","https://tactileeval.s3.us-east-1.amazonaws.com/family_datasets/Vehicles_and_Flight_Systems/Car/Tactile/19.jpg","","Car","https://tactileeval.s3.us-east-1.amazonaws.com/family_datasets/Vehicles_and_Flight_Systems/Car/Natural/Car_20.jpeg","https://tactileeval.s3.us-east-1.amazonaws.com/family_datasets/Vehicles_and_Flight_Systems/Car/Tactile/20.jpg","","Car","https://tactileeval.s3.us-east-1.amazonaws.com/family_datasets/Vehicles_and_Flight_Systems/Car/Natural/Car_21.jpg","https://tactileeval.s3.us-east-1.amazonaws.com/family_datasets/Vehicles_and_Flight_Systems/Car/Tactile/21.jpg","","[{""question1"":{""all_correct"":false,""extra_parts"":false,""missing_parts"":true,""wrong_location"":false},""question10"":{""all_correct"":false,""extra_parts"":true,""missing_parts"":false,""wrong_location"":false},""question2"":{""all_correct"":false,""extra_parts"":false,""missing_parts"":true,""wrong_location"":false},""question3"":{""all_correct"":false,""extra_parts"":false,""missing_parts"":true,""wrong_location"":false},""question4"":{""all_correct"":false,""extra_parts"":false,""missing_parts"":true,""wrong_location"":false},""question5"":{""all_correct"":false,""extra_parts"":false,""missing_parts"":true,""wrong_location"":false},""question6"":{""all_correct"":true,""extra_parts"":false,""missing_parts"":false,""wrong_location"":false},""question7"":{""all_correct"":false,""extra_parts"":false,""missing_parts"":true,""wrong_location"":false},""question8"":{""all_correct"":false,""extra_parts"":false,""missing_parts"":true,""wrong_location"":false},""question9"":{""all_correct"":false,""extra_parts"":false,""missing_parts"":true,""wrong_location"":false}}]"
"302U8RURKRFLCB4GX3AUPLV2S3GNVR","3U20ZGNLAG0U51KQK3YR7IVUILJD7F","Judge if an objects line-art has missing elements (10 pairs)","Review 10  line-arts and judge if it has/hasn't missing or extra content. (10 pairs)","tactile, image review, accessibility, vehicles","$0.08","Sat Apr 18 07:37:37 PDT 2026","9","BatchId:5385913;OriginalHitTemplateId:928390873;","1800","1296000","Sat Apr 25 07:37:37 PDT 2026","","","384PI804YLF4L7TYS48SR6BBP9X0S7","A2JKGAWYEHJ18S","Rejected","Sat Apr 18 09:13:52 PDT 2026","Sat Apr 18 09:21:23 PDT 2026","Sun May 03 09:21:23 PDT 2026","","Sat Apr 18 20:04:19 PDT 2026","Thank you for your time. Unfortunately this submission did not pass the embedded gold-standard checks; this task requires very careful attention to detail.","451","15% (3/20)","15% (3/20)","15% (3/20)","Car","https://tactileeval.s3.us-east-1.amazonaws.com/family_datasets/Vehicles_and_Flight_Systems/Car/Natural/Car_22.jpeg","https://tactileeval.s3.us-east-1.amazonaws.com/family_datasets/Vehicles_and_Flight_Systems/Car/Tactile/22.jpg","","Car","https://tactileeval.s3.us-east-1.amazonaws.com/family_datasets/Vehicles_and_Flight_Systems/Car/Natural/Car_23.jpeg","https://tactileeval.s3.us-east-1.amazonaws.com/family_datasets/Vehicles_and_Flight_Systems/Car/Tactile/23.jpg","","Car","https://tactileeval.s3.us-east-1.amazonaws.com/family_datasets/Vehicles_and_Flight_Systems/Car/Natural/Car_24.jpg","https://tactileeval.s3.us-east-1.amazonaws.com/family_datasets/Vehicles_and_Flight_Systems/Car/Tactile/24.jpg","","Car","https://tactileeval.s3.us-east-1.amazonaws.com/family_datasets/Vehicles_and_Flight_Systems/Car/Natural/Car_25.jpeg","https://tactileeval.s3.us-east-1.amazonaws.com/family_datasets/Vehicles_and_Flight_Systems/Car/Tactile/25.jpg","","Car","https://tactileeval.s3.us-east-1.amazonaws.com/family_datasets/Vehicles_and_Flight_Systems/Car/Natural/Car_26.jpg","https://tactileeval.s3.us-east-1.amazonaws.com/family_datasets/Vehicles_and_Flight_Systems/Car/Tactile/26.png","","Helicopter","https://tactileeval.s3.us-east-1.amazonaws.com/family_datasets/Vehicles_and_Flight_Systems/Helicopter/Natural/1_Helicopter.jpg","https://tactileeval.s3.us-east-1.amazonaws.com/family_datasets/Vehicles_and_Flight_Systems/Helicopter/Tactile/1.jpeg","","Helicopter","https://tactileeval.s3.us-east-1.amazonaws.com/family_datasets/Vehicles_and_Flight_Systems/Helicopter/Natural/2_Helicopter.jpg","https://tactileeval.s3.us-east-1.amazonaws.com/family_datasets/Vehicles_and_Flight_Systems/Helicopter/Tactile/2.jpeg","","Helicopter","https://tactileeval.s3.us-east-1.amazonaws.com/family_datasets/Vehicles_and_Flight_Systems/Helicopter/Natural/3_Helicopter.jpg","https://tactileeval.s3.us-east-1.amazonaws.com/family_datasets/Vehicles_and_Flight_Systems/Helicopter/Tactile/3.jpeg","","Helicopter","https://tactileeval.s3.us-east-1.amazonaws.com/family_datasets/Vehicles_and_Flight_Systems/Helicopter/Natural/4_Helicopter.jpg","https://tactileeval.s3.us-east-1.amazonaws.com/family_datasets/Vehicles_and_Flight_Systems/Helicopter/Tactile/4.jpeg","","Helicopter","https://tactileeval.s3.us-east-1.amazonaws.com/family_datasets/Vehicles_and_Flight_Systems/Helicopter/Natural/5_Helicopter.jpg","https://tactileeval.s3.us-east-1.amazonaws.com/family_datasets/Vehicles_and_Flight_Systems/Helicopter/Tactile/5.jpeg","","[{""question1"":{""all_correct"":false,""extra_parts"":false,""missing_parts"":true,""wrong_location"":false},""question10"":{""all_correct"":false,""extra_parts"":false,""missing_parts"":true,""wrong_location"":false},""question2"":{""all_correct"":false,""extra_parts"":true,""missing_parts"":false,""wrong_location"":true},""question3"":{""all_correct"":false,""extra_parts"":true,""missing_parts"":false,""wrong_location"":true},""question4"":{""all_correct"":false,""extra_parts"":false,""missing_parts"":true,""wrong_location"":true},""question5"":{""all_correct"":true,""extra_parts"":false,""missing_parts"":false,""wrong_location"":false},""question6"":{""all_correct"":true,""extra_parts"":false,""missing_parts"":false,""wrong_location"":false},""question7"":{""all_correct"":false,""extra_parts"":false,""missing_parts"":false,""wrong_location"":true},""question8"":{""all_correct"":false,""extra_parts"":false,""missing_parts"":false,""wrong_location"":true},""question9"":{""all_correct"":false,""extra_parts"":false,""missing_parts"":true,""wrong_location"":false}}]"
"302U8RURKRFLCB4GX3AUPLV2S3GNVR","3U20ZGNLAG0U51KQK3YR7IVUILJD7F","Judge if an objects line-art has missing elements (10 pairs)","Review 10  line-arts and judge if it has/hasn't missing or extra content. (10 pairs)","tactile, image review, accessibility, vehicles","$0.08","Sat Apr 18 07:37:37 PDT 2026","9","BatchId:5385913;OriginalHitTemplateId:928390873;","1800","1296000","Sat Apr 25 07:37:37 PDT 2026","","","3PWWM24LILCTYXH3TT61T34PADN82C","A1N3QIWLGR6ZV6","Rejected","Sat Apr 18 10:36:17 PDT 2026","Sat Apr 18 10:42:07 PDT 2026","Sun May 03 10:42:07 PDT 2026","","Sat Apr 18 20:04:20 PDT 2026","Thank you for your time. Unfortunately this submission did not pass the embedded gold-standard checks; this task requires very careful attention to detail.","350","24% (9/38)","0% (0/29)","0% (0/29)","Car","https://tactileeval.s3.us-east-1.amazonaws.com/family_datasets/Vehicles_and_Flight_Systems/Car/Natural/Car_22.jpeg","https://tactileeval.s3.us-east-1.amazonaws.com/family_datasets/Vehicles_and_Flight_Systems/Car/Tactile/22.jpg","","Car","https://tactileeval.s3.us-east-1.amazonaws.com/family_datasets/Vehicles_and_Flight_Systems/Car/Natural/Car_23.jpeg","https://tactileeval.s3.us-east-1.amazonaws.com/family_datasets/Vehicles_and_Flight_Systems/Car/Tactile/23.jpg","","Car","https://tactileeval.s3.us-east-1.amazonaws.com/family_datasets/Vehicles_and_Flight_Systems/Car/Natural/Car_24.jpg","https://tactileeval.s3.us-east-1.amazonaws.com/family_datasets/Vehicles_and_Flight_Systems/Car/Tactile/24.jpg","","Car","https://tactileeval.s3.us-east-1.amazonaws.com/family_datasets/Vehicles_and_Flight_Systems/Car/Natural/Car_25.jpeg","https://tactileeval.s3.us-east-1.amazonaws.com/family_datasets/Vehicles_and_Flight_Systems/Car/Tactile/25.jpg","","Car","https://tactileeval.s3.us-east-1.amazonaws.com/family_datasets/Vehicles_and_Flight_Systems/Car/Natural/Car_26.jpg","https://tactileeval.s3.us-east-1.amazonaws.com/family_datasets/Vehicles_and_Flight_Systems/Car/Tactile/26.png","","Helicopter","https://tactileeval.s3.us-east-1.amazonaws.com/family_datasets/Vehicles_and_Flight_Systems/Helicopter/Natural/1_Helicopter.jpg","https://tactileeval.s3.us-east-1.amazonaws.com/family_datasets/Vehicles_and_Flight_Systems/Helicopter/Tactile/1.jpeg","","Helicopter","https://tactileeval.s3.us-east-1.amazonaws.com/family_datasets/Vehicles_and_Flight_Systems/Helicopter/Natural/2_Helicopter.jpg","https://tactileeval.s3.us-east-1.amazonaws.com/family_datasets/Vehicles_and_Flight_Systems/Helicopter/Tactile/2.jpeg","","Helicopter","https://tactileeval.s3.us-east-1.amazonaws.com/family_datasets/Vehicles_and_Flight_Systems/Helicopter/Natural/3_Helicopter.jpg","https://tactileeval.s3.us-east-1.amazonaws.com/family_datasets/Vehicles_and_Flight_Systems/Helicopter/Tactile/3.jpeg","","Helicopter","https://tactileeval.s3.us-east-1.amazonaws.com/family_datasets/Vehicles_and_Flight_Systems/Helicopter/Natural/4_Helicopter.jpg","https://tactileeval.s3.us-east-1.amazonaws.com/family_datasets/Vehicles_and_Flight_Systems/Helicopter/Tactile/4.jpeg","","Helicopter","https://tactileeval.s3.us-east-1.amazonaws.com/family_datasets/Vehicles_and_Flight_Systems/Helicopter/Natural/5_Helicopter.jpg","https://tactileeval.s3.us-east-1.amazonaws.com/family_datasets/Vehicles_and_Flight_Systems/Helicopter/Tactile/5.jpeg","","[{""question1"":{""all_correct"":false,""extra_parts"":false,""missing_parts"":true,""wrong_location"":false},""question10"":{""all_correct"":false,""extra_parts"":true,""missing_parts"":false,""wrong_location"":false},""question2"":{""all_correct"":false,""extra_parts"":true,""missing_parts"":false,""wrong_location"":false},""question3"":{""all_correct"":false,""extra_parts"":false,""missing_parts"":false,""wrong_location"":true},""question4"":{""all_correct"":false,""extra_parts"":true,""missing_parts"":false,""wrong_location"":false},""question5"":{""all_correct"":true,""extra_parts"":false,""missing_parts"":false,""wrong_location"":false},""question6"":{""all_correct"":false,""extra_parts"":false,""missing_parts"":false,""wrong_location"":true},""question7"":{""all_correct"":false,""extra_parts"":true,""missing_parts"":false,""wrong_location"":false},""question8"":{""all_correct"":false,""extra_parts"":false,""missing_parts"":false,""wrong_location"":true},""question9"":{""all_correct"":false,""extra_parts"":true,""missing_parts"":false,""wrong_location"":false}}]"
"302U8RURKRFLCB4GX3AUPLV2S3GNVR","3U20ZGNLAG0U51KQK3YR7IVUILJD7F","Judge if an objects line-art has missing elements (10 pairs)","Review 10  line-arts and judge if it has/hasn't missing or extra content. (10 pairs)","tactile, image review, accessibility, vehicles","$0.08","Sat Apr 18 07:37:37 PDT 2026","9","BatchId:5385913;OriginalHitTemplateId:928390873;","1800","1296000","Sat Apr 25 07:37:37 PDT 2026","","","37FMASSAZ55GBGTCL8B37L177F4BIO","ASBG43I93VS4A","Rejected","Sat Apr 18 10:30:06 PDT 2026","Sat Apr 18 10:44:09 PDT 2026","Sun May 03 10:44:09 PDT 2026","","Sat Apr 18 20:04:20 PDT 2026","Thank you for your time. Unfortunately this submission did not pass the embedded gold-standard checks; this task requires very careful attention to detail.","843","27% (8/30)","27% (8/30)","27% (8/30)","Car","https://tactileeval.s3.us-east-1.amazonaws.com/family_datasets/Vehicles_and_Flight_Systems/Car/Natural/Car_22.jpeg","https://tactileeval.s3.us-east-1.amazonaws.com/family_datasets/Vehicles_and_Flight_Systems/Car/Tactile/22.jpg","","Car","https://tactileeval.s3.us-east-1.amazonaws.com/family_datasets/Vehicles_and_Flight_Systems/Car/Natural/Car_23.jpeg","https://tactileeval.s3.us-east-1.amazonaws.com/family_datasets/Vehicles_and_Flight_Systems/Car/Tactile/23.jpg","","Car","https://tactileeval.s3.us-east-1.amazonaws.com/family_datasets/Vehicles_and_Flight_Systems/Car/Natural/Car_24.jpg","https://tactileeval.s3.us-east-1.amazonaws.com/family_datasets/Vehicles_and_Flight_Systems/Car/Tactile/24.jpg","","Car","https://tactileeval.s3.us-east-1.amazonaws.com/family_datasets/Vehicles_and_Flight_Systems/Car/Natural/Car_25.jpeg","https://tactileeval.s3.us-east-1.amazonaws.com/family_datasets/Vehicles_and_Flight_Systems/Car/Tactile/25.jpg","","Car","https://tactileeval.s3.us-east-1.amazonaws.com/family_datasets/Vehicles_and_Flight_Systems/Car/Natural/Car_26.jpg","https://tactileeval.s3.us-east-1.amazonaws.com/family_datasets/Vehicles_and_Flight_Systems/Car/Tactile/26.png","","Helicopter","https://tactileeval.s3.us-east-1.amazonaws.com/family_datasets/Vehicles_and_Flight_Systems/Helicopter/Natural/1_Helicopter.jpg","https://tactileeval.s3.us-east-1.amazonaws.com/family_datasets/Vehicles_and_Flight_Systems/Helicopter/Tactile/1.jpeg","","Helicopter","https://tactileeval.s3.us-east-1.amazonaws.com/family_datasets/Vehicles_and_Flight_Systems/Helicopter/Natural/2_Helicopter.jpg","https://tactileeval.s3.us-east-1.amazonaws.com/family_datasets/Vehicles_and_Flight_Systems/Helicopter/Tactile/2.jpeg","","Helicopter","https://tactileeval.s3.us-east-1.amazonaws.com/family_datasets/Vehicles_and_Flight_Systems/Helicopter/Natural/3_Helicopter.jpg","https://tactileeval.s3.us-east-1.amazonaws.com/family_datasets/Vehicles_and_Flight_Systems/Helicopter/Tactile/3.jpeg","","Helicopter","https://tactileeval.s3.us-east-1.amazonaws.com/family_datasets/Vehicles_and_Flight_Systems/Helicopter/Natural/4_Helicopter.jpg","https://tactileeval.s3.us-east-1.amazonaws.com/family_datasets/Vehicles_and_Flight_Systems/Helicopter/Tactile/4.jpeg","","Helicopter","https://tactileeval.s3.us-east-1.amazonaws.com/family_datasets/Vehicles_and_Flight_Systems/Helicopter/Natural/5_Helicopter.jpg","https://tactileeval.s3.us-east-1.amazonaws.com/family_datasets/Vehicles_and_Flight_Systems/Helicopter/Tactile/5.jpeg","","[{""question1"":{""all_correct"":true,""extra_parts"":false,""missing_parts"":false,""wrong_location"":false},""question10"":{""all_correct"":false,""extra_parts"":true,""missing_parts"":false,""wrong_location"":false},""question2"":{""all_correct"":false,""extra_parts"":true,""missing_parts"":true,""wrong_location"":false},""question3"":{""all_correct"":false,""extra_parts"":true,""missing_parts"":true,""wrong_location"":false},""question4"":{""all_correct"":true,""extra_parts"":false,""missing_parts"":false,""wrong_location"":false},""question5"":{""all_correct"":false,""extra_parts"":true,""missing_parts"":true,""wrong_location"":false},""question6"":{""all_correct"":false,""extra_parts"":true,""missing_parts"":true,""wrong_location"":false},""question7"":{""all_correct"":false,""extra_parts"":true,""missing_parts"":true,""wrong_location"":false},""question8"":{""all_correct"":false,""extra_parts"":true,""missing_parts"":true,""wrong_location"":false},""question9"":{""all_correct"":true,""extra_parts"":false,""missing_parts"":false,""wrong_location"":false}}]"
"302U8RURKRFLCB4GX3AUPLV2S3GNVR","3U20ZGNLAG0U51KQK3YR7IVUILJD7F","Judge if an objects line-art has missing elements (10 pairs)","Review 10  line-arts and judge if it has/hasn't missing or extra content. (10 pairs)","tactile, image review, accessibility, vehicles","$0.08","Sat Apr 18 07:37:37 PDT 2026","9","BatchId:5385913;OriginalHitTemplateId:928390873;","1800","1296000","Sat Apr 25 07:37:37 PDT 2026","","","3QIYRE09ZWV7CJMBGRV66HKF7271NB","AM6XJQNLFEV4J","Rejected","Sat Apr 18 10:30:10 PDT 2026","Sat Apr 18 10:50:51 PDT 2026","Sun May 03 10:50:51 PDT 2026","","Sat Apr 18 20:04:20 PDT 2026","Thank you for your time. Unfortunately this submission did not pass the embedded gold-standard checks; this task requires very careful attention to detail.","1241","59% (19/32)","59% (19/32)","59% (19/32)","Car","https://tactileeval.s3.us-east-1.amazonaws.com/family_datasets/Vehicles_and_Flight_Systems/Car/Natural/Car_22.jpeg","https://tactileeval.s3.us-east-1.amazonaws.com/family_datasets/Vehicles_and_Flight_Systems/Car/Tactile/22.jpg","","Car","https://tactileeval.s3.us-east-1.amazonaws.com/family_datasets/Vehicles_and_Flight_Systems/Car/Natural/Car_23.jpeg","https://tactileeval.s3.us-east-1.amazonaws.com/family_datasets/Vehicles_and_Flight_Systems/Car/Tactile/23.jpg","","Car","https://tactileeval.s3.us-east-1.amazonaws.com/family_datasets/Vehicles_and_Flight_Systems/Car/Natural/Car_24.jpg","https://tactileeval.s3.us-east-1.amazonaws.com/family_datasets/Vehicles_and_Flight_Systems/Car/Tactile/24.jpg","","Car","https://tactileeval.s3.us-east-1.amazonaws.com/family_datasets/Vehicles_and_Flight_Systems/Car/Natural/Car_25.jpeg","https://tactileeval.s3.us-east-1.amazonaws.com/family_datasets/Vehicles_and_Flight_Systems/Car/Tactile/25.jpg","","Car","https://tactileeval.s3.us-east-1.amazonaws.com/family_datasets/Vehicles_and_Flight_Systems/Car/Natural/Car_26.jpg","https://tactileeval.s3.us-east-1.amazonaws.com/family_datasets/Vehicles_and_Flight_Systems/Car/Tactile/26.png","","Helicopter","https://tactileeval.s3.us-east-1.amazonaws.com/family_datasets/Vehicles_and_Flight_Systems/Helicopter/Natural/1_Helicopter.jpg","https://tactileeval.s3.us-east-1.amazonaws.com/family_datasets/Vehicles_and_Flight_Systems/Helicopter/Tactile/1.jpeg","","Helicopter","https://tactileeval.s3.us-east-1.amazonaws.com/family_datasets/Vehicles_and_Flight_Systems/Helicopter/Natural/2_Helicopter.jpg","https://tactileeval.s3.us-east-1.amazonaws.com/family_datasets/Vehicles_and_Flight_Systems/Helicopter/Tactile/2.jpeg","","Helicopter","https://tactileeval.s3.us-east-1.amazonaws.com/family_datasets/Vehicles_and_Flight_Systems/Helicopter/Natural/3_Helicopter.jpg","https://tactileeval.s3.us-east-1.amazonaws.com/family_datasets/Vehicles_and_Flight_Systems/Helicopter/Tactile/3.jpeg","","Helicopter","https://tactileeval.s3.us-east-1.amazonaws.com/family_datasets/Vehicles_and_Flight_Systems/Helicopter/Natural/4_Helicopter.jpg","https://tactileeval.s3.us-east-1.amazonaws.com/family_datasets/Vehicles_and_Flight_Systems/Helicopter/Tactile/4.jpeg","","Helicopter","https://tactileeval.s3.us-east-1.amazonaws.com/family_datasets/Vehicles_and_Flight_Systems/Helicopter/Natural/5_Helicopter.jpg","https://tactileeval.s3.us-east-1.amazonaws.com/family_datasets/Vehicles_and_Flight_Systems/Helicopter/Tactile/5.jpeg","","[{""question1"":{""all_correct"":false,""extra_parts"":true,""missing_parts"":true,""wrong_location"":false},""question10"":{""all_correct"":true,""extra_parts"":false,""missing_parts"":false,""wrong_location"":false},""question2"":{""all_correct"":false,""extra_parts"":true,""missing_parts"":true,""wrong_location"":false},""question3"":{""all_correct"":false,""extra_parts"":true,""missing_parts"":true,""wrong_location"":false},""question4"":{""all_correct"":false,""extra_parts"":true,""missing_parts"":true,""wrong_location"":false},""question5"":{""all_correct"":false,""extra_parts"":true,""missing_parts"":true,""wrong_location"":false},""question6"":{""all_correct"":false,""extra_parts"":true,""missing_parts"":true,""wrong_location"":false},""question7"":{""all_correct"":false,""extra_parts"":true,""missing_parts"":true,""wrong_location"":false},""question8"":{""all_correct"":false,""extra_parts"":true,""missing_parts"":true,""wrong_location"":false},""question9"":{""all_correct"":true,""extra_parts"":false,""missing_parts"":false,""wrong_location"":false}}]"
"302U8RURKRFLCB4GX3AUPLV2S3GNVR","3U20ZGNLAG0U51KQK3YR7IVUILJD7F","Judge if an objects line-art has missing elements (10 pairs)","Review 10  line-arts and judge if it has/hasn't missing or extra content. (10 pairs)","tactile, image review, accessibility, vehicles","$0.08","Sat Apr 18 07:37:37 PDT 2026","9","BatchId:5385913;OriginalHitTemplateId:928390873;","1800","1296000","Sat Apr 25 07:37:37 PDT 2026","","","3RXPCZQMRIP12R5PTNIBGXBI6QL1G3","A12VYCG9CMKAFA","Rejected","Sat Apr 18 10:30:06 PDT 2026","Sat Apr 18 10:53:18 PDT 2026","Sun May 03 10:53:18 PDT 2026","","Sat Apr 18 20:04:20 PDT 2026","Thank you for your time. Unfortunately this submission did not pass the embedded gold-standard checks; this task requires very careful attention to detail.","1392","26% (7/27)","26% (7/27)","26% (7/27)","Car","https://tactileeval.s3.us-east-1.amazonaws.com/family_datasets/Vehicles_and_Flight_Systems/Car/Natural/Car_22.jpeg","https://tactileeval.s3.us-east-1.amazonaws.com/family_datasets/Vehicles_and_Flight_Systems/Car/Tactile/22.jpg","","Car","https://tactileeval.s3.us-east-1.amazonaws.com/family_datasets/Vehicles_and_Flight_Systems/Car/Natural/Car_23.jpeg","https://tactileeval.s3.us-east-1.amazonaws.com/family_datasets/Vehicles_and_Flight_Systems/Car/Tactile/23.jpg","","Car","https://tactileeval.s3.us-east-1.amazonaws.com/family_datasets/Vehicles_and_Flight_Systems/Car/Natural/Car_24.jpg","https://tactileeval.s3.us-east-1.amazonaws.com/family_datasets/Vehicles_and_Flight_Systems/Car/Tactile/24.jpg","","Car","https://tactileeval.s3.us-east-1.amazonaws.com/family_datasets/Vehicles_and_Flight_Systems/Car/Natural/Car_25.jpeg","https://tactileeval.s3.us-east-1.amazonaws.com/family_datasets/Vehicles_and_Flight_Systems/Car/Tactile/25.jpg","","Car","https://tactileeval.s3.us-east-1.amazonaws.com/family_datasets/Vehicles_and_Flight_Systems/Car/Natural/Car_26.jpg","https://tactileeval.s3.us-east-1.amazonaws.com/family_datasets/Vehicles_and_Flight_Systems/Car/Tactile/26.png","","Helicopter","https://tactileeval.s3.us-east-1.amazonaws.com/family_datasets/Vehicles_and_Flight_Systems/Helicopter/Natural/1_Helicopter.jpg","https://tactileeval.s3.us-east-1.amazonaws.com/family_datasets/Vehicles_and_Flight_Systems/Helicopter/Tactile/1.jpeg","","Helicopter","https://tactileeval.s3.us-east-1.amazonaws.com/family_datasets/Vehicles_and_Flight_Systems/Helicopter/Natural/2_Helicopter.jpg","https://tactileeval.s3.us-east-1.amazonaws.com/family_datasets/Vehicles_and_Flight_Systems/Helicopter/Tactile/2.jpeg","","Helicopter","https://tactileeval.s3.us-east-1.amazonaws.com/family_datasets/Vehicles_and_Flight_Systems/Helicopter/Natural/3_Helicopter.jpg","https://tactileeval.s3.us-east-1.amazonaws.com/family_datasets/Vehicles_and_Flight_Systems/Helicopter/Tactile/3.jpeg","","Helicopter","https://tactileeval.s3.us-east-1.amazonaws.com/family_datasets/Vehicles_and_Flight_Systems/Helicopter/Natural/4_Helicopter.jpg","https://tactileeval.s3.us-east-1.amazonaws.com/family_datasets/Vehicles_and_Flight_Systems/Helicopter/Tactile/4.jpeg","","Helicopter","https://tactileeval.s3.us-east-1.amazonaws.com/family_datasets/Vehicles_and_Flight_Systems/Helicopter/Natural/5_Helicopter.jpg","https://tactileeval.s3.us-east-1.amazonaws.com/family_datasets/Vehicles_and_Flight_Systems/Helicopter/Tactile/5.jpeg","","[{""question1"":{""all_correct"":false,""extra_parts"":true,""missing_parts"":true,""wrong_location"":false},""question10"":{""all_correct"":false,""extra_parts"":true,""missing_parts"":true,""wrong_location"":false},""question2"":{""all_correct"":true,""extra_parts"":false,""missing_parts"":false,""wrong_location"":false},""question3"":{""all_correct"":false,""extra_parts"":true,""missing_parts"":true,""wrong_location"":false},""question4"":{""all_correct"":true,""extra_parts"":false,""missing_parts"":false,""wrong_location"":false},""question5"":{""all_correct"":false,""extra_parts"":true,""missing_parts"":true,""wrong_location"":false},""question6"":{""all_correct"":false,""extra_parts"":true,""missing_parts"":true,""wrong_location"":false},""question7"":{""all_correct"":false,""extra_parts"":true,""missing_parts"":true,""wrong_location"":false},""question8"":{""all_correct"":false,""extra_parts"":true,""missing_parts"":true,""wrong_location"":false},""question9"":{""all_correct"":false,""extra_parts"":true,""missing_parts"":true,""wrong_location"":false}}]"
"302U8RURKRFLCB4GX3AUPLV2S3GNVR","3U20ZGNLAG0U51KQK3YR7IVUILJD7F","Judge if an objects line-art has missing elements (10 pairs)","Review 10  line-arts and judge if it has/hasn't missing or extra content. (10 pairs)","tactile, image review, accessibility, vehicles","$0.08","Sat Apr 18 07:37:37 PDT 2026","9","BatchId:5385913;OriginalHitTemplateId:928390873;","1800","1296000","Sat Apr 25 07:37:37 PDT 2026","","","3180JW2OUXQAHBW92G5QG0GFAY7J57","A2I68SNRG9QUY7","Rejected","Sat Apr 18 10:30:18 PDT 2026","Sat Apr 18 11:00:04 PDT 2026","Sun May 03 11:00:04 PDT 2026","","Sat Apr 18 20:04:20 PDT 2026","Thank you for your time. Unfortunately this submission did not pass the embedded gold-standard checks; this task requires very careful attention to detail.","1786","11% (1/9)","11% (1/9)","11% (1/9)","Car","https://tactileeval.s3.us-east-1.amazonaws.com/family_datasets/Vehicles_and_Flight_Systems/Car/Natural/Car_22.jpeg","https://tactileeval.s3.us-east-1.amazonaws.com/family_datasets/Vehicles_and_Flight_Systems/Car/Tactile/22.jpg","","Car","https://tactileeval.s3.us-east-1.amazonaws.com/family_datasets/Vehicles_and_Flight_Systems/Car/Natural/Car_23.jpeg","https://tactileeval.s3.us-east-1.amazonaws.com/family_datasets/Vehicles_and_Flight_Systems/Car/Tactile/23.jpg","","Car","https://tactileeval.s3.us-east-1.amazonaws.com/family_datasets/Vehicles_and_Flight_Systems/Car/Natural/Car_24.jpg","https://tactileeval.s3.us-east-1.amazonaws.com/family_datasets/Vehicles_and_Flight_Systems/Car/Tactile/24.jpg","","Car","https://tactileeval.s3.us-east-1.amazonaws.com/family_datasets/Vehicles_and_Flight_Systems/Car/Natural/Car_25.jpeg","https://tactileeval.s3.us-east-1.amazonaws.com/family_datasets/Vehicles_and_Flight_Systems/Car/Tactile/25.jpg","","Car","https://tactileeval.s3.us-east-1.amazonaws.com/family_datasets/Vehicles_and_Flight_Systems/Car/Natural/Car_26.jpg","https://tactileeval.s3.us-east-1.amazonaws.com/family_datasets/Vehicles_and_Flight_Systems/Car/Tactile/26.png","","Helicopter","https://tactileeval.s3.us-east-1.amazonaws.com/family_datasets/Vehicles_and_Flight_Systems/Helicopter/Natural/1_Helicopter.jpg","https://tactileeval.s3.us-east-1.amazonaws.com/family_datasets/Vehicles_and_Flight_Systems/Helicopter/Tactile/1.jpeg","","Helicopter","https://tactileeval.s3.us-east-1.amazonaws.com/family_datasets/Vehicles_and_Flight_Systems/Helicopter/Natural/2_Helicopter.jpg","https://tactileeval.s3.us-east-1.amazonaws.com/family_datasets/Vehicles_and_Flight_Systems/Helicopter/Tactile/2.jpeg","","Helicopter","https://tactileeval.s3.us-east-1.amazonaws.com/family_datasets/Vehicles_and_Flight_Systems/Helicopter/Natural/3_Helicopter.jpg","https://tactileeval.s3.us-east-1.amazonaws.com/family_datasets/Vehicles_and_Flight_Systems/Helicopter/Tactile/3.jpeg","","Helicopter","https://tactileeval.s3.us-east-1.amazonaws.com/family_datasets/Vehicles_and_Flight_Systems/Helicopter/Natural/4_Helicopter.jpg","https://tactileeval.s3.us-east-1.amazonaws.com/family_datasets/Vehicles_and_Flight_Systems/Helicopter/Tactile/4.jpeg","","Helicopter","https://tactileeval.s3.us-east-1.amazonaws.com/family_datasets/Vehicles_and_Flight_Systems/Helicopter/Natural/5_Helicopter.jpg","https://tactileeval.s3.us-east-1.amazonaws.com/family_datasets/Vehicles_and_Flight_Systems/Helicopter/Tactile/5.jpeg","","[{""question1"":{""all_correct"":false,""extra_parts"":true,""missing_parts"":false,""wrong_location"":false},""question10"":{""all_correct"":true,""extra_parts"":false,""missing_parts"":false,""wrong_location"":false},""question2"":{""all_correct"":false,""extra_parts"":true,""missing_parts"":false,""wrong_location"":false},""question3"":{""all_correct"":false,""extra_parts"":false,""missing_parts"":true,""wrong_location"":false},""question4"":{""all_correct"":false,""extra_parts"":true,""missing_parts"":false,""wrong_location"":false},""question5"":{""all_correct"":false,""extra_parts"":false,""missing_parts"":true,""wrong_location"":false},""question6"":{""all_correct"":false,""extra_parts"":true,""missing_parts"":false,""wrong_location"":false},""question7"":{""all_correct"":false,""extra_parts"":true,""missing_parts"":false,""wrong_location"":false},""question8"":{""all_correct"":false,""extra_parts"":true,""missing_parts"":false,""wrong_location"":false},""question9"":{""all_correct"":true,""extra_parts"":false,""missing_parts"":false,""wrong_location"":false}}]"
"302U8RURKRFLCB4GX3AUPLV2S3GNVR","3U20ZGNLAG0U51KQK3YR7IVUILJD7F","Judge if an objects line-art has missing elements (10 pairs)","Review 10  line-arts and judge if it has/hasn't missing or extra content. (10 pairs)","tactile, image review, accessibility, vehicles","$0.08","Sat Apr 18 07:37:37 PDT 2026","9","BatchId:5385913;OriginalHitTemplateId:928390873;","1800","1296000","Sat Apr 25 07:37:37 PDT 2026","","","39KFRKBFJG9MKAXQTV2SZTVU4XPYOP","A7D1G6VBRTJMJ","Rejected","Sat Apr 18 11:13:12 PDT 2026","Sat Apr 18 11:17:08 PDT 2026","Sun May 03 11:17:08 PDT 2026","","Sat Apr 18 20:04:20 PDT 2026","Thank you for your time. Unfortunately this submission did not pass the embedded gold-standard checks; this task requires very careful attention to detail.","236","46% (11/24)","46% (11/24)","46% (11/24)","Car","https://tactileeval.s3.us-east-1.amazonaws.com/family_datasets/Vehicles_and_Flight_Systems/Car/Natural/Car_22.jpeg","https://tactileeval.s3.us-east-1.amazonaws.com/family_datasets/Vehicles_and_Flight_Systems/Car/Tactile/22.jpg","","Car","https://tactileeval.s3.us-east-1.amazonaws.com/family_datasets/Vehicles_and_Flight_Systems/Car/Natural/Car_23.jpeg","https://tactileeval.s3.us-east-1.amazonaws.com/family_datasets/Vehicles_and_Flight_Systems/Car/Tactile/23.jpg","","Car","https://tactileeval.s3.us-east-1.amazonaws.com/family_datasets/Vehicles_and_Flight_Systems/Car/Natural/Car_24.jpg","https://tactileeval.s3.us-east-1.amazonaws.com/family_datasets/Vehicles_and_Flight_Systems/Car/Tactile/24.jpg","","Car","https://tactileeval.s3.us-east-1.amazonaws.com/family_datasets/Vehicles_and_Flight_Systems/Car/Natural/Car_25.jpeg","https://tactileeval.s3.us-east-1.amazonaws.com/family_datasets/Vehicles_and_Flight_Systems/Car/Tactile/25.jpg","","Car","https://tactileeval.s3.us-east-1.amazonaws.com/family_datasets/Vehicles_and_Flight_Systems/Car/Natural/Car_26.jpg","https://tactileeval.s3.us-east-1.amazonaws.com/family_datasets/Vehicles_and_Flight_Systems/Car/Tactile/26.png","","Helicopter","https://tactileeval.s3.us-east-1.amazonaws.com/family_datasets/Vehicles_and_Flight_Systems/Helicopter/Natural/1_Helicopter.jpg","https://tactileeval.s3.us-east-1.amazonaws.com/family_datasets/Vehicles_and_Flight_Systems/Helicopter/Tactile/1.jpeg","","Helicopter","https://tactileeval.s3.us-east-1.amazonaws.com/family_datasets/Vehicles_and_Flight_Systems/Helicopter/Natural/2_Helicopter.jpg","https://tactileeval.s3.us-east-1.amazonaws.com/family_datasets/Vehicles_and_Flight_Systems/Helicopter/Tactile/2.jpeg","","Helicopter","https://tactileeval.s3.us-east-1.amazonaws.com/family_datasets/Vehicles_and_Flight_Systems/Helicopter/Natural/3_Helicopter.jpg","https://tactileeval.s3.us-east-1.amazonaws.com/family_datasets/Vehicles_and_Flight_Systems/Helicopter/Tactile/3.jpeg","","Helicopter","https://tactileeval.s3.us-east-1.amazonaws.com/family_datasets/Vehicles_and_Flight_Systems/Helicopter/Natural/4_Helicopter.jpg","https://tactileeval.s3.us-east-1.amazonaws.com/family_datasets/Vehicles_and_Flight_Systems/Helicopter/Tactile/4.jpeg","","Helicopter","https://tactileeval.s3.us-east-1.amazonaws.com/family_datasets/Vehicles_and_Flight_Systems/Helicopter/Natural/5_Helicopter.jpg","https://tactileeval.s3.us-east-1.amazonaws.com/family_datasets/Vehicles_and_Flight_Systems/Helicopter/Tactile/5.jpeg","","[{""question1"":{""all_correct"":true,""extra_parts"":false,""missing_parts"":false,""wrong_location"":false},""question10"":{""all_correct"":true,""extra_parts"":false,""missing_parts"":false,""wrong_location"":false},""question2"":{""all_correct"":true,""extra_parts"":false,""missing_parts"":false,""wrong_location"":false},""question3"":{""all_correct"":false,""extra_parts"":false,""missing_parts"":true,""wrong_location"":false},""question4"":{""all_correct"":false,""extra_parts"":false,""missing_parts"":false,""wrong_location"":true},""question5"":{""all_correct"":true,""extra_parts"":false,""missing_parts"":false,""wrong_location"":false},""question6"":{""all_correct"":true,""extra_parts"":false,""missing_parts"":false,""wrong_location"":false},""question7"":{""all_correct"":false,""extra_parts"":false,""missing_parts"":false,""wrong_location"":true},""question8"":{""all_correct"":true,""extra_parts"":false,""missing_parts"":false,""wrong_location"":false},""question9"":{""all_correct"":true,""extra_parts"":false,""missing_parts"":false,""wrong_location"":false}}]"
"302U8RURKRFLCB4GX3AUPLV2S3GNVR","3U20ZGNLAG0U51KQK3YR7IVUILJD7F","Judge if an objects line-art has missing elements (10 pairs)","Review 10  line-arts and judge if it has/hasn't missing or extra content. (10 pairs)","tactile, image review, accessibility, vehicles","$0.08","Sat Apr 18 07:37:37 PDT 2026","9","BatchId:5385913;OriginalHitTemplateId:928390873;","1800","1296000","Sat Apr 25 07:37:37 PDT 2026","","","3VAR3R6G2IF75468GR4Y0G7SBJO8OP","A11RQ0K5GQ3NJG","Approved","Sat Apr 18 21:17:04 PDT 2026","Sat Apr 18 21:19:51 PDT 2026","Sun May 03 21:19:51 PDT 2026","Sun Apr 19 07:44:30 PDT 2026","","","167","39% (12/31)","39% (12/31)","39% (12/31)","Car","https://tactileeval.s3.us-east-1.amazonaws.com/family_datasets/Vehicles_and_Flight_Systems/Car/Natural/Car_22.jpeg","https://tactileeval.s3.us-east-1.amazonaws.com/family_datasets/Vehicles_and_Flight_Systems/Car/Tactile/22.jpg","","Car","https://tactileeval.s3.us-east-1.amazonaws.com/family_datasets/Vehicles_and_Flight_Systems/Car/Natural/Car_23.jpeg","https://tactileeval.s3.us-east-1.amazonaws.com/family_datasets/Vehicles_and_Flight_Systems/Car/Tactile/23.jpg","","Car","https://tactileeval.s3.us-east-1.amazonaws.com/family_datasets/Vehicles_and_Flight_Systems/Car/Natural/Car_24.jpg","https://tactileeval.s3.us-east-1.amazonaws.com/family_datasets/Vehicles_and_Flight_Systems/Car/Tactile/24.jpg","","Car","https://tactileeval.s3.us-east-1.amazonaws.com/family_datasets/Vehicles_and_Flight_Systems/Car/Natural/Car_25.jpeg","https://tactileeval.s3.us-east-1.amazonaws.com/family_datasets/Vehicles_and_Flight_Systems/Car/Tactile/25.jpg","","Car","https://tactileeval.s3.us-east-1.amazonaws.com/family_datasets/Vehicles_and_Flight_Systems/Car/Natural/Car_26.jpg","https://tactileeval.s3.us-east-1.amazonaws.com/family_datasets/Vehicles_and_Flight_Systems/Car/Tactile/26.png","","Helicopter","https://tactileeval.s3.us-east-1.amazonaws.com/family_datasets/Vehicles_and_Flight_Systems/Helicopter/Natural/1_Helicopter.jpg","https://tactileeval.s3.us-east-1.amazonaws.com/family_datasets/Vehicles_and_Flight_Systems/Helicopter/Tactile/1.jpeg","","Helicopter","https://tactileeval.s3.us-east-1.amazonaws.com/family_datasets/Vehicles_and_Flight_Systems/Helicopter/Natural/2_Helicopter.jpg","https://tactileeval.s3.us-east-1.amazonaws.com/family_datasets/Vehicles_and_Flight_Systems/Helicopter/Tactile/2.jpeg","","Helicopter","https://tactileeval.s3.us-east-1.amazonaws.com/family_datasets/Vehicles_and_Flight_Systems/Helicopter/Natural/3_Helicopter.jpg","https://tactileeval.s3.us-east-1.amazonaws.com/family_datasets/Vehicles_and_Flight_Systems/Helicopter/Tactile/3.jpeg","","Helicopter","https://tactileeval.s3.us-east-1.amazonaws.com/family_datasets/Vehicles_and_Flight_Systems/Helicopter/Natural/4_Helicopter.jpg","https://tactileeval.s3.us-east-1.amazonaws.com/family_datasets/Vehicles_and_Flight_Systems/Helicopter/Tactile/4.jpeg","","Helicopter","https://tactileeval.s3.us-east-1.amazonaws.com/family_datasets/Vehicles_and_Flight_Systems/Helicopter/Natural/5_Helicopter.jpg","https://tactileeval.s3.us-east-1.amazonaws.com/family_datasets/Vehicles_and_Flight_Systems/Helicopter/Tactile/5.jpeg","","[{""question1"":{""all_correct"":true,""extra_parts"":false,""missing_parts"":false,""wrong_location"":false},""question10"":{""all_correct"":false,""extra_parts"":false,""missing_parts"":true,""wrong_location"":false},""question2"":{""all_correct"":true,""extra_parts"":false,""missing_parts"":false,""wrong_location"":false},""question3"":{""all_correct"":true,""extra_parts"":false,""missing_parts"":false,""wrong_location"":false},""question4"":{""all_correct"":false,""extra_parts"":false,""missing_parts"":true,""wrong_location"":false},""question5"":{""all_correct"":true,""extra_parts"":false,""missing_parts"":false,""wrong_location"":false},""question6"":{""all_correct"":true,""extra_parts"":false,""missing_parts"":false,""wrong_location"":false},""question7"":{""all_correct"":false,""extra_parts"":false,""missing_parts"":false,""wrong_location"":true},""question8"":{""all_correct"":true,""extra_parts"":false,""missing_parts"":false,""wrong_location"":false},""question9"":{""all_correct"":false,""extra_parts"":false,""missing_parts"":true,""wrong_location"":false}}]"
"302U8RURKRFLCB4GX3AUPLV2S3GNVR","3U20ZGNLAG0U51KQK3YR7IVUILJD7F","Judge if an objects line-art has missing elements (10 pairs)","Review 10  line-arts and judge if it has/hasn't missing or extra content. (10 pairs)","tactile, image review, accessibility, vehicles","$0.08","Sat Apr 18 07:37:37 PDT 2026","9","BatchId:5385913;OriginalHitTemplateId:928390873;","1800","1296000","Sat Apr 25 07:37:37 PDT 2026","","","3B2X28YI4PT0IWYBJ72EAIB2YPN6B5","AM8EV600ZP69X","Approved","Sun Apr 19 00:37:43 PDT 2026","Sun Apr 19 00:44:17 PDT 2026","Mon May 04 00:44:17 PDT 2026","Sun Apr 19 07:44:30 PDT 2026","","","394","86% (32/37)","86% (32/37)","86% (32/37)","Car","https://tactileeval.s3.us-east-1.amazonaws.com/family_datasets/Vehicles_and_Flight_Systems/Car/Natural/Car_22.jpeg","https://tactileeval.s3.us-east-1.amazonaws.com/family_datasets/Vehicles_and_Flight_Systems/Car/Tactile/22.jpg","","Car","https://tactileeval.s3.us-east-1.amazonaws.com/family_datasets/Vehicles_and_Flight_Systems/Car/Natural/Car_23.jpeg","https://tactileeval.s3.us-east-1.amazonaws.com/family_datasets/Vehicles_and_Flight_Systems/Car/Tactile/23.jpg","","Car","https://tactileeval.s3.us-east-1.amazonaws.com/family_datasets/Vehicles_and_Flight_Systems/Car/Natural/Car_24.jpg","https://tactileeval.s3.us-east-1.amazonaws.com/family_datasets/Vehicles_and_Flight_Systems/Car/Tactile/24.jpg","","Car","https://tactileeval.s3.us-east-1.amazonaws.com/family_datasets/Vehicles_and_Flight_Systems/Car/Natural/Car_25.jpeg","https://tactileeval.s3.us-east-1.amazonaws.com/family_datasets/Vehicles_and_Flight_Systems/Car/Tactile/25.jpg","","Car","https://tactileeval.s3.us-east-1.amazonaws.com/family_datasets/Vehicles_and_Flight_Systems/Car/Natural/Car_26.jpg","https://tactileeval.s3.us-east-1.amazonaws.com/family_datasets/Vehicles_and_Flight_Systems/Car/Tactile/26.png","","Helicopter","https://tactileeval.s3.us-east-1.amazonaws.com/family_datasets/Vehicles_and_Flight_Systems/Helicopter/Natural/1_Helicopter.jpg","https://tactileeval.s3.us-east-1.amazonaws.com/family_datasets/Vehicles_and_Flight_Systems/Helicopter/Tactile/1.jpeg","","Helicopter","https://tactileeval.s3.us-east-1.amazonaws.com/family_datasets/Vehicles_and_Flight_Systems/Helicopter/Natural/2_Helicopter.jpg","https://tactileeval.s3.us-east-1.amazonaws.com/family_datasets/Vehicles_and_Flight_Systems/Helicopter/Tactile/2.jpeg","","Helicopter","https://tactileeval.s3.us-east-1.amazonaws.com/family_datasets/Vehicles_and_Flight_Systems/Helicopter/Natural/3_Helicopter.jpg","https://tactileeval.s3.us-east-1.amazonaws.com/family_datasets/Vehicles_and_Flight_Systems/Helicopter/Tactile/3.jpeg","","Helicopter","https://tactileeval.s3.us-east-1.amazonaws.com/family_datasets/Vehicles_and_Flight_Systems/Helicopter/Natural/4_Helicopter.jpg","https://tactileeval.s3.us-east-1.amazonaws.com/family_datasets/Vehicles_and_Flight_Systems/Helicopter/Tactile/4.jpeg","","Helicopter","https://tactileeval.s3.us-east-1.amazonaws.com/family_datasets/Vehicles_and_Flight_Systems/Helicopter/Natural/5_Helicopter.jpg","https://tactileeval.s3.us-east-1.amazonaws.com/family_datasets/Vehicles_and_Flight_Systems/Helicopter/Tactile/5.jpeg","","[{""question1"":{""all_correct"":true,""extra_parts"":false,""missing_parts"":false,""wrong_location"":false},""question10"":{""all_correct"":false,""extra_parts"":false,""missing_parts"":true,""wrong_location"":false},""question2"":{""all_correct"":false,""extra_parts"":false,""missing_parts"":true,""wrong_location"":false},""question3"":{""all_correct"":false,""extra_parts"":false,""missing_parts"":true,""wrong_location"":false},""question4"":{""all_correct"":true,""extra_parts"":false,""missing_parts"":false,""wrong_location"":false},""question5"":{""all_correct"":true,""extra_parts"":false,""missing_parts"":false,""wrong_location"":false},""question6"":{""all_correct"":false,""extra_parts"":true,""missing_parts"":true,""wrong_location"":false},""question7"":{""all_correct"":true,""extra_parts"":false,""missing_parts"":false,""wrong_location"":false},""question8"":{""all_correct"":true,""extra_parts"":false,""missing_parts"":false,""wrong_location"":false},""question9"":{""all_correct"":false,""extra_parts"":false,""missing_parts"":true,""wrong_location"":false}}]"
"3ABAOCJ4S0INPLNZZ31K6J7U6LRQM0","3U20ZGNLAG0U51KQK3YR7IVUILJD7F","Judge if an objects line-art has missing elements (10 pairs)","Review 10  line-arts and judge if it has/hasn't missing or extra content. (10 pairs)","tactile, image review, accessibility, vehicles","$0.08","Sat Apr 18 07:37:37 PDT 2026","9","BatchId:5385913;OriginalHitTemplateId:928390873;","1800","1296000","Sat Apr 25 07:37:37 PDT 2026","","","39ZSFO5CB1AR2QMO3HDYOC8V9FNUJN","A2JKGAWYEHJ18S","Rejected","Sat Apr 18 09:15:08 PDT 2026","Sat Apr 18 09:28:24 PDT 2026","Sun May 03 09:28:24 PDT 2026","","Sat Apr 18 20:04:20 PDT 2026","Thank you for your time. Unfortunately this submission did not pass the embedded gold-standard checks; this task requires very careful attention to detail.","796","15% (3/20)","15% (3/20)","15% (3/20)","Helicopter","https://tactileeval.s3.us-east-1.amazonaws.com/family_datasets/Vehicles_and_Flight_Systems/Helicopter/Natural/6_Helicopter.jpg","https://tactileeval.s3.us-east-1.amazonaws.com/family_datasets/Vehicles_and_Flight_Systems/Helicopter/Tactile/6.jpeg","","Helicopter","https://tactileeval.s3.us-east-1.amazonaws.com/family_datasets/Vehicles_and_Flight_Systems/Helicopter/Natural/7_Helicopter.jpg","https://tactileeval.s3.us-east-1.amazonaws.com/family_datasets/Vehicles_and_Flight_Systems/Helicopter/Tactile/7.jpeg","","Helicopter","https://tactileeval.s3.us-east-1.amazonaws.com/family_datasets/Vehicles_and_Flight_Systems/Helicopter/Natural/8_Helicopter.jpg","https://tactileeval.s3.us-east-1.amazonaws.com/family_datasets/Vehicles_and_Flight_Systems/Helicopter/Tactile/8.jpeg","","Helicopter","https://tactileeval.s3.us-east-1.amazonaws.com/family_datasets/Vehicles_and_Flight_Systems/Helicopter/Natural/9_Helicopter%282%29.jpg","https://tactileeval.s3.us-east-1.amazonaws.com/family_datasets/Vehicles_and_Flight_Systems/Helicopter/Tactile/9.jpeg","","Helicopter","https://tactileeval.s3.us-east-1.amazonaws.com/family_datasets/Vehicles_and_Flight_Systems/Helicopter/Natural/10_Helicopter.jpg","https://tactileeval.s3.us-east-1.amazonaws.com/family_datasets/Vehicles_and_Flight_Systems/Helicopter/Tactile/10.jpeg","","Helicopter","https://tactileeval.s3.us-east-1.amazonaws.com/family_datasets/Vehicles_and_Flight_Systems/Helicopter/Natural/11_Helicopter.jpg","https://tactileeval.s3.us-east-1.amazonaws.com/family_datasets/Vehicles_and_Flight_Systems/Helicopter/Tactile/11.jpeg","","Helicopter","https://tactileeval.s3.us-east-1.amazonaws.com/family_datasets/Vehicles_and_Flight_Systems/Helicopter/Natural/12_Helicopter.jpg","https://tactileeval.s3.us-east-1.amazonaws.com/family_datasets/Vehicles_and_Flight_Systems/Helicopter/Tactile/12.jpeg","","Helicopter","https://tactileeval.s3.us-east-1.amazonaws.com/family_datasets/Vehicles_and_Flight_Systems/Helicopter/Natural/13_Helicopter.jpg","https://tactileeval.s3.us-east-1.amazonaws.com/family_datasets/Vehicles_and_Flight_Systems/Helicopter/Tactile/13.jpeg","","Helicopter","https://tactileeval.s3.us-east-1.amazonaws.com/family_datasets/Vehicles_and_Flight_Systems/Helicopter/Natural/14_Helicopter.jpg","https://tactileeval.s3.us-east-1.amazonaws.com/family_datasets/Vehicles_and_Flight_Systems/Helicopter/Tactile/14.jpeg","","Helicopter","https://tactileeval.s3.us-east-1.amazonaws.com/family_datasets/Vehicles_and_Flight_Systems/Helicopter/Natural/15_Helicopter.jpg","https://tactileeval.s3.us-east-1.amazonaws.com/family_datasets/Vehicles_and_Flight_Systems/Helicopter/Tactile/15.jpeg","","[{""question1"":{""all_correct"":false,""extra_parts"":false,""missing_parts"":true,""wrong_location"":false},""question10"":{""all_correct"":false,""extra_parts"":false,""missing_parts"":false,""wrong_location"":true},""question2"":{""all_correct"":false,""extra_parts"":true,""missing_parts"":false,""wrong_location"":false},""question3"":{""all_correct"":false,""extra_parts"":false,""missing_parts"":true,""wrong_location"":false},""question4"":{""all_correct"":false,""extra_parts"":true,""missing_parts"":false,""wrong_location"":false},""question5"":{""all_correct"":false,""extra_parts"":false,""missing_parts"":true,""wrong_location"":false},""question6"":{""all_correct"":false,""extra_parts"":false,""missing_parts"":true,""wrong_location"":false},""question7"":{""all_correct"":false,""extra_parts"":true,""missing_parts"":false,""wrong_location"":false},""question8"":{""all_correct"":false,""extra_parts"":false,""missing_parts"":true,""wrong_location"":false},""question9"":{""all_correct"":false,""extra_parts"":false,""missing_parts"":true,""wrong_location"":false}}]"
"3ABAOCJ4S0INPLNZZ31K6J7U6LRQM0","3U20ZGNLAG0U51KQK3YR7IVUILJD7F","Judge if an objects line-art has missing elements (10 pairs)","Review 10  line-arts and judge if it has/hasn't missing or extra content. (10 pairs)","tactile, image review, accessibility, vehicles","$0.08","Sat Apr 18 07:37:37 PDT 2026","9","BatchId:5385913;OriginalHitTemplateId:928390873;","1800","1296000","Sat Apr 25 07:37:37 PDT 2026","","","34J10VATK8C3FMV14Q8T2AW6TF5IQ7","A11RQ0K5GQ3NJG","Rejected","Sat Apr 18 10:30:03 PDT 2026","Sat Apr 18 10:39:19 PDT 2026","Sun May 03 10:39:19 PDT 2026","","Sat Apr 18 20:04:20 PDT 2026","Thank you for your time. Unfortunately this submission did not pass the embedded gold-standard checks; this task requires very careful attention to detail.","556","39% (12/31)","39% (12/31)","39% (12/31)","Helicopter","https://tactileeval.s3.us-east-1.amazonaws.com/family_datasets/Vehicles_and_Flight_Systems/Helicopter/Natural/6_Helicopter.jpg","https://tactileeval.s3.us-east-1.amazonaws.com/family_datasets/Vehicles_and_Flight_Systems/Helicopter/Tactile/6.jpeg","","Helicopter","https://tactileeval.s3.us-east-1.amazonaws.com/family_datasets/Vehicles_and_Flight_Systems/Helicopter/Natural/7_Helicopter.jpg","https://tactileeval.s3.us-east-1.amazonaws.com/family_datasets/Vehicles_and_Flight_Systems/Helicopter/Tactile/7.jpeg","","Helicopter","https://tactileeval.s3.us-east-1.amazonaws.com/family_datasets/Vehicles_and_Flight_Systems/Helicopter/Natural/8_Helicopter.jpg","https://tactileeval.s3.us-east-1.amazonaws.com/family_datasets/Vehicles_and_Flight_Systems/Helicopter/Tactile/8.jpeg","","Helicopter","https://tactileeval.s3.us-east-1.amazonaws.com/family_datasets/Vehicles_and_Flight_Systems/Helicopter/Natural/9_Helicopter%282%29.jpg","https://tactileeval.s3.us-east-1.amazonaws.com/family_datasets/Vehicles_and_Flight_Systems/Helicopter/Tactile/9.jpeg","","Helicopter","https://tactileeval.s3.us-east-1.amazonaws.com/family_datasets/Vehicles_and_Flight_Systems/Helicopter/Natural/10_Helicopter.jpg","https://tactileeval.s3.us-east-1.amazonaws.com/family_datasets/Vehicles_and_Flight_Systems/Helicopter/Tactile/10.jpeg","","Helicopter","https://tactileeval.s3.us-east-1.amazonaws.com/family_datasets/Vehicles_and_Flight_Systems/Helicopter/Natural/11_Helicopter.jpg","https://tactileeval.s3.us-east-1.amazonaws.com/family_datasets/Vehicles_and_Flight_Systems/Helicopter/Tactile/11.jpeg","","Helicopter","https://tactileeval.s3.us-east-1.amazonaws.com/family_datasets/Vehicles_and_Flight_Systems/Helicopter/Natural/12_Helicopter.jpg","https://tactileeval.s3.us-east-1.amazonaws.com/family_datasets/Vehicles_and_Flight_Systems/Helicopter/Tactile/12.jpeg","","Helicopter","https://tactileeval.s3.us-east-1.amazonaws.com/family_datasets/Vehicles_and_Flight_Systems/Helicopter/Natural/13_Helicopter.jpg","https://tactileeval.s3.us-east-1.amazonaws.com/family_datasets/Vehicles_and_Flight_Systems/Helicopter/Tactile/13.jpeg","","Helicopter","https://tactileeval.s3.us-east-1.amazonaws.com/family_datasets/Vehicles_and_Flight_Systems/Helicopter/Natural/14_Helicopter.jpg","https://tactileeval.s3.us-east-1.amazonaws.com/family_datasets/Vehicles_and_Flight_Systems/Helicopter/Tactile/14.jpeg","","Helicopter","https://tactileeval.s3.us-east-1.amazonaws.com/family_datasets/Vehicles_and_Flight_Systems/Helicopter/Natural/15_Helicopter.jpg","https://tactileeval.s3.us-east-1.amazonaws.com/family_datasets/Vehicles_and_Flight_Systems/Helicopter/Tactile/15.jpeg","","[{""question1"":{""all_correct"":false,""extra_parts"":false,""missing_parts"":true,""wrong_location"":false},""question10"":{""all_correct"":true,""extra_parts"":false,""missing_parts"":false,""wrong_location"":false},""question2"":{""all_correct"":false,""extra_parts"":false,""missing_parts"":true,""wrong_location"":false},""question3"":{""all_correct"":true,""extra_parts"":false,""missing_parts"":false,""wrong_location"":false},""question4"":{""all_correct"":false,""extra_parts"":false,""missing_parts"":true,""wrong_location"":false},""question5"":{""all_correct"":false,""extra_parts"":false,""missing_parts"":true,""wrong_location"":false},""question6"":{""all_correct"":false,""extra_parts"":false,""missing_parts"":true,""wrong_location"":false},""question7"":{""all_correct"":true,""extra_parts"":false,""missing_parts"":false,""wrong_location"":false},""question8"":{""all_correct"":false,""extra_parts"":false,""missing_parts"":true,""wrong_location"":false},""question9"":{""all_correct"":false,""extra_parts"":false,""missing_parts"":true,""wrong_location"":false}}]"
"3ABAOCJ4S0INPLNZZ31K6J7U6LRQM0","3U20ZGNLAG0U51KQK3YR7IVUILJD7F","Judge if an objects line-art has missing elements (10 pairs)","Review 10  line-arts and judge if it has/hasn't missing or extra content. (10 pairs)","tactile, image review, accessibility, vehicles","$0.08","Sat Apr 18 07:37:37 PDT 2026","9","BatchId:5385913;OriginalHitTemplateId:928390873;","1800","1296000","Sat Apr 25 07:37:37 PDT 2026","","","3MRNMEIQXYKBGEZ2K7ZMURHZR4ALDJ","ASBG43I93VS4A","Rejected","Sat Apr 18 10:30:07 PDT 2026","Sat Apr 18 10:44:25 PDT 2026","Sun May 03 10:44:25 PDT 2026","","Sat Apr 18 20:04:20 PDT 2026","Thank you for your time. Unfortunately this submission did not pass the embedded gold-standard checks; this task requires very careful attention to detail.","858","27% (8/30)","27% (8/30)","27% (8/30)","Helicopter","https://tactileeval.s3.us-east-1.amazonaws.com/family_datasets/Vehicles_and_Flight_Systems/Helicopter/Natural/6_Helicopter.jpg","https://tactileeval.s3.us-east-1.amazonaws.com/family_datasets/Vehicles_and_Flight_Systems/Helicopter/Tactile/6.jpeg","","Helicopter","https://tactileeval.s3.us-east-1.amazonaws.com/family_datasets/Vehicles_and_Flight_Systems/Helicopter/Natural/7_Helicopter.jpg","https://tactileeval.s3.us-east-1.amazonaws.com/family_datasets/Vehicles_and_Flight_Systems/Helicopter/Tactile/7.jpeg","","Helicopter","https://tactileeval.s3.us-east-1.amazonaws.com/family_datasets/Vehicles_and_Flight_Systems/Helicopter/Natural/8_Helicopter.jpg","https://tactileeval.s3.us-east-1.amazonaws.com/family_datasets/Vehicles_and_Flight_Systems/Helicopter/Tactile/8.jpeg","","Helicopter","https://tactileeval.s3.us-east-1.amazonaws.com/family_datasets/Vehicles_and_Flight_Systems/Helicopter/Natural/9_Helicopter%282%29.jpg","https://tactileeval.s3.us-east-1.amazonaws.com/family_datasets/Vehicles_and_Flight_Systems/Helicopter/Tactile/9.jpeg","","Helicopter","https://tactileeval.s3.us-east-1.amazonaws.com/family_datasets/Vehicles_and_Flight_Systems/Helicopter/Natural/10_Helicopter.jpg","https://tactileeval.s3.us-east-1.amazonaws.com/family_datasets/Vehicles_and_Flight_Systems/Helicopter/Tactile/10.jpeg","","Helicopter","https://tactileeval.s3.us-east-1.amazonaws.com/family_datasets/Vehicles_and_Flight_Systems/Helicopter/Natural/11_Helicopter.jpg","https://tactileeval.s3.us-east-1.amazonaws.com/family_datasets/Vehicles_and_Flight_Systems/Helicopter/Tactile/11.jpeg","","Helicopter","https://tactileeval.s3.us-east-1.amazonaws.com/family_datasets/Vehicles_and_Flight_Systems/Helicopter/Natural/12_Helicopter.jpg","https://tactileeval.s3.us-east-1.amazonaws.com/family_datasets/Vehicles_and_Flight_Systems/Helicopter/Tactile/12.jpeg","","Helicopter","https://tactileeval.s3.us-east-1.amazonaws.com/family_datasets/Vehicles_and_Flight_Systems/Helicopter/Natural/13_Helicopter.jpg","https://tactileeval.s3.us-east-1.amazonaws.com/family_datasets/Vehicles_and_Flight_Systems/Helicopter/Tactile/13.jpeg","","Helicopter","https://tactileeval.s3.us-east-1.amazonaws.com/family_datasets/Vehicles_and_Flight_Systems/Helicopter/Natural/14_Helicopter.jpg","https://tactileeval.s3.us-east-1.amazonaws.com/family_datasets/Vehicles_and_Flight_Systems/Helicopter/Tactile/14.jpeg","","Helicopter","https://tactileeval.s3.us-east-1.amazonaws.com/family_datasets/Vehicles_and_Flight_Systems/Helicopter/Natural/15_Helicopter.jpg","https://tactileeval.s3.us-east-1.amazonaws.com/family_datasets/Vehicles_and_Flight_Systems/Helicopter/Tactile/15.jpeg","","[{""question1"":{""all_correct"":false,""extra_parts"":true,""missing_parts"":true,""wrong_location"":false},""question10"":{""all_correct"":true,""extra_parts"":false,""missing_parts"":false,""wrong_location"":false},""question2"":{""all_correct"":true,""extra_parts"":false,""missing_parts"":false,""wrong_location"":false},""question3"":{""all_correct"":true,""extra_parts"":false,""missing_parts"":false,""wrong_location"":false},""question4"":{""all_correct"":true,""extra_parts"":false,""missing_parts"":false,""wrong_location"":false},""question5"":{""all_correct"":false,""extra_parts"":true,""missing_parts"":true,""wrong_location"":false},""question6"":{""all_correct"":false,""extra_parts"":true,""missing_parts"":true,""wrong_location"":false},""question7"":{""all_correct"":false,""extra_parts"":true,""missing_parts"":true,""wrong_location"":false},""question8"":{""all_correct"":false,""extra_parts"":true,""missing_parts"":true,""wrong_location"":false},""question9"":{""all_correct"":false,""extra_parts"":true,""missing_parts"":true,""wrong_location"":false}}]"
"3ABAOCJ4S0INPLNZZ31K6J7U6LRQM0","3U20ZGNLAG0U51KQK3YR7IVUILJD7F","Judge if an objects line-art has missing elements (10 pairs)","Review 10  line-arts and judge if it has/hasn't missing or extra content. (10 pairs)","tactile, image review, accessibility, vehicles","$0.08","Sat Apr 18 07:37:37 PDT 2026","9","BatchId:5385913;OriginalHitTemplateId:928390873;","1800","1296000","Sat Apr 25 07:37:37 PDT 2026","","","3JZQSN0I4JOSS6ZX0MXW5ZFC704GFJ","AM6XJQNLFEV4J","Rejected","Sat Apr 18 10:30:12 PDT 2026","Sat Apr 18 10:51:06 PDT 2026","Sun May 03 10:51:06 PDT 2026","","Sat Apr 18 20:04:20 PDT 2026","Thank you for your time. Unfortunately this submission did not pass the embedded gold-standard checks; this task requires very careful attention to detail.","1254","59% (19/32)","59% (19/32)","59% (19/32)","Helicopter","https://tactileeval.s3.us-east-1.amazonaws.com/family_datasets/Vehicles_and_Flight_Systems/Helicopter/Natural/6_Helicopter.jpg","https://tactileeval.s3.us-east-1.amazonaws.com/family_datasets/Vehicles_and_Flight_Systems/Helicopter/Tactile/6.jpeg","","Helicopter","https://tactileeval.s3.us-east-1.amazonaws.com/family_datasets/Vehicles_and_Flight_Systems/Helicopter/Natural/7_Helicopter.jpg","https://tactileeval.s3.us-east-1.amazonaws.com/family_datasets/Vehicles_and_Flight_Systems/Helicopter/Tactile/7.jpeg","","Helicopter","https://tactileeval.s3.us-east-1.amazonaws.com/family_datasets/Vehicles_and_Flight_Systems/Helicopter/Natural/8_Helicopter.jpg","https://tactileeval.s3.us-east-1.amazonaws.com/family_datasets/Vehicles_and_Flight_Systems/Helicopter/Tactile/8.jpeg","","Helicopter","https://tactileeval.s3.us-east-1.amazonaws.com/family_datasets/Vehicles_and_Flight_Systems/Helicopter/Natural/9_Helicopter%282%29.jpg","https://tactileeval.s3.us-east-1.amazonaws.com/family_datasets/Vehicles_and_Flight_Systems/Helicopter/Tactile/9.jpeg","","Helicopter","https://tactileeval.s3.us-east-1.amazonaws.com/family_datasets/Vehicles_and_Flight_Systems/Helicopter/Natural/10_Helicopter.jpg","https://tactileeval.s3.us-east-1.amazonaws.com/family_datasets/Vehicles_and_Flight_Systems/Helicopter/Tactile/10.jpeg","","Helicopter","https://tactileeval.s3.us-east-1.amazonaws.com/family_datasets/Vehicles_and_Flight_Systems/Helicopter/Natural/11_Helicopter.jpg","https://tactileeval.s3.us-east-1.amazonaws.com/family_datasets/Vehicles_and_Flight_Systems/Helicopter/Tactile/11.jpeg","","Helicopter","https://tactileeval.s3.us-east-1.amazonaws.com/family_datasets/Vehicles_and_Flight_Systems/Helicopter/Natural/12_Helicopter.jpg","https://tactileeval.s3.us-east-1.amazonaws.com/family_datasets/Vehicles_and_Flight_Systems/Helicopter/Tactile/12.jpeg","","Helicopter","https://tactileeval.s3.us-east-1.amazonaws.com/family_datasets/Vehicles_and_Flight_Systems/Helicopter/Natural/13_Helicopter.jpg","https://tactileeval.s3.us-east-1.amazonaws.com/family_datasets/Vehicles_and_Flight_Systems/Helicopter/Tactile/13.jpeg","","Helicopter","https://tactileeval.s3.us-east-1.amazonaws.com/family_datasets/Vehicles_and_Flight_Systems/Helicopter/Natural/14_Helicopter.jpg","https://tactileeval.s3.us-east-1.amazonaws.com/family_datasets/Vehicles_and_Flight_Systems/Helicopter/Tactile/14.jpeg","","Helicopter","https://tactileeval.s3.us-east-1.amazonaws.com/family_datasets/Vehicles_and_Flight_Systems/Helicopter/Natural/15_Helicopter.jpg","https://tactileeval.s3.us-east-1.amazonaws.com/family_datasets/Vehicles_and_Flight_Systems/Helicopter/Tactile/15.jpeg","","[{""question1"":{""all_correct"":true,""extra_parts"":false,""missing_parts"":false,""wrong_location"":false},""question10"":{""all_correct"":false,""extra_parts"":true,""missing_parts"":true,""wrong_location"":false},""question2"":{""all_correct"":true,""extra_parts"":false,""missing_parts"":false,""wrong_location"":false},""question3"":{""all_correct"":true,""extra_parts"":false,""missing_parts"":false,""wrong_location"":false},""question4"":{""all_correct"":true,""extra_parts"":false,""missing_parts"":false,""wrong_location"":false},""question5"":{""all_correct"":false,""extra_parts"":true,""missing_parts"":true,""wrong_location"":false},""question6"":{""all_correct"":false,""extra_parts"":true,""missing_parts"":true,""wrong_location"":false},""question7"":{""all_correct"":false,""extra_parts"":true,""missing_parts"":true,""wrong_location"":false},""question8"":{""all_correct"":false,""extra_parts"":true,""missing_parts"":true,""wrong_location"":false},""question9"":{""all_correct"":false,""extra_parts"":true,""missing_parts"":true,""wrong_location"":false}}]"
"3ABAOCJ4S0INPLNZZ31K6J7U6LRQM0","3U20ZGNLAG0U51KQK3YR7IVUILJD7F","Judge if an objects line-art has missing elements (10 pairs)","Review 10  line-arts and judge if it has/hasn't missing or extra content. (10 pairs)","tactile, image review, accessibility, vehicles","$0.08","Sat Apr 18 07:37:37 PDT 2026","9","BatchId:5385913;OriginalHitTemplateId:928390873;","1800","1296000","Sat Apr 25 07:37:37 PDT 2026","","","3PJUZCGDKZU4YH22E2LG3QC3GJW984","A12VYCG9CMKAFA","Rejected","Sat Apr 18 10:30:17 PDT 2026","Sat Apr 18 10:56:00 PDT 2026","Sun May 03 10:56:00 PDT 2026","","Sat Apr 18 20:04:20 PDT 2026","Thank you for your time. Unfortunately this submission did not pass the embedded gold-standard checks; this task requires very careful attention to detail.","1543","26% (7/27)","26% (7/27)","26% (7/27)","Helicopter","https://tactileeval.s3.us-east-1.amazonaws.com/family_datasets/Vehicles_and_Flight_Systems/Helicopter/Natural/6_Helicopter.jpg","https://tactileeval.s3.us-east-1.amazonaws.com/family_datasets/Vehicles_and_Flight_Systems/Helicopter/Tactile/6.jpeg","","Helicopter","https://tactileeval.s3.us-east-1.amazonaws.com/family_datasets/Vehicles_and_Flight_Systems/Helicopter/Natural/7_Helicopter.jpg","https://tactileeval.s3.us-east-1.amazonaws.com/family_datasets/Vehicles_and_Flight_Systems/Helicopter/Tactile/7.jpeg","","Helicopter","https://tactileeval.s3.us-east-1.amazonaws.com/family_datasets/Vehicles_and_Flight_Systems/Helicopter/Natural/8_Helicopter.jpg","https://tactileeval.s3.us-east-1.amazonaws.com/family_datasets/Vehicles_and_Flight_Systems/Helicopter/Tactile/8.jpeg","","Helicopter","https://tactileeval.s3.us-east-1.amazonaws.com/family_datasets/Vehicles_and_Flight_Systems/Helicopter/Natural/9_Helicopter%282%29.jpg","https://tactileeval.s3.us-east-1.amazonaws.com/family_datasets/Vehicles_and_Flight_Systems/Helicopter/Tactile/9.jpeg","","Helicopter","https://tactileeval.s3.us-east-1.amazonaws.com/family_datasets/Vehicles_and_Flight_Systems/Helicopter/Natural/10_Helicopter.jpg","https://tactileeval.s3.us-east-1.amazonaws.com/family_datasets/Vehicles_and_Flight_Systems/Helicopter/Tactile/10.jpeg","","Helicopter","https://tactileeval.s3.us-east-1.amazonaws.com/family_datasets/Vehicles_and_Flight_Systems/Helicopter/Natural/11_Helicopter.jpg","https://tactileeval.s3.us-east-1.amazonaws.com/family_datasets/Vehicles_and_Flight_Systems/Helicopter/Tactile/11.jpeg","","Helicopter","https://tactileeval.s3.us-east-1.amazonaws.com/family_datasets/Vehicles_and_Flight_Systems/Helicopter/Natural/12_Helicopter.jpg","https://tactileeval.s3.us-east-1.amazonaws.com/family_datasets/Vehicles_and_Flight_Systems/Helicopter/Tactile/12.jpeg","","Helicopter","https://tactileeval.s3.us-east-1.amazonaws.com/family_datasets/Vehicles_and_Flight_Systems/Helicopter/Natural/13_Helicopter.jpg","https://tactileeval.s3.us-east-1.amazonaws.com/family_datasets/Vehicles_and_Flight_Systems/Helicopter/Tactile/13.jpeg","","Helicopter","https://tactileeval.s3.us-east-1.amazonaws.com/family_datasets/Vehicles_and_Flight_Systems/Helicopter/Natural/14_Helicopter.jpg","https://tactileeval.s3.us-east-1.amazonaws.com/family_datasets/Vehicles_and_Flight_Systems/Helicopter/Tactile/14.jpeg","","Helicopter","https://tactileeval.s3.us-east-1.amazonaws.com/family_datasets/Vehicles_and_Flight_Systems/Helicopter/Natural/15_Helicopter.jpg","https://tactileeval.s3.us-east-1.amazonaws.com/family_datasets/Vehicles_and_Flight_Systems/Helicopter/Tactile/15.jpeg","","[{""question1"":{""all_correct"":true,""extra_parts"":false,""missing_parts"":false,""wrong_location"":false},""question10"":{""all_correct"":false,""extra_parts"":true,""missing_parts"":true,""wrong_location"":false},""question2"":{""all_correct"":true,""extra_parts"":false,""missing_parts"":false,""wrong_location"":false},""question3"":{""all_correct"":true,""extra_parts"":false,""missing_parts"":false,""wrong_location"":false},""question4"":{""all_correct"":true,""extra_parts"":false,""missing_parts"":false,""wrong_location"":false},""question5"":{""all_correct"":false,""extra_parts"":true,""missing_parts"":true,""wrong_location"":false},""question6"":{""all_correct"":false,""extra_parts"":true,""missing_parts"":false,""wrong_location"":false},""question7"":{""all_correct"":false,""extra_parts"":true,""missing_parts"":false,""wrong_location"":false},""question8"":{""all_correct"":false,""extra_parts"":true,""missing_parts"":true,""wrong_location"":false},""question9"":{""all_correct"":false,""extra_parts"":true,""missing_parts"":true,""wrong_location"":false}}]"
"3ABAOCJ4S0INPLNZZ31K6J7U6LRQM0","3U20ZGNLAG0U51KQK3YR7IVUILJD7F","Judge if an objects line-art has missing elements (10 pairs)","Review 10  line-arts and judge if it has/hasn't missing or extra content. (10 pairs)","tactile, image review, accessibility, vehicles","$0.08","Sat Apr 18 07:37:37 PDT 2026","9","BatchId:5385913;OriginalHitTemplateId:928390873;","1800","1296000","Sat Apr 25 07:37:37 PDT 2026","","","3TU5ZICBS6FAQGJOV4W2PL2SQJ3Q8A","A1N3QIWLGR6ZV6","Rejected","Sat Apr 18 11:01:36 PDT 2026","Sat Apr 18 11:11:26 PDT 2026","Sun May 03 11:11:26 PDT 2026","","Sat Apr 18 20:04:20 PDT 2026","Thank you for your time. Unfortunately this submission did not pass the embedded gold-standard checks; this task requires very careful attention to detail.","590","24% (9/38)","0% (0/29)","0% (0/29)","Helicopter","https://tactileeval.s3.us-east-1.amazonaws.com/family_datasets/Vehicles_and_Flight_Systems/Helicopter/Natural/6_Helicopter.jpg","https://tactileeval.s3.us-east-1.amazonaws.com/family_datasets/Vehicles_and_Flight_Systems/Helicopter/Tactile/6.jpeg","","Helicopter","https://tactileeval.s3.us-east-1.amazonaws.com/family_datasets/Vehicles_and_Flight_Systems/Helicopter/Natural/7_Helicopter.jpg","https://tactileeval.s3.us-east-1.amazonaws.com/family_datasets/Vehicles_and_Flight_Systems/Helicopter/Tactile/7.jpeg","","Helicopter","https://tactileeval.s3.us-east-1.amazonaws.com/family_datasets/Vehicles_and_Flight_Systems/Helicopter/Natural/8_Helicopter.jpg","https://tactileeval.s3.us-east-1.amazonaws.com/family_datasets/Vehicles_and_Flight_Systems/Helicopter/Tactile/8.jpeg","","Helicopter","https://tactileeval.s3.us-east-1.amazonaws.com/family_datasets/Vehicles_and_Flight_Systems/Helicopter/Natural/9_Helicopter%282%29.jpg","https://tactileeval.s3.us-east-1.amazonaws.com/family_datasets/Vehicles_and_Flight_Systems/Helicopter/Tactile/9.jpeg","","Helicopter","https://tactileeval.s3.us-east-1.amazonaws.com/family_datasets/Vehicles_and_Flight_Systems/Helicopter/Natural/10_Helicopter.jpg","https://tactileeval.s3.us-east-1.amazonaws.com/family_datasets/Vehicles_and_Flight_Systems/Helicopter/Tactile/10.jpeg","","Helicopter","https://tactileeval.s3.us-east-1.amazonaws.com/family_datasets/Vehicles_and_Flight_Systems/Helicopter/Natural/11_Helicopter.jpg","https://tactileeval.s3.us-east-1.amazonaws.com/family_datasets/Vehicles_and_Flight_Systems/Helicopter/Tactile/11.jpeg","","Helicopter","https://tactileeval.s3.us-east-1.amazonaws.com/family_datasets/Vehicles_and_Flight_Systems/Helicopter/Natural/12_Helicopter.jpg","https://tactileeval.s3.us-east-1.amazonaws.com/family_datasets/Vehicles_and_Flight_Systems/Helicopter/Tactile/12.jpeg","","Helicopter","https://tactileeval.s3.us-east-1.amazonaws.com/family_datasets/Vehicles_and_Flight_Systems/Helicopter/Natural/13_Helicopter.jpg","https://tactileeval.s3.us-east-1.amazonaws.com/family_datasets/Vehicles_and_Flight_Systems/Helicopter/Tactile/13.jpeg","","Helicopter","https://tactileeval.s3.us-east-1.amazonaws.com/family_datasets/Vehicles_and_Flight_Systems/Helicopter/Natural/14_Helicopter.jpg","https://tactileeval.s3.us-east-1.amazonaws.com/family_datasets/Vehicles_and_Flight_Systems/Helicopter/Tactile/14.jpeg","","Helicopter","https://tactileeval.s3.us-east-1.amazonaws.com/family_datasets/Vehicles_and_Flight_Systems/Helicopter/Natural/15_Helicopter.jpg","https://tactileeval.s3.us-east-1.amazonaws.com/family_datasets/Vehicles_and_Flight_Systems/Helicopter/Tactile/15.jpeg","","[{""question1"":{""all_correct"":false,""extra_parts"":true,""missing_parts"":false,""wrong_location"":false},""question10"":{""all_correct"":false,""extra_parts"":true,""missing_parts"":false,""wrong_location"":false},""question2"":{""all_correct"":false,""extra_parts"":false,""missing_parts"":false,""wrong_location"":true},""question3"":{""all_correct"":false,""extra_parts"":false,""missing_parts"":true,""wrong_location"":false},""question4"":{""all_correct"":false,""extra_parts"":false,""missing_parts"":false,""wrong_location"":true},""question5"":{""all_correct"":true,""extra_parts"":false,""missing_parts"":false,""wrong_location"":false},""question6"":{""all_correct"":false,""extra_parts"":false,""missing_parts"":false,""wrong_location"":true},""question7"":{""all_correct"":false,""extra_parts"":true,""missing_parts"":false,""wrong_location"":false},""question8"":{""all_correct"":true,""extra_parts"":false,""missing_parts"":false,""wrong_location"":false},""question9"":{""all_correct"":false,""extra_parts"":true,""missing_parts"":false,""wrong_location"":false}}]"
"3ABAOCJ4S0INPLNZZ31K6J7U6LRQM0","3U20ZGNLAG0U51KQK3YR7IVUILJD7F","Judge if an objects line-art has missing elements (10 pairs)","Review 10  line-arts and judge if it has/hasn't missing or extra content. (10 pairs)","tactile, image review, accessibility, vehicles","$0.08","Sat Apr 18 07:37:37 PDT 2026","9","BatchId:5385913;OriginalHitTemplateId:928390873;","1800","1296000","Sat Apr 25 07:37:37 PDT 2026","","","3U088ZLJWD7XSOA7C9ITOVEWVM9W0Y","A7D1G6VBRTJMJ","Approved","Sat Apr 18 11:13:10 PDT 2026","Sat Apr 18 11:15:48 PDT 2026","Sun May 03 11:15:48 PDT 2026","Sat Apr 18 20:04:20 PDT 2026","","","158","46% (11/24)","46% (11/24)","46% (11/24)","Helicopter","https://tactileeval.s3.us-east-1.amazonaws.com/family_datasets/Vehicles_and_Flight_Systems/Helicopter/Natural/6_Helicopter.jpg","https://tactileeval.s3.us-east-1.amazonaws.com/family_datasets/Vehicles_and_Flight_Systems/Helicopter/Tactile/6.jpeg","","Helicopter","https://tactileeval.s3.us-east-1.amazonaws.com/family_datasets/Vehicles_and_Flight_Systems/Helicopter/Natural/7_Helicopter.jpg","https://tactileeval.s3.us-east-1.amazonaws.com/family_datasets/Vehicles_and_Flight_Systems/Helicopter/Tactile/7.jpeg","","Helicopter","https://tactileeval.s3.us-east-1.amazonaws.com/family_datasets/Vehicles_and_Flight_Systems/Helicopter/Natural/8_Helicopter.jpg","https://tactileeval.s3.us-east-1.amazonaws.com/family_datasets/Vehicles_and_Flight_Systems/Helicopter/Tactile/8.jpeg","","Helicopter","https://tactileeval.s3.us-east-1.amazonaws.com/family_datasets/Vehicles_and_Flight_Systems/Helicopter/Natural/9_Helicopter%282%29.jpg","https://tactileeval.s3.us-east-1.amazonaws.com/family_datasets/Vehicles_and_Flight_Systems/Helicopter/Tactile/9.jpeg","","Helicopter","https://tactileeval.s3.us-east-1.amazonaws.com/family_datasets/Vehicles_and_Flight_Systems/Helicopter/Natural/10_Helicopter.jpg","https://tactileeval.s3.us-east-1.amazonaws.com/family_datasets/Vehicles_and_Flight_Systems/Helicopter/Tactile/10.jpeg","","Helicopter","https://tactileeval.s3.us-east-1.amazonaws.com/family_datasets/Vehicles_and_Flight_Systems/Helicopter/Natural/11_Helicopter.jpg","https://tactileeval.s3.us-east-1.amazonaws.com/family_datasets/Vehicles_and_Flight_Systems/Helicopter/Tactile/11.jpeg","","Helicopter","https://tactileeval.s3.us-east-1.amazonaws.com/family_datasets/Vehicles_and_Flight_Systems/Helicopter/Natural/12_Helicopter.jpg","https://tactileeval.s3.us-east-1.amazonaws.com/family_datasets/Vehicles_and_Flight_Systems/Helicopter/Tactile/12.jpeg","","Helicopter","https://tactileeval.s3.us-east-1.amazonaws.com/family_datasets/Vehicles_and_Flight_Systems/Helicopter/Natural/13_Helicopter.jpg","https://tactileeval.s3.us-east-1.amazonaws.com/family_datasets/Vehicles_and_Flight_Systems/Helicopter/Tactile/13.jpeg","","Helicopter","https://tactileeval.s3.us-east-1.amazonaws.com/family_datasets/Vehicles_and_Flight_Systems/Helicopter/Natural/14_Helicopter.jpg","https://tactileeval.s3.us-east-1.amazonaws.com/family_datasets/Vehicles_and_Flight_Systems/Helicopter/Tactile/14.jpeg","","Helicopter","https://tactileeval.s3.us-east-1.amazonaws.com/family_datasets/Vehicles_and_Flight_Systems/Helicopter/Natural/15_Helicopter.jpg","https://tactileeval.s3.us-east-1.amazonaws.com/family_datasets/Vehicles_and_Flight_Systems/Helicopter/Tactile/15.jpeg","","[{""question1"":{""all_correct"":true,""extra_parts"":false,""missing_parts"":false,""wrong_location"":false},""question10"":{""all_correct"":true,""extra_parts"":false,""missing_parts"":false,""wrong_location"":false},""question2"":{""all_correct"":false,""extra_parts"":false,""missing_parts"":true,""wrong_location"":false},""question3"":{""all_correct"":true,""extra_parts"":false,""missing_parts"":false,""wrong_location"":false},""question4"":{""all_correct"":true,""extra_parts"":false,""missing_parts"":false,""wrong_location"":false},""question5"":{""all_correct"":false,""extra_parts"":false,""missing_parts"":true,""wrong_location"":false},""question6"":{""all_correct"":false,""extra_parts"":false,""missing_parts"":false,""wrong_location"":true},""question7"":{""all_correct"":false,""extra_parts"":false,""missing_parts"":false,""wrong_location"":true},""question8"":{""all_correct"":false,""extra_parts"":false,""missing_parts"":false,""wrong_location"":true},""question9"":{""all_correct"":true,""extra_parts"":false,""missing_parts"":false,""wrong_location"":false}}]"
"3ABAOCJ4S0INPLNZZ31K6J7U6LRQM0","3U20ZGNLAG0U51KQK3YR7IVUILJD7F","Judge if an objects line-art has missing elements (10 pairs)","Review 10  line-arts and judge if it has/hasn't missing or extra content. (10 pairs)","tactile, image review, accessibility, vehicles","$0.08","Sat Apr 18 07:37:37 PDT 2026","9","BatchId:5385913;OriginalHitTemplateId:928390873;","1800","1296000","Sat Apr 25 07:37:37 PDT 2026","","","3K772S5NQ1PEMOUCPHV88H6DA0FHEG","AM8EV600ZP69X","Approved","Sun Apr 19 00:11:43 PDT 2026","Sun Apr 19 00:17:01 PDT 2026","Mon May 04 00:17:01 PDT 2026","Sun Apr 19 07:44:30 PDT 2026","","","318","86% (32/37)","86% (32/37)","86% (32/37)","Helicopter","https://tactileeval.s3.us-east-1.amazonaws.com/family_datasets/Vehicles_and_Flight_Systems/Helicopter/Natural/6_Helicopter.jpg","https://tactileeval.s3.us-east-1.amazonaws.com/family_datasets/Vehicles_and_Flight_Systems/Helicopter/Tactile/6.jpeg","","Helicopter","https://tactileeval.s3.us-east-1.amazonaws.com/family_datasets/Vehicles_and_Flight_Systems/Helicopter/Natural/7_Helicopter.jpg","https://tactileeval.s3.us-east-1.amazonaws.com/family_datasets/Vehicles_and_Flight_Systems/Helicopter/Tactile/7.jpeg","","Helicopter","https://tactileeval.s3.us-east-1.amazonaws.com/family_datasets/Vehicles_and_Flight_Systems/Helicopter/Natural/8_Helicopter.jpg","https://tactileeval.s3.us-east-1.amazonaws.com/family_datasets/Vehicles_and_Flight_Systems/Helicopter/Tactile/8.jpeg","","Helicopter","https://tactileeval.s3.us-east-1.amazonaws.com/family_datasets/Vehicles_and_Flight_Systems/Helicopter/Natural/9_Helicopter%282%29.jpg","https://tactileeval.s3.us-east-1.amazonaws.com/family_datasets/Vehicles_and_Flight_Systems/Helicopter/Tactile/9.jpeg","","Helicopter","https://tactileeval.s3.us-east-1.amazonaws.com/family_datasets/Vehicles_and_Flight_Systems/Helicopter/Natural/10_Helicopter.jpg","https://tactileeval.s3.us-east-1.amazonaws.com/family_datasets/Vehicles_and_Flight_Systems/Helicopter/Tactile/10.jpeg","","Helicopter","https://tactileeval.s3.us-east-1.amazonaws.com/family_datasets/Vehicles_and_Flight_Systems/Helicopter/Natural/11_Helicopter.jpg","https://tactileeval.s3.us-east-1.amazonaws.com/family_datasets/Vehicles_and_Flight_Systems/Helicopter/Tactile/11.jpeg","","Helicopter","https://tactileeval.s3.us-east-1.amazonaws.com/family_datasets/Vehicles_and_Flight_Systems/Helicopter/Natural/12_Helicopter.jpg","https://tactileeval.s3.us-east-1.amazonaws.com/family_datasets/Vehicles_and_Flight_Systems/Helicopter/Tactile/12.jpeg","","Helicopter","https://tactileeval.s3.us-east-1.amazonaws.com/family_datasets/Vehicles_and_Flight_Systems/Helicopter/Natural/13_Helicopter.jpg","https://tactileeval.s3.us-east-1.amazonaws.com/family_datasets/Vehicles_and_Flight_Systems/Helicopter/Tactile/13.jpeg","","Helicopter","https://tactileeval.s3.us-east-1.amazonaws.com/family_datasets/Vehicles_and_Flight_Systems/Helicopter/Natural/14_Helicopter.jpg","https://tactileeval.s3.us-east-1.amazonaws.com/family_datasets/Vehicles_and_Flight_Systems/Helicopter/Tactile/14.jpeg","","Helicopter","https://tactileeval.s3.us-east-1.amazonaws.com/family_datasets/Vehicles_and_Flight_Systems/Helicopter/Natural/15_Helicopter.jpg","https://tactileeval.s3.us-east-1.amazonaws.com/family_datasets/Vehicles_and_Flight_Systems/Helicopter/Tactile/15.jpeg","","[{""question1"":{""all_correct"":false,""extra_parts"":false,""missing_parts"":true,""wrong_location"":false},""question10"":{""all_correct"":false,""extra_parts"":false,""missing_parts"":true,""wrong_location"":false},""question2"":{""all_correct"":false,""extra_parts"":false,""missing_parts"":true,""wrong_location"":false},""question3"":{""all_correct"":false,""extra_parts"":false,""missing_parts"":true,""wrong_location"":false},""question4"":{""all_correct"":false,""extra_parts"":false,""missing_parts"":true,""wrong_location"":false},""question5"":{""all_correct"":false,""extra_parts"":false,""missing_parts"":true,""wrong_location"":false},""question6"":{""all_correct"":false,""extra_parts"":true,""missing_parts"":false,""wrong_location"":false},""question7"":{""all_correct"":true,""extra_parts"":false,""missing_parts"":false,""wrong_location"":false},""question8"":{""all_correct"":true,""extra_parts"":false,""missing_parts"":false,""wrong_location"":false},""question9"":{""all_correct"":true,""extra_parts"":false,""missing_parts"":false,""wrong_location"":false}}]"
"3ABAOCJ4S0INPLNZZ31K6J7U6LRQM0","3U20ZGNLAG0U51KQK3YR7IVUILJD7F","Judge if an objects line-art has missing elements (10 pairs)","Review 10  line-arts and judge if it has/hasn't missing or extra content. (10 pairs)","tactile, image review, accessibility, vehicles","$0.08","Sat Apr 18 07:37:37 PDT 2026","9","BatchId:5385913;OriginalHitTemplateId:928390873;","1800","1296000","Sat Apr 25 07:37:37 PDT 2026","","","3Z7EFSHGO2SWBGADYU7ZLFU4DEMXCX","ANPPS2BP5MHDE","Rejected","Sun Apr 19 01:00:48 PDT 2026","Sun Apr 19 01:22:17 PDT 2026","Mon May 04 01:22:17 PDT 2026","","Sun Apr 19 07:44:30 PDT 2026","Thank you for your time. Unfortunately this submission did not pass the embedded gold-standard checks; this task requires very careful attention to detail.","1289","79% (15/19)","79% (15/19)","79% (15/19)","Helicopter","https://tactileeval.s3.us-east-1.amazonaws.com/family_datasets/Vehicles_and_Flight_Systems/Helicopter/Natural/6_Helicopter.jpg","https://tactileeval.s3.us-east-1.amazonaws.com/family_datasets/Vehicles_and_Flight_Systems/Helicopter/Tactile/6.jpeg","","Helicopter","https://tactileeval.s3.us-east-1.amazonaws.com/family_datasets/Vehicles_and_Flight_Systems/Helicopter/Natural/7_Helicopter.jpg","https://tactileeval.s3.us-east-1.amazonaws.com/family_datasets/Vehicles_and_Flight_Systems/Helicopter/Tactile/7.jpeg","","Helicopter","https://tactileeval.s3.us-east-1.amazonaws.com/family_datasets/Vehicles_and_Flight_Systems/Helicopter/Natural/8_Helicopter.jpg","https://tactileeval.s3.us-east-1.amazonaws.com/family_datasets/Vehicles_and_Flight_Systems/Helicopter/Tactile/8.jpeg","","Helicopter","https://tactileeval.s3.us-east-1.amazonaws.com/family_datasets/Vehicles_and_Flight_Systems/Helicopter/Natural/9_Helicopter%282%29.jpg","https://tactileeval.s3.us-east-1.amazonaws.com/family_datasets/Vehicles_and_Flight_Systems/Helicopter/Tactile/9.jpeg","","Helicopter","https://tactileeval.s3.us-east-1.amazonaws.com/family_datasets/Vehicles_and_Flight_Systems/Helicopter/Natural/10_Helicopter.jpg","https://tactileeval.s3.us-east-1.amazonaws.com/family_datasets/Vehicles_and_Flight_Systems/Helicopter/Tactile/10.jpeg","","Helicopter","https://tactileeval.s3.us-east-1.amazonaws.com/family_datasets/Vehicles_and_Flight_Systems/Helicopter/Natural/11_Helicopter.jpg","https://tactileeval.s3.us-east-1.amazonaws.com/family_datasets/Vehicles_and_Flight_Systems/Helicopter/Tactile/11.jpeg","","Helicopter","https://tactileeval.s3.us-east-1.amazonaws.com/family_datasets/Vehicles_and_Flight_Systems/Helicopter/Natural/12_Helicopter.jpg","https://tactileeval.s3.us-east-1.amazonaws.com/family_datasets/Vehicles_and_Flight_Systems/Helicopter/Tactile/12.jpeg","","Helicopter","https://tactileeval.s3.us-east-1.amazonaws.com/family_datasets/Vehicles_and_Flight_Systems/Helicopter/Natural/13_Helicopter.jpg","https://tactileeval.s3.us-east-1.amazonaws.com/family_datasets/Vehicles_and_Flight_Systems/Helicopter/Tactile/13.jpeg","","Helicopter","https://tactileeval.s3.us-east-1.amazonaws.com/family_datasets/Vehicles_and_Flight_Systems/Helicopter/Natural/14_Helicopter.jpg","https://tactileeval.s3.us-east-1.amazonaws.com/family_datasets/Vehicles_and_Flight_Systems/Helicopter/Tactile/14.jpeg","","Helicopter","https://tactileeval.s3.us-east-1.amazonaws.com/family_datasets/Vehicles_and_Flight_Systems/Helicopter/Natural/15_Helicopter.jpg","https://tactileeval.s3.us-east-1.amazonaws.com/family_datasets/Vehicles_and_Flight_Systems/Helicopter/Tactile/15.jpeg","","[{""question1"":{""all_correct"":false,""extra_parts"":false,""missing_parts"":true,""wrong_location"":false},""question10"":{""all_correct"":true,""extra_parts"":false,""missing_parts"":false,""wrong_location"":false},""question2"":{""all_correct"":false,""extra_parts"":true,""missing_parts"":false,""wrong_location"":false},""question3"":{""all_correct"":false,""extra_parts"":false,""missing_parts"":true,""wrong_location"":false},""question4"":{""all_correct"":false,""extra_parts"":false,""missing_parts"":true,""wrong_location"":false},""question5"":{""all_correct"":false,""extra_parts"":false,""missing_parts"":true,""wrong_location"":false},""question6"":{""all_correct"":false,""extra_parts"":false,""missing_parts"":true,""wrong_location"":false},""question7"":{""all_correct"":false,""extra_parts"":false,""missing_parts"":true,""wrong_location"":false},""question8"":{""all_correct"":false,""extra_parts"":false,""missing_parts"":true,""wrong_location"":false},""question9"":{""all_correct"":false,""extra_parts"":false,""missing_parts"":false,""wrong_location"":true}}]"
"3SR6AEG6XX7A69DAZG21R020O89YH2","3U20ZGNLAG0U51KQK3YR7IVUILJD7F","Judge if an objects line-art has missing elements (10 pairs)","Review 10  line-arts and judge if it has/hasn't missing or extra content. (10 pairs)","tactile, image review, accessibility, vehicles","$0.08","Sat Apr 18 07:37:37 PDT 2026","9","BatchId:5385913;OriginalHitTemplateId:928390873;","1800","1296000","Sat Apr 25 07:37:37 PDT 2026","","","3LOTDFNYB0DOPSPXFR1ER2101OHWFL","A2JKGAWYEHJ18S","Rejected","Sat Apr 18 09:14:44 PDT 2026","Sat Apr 18 09:24:14 PDT 2026","Sun May 03 09:24:14 PDT 2026","","Sat Apr 18 20:04:20 PDT 2026","Thank you for your time. Unfortunately this submission did not pass the embedded gold-standard checks; this task requires very careful attention to detail.","570","15% (3/20)","15% (3/20)","15% (3/20)","Helicopter","https://tactileeval.s3.us-east-1.amazonaws.com/family_datasets/Vehicles_and_Flight_Systems/Helicopter/Natural/16_Helicopter.jpg","https://tactileeval.s3.us-east-1.amazonaws.com/family_datasets/Vehicles_and_Flight_Systems/Helicopter/Tactile/16.jpeg","","Helicopter","https://tactileeval.s3.us-east-1.amazonaws.com/family_datasets/Vehicles_and_Flight_Systems/Helicopter/Natural/17_Helicopter.jpg","https://tactileeval.s3.us-east-1.amazonaws.com/family_datasets/Vehicles_and_Flight_Systems/Helicopter/Tactile/17.jpeg","","Helicopter","https://tactileeval.s3.us-east-1.amazonaws.com/family_datasets/Vehicles_and_Flight_Systems/Helicopter/Natural/18_Helicopter%282%29_Edited.jpg","https://tactileeval.s3.us-east-1.amazonaws.com/family_datasets/Vehicles_and_Flight_Systems/Helicopter/Tactile/18.jpeg","","Helicopter","https://tactileeval.s3.us-east-1.amazonaws.com/family_datasets/Vehicles_and_Flight_Systems/Helicopter/Natural/19_Helicopter.jpg","https://tactileeval.s3.us-east-1.amazonaws.com/family_datasets/Vehicles_and_Flight_Systems/Helicopter/Tactile/19.jpeg","","Helicopter","https://tactileeval.s3.us-east-1.amazonaws.com/family_datasets/Vehicles_and_Flight_Systems/Helicopter/Natural/20_Helicopter.jpg","https://tactileeval.s3.us-east-1.amazonaws.com/family_datasets/Vehicles_and_Flight_Systems/Helicopter/Tactile/20.jpeg","","Helicopter","https://tactileeval.s3.us-east-1.amazonaws.com/family_datasets/Vehicles_and_Flight_Systems/Helicopter/Natural/21_Helicopter.jpg","https://tactileeval.s3.us-east-1.amazonaws.com/family_datasets/Vehicles_and_Flight_Systems/Helicopter/Tactile/21.jpeg","","Helicopter","https://tactileeval.s3.us-east-1.amazonaws.com/family_datasets/Vehicles_and_Flight_Systems/Helicopter/Natural/22_Helicopter.jpg","https://tactileeval.s3.us-east-1.amazonaws.com/family_datasets/Vehicles_and_Flight_Systems/Helicopter/Tactile/22.jpeg","","Helicopter","https://tactileeval.s3.us-east-1.amazonaws.com/family_datasets/Vehicles_and_Flight_Systems/Helicopter/Natural/23_Helicopter.jpg","https://tactileeval.s3.us-east-1.amazonaws.com/family_datasets/Vehicles_and_Flight_Systems/Helicopter/Tactile/23.jpeg","","Helicopter","https://tactileeval.s3.us-east-1.amazonaws.com/family_datasets/Vehicles_and_Flight_Systems/Helicopter/Natural/24_Helicopter.jpg","https://tactileeval.s3.us-east-1.amazonaws.com/family_datasets/Vehicles_and_Flight_Systems/Helicopter/Tactile/24.jpeg","","Helicopter","https://tactileeval.s3.us-east-1.amazonaws.com/family_datasets/Vehicles_and_Flight_Systems/Helicopter/Natural/25_Helicopter.png","https://tactileeval.s3.us-east-1.amazonaws.com/family_datasets/Vehicles_and_Flight_Systems/Helicopter/Tactile/25.jpeg","","[{""question1"":{""all_correct"":false,""extra_parts"":false,""missing_parts"":false,""wrong_location"":true},""question10"":{""all_correct"":false,""extra_parts"":true,""missing_parts"":false,""wrong_location"":false},""question2"":{""all_correct"":false,""extra_parts"":true,""missing_parts"":false,""wrong_location"":false},""question3"":{""all_correct"":false,""extra_parts"":false,""missing_parts"":false,""wrong_location"":true},""question4"":{""all_correct"":false,""extra_parts"":true,""missing_parts"":false,""wrong_location"":false},""question5"":{""all_correct"":false,""extra_parts"":true,""missing_parts"":false,""wrong_location"":false},""question6"":{""all_correct"":false,""extra_parts"":false,""missing_parts"":false,""wrong_location"":true},""question7"":{""all_correct"":false,""extra_parts"":true,""missing_parts"":false,""wrong_location"":false},""question8"":{""all_correct"":false,""extra_parts"":true,""missing_parts"":false,""wrong_location"":false},""question9"":{""all_correct"":false,""extra_parts"":false,""missing_parts"":false,""wrong_location"":true}}]"
"3SR6AEG6XX7A69DAZG21R020O89YH2","3U20ZGNLAG0U51KQK3YR7IVUILJD7F","Judge if an objects line-art has missing elements (10 pairs)","Review 10  line-arts and judge if it has/hasn't missing or extra content. (10 pairs)","tactile, image review, accessibility, vehicles","$0.08","Sat Apr 18 07:37:37 PDT 2026","9","BatchId:5385913;OriginalHitTemplateId:928390873;","1800","1296000","Sat Apr 25 07:37:37 PDT 2026","","","3OS4RQUCS2TW1PRMK05I4OOFRNBFB0","A2NZLZLLAZYXJX","Rejected","Sat Apr 18 10:24:49 PDT 2026","Sat Apr 18 10:35:49 PDT 2026","Sun May 03 10:35:49 PDT 2026","","Sat Apr 18 20:04:20 PDT 2026","Thank you for your time. Unfortunately this submission did not pass the embedded gold-standard checks; this task requires very careful attention to detail.","660","68% (40/59)","68% (40/59)","68% (40/59)","Helicopter","https://tactileeval.s3.us-east-1.amazonaws.com/family_datasets/Vehicles_and_Flight_Systems/Helicopter/Natural/16_Helicopter.jpg","https://tactileeval.s3.us-east-1.amazonaws.com/family_datasets/Vehicles_and_Flight_Systems/Helicopter/Tactile/16.jpeg","","Helicopter","https://tactileeval.s3.us-east-1.amazonaws.com/family_datasets/Vehicles_and_Flight_Systems/Helicopter/Natural/17_Helicopter.jpg","https://tactileeval.s3.us-east-1.amazonaws.com/family_datasets/Vehicles_and_Flight_Systems/Helicopter/Tactile/17.jpeg","","Helicopter","https://tactileeval.s3.us-east-1.amazonaws.com/family_datasets/Vehicles_and_Flight_Systems/Helicopter/Natural/18_Helicopter%282%29_Edited.jpg","https://tactileeval.s3.us-east-1.amazonaws.com/family_datasets/Vehicles_and_Flight_Systems/Helicopter/Tactile/18.jpeg","","Helicopter","https://tactileeval.s3.us-east-1.amazonaws.com/family_datasets/Vehicles_and_Flight_Systems/Helicopter/Natural/19_Helicopter.jpg","https://tactileeval.s3.us-east-1.amazonaws.com/family_datasets/Vehicles_and_Flight_Systems/Helicopter/Tactile/19.jpeg","","Helicopter","https://tactileeval.s3.us-east-1.amazonaws.com/family_datasets/Vehicles_and_Flight_Systems/Helicopter/Natural/20_Helicopter.jpg","https://tactileeval.s3.us-east-1.amazonaws.com/family_datasets/Vehicles_and_Flight_Systems/Helicopter/Tactile/20.jpeg","","Helicopter","https://tactileeval.s3.us-east-1.amazonaws.com/family_datasets/Vehicles_and_Flight_Systems/Helicopter/Natural/21_Helicopter.jpg","https://tactileeval.s3.us-east-1.amazonaws.com/family_datasets/Vehicles_and_Flight_Systems/Helicopter/Tactile/21.jpeg","","Helicopter","https://tactileeval.s3.us-east-1.amazonaws.com/family_datasets/Vehicles_and_Flight_Systems/Helicopter/Natural/22_Helicopter.jpg","https://tactileeval.s3.us-east-1.amazonaws.com/family_datasets/Vehicles_and_Flight_Systems/Helicopter/Tactile/22.jpeg","","Helicopter","https://tactileeval.s3.us-east-1.amazonaws.com/family_datasets/Vehicles_and_Flight_Systems/Helicopter/Natural/23_Helicopter.jpg","https://tactileeval.s3.us-east-1.amazonaws.com/family_datasets/Vehicles_and_Flight_Systems/Helicopter/Tactile/23.jpeg","","Helicopter","https://tactileeval.s3.us-east-1.amazonaws.com/family_datasets/Vehicles_and_Flight_Systems/Helicopter/Natural/24_Helicopter.jpg","https://tactileeval.s3.us-east-1.amazonaws.com/family_datasets/Vehicles_and_Flight_Systems/Helicopter/Tactile/24.jpeg","","Helicopter","https://tactileeval.s3.us-east-1.amazonaws.com/family_datasets/Vehicles_and_Flight_Systems/Helicopter/Natural/25_Helicopter.png","https://tactileeval.s3.us-east-1.amazonaws.com/family_datasets/Vehicles_and_Flight_Systems/Helicopter/Tactile/25.jpeg","","[{""question1"":{""all_correct"":false,""extra_parts"":false,""missing_parts"":true,""wrong_location"":false},""question10"":{""all_correct"":false,""extra_parts"":false,""missing_parts"":true,""wrong_location"":false},""question2"":{""all_correct"":true,""extra_parts"":false,""missing_parts"":false,""wrong_location"":false},""question3"":{""all_correct"":false,""extra_parts"":true,""missing_parts"":false,""wrong_location"":false},""question4"":{""all_correct"":true,""extra_parts"":false,""missing_parts"":false,""wrong_location"":false},""question5"":{""all_correct"":true,""extra_parts"":false,""missing_parts"":false,""wrong_location"":false},""question6"":{""all_correct"":false,""extra_parts"":false,""missing_parts"":true,""wrong_location"":false},""question7"":{""all_correct"":false,""extra_parts"":false,""missing_parts"":true,""wrong_location"":false},""question8"":{""all_correct"":false,""extra_parts"":false,""missing_parts"":true,""wrong_location"":false},""question9"":{""all_correct"":false,""extra_parts"":false,""missing_parts"":true,""wrong_location"":false}}]"
"3SR6AEG6XX7A69DAZG21R020O89YH2","3U20ZGNLAG0U51KQK3YR7IVUILJD7F","Judge if an objects line-art has missing elements (10 pairs)","Review 10  line-arts and judge if it has/hasn't missing or extra content. (10 pairs)","tactile, image review, accessibility, vehicles","$0.08","Sat Apr 18 07:37:37 PDT 2026","9","BatchId:5385913;OriginalHitTemplateId:928390873;","1800","1296000","Sat Apr 25 07:37:37 PDT 2026","","","3KXIR214JXUSFWU1HQGOCROK8RQ420","A11RQ0K5GQ3NJG","Rejected","Sat Apr 18 10:30:05 PDT 2026","Sat Apr 18 10:40:04 PDT 2026","Sun May 03 10:40:04 PDT 2026","","Sat Apr 18 20:04:20 PDT 2026","Thank you for your time. Unfortunately this submission did not pass the embedded gold-standard checks; this task requires very careful attention to detail.","599","39% (12/31)","39% (12/31)","39% (12/31)","Helicopter","https://tactileeval.s3.us-east-1.amazonaws.com/family_datasets/Vehicles_and_Flight_Systems/Helicopter/Natural/16_Helicopter.jpg","https://tactileeval.s3.us-east-1.amazonaws.com/family_datasets/Vehicles_and_Flight_Systems/Helicopter/Tactile/16.jpeg","","Helicopter","https://tactileeval.s3.us-east-1.amazonaws.com/family_datasets/Vehicles_and_Flight_Systems/Helicopter/Natural/17_Helicopter.jpg","https://tactileeval.s3.us-east-1.amazonaws.com/family_datasets/Vehicles_and_Flight_Systems/Helicopter/Tactile/17.jpeg","","Helicopter","https://tactileeval.s3.us-east-1.amazonaws.com/family_datasets/Vehicles_and_Flight_Systems/Helicopter/Natural/18_Helicopter%282%29_Edited.jpg","https://tactileeval.s3.us-east-1.amazonaws.com/family_datasets/Vehicles_and_Flight_Systems/Helicopter/Tactile/18.jpeg","","Helicopter","https://tactileeval.s3.us-east-1.amazonaws.com/family_datasets/Vehicles_and_Flight_Systems/Helicopter/Natural/19_Helicopter.jpg","https://tactileeval.s3.us-east-1.amazonaws.com/family_datasets/Vehicles_and_Flight_Systems/Helicopter/Tactile/19.jpeg","","Helicopter","https://tactileeval.s3.us-east-1.amazonaws.com/family_datasets/Vehicles_and_Flight_Systems/Helicopter/Natural/20_Helicopter.jpg","https://tactileeval.s3.us-east-1.amazonaws.com/family_datasets/Vehicles_and_Flight_Systems/Helicopter/Tactile/20.jpeg","","Helicopter","https://tactileeval.s3.us-east-1.amazonaws.com/family_datasets/Vehicles_and_Flight_Systems/Helicopter/Natural/21_Helicopter.jpg","https://tactileeval.s3.us-east-1.amazonaws.com/family_datasets/Vehicles_and_Flight_Systems/Helicopter/Tactile/21.jpeg","","Helicopter","https://tactileeval.s3.us-east-1.amazonaws.com/family_datasets/Vehicles_and_Flight_Systems/Helicopter/Natural/22_Helicopter.jpg","https://tactileeval.s3.us-east-1.amazonaws.com/family_datasets/Vehicles_and_Flight_Systems/Helicopter/Tactile/22.jpeg","","Helicopter","https://tactileeval.s3.us-east-1.amazonaws.com/family_datasets/Vehicles_and_Flight_Systems/Helicopter/Natural/23_Helicopter.jpg","https://tactileeval.s3.us-east-1.amazonaws.com/family_datasets/Vehicles_and_Flight_Systems/Helicopter/Tactile/23.jpeg","","Helicopter","https://tactileeval.s3.us-east-1.amazonaws.com/family_datasets/Vehicles_and_Flight_Systems/Helicopter/Natural/24_Helicopter.jpg","https://tactileeval.s3.us-east-1.amazonaws.com/family_datasets/Vehicles_and_Flight_Systems/Helicopter/Tactile/24.jpeg","","Helicopter","https://tactileeval.s3.us-east-1.amazonaws.com/family_datasets/Vehicles_and_Flight_Systems/Helicopter/Natural/25_Helicopter.png","https://tactileeval.s3.us-east-1.amazonaws.com/family_datasets/Vehicles_and_Flight_Systems/Helicopter/Tactile/25.jpeg","","[{""question1"":{""all_correct"":false,""extra_parts"":false,""missing_parts"":true,""wrong_location"":false},""question10"":{""all_correct"":false,""extra_parts"":false,""missing_parts"":true,""wrong_location"":false},""question2"":{""all_correct"":false,""extra_parts"":false,""missing_parts"":true,""wrong_location"":false},""question3"":{""all_correct"":false,""extra_parts"":false,""missing_parts"":true,""wrong_location"":false},""question4"":{""all_correct"":false,""extra_parts"":false,""missing_parts"":true,""wrong_location"":false},""question5"":{""all_correct"":true,""extra_parts"":false,""missing_parts"":false,""wrong_location"":false},""question6"":{""all_correct"":false,""extra_parts"":false,""missing_parts"":true,""wrong_location"":false},""question7"":{""all_correct"":false,""extra_parts"":false,""missing_parts"":true,""wrong_location"":false},""question8"":{""all_correct"":true,""extra_parts"":false,""missing_parts"":false,""wrong_location"":false},""question9"":{""all_correct"":false,""extra_parts"":false,""missing_parts"":true,""wrong_location"":false}}]"
"3SR6AEG6XX7A69DAZG21R020O89YH2","3U20ZGNLAG0U51KQK3YR7IVUILJD7F","Judge if an objects line-art has missing elements (10 pairs)","Review 10  line-arts and judge if it has/hasn't missing or extra content. (10 pairs)","tactile, image review, accessibility, vehicles","$0.08","Sat Apr 18 07:37:37 PDT 2026","9","BatchId:5385913;OriginalHitTemplateId:928390873;","1800","1296000","Sat Apr 25 07:37:37 PDT 2026","","","3Z2R0DQ0KASA7YRU6WS1LD0BLGKE2G","AM6XJQNLFEV4J","Rejected","Sat Apr 18 10:30:05 PDT 2026","Sat Apr 18 10:49:34 PDT 2026","Sun May 03 10:49:34 PDT 2026","","Sat Apr 18 20:04:21 PDT 2026","Thank you for your time. Unfortunately this submission did not pass the embedded gold-standard checks; this task requires very careful attention to detail.","1169","59% (19/32)","59% (19/32)","59% (19/32)","Helicopter","https://tactileeval.s3.us-east-1.amazonaws.com/family_datasets/Vehicles_and_Flight_Systems/Helicopter/Natural/16_Helicopter.jpg","https://tactileeval.s3.us-east-1.amazonaws.com/family_datasets/Vehicles_and_Flight_Systems/Helicopter/Tactile/16.jpeg","","Helicopter","https://tactileeval.s3.us-east-1.amazonaws.com/family_datasets/Vehicles_and_Flight_Systems/Helicopter/Natural/17_Helicopter.jpg","https://tactileeval.s3.us-east-1.amazonaws.com/family_datasets/Vehicles_and_Flight_Systems/Helicopter/Tactile/17.jpeg","","Helicopter","https://tactileeval.s3.us-east-1.amazonaws.com/family_datasets/Vehicles_and_Flight_Systems/Helicopter/Natural/18_Helicopter%282%29_Edited.jpg","https://tactileeval.s3.us-east-1.amazonaws.com/family_datasets/Vehicles_and_Flight_Systems/Helicopter/Tactile/18.jpeg","","Helicopter","https://tactileeval.s3.us-east-1.amazonaws.com/family_datasets/Vehicles_and_Flight_Systems/Helicopter/Natural/19_Helicopter.jpg","https://tactileeval.s3.us-east-1.amazonaws.com/family_datasets/Vehicles_and_Flight_Systems/Helicopter/Tactile/19.jpeg","","Helicopter","https://tactileeval.s3.us-east-1.amazonaws.com/family_datasets/Vehicles_and_Flight_Systems/Helicopter/Natural/20_Helicopter.jpg","https://tactileeval.s3.us-east-1.amazonaws.com/family_datasets/Vehicles_and_Flight_Systems/Helicopter/Tactile/20.jpeg","","Helicopter","https://tactileeval.s3.us-east-1.amazonaws.com/family_datasets/Vehicles_and_Flight_Systems/Helicopter/Natural/21_Helicopter.jpg","https://tactileeval.s3.us-east-1.amazonaws.com/family_datasets/Vehicles_and_Flight_Systems/Helicopter/Tactile/21.jpeg","","Helicopter","https://tactileeval.s3.us-east-1.amazonaws.com/family_datasets/Vehicles_and_Flight_Systems/Helicopter/Natural/22_Helicopter.jpg","https://tactileeval.s3.us-east-1.amazonaws.com/family_datasets/Vehicles_and_Flight_Systems/Helicopter/Tactile/22.jpeg","","Helicopter","https://tactileeval.s3.us-east-1.amazonaws.com/family_datasets/Vehicles_and_Flight_Systems/Helicopter/Natural/23_Helicopter.jpg","https://tactileeval.s3.us-east-1.amazonaws.com/family_datasets/Vehicles_and_Flight_Systems/Helicopter/Tactile/23.jpeg","","Helicopter","https://tactileeval.s3.us-east-1.amazonaws.com/family_datasets/Vehicles_and_Flight_Systems/Helicopter/Natural/24_Helicopter.jpg","https://tactileeval.s3.us-east-1.amazonaws.com/family_datasets/Vehicles_and_Flight_Systems/Helicopter/Tactile/24.jpeg","","Helicopter","https://tactileeval.s3.us-east-1.amazonaws.com/family_datasets/Vehicles_and_Flight_Systems/Helicopter/Natural/25_Helicopter.png","https://tactileeval.s3.us-east-1.amazonaws.com/family_datasets/Vehicles_and_Flight_Systems/Helicopter/Tactile/25.jpeg","","[{""question1"":{""all_correct"":false,""extra_parts"":true,""missing_parts"":true,""wrong_location"":false},""question10"":{""all_correct"":true,""extra_parts"":false,""missing_parts"":false,""wrong_location"":false},""question2"":{""all_correct"":true,""extra_parts"":false,""missing_parts"":false,""wrong_location"":false},""question3"":{""all_correct"":false,""extra_parts"":true,""missing_parts"":true,""wrong_location"":false},""question4"":{""all_correct"":false,""extra_parts"":true,""missing_parts"":true,""wrong_location"":false},""question5"":{""all_correct"":false,""extra_parts"":true,""missing_parts"":true,""wrong_location"":false},""question6"":{""all_correct"":false,""extra_parts"":true,""missing_parts"":true,""wrong_location"":false},""question7"":{""all_correct"":false,""extra_parts"":true,""missing_parts"":true,""wrong_location"":false},""question8"":{""all_correct"":false,""extra_parts"":true,""missing_parts"":true,""wrong_location"":false},""question9"":{""all_correct"":false,""extra_parts"":true,""missing_parts"":true,""wrong_location"":false}}]"
"3SR6AEG6XX7A69DAZG21R020O89YH2","3U20ZGNLAG0U51KQK3YR7IVUILJD7F","Judge if an objects line-art has missing elements (10 pairs)","Review 10  line-arts and judge if it has/hasn't missing or extra content. (10 pairs)","tactile, image review, accessibility, vehicles","$0.08","Sat Apr 18 07:37:37 PDT 2026","9","BatchId:5385913;OriginalHitTemplateId:928390873;","1800","1296000","Sat Apr 25 07:37:37 PDT 2026","","","3OJSZ2ATELAHXGV717GTDAB6J3775O","A12VYCG9CMKAFA","Approved","Sat Apr 18 10:30:07 PDT 2026","Sat Apr 18 10:53:34 PDT 2026","Sun May 03 10:53:34 PDT 2026","Sat Apr 18 20:04:21 PDT 2026","","","1407","26% (7/27)","26% (7/27)","26% (7/27)","Helicopter","https://tactileeval.s3.us-east-1.amazonaws.com/family_datasets/Vehicles_and_Flight_Systems/Helicopter/Natural/16_Helicopter.jpg","https://tactileeval.s3.us-east-1.amazonaws.com/family_datasets/Vehicles_and_Flight_Systems/Helicopter/Tactile/16.jpeg","","Helicopter","https://tactileeval.s3.us-east-1.amazonaws.com/family_datasets/Vehicles_and_Flight_Systems/Helicopter/Natural/17_Helicopter.jpg","https://tactileeval.s3.us-east-1.amazonaws.com/family_datasets/Vehicles_and_Flight_Systems/Helicopter/Tactile/17.jpeg","","Helicopter","https://tactileeval.s3.us-east-1.amazonaws.com/family_datasets/Vehicles_and_Flight_Systems/Helicopter/Natural/18_Helicopter%282%29_Edited.jpg","https://tactileeval.s3.us-east-1.amazonaws.com/family_datasets/Vehicles_and_Flight_Systems/Helicopter/Tactile/18.jpeg","","Helicopter","https://tactileeval.s3.us-east-1.amazonaws.com/family_datasets/Vehicles_and_Flight_Systems/Helicopter/Natural/19_Helicopter.jpg","https://tactileeval.s3.us-east-1.amazonaws.com/family_datasets/Vehicles_and_Flight_Systems/Helicopter/Tactile/19.jpeg","","Helicopter","https://tactileeval.s3.us-east-1.amazonaws.com/family_datasets/Vehicles_and_Flight_Systems/Helicopter/Natural/20_Helicopter.jpg","https://tactileeval.s3.us-east-1.amazonaws.com/family_datasets/Vehicles_and_Flight_Systems/Helicopter/Tactile/20.jpeg","","Helicopter","https://tactileeval.s3.us-east-1.amazonaws.com/family_datasets/Vehicles_and_Flight_Systems/Helicopter/Natural/21_Helicopter.jpg","https://tactileeval.s3.us-east-1.amazonaws.com/family_datasets/Vehicles_and_Flight_Systems/Helicopter/Tactile/21.jpeg","","Helicopter","https://tactileeval.s3.us-east-1.amazonaws.com/family_datasets/Vehicles_and_Flight_Systems/Helicopter/Natural/22_Helicopter.jpg","https://tactileeval.s3.us-east-1.amazonaws.com/family_datasets/Vehicles_and_Flight_Systems/Helicopter/Tactile/22.jpeg","","Helicopter","https://tactileeval.s3.us-east-1.amazonaws.com/family_datasets/Vehicles_and_Flight_Systems/Helicopter/Natural/23_Helicopter.jpg","https://tactileeval.s3.us-east-1.amazonaws.com/family_datasets/Vehicles_and_Flight_Systems/Helicopter/Tactile/23.jpeg","","Helicopter","https://tactileeval.s3.us-east-1.amazonaws.com/family_datasets/Vehicles_and_Flight_Systems/Helicopter/Natural/24_Helicopter.jpg","https://tactileeval.s3.us-east-1.amazonaws.com/family_datasets/Vehicles_and_Flight_Systems/Helicopter/Tactile/24.jpeg","","Helicopter","https://tactileeval.s3.us-east-1.amazonaws.com/family_datasets/Vehicles_and_Flight_Systems/Helicopter/Natural/25_Helicopter.png","https://tactileeval.s3.us-east-1.amazonaws.com/family_datasets/Vehicles_and_Flight_Systems/Helicopter/Tactile/25.jpeg","","[{""question1"":{""all_correct"":false,""extra_parts"":true,""missing_parts"":true,""wrong_location"":false},""question10"":{""all_correct"":false,""extra_parts"":true,""missing_parts"":true,""wrong_location"":false},""question2"":{""all_correct"":true,""extra_parts"":false,""missing_parts"":false,""wrong_location"":false},""question3"":{""all_correct"":false,""extra_parts"":true,""missing_parts"":true,""wrong_location"":false},""question4"":{""all_correct"":false,""extra_parts"":true,""missing_parts"":true,""wrong_location"":false},""question5"":{""all_correct"":false,""extra_parts"":true,""missing_parts"":true,""wrong_location"":false},""question6"":{""all_correct"":false,""extra_parts"":true,""missing_parts"":true,""wrong_location"":false},""question7"":{""all_correct"":false,""extra_parts"":true,""missing_parts"":true,""wrong_location"":false},""question8"":{""all_correct"":true,""extra_parts"":false,""missing_parts"":false,""wrong_location"":false},""question9"":{""all_correct"":false,""extra_parts"":true,""missing_parts"":true,""wrong_location"":false}}]"
"3SR6AEG6XX7A69DAZG21R020O89YH2","3U20ZGNLAG0U51KQK3YR7IVUILJD7F","Judge if an objects line-art has missing elements (10 pairs)","Review 10  line-arts and judge if it has/hasn't missing or extra content. (10 pairs)","tactile, image review, accessibility, vehicles","$0.08","Sat Apr 18 07:37:37 PDT 2026","9","BatchId:5385913;OriginalHitTemplateId:928390873;","1800","1296000","Sat Apr 25 07:37:37 PDT 2026","","","3M0BCWMB9OAYCBDHAPFI8CAFMQ2BWV","A2I68SNRG9QUY7","Approved","Sat Apr 18 10:30:22 PDT 2026","Sat Apr 18 11:00:17 PDT 2026","Sun May 03 11:00:17 PDT 2026","Sat Apr 18 20:04:21 PDT 2026","","","1795","11% (1/9)","11% (1/9)","11% (1/9)","Helicopter","https://tactileeval.s3.us-east-1.amazonaws.com/family_datasets/Vehicles_and_Flight_Systems/Helicopter/Natural/16_Helicopter.jpg","https://tactileeval.s3.us-east-1.amazonaws.com/family_datasets/Vehicles_and_Flight_Systems/Helicopter/Tactile/16.jpeg","","Helicopter","https://tactileeval.s3.us-east-1.amazonaws.com/family_datasets/Vehicles_and_Flight_Systems/Helicopter/Natural/17_Helicopter.jpg","https://tactileeval.s3.us-east-1.amazonaws.com/family_datasets/Vehicles_and_Flight_Systems/Helicopter/Tactile/17.jpeg","","Helicopter","https://tactileeval.s3.us-east-1.amazonaws.com/family_datasets/Vehicles_and_Flight_Systems/Helicopter/Natural/18_Helicopter%282%29_Edited.jpg","https://tactileeval.s3.us-east-1.amazonaws.com/family_datasets/Vehicles_and_Flight_Systems/Helicopter/Tactile/18.jpeg","","Helicopter","https://tactileeval.s3.us-east-1.amazonaws.com/family_datasets/Vehicles_and_Flight_Systems/Helicopter/Natural/19_Helicopter.jpg","https://tactileeval.s3.us-east-1.amazonaws.com/family_datasets/Vehicles_and_Flight_Systems/Helicopter/Tactile/19.jpeg","","Helicopter","https://tactileeval.s3.us-east-1.amazonaws.com/family_datasets/Vehicles_and_Flight_Systems/Helicopter/Natural/20_Helicopter.jpg","https://tactileeval.s3.us-east-1.amazonaws.com/family_datasets/Vehicles_and_Flight_Systems/Helicopter/Tactile/20.jpeg","","Helicopter","https://tactileeval.s3.us-east-1.amazonaws.com/family_datasets/Vehicles_and_Flight_Systems/Helicopter/Natural/21_Helicopter.jpg","https://tactileeval.s3.us-east-1.amazonaws.com/family_datasets/Vehicles_and_Flight_Systems/Helicopter/Tactile/21.jpeg","","Helicopter","https://tactileeval.s3.us-east-1.amazonaws.com/family_datasets/Vehicles_and_Flight_Systems/Helicopter/Natural/22_Helicopter.jpg","https://tactileeval.s3.us-east-1.amazonaws.com/family_datasets/Vehicles_and_Flight_Systems/Helicopter/Tactile/22.jpeg","","Helicopter","https://tactileeval.s3.us-east-1.amazonaws.com/family_datasets/Vehicles_and_Flight_Systems/Helicopter/Natural/23_Helicopter.jpg","https://tactileeval.s3.us-east-1.amazonaws.com/family_datasets/Vehicles_and_Flight_Systems/Helicopter/Tactile/23.jpeg","","Helicopter","https://tactileeval.s3.us-east-1.amazonaws.com/family_datasets/Vehicles_and_Flight_Systems/Helicopter/Natural/24_Helicopter.jpg","https://tactileeval.s3.us-east-1.amazonaws.com/family_datasets/Vehicles_and_Flight_Systems/Helicopter/Tactile/24.jpeg","","Helicopter","https://tactileeval.s3.us-east-1.amazonaws.com/family_datasets/Vehicles_and_Flight_Systems/Helicopter/Natural/25_Helicopter.png","https://tactileeval.s3.us-east-1.amazonaws.com/family_datasets/Vehicles_and_Flight_Systems/Helicopter/Tactile/25.jpeg","","[{""question1"":{""all_correct"":false,""extra_parts"":true,""missing_parts"":false,""wrong_location"":false},""question10"":{""all_correct"":false,""extra_parts"":false,""missing_parts"":true,""wrong_location"":false},""question2"":{""all_correct"":false,""extra_parts"":true,""missing_parts"":true,""wrong_location"":false},""question3"":{""all_correct"":false,""extra_parts"":true,""missing_parts"":true,""wrong_location"":false},""question4"":{""all_correct"":true,""extra_parts"":false,""missing_parts"":false,""wrong_location"":false},""question5"":{""all_correct"":false,""extra_parts"":true,""missing_parts"":true,""wrong_location"":false},""question6"":{""all_correct"":false,""extra_parts"":true,""missing_parts"":true,""wrong_location"":false},""question7"":{""all_correct"":true,""extra_parts"":false,""missing_parts"":false,""wrong_location"":false},""question8"":{""all_correct"":false,""extra_parts"":true,""missing_parts"":false,""wrong_location"":false},""question9"":{""all_correct"":false,""extra_parts"":true,""missing_parts"":false,""wrong_location"":false}}]"
"3SR6AEG6XX7A69DAZG21R020O89YH2","3U20ZGNLAG0U51KQK3YR7IVUILJD7F","Judge if an objects line-art has missing elements (10 pairs)","Review 10  line-arts and judge if it has/hasn't missing or extra content. (10 pairs)","tactile, image review, accessibility, vehicles","$0.08","Sat Apr 18 07:37:37 PDT 2026","9","BatchId:5385913;OriginalHitTemplateId:928390873;","1800","1296000","Sat Apr 25 07:37:37 PDT 2026","","","3TAYZSBPMEMBHHWC7RC6AU4QM7Y2SA","A7D1G6VBRTJMJ","Rejected","Sat Apr 18 11:13:11 PDT 2026","Sat Apr 18 11:16:38 PDT 2026","Sun May 03 11:16:38 PDT 2026","","Sat Apr 18 20:04:21 PDT 2026","Thank you for your time. Unfortunately this submission did not pass the embedded gold-standard checks; this task requires very careful attention to detail.","207","46% (11/24)","46% (11/24)","46% (11/24)","Helicopter","https://tactileeval.s3.us-east-1.amazonaws.com/family_datasets/Vehicles_and_Flight_Systems/Helicopter/Natural/16_Helicopter.jpg","https://tactileeval.s3.us-east-1.amazonaws.com/family_datasets/Vehicles_and_Flight_Systems/Helicopter/Tactile/16.jpeg","","Helicopter","https://tactileeval.s3.us-east-1.amazonaws.com/family_datasets/Vehicles_and_Flight_Systems/Helicopter/Natural/17_Helicopter.jpg","https://tactileeval.s3.us-east-1.amazonaws.com/family_datasets/Vehicles_and_Flight_Systems/Helicopter/Tactile/17.jpeg","","Helicopter","https://tactileeval.s3.us-east-1.amazonaws.com/family_datasets/Vehicles_and_Flight_Systems/Helicopter/Natural/18_Helicopter%282%29_Edited.jpg","https://tactileeval.s3.us-east-1.amazonaws.com/family_datasets/Vehicles_and_Flight_Systems/Helicopter/Tactile/18.jpeg","","Helicopter","https://tactileeval.s3.us-east-1.amazonaws.com/family_datasets/Vehicles_and_Flight_Systems/Helicopter/Natural/19_Helicopter.jpg","https://tactileeval.s3.us-east-1.amazonaws.com/family_datasets/Vehicles_and_Flight_Systems/Helicopter/Tactile/19.jpeg","","Helicopter","https://tactileeval.s3.us-east-1.amazonaws.com/family_datasets/Vehicles_and_Flight_Systems/Helicopter/Natural/20_Helicopter.jpg","https://tactileeval.s3.us-east-1.amazonaws.com/family_datasets/Vehicles_and_Flight_Systems/Helicopter/Tactile/20.jpeg","","Helicopter","https://tactileeval.s3.us-east-1.amazonaws.com/family_datasets/Vehicles_and_Flight_Systems/Helicopter/Natural/21_Helicopter.jpg","https://tactileeval.s3.us-east-1.amazonaws.com/family_datasets/Vehicles_and_Flight_Systems/Helicopter/Tactile/21.jpeg","","Helicopter","https://tactileeval.s3.us-east-1.amazonaws.com/family_datasets/Vehicles_and_Flight_Systems/Helicopter/Natural/22_Helicopter.jpg","https://tactileeval.s3.us-east-1.amazonaws.com/family_datasets/Vehicles_and_Flight_Systems/Helicopter/Tactile/22.jpeg","","Helicopter","https://tactileeval.s3.us-east-1.amazonaws.com/family_datasets/Vehicles_and_Flight_Systems/Helicopter/Natural/23_Helicopter.jpg","https://tactileeval.s3.us-east-1.amazonaws.com/family_datasets/Vehicles_and_Flight_Systems/Helicopter/Tactile/23.jpeg","","Helicopter","https://tactileeval.s3.us-east-1.amazonaws.com/family_datasets/Vehicles_and_Flight_Systems/Helicopter/Natural/24_Helicopter.jpg","https://tactileeval.s3.us-east-1.amazonaws.com/family_datasets/Vehicles_and_Flight_Systems/Helicopter/Tactile/24.jpeg","","Helicopter","https://tactileeval.s3.us-east-1.amazonaws.com/family_datasets/Vehicles_and_Flight_Systems/Helicopter/Natural/25_Helicopter.png","https://tactileeval.s3.us-east-1.amazonaws.com/family_datasets/Vehicles_and_Flight_Systems/Helicopter/Tactile/25.jpeg","","[{""question1"":{""all_correct"":false,""extra_parts"":true,""missing_parts"":false,""wrong_location"":false},""question10"":{""all_correct"":true,""extra_parts"":false,""missing_parts"":false,""wrong_location"":false},""question2"":{""all_correct"":true,""extra_parts"":false,""missing_parts"":false,""wrong_location"":false},""question3"":{""all_correct"":false,""extra_parts"":true,""missing_parts"":false,""wrong_location"":false},""question4"":{""all_correct"":true,""extra_parts"":false,""missing_parts"":false,""wrong_location"":false},""question5"":{""all_correct"":true,""extra_parts"":false,""missing_parts"":false,""wrong_location"":false},""question6"":{""all_correct"":true,""extra_parts"":false,""missing_parts"":false,""wrong_location"":false},""question7"":{""all_correct"":true,""extra_parts"":false,""missing_parts"":false,""wrong_location"":false},""question8"":{""all_correct"":true,""extra_parts"":false,""missing_parts"":false,""wrong_location"":false},""question9"":{""all_correct"":true,""extra_parts"":false,""missing_parts"":false,""wrong_location"":false}}]"
"3SR6AEG6XX7A69DAZG21R020O89YH2","3U20ZGNLAG0U51KQK3YR7IVUILJD7F","Judge if an objects line-art has missing elements (10 pairs)","Review 10  line-arts and judge if it has/hasn't missing or extra content. (10 pairs)","tactile, image review, accessibility, vehicles","$0.08","Sat Apr 18 07:37:37 PDT 2026","9","BatchId:5385913;OriginalHitTemplateId:928390873;","1800","1296000","Sat Apr 25 07:37:37 PDT 2026","","","31EUONYN3OH5GG2LOKF8SUR0MHSVOK","A1Q5JN3I3PWOT7","Rejected","Sat Apr 18 22:28:35 PDT 2026","Sat Apr 18 22:32:42 PDT 2026","Sun May 03 22:32:42 PDT 2026","","Sun Apr 19 07:44:31 PDT 2026","Thank you for your time. Unfortunately this submission did not pass the embedded gold-standard checks; this task requires very careful attention to detail.","247","50% (1/2)","50% (1/2)","50% (1/2)","Helicopter","https://tactileeval.s3.us-east-1.amazonaws.com/family_datasets/Vehicles_and_Flight_Systems/Helicopter/Natural/16_Helicopter.jpg","https://tactileeval.s3.us-east-1.amazonaws.com/family_datasets/Vehicles_and_Flight_Systems/Helicopter/Tactile/16.jpeg","","Helicopter","https://tactileeval.s3.us-east-1.amazonaws.com/family_datasets/Vehicles_and_Flight_Systems/Helicopter/Natural/17_Helicopter.jpg","https://tactileeval.s3.us-east-1.amazonaws.com/family_datasets/Vehicles_and_Flight_Systems/Helicopter/Tactile/17.jpeg","","Helicopter","https://tactileeval.s3.us-east-1.amazonaws.com/family_datasets/Vehicles_and_Flight_Systems/Helicopter/Natural/18_Helicopter%282%29_Edited.jpg","https://tactileeval.s3.us-east-1.amazonaws.com/family_datasets/Vehicles_and_Flight_Systems/Helicopter/Tactile/18.jpeg","","Helicopter","https://tactileeval.s3.us-east-1.amazonaws.com/family_datasets/Vehicles_and_Flight_Systems/Helicopter/Natural/19_Helicopter.jpg","https://tactileeval.s3.us-east-1.amazonaws.com/family_datasets/Vehicles_and_Flight_Systems/Helicopter/Tactile/19.jpeg","","Helicopter","https://tactileeval.s3.us-east-1.amazonaws.com/family_datasets/Vehicles_and_Flight_Systems/Helicopter/Natural/20_Helicopter.jpg","https://tactileeval.s3.us-east-1.amazonaws.com/family_datasets/Vehicles_and_Flight_Systems/Helicopter/Tactile/20.jpeg","","Helicopter","https://tactileeval.s3.us-east-1.amazonaws.com/family_datasets/Vehicles_and_Flight_Systems/Helicopter/Natural/21_Helicopter.jpg","https://tactileeval.s3.us-east-1.amazonaws.com/family_datasets/Vehicles_and_Flight_Systems/Helicopter/Tactile/21.jpeg","","Helicopter","https://tactileeval.s3.us-east-1.amazonaws.com/family_datasets/Vehicles_and_Flight_Systems/Helicopter/Natural/22_Helicopter.jpg","https://tactileeval.s3.us-east-1.amazonaws.com/family_datasets/Vehicles_and_Flight_Systems/Helicopter/Tactile/22.jpeg","","Helicopter","https://tactileeval.s3.us-east-1.amazonaws.com/family_datasets/Vehicles_and_Flight_Systems/Helicopter/Natural/23_Helicopter.jpg","https://tactileeval.s3.us-east-1.amazonaws.com/family_datasets/Vehicles_and_Flight_Systems/Helicopter/Tactile/23.jpeg","","Helicopter","https://tactileeval.s3.us-east-1.amazonaws.com/family_datasets/Vehicles_and_Flight_Systems/Helicopter/Natural/24_Helicopter.jpg","https://tactileeval.s3.us-east-1.amazonaws.com/family_datasets/Vehicles_and_Flight_Systems/Helicopter/Tactile/24.jpeg","","Helicopter","https://tactileeval.s3.us-east-1.amazonaws.com/family_datasets/Vehicles_and_Flight_Systems/Helicopter/Natural/25_Helicopter.png","https://tactileeval.s3.us-east-1.amazonaws.com/family_datasets/Vehicles_and_Flight_Systems/Helicopter/Tactile/25.jpeg","","[{""question1"":{""all_correct"":false,""extra_parts"":false,""missing_parts"":true,""wrong_location"":true},""question10"":{""all_correct"":false,""extra_parts"":false,""missing_parts"":true,""wrong_location"":false},""question2"":{""all_correct"":true,""extra_parts"":false,""missing_parts"":false,""wrong_location"":false},""question3"":{""all_correct"":false,""extra_parts"":true,""missing_parts"":false,""wrong_location"":false},""question4"":{""all_correct"":false,""extra_parts"":false,""missing_parts"":true,""wrong_location"":false},""question5"":{""all_correct"":false,""extra_parts"":false,""missing_parts"":true,""wrong_location"":false},""question6"":{""all_correct"":false,""extra_parts"":false,""missing_parts"":true,""wrong_location"":true},""question7"":{""all_correct"":false,""extra_parts"":true,""missing_parts"":true,""wrong_location"":false},""question8"":{""all_correct"":false,""extra_parts"":false,""missing_parts"":true,""wrong_location"":false},""question9"":{""all_correct"":false,""extra_parts"":false,""missing_parts"":true,""wrong_location"":false}}]"
"3SR6AEG6XX7A69DAZG21R020O89YH2","3U20ZGNLAG0U51KQK3YR7IVUILJD7F","Judge if an objects line-art has missing elements (10 pairs)","Review 10  line-arts and judge if it has/hasn't missing or extra content. (10 pairs)","tactile, image review, accessibility, vehicles","$0.08","Sat Apr 18 07:37:37 PDT 2026","9","BatchId:5385913;OriginalHitTemplateId:928390873;","1800","1296000","Sat Apr 25 07:37:37 PDT 2026","","","3QFUFYSYARTCGQ6D5LVVWAI9HW8F4A","A2Z4SX6MOPIZUZ","Rejected","Sun Apr 19 00:06:20 PDT 2026","Sun Apr 19 00:14:52 PDT 2026","Mon May 04 00:14:52 PDT 2026","","Sun Apr 19 07:44:31 PDT 2026","Thank you for your time. Unfortunately this submission did not pass the embedded gold-standard checks; this task requires very careful attention to detail.","512","50% (1/2)","50% (1/2)","50% (1/2)","Helicopter","https://tactileeval.s3.us-east-1.amazonaws.com/family_datasets/Vehicles_and_Flight_Systems/Helicopter/Natural/16_Helicopter.jpg","https://tactileeval.s3.us-east-1.amazonaws.com/family_datasets/Vehicles_and_Flight_Systems/Helicopter/Tactile/16.jpeg","","Helicopter","https://tactileeval.s3.us-east-1.amazonaws.com/family_datasets/Vehicles_and_Flight_Systems/Helicopter/Natural/17_Helicopter.jpg","https://tactileeval.s3.us-east-1.amazonaws.com/family_datasets/Vehicles_and_Flight_Systems/Helicopter/Tactile/17.jpeg","","Helicopter","https://tactileeval.s3.us-east-1.amazonaws.com/family_datasets/Vehicles_and_Flight_Systems/Helicopter/Natural/18_Helicopter%282%29_Edited.jpg","https://tactileeval.s3.us-east-1.amazonaws.com/family_datasets/Vehicles_and_Flight_Systems/Helicopter/Tactile/18.jpeg","","Helicopter","https://tactileeval.s3.us-east-1.amazonaws.com/family_datasets/Vehicles_and_Flight_Systems/Helicopter/Natural/19_Helicopter.jpg","https://tactileeval.s3.us-east-1.amazonaws.com/family_datasets/Vehicles_and_Flight_Systems/Helicopter/Tactile/19.jpeg","","Helicopter","https://tactileeval.s3.us-east-1.amazonaws.com/family_datasets/Vehicles_and_Flight_Systems/Helicopter/Natural/20_Helicopter.jpg","https://tactileeval.s3.us-east-1.amazonaws.com/family_datasets/Vehicles_and_Flight_Systems/Helicopter/Tactile/20.jpeg","","Helicopter","https://tactileeval.s3.us-east-1.amazonaws.com/family_datasets/Vehicles_and_Flight_Systems/Helicopter/Natural/21_Helicopter.jpg","https://tactileeval.s3.us-east-1.amazonaws.com/family_datasets/Vehicles_and_Flight_Systems/Helicopter/Tactile/21.jpeg","","Helicopter","https://tactileeval.s3.us-east-1.amazonaws.com/family_datasets/Vehicles_and_Flight_Systems/Helicopter/Natural/22_Helicopter.jpg","https://tactileeval.s3.us-east-1.amazonaws.com/family_datasets/Vehicles_and_Flight_Systems/Helicopter/Tactile/22.jpeg","","Helicopter","https://tactileeval.s3.us-east-1.amazonaws.com/family_datasets/Vehicles_and_Flight_Systems/Helicopter/Natural/23_Helicopter.jpg","https://tactileeval.s3.us-east-1.amazonaws.com/family_datasets/Vehicles_and_Flight_Systems/Helicopter/Tactile/23.jpeg","","Helicopter","https://tactileeval.s3.us-east-1.amazonaws.com/family_datasets/Vehicles_and_Flight_Systems/Helicopter/Natural/24_Helicopter.jpg","https://tactileeval.s3.us-east-1.amazonaws.com/family_datasets/Vehicles_and_Flight_Systems/Helicopter/Tactile/24.jpeg","","Helicopter","https://tactileeval.s3.us-east-1.amazonaws.com/family_datasets/Vehicles_and_Flight_Systems/Helicopter/Natural/25_Helicopter.png","https://tactileeval.s3.us-east-1.amazonaws.com/family_datasets/Vehicles_and_Flight_Systems/Helicopter/Tactile/25.jpeg","","[{""question1"":{""all_correct"":false,""extra_parts"":true,""missing_parts"":false,""wrong_location"":false},""question10"":{""all_correct"":false,""extra_parts"":false,""missing_parts"":true,""wrong_location"":false},""question2"":{""all_correct"":true,""extra_parts"":false,""missing_parts"":false,""wrong_location"":false},""question3"":{""all_correct"":false,""extra_parts"":true,""missing_parts"":true,""wrong_location"":false},""question4"":{""all_correct"":false,""extra_parts"":false,""missing_parts"":true,""wrong_location"":true},""question5"":{""all_correct"":false,""extra_parts"":true,""missing_parts"":true,""wrong_location"":false},""question6"":{""all_correct"":true,""extra_parts"":false,""missing_parts"":false,""wrong_location"":false},""question7"":{""all_correct"":false,""extra_parts"":false,""missing_parts"":true,""wrong_location"":false},""question8"":{""all_correct"":true,""extra_parts"":false,""missing_parts"":false,""wrong_location"":false},""question9"":{""all_correct"":false,""extra_parts"":false,""missing_parts"":true,""wrong_location"":false}}]"
"32L724R86DYGTQWTEBO3ELA3KGLIPL","3U20ZGNLAG0U51KQK3YR7IVUILJD7F","Judge if an objects line-art has missing elements (10 pairs)","Review 10  line-arts and judge if it has/hasn't missing or extra content. (10 pairs)","tactile, image review, accessibility, vehicles","$0.08","Sat Apr 18 07:37:37 PDT 2026","9","BatchId:5385913;OriginalHitTemplateId:928390873;","1800","1296000","Sat Apr 25 07:37:37 PDT 2026","","","3PJ71Z61SXGMNHIHFHC1OGPV2DE918","A2JKGAWYEHJ18S","Approved","Sat Apr 18 09:14:56 PDT 2026","Sat Apr 18 09:26:39 PDT 2026","Sun May 03 09:26:39 PDT 2026","Sat Apr 18 20:04:21 PDT 2026","","","703","15% (3/20)","15% (3/20)","15% (3/20)","Helicopter","https://tactileeval.s3.us-east-1.amazonaws.com/family_datasets/Vehicles_and_Flight_Systems/Helicopter/Natural/26_Helicopter.jpg","https://tactileeval.s3.us-east-1.amazonaws.com/family_datasets/Vehicles_and_Flight_Systems/Helicopter/Tactile/26.jpeg","","Helicopter","https://tactileeval.s3.us-east-1.amazonaws.com/family_datasets/Vehicles_and_Flight_Systems/Helicopter/Natural/27_Helicopter%284%29.jpg","https://tactileeval.s3.us-east-1.amazonaws.com/family_datasets/Vehicles_and_Flight_Systems/Helicopter/Tactile/27.jpeg","","Helicopter","https://tactileeval.s3.us-east-1.amazonaws.com/family_datasets/Vehicles_and_Flight_Systems/Helicopter/Natural/28_Helicopter.jpg","https://tactileeval.s3.us-east-1.amazonaws.com/family_datasets/Vehicles_and_Flight_Systems/Helicopter/Tactile/28.jpeg","","Helicopter","https://tactileeval.s3.us-east-1.amazonaws.com/family_datasets/Vehicles_and_Flight_Systems/Helicopter/Natural/29_Helicopter.jpg","https://tactileeval.s3.us-east-1.amazonaws.com/family_datasets/Vehicles_and_Flight_Systems/Helicopter/Tactile/29.jpeg","","Helicopter","https://tactileeval.s3.us-east-1.amazonaws.com/family_datasets/Vehicles_and_Flight_Systems/Helicopter/Natural/30_Helicopter.jpg","https://tactileeval.s3.us-east-1.amazonaws.com/family_datasets/Vehicles_and_Flight_Systems/Helicopter/Tactile/30.jpeg","","Helicopter","https://tactileeval.s3.us-east-1.amazonaws.com/family_datasets/Vehicles_and_Flight_Systems/Helicopter/Natural/31_Helicopter_Edited_refined.jpg","https://tactileeval.s3.us-east-1.amazonaws.com/family_datasets/Vehicles_and_Flight_Systems/Helicopter/Tactile/31_refined.png","","Helicopter","https://tactileeval.s3.us-east-1.amazonaws.com/family_datasets/Vehicles_and_Flight_Systems/Helicopter/Natural/32_Helicopter.jpg","https://tactileeval.s3.us-east-1.amazonaws.com/family_datasets/Vehicles_and_Flight_Systems/Helicopter/Tactile/32.jpeg","","Helicopter","https://tactileeval.s3.us-east-1.amazonaws.com/family_datasets/Vehicles_and_Flight_Systems/Helicopter/Natural/33_Helicopter%282%29.jpg","https://tactileeval.s3.us-east-1.amazonaws.com/family_datasets/Vehicles_and_Flight_Systems/Helicopter/Tactile/33.jpeg","","Helicopter","https://tactileeval.s3.us-east-1.amazonaws.com/family_datasets/Vehicles_and_Flight_Systems/Helicopter/Natural/34_Helicopter.jpg","https://tactileeval.s3.us-east-1.amazonaws.com/family_datasets/Vehicles_and_Flight_Systems/Helicopter/Tactile/34.jpeg","","Helicopter","https://tactileeval.s3.us-east-1.amazonaws.com/family_datasets/Vehicles_and_Flight_Systems/Helicopter/Natural/35_Helicopter%284%29.jpg","https://tactileeval.s3.us-east-1.amazonaws.com/family_datasets/Vehicles_and_Flight_Systems/Helicopter/Tactile/35.jpeg","","[{""question1"":{""all_correct"":false,""extra_parts"":true,""missing_parts"":false,""wrong_location"":false},""question10"":{""all_correct"":false,""extra_parts"":false,""missing_parts"":true,""wrong_location"":false},""question2"":{""all_correct"":false,""extra_parts"":false,""missing_parts"":false,""wrong_location"":true},""question3"":{""all_correct"":false,""extra_parts"":true,""missing_parts"":false,""wrong_location"":false},""question4"":{""all_correct"":false,""extra_parts"":true,""missing_parts"":false,""wrong_location"":false},""question5"":{""all_correct"":false,""extra_parts"":false,""missing_parts"":true,""wrong_location"":false},""question6"":{""all_correct"":false,""extra_parts"":false,""missing_parts"":false,""wrong_location"":true},""question7"":{""all_correct"":false,""extra_parts"":true,""missing_parts"":false,""wrong_location"":false},""question8"":{""all_correct"":true,""extra_parts"":false,""missing_parts"":false,""wrong_location"":false},""question9"":{""all_correct"":false,""extra_parts"":true,""missing_parts"":false,""wrong_location"":false}}]"
"32L724R86DYGTQWTEBO3ELA3KGLIPL","3U20ZGNLAG0U51KQK3YR7IVUILJD7F","Judge if an objects line-art has missing elements (10 pairs)","Review 10  line-arts and judge if it has/hasn't missing or extra content. (10 pairs)","tactile, image review, accessibility, vehicles","$0.08","Sat Apr 18 07:37:37 PDT 2026","9","BatchId:5385913;OriginalHitTemplateId:928390873;","1800","1296000","Sat Apr 25 07:37:37 PDT 2026","","","3HL8HNGX5YFDDWCPMGRMDITP3N8F9Q","A2NZLZLLAZYXJX","Rejected","Sat Apr 18 10:24:47 PDT 2026","Sat Apr 18 10:31:27 PDT 2026","Sun May 03 10:31:27 PDT 2026","","Sat Apr 18 20:04:21 PDT 2026","Thank you for your time. Unfortunately this submission did not pass the embedded gold-standard checks; this task requires very careful attention to detail.","400","68% (40/59)","68% (40/59)","68% (40/59)","Helicopter","https://tactileeval.s3.us-east-1.amazonaws.com/family_datasets/Vehicles_and_Flight_Systems/Helicopter/Natural/26_Helicopter.jpg","https://tactileeval.s3.us-east-1.amazonaws.com/family_datasets/Vehicles_and_Flight_Systems/Helicopter/Tactile/26.jpeg","","Helicopter","https://tactileeval.s3.us-east-1.amazonaws.com/family_datasets/Vehicles_and_Flight_Systems/Helicopter/Natural/27_Helicopter%284%29.jpg","https://tactileeval.s3.us-east-1.amazonaws.com/family_datasets/Vehicles_and_Flight_Systems/Helicopter/Tactile/27.jpeg","","Helicopter","https://tactileeval.s3.us-east-1.amazonaws.com/family_datasets/Vehicles_and_Flight_Systems/Helicopter/Natural/28_Helicopter.jpg","https://tactileeval.s3.us-east-1.amazonaws.com/family_datasets/Vehicles_and_Flight_Systems/Helicopter/Tactile/28.jpeg","","Helicopter","https://tactileeval.s3.us-east-1.amazonaws.com/family_datasets/Vehicles_and_Flight_Systems/Helicopter/Natural/29_Helicopter.jpg","https://tactileeval.s3.us-east-1.amazonaws.com/family_datasets/Vehicles_and_Flight_Systems/Helicopter/Tactile/29.jpeg","","Helicopter","https://tactileeval.s3.us-east-1.amazonaws.com/family_datasets/Vehicles_and_Flight_Systems/Helicopter/Natural/30_Helicopter.jpg","https://tactileeval.s3.us-east-1.amazonaws.com/family_datasets/Vehicles_and_Flight_Systems/Helicopter/Tactile/30.jpeg","","Helicopter","https://tactileeval.s3.us-east-1.amazonaws.com/family_datasets/Vehicles_and_Flight_Systems/Helicopter/Natural/31_Helicopter_Edited_refined.jpg","https://tactileeval.s3.us-east-1.amazonaws.com/family_datasets/Vehicles_and_Flight_Systems/Helicopter/Tactile/31_refined.png","","Helicopter","https://tactileeval.s3.us-east-1.amazonaws.com/family_datasets/Vehicles_and_Flight_Systems/Helicopter/Natural/32_Helicopter.jpg","https://tactileeval.s3.us-east-1.amazonaws.com/family_datasets/Vehicles_and_Flight_Systems/Helicopter/Tactile/32.jpeg","","Helicopter","https://tactileeval.s3.us-east-1.amazonaws.com/family_datasets/Vehicles_and_Flight_Systems/Helicopter/Natural/33_Helicopter%282%29.jpg","https://tactileeval.s3.us-east-1.amazonaws.com/family_datasets/Vehicles_and_Flight_Systems/Helicopter/Tactile/33.jpeg","","Helicopter","https://tactileeval.s3.us-east-1.amazonaws.com/family_datasets/Vehicles_and_Flight_Systems/Helicopter/Natural/34_Helicopter.jpg","https://tactileeval.s3.us-east-1.amazonaws.com/family_datasets/Vehicles_and_Flight_Systems/Helicopter/Tactile/34.jpeg","","Helicopter","https://tactileeval.s3.us-east-1.amazonaws.com/family_datasets/Vehicles_and_Flight_Systems/Helicopter/Natural/35_Helicopter%284%29.jpg","https://tactileeval.s3.us-east-1.amazonaws.com/family_datasets/Vehicles_and_Flight_Systems/Helicopter/Tactile/35.jpeg","","[{""question1"":{""all_correct"":false,""extra_parts"":false,""missing_parts"":true,""wrong_location"":false},""question10"":{""all_correct"":false,""extra_parts"":false,""missing_parts"":true,""wrong_location"":false},""question2"":{""all_correct"":false,""extra_parts"":true,""missing_parts"":false,""wrong_location"":false},""question3"":{""all_correct"":false,""extra_parts"":false,""missing_parts"":true,""wrong_location"":false},""question4"":{""all_correct"":false,""extra_parts"":false,""missing_parts"":true,""wrong_location"":false},""question5"":{""all_correct"":true,""extra_parts"":false,""missing_parts"":false,""wrong_location"":false},""question6"":{""all_correct"":false,""extra_parts"":false,""missing_parts"":true,""wrong_location"":false},""question7"":{""all_correct"":false,""extra_parts"":false,""missing_parts"":false,""wrong_location"":true},""question8"":{""all_correct"":false,""extra_parts"":false,""missing_parts"":true,""wrong_location"":false},""question9"":{""all_correct"":false,""extra_parts"":false,""missing_parts"":false,""wrong_location"":true}}]"
"32L724R86DYGTQWTEBO3ELA3KGLIPL","3U20ZGNLAG0U51KQK3YR7IVUILJD7F","Judge if an objects line-art has missing elements (10 pairs)","Review 10  line-arts and judge if it has/hasn't missing or extra content. (10 pairs)","tactile, image review, accessibility, vehicles","$0.08","Sat Apr 18 07:37:37 PDT 2026","9","BatchId:5385913;OriginalHitTemplateId:928390873;","1800","1296000","Sat Apr 25 07:37:37 PDT 2026","","","3LEP4MGT49EZ35DQTUASGOLUFAWBDM","A11RQ0K5GQ3NJG","Rejected","Sat Apr 18 10:29:55 PDT 2026","Sat Apr 18 10:34:55 PDT 2026","Sun May 03 10:34:55 PDT 2026","","Sat Apr 18 20:04:21 PDT 2026","Thank you for your time. Unfortunately this submission did not pass the embedded gold-standard checks; this task requires very careful attention to detail.","300","39% (12/31)","39% (12/31)","39% (12/31)","Helicopter","https://tactileeval.s3.us-east-1.amazonaws.com/family_datasets/Vehicles_and_Flight_Systems/Helicopter/Natural/26_Helicopter.jpg","https://tactileeval.s3.us-east-1.amazonaws.com/family_datasets/Vehicles_and_Flight_Systems/Helicopter/Tactile/26.jpeg","","Helicopter","https://tactileeval.s3.us-east-1.amazonaws.com/family_datasets/Vehicles_and_Flight_Systems/Helicopter/Natural/27_Helicopter%284%29.jpg","https://tactileeval.s3.us-east-1.amazonaws.com/family_datasets/Vehicles_and_Flight_Systems/Helicopter/Tactile/27.jpeg","","Helicopter","https://tactileeval.s3.us-east-1.amazonaws.com/family_datasets/Vehicles_and_Flight_Systems/Helicopter/Natural/28_Helicopter.jpg","https://tactileeval.s3.us-east-1.amazonaws.com/family_datasets/Vehicles_and_Flight_Systems/Helicopter/Tactile/28.jpeg","","Helicopter","https://tactileeval.s3.us-east-1.amazonaws.com/family_datasets/Vehicles_and_Flight_Systems/Helicopter/Natural/29_Helicopter.jpg","https://tactileeval.s3.us-east-1.amazonaws.com/family_datasets/Vehicles_and_Flight_Systems/Helicopter/Tactile/29.jpeg","","Helicopter","https://tactileeval.s3.us-east-1.amazonaws.com/family_datasets/Vehicles_and_Flight_Systems/Helicopter/Natural/30_Helicopter.jpg","https://tactileeval.s3.us-east-1.amazonaws.com/family_datasets/Vehicles_and_Flight_Systems/Helicopter/Tactile/30.jpeg","","Helicopter","https://tactileeval.s3.us-east-1.amazonaws.com/family_datasets/Vehicles_and_Flight_Systems/Helicopter/Natural/31_Helicopter_Edited_refined.jpg","https://tactileeval.s3.us-east-1.amazonaws.com/family_datasets/Vehicles_and_Flight_Systems/Helicopter/Tactile/31_refined.png","","Helicopter","https://tactileeval.s3.us-east-1.amazonaws.com/family_datasets/Vehicles_and_Flight_Systems/Helicopter/Natural/32_Helicopter.jpg","https://tactileeval.s3.us-east-1.amazonaws.com/family_datasets/Vehicles_and_Flight_Systems/Helicopter/Tactile/32.jpeg","","Helicopter","https://tactileeval.s3.us-east-1.amazonaws.com/family_datasets/Vehicles_and_Flight_Systems/Helicopter/Natural/33_Helicopter%282%29.jpg","https://tactileeval.s3.us-east-1.amazonaws.com/family_datasets/Vehicles_and_Flight_Systems/Helicopter/Tactile/33.jpeg","","Helicopter","https://tactileeval.s3.us-east-1.amazonaws.com/family_datasets/Vehicles_and_Flight_Systems/Helicopter/Natural/34_Helicopter.jpg","https://tactileeval.s3.us-east-1.amazonaws.com/family_datasets/Vehicles_and_Flight_Systems/Helicopter/Tactile/34.jpeg","","Helicopter","https://tactileeval.s3.us-east-1.amazonaws.com/family_datasets/Vehicles_and_Flight_Systems/Helicopter/Natural/35_Helicopter%284%29.jpg","https://tactileeval.s3.us-east-1.amazonaws.com/family_datasets/Vehicles_and_Flight_Systems/Helicopter/Tactile/35.jpeg","","[{""question1"":{""all_correct"":true,""extra_parts"":false,""missing_parts"":false,""wrong_location"":false},""question10"":{""all_correct"":true,""extra_parts"":false,""missing_parts"":false,""wrong_location"":false},""question2"":{""all_correct"":false,""extra_parts"":false,""missing_parts"":true,""wrong_location"":false},""question3"":{""all_correct"":false,""extra_parts"":true,""missing_parts"":false,""wrong_location"":false},""question4"":{""all_correct"":true,""extra_parts"":false,""missing_parts"":false,""wrong_location"":false},""question5"":{""all_correct"":false,""extra_parts"":false,""missing_parts"":true,""wrong_location"":false},""question6"":{""all_correct"":false,""extra_parts"":false,""missing_parts"":true,""wrong_location"":false},""question7"":{""all_correct"":true,""extra_parts"":false,""missing_parts"":false,""wrong_location"":false},""question8"":{""all_correct"":true,""extra_parts"":false,""missing_parts"":false,""wrong_location"":false},""question9"":{""all_correct"":true,""extra_parts"":false,""missing_parts"":false,""wrong_location"":false}}]"
"32L724R86DYGTQWTEBO3ELA3KGLIPL","3U20ZGNLAG0U51KQK3YR7IVUILJD7F","Judge if an objects line-art has missing elements (10 pairs)","Review 10  line-arts and judge if it has/hasn't missing or extra content. (10 pairs)","tactile, image review, accessibility, vehicles","$0.08","Sat Apr 18 07:37:37 PDT 2026","9","BatchId:5385913;OriginalHitTemplateId:928390873;","1800","1296000","Sat Apr 25 07:37:37 PDT 2026","","","3S96KQ6IAFIZZR77TG1DGIRGLHWDTE","ASBG43I93VS4A","Approved","Sat Apr 18 10:29:56 PDT 2026","Sat Apr 18 10:45:11 PDT 2026","Sun May 03 10:45:11 PDT 2026","Sat Apr 18 20:04:21 PDT 2026","","","915","27% (8/30)","27% (8/30)","27% (8/30)","Helicopter","https://tactileeval.s3.us-east-1.amazonaws.com/family_datasets/Vehicles_and_Flight_Systems/Helicopter/Natural/26_Helicopter.jpg","https://tactileeval.s3.us-east-1.amazonaws.com/family_datasets/Vehicles_and_Flight_Systems/Helicopter/Tactile/26.jpeg","","Helicopter","https://tactileeval.s3.us-east-1.amazonaws.com/family_datasets/Vehicles_and_Flight_Systems/Helicopter/Natural/27_Helicopter%284%29.jpg","https://tactileeval.s3.us-east-1.amazonaws.com/family_datasets/Vehicles_and_Flight_Systems/Helicopter/Tactile/27.jpeg","","Helicopter","https://tactileeval.s3.us-east-1.amazonaws.com/family_datasets/Vehicles_and_Flight_Systems/Helicopter/Natural/28_Helicopter.jpg","https://tactileeval.s3.us-east-1.amazonaws.com/family_datasets/Vehicles_and_Flight_Systems/Helicopter/Tactile/28.jpeg","","Helicopter","https://tactileeval.s3.us-east-1.amazonaws.com/family_datasets/Vehicles_and_Flight_Systems/Helicopter/Natural/29_Helicopter.jpg","https://tactileeval.s3.us-east-1.amazonaws.com/family_datasets/Vehicles_and_Flight_Systems/Helicopter/Tactile/29.jpeg","","Helicopter","https://tactileeval.s3.us-east-1.amazonaws.com/family_datasets/Vehicles_and_Flight_Systems/Helicopter/Natural/30_Helicopter.jpg","https://tactileeval.s3.us-east-1.amazonaws.com/family_datasets/Vehicles_and_Flight_Systems/Helicopter/Tactile/30.jpeg","","Helicopter","https://tactileeval.s3.us-east-1.amazonaws.com/family_datasets/Vehicles_and_Flight_Systems/Helicopter/Natural/31_Helicopter_Edited_refined.jpg","https://tactileeval.s3.us-east-1.amazonaws.com/family_datasets/Vehicles_and_Flight_Systems/Helicopter/Tactile/31_refined.png","","Helicopter","https://tactileeval.s3.us-east-1.amazonaws.com/family_datasets/Vehicles_and_Flight_Systems/Helicopter/Natural/32_Helicopter.jpg","https://tactileeval.s3.us-east-1.amazonaws.com/family_datasets/Vehicles_and_Flight_Systems/Helicopter/Tactile/32.jpeg","","Helicopter","https://tactileeval.s3.us-east-1.amazonaws.com/family_datasets/Vehicles_and_Flight_Systems/Helicopter/Natural/33_Helicopter%282%29.jpg","https://tactileeval.s3.us-east-1.amazonaws.com/family_datasets/Vehicles_and_Flight_Systems/Helicopter/Tactile/33.jpeg","","Helicopter","https://tactileeval.s3.us-east-1.amazonaws.com/family_datasets/Vehicles_and_Flight_Systems/Helicopter/Natural/34_Helicopter.jpg","https://tactileeval.s3.us-east-1.amazonaws.com/family_datasets/Vehicles_and_Flight_Systems/Helicopter/Tactile/34.jpeg","","Helicopter","https://tactileeval.s3.us-east-1.amazonaws.com/family_datasets/Vehicles_and_Flight_Systems/Helicopter/Natural/35_Helicopter%284%29.jpg","https://tactileeval.s3.us-east-1.amazonaws.com/family_datasets/Vehicles_and_Flight_Systems/Helicopter/Tactile/35.jpeg","","[{""question1"":{""all_correct"":true,""extra_parts"":false,""missing_parts"":false,""wrong_location"":false},""question10"":{""all_correct"":false,""extra_parts"":true,""missing_parts"":true,""wrong_location"":false},""question2"":{""all_correct"":true,""extra_parts"":false,""missing_parts"":false,""wrong_location"":false},""question3"":{""all_correct"":false,""extra_parts"":true,""missing_parts"":true,""wrong_location"":false},""question4"":{""all_correct"":false,""extra_parts"":true,""missing_parts"":true,""wrong_location"":false},""question5"":{""all_correct"":true,""extra_parts"":false,""missing_parts"":false,""wrong_location"":false},""question6"":{""all_correct"":true,""extra_parts"":false,""missing_parts"":false,""wrong_location"":false},""question7"":{""all_correct"":false,""extra_parts"":false,""missing_parts"":true,""wrong_location"":false},""question8"":{""all_correct"":false,""extra_parts"":true,""missing_parts"":true,""wrong_location"":false},""question9"":{""all_correct"":false,""extra_parts"":true,""missing_parts"":true,""wrong_location"":false}}]"
"32L724R86DYGTQWTEBO3ELA3KGLIPL","3U20ZGNLAG0U51KQK3YR7IVUILJD7F","Judge if an objects line-art has missing elements (10 pairs)","Review 10  line-arts and judge if it has/hasn't missing or extra content. (10 pairs)","tactile, image review, accessibility, vehicles","$0.08","Sat Apr 18 07:37:37 PDT 2026","9","BatchId:5385913;OriginalHitTemplateId:928390873;","1800","1296000","Sat Apr 25 07:37:37 PDT 2026","","","3IFS6Q0HKBXFS2AEWUXYXAB7B3QISW","AM6XJQNLFEV4J","Approved","Sat Apr 18 10:30:04 PDT 2026","Sat Apr 18 10:49:02 PDT 2026","Sun May 03 10:49:02 PDT 2026","Sat Apr 18 20:04:21 PDT 2026","","","1138","59% (19/32)","59% (19/32)","59% (19/32)","Helicopter","https://tactileeval.s3.us-east-1.amazonaws.com/family_datasets/Vehicles_and_Flight_Systems/Helicopter/Natural/26_Helicopter.jpg","https://tactileeval.s3.us-east-1.amazonaws.com/family_datasets/Vehicles_and_Flight_Systems/Helicopter/Tactile/26.jpeg","","Helicopter","https://tactileeval.s3.us-east-1.amazonaws.com/family_datasets/Vehicles_and_Flight_Systems/Helicopter/Natural/27_Helicopter%284%29.jpg","https://tactileeval.s3.us-east-1.amazonaws.com/family_datasets/Vehicles_and_Flight_Systems/Helicopter/Tactile/27.jpeg","","Helicopter","https://tactileeval.s3.us-east-1.amazonaws.com/family_datasets/Vehicles_and_Flight_Systems/Helicopter/Natural/28_Helicopter.jpg","https://tactileeval.s3.us-east-1.amazonaws.com/family_datasets/Vehicles_and_Flight_Systems/Helicopter/Tactile/28.jpeg","","Helicopter","https://tactileeval.s3.us-east-1.amazonaws.com/family_datasets/Vehicles_and_Flight_Systems/Helicopter/Natural/29_Helicopter.jpg","https://tactileeval.s3.us-east-1.amazonaws.com/family_datasets/Vehicles_and_Flight_Systems/Helicopter/Tactile/29.jpeg","","Helicopter","https://tactileeval.s3.us-east-1.amazonaws.com/family_datasets/Vehicles_and_Flight_Systems/Helicopter/Natural/30_Helicopter.jpg","https://tactileeval.s3.us-east-1.amazonaws.com/family_datasets/Vehicles_and_Flight_Systems/Helicopter/Tactile/30.jpeg","","Helicopter","https://tactileeval.s3.us-east-1.amazonaws.com/family_datasets/Vehicles_and_Flight_Systems/Helicopter/Natural/31_Helicopter_Edited_refined.jpg","https://tactileeval.s3.us-east-1.amazonaws.com/family_datasets/Vehicles_and_Flight_Systems/Helicopter/Tactile/31_refined.png","","Helicopter","https://tactileeval.s3.us-east-1.amazonaws.com/family_datasets/Vehicles_and_Flight_Systems/Helicopter/Natural/32_Helicopter.jpg","https://tactileeval.s3.us-east-1.amazonaws.com/family_datasets/Vehicles_and_Flight_Systems/Helicopter/Tactile/32.jpeg","","Helicopter","https://tactileeval.s3.us-east-1.amazonaws.com/family_datasets/Vehicles_and_Flight_Systems/Helicopter/Natural/33_Helicopter%282%29.jpg","https://tactileeval.s3.us-east-1.amazonaws.com/family_datasets/Vehicles_and_Flight_Systems/Helicopter/Tactile/33.jpeg","","Helicopter","https://tactileeval.s3.us-east-1.amazonaws.com/family_datasets/Vehicles_and_Flight_Systems/Helicopter/Natural/34_Helicopter.jpg","https://tactileeval.s3.us-east-1.amazonaws.com/family_datasets/Vehicles_and_Flight_Systems/Helicopter/Tactile/34.jpeg","","Helicopter","https://tactileeval.s3.us-east-1.amazonaws.com/family_datasets/Vehicles_and_Flight_Systems/Helicopter/Natural/35_Helicopter%284%29.jpg","https://tactileeval.s3.us-east-1.amazonaws.com/family_datasets/Vehicles_and_Flight_Systems/Helicopter/Tactile/35.jpeg","","[{""question1"":{""all_correct"":true,""extra_parts"":false,""missing_parts"":false,""wrong_location"":false},""question10"":{""all_correct"":false,""extra_parts"":true,""missing_parts"":true,""wrong_location"":false},""question2"":{""all_correct"":true,""extra_parts"":false,""missing_parts"":false,""wrong_location"":false},""question3"":{""all_correct"":false,""extra_parts"":true,""missing_parts"":true,""wrong_location"":false},""question4"":{""all_correct"":false,""extra_parts"":true,""missing_parts"":true,""wrong_location"":false},""question5"":{""all_correct"":true,""extra_parts"":false,""missing_parts"":false,""wrong_location"":false},""question6"":{""all_correct"":true,""extra_parts"":false,""missing_parts"":false,""wrong_location"":false},""question7"":{""all_correct"":false,""extra_parts"":true,""missing_parts"":true,""wrong_location"":false},""question8"":{""all_correct"":true,""extra_parts"":false,""missing_parts"":false,""wrong_location"":false},""question9"":{""all_correct"":false,""extra_parts"":true,""missing_parts"":true,""wrong_location"":false}}]"
"32L724R86DYGTQWTEBO3ELA3KGLIPL","3U20ZGNLAG0U51KQK3YR7IVUILJD7F","Judge if an objects line-art has missing elements (10 pairs)","Review 10  line-arts and judge if it has/hasn't missing or extra content. (10 pairs)","tactile, image review, accessibility, vehicles","$0.08","Sat Apr 18 07:37:37 PDT 2026","9","BatchId:5385913;OriginalHitTemplateId:928390873;","1800","1296000","Sat Apr 25 07:37:37 PDT 2026","","","3M81GAB8BTXTSEHVYGGCGNSTYPLBQR","A12VYCG9CMKAFA","Rejected","Sat Apr 18 10:30:10 PDT 2026","Sat Apr 18 10:54:34 PDT 2026","Sun May 03 10:54:34 PDT 2026","","Sat Apr 18 20:04:21 PDT 2026","Thank you for your time. Unfortunately this submission did not pass the embedded gold-standard checks; this task requires very careful attention to detail.","1464","26% (7/27)","26% (7/27)","26% (7/27)","Helicopter","https://tactileeval.s3.us-east-1.amazonaws.com/family_datasets/Vehicles_and_Flight_Systems/Helicopter/Natural/26_Helicopter.jpg","https://tactileeval.s3.us-east-1.amazonaws.com/family_datasets/Vehicles_and_Flight_Systems/Helicopter/Tactile/26.jpeg","","Helicopter","https://tactileeval.s3.us-east-1.amazonaws.com/family_datasets/Vehicles_and_Flight_Systems/Helicopter/Natural/27_Helicopter%284%29.jpg","https://tactileeval.s3.us-east-1.amazonaws.com/family_datasets/Vehicles_and_Flight_Systems/Helicopter/Tactile/27.jpeg","","Helicopter","https://tactileeval.s3.us-east-1.amazonaws.com/family_datasets/Vehicles_and_Flight_Systems/Helicopter/Natural/28_Helicopter.jpg","https://tactileeval.s3.us-east-1.amazonaws.com/family_datasets/Vehicles_and_Flight_Systems/Helicopter/Tactile/28.jpeg","","Helicopter","https://tactileeval.s3.us-east-1.amazonaws.com/family_datasets/Vehicles_and_Flight_Systems/Helicopter/Natural/29_Helicopter.jpg","https://tactileeval.s3.us-east-1.amazonaws.com/family_datasets/Vehicles_and_Flight_Systems/Helicopter/Tactile/29.jpeg","","Helicopter","https://tactileeval.s3.us-east-1.amazonaws.com/family_datasets/Vehicles_and_Flight_Systems/Helicopter/Natural/30_Helicopter.jpg","https://tactileeval.s3.us-east-1.amazonaws.com/family_datasets/Vehicles_and_Flight_Systems/Helicopter/Tactile/30.jpeg","","Helicopter","https://tactileeval.s3.us-east-1.amazonaws.com/family_datasets/Vehicles_and_Flight_Systems/Helicopter/Natural/31_Helicopter_Edited_refined.jpg","https://tactileeval.s3.us-east-1.amazonaws.com/family_datasets/Vehicles_and_Flight_Systems/Helicopter/Tactile/31_refined.png","","Helicopter","https://tactileeval.s3.us-east-1.amazonaws.com/family_datasets/Vehicles_and_Flight_Systems/Helicopter/Natural/32_Helicopter.jpg","https://tactileeval.s3.us-east-1.amazonaws.com/family_datasets/Vehicles_and_Flight_Systems/Helicopter/Tactile/32.jpeg","","Helicopter","https://tactileeval.s3.us-east-1.amazonaws.com/family_datasets/Vehicles_and_Flight_Systems/Helicopter/Natural/33_Helicopter%282%29.jpg","https://tactileeval.s3.us-east-1.amazonaws.com/family_datasets/Vehicles_and_Flight_Systems/Helicopter/Tactile/33.jpeg","","Helicopter","https://tactileeval.s3.us-east-1.amazonaws.com/family_datasets/Vehicles_and_Flight_Systems/Helicopter/Natural/34_Helicopter.jpg","https://tactileeval.s3.us-east-1.amazonaws.com/family_datasets/Vehicles_and_Flight_Systems/Helicopter/Tactile/34.jpeg","","Helicopter","https://tactileeval.s3.us-east-1.amazonaws.com/family_datasets/Vehicles_and_Flight_Systems/Helicopter/Natural/35_Helicopter%284%29.jpg","https://tactileeval.s3.us-east-1.amazonaws.com/family_datasets/Vehicles_and_Flight_Systems/Helicopter/Tactile/35.jpeg","","[{""question1"":{""all_correct"":false,""extra_parts"":false,""missing_parts"":true,""wrong_location"":false},""question10"":{""all_correct"":true,""extra_parts"":false,""missing_parts"":false,""wrong_location"":false},""question2"":{""all_correct"":false,""extra_parts"":false,""missing_parts"":true,""wrong_location"":false},""question3"":{""all_correct"":false,""extra_parts"":false,""missing_parts"":true,""wrong_location"":false},""question4"":{""all_correct"":false,""extra_parts"":false,""missing_parts"":true,""wrong_location"":false},""question5"":{""all_correct"":false,""extra_parts"":false,""missing_parts"":true,""wrong_location"":false},""question6"":{""all_correct"":false,""extra_parts"":false,""missing_parts"":true,""wrong_location"":false},""question7"":{""all_correct"":false,""extra_parts"":false,""missing_parts"":true,""wrong_location"":false},""question8"":{""all_correct"":false,""extra_parts"":false,""missing_parts"":true,""wrong_location"":false},""question9"":{""all_correct"":false,""extra_parts"":false,""missing_parts"":true,""wrong_location"":false}}]"
"32L724R86DYGTQWTEBO3ELA3KGLIPL","3U20ZGNLAG0U51KQK3YR7IVUILJD7F","Judge if an objects line-art has missing elements (10 pairs)","Review 10  line-arts and judge if it has/hasn't missing or extra content. (10 pairs)","tactile, image review, accessibility, vehicles","$0.08","Sat Apr 18 07:37:37 PDT 2026","9","BatchId:5385913;OriginalHitTemplateId:928390873;","1800","1296000","Sat Apr 25 07:37:37 PDT 2026","","","3KMS4QQVLV4XUSVGQDIB3R75EHOKFT","A1N3QIWLGR6ZV6","Rejected","Sat Apr 18 11:01:41 PDT 2026","Sat Apr 18 11:13:23 PDT 2026","Sun May 03 11:13:23 PDT 2026","","Sat Apr 18 20:04:21 PDT 2026","Thank you for your time. Unfortunately this submission did not pass the embedded gold-standard checks; this task requires very careful attention to detail.","702","24% (9/38)","0% (0/29)","0% (0/29)","Helicopter","https://tactileeval.s3.us-east-1.amazonaws.com/family_datasets/Vehicles_and_Flight_Systems/Helicopter/Natural/26_Helicopter.jpg","https://tactileeval.s3.us-east-1.amazonaws.com/family_datasets/Vehicles_and_Flight_Systems/Helicopter/Tactile/26.jpeg","","Helicopter","https://tactileeval.s3.us-east-1.amazonaws.com/family_datasets/Vehicles_and_Flight_Systems/Helicopter/Natural/27_Helicopter%284%29.jpg","https://tactileeval.s3.us-east-1.amazonaws.com/family_datasets/Vehicles_and_Flight_Systems/Helicopter/Tactile/27.jpeg","","Helicopter","https://tactileeval.s3.us-east-1.amazonaws.com/family_datasets/Vehicles_and_Flight_Systems/Helicopter/Natural/28_Helicopter.jpg","https://tactileeval.s3.us-east-1.amazonaws.com/family_datasets/Vehicles_and_Flight_Systems/Helicopter/Tactile/28.jpeg","","Helicopter","https://tactileeval.s3.us-east-1.amazonaws.com/family_datasets/Vehicles_and_Flight_Systems/Helicopter/Natural/29_Helicopter.jpg","https://tactileeval.s3.us-east-1.amazonaws.com/family_datasets/Vehicles_and_Flight_Systems/Helicopter/Tactile/29.jpeg","","Helicopter","https://tactileeval.s3.us-east-1.amazonaws.com/family_datasets/Vehicles_and_Flight_Systems/Helicopter/Natural/30_Helicopter.jpg","https://tactileeval.s3.us-east-1.amazonaws.com/family_datasets/Vehicles_and_Flight_Systems/Helicopter/Tactile/30.jpeg","","Helicopter","https://tactileeval.s3.us-east-1.amazonaws.com/family_datasets/Vehicles_and_Flight_Systems/Helicopter/Natural/31_Helicopter_Edited_refined.jpg","https://tactileeval.s3.us-east-1.amazonaws.com/family_datasets/Vehicles_and_Flight_Systems/Helicopter/Tactile/31_refined.png","","Helicopter","https://tactileeval.s3.us-east-1.amazonaws.com/family_datasets/Vehicles_and_Flight_Systems/Helicopter/Natural/32_Helicopter.jpg","https://tactileeval.s3.us-east-1.amazonaws.com/family_datasets/Vehicles_and_Flight_Systems/Helicopter/Tactile/32.jpeg","","Helicopter","https://tactileeval.s3.us-east-1.amazonaws.com/family_datasets/Vehicles_and_Flight_Systems/Helicopter/Natural/33_Helicopter%282%29.jpg","https://tactileeval.s3.us-east-1.amazonaws.com/family_datasets/Vehicles_and_Flight_Systems/Helicopter/Tactile/33.jpeg","","Helicopter","https://tactileeval.s3.us-east-1.amazonaws.com/family_datasets/Vehicles_and_Flight_Systems/Helicopter/Natural/34_Helicopter.jpg","https://tactileeval.s3.us-east-1.amazonaws.com/family_datasets/Vehicles_and_Flight_Systems/Helicopter/Tactile/34.jpeg","","Helicopter","https://tactileeval.s3.us-east-1.amazonaws.com/family_datasets/Vehicles_and_Flight_Systems/Helicopter/Natural/35_Helicopter%284%29.jpg","https://tactileeval.s3.us-east-1.amazonaws.com/family_datasets/Vehicles_and_Flight_Systems/Helicopter/Tactile/35.jpeg","","[{""question1"":{""all_correct"":false,""extra_parts"":true,""missing_parts"":false,""wrong_location"":false},""question10"":{""all_correct"":false,""extra_parts"":false,""missing_parts"":true,""wrong_location"":false},""question2"":{""all_correct"":false,""extra_parts"":false,""missing_parts"":false,""wrong_location"":true},""question3"":{""all_correct"":false,""extra_parts"":false,""missing_parts"":true,""wrong_location"":false},""question4"":{""all_correct"":false,""extra_parts"":true,""missing_parts"":false,""wrong_location"":false},""question5"":{""all_correct"":false,""extra_parts"":false,""missing_parts"":false,""wrong_location"":true},""question6"":{""all_correct"":false,""extra_parts"":false,""missing_parts"":false,""wrong_location"":true},""question7"":{""all_correct"":false,""extra_parts"":true,""missing_parts"":false,""wrong_location"":false},""question8"":{""all_correct"":false,""extra_parts"":false,""missing_parts"":true,""wrong_location"":false},""question9"":{""all_correct"":false,""extra_parts"":false,""missing_parts"":false,""wrong_location"":true}}]"
"32L724R86DYGTQWTEBO3ELA3KGLIPL","3U20ZGNLAG0U51KQK3YR7IVUILJD7F","Judge if an objects line-art has missing elements (10 pairs)","Review 10  line-arts and judge if it has/hasn't missing or extra content. (10 pairs)","tactile, image review, accessibility, vehicles","$0.08","Sat Apr 18 07:37:37 PDT 2026","9","BatchId:5385913;OriginalHitTemplateId:928390873;","1800","1296000","Sat Apr 25 07:37:37 PDT 2026","","","3B1NLC6UHSA4JJOREPT1HTTG97VGPS","A7D1G6VBRTJMJ","Rejected","Sat Apr 18 20:43:17 PDT 2026","Sat Apr 18 20:50:24 PDT 2026","Sun May 03 20:50:24 PDT 2026","","Sun Apr 19 07:44:31 PDT 2026","Thank you for your time. Unfortunately this submission did not pass the embedded gold-standard checks; this task requires very careful attention to detail.","427","46% (11/24)","46% (11/24)","46% (11/24)","Helicopter","https://tactileeval.s3.us-east-1.amazonaws.com/family_datasets/Vehicles_and_Flight_Systems/Helicopter/Natural/26_Helicopter.jpg","https://tactileeval.s3.us-east-1.amazonaws.com/family_datasets/Vehicles_and_Flight_Systems/Helicopter/Tactile/26.jpeg","","Helicopter","https://tactileeval.s3.us-east-1.amazonaws.com/family_datasets/Vehicles_and_Flight_Systems/Helicopter/Natural/27_Helicopter%284%29.jpg","https://tactileeval.s3.us-east-1.amazonaws.com/family_datasets/Vehicles_and_Flight_Systems/Helicopter/Tactile/27.jpeg","","Helicopter","https://tactileeval.s3.us-east-1.amazonaws.com/family_datasets/Vehicles_and_Flight_Systems/Helicopter/Natural/28_Helicopter.jpg","https://tactileeval.s3.us-east-1.amazonaws.com/family_datasets/Vehicles_and_Flight_Systems/Helicopter/Tactile/28.jpeg","","Helicopter","https://tactileeval.s3.us-east-1.amazonaws.com/family_datasets/Vehicles_and_Flight_Systems/Helicopter/Natural/29_Helicopter.jpg","https://tactileeval.s3.us-east-1.amazonaws.com/family_datasets/Vehicles_and_Flight_Systems/Helicopter/Tactile/29.jpeg","","Helicopter","https://tactileeval.s3.us-east-1.amazonaws.com/family_datasets/Vehicles_and_Flight_Systems/Helicopter/Natural/30_Helicopter.jpg","https://tactileeval.s3.us-east-1.amazonaws.com/family_datasets/Vehicles_and_Flight_Systems/Helicopter/Tactile/30.jpeg","","Helicopter","https://tactileeval.s3.us-east-1.amazonaws.com/family_datasets/Vehicles_and_Flight_Systems/Helicopter/Natural/31_Helicopter_Edited_refined.jpg","https://tactileeval.s3.us-east-1.amazonaws.com/family_datasets/Vehicles_and_Flight_Systems/Helicopter/Tactile/31_refined.png","","Helicopter","https://tactileeval.s3.us-east-1.amazonaws.com/family_datasets/Vehicles_and_Flight_Systems/Helicopter/Natural/32_Helicopter.jpg","https://tactileeval.s3.us-east-1.amazonaws.com/family_datasets/Vehicles_and_Flight_Systems/Helicopter/Tactile/32.jpeg","","Helicopter","https://tactileeval.s3.us-east-1.amazonaws.com/family_datasets/Vehicles_and_Flight_Systems/Helicopter/Natural/33_Helicopter%282%29.jpg","https://tactileeval.s3.us-east-1.amazonaws.com/family_datasets/Vehicles_and_Flight_Systems/Helicopter/Tactile/33.jpeg","","Helicopter","https://tactileeval.s3.us-east-1.amazonaws.com/family_datasets/Vehicles_and_Flight_Systems/Helicopter/Natural/34_Helicopter.jpg","https://tactileeval.s3.us-east-1.amazonaws.com/family_datasets/Vehicles_and_Flight_Systems/Helicopter/Tactile/34.jpeg","","Helicopter","https://tactileeval.s3.us-east-1.amazonaws.com/family_datasets/Vehicles_and_Flight_Systems/Helicopter/Natural/35_Helicopter%284%29.jpg","https://tactileeval.s3.us-east-1.amazonaws.com/family_datasets/Vehicles_and_Flight_Systems/Helicopter/Tactile/35.jpeg","","[{""question1"":{""all_correct"":true,""extra_parts"":false,""missing_parts"":false,""wrong_location"":false},""question10"":{""all_correct"":true,""extra_parts"":false,""missing_parts"":false,""wrong_location"":false},""question2"":{""all_correct"":true,""extra_parts"":false,""missing_parts"":false,""wrong_location"":false},""question3"":{""all_correct"":true,""extra_parts"":false,""missing_parts"":false,""wrong_location"":false},""question4"":{""all_correct"":true,""extra_parts"":false,""missing_parts"":false,""wrong_location"":false},""question5"":{""all_correct"":true,""extra_parts"":false,""missing_parts"":false,""wrong_location"":false},""question6"":{""all_correct"":true,""extra_parts"":false,""missing_parts"":false,""wrong_location"":false},""question7"":{""all_correct"":false,""extra_parts"":false,""missing_parts"":true,""wrong_location"":false},""question8"":{""all_correct"":false,""extra_parts"":false,""missing_parts"":true,""wrong_location"":false},""question9"":{""all_correct"":false,""extra_parts"":false,""missing_parts"":true,""wrong_location"":false}}]"
"32L724R86DYGTQWTEBO3ELA3KGLIPL","3U20ZGNLAG0U51KQK3YR7IVUILJD7F","Judge if an objects line-art has missing elements (10 pairs)","Review 10  line-arts and judge if it has/hasn't missing or extra content. (10 pairs)","tactile, image review, accessibility, vehicles","$0.08","Sat Apr 18 07:37:37 PDT 2026","9","BatchId:5385913;OriginalHitTemplateId:928390873;","1800","1296000","Sat Apr 25 07:37:37 PDT 2026","","","3JNQLM5FUX0OD41MNIF5Y8QVUEV2L3","A1Q5JN3I3PWOT7","Approved","Sat Apr 18 22:28:34 PDT 2026","Sat Apr 18 22:31:18 PDT 2026","Sun May 03 22:31:18 PDT 2026","Sun Apr 19 07:44:31 PDT 2026","","","164","50% (1/2)","50% (1/2)","50% (1/2)","Helicopter","https://tactileeval.s3.us-east-1.amazonaws.com/family_datasets/Vehicles_and_Flight_Systems/Helicopter/Natural/26_Helicopter.jpg","https://tactileeval.s3.us-east-1.amazonaws.com/family_datasets/Vehicles_and_Flight_Systems/Helicopter/Tactile/26.jpeg","","Helicopter","https://tactileeval.s3.us-east-1.amazonaws.com/family_datasets/Vehicles_and_Flight_Systems/Helicopter/Natural/27_Helicopter%284%29.jpg","https://tactileeval.s3.us-east-1.amazonaws.com/family_datasets/Vehicles_and_Flight_Systems/Helicopter/Tactile/27.jpeg","","Helicopter","https://tactileeval.s3.us-east-1.amazonaws.com/family_datasets/Vehicles_and_Flight_Systems/Helicopter/Natural/28_Helicopter.jpg","https://tactileeval.s3.us-east-1.amazonaws.com/family_datasets/Vehicles_and_Flight_Systems/Helicopter/Tactile/28.jpeg","","Helicopter","https://tactileeval.s3.us-east-1.amazonaws.com/family_datasets/Vehicles_and_Flight_Systems/Helicopter/Natural/29_Helicopter.jpg","https://tactileeval.s3.us-east-1.amazonaws.com/family_datasets/Vehicles_and_Flight_Systems/Helicopter/Tactile/29.jpeg","","Helicopter","https://tactileeval.s3.us-east-1.amazonaws.com/family_datasets/Vehicles_and_Flight_Systems/Helicopter/Natural/30_Helicopter.jpg","https://tactileeval.s3.us-east-1.amazonaws.com/family_datasets/Vehicles_and_Flight_Systems/Helicopter/Tactile/30.jpeg","","Helicopter","https://tactileeval.s3.us-east-1.amazonaws.com/family_datasets/Vehicles_and_Flight_Systems/Helicopter/Natural/31_Helicopter_Edited_refined.jpg","https://tactileeval.s3.us-east-1.amazonaws.com/family_datasets/Vehicles_and_Flight_Systems/Helicopter/Tactile/31_refined.png","","Helicopter","https://tactileeval.s3.us-east-1.amazonaws.com/family_datasets/Vehicles_and_Flight_Systems/Helicopter/Natural/32_Helicopter.jpg","https://tactileeval.s3.us-east-1.amazonaws.com/family_datasets/Vehicles_and_Flight_Systems/Helicopter/Tactile/32.jpeg","","Helicopter","https://tactileeval.s3.us-east-1.amazonaws.com/family_datasets/Vehicles_and_Flight_Systems/Helicopter/Natural/33_Helicopter%282%29.jpg","https://tactileeval.s3.us-east-1.amazonaws.com/family_datasets/Vehicles_and_Flight_Systems/Helicopter/Tactile/33.jpeg","","Helicopter","https://tactileeval.s3.us-east-1.amazonaws.com/family_datasets/Vehicles_and_Flight_Systems/Helicopter/Natural/34_Helicopter.jpg","https://tactileeval.s3.us-east-1.amazonaws.com/family_datasets/Vehicles_and_Flight_Systems/Helicopter/Tactile/34.jpeg","","Helicopter","https://tactileeval.s3.us-east-1.amazonaws.com/family_datasets/Vehicles_and_Flight_Systems/Helicopter/Natural/35_Helicopter%284%29.jpg","https://tactileeval.s3.us-east-1.amazonaws.com/family_datasets/Vehicles_and_Flight_Systems/Helicopter/Tactile/35.jpeg","","[{""question1"":{""all_correct"":false,""extra_parts"":false,""missing_parts"":true,""wrong_location"":true},""question10"":{""all_correct"":false,""extra_parts"":true,""missing_parts"":true,""wrong_location"":false},""question2"":{""all_correct"":false,""extra_parts"":true,""missing_parts"":false,""wrong_location"":false},""question3"":{""all_correct"":false,""extra_parts"":false,""missing_parts"":true,""wrong_location"":true},""question4"":{""all_correct"":false,""extra_parts"":true,""missing_parts"":true,""wrong_location"":true},""question5"":{""all_correct"":false,""extra_parts"":false,""missing_parts"":true,""wrong_location"":false},""question6"":{""all_correct"":false,""extra_parts"":false,""missing_parts"":true,""wrong_location"":false},""question7"":{""all_correct"":false,""extra_parts"":false,""missing_parts"":true,""wrong_location"":false},""question8"":{""all_correct"":false,""extra_parts"":false,""missing_parts"":true,""wrong_location"":false},""question9"":{""all_correct"":false,""extra_parts"":false,""missing_parts"":true,""wrong_location"":false}}]"
"3KG2UQJ0NB2T738ZB4GKJYWUBB1QN0","3U20ZGNLAG0U51KQK3YR7IVUILJD7F","Judge if an objects line-art has missing elements (10 pairs)","Review 10  line-arts and judge if it has/hasn't missing or extra content. (10 pairs)","tactile, image review, accessibility, vehicles","$0.08","Sat Apr 18 07:37:37 PDT 2026","9","BatchId:5385913;OriginalHitTemplateId:928390873;","1800","1296000","Sat Apr 25 07:37:37 PDT 2026","","","3EG49X352NQ7VZ1CO3UWZF2UHRL6XM","A2JKGAWYEHJ18S","Rejected","Sat Apr 18 09:14:48 PDT 2026","Sat Apr 18 09:24:36 PDT 2026","Sun May 03 09:24:36 PDT 2026","","Sat Apr 18 20:04:21 PDT 2026","Thank you for your time. Unfortunately this submission did not pass the embedded gold-standard checks; this task requires very careful attention to detail.","588","15% (3/20)","15% (3/20)","15% (3/20)","Motorcycle","https://tactileeval.s3.us-east-1.amazonaws.com/family_datasets/Vehicles_and_Flight_Systems/Motorcycle/Natural/1.png","https://tactileeval.s3.us-east-1.amazonaws.com/family_datasets/Vehicles_and_Flight_Systems/Motorcycle/Tactile/1.jpeg","","Motorcycle","https://tactileeval.s3.us-east-1.amazonaws.com/family_datasets/Vehicles_and_Flight_Systems/Motorcycle/Natural/2.png","https://tactileeval.s3.us-east-1.amazonaws.com/family_datasets/Vehicles_and_Flight_Systems/Motorcycle/Tactile/2.jpeg","","Motorcycle","https://tactileeval.s3.us-east-1.amazonaws.com/family_datasets/Vehicles_and_Flight_Systems/Motorcycle/Natural/3.png","https://tactileeval.s3.us-east-1.amazonaws.com/family_datasets/Vehicles_and_Flight_Systems/Motorcycle/Tactile/3.jpeg","","Motorcycle","https://tactileeval.s3.us-east-1.amazonaws.com/family_datasets/Vehicles_and_Flight_Systems/Motorcycle/Natural/4.png","https://tactileeval.s3.us-east-1.amazonaws.com/family_datasets/Vehicles_and_Flight_Systems/Motorcycle/Tactile/4.jpeg","","Motorcycle","https://tactileeval.s3.us-east-1.amazonaws.com/family_datasets/Vehicles_and_Flight_Systems/Motorcycle/Natural/5.png","https://tactileeval.s3.us-east-1.amazonaws.com/family_datasets/Vehicles_and_Flight_Systems/Motorcycle/Tactile/5.jpeg","","Motorcycle","https://tactileeval.s3.us-east-1.amazonaws.com/family_datasets/Vehicles_and_Flight_Systems/Motorcycle/Natural/6.png","https://tactileeval.s3.us-east-1.amazonaws.com/family_datasets/Vehicles_and_Flight_Systems/Motorcycle/Tactile/6.jpeg","","Motorcycle","https://tactileeval.s3.us-east-1.amazonaws.com/family_datasets/Vehicles_and_Flight_Systems/Motorcycle/Natural/7.jpg","https://tactileeval.s3.us-east-1.amazonaws.com/family_datasets/Vehicles_and_Flight_Systems/Motorcycle/Tactile/7.jpeg","","Motorcycle","https://tactileeval.s3.us-east-1.amazonaws.com/family_datasets/Vehicles_and_Flight_Systems/Motorcycle/Natural/8.png","https://tactileeval.s3.us-east-1.amazonaws.com/family_datasets/Vehicles_and_Flight_Systems/Motorcycle/Tactile/8.jpg","","Motorcycle","https://tactileeval.s3.us-east-1.amazonaws.com/family_datasets/Vehicles_and_Flight_Systems/Motorcycle/Natural/9.png","https://tactileeval.s3.us-east-1.amazonaws.com/family_datasets/Vehicles_and_Flight_Systems/Motorcycle/Tactile/9.jpg","","Motorcycle","https://tactileeval.s3.us-east-1.amazonaws.com/family_datasets/Vehicles_and_Flight_Systems/Motorcycle/Natural/10.png","https://tactileeval.s3.us-east-1.amazonaws.com/family_datasets/Vehicles_and_Flight_Systems/Motorcycle/Tactile/10.jpeg","","[{""question1"":{""all_correct"":false,""extra_parts"":true,""missing_parts"":false,""wrong_location"":true},""question10"":{""all_correct"":false,""extra_parts"":true,""missing_parts"":false,""wrong_location"":false},""question2"":{""all_correct"":false,""extra_parts"":true,""missing_parts"":false,""wrong_location"":true},""question3"":{""all_correct"":false,""extra_parts"":true,""missing_parts"":false,""wrong_location"":false},""question4"":{""all_correct"":false,""extra_parts"":true,""missing_parts"":false,""wrong_location"":true},""question5"":{""all_correct"":false,""extra_parts"":true,""missing_parts"":false,""wrong_location"":false},""question6"":{""all_correct"":false,""extra_parts"":true,""missing_parts"":false,""wrong_location"":false},""question7"":{""all_correct"":false,""extra_parts"":true,""missing_parts"":false,""wrong_location"":false},""question8"":{""all_correct"":false,""extra_parts"":true,""missing_parts"":false,""wrong_location"":false},""question9"":{""all_correct"":false,""extra_parts"":true,""missing_parts"":false,""wrong_location"":false}}]"
"3KG2UQJ0NB2T738ZB4GKJYWUBB1QN0","3U20ZGNLAG0U51KQK3YR7IVUILJD7F","Judge if an objects line-art has missing elements (10 pairs)","Review 10  line-arts and judge if it has/hasn't missing or extra content. (10 pairs)","tactile, image review, accessibility, vehicles","$0.08","Sat Apr 18 07:37:37 PDT 2026","9","BatchId:5385913;OriginalHitTemplateId:928390873;","1800","1296000","Sat Apr 25 07:37:37 PDT 2026","","","38SKSKU7SUBSOPFOCL0XLOXCJ9IILI","A11RQ0K5GQ3NJG","Rejected","Sat Apr 18 10:29:52 PDT 2026","Sat Apr 18 10:32:48 PDT 2026","Sun May 03 10:32:48 PDT 2026","","Sat Apr 18 20:04:22 PDT 2026","Thank you for your time. Unfortunately this submission did not pass the embedded gold-standard checks; this task requires very careful attention to detail.","176","39% (12/31)","39% (12/31)","39% (12/31)","Motorcycle","https://tactileeval.s3.us-east-1.amazonaws.com/family_datasets/Vehicles_and_Flight_Systems/Motorcycle/Natural/1.png","https://tactileeval.s3.us-east-1.amazonaws.com/family_datasets/Vehicles_and_Flight_Systems/Motorcycle/Tactile/1.jpeg","","Motorcycle","https://tactileeval.s3.us-east-1.amazonaws.com/family_datasets/Vehicles_and_Flight_Systems/Motorcycle/Natural/2.png","https://tactileeval.s3.us-east-1.amazonaws.com/family_datasets/Vehicles_and_Flight_Systems/Motorcycle/Tactile/2.jpeg","","Motorcycle","https://tactileeval.s3.us-east-1.amazonaws.com/family_datasets/Vehicles_and_Flight_Systems/Motorcycle/Natural/3.png","https://tactileeval.s3.us-east-1.amazonaws.com/family_datasets/Vehicles_and_Flight_Systems/Motorcycle/Tactile/3.jpeg","","Motorcycle","https://tactileeval.s3.us-east-1.amazonaws.com/family_datasets/Vehicles_and_Flight_Systems/Motorcycle/Natural/4.png","https://tactileeval.s3.us-east-1.amazonaws.com/family_datasets/Vehicles_and_Flight_Systems/Motorcycle/Tactile/4.jpeg","","Motorcycle","https://tactileeval.s3.us-east-1.amazonaws.com/family_datasets/Vehicles_and_Flight_Systems/Motorcycle/Natural/5.png","https://tactileeval.s3.us-east-1.amazonaws.com/family_datasets/Vehicles_and_Flight_Systems/Motorcycle/Tactile/5.jpeg","","Motorcycle","https://tactileeval.s3.us-east-1.amazonaws.com/family_datasets/Vehicles_and_Flight_Systems/Motorcycle/Natural/6.png","https://tactileeval.s3.us-east-1.amazonaws.com/family_datasets/Vehicles_and_Flight_Systems/Motorcycle/Tactile/6.jpeg","","Motorcycle","https://tactileeval.s3.us-east-1.amazonaws.com/family_datasets/Vehicles_and_Flight_Systems/Motorcycle/Natural/7.jpg","https://tactileeval.s3.us-east-1.amazonaws.com/family_datasets/Vehicles_and_Flight_Systems/Motorcycle/Tactile/7.jpeg","","Motorcycle","https://tactileeval.s3.us-east-1.amazonaws.com/family_datasets/Vehicles_and_Flight_Systems/Motorcycle/Natural/8.png","https://tactileeval.s3.us-east-1.amazonaws.com/family_datasets/Vehicles_and_Flight_Systems/Motorcycle/Tactile/8.jpg","","Motorcycle","https://tactileeval.s3.us-east-1.amazonaws.com/family_datasets/Vehicles_and_Flight_Systems/Motorcycle/Natural/9.png","https://tactileeval.s3.us-east-1.amazonaws.com/family_datasets/Vehicles_and_Flight_Systems/Motorcycle/Tactile/9.jpg","","Motorcycle","https://tactileeval.s3.us-east-1.amazonaws.com/family_datasets/Vehicles_and_Flight_Systems/Motorcycle/Natural/10.png","https://tactileeval.s3.us-east-1.amazonaws.com/family_datasets/Vehicles_and_Flight_Systems/Motorcycle/Tactile/10.jpeg","","[{""question1"":{""all_correct"":true,""extra_parts"":false,""missing_parts"":false,""wrong_location"":false},""question10"":{""all_correct"":false,""extra_parts"":false,""missing_parts"":true,""wrong_location"":false},""question2"":{""all_correct"":false,""extra_parts"":false,""missing_parts"":true,""wrong_location"":false},""question3"":{""all_correct"":true,""extra_parts"":false,""missing_parts"":false,""wrong_location"":false},""question4"":{""all_correct"":true,""extra_parts"":false,""missing_parts"":false,""wrong_location"":false},""question5"":{""all_correct"":true,""extra_parts"":false,""missing_parts"":false,""wrong_location"":false},""question6"":{""all_correct"":true,""extra_parts"":false,""missing_parts"":false,""wrong_location"":false},""question7"":{""all_correct"":true,""extra_parts"":false,""missing_parts"":false,""wrong_location"":false},""question8"":{""all_correct"":false,""extra_parts"":false,""missing_parts"":false,""wrong_location"":true},""question9"":{""all_correct"":true,""extra_parts"":false,""missing_parts"":false,""wrong_location"":false}}]"
"3KG2UQJ0NB2T738ZB4GKJYWUBB1QN0","3U20ZGNLAG0U51KQK3YR7IVUILJD7F","Judge if an objects line-art has missing elements (10 pairs)","Review 10  line-arts and judge if it has/hasn't missing or extra content. (10 pairs)","tactile, image review, accessibility, vehicles","$0.08","Sat Apr 18 07:37:37 PDT 2026","9","BatchId:5385913;OriginalHitTemplateId:928390873;","1800","1296000","Sat Apr 25 07:37:37 PDT 2026","","","3ZV9H2YQR6LT9G94VW0CQTC3YYOW3O","ASBG43I93VS4A","Rejected","Sat Apr 18 10:29:57 PDT 2026","Sat Apr 18 10:41:33 PDT 2026","Sun May 03 10:41:33 PDT 2026","","Sat Apr 18 20:04:21 PDT 2026","Thank you for your time. Unfortunately this submission did not pass the embedded gold-standard checks; this task requires very careful attention to detail.","696","27% (8/30)","27% (8/30)","27% (8/30)","Motorcycle","https://tactileeval.s3.us-east-1.amazonaws.com/family_datasets/Vehicles_and_Flight_Systems/Motorcycle/Natural/1.png","https://tactileeval.s3.us-east-1.amazonaws.com/family_datasets/Vehicles_and_Flight_Systems/Motorcycle/Tactile/1.jpeg","","Motorcycle","https://tactileeval.s3.us-east-1.amazonaws.com/family_datasets/Vehicles_and_Flight_Systems/Motorcycle/Natural/2.png","https://tactileeval.s3.us-east-1.amazonaws.com/family_datasets/Vehicles_and_Flight_Systems/Motorcycle/Tactile/2.jpeg","","Motorcycle","https://tactileeval.s3.us-east-1.amazonaws.com/family_datasets/Vehicles_and_Flight_Systems/Motorcycle/Natural/3.png","https://tactileeval.s3.us-east-1.amazonaws.com/family_datasets/Vehicles_and_Flight_Systems/Motorcycle/Tactile/3.jpeg","","Motorcycle","https://tactileeval.s3.us-east-1.amazonaws.com/family_datasets/Vehicles_and_Flight_Systems/Motorcycle/Natural/4.png","https://tactileeval.s3.us-east-1.amazonaws.com/family_datasets/Vehicles_and_Flight_Systems/Motorcycle/Tactile/4.jpeg","","Motorcycle","https://tactileeval.s3.us-east-1.amazonaws.com/family_datasets/Vehicles_and_Flight_Systems/Motorcycle/Natural/5.png","https://tactileeval.s3.us-east-1.amazonaws.com/family_datasets/Vehicles_and_Flight_Systems/Motorcycle/Tactile/5.jpeg","","Motorcycle","https://tactileeval.s3.us-east-1.amazonaws.com/family_datasets/Vehicles_and_Flight_Systems/Motorcycle/Natural/6.png","https://tactileeval.s3.us-east-1.amazonaws.com/family_datasets/Vehicles_and_Flight_Systems/Motorcycle/Tactile/6.jpeg","","Motorcycle","https://tactileeval.s3.us-east-1.amazonaws.com/family_datasets/Vehicles_and_Flight_Systems/Motorcycle/Natural/7.jpg","https://tactileeval.s3.us-east-1.amazonaws.com/family_datasets/Vehicles_and_Flight_Systems/Motorcycle/Tactile/7.jpeg","","Motorcycle","https://tactileeval.s3.us-east-1.amazonaws.com/family_datasets/Vehicles_and_Flight_Systems/Motorcycle/Natural/8.png","https://tactileeval.s3.us-east-1.amazonaws.com/family_datasets/Vehicles_and_Flight_Systems/Motorcycle/Tactile/8.jpg","","Motorcycle","https://tactileeval.s3.us-east-1.amazonaws.com/family_datasets/Vehicles_and_Flight_Systems/Motorcycle/Natural/9.png","https://tactileeval.s3.us-east-1.amazonaws.com/family_datasets/Vehicles_and_Flight_Systems/Motorcycle/Tactile/9.jpg","","Motorcycle","https://tactileeval.s3.us-east-1.amazonaws.com/family_datasets/Vehicles_and_Flight_Systems/Motorcycle/Natural/10.png","https://tactileeval.s3.us-east-1.amazonaws.com/family_datasets/Vehicles_and_Flight_Systems/Motorcycle/Tactile/10.jpeg","","[{""question1"":{""all_correct"":false,""extra_parts"":false,""missing_parts"":true,""wrong_location"":false},""question10"":{""all_correct"":false,""extra_parts"":false,""missing_parts"":true,""wrong_location"":false},""question2"":{""all_correct"":false,""extra_parts"":false,""missing_parts"":true,""wrong_location"":false},""question3"":{""all_correct"":true,""extra_parts"":false,""missing_parts"":false,""wrong_location"":false},""question4"":{""all_correct"":true,""extra_parts"":false,""missing_parts"":false,""wrong_location"":false},""question5"":{""all_correct"":false,""extra_parts"":false,""missing_parts"":true,""wrong_location"":false},""question6"":{""all_correct"":false,""extra_parts"":false,""missing_parts"":true,""wrong_location"":false},""question7"":{""all_correct"":true,""extra_parts"":false,""missing_parts"":false,""wrong_location"":false},""question8"":{""all_correct"":false,""extra_parts"":false,""missing_parts"":true,""wrong_location"":false},""question9"":{""all_correct"":false,""extra_parts"":false,""missing_parts"":true,""wrong_location"":false}}]"
"3KG2UQJ0NB2T738ZB4GKJYWUBB1QN0","3U20ZGNLAG0U51KQK3YR7IVUILJD7F","Judge if an objects line-art has missing elements (10 pairs)","Review 10  line-arts and judge if it has/hasn't missing or extra content. (10 pairs)","tactile, image review, accessibility, vehicles","$0.08","Sat Apr 18 07:37:37 PDT 2026","9","BatchId:5385913;OriginalHitTemplateId:928390873;","1800","1296000","Sat Apr 25 07:37:37 PDT 2026","","","3DPNQGW4METGXXD24SSR245WOWS46H","AM6XJQNLFEV4J","Rejected","Sat Apr 18 10:30:09 PDT 2026","Sat Apr 18 10:50:36 PDT 2026","Sun May 03 10:50:36 PDT 2026","","Sat Apr 18 20:04:22 PDT 2026","Thank you for your time. Unfortunately this submission did not pass the embedded gold-standard checks; this task requires very careful attention to detail.","1227","59% (19/32)","59% (19/32)","59% (19/32)","Motorcycle","https://tactileeval.s3.us-east-1.amazonaws.com/family_datasets/Vehicles_and_Flight_Systems/Motorcycle/Natural/1.png","https://tactileeval.s3.us-east-1.amazonaws.com/family_datasets/Vehicles_and_Flight_Systems/Motorcycle/Tactile/1.jpeg","","Motorcycle","https://tactileeval.s3.us-east-1.amazonaws.com/family_datasets/Vehicles_and_Flight_Systems/Motorcycle/Natural/2.png","https://tactileeval.s3.us-east-1.amazonaws.com/family_datasets/Vehicles_and_Flight_Systems/Motorcycle/Tactile/2.jpeg","","Motorcycle","https://tactileeval.s3.us-east-1.amazonaws.com/family_datasets/Vehicles_and_Flight_Systems/Motorcycle/Natural/3.png","https://tactileeval.s3.us-east-1.amazonaws.com/family_datasets/Vehicles_and_Flight_Systems/Motorcycle/Tactile/3.jpeg","","Motorcycle","https://tactileeval.s3.us-east-1.amazonaws.com/family_datasets/Vehicles_and_Flight_Systems/Motorcycle/Natural/4.png","https://tactileeval.s3.us-east-1.amazonaws.com/family_datasets/Vehicles_and_Flight_Systems/Motorcycle/Tactile/4.jpeg","","Motorcycle","https://tactileeval.s3.us-east-1.amazonaws.com/family_datasets/Vehicles_and_Flight_Systems/Motorcycle/Natural/5.png","https://tactileeval.s3.us-east-1.amazonaws.com/family_datasets/Vehicles_and_Flight_Systems/Motorcycle/Tactile/5.jpeg","","Motorcycle","https://tactileeval.s3.us-east-1.amazonaws.com/family_datasets/Vehicles_and_Flight_Systems/Motorcycle/Natural/6.png","https://tactileeval.s3.us-east-1.amazonaws.com/family_datasets/Vehicles_and_Flight_Systems/Motorcycle/Tactile/6.jpeg","","Motorcycle","https://tactileeval.s3.us-east-1.amazonaws.com/family_datasets/Vehicles_and_Flight_Systems/Motorcycle/Natural/7.jpg","https://tactileeval.s3.us-east-1.amazonaws.com/family_datasets/Vehicles_and_Flight_Systems/Motorcycle/Tactile/7.jpeg","","Motorcycle","https://tactileeval.s3.us-east-1.amazonaws.com/family_datasets/Vehicles_and_Flight_Systems/Motorcycle/Natural/8.png","https://tactileeval.s3.us-east-1.amazonaws.com/family_datasets/Vehicles_and_Flight_Systems/Motorcycle/Tactile/8.jpg","","Motorcycle","https://tactileeval.s3.us-east-1.amazonaws.com/family_datasets/Vehicles_and_Flight_Systems/Motorcycle/Natural/9.png","https://tactileeval.s3.us-east-1.amazonaws.com/family_datasets/Vehicles_and_Flight_Systems/Motorcycle/Tactile/9.jpg","","Motorcycle","https://tactileeval.s3.us-east-1.amazonaws.com/family_datasets/Vehicles_and_Flight_Systems/Motorcycle/Natural/10.png","https://tactileeval.s3.us-east-1.amazonaws.com/family_datasets/Vehicles_and_Flight_Systems/Motorcycle/Tactile/10.jpeg","","[{""question1"":{""all_correct"":true,""extra_parts"":false,""missing_parts"":false,""wrong_location"":false},""question10"":{""all_correct"":false,""extra_parts"":true,""missing_parts"":true,""wrong_location"":false},""question2"":{""all_correct"":false,""extra_parts"":true,""missing_parts"":true,""wrong_location"":false},""question3"":{""all_correct"":false,""extra_parts"":true,""missing_parts"":true,""wrong_location"":false},""question4"":{""all_correct"":false,""extra_parts"":true,""missing_parts"":true,""wrong_location"":false},""question5"":{""all_correct"":false,""extra_parts"":true,""missing_parts"":true,""wrong_location"":false},""question6"":{""all_correct"":true,""extra_parts"":false,""missing_parts"":false,""wrong_location"":false},""question7"":{""all_correct"":false,""extra_parts"":true,""missing_parts"":true,""wrong_location"":false},""question8"":{""all_correct"":false,""extra_parts"":true,""missing_parts"":true,""wrong_location"":false},""question9"":{""all_correct"":false,""extra_parts"":true,""missing_parts"":true,""wrong_location"":false}}]"
"3KG2UQJ0NB2T738ZB4GKJYWUBB1QN0","3U20ZGNLAG0U51KQK3YR7IVUILJD7F","Judge if an objects line-art has missing elements (10 pairs)","Review 10  line-arts and judge if it has/hasn't missing or extra content. (10 pairs)","tactile, image review, accessibility, vehicles","$0.08","Sat Apr 18 07:37:37 PDT 2026","9","BatchId:5385913;OriginalHitTemplateId:928390873;","1800","1296000","Sat Apr 25 07:37:37 PDT 2026","","","32M8BPYGBM0C2X1N1U3H8WS4NSWGIA","A12VYCG9CMKAFA","Rejected","Sat Apr 18 10:30:22 PDT 2026","Sat Apr 18 10:56:25 PDT 2026","Sun May 03 10:56:25 PDT 2026","","Sat Apr 18 20:04:22 PDT 2026","Thank you for your time. Unfortunately this submission did not pass the embedded gold-standard checks; this task requires very careful attention to detail.","1563","26% (7/27)","26% (7/27)","26% (7/27)","Motorcycle","https://tactileeval.s3.us-east-1.amazonaws.com/family_datasets/Vehicles_and_Flight_Systems/Motorcycle/Natural/1.png","https://tactileeval.s3.us-east-1.amazonaws.com/family_datasets/Vehicles_and_Flight_Systems/Motorcycle/Tactile/1.jpeg","","Motorcycle","https://tactileeval.s3.us-east-1.amazonaws.com/family_datasets/Vehicles_and_Flight_Systems/Motorcycle/Natural/2.png","https://tactileeval.s3.us-east-1.amazonaws.com/family_datasets/Vehicles_and_Flight_Systems/Motorcycle/Tactile/2.jpeg","","Motorcycle","https://tactileeval.s3.us-east-1.amazonaws.com/family_datasets/Vehicles_and_Flight_Systems/Motorcycle/Natural/3.png","https://tactileeval.s3.us-east-1.amazonaws.com/family_datasets/Vehicles_and_Flight_Systems/Motorcycle/Tactile/3.jpeg","","Motorcycle","https://tactileeval.s3.us-east-1.amazonaws.com/family_datasets/Vehicles_and_Flight_Systems/Motorcycle/Natural/4.png","https://tactileeval.s3.us-east-1.amazonaws.com/family_datasets/Vehicles_and_Flight_Systems/Motorcycle/Tactile/4.jpeg","","Motorcycle","https://tactileeval.s3.us-east-1.amazonaws.com/family_datasets/Vehicles_and_Flight_Systems/Motorcycle/Natural/5.png","https://tactileeval.s3.us-east-1.amazonaws.com/family_datasets/Vehicles_and_Flight_Systems/Motorcycle/Tactile/5.jpeg","","Motorcycle","https://tactileeval.s3.us-east-1.amazonaws.com/family_datasets/Vehicles_and_Flight_Systems/Motorcycle/Natural/6.png","https://tactileeval.s3.us-east-1.amazonaws.com/family_datasets/Vehicles_and_Flight_Systems/Motorcycle/Tactile/6.jpeg","","Motorcycle","https://tactileeval.s3.us-east-1.amazonaws.com/family_datasets/Vehicles_and_Flight_Systems/Motorcycle/Natural/7.jpg","https://tactileeval.s3.us-east-1.amazonaws.com/family_datasets/Vehicles_and_Flight_Systems/Motorcycle/Tactile/7.jpeg","","Motorcycle","https://tactileeval.s3.us-east-1.amazonaws.com/family_datasets/Vehicles_and_Flight_Systems/Motorcycle/Natural/8.png","https://tactileeval.s3.us-east-1.amazonaws.com/family_datasets/Vehicles_and_Flight_Systems/Motorcycle/Tactile/8.jpg","","Motorcycle","https://tactileeval.s3.us-east-1.amazonaws.com/family_datasets/Vehicles_and_Flight_Systems/Motorcycle/Natural/9.png","https://tactileeval.s3.us-east-1.amazonaws.com/family_datasets/Vehicles_and_Flight_Systems/Motorcycle/Tactile/9.jpg","","Motorcycle","https://tactileeval.s3.us-east-1.amazonaws.com/family_datasets/Vehicles_and_Flight_Systems/Motorcycle/Natural/10.png","https://tactileeval.s3.us-east-1.amazonaws.com/family_datasets/Vehicles_and_Flight_Systems/Motorcycle/Tactile/10.jpeg","","[{""question1"":{""all_correct"":false,""extra_parts"":true,""missing_parts"":false,""wrong_location"":false},""question10"":{""all_correct"":false,""extra_parts"":false,""missing_parts"":true,""wrong_location"":false},""question2"":{""all_correct"":false,""extra_parts"":false,""missing_parts"":true,""wrong_location"":false},""question3"":{""all_correct"":false,""extra_parts"":false,""missing_parts"":true,""wrong_location"":false},""question4"":{""all_correct"":false,""extra_parts"":true,""missing_parts"":false,""wrong_location"":false},""question5"":{""all_correct"":true,""extra_parts"":false,""missing_parts"":false,""wrong_location"":false},""question6"":{""all_correct"":false,""extra_parts"":true,""missing_parts"":false,""wrong_location"":false},""question7"":{""all_correct"":false,""extra_parts"":true,""missing_parts"":false,""wrong_location"":false},""question8"":{""all_correct"":false,""extra_parts"":true,""missing_parts"":false,""wrong_location"":false},""question9"":{""all_correct"":false,""extra_parts"":true,""missing_parts"":false,""wrong_location"":false}}]"
"3KG2UQJ0NB2T738ZB4GKJYWUBB1QN0","3U20ZGNLAG0U51KQK3YR7IVUILJD7F","Judge if an objects line-art has missing elements (10 pairs)","Review 10  line-arts and judge if it has/hasn't missing or extra content. (10 pairs)","tactile, image review, accessibility, vehicles","$0.08","Sat Apr 18 07:37:37 PDT 2026","9","BatchId:5385913;OriginalHitTemplateId:928390873;","1800","1296000","Sat Apr 25 07:37:37 PDT 2026","","","3M1CVSFP7TJO94C3S2GGLC8NG73QAE","A3O5ICTUN0AMMI","Rejected","Sat Apr 18 11:01:37 PDT 2026","Sat Apr 18 11:11:27 PDT 2026","Sun May 03 11:11:27 PDT 2026","","Sat Apr 18 20:04:22 PDT 2026","Thank you for your time. Unfortunately this submission did not pass the embedded gold-standard checks; this task requires very careful attention to detail.","590","50% (8/16)","50% (8/16)","50% (8/16)","Motorcycle","https://tactileeval.s3.us-east-1.amazonaws.com/family_datasets/Vehicles_and_Flight_Systems/Motorcycle/Natural/1.png","https://tactileeval.s3.us-east-1.amazonaws.com/family_datasets/Vehicles_and_Flight_Systems/Motorcycle/Tactile/1.jpeg","","Motorcycle","https://tactileeval.s3.us-east-1.amazonaws.com/family_datasets/Vehicles_and_Flight_Systems/Motorcycle/Natural/2.png","https://tactileeval.s3.us-east-1.amazonaws.com/family_datasets/Vehicles_and_Flight_Systems/Motorcycle/Tactile/2.jpeg","","Motorcycle","https://tactileeval.s3.us-east-1.amazonaws.com/family_datasets/Vehicles_and_Flight_Systems/Motorcycle/Natural/3.png","https://tactileeval.s3.us-east-1.amazonaws.com/family_datasets/Vehicles_and_Flight_Systems/Motorcycle/Tactile/3.jpeg","","Motorcycle","https://tactileeval.s3.us-east-1.amazonaws.com/family_datasets/Vehicles_and_Flight_Systems/Motorcycle/Natural/4.png","https://tactileeval.s3.us-east-1.amazonaws.com/family_datasets/Vehicles_and_Flight_Systems/Motorcycle/Tactile/4.jpeg","","Motorcycle","https://tactileeval.s3.us-east-1.amazonaws.com/family_datasets/Vehicles_and_Flight_Systems/Motorcycle/Natural/5.png","https://tactileeval.s3.us-east-1.amazonaws.com/family_datasets/Vehicles_and_Flight_Systems/Motorcycle/Tactile/5.jpeg","","Motorcycle","https://tactileeval.s3.us-east-1.amazonaws.com/family_datasets/Vehicles_and_Flight_Systems/Motorcycle/Natural/6.png","https://tactileeval.s3.us-east-1.amazonaws.com/family_datasets/Vehicles_and_Flight_Systems/Motorcycle/Tactile/6.jpeg","","Motorcycle","https://tactileeval.s3.us-east-1.amazonaws.com/family_datasets/Vehicles_and_Flight_Systems/Motorcycle/Natural/7.jpg","https://tactileeval.s3.us-east-1.amazonaws.com/family_datasets/Vehicles_and_Flight_Systems/Motorcycle/Tactile/7.jpeg","","Motorcycle","https://tactileeval.s3.us-east-1.amazonaws.com/family_datasets/Vehicles_and_Flight_Systems/Motorcycle/Natural/8.png","https://tactileeval.s3.us-east-1.amazonaws.com/family_datasets/Vehicles_and_Flight_Systems/Motorcycle/Tactile/8.jpg","","Motorcycle","https://tactileeval.s3.us-east-1.amazonaws.com/family_datasets/Vehicles_and_Flight_Systems/Motorcycle/Natural/9.png","https://tactileeval.s3.us-east-1.amazonaws.com/family_datasets/Vehicles_and_Flight_Systems/Motorcycle/Tactile/9.jpg","","Motorcycle","https://tactileeval.s3.us-east-1.amazonaws.com/family_datasets/Vehicles_and_Flight_Systems/Motorcycle/Natural/10.png","https://tactileeval.s3.us-east-1.amazonaws.com/family_datasets/Vehicles_and_Flight_Systems/Motorcycle/Tactile/10.jpeg","","[{""question1"":{""all_correct"":true,""extra_parts"":false,""missing_parts"":false,""wrong_location"":false},""question10"":{""all_correct"":false,""extra_parts"":true,""missing_parts"":false,""wrong_location"":false},""question2"":{""all_correct"":true,""extra_parts"":false,""missing_parts"":false,""wrong_location"":false},""question3"":{""all_correct"":true,""extra_parts"":false,""missing_parts"":false,""wrong_location"":false},""question4"":{""all_correct"":true,""extra_parts"":false,""missing_parts"":false,""wrong_location"":false},""question5"":{""all_correct"":false,""extra_parts"":true,""missing_parts"":false,""wrong_location"":false},""question6"":{""all_correct"":false,""extra_parts"":false,""missing_parts"":true,""wrong_location"":false},""question7"":{""all_correct"":false,""extra_parts"":false,""missing_parts"":true,""wrong_location"":false},""question8"":{""all_correct"":false,""extra_parts"":false,""missing_parts"":true,""wrong_location"":false},""question9"":{""all_correct"":false,""extra_parts"":true,""missing_parts"":false,""wrong_location"":false}}]"
"3KG2UQJ0NB2T738ZB4GKJYWUBB1QN0","3U20ZGNLAG0U51KQK3YR7IVUILJD7F","Judge if an objects line-art has missing elements (10 pairs)","Review 10  line-arts and judge if it has/hasn't missing or extra content. (10 pairs)","tactile, image review, accessibility, vehicles","$0.08","Sat Apr 18 07:37:37 PDT 2026","9","BatchId:5385913;OriginalHitTemplateId:928390873;","1800","1296000","Sat Apr 25 07:37:37 PDT 2026","","","3O6CYIULF6FD8AMNAGWDD223BBCUWY","A1N3QIWLGR6ZV6","Rejected","Sat Apr 18 11:01:46 PDT 2026","Sat Apr 18 11:14:39 PDT 2026","Sun May 03 11:14:39 PDT 2026","","Sat Apr 18 20:04:22 PDT 2026","Thank you for your time. Unfortunately this submission did not pass the embedded gold-standard checks; this task requires very careful attention to detail.","773","24% (9/38)","0% (0/29)","0% (0/29)","Motorcycle","https://tactileeval.s3.us-east-1.amazonaws.com/family_datasets/Vehicles_and_Flight_Systems/Motorcycle/Natural/1.png","https://tactileeval.s3.us-east-1.amazonaws.com/family_datasets/Vehicles_and_Flight_Systems/Motorcycle/Tactile/1.jpeg","","Motorcycle","https://tactileeval.s3.us-east-1.amazonaws.com/family_datasets/Vehicles_and_Flight_Systems/Motorcycle/Natural/2.png","https://tactileeval.s3.us-east-1.amazonaws.com/family_datasets/Vehicles_and_Flight_Systems/Motorcycle/Tactile/2.jpeg","","Motorcycle","https://tactileeval.s3.us-east-1.amazonaws.com/family_datasets/Vehicles_and_Flight_Systems/Motorcycle/Natural/3.png","https://tactileeval.s3.us-east-1.amazonaws.com/family_datasets/Vehicles_and_Flight_Systems/Motorcycle/Tactile/3.jpeg","","Motorcycle","https://tactileeval.s3.us-east-1.amazonaws.com/family_datasets/Vehicles_and_Flight_Systems/Motorcycle/Natural/4.png","https://tactileeval.s3.us-east-1.amazonaws.com/family_datasets/Vehicles_and_Flight_Systems/Motorcycle/Tactile/4.jpeg","","Motorcycle","https://tactileeval.s3.us-east-1.amazonaws.com/family_datasets/Vehicles_and_Flight_Systems/Motorcycle/Natural/5.png","https://tactileeval.s3.us-east-1.amazonaws.com/family_datasets/Vehicles_and_Flight_Systems/Motorcycle/Tactile/5.jpeg","","Motorcycle","https://tactileeval.s3.us-east-1.amazonaws.com/family_datasets/Vehicles_and_Flight_Systems/Motorcycle/Natural/6.png","https://tactileeval.s3.us-east-1.amazonaws.com/family_datasets/Vehicles_and_Flight_Systems/Motorcycle/Tactile/6.jpeg","","Motorcycle","https://tactileeval.s3.us-east-1.amazonaws.com/family_datasets/Vehicles_and_Flight_Systems/Motorcycle/Natural/7.jpg","https://tactileeval.s3.us-east-1.amazonaws.com/family_datasets/Vehicles_and_Flight_Systems/Motorcycle/Tactile/7.jpeg","","Motorcycle","https://tactileeval.s3.us-east-1.amazonaws.com/family_datasets/Vehicles_and_Flight_Systems/Motorcycle/Natural/8.png","https://tactileeval.s3.us-east-1.amazonaws.com/family_datasets/Vehicles_and_Flight_Systems/Motorcycle/Tactile/8.jpg","","Motorcycle","https://tactileeval.s3.us-east-1.amazonaws.com/family_datasets/Vehicles_and_Flight_Systems/Motorcycle/Natural/9.png","https://tactileeval.s3.us-east-1.amazonaws.com/family_datasets/Vehicles_and_Flight_Systems/Motorcycle/Tactile/9.jpg","","Motorcycle","https://tactileeval.s3.us-east-1.amazonaws.com/family_datasets/Vehicles_and_Flight_Systems/Motorcycle/Natural/10.png","https://tactileeval.s3.us-east-1.amazonaws.com/family_datasets/Vehicles_and_Flight_Systems/Motorcycle/Tactile/10.jpeg","","[{""question1"":{""all_correct"":false,""extra_parts"":false,""missing_parts"":true,""wrong_location"":false},""question10"":{""all_correct"":false,""extra_parts"":true,""missing_parts"":false,""wrong_location"":false},""question2"":{""all_correct"":false,""extra_parts"":false,""missing_parts"":false,""wrong_location"":true},""question3"":{""all_correct"":false,""extra_parts"":true,""missing_parts"":false,""wrong_location"":false},""question4"":{""all_correct"":false,""extra_parts"":false,""missing_parts"":true,""wrong_location"":false},""question5"":{""all_correct"":false,""extra_parts"":false,""missing_parts"":false,""wrong_location"":true},""question6"":{""all_correct"":false,""extra_parts"":true,""missing_parts"":false,""wrong_location"":false},""question7"":{""all_correct"":false,""extra_parts"":false,""missing_parts"":false,""wrong_location"":true},""question8"":{""all_correct"":false,""extra_parts"":true,""missing_parts"":false,""wrong_location"":false},""question9"":{""all_correct"":false,""extra_parts"":false,""missing_parts"":false,""wrong_location"":true}}]"
"3KG2UQJ0NB2T738ZB4GKJYWUBB1QN0","3U20ZGNLAG0U51KQK3YR7IVUILJD7F","Judge if an objects line-art has missing elements (10 pairs)","Review 10  line-arts and judge if it has/hasn't missing or extra content. (10 pairs)","tactile, image review, accessibility, vehicles","$0.08","Sat Apr 18 07:37:37 PDT 2026","9","BatchId:5385913;OriginalHitTemplateId:928390873;","1800","1296000","Sat Apr 25 07:37:37 PDT 2026","","","3QAVNHZ3FFIDI7WQ0X8K4Q9T62HALC","A2NZLZLLAZYXJX","Approved","Sat Apr 18 20:35:55 PDT 2026","Sat Apr 18 20:41:31 PDT 2026","Sun May 03 20:41:31 PDT 2026","Sun Apr 19 07:44:31 PDT 2026","","","336","68% (40/59)","68% (40/59)","68% (40/59)","Motorcycle","https://tactileeval.s3.us-east-1.amazonaws.com/family_datasets/Vehicles_and_Flight_Systems/Motorcycle/Natural/1.png","https://tactileeval.s3.us-east-1.amazonaws.com/family_datasets/Vehicles_and_Flight_Systems/Motorcycle/Tactile/1.jpeg","","Motorcycle","https://tactileeval.s3.us-east-1.amazonaws.com/family_datasets/Vehicles_and_Flight_Systems/Motorcycle/Natural/2.png","https://tactileeval.s3.us-east-1.amazonaws.com/family_datasets/Vehicles_and_Flight_Systems/Motorcycle/Tactile/2.jpeg","","Motorcycle","https://tactileeval.s3.us-east-1.amazonaws.com/family_datasets/Vehicles_and_Flight_Systems/Motorcycle/Natural/3.png","https://tactileeval.s3.us-east-1.amazonaws.com/family_datasets/Vehicles_and_Flight_Systems/Motorcycle/Tactile/3.jpeg","","Motorcycle","https://tactileeval.s3.us-east-1.amazonaws.com/family_datasets/Vehicles_and_Flight_Systems/Motorcycle/Natural/4.png","https://tactileeval.s3.us-east-1.amazonaws.com/family_datasets/Vehicles_and_Flight_Systems/Motorcycle/Tactile/4.jpeg","","Motorcycle","https://tactileeval.s3.us-east-1.amazonaws.com/family_datasets/Vehicles_and_Flight_Systems/Motorcycle/Natural/5.png","https://tactileeval.s3.us-east-1.amazonaws.com/family_datasets/Vehicles_and_Flight_Systems/Motorcycle/Tactile/5.jpeg","","Motorcycle","https://tactileeval.s3.us-east-1.amazonaws.com/family_datasets/Vehicles_and_Flight_Systems/Motorcycle/Natural/6.png","https://tactileeval.s3.us-east-1.amazonaws.com/family_datasets/Vehicles_and_Flight_Systems/Motorcycle/Tactile/6.jpeg","","Motorcycle","https://tactileeval.s3.us-east-1.amazonaws.com/family_datasets/Vehicles_and_Flight_Systems/Motorcycle/Natural/7.jpg","https://tactileeval.s3.us-east-1.amazonaws.com/family_datasets/Vehicles_and_Flight_Systems/Motorcycle/Tactile/7.jpeg","","Motorcycle","https://tactileeval.s3.us-east-1.amazonaws.com/family_datasets/Vehicles_and_Flight_Systems/Motorcycle/Natural/8.png","https://tactileeval.s3.us-east-1.amazonaws.com/family_datasets/Vehicles_and_Flight_Systems/Motorcycle/Tactile/8.jpg","","Motorcycle","https://tactileeval.s3.us-east-1.amazonaws.com/family_datasets/Vehicles_and_Flight_Systems/Motorcycle/Natural/9.png","https://tactileeval.s3.us-east-1.amazonaws.com/family_datasets/Vehicles_and_Flight_Systems/Motorcycle/Tactile/9.jpg","","Motorcycle","https://tactileeval.s3.us-east-1.amazonaws.com/family_datasets/Vehicles_and_Flight_Systems/Motorcycle/Natural/10.png","https://tactileeval.s3.us-east-1.amazonaws.com/family_datasets/Vehicles_and_Flight_Systems/Motorcycle/Tactile/10.jpeg","","[{""question1"":{""all_correct"":false,""extra_parts"":true,""missing_parts"":true,""wrong_location"":false},""question10"":{""all_correct"":false,""extra_parts"":false,""missing_parts"":true,""wrong_location"":false},""question2"":{""all_correct"":false,""extra_parts"":false,""missing_parts"":true,""wrong_location"":false},""question3"":{""all_correct"":false,""extra_parts"":false,""missing_parts"":true,""wrong_location"":false},""question4"":{""all_correct"":true,""extra_parts"":false,""missing_parts"":false,""wrong_location"":false},""question5"":{""all_correct"":false,""extra_parts"":true,""missing_parts"":false,""wrong_location"":false},""question6"":{""all_correct"":false,""extra_parts"":false,""missing_parts"":true,""wrong_location"":false},""question7"":{""all_correct"":true,""extra_parts"":false,""missing_parts"":false,""wrong_location"":false},""question8"":{""all_correct"":false,""extra_parts"":false,""missing_parts"":true,""wrong_location"":false},""question9"":{""all_correct"":true,""extra_parts"":false,""missing_parts"":false,""wrong_location"":false}}]"
"3KG2UQJ0NB2T738ZB4GKJYWUBB1QN0","3U20ZGNLAG0U51KQK3YR7IVUILJD7F","Judge if an objects line-art has missing elements (10 pairs)","Review 10  line-arts and judge if it has/hasn't missing or extra content. (10 pairs)","tactile, image review, accessibility, vehicles","$0.08","Sat Apr 18 07:37:37 PDT 2026","9","BatchId:5385913;OriginalHitTemplateId:928390873;","1800","1296000","Sat Apr 25 07:37:37 PDT 2026","","","3IRIK4HM43YJS1QHX7Y9L2HKGAN6CC","AM8EV600ZP69X","Approved","Sun Apr 19 00:37:45 PDT 2026","Sun Apr 19 00:46:24 PDT 2026","Mon May 04 00:46:24 PDT 2026","Sun Apr 19 07:44:31 PDT 2026","","","519","86% (32/37)","86% (32/37)","86% (32/37)","Motorcycle","https://tactileeval.s3.us-east-1.amazonaws.com/family_datasets/Vehicles_and_Flight_Systems/Motorcycle/Natural/1.png","https://tactileeval.s3.us-east-1.amazonaws.com/family_datasets/Vehicles_and_Flight_Systems/Motorcycle/Tactile/1.jpeg","","Motorcycle","https://tactileeval.s3.us-east-1.amazonaws.com/family_datasets/Vehicles_and_Flight_Systems/Motorcycle/Natural/2.png","https://tactileeval.s3.us-east-1.amazonaws.com/family_datasets/Vehicles_and_Flight_Systems/Motorcycle/Tactile/2.jpeg","","Motorcycle","https://tactileeval.s3.us-east-1.amazonaws.com/family_datasets/Vehicles_and_Flight_Systems/Motorcycle/Natural/3.png","https://tactileeval.s3.us-east-1.amazonaws.com/family_datasets/Vehicles_and_Flight_Systems/Motorcycle/Tactile/3.jpeg","","Motorcycle","https://tactileeval.s3.us-east-1.amazonaws.com/family_datasets/Vehicles_and_Flight_Systems/Motorcycle/Natural/4.png","https://tactileeval.s3.us-east-1.amazonaws.com/family_datasets/Vehicles_and_Flight_Systems/Motorcycle/Tactile/4.jpeg","","Motorcycle","https://tactileeval.s3.us-east-1.amazonaws.com/family_datasets/Vehicles_and_Flight_Systems/Motorcycle/Natural/5.png","https://tactileeval.s3.us-east-1.amazonaws.com/family_datasets/Vehicles_and_Flight_Systems/Motorcycle/Tactile/5.jpeg","","Motorcycle","https://tactileeval.s3.us-east-1.amazonaws.com/family_datasets/Vehicles_and_Flight_Systems/Motorcycle/Natural/6.png","https://tactileeval.s3.us-east-1.amazonaws.com/family_datasets/Vehicles_and_Flight_Systems/Motorcycle/Tactile/6.jpeg","","Motorcycle","https://tactileeval.s3.us-east-1.amazonaws.com/family_datasets/Vehicles_and_Flight_Systems/Motorcycle/Natural/7.jpg","https://tactileeval.s3.us-east-1.amazonaws.com/family_datasets/Vehicles_and_Flight_Systems/Motorcycle/Tactile/7.jpeg","","Motorcycle","https://tactileeval.s3.us-east-1.amazonaws.com/family_datasets/Vehicles_and_Flight_Systems/Motorcycle/Natural/8.png","https://tactileeval.s3.us-east-1.amazonaws.com/family_datasets/Vehicles_and_Flight_Systems/Motorcycle/Tactile/8.jpg","","Motorcycle","https://tactileeval.s3.us-east-1.amazonaws.com/family_datasets/Vehicles_and_Flight_Systems/Motorcycle/Natural/9.png","https://tactileeval.s3.us-east-1.amazonaws.com/family_datasets/Vehicles_and_Flight_Systems/Motorcycle/Tactile/9.jpg","","Motorcycle","https://tactileeval.s3.us-east-1.amazonaws.com/family_datasets/Vehicles_and_Flight_Systems/Motorcycle/Natural/10.png","https://tactileeval.s3.us-east-1.amazonaws.com/family_datasets/Vehicles_and_Flight_Systems/Motorcycle/Tactile/10.jpeg","","[{""question1"":{""all_correct"":false,""extra_parts"":false,""missing_parts"":true,""wrong_location"":false},""question10"":{""all_correct"":false,""extra_parts"":false,""missing_parts"":true,""wrong_location"":false},""question2"":{""all_correct"":false,""extra_parts"":true,""missing_parts"":false,""wrong_location"":false},""question3"":{""all_correct"":false,""extra_parts"":false,""missing_parts"":true,""wrong_location"":false},""question4"":{""all_correct"":false,""extra_parts"":false,""missing_parts"":true,""wrong_location"":false},""question5"":{""all_correct"":false,""extra_parts"":true,""missing_parts"":false,""wrong_location"":false},""question6"":{""all_correct"":false,""extra_parts"":false,""missing_parts"":true,""wrong_location"":false},""question7"":{""all_correct"":false,""extra_parts"":false,""missing_parts"":true,""wrong_location"":false},""question8"":{""all_correct"":false,""extra_parts"":true,""missing_parts"":false,""wrong_location"":false},""question9"":{""all_correct"":false,""extra_parts"":false,""missing_parts"":true,""wrong_location"":false}}]"
"38Z7YZ2SCVG1T2X8EO3SEQ0DPC7IQC","3U20ZGNLAG0U51KQK3YR7IVUILJD7F","Judge if an objects line-art has missing elements (10 pairs)","Review 10  line-arts and judge if it has/hasn't missing or extra content. (10 pairs)","tactile, image review, accessibility, vehicles","$0.08","Sat Apr 18 07:37:37 PDT 2026","7","BatchId:5385913;OriginalHitTemplateId:928390873;","1800","1296000","Sat Apr 25 07:37:37 PDT 2026","","","3WZ36BJEWWU6KU9NFKA7LS3GIW8BTT","A2JKGAWYEHJ18S","Approved","Sat Apr 18 09:14:58 PDT 2026","Sat Apr 18 09:26:55 PDT 2026","Sun May 03 09:26:55 PDT 2026","Sat Apr 18 20:04:22 PDT 2026","","","717","15% (3/20)","15% (3/20)","15% (3/20)","Motorcycle","https://tactileeval.s3.us-east-1.amazonaws.com/family_datasets/Vehicles_and_Flight_Systems/Motorcycle/Natural/11.png","https://tactileeval.s3.us-east-1.amazonaws.com/family_datasets/Vehicles_and_Flight_Systems/Motorcycle/Tactile/11.jpg","","Motorcycle","https://tactileeval.s3.us-east-1.amazonaws.com/family_datasets/Vehicles_and_Flight_Systems/Motorcycle/Natural/12.jpg","https://tactileeval.s3.us-east-1.amazonaws.com/family_datasets/Vehicles_and_Flight_Systems/Motorcycle/Tactile/12.jpg","","Motorcycle","https://tactileeval.s3.us-east-1.amazonaws.com/family_datasets/Vehicles_and_Flight_Systems/Motorcycle/Natural/13.png","https://tactileeval.s3.us-east-1.amazonaws.com/family_datasets/Vehicles_and_Flight_Systems/Motorcycle/Tactile/13.jpg","","Motorcycle","https://tactileeval.s3.us-east-1.amazonaws.com/family_datasets/Vehicles_and_Flight_Systems/Motorcycle/Natural/14.jpg","https://tactileeval.s3.us-east-1.amazonaws.com/family_datasets/Vehicles_and_Flight_Systems/Motorcycle/Tactile/14.jpg","","Rocket","https://tactileeval.s3.us-east-1.amazonaws.com/family_datasets/Vehicles_and_Flight_Systems/Rocket/Natural/1.jpg","https://tactileeval.s3.us-east-1.amazonaws.com/family_datasets/Vehicles_and_Flight_Systems/Rocket/Tactile/1.jpeg","","Rocket","https://tactileeval.s3.us-east-1.amazonaws.com/family_datasets/Vehicles_and_Flight_Systems/Rocket/Natural/2.jpg","https://tactileeval.s3.us-east-1.amazonaws.com/family_datasets/Vehicles_and_Flight_Systems/Rocket/Tactile/2.jpeg","","Rocket","https://tactileeval.s3.us-east-1.amazonaws.com/family_datasets/Vehicles_and_Flight_Systems/Rocket/Natural/3.jpg","https://tactileeval.s3.us-east-1.amazonaws.com/family_datasets/Vehicles_and_Flight_Systems/Rocket/Tactile/3.jpeg","","Rocket","https://tactileeval.s3.us-east-1.amazonaws.com/family_datasets/Vehicles_and_Flight_Systems/Rocket/Natural/4.jpg","https://tactileeval.s3.us-east-1.amazonaws.com/family_datasets/Vehicles_and_Flight_Systems/Rocket/Tactile/4.jpeg","","Rocket","https://tactileeval.s3.us-east-1.amazonaws.com/family_datasets/Vehicles_and_Flight_Systems/Rocket/Natural/5.jpg","https://tactileeval.s3.us-east-1.amazonaws.com/family_datasets/Vehicles_and_Flight_Systems/Rocket/Tactile/5.jpeg","","Rocket","https://tactileeval.s3.us-east-1.amazonaws.com/family_datasets/Vehicles_and_Flight_Systems/Rocket/Natural/6.jpg","https://tactileeval.s3.us-east-1.amazonaws.com/family_datasets/Vehicles_and_Flight_Systems/Rocket/Tactile/6.png","","[{""question1"":{""all_correct"":false,""extra_parts"":true,""missing_parts"":false,""wrong_location"":false},""question10"":{""all_correct"":false,""extra_parts"":true,""missing_parts"":false,""wrong_location"":false},""question2"":{""all_correct"":false,""extra_parts"":false,""missing_parts"":false,""wrong_location"":true},""question3"":{""all_correct"":false,""extra_parts"":true,""missing_parts"":false,""wrong_location"":false},""question4"":{""all_correct"":false,""extra_parts"":true,""missing_parts"":false,""wrong_location"":false},""question5"":{""all_correct"":false,""extra_parts"":true,""missing_parts"":false,""wrong_location"":false},""question6"":{""all_correct"":false,""extra_parts"":false,""missing_parts"":true,""wrong_location"":false},""question7"":{""all_correct"":false,""extra_parts"":true,""missing_parts"":false,""wrong_location"":false},""question8"":{""all_correct"":false,""extra_parts"":false,""missing_parts"":true,""wrong_location"":false},""question9"":{""all_correct"":false,""extra_parts"":false,""missing_parts"":false,""wrong_location"":true}}]"
"38Z7YZ2SCVG1T2X8EO3SEQ0DPC7IQC","3U20ZGNLAG0U51KQK3YR7IVUILJD7F","Judge if an objects line-art has missing elements (10 pairs)","Review 10  line-arts and judge if it has/hasn't missing or extra content. (10 pairs)","tactile, image review, accessibility, vehicles","$0.08","Sat Apr 18 07:37:37 PDT 2026","7","BatchId:5385913;OriginalHitTemplateId:928390873;","1800","1296000","Sat Apr 25 07:37:37 PDT 2026","","","3GM6G9ZBLGB23LDK690GZ8EAUVNMT4","A2NZLZLLAZYXJX","Approved","Sat Apr 18 10:24:51 PDT 2026","Sat Apr 18 10:39:11 PDT 2026","Sun May 03 10:39:11 PDT 2026","Sat Apr 18 20:04:22 PDT 2026","","","860","68% (40/59)","68% (40/59)","68% (40/59)","Motorcycle","https://tactileeval.s3.us-east-1.amazonaws.com/family_datasets/Vehicles_and_Flight_Systems/Motorcycle/Natural/11.png","https://tactileeval.s3.us-east-1.amazonaws.com/family_datasets/Vehicles_and_Flight_Systems/Motorcycle/Tactile/11.jpg","","Motorcycle","https://tactileeval.s3.us-east-1.amazonaws.com/family_datasets/Vehicles_and_Flight_Systems/Motorcycle/Natural/12.jpg","https://tactileeval.s3.us-east-1.amazonaws.com/family_datasets/Vehicles_and_Flight_Systems/Motorcycle/Tactile/12.jpg","","Motorcycle","https://tactileeval.s3.us-east-1.amazonaws.com/family_datasets/Vehicles_and_Flight_Systems/Motorcycle/Natural/13.png","https://tactileeval.s3.us-east-1.amazonaws.com/family_datasets/Vehicles_and_Flight_Systems/Motorcycle/Tactile/13.jpg","","Motorcycle","https://tactileeval.s3.us-east-1.amazonaws.com/family_datasets/Vehicles_and_Flight_Systems/Motorcycle/Natural/14.jpg","https://tactileeval.s3.us-east-1.amazonaws.com/family_datasets/Vehicles_and_Flight_Systems/Motorcycle/Tactile/14.jpg","","Rocket","https://tactileeval.s3.us-east-1.amazonaws.com/family_datasets/Vehicles_and_Flight_Systems/Rocket/Natural/1.jpg","https://tactileeval.s3.us-east-1.amazonaws.com/family_datasets/Vehicles_and_Flight_Systems/Rocket/Tactile/1.jpeg","","Rocket","https://tactileeval.s3.us-east-1.amazonaws.com/family_datasets/Vehicles_and_Flight_Systems/Rocket/Natural/2.jpg","https://tactileeval.s3.us-east-1.amazonaws.com/family_datasets/Vehicles_and_Flight_Systems/Rocket/Tactile/2.jpeg","","Rocket","https://tactileeval.s3.us-east-1.amazonaws.com/family_datasets/Vehicles_and_Flight_Systems/Rocket/Natural/3.jpg","https://tactileeval.s3.us-east-1.amazonaws.com/family_datasets/Vehicles_and_Flight_Systems/Rocket/Tactile/3.jpeg","","Rocket","https://tactileeval.s3.us-east-1.amazonaws.com/family_datasets/Vehicles_and_Flight_Systems/Rocket/Natural/4.jpg","https://tactileeval.s3.us-east-1.amazonaws.com/family_datasets/Vehicles_and_Flight_Systems/Rocket/Tactile/4.jpeg","","Rocket","https://tactileeval.s3.us-east-1.amazonaws.com/family_datasets/Vehicles_and_Flight_Systems/Rocket/Natural/5.jpg","https://tactileeval.s3.us-east-1.amazonaws.com/family_datasets/Vehicles_and_Flight_Systems/Rocket/Tactile/5.jpeg","","Rocket","https://tactileeval.s3.us-east-1.amazonaws.com/family_datasets/Vehicles_and_Flight_Systems/Rocket/Natural/6.jpg","https://tactileeval.s3.us-east-1.amazonaws.com/family_datasets/Vehicles_and_Flight_Systems/Rocket/Tactile/6.png","","[{""question1"":{""all_correct"":false,""extra_parts"":false,""missing_parts"":true,""wrong_location"":false},""question10"":{""all_correct"":false,""extra_parts"":false,""missing_parts"":true,""wrong_location"":false},""question2"":{""all_correct"":false,""extra_parts"":false,""missing_parts"":true,""wrong_location"":false},""question3"":{""all_correct"":false,""extra_parts"":true,""missing_parts"":false,""wrong_location"":false},""question4"":{""all_correct"":false,""extra_parts"":false,""missing_parts"":true,""wrong_location"":false},""question5"":{""all_correct"":false,""extra_parts"":false,""missing_parts"":true,""wrong_location"":false},""question6"":{""all_correct"":false,""extra_parts"":false,""missing_parts"":true,""wrong_location"":false},""question7"":{""all_correct"":false,""extra_parts"":false,""missing_parts"":true,""wrong_location"":false},""question8"":{""all_correct"":false,""extra_parts"":false,""missing_parts"":true,""wrong_location"":false},""question9"":{""all_correct"":false,""extra_parts"":false,""missing_parts"":true,""wrong_location"":false}}]"
"38Z7YZ2SCVG1T2X8EO3SEQ0DPC7IQC","3U20ZGNLAG0U51KQK3YR7IVUILJD7F","Judge if an objects line-art has missing elements (10 pairs)","Review 10  line-arts and judge if it has/hasn't missing or extra content. (10 pairs)","tactile, image review, accessibility, vehicles","$0.08","Sat Apr 18 07:37:37 PDT 2026","7","BatchId:5385913;OriginalHitTemplateId:928390873;","1800","1296000","Sat Apr 25 07:37:37 PDT 2026","","","3ZR9AIQJV4NLJMRN23CAT3V5BT640G","A11RQ0K5GQ3NJG","Approved","Sat Apr 18 10:30:03 PDT 2026","Sat Apr 18 10:39:32 PDT 2026","Sun May 03 10:39:32 PDT 2026","Sat Apr 18 20:04:22 PDT 2026","","","569","39% (12/31)","39% (12/31)","39% (12/31)","Motorcycle","https://tactileeval.s3.us-east-1.amazonaws.com/family_datasets/Vehicles_and_Flight_Systems/Motorcycle/Natural/11.png","https://tactileeval.s3.us-east-1.amazonaws.com/family_datasets/Vehicles_and_Flight_Systems/Motorcycle/Tactile/11.jpg","","Motorcycle","https://tactileeval.s3.us-east-1.amazonaws.com/family_datasets/Vehicles_and_Flight_Systems/Motorcycle/Natural/12.jpg","https://tactileeval.s3.us-east-1.amazonaws.com/family_datasets/Vehicles_and_Flight_Systems/Motorcycle/Tactile/12.jpg","","Motorcycle","https://tactileeval.s3.us-east-1.amazonaws.com/family_datasets/Vehicles_and_Flight_Systems/Motorcycle/Natural/13.png","https://tactileeval.s3.us-east-1.amazonaws.com/family_datasets/Vehicles_and_Flight_Systems/Motorcycle/Tactile/13.jpg","","Motorcycle","https://tactileeval.s3.us-east-1.amazonaws.com/family_datasets/Vehicles_and_Flight_Systems/Motorcycle/Natural/14.jpg","https://tactileeval.s3.us-east-1.amazonaws.com/family_datasets/Vehicles_and_Flight_Systems/Motorcycle/Tactile/14.jpg","","Rocket","https://tactileeval.s3.us-east-1.amazonaws.com/family_datasets/Vehicles_and_Flight_Systems/Rocket/Natural/1.jpg","https://tactileeval.s3.us-east-1.amazonaws.com/family_datasets/Vehicles_and_Flight_Systems/Rocket/Tactile/1.jpeg","","Rocket","https://tactileeval.s3.us-east-1.amazonaws.com/family_datasets/Vehicles_and_Flight_Systems/Rocket/Natural/2.jpg","https://tactileeval.s3.us-east-1.amazonaws.com/family_datasets/Vehicles_and_Flight_Systems/Rocket/Tactile/2.jpeg","","Rocket","https://tactileeval.s3.us-east-1.amazonaws.com/family_datasets/Vehicles_and_Flight_Systems/Rocket/Natural/3.jpg","https://tactileeval.s3.us-east-1.amazonaws.com/family_datasets/Vehicles_and_Flight_Systems/Rocket/Tactile/3.jpeg","","Rocket","https://tactileeval.s3.us-east-1.amazonaws.com/family_datasets/Vehicles_and_Flight_Systems/Rocket/Natural/4.jpg","https://tactileeval.s3.us-east-1.amazonaws.com/family_datasets/Vehicles_and_Flight_Systems/Rocket/Tactile/4.jpeg","","Rocket","https://tactileeval.s3.us-east-1.amazonaws.com/family_datasets/Vehicles_and_Flight_Systems/Rocket/Natural/5.jpg","https://tactileeval.s3.us-east-1.amazonaws.com/family_datasets/Vehicles_and_Flight_Systems/Rocket/Tactile/5.jpeg","","Rocket","https://tactileeval.s3.us-east-1.amazonaws.com/family_datasets/Vehicles_and_Flight_Systems/Rocket/Natural/6.jpg","https://tactileeval.s3.us-east-1.amazonaws.com/family_datasets/Vehicles_and_Flight_Systems/Rocket/Tactile/6.png","","[{""question1"":{""all_correct"":false,""extra_parts"":false,""missing_parts"":true,""wrong_location"":false},""question10"":{""all_correct"":false,""extra_parts"":false,""missing_parts"":true,""wrong_location"":false},""question2"":{""all_correct"":false,""extra_parts"":false,""missing_parts"":true,""wrong_location"":false},""question3"":{""all_correct"":true,""extra_parts"":false,""missing_parts"":false,""wrong_location"":false},""question4"":{""all_correct"":false,""extra_parts"":false,""missing_parts"":true,""wrong_location"":false},""question5"":{""all_correct"":false,""extra_parts"":false,""missing_parts"":true,""wrong_location"":false},""question6"":{""all_correct"":false,""extra_parts"":false,""missing_parts"":true,""wrong_location"":false},""question7"":{""all_correct"":false,""extra_parts"":false,""missing_parts"":true,""wrong_location"":false},""question8"":{""all_correct"":false,""extra_parts"":false,""missing_parts"":true,""wrong_location"":false},""question9"":{""all_correct"":false,""extra_parts"":false,""missing_parts"":true,""wrong_location"":false}}]"
"38Z7YZ2SCVG1T2X8EO3SEQ0DPC7IQC","3U20ZGNLAG0U51KQK3YR7IVUILJD7F","Judge if an objects line-art has missing elements (10 pairs)","Review 10  line-arts and judge if it has/hasn't missing or extra content. (10 pairs)","tactile, image review, accessibility, vehicles","$0.08","Sat Apr 18 07:37:37 PDT 2026","7","BatchId:5385913;OriginalHitTemplateId:928390873;","1800","1296000","Sat Apr 25 07:37:37 PDT 2026","","","3R2PKQ87OPMCU7X9CX1CL1C1JE8IMK","ASBG43I93VS4A","Approved","Sat Apr 18 10:29:59 PDT 2026","Sat Apr 18 10:42:14 PDT 2026","Sun May 03 10:42:14 PDT 2026","Sat Apr 18 20:04:22 PDT 2026","","","735","27% (8/30)","27% (8/30)","27% (8/30)","Motorcycle","https://tactileeval.s3.us-east-1.amazonaws.com/family_datasets/Vehicles_and_Flight_Systems/Motorcycle/Natural/11.png","https://tactileeval.s3.us-east-1.amazonaws.com/family_datasets/Vehicles_and_Flight_Systems/Motorcycle/Tactile/11.jpg","","Motorcycle","https://tactileeval.s3.us-east-1.amazonaws.com/family_datasets/Vehicles_and_Flight_Systems/Motorcycle/Natural/12.jpg","https://tactileeval.s3.us-east-1.amazonaws.com/family_datasets/Vehicles_and_Flight_Systems/Motorcycle/Tactile/12.jpg","","Motorcycle","https://tactileeval.s3.us-east-1.amazonaws.com/family_datasets/Vehicles_and_Flight_Systems/Motorcycle/Natural/13.png","https://tactileeval.s3.us-east-1.amazonaws.com/family_datasets/Vehicles_and_Flight_Systems/Motorcycle/Tactile/13.jpg","","Motorcycle","https://tactileeval.s3.us-east-1.amazonaws.com/family_datasets/Vehicles_and_Flight_Systems/Motorcycle/Natural/14.jpg","https://tactileeval.s3.us-east-1.amazonaws.com/family_datasets/Vehicles_and_Flight_Systems/Motorcycle/Tactile/14.jpg","","Rocket","https://tactileeval.s3.us-east-1.amazonaws.com/family_datasets/Vehicles_and_Flight_Systems/Rocket/Natural/1.jpg","https://tactileeval.s3.us-east-1.amazonaws.com/family_datasets/Vehicles_and_Flight_Systems/Rocket/Tactile/1.jpeg","","Rocket","https://tactileeval.s3.us-east-1.amazonaws.com/family_datasets/Vehicles_and_Flight_Systems/Rocket/Natural/2.jpg","https://tactileeval.s3.us-east-1.amazonaws.com/family_datasets/Vehicles_and_Flight_Systems/Rocket/Tactile/2.jpeg","","Rocket","https://tactileeval.s3.us-east-1.amazonaws.com/family_datasets/Vehicles_and_Flight_Systems/Rocket/Natural/3.jpg","https://tactileeval.s3.us-east-1.amazonaws.com/family_datasets/Vehicles_and_Flight_Systems/Rocket/Tactile/3.jpeg","","Rocket","https://tactileeval.s3.us-east-1.amazonaws.com/family_datasets/Vehicles_and_Flight_Systems/Rocket/Natural/4.jpg","https://tactileeval.s3.us-east-1.amazonaws.com/family_datasets/Vehicles_and_Flight_Systems/Rocket/Tactile/4.jpeg","","Rocket","https://tactileeval.s3.us-east-1.amazonaws.com/family_datasets/Vehicles_and_Flight_Systems/Rocket/Natural/5.jpg","https://tactileeval.s3.us-east-1.amazonaws.com/family_datasets/Vehicles_and_Flight_Systems/Rocket/Tactile/5.jpeg","","Rocket","https://tactileeval.s3.us-east-1.amazonaws.com/family_datasets/Vehicles_and_Flight_Systems/Rocket/Natural/6.jpg","https://tactileeval.s3.us-east-1.amazonaws.com/family_datasets/Vehicles_and_Flight_Systems/Rocket/Tactile/6.png","","[{""question1"":{""all_correct"":false,""extra_parts"":true,""missing_parts"":false,""wrong_location"":false},""question10"":{""all_correct"":false,""extra_parts"":true,""missing_parts"":true,""wrong_location"":false},""question2"":{""all_correct"":false,""extra_parts"":true,""missing_parts"":true,""wrong_location"":false},""question3"":{""all_correct"":false,""extra_parts"":true,""missing_parts"":true,""wrong_location"":false},""question4"":{""all_correct"":false,""extra_parts"":true,""missing_parts"":true,""wrong_location"":false},""question5"":{""all_correct"":false,""extra_parts"":false,""missing_parts"":true,""wrong_location"":false},""question6"":{""all_correct"":false,""extra_parts"":true,""missing_parts"":true,""wrong_location"":false},""question7"":{""all_correct"":false,""extra_parts"":true,""missing_parts"":true,""wrong_location"":false},""question8"":{""all_correct"":false,""extra_parts"":true,""missing_parts"":true,""wrong_location"":false},""question9"":{""all_correct"":true,""extra_parts"":false,""missing_parts"":false,""wrong_location"":false}}]"
"38Z7YZ2SCVG1T2X8EO3SEQ0DPC7IQC","3U20ZGNLAG0U51KQK3YR7IVUILJD7F","Judge if an objects line-art has missing elements (10 pairs)","Review 10  line-arts and judge if it has/hasn't missing or extra content. (10 pairs)","tactile, image review, accessibility, vehicles","$0.08","Sat Apr 18 07:37:37 PDT 2026","7","BatchId:5385913;OriginalHitTemplateId:928390873;","1800","1296000","Sat Apr 25 07:37:37 PDT 2026","","","3IJXV6UZ2QX3RNA1H5XT706BP17IR8","AM6XJQNLFEV4J","Approved","Sat Apr 18 10:30:03 PDT 2026","Sat Apr 18 10:48:48 PDT 2026","Sun May 03 10:48:48 PDT 2026","Sat Apr 18 20:04:22 PDT 2026","","","1125","59% (19/32)","59% (19/32)","59% (19/32)","Motorcycle","https://tactileeval.s3.us-east-1.amazonaws.com/family_datasets/Vehicles_and_Flight_Systems/Motorcycle/Natural/11.png","https://tactileeval.s3.us-east-1.amazonaws.com/family_datasets/Vehicles_and_Flight_Systems/Motorcycle/Tactile/11.jpg","","Motorcycle","https://tactileeval.s3.us-east-1.amazonaws.com/family_datasets/Vehicles_and_Flight_Systems/Motorcycle/Natural/12.jpg","https://tactileeval.s3.us-east-1.amazonaws.com/family_datasets/Vehicles_and_Flight_Systems/Motorcycle/Tactile/12.jpg","","Motorcycle","https://tactileeval.s3.us-east-1.amazonaws.com/family_datasets/Vehicles_and_Flight_Systems/Motorcycle/Natural/13.png","https://tactileeval.s3.us-east-1.amazonaws.com/family_datasets/Vehicles_and_Flight_Systems/Motorcycle/Tactile/13.jpg","","Motorcycle","https://tactileeval.s3.us-east-1.amazonaws.com/family_datasets/Vehicles_and_Flight_Systems/Motorcycle/Natural/14.jpg","https://tactileeval.s3.us-east-1.amazonaws.com/family_datasets/Vehicles_and_Flight_Systems/Motorcycle/Tactile/14.jpg","","Rocket","https://tactileeval.s3.us-east-1.amazonaws.com/family_datasets/Vehicles_and_Flight_Systems/Rocket/Natural/1.jpg","https://tactileeval.s3.us-east-1.amazonaws.com/family_datasets/Vehicles_and_Flight_Systems/Rocket/Tactile/1.jpeg","","Rocket","https://tactileeval.s3.us-east-1.amazonaws.com/family_datasets/Vehicles_and_Flight_Systems/Rocket/Natural/2.jpg","https://tactileeval.s3.us-east-1.amazonaws.com/family_datasets/Vehicles_and_Flight_Systems/Rocket/Tactile/2.jpeg","","Rocket","https://tactileeval.s3.us-east-1.amazonaws.com/family_datasets/Vehicles_and_Flight_Systems/Rocket/Natural/3.jpg","https://tactileeval.s3.us-east-1.amazonaws.com/family_datasets/Vehicles_and_Flight_Systems/Rocket/Tactile/3.jpeg","","Rocket","https://tactileeval.s3.us-east-1.amazonaws.com/family_datasets/Vehicles_and_Flight_Systems/Rocket/Natural/4.jpg","https://tactileeval.s3.us-east-1.amazonaws.com/family_datasets/Vehicles_and_Flight_Systems/Rocket/Tactile/4.jpeg","","Rocket","https://tactileeval.s3.us-east-1.amazonaws.com/family_datasets/Vehicles_and_Flight_Systems/Rocket/Natural/5.jpg","https://tactileeval.s3.us-east-1.amazonaws.com/family_datasets/Vehicles_and_Flight_Systems/Rocket/Tactile/5.jpeg","","Rocket","https://tactileeval.s3.us-east-1.amazonaws.com/family_datasets/Vehicles_and_Flight_Systems/Rocket/Natural/6.jpg","https://tactileeval.s3.us-east-1.amazonaws.com/family_datasets/Vehicles_and_Flight_Systems/Rocket/Tactile/6.png","","[{""question1"":{""all_correct"":false,""extra_parts"":true,""missing_parts"":true,""wrong_location"":false},""question10"":{""all_correct"":false,""extra_parts"":true,""missing_parts"":true,""wrong_location"":false},""question2"":{""all_correct"":false,""extra_parts"":true,""missing_parts"":true,""wrong_location"":false},""question3"":{""all_correct"":true,""extra_parts"":false,""missing_parts"":false,""wrong_location"":false},""question4"":{""all_correct"":true,""extra_parts"":false,""missing_parts"":false,""wrong_location"":false},""question5"":{""all_correct"":false,""extra_parts"":true,""missing_parts"":true,""wrong_location"":false},""question6"":{""all_correct"":false,""extra_parts"":true,""missing_parts"":true,""wrong_location"":false},""question7"":{""all_correct"":false,""extra_parts"":true,""missing_parts"":true,""wrong_location"":false},""question8"":{""all_correct"":false,""extra_parts"":true,""missing_parts"":true,""wrong_location"":false},""question9"":{""all_correct"":false,""extra_parts"":true,""missing_parts"":true,""wrong_location"":false}}]"
"38Z7YZ2SCVG1T2X8EO3SEQ0DPC7IQC","3U20ZGNLAG0U51KQK3YR7IVUILJD7F","Judge if an objects line-art has missing elements (10 pairs)","Review 10  line-arts and judge if it has/hasn't missing or extra content. (10 pairs)","tactile, image review, accessibility, vehicles","$0.08","Sat Apr 18 07:37:37 PDT 2026","7","BatchId:5385913;OriginalHitTemplateId:928390873;","1800","1296000","Sat Apr 25 07:37:37 PDT 2026","","","3IQ1VMJRZMYIH5VHB05UZHIY67W9A8","A12VYCG9CMKAFA","Approved","Sat Apr 18 10:30:18 PDT 2026","Sat Apr 18 10:56:12 PDT 2026","Sun May 03 10:56:12 PDT 2026","Sat Apr 18 20:04:22 PDT 2026","","","1554","26% (7/27)","26% (7/27)","26% (7/27)","Motorcycle","https://tactileeval.s3.us-east-1.amazonaws.com/family_datasets/Vehicles_and_Flight_Systems/Motorcycle/Natural/11.png","https://tactileeval.s3.us-east-1.amazonaws.com/family_datasets/Vehicles_and_Flight_Systems/Motorcycle/Tactile/11.jpg","","Motorcycle","https://tactileeval.s3.us-east-1.amazonaws.com/family_datasets/Vehicles_and_Flight_Systems/Motorcycle/Natural/12.jpg","https://tactileeval.s3.us-east-1.amazonaws.com/family_datasets/Vehicles_and_Flight_Systems/Motorcycle/Tactile/12.jpg","","Motorcycle","https://tactileeval.s3.us-east-1.amazonaws.com/family_datasets/Vehicles_and_Flight_Systems/Motorcycle/Natural/13.png","https://tactileeval.s3.us-east-1.amazonaws.com/family_datasets/Vehicles_and_Flight_Systems/Motorcycle/Tactile/13.jpg","","Motorcycle","https://tactileeval.s3.us-east-1.amazonaws.com/family_datasets/Vehicles_and_Flight_Systems/Motorcycle/Natural/14.jpg","https://tactileeval.s3.us-east-1.amazonaws.com/family_datasets/Vehicles_and_Flight_Systems/Motorcycle/Tactile/14.jpg","","Rocket","https://tactileeval.s3.us-east-1.amazonaws.com/family_datasets/Vehicles_and_Flight_Systems/Rocket/Natural/1.jpg","https://tactileeval.s3.us-east-1.amazonaws.com/family_datasets/Vehicles_and_Flight_Systems/Rocket/Tactile/1.jpeg","","Rocket","https://tactileeval.s3.us-east-1.amazonaws.com/family_datasets/Vehicles_and_Flight_Systems/Rocket/Natural/2.jpg","https://tactileeval.s3.us-east-1.amazonaws.com/family_datasets/Vehicles_and_Flight_Systems/Rocket/Tactile/2.jpeg","","Rocket","https://tactileeval.s3.us-east-1.amazonaws.com/family_datasets/Vehicles_and_Flight_Systems/Rocket/Natural/3.jpg","https://tactileeval.s3.us-east-1.amazonaws.com/family_datasets/Vehicles_and_Flight_Systems/Rocket/Tactile/3.jpeg","","Rocket","https://tactileeval.s3.us-east-1.amazonaws.com/family_datasets/Vehicles_and_Flight_Systems/Rocket/Natural/4.jpg","https://tactileeval.s3.us-east-1.amazonaws.com/family_datasets/Vehicles_and_Flight_Systems/Rocket/Tactile/4.jpeg","","Rocket","https://tactileeval.s3.us-east-1.amazonaws.com/family_datasets/Vehicles_and_Flight_Systems/Rocket/Natural/5.jpg","https://tactileeval.s3.us-east-1.amazonaws.com/family_datasets/Vehicles_and_Flight_Systems/Rocket/Tactile/5.jpeg","","Rocket","https://tactileeval.s3.us-east-1.amazonaws.com/family_datasets/Vehicles_and_Flight_Systems/Rocket/Natural/6.jpg","https://tactileeval.s3.us-east-1.amazonaws.com/family_datasets/Vehicles_and_Flight_Systems/Rocket/Tactile/6.png","","[{""question1"":{""all_correct"":false,""extra_parts"":true,""missing_parts"":true,""wrong_location"":false},""question10"":{""all_correct"":false,""extra_parts"":true,""missing_parts"":true,""wrong_location"":false},""question2"":{""all_correct"":false,""extra_parts"":true,""missing_parts"":true,""wrong_location"":false},""question3"":{""all_correct"":false,""extra_parts"":true,""missing_parts"":true,""wrong_location"":false},""question4"":{""all_correct"":false,""extra_parts"":true,""missing_parts"":false,""wrong_location"":false},""question5"":{""all_correct"":false,""extra_parts"":true,""missing_parts"":true,""wrong_location"":false},""question6"":{""all_correct"":false,""extra_parts"":true,""missing_parts"":true,""wrong_location"":false},""question7"":{""all_correct"":false,""extra_parts"":true,""missing_parts"":true,""wrong_location"":false},""question8"":{""all_correct"":false,""extra_parts"":true,""missing_parts"":true,""wrong_location"":false},""question9"":{""all_correct"":false,""extra_parts"":true,""missing_parts"":true,""wrong_location"":false}}]"
"38Z7YZ2SCVG1T2X8EO3SEQ0DPC7IQC","3U20ZGNLAG0U51KQK3YR7IVUILJD7F","Judge if an objects line-art has missing elements (10 pairs)","Review 10  line-arts and judge if it has/hasn't missing or extra content. (10 pairs)","tactile, image review, accessibility, vehicles","$0.08","Sat Apr 18 07:37:37 PDT 2026","7","BatchId:5385913;OriginalHitTemplateId:928390873;","1800","1296000","Sat Apr 25 07:37:37 PDT 2026","","","30OG32W0TNP6WKGNSFQLD139WBENEJ","A3O5ICTUN0AMMI","Approved","Sat Apr 18 11:01:32 PDT 2026","Sat Apr 18 11:05:52 PDT 2026","Sun May 03 11:05:52 PDT 2026","Sat Apr 18 20:04:22 PDT 2026","","","260","50% (8/16)","50% (8/16)","50% (8/16)","Motorcycle","https://tactileeval.s3.us-east-1.amazonaws.com/family_datasets/Vehicles_and_Flight_Systems/Motorcycle/Natural/11.png","https://tactileeval.s3.us-east-1.amazonaws.com/family_datasets/Vehicles_and_Flight_Systems/Motorcycle/Tactile/11.jpg","","Motorcycle","https://tactileeval.s3.us-east-1.amazonaws.com/family_datasets/Vehicles_and_Flight_Systems/Motorcycle/Natural/12.jpg","https://tactileeval.s3.us-east-1.amazonaws.com/family_datasets/Vehicles_and_Flight_Systems/Motorcycle/Tactile/12.jpg","","Motorcycle","https://tactileeval.s3.us-east-1.amazonaws.com/family_datasets/Vehicles_and_Flight_Systems/Motorcycle/Natural/13.png","https://tactileeval.s3.us-east-1.amazonaws.com/family_datasets/Vehicles_and_Flight_Systems/Motorcycle/Tactile/13.jpg","","Motorcycle","https://tactileeval.s3.us-east-1.amazonaws.com/family_datasets/Vehicles_and_Flight_Systems/Motorcycle/Natural/14.jpg","https://tactileeval.s3.us-east-1.amazonaws.com/family_datasets/Vehicles_and_Flight_Systems/Motorcycle/Tactile/14.jpg","","Rocket","https://tactileeval.s3.us-east-1.amazonaws.com/family_datasets/Vehicles_and_Flight_Systems/Rocket/Natural/1.jpg","https://tactileeval.s3.us-east-1.amazonaws.com/family_datasets/Vehicles_and_Flight_Systems/Rocket/Tactile/1.jpeg","","Rocket","https://tactileeval.s3.us-east-1.amazonaws.com/family_datasets/Vehicles_and_Flight_Systems/Rocket/Natural/2.jpg","https://tactileeval.s3.us-east-1.amazonaws.com/family_datasets/Vehicles_and_Flight_Systems/Rocket/Tactile/2.jpeg","","Rocket","https://tactileeval.s3.us-east-1.amazonaws.com/family_datasets/Vehicles_and_Flight_Systems/Rocket/Natural/3.jpg","https://tactileeval.s3.us-east-1.amazonaws.com/family_datasets/Vehicles_and_Flight_Systems/Rocket/Tactile/3.jpeg","","Rocket","https://tactileeval.s3.us-east-1.amazonaws.com/family_datasets/Vehicles_and_Flight_Systems/Rocket/Natural/4.jpg","https://tactileeval.s3.us-east-1.amazonaws.com/family_datasets/Vehicles_and_Flight_Systems/Rocket/Tactile/4.jpeg","","Rocket","https://tactileeval.s3.us-east-1.amazonaws.com/family_datasets/Vehicles_and_Flight_Systems/Rocket/Natural/5.jpg","https://tactileeval.s3.us-east-1.amazonaws.com/family_datasets/Vehicles_and_Flight_Systems/Rocket/Tactile/5.jpeg","","Rocket","https://tactileeval.s3.us-east-1.amazonaws.com/family_datasets/Vehicles_and_Flight_Systems/Rocket/Natural/6.jpg","https://tactileeval.s3.us-east-1.amazonaws.com/family_datasets/Vehicles_and_Flight_Systems/Rocket/Tactile/6.png","","[{""question1"":{""all_correct"":false,""extra_parts"":true,""missing_parts"":true,""wrong_location"":false},""question10"":{""all_correct"":false,""extra_parts"":true,""missing_parts"":true,""wrong_location"":false},""question2"":{""all_correct"":false,""extra_parts"":false,""missing_parts"":true,""wrong_location"":false},""question3"":{""all_correct"":false,""extra_parts"":true,""missing_parts"":false,""wrong_location"":false},""question4"":{""all_correct"":false,""extra_parts"":true,""missing_parts"":true,""wrong_location"":false},""question5"":{""all_correct"":false,""extra_parts"":true,""missing_parts"":true,""wrong_location"":false},""question6"":{""all_correct"":false,""extra_parts"":true,""missing_parts"":true,""wrong_location"":false},""question7"":{""all_correct"":false,""extra_parts"":true,""missing_parts"":true,""wrong_location"":false},""question8"":{""all_correct"":false,""extra_parts"":true,""missing_parts"":true,""wrong_location"":false},""question9"":{""all_correct"":true,""extra_parts"":false,""missing_parts"":false,""wrong_location"":false}}]"
"3K8CQCU3L6FYR04LNDFQBNEGZCINW1","3U20ZGNLAG0U51KQK3YR7IVUILJD7F","Judge if an objects line-art has missing elements (10 pairs)","Review 10  line-arts and judge if it has/hasn't missing or extra content. (10 pairs)","tactile, image review, accessibility, vehicles","$0.08","Sat Apr 18 07:37:37 PDT 2026","9","BatchId:5385913;OriginalHitTemplateId:928390873;","1800","1296000","Sat Apr 25 07:37:37 PDT 2026","","","3907X2AHGTJE4PGKFA8CFPZFZNA2PD","A2JKGAWYEHJ18S","Rejected","Sat Apr 18 09:15:02 PDT 2026","Sat Apr 18 09:27:52 PDT 2026","Sun May 03 09:27:52 PDT 2026","","Sat Apr 18 20:04:22 PDT 2026","Thank you for your time. Unfortunately this submission did not pass the embedded gold-standard checks; this task requires very careful attention to detail.","770","15% (3/20)","15% (3/20)","15% (3/20)","Rocket","https://tactileeval.s3.us-east-1.amazonaws.com/family_datasets/Vehicles_and_Flight_Systems/Rocket/Natural/7.jpeg","https://tactileeval.s3.us-east-1.amazonaws.com/family_datasets/Vehicles_and_Flight_Systems/Rocket/Tactile/7.jpeg","","Rocket","https://tactileeval.s3.us-east-1.amazonaws.com/family_datasets/Vehicles_and_Flight_Systems/Rocket/Natural/8.jpg","https://tactileeval.s3.us-east-1.amazonaws.com/family_datasets/Vehicles_and_Flight_Systems/Rocket/Tactile/8.jpeg","","Rocket","https://tactileeval.s3.us-east-1.amazonaws.com/family_datasets/Vehicles_and_Flight_Systems/Rocket/Natural/9.jpg","https://tactileeval.s3.us-east-1.amazonaws.com/family_datasets/Vehicles_and_Flight_Systems/Rocket/Tactile/9.jpeg","","Rocket","https://tactileeval.s3.us-east-1.amazonaws.com/family_datasets/Vehicles_and_Flight_Systems/Rocket/Natural/10.jpg","https://tactileeval.s3.us-east-1.amazonaws.com/family_datasets/Vehicles_and_Flight_Systems/Rocket/Tactile/10.jpeg","","Rocket","https://tactileeval.s3.us-east-1.amazonaws.com/family_datasets/Vehicles_and_Flight_Systems/Rocket/Natural/11.jpg","https://tactileeval.s3.us-east-1.amazonaws.com/family_datasets/Vehicles_and_Flight_Systems/Rocket/Tactile/11.jpg","","Rocket","https://tactileeval.s3.us-east-1.amazonaws.com/family_datasets/Vehicles_and_Flight_Systems/Rocket/Natural/12.jpg","https://tactileeval.s3.us-east-1.amazonaws.com/family_datasets/Vehicles_and_Flight_Systems/Rocket/Tactile/12.jpeg","","Rocket","https://tactileeval.s3.us-east-1.amazonaws.com/family_datasets/Vehicles_and_Flight_Systems/Rocket/Natural/13.jpg","https://tactileeval.s3.us-east-1.amazonaws.com/family_datasets/Vehicles_and_Flight_Systems/Rocket/Tactile/13.jpg","","Rocket","https://tactileeval.s3.us-east-1.amazonaws.com/family_datasets/Vehicles_and_Flight_Systems/Rocket/Natural/14.jpg","https://tactileeval.s3.us-east-1.amazonaws.com/family_datasets/Vehicles_and_Flight_Systems/Rocket/Tactile/14.jpeg","","Rocket","https://tactileeval.s3.us-east-1.amazonaws.com/family_datasets/Vehicles_and_Flight_Systems/Rocket/Natural/15.jpeg","https://tactileeval.s3.us-east-1.amazonaws.com/family_datasets/Vehicles_and_Flight_Systems/Rocket/Tactile/15.jpeg","","Rocket","https://tactileeval.s3.us-east-1.amazonaws.com/family_datasets/Vehicles_and_Flight_Systems/Rocket/Natural/16.jpg","https://tactileeval.s3.us-east-1.amazonaws.com/family_datasets/Vehicles_and_Flight_Systems/Rocket/Tactile/16.jpeg","","[{""question1"":{""all_correct"":false,""extra_parts"":false,""missing_parts"":true,""wrong_location"":false},""question10"":{""all_correct"":false,""extra_parts"":true,""missing_parts"":false,""wrong_location"":false},""question2"":{""all_correct"":false,""extra_parts"":true,""missing_parts"":false,""wrong_location"":false},""question3"":{""all_correct"":false,""extra_parts"":false,""missing_parts"":true,""wrong_location"":false},""question4"":{""all_correct"":false,""extra_parts"":true,""missing_parts"":false,""wrong_location"":false},""question5"":{""all_correct"":false,""extra_parts"":false,""missing_parts"":true,""wrong_location"":false},""question6"":{""all_correct"":false,""extra_parts"":true,""missing_parts"":false,""wrong_location"":false},""question7"":{""all_correct"":false,""extra_parts"":false,""missing_parts"":true,""wrong_location"":false},""question8"":{""all_correct"":false,""extra_parts"":true,""missing_parts"":false,""wrong_location"":false},""question9"":{""all_correct"":false,""extra_parts"":false,""missing_parts"":true,""wrong_location"":false}}]"
"3K8CQCU3L6FYR04LNDFQBNEGZCINW1","3U20ZGNLAG0U51KQK3YR7IVUILJD7F","Judge if an objects line-art has missing elements (10 pairs)","Review 10  line-arts and judge if it has/hasn't missing or extra content. (10 pairs)","tactile, image review, accessibility, vehicles","$0.08","Sat Apr 18 07:37:37 PDT 2026","9","BatchId:5385913;OriginalHitTemplateId:928390873;","1800","1296000","Sat Apr 25 07:37:37 PDT 2026","","","3EG49X352NQ7VZ1CO3UWZF2UHRX6XY","A11RQ0K5GQ3NJG","Rejected","Sat Apr 18 10:29:54 PDT 2026","Sat Apr 18 10:34:18 PDT 2026","Sun May 03 10:34:18 PDT 2026","","Sat Apr 18 20:04:22 PDT 2026","Thank you for your time. Unfortunately this submission did not pass the embedded gold-standard checks; this task requires very careful attention to detail.","264","39% (12/31)","39% (12/31)","39% (12/31)","Rocket","https://tactileeval.s3.us-east-1.amazonaws.com/family_datasets/Vehicles_and_Flight_Systems/Rocket/Natural/7.jpeg","https://tactileeval.s3.us-east-1.amazonaws.com/family_datasets/Vehicles_and_Flight_Systems/Rocket/Tactile/7.jpeg","","Rocket","https://tactileeval.s3.us-east-1.amazonaws.com/family_datasets/Vehicles_and_Flight_Systems/Rocket/Natural/8.jpg","https://tactileeval.s3.us-east-1.amazonaws.com/family_datasets/Vehicles_and_Flight_Systems/Rocket/Tactile/8.jpeg","","Rocket","https://tactileeval.s3.us-east-1.amazonaws.com/family_datasets/Vehicles_and_Flight_Systems/Rocket/Natural/9.jpg","https://tactileeval.s3.us-east-1.amazonaws.com/family_datasets/Vehicles_and_Flight_Systems/Rocket/Tactile/9.jpeg","","Rocket","https://tactileeval.s3.us-east-1.amazonaws.com/family_datasets/Vehicles_and_Flight_Systems/Rocket/Natural/10.jpg","https://tactileeval.s3.us-east-1.amazonaws.com/family_datasets/Vehicles_and_Flight_Systems/Rocket/Tactile/10.jpeg","","Rocket","https://tactileeval.s3.us-east-1.amazonaws.com/family_datasets/Vehicles_and_Flight_Systems/Rocket/Natural/11.jpg","https://tactileeval.s3.us-east-1.amazonaws.com/family_datasets/Vehicles_and_Flight_Systems/Rocket/Tactile/11.jpg","","Rocket","https://tactileeval.s3.us-east-1.amazonaws.com/family_datasets/Vehicles_and_Flight_Systems/Rocket/Natural/12.jpg","https://tactileeval.s3.us-east-1.amazonaws.com/family_datasets/Vehicles_and_Flight_Systems/Rocket/Tactile/12.jpeg","","Rocket","https://tactileeval.s3.us-east-1.amazonaws.com/family_datasets/Vehicles_and_Flight_Systems/Rocket/Natural/13.jpg","https://tactileeval.s3.us-east-1.amazonaws.com/family_datasets/Vehicles_and_Flight_Systems/Rocket/Tactile/13.jpg","","Rocket","https://tactileeval.s3.us-east-1.amazonaws.com/family_datasets/Vehicles_and_Flight_Systems/Rocket/Natural/14.jpg","https://tactileeval.s3.us-east-1.amazonaws.com/family_datasets/Vehicles_and_Flight_Systems/Rocket/Tactile/14.jpeg","","Rocket","https://tactileeval.s3.us-east-1.amazonaws.com/family_datasets/Vehicles_and_Flight_Systems/Rocket/Natural/15.jpeg","https://tactileeval.s3.us-east-1.amazonaws.com/family_datasets/Vehicles_and_Flight_Systems/Rocket/Tactile/15.jpeg","","Rocket","https://tactileeval.s3.us-east-1.amazonaws.com/family_datasets/Vehicles_and_Flight_Systems/Rocket/Natural/16.jpg","https://tactileeval.s3.us-east-1.amazonaws.com/family_datasets/Vehicles_and_Flight_Systems/Rocket/Tactile/16.jpeg","","[{""question1"":{""all_correct"":true,""extra_parts"":false,""missing_parts"":false,""wrong_location"":false},""question10"":{""all_correct"":false,""extra_parts"":false,""missing_parts"":true,""wrong_location"":false},""question2"":{""all_correct"":false,""extra_parts"":false,""missing_parts"":true,""wrong_location"":false},""question3"":{""all_correct"":true,""extra_parts"":false,""missing_parts"":false,""wrong_location"":false},""question4"":{""all_correct"":true,""extra_parts"":false,""missing_parts"":false,""wrong_location"":false},""question5"":{""all_correct"":true,""extra_parts"":false,""missing_parts"":false,""wrong_location"":false},""question6"":{""all_correct"":true,""extra_parts"":false,""missing_parts"":false,""wrong_location"":false},""question7"":{""all_correct"":false,""extra_parts"":false,""missing_parts"":true,""wrong_location"":false},""question8"":{""all_correct"":false,""extra_parts"":false,""missing_parts"":true,""wrong_location"":false},""question9"":{""all_correct"":false,""extra_parts"":false,""missing_parts"":true,""wrong_location"":false}}]"
"3K8CQCU3L6FYR04LNDFQBNEGZCINW1","3U20ZGNLAG0U51KQK3YR7IVUILJD7F","Judge if an objects line-art has missing elements (10 pairs)","Review 10  line-arts and judge if it has/hasn't missing or extra content. (10 pairs)","tactile, image review, accessibility, vehicles","$0.08","Sat Apr 18 07:37:37 PDT 2026","9","BatchId:5385913;OriginalHitTemplateId:928390873;","1800","1296000","Sat Apr 25 07:37:37 PDT 2026","","","3ZAK8W07JXSK0KL2H93S67TZA6TU0S","A2NZLZLLAZYXJX","Rejected","Sat Apr 18 10:24:50 PDT 2026","Sat Apr 18 10:37:46 PDT 2026","Sun May 03 10:37:46 PDT 2026","","Sat Apr 18 20:04:22 PDT 2026","Thank you for your time. Unfortunately this submission did not pass the embedded gold-standard checks; this task requires very careful attention to detail.","776","68% (40/59)","68% (40/59)","68% (40/59)","Rocket","https://tactileeval.s3.us-east-1.amazonaws.com/family_datasets/Vehicles_and_Flight_Systems/Rocket/Natural/7.jpeg","https://tactileeval.s3.us-east-1.amazonaws.com/family_datasets/Vehicles_and_Flight_Systems/Rocket/Tactile/7.jpeg","","Rocket","https://tactileeval.s3.us-east-1.amazonaws.com/family_datasets/Vehicles_and_Flight_Systems/Rocket/Natural/8.jpg","https://tactileeval.s3.us-east-1.amazonaws.com/family_datasets/Vehicles_and_Flight_Systems/Rocket/Tactile/8.jpeg","","Rocket","https://tactileeval.s3.us-east-1.amazonaws.com/family_datasets/Vehicles_and_Flight_Systems/Rocket/Natural/9.jpg","https://tactileeval.s3.us-east-1.amazonaws.com/family_datasets/Vehicles_and_Flight_Systems/Rocket/Tactile/9.jpeg","","Rocket","https://tactileeval.s3.us-east-1.amazonaws.com/family_datasets/Vehicles_and_Flight_Systems/Rocket/Natural/10.jpg","https://tactileeval.s3.us-east-1.amazonaws.com/family_datasets/Vehicles_and_Flight_Systems/Rocket/Tactile/10.jpeg","","Rocket","https://tactileeval.s3.us-east-1.amazonaws.com/family_datasets/Vehicles_and_Flight_Systems/Rocket/Natural/11.jpg","https://tactileeval.s3.us-east-1.amazonaws.com/family_datasets/Vehicles_and_Flight_Systems/Rocket/Tactile/11.jpg","","Rocket","https://tactileeval.s3.us-east-1.amazonaws.com/family_datasets/Vehicles_and_Flight_Systems/Rocket/Natural/12.jpg","https://tactileeval.s3.us-east-1.amazonaws.com/family_datasets/Vehicles_and_Flight_Systems/Rocket/Tactile/12.jpeg","","Rocket","https://tactileeval.s3.us-east-1.amazonaws.com/family_datasets/Vehicles_and_Flight_Systems/Rocket/Natural/13.jpg","https://tactileeval.s3.us-east-1.amazonaws.com/family_datasets/Vehicles_and_Flight_Systems/Rocket/Tactile/13.jpg","","Rocket","https://tactileeval.s3.us-east-1.amazonaws.com/family_datasets/Vehicles_and_Flight_Systems/Rocket/Natural/14.jpg","https://tactileeval.s3.us-east-1.amazonaws.com/family_datasets/Vehicles_and_Flight_Systems/Rocket/Tactile/14.jpeg","","Rocket","https://tactileeval.s3.us-east-1.amazonaws.com/family_datasets/Vehicles_and_Flight_Systems/Rocket/Natural/15.jpeg","https://tactileeval.s3.us-east-1.amazonaws.com/family_datasets/Vehicles_and_Flight_Systems/Rocket/Tactile/15.jpeg","","Rocket","https://tactileeval.s3.us-east-1.amazonaws.com/family_datasets/Vehicles_and_Flight_Systems/Rocket/Natural/16.jpg","https://tactileeval.s3.us-east-1.amazonaws.com/family_datasets/Vehicles_and_Flight_Systems/Rocket/Tactile/16.jpeg","","[{""question1"":{""all_correct"":false,""extra_parts"":false,""missing_parts"":true,""wrong_location"":false},""question10"":{""all_correct"":false,""extra_parts"":false,""missing_parts"":true,""wrong_location"":false},""question2"":{""all_correct"":false,""extra_parts"":true,""missing_parts"":false,""wrong_location"":false},""question3"":{""all_correct"":false,""extra_parts"":false,""missing_parts"":true,""wrong_location"":false},""question4"":{""all_correct"":false,""extra_parts"":false,""missing_parts"":true,""wrong_location"":false},""question5"":{""all_correct"":true,""extra_parts"":false,""missing_parts"":false,""wrong_location"":false},""question6"":{""all_correct"":true,""extra_parts"":false,""missing_parts"":false,""wrong_location"":false},""question7"":{""all_correct"":false,""extra_parts"":false,""missing_parts"":true,""wrong_location"":false},""question8"":{""all_correct"":false,""extra_parts"":false,""missing_parts"":true,""wrong_location"":false},""question9"":{""all_correct"":false,""extra_parts"":false,""missing_parts"":false,""wrong_location"":true}}]"
"3K8CQCU3L6FYR04LNDFQBNEGZCINW1","3U20ZGNLAG0U51KQK3YR7IVUILJD7F","Judge if an objects line-art has missing elements (10 pairs)","Review 10  line-arts and judge if it has/hasn't missing or extra content. (10 pairs)","tactile, image review, accessibility, vehicles","$0.08","Sat Apr 18 07:37:37 PDT 2026","9","BatchId:5385913;OriginalHitTemplateId:928390873;","1800","1296000","Sat Apr 25 07:37:37 PDT 2026","","","3RUIQRXJC42UEQNUXOXAD4P40DCLLZ","ASBG43I93VS4A","Rejected","Sat Apr 18 10:30:10 PDT 2026","Sat Apr 18 10:46:10 PDT 2026","Sun May 03 10:46:10 PDT 2026","","Sat Apr 18 20:04:22 PDT 2026","Thank you for your time. Unfortunately this submission did not pass the embedded gold-standard checks; this task requires very careful attention to detail.","960","27% (8/30)","27% (8/30)","27% (8/30)","Rocket","https://tactileeval.s3.us-east-1.amazonaws.com/family_datasets/Vehicles_and_Flight_Systems/Rocket/Natural/7.jpeg","https://tactileeval.s3.us-east-1.amazonaws.com/family_datasets/Vehicles_and_Flight_Systems/Rocket/Tactile/7.jpeg","","Rocket","https://tactileeval.s3.us-east-1.amazonaws.com/family_datasets/Vehicles_and_Flight_Systems/Rocket/Natural/8.jpg","https://tactileeval.s3.us-east-1.amazonaws.com/family_datasets/Vehicles_and_Flight_Systems/Rocket/Tactile/8.jpeg","","Rocket","https://tactileeval.s3.us-east-1.amazonaws.com/family_datasets/Vehicles_and_Flight_Systems/Rocket/Natural/9.jpg","https://tactileeval.s3.us-east-1.amazonaws.com/family_datasets/Vehicles_and_Flight_Systems/Rocket/Tactile/9.jpeg","","Rocket","https://tactileeval.s3.us-east-1.amazonaws.com/family_datasets/Vehicles_and_Flight_Systems/Rocket/Natural/10.jpg","https://tactileeval.s3.us-east-1.amazonaws.com/family_datasets/Vehicles_and_Flight_Systems/Rocket/Tactile/10.jpeg","","Rocket","https://tactileeval.s3.us-east-1.amazonaws.com/family_datasets/Vehicles_and_Flight_Systems/Rocket/Natural/11.jpg","https://tactileeval.s3.us-east-1.amazonaws.com/family_datasets/Vehicles_and_Flight_Systems/Rocket/Tactile/11.jpg","","Rocket","https://tactileeval.s3.us-east-1.amazonaws.com/family_datasets/Vehicles_and_Flight_Systems/Rocket/Natural/12.jpg","https://tactileeval.s3.us-east-1.amazonaws.com/family_datasets/Vehicles_and_Flight_Systems/Rocket/Tactile/12.jpeg","","Rocket","https://tactileeval.s3.us-east-1.amazonaws.com/family_datasets/Vehicles_and_Flight_Systems/Rocket/Natural/13.jpg","https://tactileeval.s3.us-east-1.amazonaws.com/family_datasets/Vehicles_and_Flight_Systems/Rocket/Tactile/13.jpg","","Rocket","https://tactileeval.s3.us-east-1.amazonaws.com/family_datasets/Vehicles_and_Flight_Systems/Rocket/Natural/14.jpg","https://tactileeval.s3.us-east-1.amazonaws.com/family_datasets/Vehicles_and_Flight_Systems/Rocket/Tactile/14.jpeg","","Rocket","https://tactileeval.s3.us-east-1.amazonaws.com/family_datasets/Vehicles_and_Flight_Systems/Rocket/Natural/15.jpeg","https://tactileeval.s3.us-east-1.amazonaws.com/family_datasets/Vehicles_and_Flight_Systems/Rocket/Tactile/15.jpeg","","Rocket","https://tactileeval.s3.us-east-1.amazonaws.com/family_datasets/Vehicles_and_Flight_Systems/Rocket/Natural/16.jpg","https://tactileeval.s3.us-east-1.amazonaws.com/family_datasets/Vehicles_and_Flight_Systems/Rocket/Tactile/16.jpeg","","[{""question1"":{""all_correct"":false,""extra_parts"":true,""missing_parts"":true,""wrong_location"":false},""question10"":{""all_correct"":false,""extra_parts"":true,""missing_parts"":true,""wrong_location"":false},""question2"":{""all_correct"":false,""extra_parts"":true,""missing_parts"":true,""wrong_location"":false},""question3"":{""all_correct"":false,""extra_parts"":true,""missing_parts"":true,""wrong_location"":false},""question4"":{""all_correct"":false,""extra_parts"":true,""missing_parts"":true,""wrong_location"":false},""question5"":{""all_correct"":false,""extra_parts"":true,""missing_parts"":true,""wrong_location"":false},""question6"":{""all_correct"":true,""extra_parts"":false,""missing_parts"":false,""wrong_location"":false},""question7"":{""all_correct"":false,""extra_parts"":true,""missing_parts"":true,""wrong_location"":false},""question8"":{""all_correct"":false,""extra_parts"":true,""missing_parts"":true,""wrong_location"":false},""question9"":{""all_correct"":false,""extra_parts"":true,""missing_parts"":true,""wrong_location"":false}}]"
"3K8CQCU3L6FYR04LNDFQBNEGZCINW1","3U20ZGNLAG0U51KQK3YR7IVUILJD7F","Judge if an objects line-art has missing elements (10 pairs)","Review 10  line-arts and judge if it has/hasn't missing or extra content. (10 pairs)","tactile, image review, accessibility, vehicles","$0.08","Sat Apr 18 07:37:37 PDT 2026","9","BatchId:5385913;OriginalHitTemplateId:928390873;","1800","1296000","Sat Apr 25 07:37:37 PDT 2026","","","3EF8EXOTUU9BTTVQ1T3EDA3YYI2J1P","AM6XJQNLFEV4J","Rejected","Sat Apr 18 10:30:07 PDT 2026","Sat Apr 18 10:50:06 PDT 2026","Sun May 03 10:50:06 PDT 2026","","Sat Apr 18 20:04:22 PDT 2026","Thank you for your time. Unfortunately this submission did not pass the embedded gold-standard checks; this task requires very careful attention to detail.","1199","59% (19/32)","59% (19/32)","59% (19/32)","Rocket","https://tactileeval.s3.us-east-1.amazonaws.com/family_datasets/Vehicles_and_Flight_Systems/Rocket/Natural/7.jpeg","https://tactileeval.s3.us-east-1.amazonaws.com/family_datasets/Vehicles_and_Flight_Systems/Rocket/Tactile/7.jpeg","","Rocket","https://tactileeval.s3.us-east-1.amazonaws.com/family_datasets/Vehicles_and_Flight_Systems/Rocket/Natural/8.jpg","https://tactileeval.s3.us-east-1.amazonaws.com/family_datasets/Vehicles_and_Flight_Systems/Rocket/Tactile/8.jpeg","","Rocket","https://tactileeval.s3.us-east-1.amazonaws.com/family_datasets/Vehicles_and_Flight_Systems/Rocket/Natural/9.jpg","https://tactileeval.s3.us-east-1.amazonaws.com/family_datasets/Vehicles_and_Flight_Systems/Rocket/Tactile/9.jpeg","","Rocket","https://tactileeval.s3.us-east-1.amazonaws.com/family_datasets/Vehicles_and_Flight_Systems/Rocket/Natural/10.jpg","https://tactileeval.s3.us-east-1.amazonaws.com/family_datasets/Vehicles_and_Flight_Systems/Rocket/Tactile/10.jpeg","","Rocket","https://tactileeval.s3.us-east-1.amazonaws.com/family_datasets/Vehicles_and_Flight_Systems/Rocket/Natural/11.jpg","https://tactileeval.s3.us-east-1.amazonaws.com/family_datasets/Vehicles_and_Flight_Systems/Rocket/Tactile/11.jpg","","Rocket","https://tactileeval.s3.us-east-1.amazonaws.com/family_datasets/Vehicles_and_Flight_Systems/Rocket/Natural/12.jpg","https://tactileeval.s3.us-east-1.amazonaws.com/family_datasets/Vehicles_and_Flight_Systems/Rocket/Tactile/12.jpeg","","Rocket","https://tactileeval.s3.us-east-1.amazonaws.com/family_datasets/Vehicles_and_Flight_Systems/Rocket/Natural/13.jpg","https://tactileeval.s3.us-east-1.amazonaws.com/family_datasets/Vehicles_and_Flight_Systems/Rocket/Tactile/13.jpg","","Rocket","https://tactileeval.s3.us-east-1.amazonaws.com/family_datasets/Vehicles_and_Flight_Systems/Rocket/Natural/14.jpg","https://tactileeval.s3.us-east-1.amazonaws.com/family_datasets/Vehicles_and_Flight_Systems/Rocket/Tactile/14.jpeg","","Rocket","https://tactileeval.s3.us-east-1.amazonaws.com/family_datasets/Vehicles_and_Flight_Systems/Rocket/Natural/15.jpeg","https://tactileeval.s3.us-east-1.amazonaws.com/family_datasets/Vehicles_and_Flight_Systems/Rocket/Tactile/15.jpeg","","Rocket","https://tactileeval.s3.us-east-1.amazonaws.com/family_datasets/Vehicles_and_Flight_Systems/Rocket/Natural/16.jpg","https://tactileeval.s3.us-east-1.amazonaws.com/family_datasets/Vehicles_and_Flight_Systems/Rocket/Tactile/16.jpeg","","[{""question1"":{""all_correct"":false,""extra_parts"":true,""missing_parts"":true,""wrong_location"":false},""question10"":{""all_correct"":false,""extra_parts"":true,""missing_parts"":true,""wrong_location"":false},""question2"":{""all_correct"":false,""extra_parts"":true,""missing_parts"":true,""wrong_location"":false},""question3"":{""all_correct"":false,""extra_parts"":true,""missing_parts"":true,""wrong_location"":false},""question4"":{""all_correct"":false,""extra_parts"":true,""missing_parts"":true,""wrong_location"":false},""question5"":{""all_correct"":false,""extra_parts"":true,""missing_parts"":false,""wrong_location"":false},""question6"":{""all_correct"":false,""extra_parts"":true,""missing_parts"":true,""wrong_location"":false},""question7"":{""all_correct"":false,""extra_parts"":true,""missing_parts"":true,""wrong_location"":false},""question8"":{""all_correct"":false,""extra_parts"":true,""missing_parts"":true,""wrong_location"":false},""question9"":{""all_correct"":false,""extra_parts"":true,""missing_parts"":true,""wrong_location"":false}}]"
"3K8CQCU3L6FYR04LNDFQBNEGZCINW1","3U20ZGNLAG0U51KQK3YR7IVUILJD7F","Judge if an objects line-art has missing elements (10 pairs)","Review 10  line-arts and judge if it has/hasn't missing or extra content. (10 pairs)","tactile, image review, accessibility, vehicles","$0.08","Sat Apr 18 07:37:37 PDT 2026","9","BatchId:5385913;OriginalHitTemplateId:928390873;","1800","1296000","Sat Apr 25 07:37:37 PDT 2026","","","3NXNZ5RS23B0Y3XJ4XTAPQG85ZQ79F","A2I68SNRG9QUY7","Rejected","Sat Apr 18 10:30:13 PDT 2026","Sat Apr 18 10:58:48 PDT 2026","Sun May 03 10:58:48 PDT 2026","","Sat Apr 18 20:04:23 PDT 2026","Thank you for your time. Unfortunately this submission did not pass the embedded gold-standard checks; this task requires very careful attention to detail.","1715","11% (1/9)","11% (1/9)","11% (1/9)","Rocket","https://tactileeval.s3.us-east-1.amazonaws.com/family_datasets/Vehicles_and_Flight_Systems/Rocket/Natural/7.jpeg","https://tactileeval.s3.us-east-1.amazonaws.com/family_datasets/Vehicles_and_Flight_Systems/Rocket/Tactile/7.jpeg","","Rocket","https://tactileeval.s3.us-east-1.amazonaws.com/family_datasets/Vehicles_and_Flight_Systems/Rocket/Natural/8.jpg","https://tactileeval.s3.us-east-1.amazonaws.com/family_datasets/Vehicles_and_Flight_Systems/Rocket/Tactile/8.jpeg","","Rocket","https://tactileeval.s3.us-east-1.amazonaws.com/family_datasets/Vehicles_and_Flight_Systems/Rocket/Natural/9.jpg","https://tactileeval.s3.us-east-1.amazonaws.com/family_datasets/Vehicles_and_Flight_Systems/Rocket/Tactile/9.jpeg","","Rocket","https://tactileeval.s3.us-east-1.amazonaws.com/family_datasets/Vehicles_and_Flight_Systems/Rocket/Natural/10.jpg","https://tactileeval.s3.us-east-1.amazonaws.com/family_datasets/Vehicles_and_Flight_Systems/Rocket/Tactile/10.jpeg","","Rocket","https://tactileeval.s3.us-east-1.amazonaws.com/family_datasets/Vehicles_and_Flight_Systems/Rocket/Natural/11.jpg","https://tactileeval.s3.us-east-1.amazonaws.com/family_datasets/Vehicles_and_Flight_Systems/Rocket/Tactile/11.jpg","","Rocket","https://tactileeval.s3.us-east-1.amazonaws.com/family_datasets/Vehicles_and_Flight_Systems/Rocket/Natural/12.jpg","https://tactileeval.s3.us-east-1.amazonaws.com/family_datasets/Vehicles_and_Flight_Systems/Rocket/Tactile/12.jpeg","","Rocket","https://tactileeval.s3.us-east-1.amazonaws.com/family_datasets/Vehicles_and_Flight_Systems/Rocket/Natural/13.jpg","https://tactileeval.s3.us-east-1.amazonaws.com/family_datasets/Vehicles_and_Flight_Systems/Rocket/Tactile/13.jpg","","Rocket","https://tactileeval.s3.us-east-1.amazonaws.com/family_datasets/Vehicles_and_Flight_Systems/Rocket/Natural/14.jpg","https://tactileeval.s3.us-east-1.amazonaws.com/family_datasets/Vehicles_and_Flight_Systems/Rocket/Tactile/14.jpeg","","Rocket","https://tactileeval.s3.us-east-1.amazonaws.com/family_datasets/Vehicles_and_Flight_Systems/Rocket/Natural/15.jpeg","https://tactileeval.s3.us-east-1.amazonaws.com/family_datasets/Vehicles_and_Flight_Systems/Rocket/Tactile/15.jpeg","","Rocket","https://tactileeval.s3.us-east-1.amazonaws.com/family_datasets/Vehicles_and_Flight_Systems/Rocket/Natural/16.jpg","https://tactileeval.s3.us-east-1.amazonaws.com/family_datasets/Vehicles_and_Flight_Systems/Rocket/Tactile/16.jpeg","","[{""question1"":{""all_correct"":false,""extra_parts"":true,""missing_parts"":false,""wrong_location"":false},""question10"":{""all_correct"":false,""extra_parts"":false,""missing_parts"":true,""wrong_location"":false},""question2"":{""all_correct"":false,""extra_parts"":true,""missing_parts"":false,""wrong_location"":false},""question3"":{""all_correct"":false,""extra_parts"":true,""missing_parts"":false,""wrong_location"":false},""question4"":{""all_correct"":false,""extra_parts"":true,""missing_parts"":false,""wrong_location"":false},""question5"":{""all_correct"":false,""extra_parts"":true,""missing_parts"":false,""wrong_location"":false},""question6"":{""all_correct"":false,""extra_parts"":false,""missing_parts"":true,""wrong_location"":false},""question7"":{""all_correct"":false,""extra_parts"":false,""missing_parts"":true,""wrong_location"":false},""question8"":{""all_correct"":false,""extra_parts"":false,""missing_parts"":true,""wrong_location"":false},""question9"":{""all_correct"":false,""extra_parts"":false,""missing_parts"":true,""wrong_location"":false}}]"
"3K8CQCU3L6FYR04LNDFQBNEGZCINW1","3U20ZGNLAG0U51KQK3YR7IVUILJD7F","Judge if an objects line-art has missing elements (10 pairs)","Review 10  line-arts and judge if it has/hasn't missing or extra content. (10 pairs)","tactile, image review, accessibility, vehicles","$0.08","Sat Apr 18 07:37:37 PDT 2026","9","BatchId:5385913;OriginalHitTemplateId:928390873;","1800","1296000","Sat Apr 25 07:37:37 PDT 2026","","","3F1567XTOPJA4L2Y0W2GPHX3APLQ9Z","A1N3QIWLGR6ZV6","Rejected","Sat Apr 18 11:01:36 PDT 2026","Sat Apr 18 11:10:33 PDT 2026","Sun May 03 11:10:33 PDT 2026","","Sat Apr 18 20:04:23 PDT 2026","Thank you for your time. Unfortunately this submission did not pass the embedded gold-standard checks; this task requires very careful attention to detail.","537","24% (9/38)","0% (0/29)","0% (0/29)","Rocket","https://tactileeval.s3.us-east-1.amazonaws.com/family_datasets/Vehicles_and_Flight_Systems/Rocket/Natural/7.jpeg","https://tactileeval.s3.us-east-1.amazonaws.com/family_datasets/Vehicles_and_Flight_Systems/Rocket/Tactile/7.jpeg","","Rocket","https://tactileeval.s3.us-east-1.amazonaws.com/family_datasets/Vehicles_and_Flight_Systems/Rocket/Natural/8.jpg","https://tactileeval.s3.us-east-1.amazonaws.com/family_datasets/Vehicles_and_Flight_Systems/Rocket/Tactile/8.jpeg","","Rocket","https://tactileeval.s3.us-east-1.amazonaws.com/family_datasets/Vehicles_and_Flight_Systems/Rocket/Natural/9.jpg","https://tactileeval.s3.us-east-1.amazonaws.com/family_datasets/Vehicles_and_Flight_Systems/Rocket/Tactile/9.jpeg","","Rocket","https://tactileeval.s3.us-east-1.amazonaws.com/family_datasets/Vehicles_and_Flight_Systems/Rocket/Natural/10.jpg","https://tactileeval.s3.us-east-1.amazonaws.com/family_datasets/Vehicles_and_Flight_Systems/Rocket/Tactile/10.jpeg","","Rocket","https://tactileeval.s3.us-east-1.amazonaws.com/family_datasets/Vehicles_and_Flight_Systems/Rocket/Natural/11.jpg","https://tactileeval.s3.us-east-1.amazonaws.com/family_datasets/Vehicles_and_Flight_Systems/Rocket/Tactile/11.jpg","","Rocket","https://tactileeval.s3.us-east-1.amazonaws.com/family_datasets/Vehicles_and_Flight_Systems/Rocket/Natural/12.jpg","https://tactileeval.s3.us-east-1.amazonaws.com/family_datasets/Vehicles_and_Flight_Systems/Rocket/Tactile/12.jpeg","","Rocket","https://tactileeval.s3.us-east-1.amazonaws.com/family_datasets/Vehicles_and_Flight_Systems/Rocket/Natural/13.jpg","https://tactileeval.s3.us-east-1.amazonaws.com/family_datasets/Vehicles_and_Flight_Systems/Rocket/Tactile/13.jpg","","Rocket","https://tactileeval.s3.us-east-1.amazonaws.com/family_datasets/Vehicles_and_Flight_Systems/Rocket/Natural/14.jpg","https://tactileeval.s3.us-east-1.amazonaws.com/family_datasets/Vehicles_and_Flight_Systems/Rocket/Tactile/14.jpeg","","Rocket","https://tactileeval.s3.us-east-1.amazonaws.com/family_datasets/Vehicles_and_Flight_Systems/Rocket/Natural/15.jpeg","https://tactileeval.s3.us-east-1.amazonaws.com/family_datasets/Vehicles_and_Flight_Systems/Rocket/Tactile/15.jpeg","","Rocket","https://tactileeval.s3.us-east-1.amazonaws.com/family_datasets/Vehicles_and_Flight_Systems/Rocket/Natural/16.jpg","https://tactileeval.s3.us-east-1.amazonaws.com/family_datasets/Vehicles_and_Flight_Systems/Rocket/Tactile/16.jpeg","","[{""question1"":{""all_correct"":false,""extra_parts"":true,""missing_parts"":false,""wrong_location"":false},""question10"":{""all_correct"":false,""extra_parts"":true,""missing_parts"":false,""wrong_location"":false},""question2"":{""all_correct"":false,""extra_parts"":false,""missing_parts"":true,""wrong_location"":false},""question3"":{""all_correct"":false,""extra_parts"":false,""missing_parts"":false,""wrong_location"":true},""question4"":{""all_correct"":false,""extra_parts"":true,""missing_parts"":false,""wrong_location"":false},""question5"":{""all_correct"":true,""extra_parts"":false,""missing_parts"":false,""wrong_location"":false},""question6"":{""all_correct"":true,""extra_parts"":false,""missing_parts"":false,""wrong_location"":false},""question7"":{""all_correct"":false,""extra_parts"":false,""missing_parts"":false,""wrong_location"":true},""question8"":{""all_correct"":false,""extra_parts"":true,""missing_parts"":false,""wrong_location"":false},""question9"":{""all_correct"":false,""extra_parts"":false,""missing_parts"":false,""wrong_location"":true}}]"
"3K8CQCU3L6FYR04LNDFQBNEGZCINW1","3U20ZGNLAG0U51KQK3YR7IVUILJD7F","Judge if an objects line-art has missing elements (10 pairs)","Review 10  line-arts and judge if it has/hasn't missing or extra content. (10 pairs)","tactile, image review, accessibility, vehicles","$0.08","Sat Apr 18 07:37:37 PDT 2026","9","BatchId:5385913;OriginalHitTemplateId:928390873;","1800","1296000","Sat Apr 25 07:37:37 PDT 2026","","","3R08VXYT859BAZARX8323AOJ31FW70","A7D1G6VBRTJMJ","Rejected","Sat Apr 18 20:43:25 PDT 2026","Sat Apr 18 20:52:35 PDT 2026","Sun May 03 20:52:35 PDT 2026","","Sun Apr 19 07:44:31 PDT 2026","Thank you for your time. Unfortunately this submission did not pass the embedded gold-standard checks; this task requires very careful attention to detail.","550","46% (11/24)","46% (11/24)","46% (11/24)","Rocket","https://tactileeval.s3.us-east-1.amazonaws.com/family_datasets/Vehicles_and_Flight_Systems/Rocket/Natural/7.jpeg","https://tactileeval.s3.us-east-1.amazonaws.com/family_datasets/Vehicles_and_Flight_Systems/Rocket/Tactile/7.jpeg","","Rocket","https://tactileeval.s3.us-east-1.amazonaws.com/family_datasets/Vehicles_and_Flight_Systems/Rocket/Natural/8.jpg","https://tactileeval.s3.us-east-1.amazonaws.com/family_datasets/Vehicles_and_Flight_Systems/Rocket/Tactile/8.jpeg","","Rocket","https://tactileeval.s3.us-east-1.amazonaws.com/family_datasets/Vehicles_and_Flight_Systems/Rocket/Natural/9.jpg","https://tactileeval.s3.us-east-1.amazonaws.com/family_datasets/Vehicles_and_Flight_Systems/Rocket/Tactile/9.jpeg","","Rocket","https://tactileeval.s3.us-east-1.amazonaws.com/family_datasets/Vehicles_and_Flight_Systems/Rocket/Natural/10.jpg","https://tactileeval.s3.us-east-1.amazonaws.com/family_datasets/Vehicles_and_Flight_Systems/Rocket/Tactile/10.jpeg","","Rocket","https://tactileeval.s3.us-east-1.amazonaws.com/family_datasets/Vehicles_and_Flight_Systems/Rocket/Natural/11.jpg","https://tactileeval.s3.us-east-1.amazonaws.com/family_datasets/Vehicles_and_Flight_Systems/Rocket/Tactile/11.jpg","","Rocket","https://tactileeval.s3.us-east-1.amazonaws.com/family_datasets/Vehicles_and_Flight_Systems/Rocket/Natural/12.jpg","https://tactileeval.s3.us-east-1.amazonaws.com/family_datasets/Vehicles_and_Flight_Systems/Rocket/Tactile/12.jpeg","","Rocket","https://tactileeval.s3.us-east-1.amazonaws.com/family_datasets/Vehicles_and_Flight_Systems/Rocket/Natural/13.jpg","https://tactileeval.s3.us-east-1.amazonaws.com/family_datasets/Vehicles_and_Flight_Systems/Rocket/Tactile/13.jpg","","Rocket","https://tactileeval.s3.us-east-1.amazonaws.com/family_datasets/Vehicles_and_Flight_Systems/Rocket/Natural/14.jpg","https://tactileeval.s3.us-east-1.amazonaws.com/family_datasets/Vehicles_and_Flight_Systems/Rocket/Tactile/14.jpeg","","Rocket","https://tactileeval.s3.us-east-1.amazonaws.com/family_datasets/Vehicles_and_Flight_Systems/Rocket/Natural/15.jpeg","https://tactileeval.s3.us-east-1.amazonaws.com/family_datasets/Vehicles_and_Flight_Systems/Rocket/Tactile/15.jpeg","","Rocket","https://tactileeval.s3.us-east-1.amazonaws.com/family_datasets/Vehicles_and_Flight_Systems/Rocket/Natural/16.jpg","https://tactileeval.s3.us-east-1.amazonaws.com/family_datasets/Vehicles_and_Flight_Systems/Rocket/Tactile/16.jpeg","","[{""question1"":{""all_correct"":false,""extra_parts"":false,""missing_parts"":true,""wrong_location"":false},""question10"":{""all_correct"":false,""extra_parts"":false,""missing_parts"":true,""wrong_location"":false},""question2"":{""all_correct"":false,""extra_parts"":false,""missing_parts"":true,""wrong_location"":false},""question3"":{""all_correct"":false,""extra_parts"":false,""missing_parts"":true,""wrong_location"":false},""question4"":{""all_correct"":false,""extra_parts"":true,""missing_parts"":false,""wrong_location"":false},""question5"":{""all_correct"":false,""extra_parts"":false,""missing_parts"":true,""wrong_location"":false},""question6"":{""all_correct"":false,""extra_parts"":false,""missing_parts"":true,""wrong_location"":false},""question7"":{""all_correct"":false,""extra_parts"":false,""missing_parts"":true,""wrong_location"":false},""question8"":{""all_correct"":false,""extra_parts"":true,""missing_parts"":false,""wrong_location"":false},""question9"":{""all_correct"":false,""extra_parts"":false,""missing_parts"":true,""wrong_location"":false}}]"
"3K8CQCU3L6FYR04LNDFQBNEGZCINW1","3U20ZGNLAG0U51KQK3YR7IVUILJD7F","Judge if an objects line-art has missing elements (10 pairs)","Review 10  line-arts and judge if it has/hasn't missing or extra content. (10 pairs)","tactile, image review, accessibility, vehicles","$0.08","Sat Apr 18 07:37:37 PDT 2026","9","BatchId:5385913;OriginalHitTemplateId:928390873;","1800","1296000","Sat Apr 25 07:37:37 PDT 2026","","","3TMSXRD2YZEXZDVP8SMT20X60FP1WI","AM8EV600ZP69X","Approved","Sun Apr 19 00:37:53 PDT 2026","Sun Apr 19 00:54:18 PDT 2026","Mon May 04 00:54:18 PDT 2026","Sun Apr 19 07:44:31 PDT 2026","","","985","86% (32/37)","86% (32/37)","86% (32/37)","Rocket","https://tactileeval.s3.us-east-1.amazonaws.com/family_datasets/Vehicles_and_Flight_Systems/Rocket/Natural/7.jpeg","https://tactileeval.s3.us-east-1.amazonaws.com/family_datasets/Vehicles_and_Flight_Systems/Rocket/Tactile/7.jpeg","","Rocket","https://tactileeval.s3.us-east-1.amazonaws.com/family_datasets/Vehicles_and_Flight_Systems/Rocket/Natural/8.jpg","https://tactileeval.s3.us-east-1.amazonaws.com/family_datasets/Vehicles_and_Flight_Systems/Rocket/Tactile/8.jpeg","","Rocket","https://tactileeval.s3.us-east-1.amazonaws.com/family_datasets/Vehicles_and_Flight_Systems/Rocket/Natural/9.jpg","https://tactileeval.s3.us-east-1.amazonaws.com/family_datasets/Vehicles_and_Flight_Systems/Rocket/Tactile/9.jpeg","","Rocket","https://tactileeval.s3.us-east-1.amazonaws.com/family_datasets/Vehicles_and_Flight_Systems/Rocket/Natural/10.jpg","https://tactileeval.s3.us-east-1.amazonaws.com/family_datasets/Vehicles_and_Flight_Systems/Rocket/Tactile/10.jpeg","","Rocket","https://tactileeval.s3.us-east-1.amazonaws.com/family_datasets/Vehicles_and_Flight_Systems/Rocket/Natural/11.jpg","https://tactileeval.s3.us-east-1.amazonaws.com/family_datasets/Vehicles_and_Flight_Systems/Rocket/Tactile/11.jpg","","Rocket","https://tactileeval.s3.us-east-1.amazonaws.com/family_datasets/Vehicles_and_Flight_Systems/Rocket/Natural/12.jpg","https://tactileeval.s3.us-east-1.amazonaws.com/family_datasets/Vehicles_and_Flight_Systems/Rocket/Tactile/12.jpeg","","Rocket","https://tactileeval.s3.us-east-1.amazonaws.com/family_datasets/Vehicles_and_Flight_Systems/Rocket/Natural/13.jpg","https://tactileeval.s3.us-east-1.amazonaws.com/family_datasets/Vehicles_and_Flight_Systems/Rocket/Tactile/13.jpg","","Rocket","https://tactileeval.s3.us-east-1.amazonaws.com/family_datasets/Vehicles_and_Flight_Systems/Rocket/Natural/14.jpg","https://tactileeval.s3.us-east-1.amazonaws.com/family_datasets/Vehicles_and_Flight_Systems/Rocket/Tactile/14.jpeg","","Rocket","https://tactileeval.s3.us-east-1.amazonaws.com/family_datasets/Vehicles_and_Flight_Systems/Rocket/Natural/15.jpeg","https://tactileeval.s3.us-east-1.amazonaws.com/family_datasets/Vehicles_and_Flight_Systems/Rocket/Tactile/15.jpeg","","Rocket","https://tactileeval.s3.us-east-1.amazonaws.com/family_datasets/Vehicles_and_Flight_Systems/Rocket/Natural/16.jpg","https://tactileeval.s3.us-east-1.amazonaws.com/family_datasets/Vehicles_and_Flight_Systems/Rocket/Tactile/16.jpeg","","[{""question1"":{""all_correct"":true,""extra_parts"":false,""missing_parts"":false,""wrong_location"":false},""question10"":{""all_correct"":true,""extra_parts"":false,""missing_parts"":false,""wrong_location"":false},""question2"":{""all_correct"":false,""extra_parts"":false,""missing_parts"":true,""wrong_location"":false},""question3"":{""all_correct"":false,""extra_parts"":false,""missing_parts"":true,""wrong_location"":false},""question4"":{""all_correct"":false,""extra_parts"":false,""missing_parts"":true,""wrong_location"":false},""question5"":{""all_correct"":false,""extra_parts"":false,""missing_parts"":true,""wrong_location"":false},""question6"":{""all_correct"":true,""extra_parts"":false,""missing_parts"":false,""wrong_location"":false},""question7"":{""all_correct"":true,""extra_parts"":false,""missing_parts"":false,""wrong_location"":false},""question8"":{""all_correct"":false,""extra_parts"":false,""missing_parts"":true,""wrong_location"":false},""question9"":{""all_correct"":false,""extra_parts"":false,""missing_parts"":true,""wrong_location"":false}}]"
"3MZ3TAMYUD1153C8R3SSJGAILY9IRD","3U20ZGNLAG0U51KQK3YR7IVUILJD7F","Judge if an objects line-art has missing elements (10 pairs)","Review 10  line-arts and judge if it has/hasn't missing or extra content. (10 pairs)","tactile, image review, accessibility, vehicles","$0.08","Sat Apr 18 07:37:37 PDT 2026","9","BatchId:5385913;OriginalHitTemplateId:928390873;","1800","1296000","Sat Apr 25 07:37:37 PDT 2026","","","3P1L2B7AEU32KBQRAGD25LTYVI4LO3","A2JKGAWYEHJ18S","Rejected","Sat Apr 18 09:14:23 PDT 2026","Sat Apr 18 09:23:30 PDT 2026","Sun May 03 09:23:30 PDT 2026","","Sat Apr 18 20:04:23 PDT 2026","Thank you for your time. Unfortunately this submission did not pass the embedded gold-standard checks; this task requires very careful attention to detail.","547","15% (3/20)","15% (3/20)","15% (3/20)","Satellite","https://tactileeval.s3.us-east-1.amazonaws.com/family_datasets/Vehicles_and_Flight_Systems/Satellite/Natural/4.jpg","https://tactileeval.s3.us-east-1.amazonaws.com/family_datasets/Vehicles_and_Flight_Systems/Satellite/Tactile/4.jpeg","","Satellite","https://tactileeval.s3.us-east-1.amazonaws.com/family_datasets/Vehicles_and_Flight_Systems/Satellite/Natural/5.jpeg","https://tactileeval.s3.us-east-1.amazonaws.com/family_datasets/Vehicles_and_Flight_Systems/Satellite/Tactile/5.jpeg","","Satellite","https://tactileeval.s3.us-east-1.amazonaws.com/family_datasets/Vehicles_and_Flight_Systems/Satellite/Natural/6.jpg","https://tactileeval.s3.us-east-1.amazonaws.com/family_datasets/Vehicles_and_Flight_Systems/Satellite/Tactile/6.jpeg","","Satellite","https://tactileeval.s3.us-east-1.amazonaws.com/family_datasets/Vehicles_and_Flight_Systems/Satellite/Natural/7.jpg","https://tactileeval.s3.us-east-1.amazonaws.com/family_datasets/Vehicles_and_Flight_Systems/Satellite/Tactile/7.jpeg","","Satellite","https://tactileeval.s3.us-east-1.amazonaws.com/family_datasets/Vehicles_and_Flight_Systems/Satellite/Natural/8.jpg","https://tactileeval.s3.us-east-1.amazonaws.com/family_datasets/Vehicles_and_Flight_Systems/Satellite/Tactile/8.jpg","","Satellite","https://tactileeval.s3.us-east-1.amazonaws.com/family_datasets/Vehicles_and_Flight_Systems/Satellite/Natural/9.jpg","https://tactileeval.s3.us-east-1.amazonaws.com/family_datasets/Vehicles_and_Flight_Systems/Satellite/Tactile/9.jpg","","Satellite","https://tactileeval.s3.us-east-1.amazonaws.com/family_datasets/Vehicles_and_Flight_Systems/Satellite/Natural/10.jpg","https://tactileeval.s3.us-east-1.amazonaws.com/family_datasets/Vehicles_and_Flight_Systems/Satellite/Tactile/10.jpeg","","Scooty","https://tactileeval.s3.us-east-1.amazonaws.com/family_datasets/Vehicles_and_Flight_Systems/Scooty/Natural/1_refined.jpg","https://tactileeval.s3.us-east-1.amazonaws.com/family_datasets/Vehicles_and_Flight_Systems/Scooty/Tactile/1_refined.png","","Scooty","https://tactileeval.s3.us-east-1.amazonaws.com/family_datasets/Vehicles_and_Flight_Systems/Scooty/Natural/2.jpg","https://tactileeval.s3.us-east-1.amazonaws.com/family_datasets/Vehicles_and_Flight_Systems/Scooty/Tactile/2.jpg","","Scooty","https://tactileeval.s3.us-east-1.amazonaws.com/family_datasets/Vehicles_and_Flight_Systems/Scooty/Natural/3.jpg","https://tactileeval.s3.us-east-1.amazonaws.com/family_datasets/Vehicles_and_Flight_Systems/Scooty/Tactile/3.jpg","","[{""question1"":{""all_correct"":false,""extra_parts"":false,""missing_parts"":false,""wrong_location"":true},""question10"":{""all_correct"":false,""extra_parts"":true,""missing_parts"":false,""wrong_location"":false},""question2"":{""all_correct"":false,""extra_parts"":true,""missing_parts"":false,""wrong_location"":false},""question3"":{""all_correct"":false,""extra_parts"":false,""missing_parts"":false,""wrong_location"":true},""question4"":{""all_correct"":false,""extra_parts"":true,""missing_parts"":false,""wrong_location"":false},""question5"":{""all_correct"":false,""extra_parts"":false,""missing_parts"":false,""wrong_location"":true},""question6"":{""all_correct"":false,""extra_parts"":true,""missing_parts"":false,""wrong_location"":false},""question7"":{""all_correct"":false,""extra_parts"":false,""missing_parts"":false,""wrong_location"":true},""question8"":{""all_correct"":false,""extra_parts"":true,""missing_parts"":false,""wrong_location"":false},""question9"":{""all_correct"":false,""extra_parts"":false,""missing_parts"":true,""wrong_location"":false}}]"
"3MZ3TAMYUD1153C8R3SSJGAILY9IRD","3U20ZGNLAG0U51KQK3YR7IVUILJD7F","Judge if an objects line-art has missing elements (10 pairs)","Review 10  line-arts and judge if it has/hasn't missing or extra content. (10 pairs)","tactile, image review, accessibility, vehicles","$0.08","Sat Apr 18 07:37:37 PDT 2026","9","BatchId:5385913;OriginalHitTemplateId:928390873;","1800","1296000","Sat Apr 25 07:37:37 PDT 2026","","","3YDTZAI2XQULQBC5YMGA78EFGLC14G","A11RQ0K5GQ3NJG","Rejected","Sat Apr 18 10:29:53 PDT 2026","Sat Apr 18 10:33:52 PDT 2026","Sun May 03 10:33:52 PDT 2026","","Sat Apr 18 20:04:23 PDT 2026","Thank you for your time. Unfortunately this submission did not pass the embedded gold-standard checks; this task requires very careful attention to detail.","239","39% (12/31)","39% (12/31)","39% (12/31)","Satellite","https://tactileeval.s3.us-east-1.amazonaws.com/family_datasets/Vehicles_and_Flight_Systems/Satellite/Natural/4.jpg","https://tactileeval.s3.us-east-1.amazonaws.com/family_datasets/Vehicles_and_Flight_Systems/Satellite/Tactile/4.jpeg","","Satellite","https://tactileeval.s3.us-east-1.amazonaws.com/family_datasets/Vehicles_and_Flight_Systems/Satellite/Natural/5.jpeg","https://tactileeval.s3.us-east-1.amazonaws.com/family_datasets/Vehicles_and_Flight_Systems/Satellite/Tactile/5.jpeg","","Satellite","https://tactileeval.s3.us-east-1.amazonaws.com/family_datasets/Vehicles_and_Flight_Systems/Satellite/Natural/6.jpg","https://tactileeval.s3.us-east-1.amazonaws.com/family_datasets/Vehicles_and_Flight_Systems/Satellite/Tactile/6.jpeg","","Satellite","https://tactileeval.s3.us-east-1.amazonaws.com/family_datasets/Vehicles_and_Flight_Systems/Satellite/Natural/7.jpg","https://tactileeval.s3.us-east-1.amazonaws.com/family_datasets/Vehicles_and_Flight_Systems/Satellite/Tactile/7.jpeg","","Satellite","https://tactileeval.s3.us-east-1.amazonaws.com/family_datasets/Vehicles_and_Flight_Systems/Satellite/Natural/8.jpg","https://tactileeval.s3.us-east-1.amazonaws.com/family_datasets/Vehicles_and_Flight_Systems/Satellite/Tactile/8.jpg","","Satellite","https://tactileeval.s3.us-east-1.amazonaws.com/family_datasets/Vehicles_and_Flight_Systems/Satellite/Natural/9.jpg","https://tactileeval.s3.us-east-1.amazonaws.com/family_datasets/Vehicles_and_Flight_Systems/Satellite/Tactile/9.jpg","","Satellite","https://tactileeval.s3.us-east-1.amazonaws.com/family_datasets/Vehicles_and_Flight_Systems/Satellite/Natural/10.jpg","https://tactileeval.s3.us-east-1.amazonaws.com/family_datasets/Vehicles_and_Flight_Systems/Satellite/Tactile/10.jpeg","","Scooty","https://tactileeval.s3.us-east-1.amazonaws.com/family_datasets/Vehicles_and_Flight_Systems/Scooty/Natural/1_refined.jpg","https://tactileeval.s3.us-east-1.amazonaws.com/family_datasets/Vehicles_and_Flight_Systems/Scooty/Tactile/1_refined.png","","Scooty","https://tactileeval.s3.us-east-1.amazonaws.com/family_datasets/Vehicles_and_Flight_Systems/Scooty/Natural/2.jpg","https://tactileeval.s3.us-east-1.amazonaws.com/family_datasets/Vehicles_and_Flight_Systems/Scooty/Tactile/2.jpg","","Scooty","https://tactileeval.s3.us-east-1.amazonaws.com/family_datasets/Vehicles_and_Flight_Systems/Scooty/Natural/3.jpg","https://tactileeval.s3.us-east-1.amazonaws.com/family_datasets/Vehicles_and_Flight_Systems/Scooty/Tactile/3.jpg","","[{""question1"":{""all_correct"":true,""extra_parts"":false,""missing_parts"":false,""wrong_location"":false},""question10"":{""all_correct"":true,""extra_parts"":false,""missing_parts"":false,""wrong_location"":false},""question2"":{""all_correct"":true,""extra_parts"":false,""missing_parts"":false,""wrong_location"":false},""question3"":{""all_correct"":true,""extra_parts"":false,""missing_parts"":false,""wrong_location"":false},""question4"":{""all_correct"":true,""extra_parts"":false,""missing_parts"":false,""wrong_location"":false},""question5"":{""all_correct"":false,""extra_parts"":false,""missing_parts"":false,""wrong_location"":true},""question6"":{""all_correct"":true,""extra_parts"":false,""missing_parts"":false,""wrong_location"":false},""question7"":{""all_correct"":false,""extra_parts"":false,""missing_parts"":false,""wrong_location"":true},""question8"":{""all_correct"":true,""extra_parts"":false,""missing_parts"":false,""wrong_location"":false},""question9"":{""all_correct"":true,""extra_parts"":false,""missing_parts"":false,""wrong_location"":false}}]"
"3MZ3TAMYUD1153C8R3SSJGAILY9IRD","3U20ZGNLAG0U51KQK3YR7IVUILJD7F","Judge if an objects line-art has missing elements (10 pairs)","Review 10  line-arts and judge if it has/hasn't missing or extra content. (10 pairs)","tactile, image review, accessibility, vehicles","$0.08","Sat Apr 18 07:37:37 PDT 2026","9","BatchId:5385913;OriginalHitTemplateId:928390873;","1800","1296000","Sat Apr 25 07:37:37 PDT 2026","","","33FOTY3KFFZOLFPKR1MSQ6Q38YT1CT","ASBG43I93VS4A","Rejected","Sat Apr 18 10:30:02 PDT 2026","Sat Apr 18 10:42:44 PDT 2026","Sun May 03 10:42:44 PDT 2026","","Sat Apr 18 20:04:23 PDT 2026","Thank you for your time. Unfortunately this submission did not pass the embedded gold-standard checks; this task requires very careful attention to detail.","762","27% (8/30)","27% (8/30)","27% (8/30)","Satellite","https://tactileeval.s3.us-east-1.amazonaws.com/family_datasets/Vehicles_and_Flight_Systems/Satellite/Natural/4.jpg","https://tactileeval.s3.us-east-1.amazonaws.com/family_datasets/Vehicles_and_Flight_Systems/Satellite/Tactile/4.jpeg","","Satellite","https://tactileeval.s3.us-east-1.amazonaws.com/family_datasets/Vehicles_and_Flight_Systems/Satellite/Natural/5.jpeg","https://tactileeval.s3.us-east-1.amazonaws.com/family_datasets/Vehicles_and_Flight_Systems/Satellite/Tactile/5.jpeg","","Satellite","https://tactileeval.s3.us-east-1.amazonaws.com/family_datasets/Vehicles_and_Flight_Systems/Satellite/Natural/6.jpg","https://tactileeval.s3.us-east-1.amazonaws.com/family_datasets/Vehicles_and_Flight_Systems/Satellite/Tactile/6.jpeg","","Satellite","https://tactileeval.s3.us-east-1.amazonaws.com/family_datasets/Vehicles_and_Flight_Systems/Satellite/Natural/7.jpg","https://tactileeval.s3.us-east-1.amazonaws.com/family_datasets/Vehicles_and_Flight_Systems/Satellite/Tactile/7.jpeg","","Satellite","https://tactileeval.s3.us-east-1.amazonaws.com/family_datasets/Vehicles_and_Flight_Systems/Satellite/Natural/8.jpg","https://tactileeval.s3.us-east-1.amazonaws.com/family_datasets/Vehicles_and_Flight_Systems/Satellite/Tactile/8.jpg","","Satellite","https://tactileeval.s3.us-east-1.amazonaws.com/family_datasets/Vehicles_and_Flight_Systems/Satellite/Natural/9.jpg","https://tactileeval.s3.us-east-1.amazonaws.com/family_datasets/Vehicles_and_Flight_Systems/Satellite/Tactile/9.jpg","","Satellite","https://tactileeval.s3.us-east-1.amazonaws.com/family_datasets/Vehicles_and_Flight_Systems/Satellite/Natural/10.jpg","https://tactileeval.s3.us-east-1.amazonaws.com/family_datasets/Vehicles_and_Flight_Systems/Satellite/Tactile/10.jpeg","","Scooty","https://tactileeval.s3.us-east-1.amazonaws.com/family_datasets/Vehicles_and_Flight_Systems/Scooty/Natural/1_refined.jpg","https://tactileeval.s3.us-east-1.amazonaws.com/family_datasets/Vehicles_and_Flight_Systems/Scooty/Tactile/1_refined.png","","Scooty","https://tactileeval.s3.us-east-1.amazonaws.com/family_datasets/Vehicles_and_Flight_Systems/Scooty/Natural/2.jpg","https://tactileeval.s3.us-east-1.amazonaws.com/family_datasets/Vehicles_and_Flight_Systems/Scooty/Tactile/2.jpg","","Scooty","https://tactileeval.s3.us-east-1.amazonaws.com/family_datasets/Vehicles_and_Flight_Systems/Scooty/Natural/3.jpg","https://tactileeval.s3.us-east-1.amazonaws.com/family_datasets/Vehicles_and_Flight_Systems/Scooty/Tactile/3.jpg","","[{""question1"":{""all_correct"":false,""extra_parts"":false,""missing_parts"":true,""wrong_location"":false},""question10"":{""all_correct"":true,""extra_parts"":false,""missing_parts"":false,""wrong_location"":false},""question2"":{""all_correct"":false,""extra_parts"":false,""missing_parts"":true,""wrong_location"":false},""question3"":{""all_correct"":false,""extra_parts"":true,""missing_parts"":false,""wrong_location"":false},""question4"":{""all_correct"":false,""extra_parts"":true,""missing_parts"":true,""wrong_location"":false},""question5"":{""all_correct"":false,""extra_parts"":true,""missing_parts"":true,""wrong_location"":false},""question6"":{""all_correct"":false,""extra_parts"":false,""missing_parts"":true,""wrong_location"":false},""question7"":{""all_correct"":false,""extra_parts"":false,""missing_parts"":true,""wrong_location"":false},""question8"":{""all_correct"":false,""extra_parts"":false,""missing_parts"":true,""wrong_location"":false},""question9"":{""all_correct"":false,""extra_parts"":false,""missing_parts"":true,""wrong_location"":false}}]"
"3MZ3TAMYUD1153C8R3SSJGAILY9IRD","3U20ZGNLAG0U51KQK3YR7IVUILJD7F","Judge if an objects line-art has missing elements (10 pairs)","Review 10  line-arts and judge if it has/hasn't missing or extra content. (10 pairs)","tactile, image review, accessibility, vehicles","$0.08","Sat Apr 18 07:37:37 PDT 2026","9","BatchId:5385913;OriginalHitTemplateId:928390873;","1800","1296000","Sat Apr 25 07:37:37 PDT 2026","","","3NXNZ5RS23B0Y3XJ4XTAPQG85ZQ97H","AM6XJQNLFEV4J","Rejected","Sat Apr 18 10:30:16 PDT 2026","Sat Apr 18 10:52:32 PDT 2026","Sun May 03 10:52:32 PDT 2026","","Sat Apr 18 20:04:23 PDT 2026","Thank you for your time. Unfortunately this submission did not pass the embedded gold-standard checks; this task requires very careful attention to detail.","1336","59% (19/32)","59% (19/32)","59% (19/32)","Satellite","https://tactileeval.s3.us-east-1.amazonaws.com/family_datasets/Vehicles_and_Flight_Systems/Satellite/Natural/4.jpg","https://tactileeval.s3.us-east-1.amazonaws.com/family_datasets/Vehicles_and_Flight_Systems/Satellite/Tactile/4.jpeg","","Satellite","https://tactileeval.s3.us-east-1.amazonaws.com/family_datasets/Vehicles_and_Flight_Systems/Satellite/Natural/5.jpeg","https://tactileeval.s3.us-east-1.amazonaws.com/family_datasets/Vehicles_and_Flight_Systems/Satellite/Tactile/5.jpeg","","Satellite","https://tactileeval.s3.us-east-1.amazonaws.com/family_datasets/Vehicles_and_Flight_Systems/Satellite/Natural/6.jpg","https://tactileeval.s3.us-east-1.amazonaws.com/family_datasets/Vehicles_and_Flight_Systems/Satellite/Tactile/6.jpeg","","Satellite","https://tactileeval.s3.us-east-1.amazonaws.com/family_datasets/Vehicles_and_Flight_Systems/Satellite/Natural/7.jpg","https://tactileeval.s3.us-east-1.amazonaws.com/family_datasets/Vehicles_and_Flight_Systems/Satellite/Tactile/7.jpeg","","Satellite","https://tactileeval.s3.us-east-1.amazonaws.com/family_datasets/Vehicles_and_Flight_Systems/Satellite/Natural/8.jpg","https://tactileeval.s3.us-east-1.amazonaws.com/family_datasets/Vehicles_and_Flight_Systems/Satellite/Tactile/8.jpg","","Satellite","https://tactileeval.s3.us-east-1.amazonaws.com/family_datasets/Vehicles_and_Flight_Systems/Satellite/Natural/9.jpg","https://tactileeval.s3.us-east-1.amazonaws.com/family_datasets/Vehicles_and_Flight_Systems/Satellite/Tactile/9.jpg","","Satellite","https://tactileeval.s3.us-east-1.amazonaws.com/family_datasets/Vehicles_and_Flight_Systems/Satellite/Natural/10.jpg","https://tactileeval.s3.us-east-1.amazonaws.com/family_datasets/Vehicles_and_Flight_Systems/Satellite/Tactile/10.jpeg","","Scooty","https://tactileeval.s3.us-east-1.amazonaws.com/family_datasets/Vehicles_and_Flight_Systems/Scooty/Natural/1_refined.jpg","https://tactileeval.s3.us-east-1.amazonaws.com/family_datasets/Vehicles_and_Flight_Systems/Scooty/Tactile/1_refined.png","","Scooty","https://tactileeval.s3.us-east-1.amazonaws.com/family_datasets/Vehicles_and_Flight_Systems/Scooty/Natural/2.jpg","https://tactileeval.s3.us-east-1.amazonaws.com/family_datasets/Vehicles_and_Flight_Systems/Scooty/Tactile/2.jpg","","Scooty","https://tactileeval.s3.us-east-1.amazonaws.com/family_datasets/Vehicles_and_Flight_Systems/Scooty/Natural/3.jpg","https://tactileeval.s3.us-east-1.amazonaws.com/family_datasets/Vehicles_and_Flight_Systems/Scooty/Tactile/3.jpg","","[{""question1"":{""all_correct"":false,""extra_parts"":true,""missing_parts"":true,""wrong_location"":false},""question10"":{""all_correct"":true,""extra_parts"":false,""missing_parts"":false,""wrong_location"":false},""question2"":{""all_correct"":false,""extra_parts"":true,""missing_parts"":true,""wrong_location"":false},""question3"":{""all_correct"":false,""extra_parts"":true,""missing_parts"":true,""wrong_location"":false},""question4"":{""all_correct"":false,""extra_parts"":true,""missing_parts"":true,""wrong_location"":false},""question5"":{""all_correct"":false,""extra_parts"":true,""missing_parts"":true,""wrong_location"":false},""question6"":{""all_correct"":false,""extra_parts"":true,""missing_parts"":false,""wrong_location"":false},""question7"":{""all_correct"":false,""extra_parts"":true,""missing_parts"":false,""wrong_location"":false},""question8"":{""all_correct"":false,""extra_parts"":true,""missing_parts"":true,""wrong_location"":false},""question9"":{""all_correct"":false,""extra_parts"":true,""missing_parts"":true,""wrong_location"":false}}]"
"3MZ3TAMYUD1153C8R3SSJGAILY9IRD","3U20ZGNLAG0U51KQK3YR7IVUILJD7F","Judge if an objects line-art has missing elements (10 pairs)","Review 10  line-arts and judge if it has/hasn't missing or extra content. (10 pairs)","tactile, image review, accessibility, vehicles","$0.08","Sat Apr 18 07:37:37 PDT 2026","9","BatchId:5385913;OriginalHitTemplateId:928390873;","1800","1296000","Sat Apr 25 07:37:37 PDT 2026","","","30ZX6P7VG19IIEDMKX3SITD3QOGJ26","A12VYCG9CMKAFA","Rejected","Sat Apr 18 10:30:10 PDT 2026","Sat Apr 18 10:54:19 PDT 2026","Sun May 03 10:54:19 PDT 2026","","Sat Apr 18 20:04:23 PDT 2026","Thank you for your time. Unfortunately this submission did not pass the embedded gold-standard checks; this task requires very careful attention to detail.","1449","26% (7/27)","26% (7/27)","26% (7/27)","Satellite","https://tactileeval.s3.us-east-1.amazonaws.com/family_datasets/Vehicles_and_Flight_Systems/Satellite/Natural/4.jpg","https://tactileeval.s3.us-east-1.amazonaws.com/family_datasets/Vehicles_and_Flight_Systems/Satellite/Tactile/4.jpeg","","Satellite","https://tactileeval.s3.us-east-1.amazonaws.com/family_datasets/Vehicles_and_Flight_Systems/Satellite/Natural/5.jpeg","https://tactileeval.s3.us-east-1.amazonaws.com/family_datasets/Vehicles_and_Flight_Systems/Satellite/Tactile/5.jpeg","","Satellite","https://tactileeval.s3.us-east-1.amazonaws.com/family_datasets/Vehicles_and_Flight_Systems/Satellite/Natural/6.jpg","https://tactileeval.s3.us-east-1.amazonaws.com/family_datasets/Vehicles_and_Flight_Systems/Satellite/Tactile/6.jpeg","","Satellite","https://tactileeval.s3.us-east-1.amazonaws.com/family_datasets/Vehicles_and_Flight_Systems/Satellite/Natural/7.jpg","https://tactileeval.s3.us-east-1.amazonaws.com/family_datasets/Vehicles_and_Flight_Systems/Satellite/Tactile/7.jpeg","","Satellite","https://tactileeval.s3.us-east-1.amazonaws.com/family_datasets/Vehicles_and_Flight_Systems/Satellite/Natural/8.jpg","https://tactileeval.s3.us-east-1.amazonaws.com/family_datasets/Vehicles_and_Flight_Systems/Satellite/Tactile/8.jpg","","Satellite","https://tactileeval.s3.us-east-1.amazonaws.com/family_datasets/Vehicles_and_Flight_Systems/Satellite/Natural/9.jpg","https://tactileeval.s3.us-east-1.amazonaws.com/family_datasets/Vehicles_and_Flight_Systems/Satellite/Tactile/9.jpg","","Satellite","https://tactileeval.s3.us-east-1.amazonaws.com/family_datasets/Vehicles_and_Flight_Systems/Satellite/Natural/10.jpg","https://tactileeval.s3.us-east-1.amazonaws.com/family_datasets/Vehicles_and_Flight_Systems/Satellite/Tactile/10.jpeg","","Scooty","https://tactileeval.s3.us-east-1.amazonaws.com/family_datasets/Vehicles_and_Flight_Systems/Scooty/Natural/1_refined.jpg","https://tactileeval.s3.us-east-1.amazonaws.com/family_datasets/Vehicles_and_Flight_Systems/Scooty/Tactile/1_refined.png","","Scooty","https://tactileeval.s3.us-east-1.amazonaws.com/family_datasets/Vehicles_and_Flight_Systems/Scooty/Natural/2.jpg","https://tactileeval.s3.us-east-1.amazonaws.com/family_datasets/Vehicles_and_Flight_Systems/Scooty/Tactile/2.jpg","","Scooty","https://tactileeval.s3.us-east-1.amazonaws.com/family_datasets/Vehicles_and_Flight_Systems/Scooty/Natural/3.jpg","https://tactileeval.s3.us-east-1.amazonaws.com/family_datasets/Vehicles_and_Flight_Systems/Scooty/Tactile/3.jpg","","[{""question1"":{""all_correct"":false,""extra_parts"":true,""missing_parts"":false,""wrong_location"":false},""question10"":{""all_correct"":false,""extra_parts"":true,""missing_parts"":false,""wrong_location"":false},""question2"":{""all_correct"":false,""extra_parts"":true,""missing_parts"":false,""wrong_location"":false},""question3"":{""all_correct"":false,""extra_parts"":true,""missing_parts"":false,""wrong_location"":false},""question4"":{""all_correct"":false,""extra_parts"":true,""missing_parts"":false,""wrong_location"":false},""question5"":{""all_correct"":false,""extra_parts"":true,""missing_parts"":false,""wrong_location"":false},""question6"":{""all_correct"":false,""extra_parts"":true,""missing_parts"":false,""wrong_location"":false},""question7"":{""all_correct"":false,""extra_parts"":true,""missing_parts"":false,""wrong_location"":false},""question8"":{""all_correct"":true,""extra_parts"":false,""missing_parts"":false,""wrong_location"":false},""question9"":{""all_correct"":false,""extra_parts"":true,""missing_parts"":false,""wrong_location"":false}}]"
"3MZ3TAMYUD1153C8R3SSJGAILY9IRD","3U20ZGNLAG0U51KQK3YR7IVUILJD7F","Judge if an objects line-art has missing elements (10 pairs)","Review 10  line-arts and judge if it has/hasn't missing or extra content. (10 pairs)","tactile, image review, accessibility, vehicles","$0.08","Sat Apr 18 07:37:37 PDT 2026","9","BatchId:5385913;OriginalHitTemplateId:928390873;","1800","1296000","Sat Apr 25 07:37:37 PDT 2026","","","3YMU66OBJGMC62Q3VCLW8KRPNFHGHH","A2I68SNRG9QUY7","Rejected","Sat Apr 18 10:30:17 PDT 2026","Sat Apr 18 10:59:48 PDT 2026","Sun May 03 10:59:48 PDT 2026","","Sat Apr 18 20:04:24 PDT 2026","Thank you for your time. Unfortunately this submission did not pass the embedded gold-standard checks; this task requires very careful attention to detail.","1771","11% (1/9)","11% (1/9)","11% (1/9)","Satellite","https://tactileeval.s3.us-east-1.amazonaws.com/family_datasets/Vehicles_and_Flight_Systems/Satellite/Natural/4.jpg","https://tactileeval.s3.us-east-1.amazonaws.com/family_datasets/Vehicles_and_Flight_Systems/Satellite/Tactile/4.jpeg","","Satellite","https://tactileeval.s3.us-east-1.amazonaws.com/family_datasets/Vehicles_and_Flight_Systems/Satellite/Natural/5.jpeg","https://tactileeval.s3.us-east-1.amazonaws.com/family_datasets/Vehicles_and_Flight_Systems/Satellite/Tactile/5.jpeg","","Satellite","https://tactileeval.s3.us-east-1.amazonaws.com/family_datasets/Vehicles_and_Flight_Systems/Satellite/Natural/6.jpg","https://tactileeval.s3.us-east-1.amazonaws.com/family_datasets/Vehicles_and_Flight_Systems/Satellite/Tactile/6.jpeg","","Satellite","https://tactileeval.s3.us-east-1.amazonaws.com/family_datasets/Vehicles_and_Flight_Systems/Satellite/Natural/7.jpg","https://tactileeval.s3.us-east-1.amazonaws.com/family_datasets/Vehicles_and_Flight_Systems/Satellite/Tactile/7.jpeg","","Satellite","https://tactileeval.s3.us-east-1.amazonaws.com/family_datasets/Vehicles_and_Flight_Systems/Satellite/Natural/8.jpg","https://tactileeval.s3.us-east-1.amazonaws.com/family_datasets/Vehicles_and_Flight_Systems/Satellite/Tactile/8.jpg","","Satellite","https://tactileeval.s3.us-east-1.amazonaws.com/family_datasets/Vehicles_and_Flight_Systems/Satellite/Natural/9.jpg","https://tactileeval.s3.us-east-1.amazonaws.com/family_datasets/Vehicles_and_Flight_Systems/Satellite/Tactile/9.jpg","","Satellite","https://tactileeval.s3.us-east-1.amazonaws.com/family_datasets/Vehicles_and_Flight_Systems/Satellite/Natural/10.jpg","https://tactileeval.s3.us-east-1.amazonaws.com/family_datasets/Vehicles_and_Flight_Systems/Satellite/Tactile/10.jpeg","","Scooty","https://tactileeval.s3.us-east-1.amazonaws.com/family_datasets/Vehicles_and_Flight_Systems/Scooty/Natural/1_refined.jpg","https://tactileeval.s3.us-east-1.amazonaws.com/family_datasets/Vehicles_and_Flight_Systems/Scooty/Tactile/1_refined.png","","Scooty","https://tactileeval.s3.us-east-1.amazonaws.com/family_datasets/Vehicles_and_Flight_Systems/Scooty/Natural/2.jpg","https://tactileeval.s3.us-east-1.amazonaws.com/family_datasets/Vehicles_and_Flight_Systems/Scooty/Tactile/2.jpg","","Scooty","https://tactileeval.s3.us-east-1.amazonaws.com/family_datasets/Vehicles_and_Flight_Systems/Scooty/Natural/3.jpg","https://tactileeval.s3.us-east-1.amazonaws.com/family_datasets/Vehicles_and_Flight_Systems/Scooty/Tactile/3.jpg","","[{""question1"":{""all_correct"":false,""extra_parts"":false,""missing_parts"":true,""wrong_location"":false},""question10"":{""all_correct"":true,""extra_parts"":false,""missing_parts"":false,""wrong_location"":false},""question2"":{""all_correct"":false,""extra_parts"":true,""missing_parts"":false,""wrong_location"":false},""question3"":{""all_correct"":false,""extra_parts"":true,""missing_parts"":false,""wrong_location"":false},""question4"":{""all_correct"":false,""extra_parts"":true,""missing_parts"":false,""wrong_location"":false},""question5"":{""all_correct"":false,""extra_parts"":true,""missing_parts"":false,""wrong_location"":false},""question6"":{""all_correct"":false,""extra_parts"":true,""missing_parts"":false,""wrong_location"":false},""question7"":{""all_correct"":false,""extra_parts"":true,""missing_parts"":false,""wrong_location"":false},""question8"":{""all_correct"":false,""extra_parts"":false,""missing_parts"":true,""wrong_location"":false},""question9"":{""all_correct"":true,""extra_parts"":false,""missing_parts"":false,""wrong_location"":false}}]"
"3MZ3TAMYUD1153C8R3SSJGAILY9IRD","3U20ZGNLAG0U51KQK3YR7IVUILJD7F","Judge if an objects line-art has missing elements (10 pairs)","Review 10  line-arts and judge if it has/hasn't missing or extra content. (10 pairs)","tactile, image review, accessibility, vehicles","$0.08","Sat Apr 18 07:37:37 PDT 2026","9","BatchId:5385913;OriginalHitTemplateId:928390873;","1800","1296000","Sat Apr 25 07:37:37 PDT 2026","","","36H9ULYP7V82J8PY8SIZ2C7SZSOFJP","A3O5ICTUN0AMMI","Rejected","Sat Apr 18 11:01:35 PDT 2026","Sat Apr 18 11:09:04 PDT 2026","Sun May 03 11:09:04 PDT 2026","","Sat Apr 18 20:04:24 PDT 2026","Thank you for your time. Unfortunately this submission did not pass the embedded gold-standard checks; this task requires very careful attention to detail.","449","50% (8/16)","50% (8/16)","50% (8/16)","Satellite","https://tactileeval.s3.us-east-1.amazonaws.com/family_datasets/Vehicles_and_Flight_Systems/Satellite/Natural/4.jpg","https://tactileeval.s3.us-east-1.amazonaws.com/family_datasets/Vehicles_and_Flight_Systems/Satellite/Tactile/4.jpeg","","Satellite","https://tactileeval.s3.us-east-1.amazonaws.com/family_datasets/Vehicles_and_Flight_Systems/Satellite/Natural/5.jpeg","https://tactileeval.s3.us-east-1.amazonaws.com/family_datasets/Vehicles_and_Flight_Systems/Satellite/Tactile/5.jpeg","","Satellite","https://tactileeval.s3.us-east-1.amazonaws.com/family_datasets/Vehicles_and_Flight_Systems/Satellite/Natural/6.jpg","https://tactileeval.s3.us-east-1.amazonaws.com/family_datasets/Vehicles_and_Flight_Systems/Satellite/Tactile/6.jpeg","","Satellite","https://tactileeval.s3.us-east-1.amazonaws.com/family_datasets/Vehicles_and_Flight_Systems/Satellite/Natural/7.jpg","https://tactileeval.s3.us-east-1.amazonaws.com/family_datasets/Vehicles_and_Flight_Systems/Satellite/Tactile/7.jpeg","","Satellite","https://tactileeval.s3.us-east-1.amazonaws.com/family_datasets/Vehicles_and_Flight_Systems/Satellite/Natural/8.jpg","https://tactileeval.s3.us-east-1.amazonaws.com/family_datasets/Vehicles_and_Flight_Systems/Satellite/Tactile/8.jpg","","Satellite","https://tactileeval.s3.us-east-1.amazonaws.com/family_datasets/Vehicles_and_Flight_Systems/Satellite/Natural/9.jpg","https://tactileeval.s3.us-east-1.amazonaws.com/family_datasets/Vehicles_and_Flight_Systems/Satellite/Tactile/9.jpg","","Satellite","https://tactileeval.s3.us-east-1.amazonaws.com/family_datasets/Vehicles_and_Flight_Systems/Satellite/Natural/10.jpg","https://tactileeval.s3.us-east-1.amazonaws.com/family_datasets/Vehicles_and_Flight_Systems/Satellite/Tactile/10.jpeg","","Scooty","https://tactileeval.s3.us-east-1.amazonaws.com/family_datasets/Vehicles_and_Flight_Systems/Scooty/Natural/1_refined.jpg","https://tactileeval.s3.us-east-1.amazonaws.com/family_datasets/Vehicles_and_Flight_Systems/Scooty/Tactile/1_refined.png","","Scooty","https://tactileeval.s3.us-east-1.amazonaws.com/family_datasets/Vehicles_and_Flight_Systems/Scooty/Natural/2.jpg","https://tactileeval.s3.us-east-1.amazonaws.com/family_datasets/Vehicles_and_Flight_Systems/Scooty/Tactile/2.jpg","","Scooty","https://tactileeval.s3.us-east-1.amazonaws.com/family_datasets/Vehicles_and_Flight_Systems/Scooty/Natural/3.jpg","https://tactileeval.s3.us-east-1.amazonaws.com/family_datasets/Vehicles_and_Flight_Systems/Scooty/Tactile/3.jpg","","[{""question1"":{""all_correct"":false,""extra_parts"":true,""missing_parts"":false,""wrong_location"":false},""question10"":{""all_correct"":true,""extra_parts"":false,""missing_parts"":false,""wrong_location"":false},""question2"":{""all_correct"":false,""extra_parts"":false,""missing_parts"":false,""wrong_location"":true},""question3"":{""all_correct"":true,""extra_parts"":false,""missing_parts"":false,""wrong_location"":false},""question4"":{""all_correct"":false,""extra_parts"":false,""missing_parts"":true,""wrong_location"":false},""question5"":{""all_correct"":false,""extra_parts"":false,""missing_parts"":false,""wrong_location"":true},""question6"":{""all_correct"":true,""extra_parts"":false,""missing_parts"":false,""wrong_location"":false},""question7"":{""all_correct"":false,""extra_parts"":false,""missing_parts"":true,""wrong_location"":false},""question8"":{""all_correct"":false,""extra_parts"":false,""missing_parts"":true,""wrong_location"":false},""question9"":{""all_correct"":false,""extra_parts"":false,""missing_parts"":true,""wrong_location"":false}}]"
"3MZ3TAMYUD1153C8R3SSJGAILY9IRD","3U20ZGNLAG0U51KQK3YR7IVUILJD7F","Judge if an objects line-art has missing elements (10 pairs)","Review 10  line-arts and judge if it has/hasn't missing or extra content. (10 pairs)","tactile, image review, accessibility, vehicles","$0.08","Sat Apr 18 07:37:37 PDT 2026","9","BatchId:5385913;OriginalHitTemplateId:928390873;","1800","1296000","Sat Apr 25 07:37:37 PDT 2026","","","3HUTX6F6WN1WJP4J0AVXQPUPPJUO20","A7D1G6VBRTJMJ","Rejected","Sat Apr 18 20:43:16 PDT 2026","Sat Apr 18 20:49:29 PDT 2026","Sun May 03 20:49:29 PDT 2026","","Sun Apr 19 07:44:31 PDT 2026","Thank you for your time. Unfortunately this submission did not pass the embedded gold-standard checks; this task requires very careful attention to detail.","373","46% (11/24)","46% (11/24)","46% (11/24)","Satellite","https://tactileeval.s3.us-east-1.amazonaws.com/family_datasets/Vehicles_and_Flight_Systems/Satellite/Natural/4.jpg","https://tactileeval.s3.us-east-1.amazonaws.com/family_datasets/Vehicles_and_Flight_Systems/Satellite/Tactile/4.jpeg","","Satellite","https://tactileeval.s3.us-east-1.amazonaws.com/family_datasets/Vehicles_and_Flight_Systems/Satellite/Natural/5.jpeg","https://tactileeval.s3.us-east-1.amazonaws.com/family_datasets/Vehicles_and_Flight_Systems/Satellite/Tactile/5.jpeg","","Satellite","https://tactileeval.s3.us-east-1.amazonaws.com/family_datasets/Vehicles_and_Flight_Systems/Satellite/Natural/6.jpg","https://tactileeval.s3.us-east-1.amazonaws.com/family_datasets/Vehicles_and_Flight_Systems/Satellite/Tactile/6.jpeg","","Satellite","https://tactileeval.s3.us-east-1.amazonaws.com/family_datasets/Vehicles_and_Flight_Systems/Satellite/Natural/7.jpg","https://tactileeval.s3.us-east-1.amazonaws.com/family_datasets/Vehicles_and_Flight_Systems/Satellite/Tactile/7.jpeg","","Satellite","https://tactileeval.s3.us-east-1.amazonaws.com/family_datasets/Vehicles_and_Flight_Systems/Satellite/Natural/8.jpg","https://tactileeval.s3.us-east-1.amazonaws.com/family_datasets/Vehicles_and_Flight_Systems/Satellite/Tactile/8.jpg","","Satellite","https://tactileeval.s3.us-east-1.amazonaws.com/family_datasets/Vehicles_and_Flight_Systems/Satellite/Natural/9.jpg","https://tactileeval.s3.us-east-1.amazonaws.com/family_datasets/Vehicles_and_Flight_Systems/Satellite/Tactile/9.jpg","","Satellite","https://tactileeval.s3.us-east-1.amazonaws.com/family_datasets/Vehicles_and_Flight_Systems/Satellite/Natural/10.jpg","https://tactileeval.s3.us-east-1.amazonaws.com/family_datasets/Vehicles_and_Flight_Systems/Satellite/Tactile/10.jpeg","","Scooty","https://tactileeval.s3.us-east-1.amazonaws.com/family_datasets/Vehicles_and_Flight_Systems/Scooty/Natural/1_refined.jpg","https://tactileeval.s3.us-east-1.amazonaws.com/family_datasets/Vehicles_and_Flight_Systems/Scooty/Tactile/1_refined.png","","Scooty","https://tactileeval.s3.us-east-1.amazonaws.com/family_datasets/Vehicles_and_Flight_Systems/Scooty/Natural/2.jpg","https://tactileeval.s3.us-east-1.amazonaws.com/family_datasets/Vehicles_and_Flight_Systems/Scooty/Tactile/2.jpg","","Scooty","https://tactileeval.s3.us-east-1.amazonaws.com/family_datasets/Vehicles_and_Flight_Systems/Scooty/Natural/3.jpg","https://tactileeval.s3.us-east-1.amazonaws.com/family_datasets/Vehicles_and_Flight_Systems/Scooty/Tactile/3.jpg","","[{""question1"":{""all_correct"":false,""extra_parts"":false,""missing_parts"":false,""wrong_location"":true},""question10"":{""all_correct"":true,""extra_parts"":false,""missing_parts"":false,""wrong_location"":false},""question2"":{""all_correct"":true,""extra_parts"":false,""missing_parts"":false,""wrong_location"":false},""question3"":{""all_correct"":true,""extra_parts"":false,""missing_parts"":false,""wrong_location"":false},""question4"":{""all_correct"":false,""extra_parts"":true,""missing_parts"":false,""wrong_location"":false},""question5"":{""all_correct"":false,""extra_parts"":false,""missing_parts"":false,""wrong_location"":true},""question6"":{""all_correct"":true,""extra_parts"":false,""missing_parts"":false,""wrong_location"":false},""question7"":{""all_correct"":false,""extra_parts"":false,""missing_parts"":true,""wrong_location"":false},""question8"":{""all_correct"":true,""extra_parts"":false,""missing_parts"":false,""wrong_location"":false},""question9"":{""all_correct"":true,""extra_parts"":false,""missing_parts"":false,""wrong_location"":false}}]"
"3MZ3TAMYUD1153C8R3SSJGAILY9IRD","3U20ZGNLAG0U51KQK3YR7IVUILJD7F","Judge if an objects line-art has missing elements (10 pairs)","Review 10  line-arts and judge if it has/hasn't missing or extra content. (10 pairs)","tactile, image review, accessibility, vehicles","$0.08","Sat Apr 18 07:37:37 PDT 2026","9","BatchId:5385913;OriginalHitTemplateId:928390873;","1800","1296000","Sat Apr 25 07:37:37 PDT 2026","","","36AHBNMV2KQVGD613MOCOZJV0KSDYJ","AM8EV600ZP69X","Approved","Sun Apr 19 00:37:47 PDT 2026","Sun Apr 19 00:49:50 PDT 2026","Mon May 04 00:49:50 PDT 2026","Sun Apr 19 07:44:31 PDT 2026","","","723","86% (32/37)","86% (32/37)","86% (32/37)","Satellite","https://tactileeval.s3.us-east-1.amazonaws.com/family_datasets/Vehicles_and_Flight_Systems/Satellite/Natural/4.jpg","https://tactileeval.s3.us-east-1.amazonaws.com/family_datasets/Vehicles_and_Flight_Systems/Satellite/Tactile/4.jpeg","","Satellite","https://tactileeval.s3.us-east-1.amazonaws.com/family_datasets/Vehicles_and_Flight_Systems/Satellite/Natural/5.jpeg","https://tactileeval.s3.us-east-1.amazonaws.com/family_datasets/Vehicles_and_Flight_Systems/Satellite/Tactile/5.jpeg","","Satellite","https://tactileeval.s3.us-east-1.amazonaws.com/family_datasets/Vehicles_and_Flight_Systems/Satellite/Natural/6.jpg","https://tactileeval.s3.us-east-1.amazonaws.com/family_datasets/Vehicles_and_Flight_Systems/Satellite/Tactile/6.jpeg","","Satellite","https://tactileeval.s3.us-east-1.amazonaws.com/family_datasets/Vehicles_and_Flight_Systems/Satellite/Natural/7.jpg","https://tactileeval.s3.us-east-1.amazonaws.com/family_datasets/Vehicles_and_Flight_Systems/Satellite/Tactile/7.jpeg","","Satellite","https://tactileeval.s3.us-east-1.amazonaws.com/family_datasets/Vehicles_and_Flight_Systems/Satellite/Natural/8.jpg","https://tactileeval.s3.us-east-1.amazonaws.com/family_datasets/Vehicles_and_Flight_Systems/Satellite/Tactile/8.jpg","","Satellite","https://tactileeval.s3.us-east-1.amazonaws.com/family_datasets/Vehicles_and_Flight_Systems/Satellite/Natural/9.jpg","https://tactileeval.s3.us-east-1.amazonaws.com/family_datasets/Vehicles_and_Flight_Systems/Satellite/Tactile/9.jpg","","Satellite","https://tactileeval.s3.us-east-1.amazonaws.com/family_datasets/Vehicles_and_Flight_Systems/Satellite/Natural/10.jpg","https://tactileeval.s3.us-east-1.amazonaws.com/family_datasets/Vehicles_and_Flight_Systems/Satellite/Tactile/10.jpeg","","Scooty","https://tactileeval.s3.us-east-1.amazonaws.com/family_datasets/Vehicles_and_Flight_Systems/Scooty/Natural/1_refined.jpg","https://tactileeval.s3.us-east-1.amazonaws.com/family_datasets/Vehicles_and_Flight_Systems/Scooty/Tactile/1_refined.png","","Scooty","https://tactileeval.s3.us-east-1.amazonaws.com/family_datasets/Vehicles_and_Flight_Systems/Scooty/Natural/2.jpg","https://tactileeval.s3.us-east-1.amazonaws.com/family_datasets/Vehicles_and_Flight_Systems/Scooty/Tactile/2.jpg","","Scooty","https://tactileeval.s3.us-east-1.amazonaws.com/family_datasets/Vehicles_and_Flight_Systems/Scooty/Natural/3.jpg","https://tactileeval.s3.us-east-1.amazonaws.com/family_datasets/Vehicles_and_Flight_Systems/Scooty/Tactile/3.jpg","","[{""question1"":{""all_correct"":false,""extra_parts"":false,""missing_parts"":true,""wrong_location"":false},""question10"":{""all_correct"":false,""extra_parts"":false,""missing_parts"":true,""wrong_location"":false},""question2"":{""all_correct"":true,""extra_parts"":false,""missing_parts"":false,""wrong_location"":false},""question3"":{""all_correct"":true,""extra_parts"":false,""missing_parts"":false,""wrong_location"":false},""question4"":{""all_correct"":false,""extra_parts"":false,""missing_parts"":true,""wrong_location"":false},""question5"":{""all_correct"":true,""extra_parts"":false,""missing_parts"":false,""wrong_location"":false},""question6"":{""all_correct"":true,""extra_parts"":false,""missing_parts"":false,""wrong_location"":false},""question7"":{""all_correct"":false,""extra_parts"":false,""missing_parts"":true,""wrong_location"":false},""question8"":{""all_correct"":false,""extra_parts"":true,""missing_parts"":false,""wrong_location"":false},""question9"":{""all_correct"":false,""extra_parts"":false,""missing_parts"":true,""wrong_location"":false}}]"
"336OE47KJUYBZ5DUP41HL48TLFKVWQ","3U20ZGNLAG0U51KQK3YR7IVUILJD7F","Judge if an objects line-art has missing elements (10 pairs)","Review 10  line-arts and judge if it has/hasn't missing or extra content. (10 pairs)","tactile, image review, accessibility, vehicles","$0.08","Sat Apr 18 07:37:37 PDT 2026","9","BatchId:5385913;OriginalHitTemplateId:928390873;","1800","1296000","Sat Apr 25 07:37:37 PDT 2026","","","3RKNTXVS4FCHKZP5U593I97IKF64AV","A2JKGAWYEHJ18S","Rejected","Sat Apr 18 09:14:51 PDT 2026","Sat Apr 18 09:25:22 PDT 2026","Sun May 03 09:25:22 PDT 2026","","Sat Apr 18 20:04:24 PDT 2026","Thank you for your time. Unfortunately this submission did not pass the embedded gold-standard checks; this task requires very careful attention to detail.","631","15% (3/20)","15% (3/20)","15% (3/20)","Scooty","https://tactileeval.s3.us-east-1.amazonaws.com/family_datasets/Vehicles_and_Flight_Systems/Scooty/Natural/4.jpg","https://tactileeval.s3.us-east-1.amazonaws.com/family_datasets/Vehicles_and_Flight_Systems/Scooty/Tactile/4.jpg","","Scooty","https://tactileeval.s3.us-east-1.amazonaws.com/family_datasets/Vehicles_and_Flight_Systems/Scooty/Natural/5.jpg","https://tactileeval.s3.us-east-1.amazonaws.com/family_datasets/Vehicles_and_Flight_Systems/Scooty/Tactile/5.jpg","","Scooty","https://tactileeval.s3.us-east-1.amazonaws.com/family_datasets/Vehicles_and_Flight_Systems/Scooty/Natural/6.jpg","https://tactileeval.s3.us-east-1.amazonaws.com/family_datasets/Vehicles_and_Flight_Systems/Scooty/Tactile/6.jpg","","Scooty","https://tactileeval.s3.us-east-1.amazonaws.com/family_datasets/Vehicles_and_Flight_Systems/Scooty/Natural/7.jpg","https://tactileeval.s3.us-east-1.amazonaws.com/family_datasets/Vehicles_and_Flight_Systems/Scooty/Tactile/7.jpg","","Scooty","https://tactileeval.s3.us-east-1.amazonaws.com/family_datasets/Vehicles_and_Flight_Systems/Scooty/Natural/8.jpg","https://tactileeval.s3.us-east-1.amazonaws.com/family_datasets/Vehicles_and_Flight_Systems/Scooty/Tactile/8.jpg","","Scooty","https://tactileeval.s3.us-east-1.amazonaws.com/family_datasets/Vehicles_and_Flight_Systems/Scooty/Natural/9.jpg","https://tactileeval.s3.us-east-1.amazonaws.com/family_datasets/Vehicles_and_Flight_Systems/Scooty/Tactile/9.jpg","","Scooty","https://tactileeval.s3.us-east-1.amazonaws.com/family_datasets/Vehicles_and_Flight_Systems/Scooty/Natural/10.jpg","https://tactileeval.s3.us-east-1.amazonaws.com/family_datasets/Vehicles_and_Flight_Systems/Scooty/Tactile/10.jpg","","Scooty","https://tactileeval.s3.us-east-1.amazonaws.com/family_datasets/Vehicles_and_Flight_Systems/Scooty/Natural/11.png","https://tactileeval.s3.us-east-1.amazonaws.com/family_datasets/Vehicles_and_Flight_Systems/Scooty/Tactile/11.jpg","","Scooty","https://tactileeval.s3.us-east-1.amazonaws.com/family_datasets/Vehicles_and_Flight_Systems/Scooty/Natural/12.jpg","https://tactileeval.s3.us-east-1.amazonaws.com/family_datasets/Vehicles_and_Flight_Systems/Scooty/Tactile/12.jpg","","Ship","https://tactileeval.s3.us-east-1.amazonaws.com/family_datasets/Vehicles_and_Flight_Systems/Ship/Natural/1.jpg","https://tactileeval.s3.us-east-1.amazonaws.com/family_datasets/Vehicles_and_Flight_Systems/Ship/Tactile/1.jpg","","[{""question1"":{""all_correct"":false,""extra_parts"":true,""missing_parts"":false,""wrong_location"":false},""question10"":{""all_correct"":false,""extra_parts"":false,""missing_parts"":true,""wrong_location"":false},""question2"":{""all_correct"":false,""extra_parts"":false,""missing_parts"":false,""wrong_location"":true},""question3"":{""all_correct"":false,""extra_parts"":false,""missing_parts"":false,""wrong_location"":true},""question4"":{""all_correct"":false,""extra_parts"":true,""missing_parts"":false,""wrong_location"":false},""question5"":{""all_correct"":false,""extra_parts"":false,""missing_parts"":true,""wrong_location"":false},""question6"":{""all_correct"":false,""extra_parts"":true,""missing_parts"":false,""wrong_location"":false},""question7"":{""all_correct"":false,""extra_parts"":false,""missing_parts"":false,""wrong_location"":true},""question8"":{""all_correct"":false,""extra_parts"":true,""missing_parts"":false,""wrong_location"":false},""question9"":{""all_correct"":false,""extra_parts"":true,""missing_parts"":false,""wrong_location"":false}}]"
"336OE47KJUYBZ5DUP41HL48TLFKVWQ","3U20ZGNLAG0U51KQK3YR7IVUILJD7F","Judge if an objects line-art has missing elements (10 pairs)","Review 10  line-arts and judge if it has/hasn't missing or extra content. (10 pairs)","tactile, image review, accessibility, vehicles","$0.08","Sat Apr 18 07:37:37 PDT 2026","9","BatchId:5385913;OriginalHitTemplateId:928390873;","1800","1296000","Sat Apr 25 07:37:37 PDT 2026","","","3NVC2EB66JDXYL44AXI0BQXJ96P3YV","A11RQ0K5GQ3NJG","Rejected","Sat Apr 18 10:30:02 PDT 2026","Sat Apr 18 10:39:05 PDT 2026","Sun May 03 10:39:05 PDT 2026","","Sat Apr 18 20:04:24 PDT 2026","Thank you for your time. Unfortunately this submission did not pass the embedded gold-standard checks; this task requires very careful attention to detail.","543","39% (12/31)","39% (12/31)","39% (12/31)","Scooty","https://tactileeval.s3.us-east-1.amazonaws.com/family_datasets/Vehicles_and_Flight_Systems/Scooty/Natural/4.jpg","https://tactileeval.s3.us-east-1.amazonaws.com/family_datasets/Vehicles_and_Flight_Systems/Scooty/Tactile/4.jpg","","Scooty","https://tactileeval.s3.us-east-1.amazonaws.com/family_datasets/Vehicles_and_Flight_Systems/Scooty/Natural/5.jpg","https://tactileeval.s3.us-east-1.amazonaws.com/family_datasets/Vehicles_and_Flight_Systems/Scooty/Tactile/5.jpg","","Scooty","https://tactileeval.s3.us-east-1.amazonaws.com/family_datasets/Vehicles_and_Flight_Systems/Scooty/Natural/6.jpg","https://tactileeval.s3.us-east-1.amazonaws.com/family_datasets/Vehicles_and_Flight_Systems/Scooty/Tactile/6.jpg","","Scooty","https://tactileeval.s3.us-east-1.amazonaws.com/family_datasets/Vehicles_and_Flight_Systems/Scooty/Natural/7.jpg","https://tactileeval.s3.us-east-1.amazonaws.com/family_datasets/Vehicles_and_Flight_Systems/Scooty/Tactile/7.jpg","","Scooty","https://tactileeval.s3.us-east-1.amazonaws.com/family_datasets/Vehicles_and_Flight_Systems/Scooty/Natural/8.jpg","https://tactileeval.s3.us-east-1.amazonaws.com/family_datasets/Vehicles_and_Flight_Systems/Scooty/Tactile/8.jpg","","Scooty","https://tactileeval.s3.us-east-1.amazonaws.com/family_datasets/Vehicles_and_Flight_Systems/Scooty/Natural/9.jpg","https://tactileeval.s3.us-east-1.amazonaws.com/family_datasets/Vehicles_and_Flight_Systems/Scooty/Tactile/9.jpg","","Scooty","https://tactileeval.s3.us-east-1.amazonaws.com/family_datasets/Vehicles_and_Flight_Systems/Scooty/Natural/10.jpg","https://tactileeval.s3.us-east-1.amazonaws.com/family_datasets/Vehicles_and_Flight_Systems/Scooty/Tactile/10.jpg","","Scooty","https://tactileeval.s3.us-east-1.amazonaws.com/family_datasets/Vehicles_and_Flight_Systems/Scooty/Natural/11.png","https://tactileeval.s3.us-east-1.amazonaws.com/family_datasets/Vehicles_and_Flight_Systems/Scooty/Tactile/11.jpg","","Scooty","https://tactileeval.s3.us-east-1.amazonaws.com/family_datasets/Vehicles_and_Flight_Systems/Scooty/Natural/12.jpg","https://tactileeval.s3.us-east-1.amazonaws.com/family_datasets/Vehicles_and_Flight_Systems/Scooty/Tactile/12.jpg","","Ship","https://tactileeval.s3.us-east-1.amazonaws.com/family_datasets/Vehicles_and_Flight_Systems/Ship/Natural/1.jpg","https://tactileeval.s3.us-east-1.amazonaws.com/family_datasets/Vehicles_and_Flight_Systems/Ship/Tactile/1.jpg","","[{""question1"":{""all_correct"":false,""extra_parts"":false,""missing_parts"":true,""wrong_location"":false},""question10"":{""all_correct"":false,""extra_parts"":false,""missing_parts"":true,""wrong_location"":false},""question2"":{""all_correct"":false,""extra_parts"":false,""missing_parts"":true,""wrong_location"":false},""question3"":{""all_correct"":false,""extra_parts"":false,""missing_parts"":true,""wrong_location"":false},""question4"":{""all_correct"":true,""extra_parts"":false,""missing_parts"":false,""wrong_location"":false},""question5"":{""all_correct"":false,""extra_parts"":false,""missing_parts"":true,""wrong_location"":false},""question6"":{""all_correct"":false,""extra_parts"":false,""missing_parts"":true,""wrong_location"":false},""question7"":{""all_correct"":false,""extra_parts"":false,""missing_parts"":true,""wrong_location"":false},""question8"":{""all_correct"":false,""extra_parts"":false,""missing_parts"":true,""wrong_location"":false},""question9"":{""all_correct"":true,""extra_parts"":false,""missing_parts"":false,""wrong_location"":false}}]"
"336OE47KJUYBZ5DUP41HL48TLFKVWQ","3U20ZGNLAG0U51KQK3YR7IVUILJD7F","Judge if an objects line-art has missing elements (10 pairs)","Review 10  line-arts and judge if it has/hasn't missing or extra content. (10 pairs)","tactile, image review, accessibility, vehicles","$0.08","Sat Apr 18 07:37:37 PDT 2026","9","BatchId:5385913;OriginalHitTemplateId:928390873;","1800","1296000","Sat Apr 25 07:37:37 PDT 2026","","","3WAKVUDHVPUYIVLM28O1LM3MIK17U7","A1N3QIWLGR6ZV6","Rejected","Sat Apr 18 10:35:43 PDT 2026","Sat Apr 18 10:40:48 PDT 2026","Sun May 03 10:40:48 PDT 2026","","Sat Apr 18 20:04:24 PDT 2026","Thank you for your time. Unfortunately this submission did not pass the embedded gold-standard checks; this task requires very careful attention to detail.","305","24% (9/38)","0% (0/29)","0% (0/29)","Scooty","https://tactileeval.s3.us-east-1.amazonaws.com/family_datasets/Vehicles_and_Flight_Systems/Scooty/Natural/4.jpg","https://tactileeval.s3.us-east-1.amazonaws.com/family_datasets/Vehicles_and_Flight_Systems/Scooty/Tactile/4.jpg","","Scooty","https://tactileeval.s3.us-east-1.amazonaws.com/family_datasets/Vehicles_and_Flight_Systems/Scooty/Natural/5.jpg","https://tactileeval.s3.us-east-1.amazonaws.com/family_datasets/Vehicles_and_Flight_Systems/Scooty/Tactile/5.jpg","","Scooty","https://tactileeval.s3.us-east-1.amazonaws.com/family_datasets/Vehicles_and_Flight_Systems/Scooty/Natural/6.jpg","https://tactileeval.s3.us-east-1.amazonaws.com/family_datasets/Vehicles_and_Flight_Systems/Scooty/Tactile/6.jpg","","Scooty","https://tactileeval.s3.us-east-1.amazonaws.com/family_datasets/Vehicles_and_Flight_Systems/Scooty/Natural/7.jpg","https://tactileeval.s3.us-east-1.amazonaws.com/family_datasets/Vehicles_and_Flight_Systems/Scooty/Tactile/7.jpg","","Scooty","https://tactileeval.s3.us-east-1.amazonaws.com/family_datasets/Vehicles_and_Flight_Systems/Scooty/Natural/8.jpg","https://tactileeval.s3.us-east-1.amazonaws.com/family_datasets/Vehicles_and_Flight_Systems/Scooty/Tactile/8.jpg","","Scooty","https://tactileeval.s3.us-east-1.amazonaws.com/family_datasets/Vehicles_and_Flight_Systems/Scooty/Natural/9.jpg","https://tactileeval.s3.us-east-1.amazonaws.com/family_datasets/Vehicles_and_Flight_Systems/Scooty/Tactile/9.jpg","","Scooty","https://tactileeval.s3.us-east-1.amazonaws.com/family_datasets/Vehicles_and_Flight_Systems/Scooty/Natural/10.jpg","https://tactileeval.s3.us-east-1.amazonaws.com/family_datasets/Vehicles_and_Flight_Systems/Scooty/Tactile/10.jpg","","Scooty","https://tactileeval.s3.us-east-1.amazonaws.com/family_datasets/Vehicles_and_Flight_Systems/Scooty/Natural/11.png","https://tactileeval.s3.us-east-1.amazonaws.com/family_datasets/Vehicles_and_Flight_Systems/Scooty/Tactile/11.jpg","","Scooty","https://tactileeval.s3.us-east-1.amazonaws.com/family_datasets/Vehicles_and_Flight_Systems/Scooty/Natural/12.jpg","https://tactileeval.s3.us-east-1.amazonaws.com/family_datasets/Vehicles_and_Flight_Systems/Scooty/Tactile/12.jpg","","Ship","https://tactileeval.s3.us-east-1.amazonaws.com/family_datasets/Vehicles_and_Flight_Systems/Ship/Natural/1.jpg","https://tactileeval.s3.us-east-1.amazonaws.com/family_datasets/Vehicles_and_Flight_Systems/Ship/Tactile/1.jpg","","[{""question1"":{""all_correct"":false,""extra_parts"":false,""missing_parts"":true,""wrong_location"":false},""question10"":{""all_correct"":false,""extra_parts"":true,""missing_parts"":false,""wrong_location"":false},""question2"":{""all_correct"":false,""extra_parts"":true,""missing_parts"":false,""wrong_location"":false},""question3"":{""all_correct"":false,""extra_parts"":false,""missing_parts"":false,""wrong_location"":true},""question4"":{""all_correct"":false,""extra_parts"":true,""missing_parts"":false,""wrong_location"":false},""question5"":{""all_correct"":false,""extra_parts"":false,""missing_parts"":true,""wrong_location"":false},""question6"":{""all_correct"":false,""extra_parts"":false,""missing_parts"":false,""wrong_location"":true},""question7"":{""all_correct"":false,""extra_parts"":true,""missing_parts"":false,""wrong_location"":false},""question8"":{""all_correct"":false,""extra_parts"":true,""missing_parts"":false,""wrong_location"":false},""question9"":{""all_correct"":false,""extra_parts"":false,""missing_parts"":false,""wrong_location"":true}}]"
"336OE47KJUYBZ5DUP41HL48TLFKVWQ","3U20ZGNLAG0U51KQK3YR7IVUILJD7F","Judge if an objects line-art has missing elements (10 pairs)","Review 10  line-arts and judge if it has/hasn't missing or extra content. (10 pairs)","tactile, image review, accessibility, vehicles","$0.08","Sat Apr 18 07:37:37 PDT 2026","9","BatchId:5385913;OriginalHitTemplateId:928390873;","1800","1296000","Sat Apr 25 07:37:37 PDT 2026","","","3DI28L7YY3S3ID9YNSSNGUQ6TA61EM","ASBG43I93VS4A","Rejected","Sat Apr 18 10:30:03 PDT 2026","Sat Apr 18 10:42:57 PDT 2026","Sun May 03 10:42:57 PDT 2026","","Sat Apr 18 20:04:24 PDT 2026","Thank you for your time. Unfortunately this submission did not pass the embedded gold-standard checks; this task requires very careful attention to detail.","774","27% (8/30)","27% (8/30)","27% (8/30)","Scooty","https://tactileeval.s3.us-east-1.amazonaws.com/family_datasets/Vehicles_and_Flight_Systems/Scooty/Natural/4.jpg","https://tactileeval.s3.us-east-1.amazonaws.com/family_datasets/Vehicles_and_Flight_Systems/Scooty/Tactile/4.jpg","","Scooty","https://tactileeval.s3.us-east-1.amazonaws.com/family_datasets/Vehicles_and_Flight_Systems/Scooty/Natural/5.jpg","https://tactileeval.s3.us-east-1.amazonaws.com/family_datasets/Vehicles_and_Flight_Systems/Scooty/Tactile/5.jpg","","Scooty","https://tactileeval.s3.us-east-1.amazonaws.com/family_datasets/Vehicles_and_Flight_Systems/Scooty/Natural/6.jpg","https://tactileeval.s3.us-east-1.amazonaws.com/family_datasets/Vehicles_and_Flight_Systems/Scooty/Tactile/6.jpg","","Scooty","https://tactileeval.s3.us-east-1.amazonaws.com/family_datasets/Vehicles_and_Flight_Systems/Scooty/Natural/7.jpg","https://tactileeval.s3.us-east-1.amazonaws.com/family_datasets/Vehicles_and_Flight_Systems/Scooty/Tactile/7.jpg","","Scooty","https://tactileeval.s3.us-east-1.amazonaws.com/family_datasets/Vehicles_and_Flight_Systems/Scooty/Natural/8.jpg","https://tactileeval.s3.us-east-1.amazonaws.com/family_datasets/Vehicles_and_Flight_Systems/Scooty/Tactile/8.jpg","","Scooty","https://tactileeval.s3.us-east-1.amazonaws.com/family_datasets/Vehicles_and_Flight_Systems/Scooty/Natural/9.jpg","https://tactileeval.s3.us-east-1.amazonaws.com/family_datasets/Vehicles_and_Flight_Systems/Scooty/Tactile/9.jpg","","Scooty","https://tactileeval.s3.us-east-1.amazonaws.com/family_datasets/Vehicles_and_Flight_Systems/Scooty/Natural/10.jpg","https://tactileeval.s3.us-east-1.amazonaws.com/family_datasets/Vehicles_and_Flight_Systems/Scooty/Tactile/10.jpg","","Scooty","https://tactileeval.s3.us-east-1.amazonaws.com/family_datasets/Vehicles_and_Flight_Systems/Scooty/Natural/11.png","https://tactileeval.s3.us-east-1.amazonaws.com/family_datasets/Vehicles_and_Flight_Systems/Scooty/Tactile/11.jpg","","Scooty","https://tactileeval.s3.us-east-1.amazonaws.com/family_datasets/Vehicles_and_Flight_Systems/Scooty/Natural/12.jpg","https://tactileeval.s3.us-east-1.amazonaws.com/family_datasets/Vehicles_and_Flight_Systems/Scooty/Tactile/12.jpg","","Ship","https://tactileeval.s3.us-east-1.amazonaws.com/family_datasets/Vehicles_and_Flight_Systems/Ship/Natural/1.jpg","https://tactileeval.s3.us-east-1.amazonaws.com/family_datasets/Vehicles_and_Flight_Systems/Ship/Tactile/1.jpg","","[{""question1"":{""all_correct"":false,""extra_parts"":false,""missing_parts"":true,""wrong_location"":false},""question10"":{""all_correct"":false,""extra_parts"":false,""missing_parts"":true,""wrong_location"":false},""question2"":{""all_correct"":false,""extra_parts"":true,""missing_parts"":false,""wrong_location"":false},""question3"":{""all_correct"":false,""extra_parts"":true,""missing_parts"":false,""wrong_location"":false},""question4"":{""all_correct"":false,""extra_parts"":false,""missing_parts"":true,""wrong_location"":false},""question5"":{""all_correct"":false,""extra_parts"":false,""missing_parts"":true,""wrong_location"":false},""question6"":{""all_correct"":false,""extra_parts"":false,""missing_parts"":true,""wrong_location"":false},""question7"":{""all_correct"":false,""extra_parts"":true,""missing_parts"":false,""wrong_location"":false},""question8"":{""all_correct"":false,""extra_parts"":false,""missing_parts"":true,""wrong_location"":false},""question9"":{""all_correct"":false,""extra_parts"":false,""missing_parts"":true,""wrong_location"":false}}]"
"336OE47KJUYBZ5DUP41HL48TLFKVWQ","3U20ZGNLAG0U51KQK3YR7IVUILJD7F","Judge if an objects line-art has missing elements (10 pairs)","Review 10  line-arts and judge if it has/hasn't missing or extra content. (10 pairs)","tactile, image review, accessibility, vehicles","$0.08","Sat Apr 18 07:37:37 PDT 2026","9","BatchId:5385913;OriginalHitTemplateId:928390873;","1800","1296000","Sat Apr 25 07:37:37 PDT 2026","","","34S6N1K20OXSSU4463ICLCWXJW3LHS","A12VYCG9CMKAFA","Rejected","Sat Apr 18 10:30:08 PDT 2026","Sat Apr 18 10:53:46 PDT 2026","Sun May 03 10:53:46 PDT 2026","","Sat Apr 18 20:04:24 PDT 2026","Thank you for your time. Unfortunately this submission did not pass the embedded gold-standard checks; this task requires very careful attention to detail.","1418","26% (7/27)","26% (7/27)","26% (7/27)","Scooty","https://tactileeval.s3.us-east-1.amazonaws.com/family_datasets/Vehicles_and_Flight_Systems/Scooty/Natural/4.jpg","https://tactileeval.s3.us-east-1.amazonaws.com/family_datasets/Vehicles_and_Flight_Systems/Scooty/Tactile/4.jpg","","Scooty","https://tactileeval.s3.us-east-1.amazonaws.com/family_datasets/Vehicles_and_Flight_Systems/Scooty/Natural/5.jpg","https://tactileeval.s3.us-east-1.amazonaws.com/family_datasets/Vehicles_and_Flight_Systems/Scooty/Tactile/5.jpg","","Scooty","https://tactileeval.s3.us-east-1.amazonaws.com/family_datasets/Vehicles_and_Flight_Systems/Scooty/Natural/6.jpg","https://tactileeval.s3.us-east-1.amazonaws.com/family_datasets/Vehicles_and_Flight_Systems/Scooty/Tactile/6.jpg","","Scooty","https://tactileeval.s3.us-east-1.amazonaws.com/family_datasets/Vehicles_and_Flight_Systems/Scooty/Natural/7.jpg","https://tactileeval.s3.us-east-1.amazonaws.com/family_datasets/Vehicles_and_Flight_Systems/Scooty/Tactile/7.jpg","","Scooty","https://tactileeval.s3.us-east-1.amazonaws.com/family_datasets/Vehicles_and_Flight_Systems/Scooty/Natural/8.jpg","https://tactileeval.s3.us-east-1.amazonaws.com/family_datasets/Vehicles_and_Flight_Systems/Scooty/Tactile/8.jpg","","Scooty","https://tactileeval.s3.us-east-1.amazonaws.com/family_datasets/Vehicles_and_Flight_Systems/Scooty/Natural/9.jpg","https://tactileeval.s3.us-east-1.amazonaws.com/family_datasets/Vehicles_and_Flight_Systems/Scooty/Tactile/9.jpg","","Scooty","https://tactileeval.s3.us-east-1.amazonaws.com/family_datasets/Vehicles_and_Flight_Systems/Scooty/Natural/10.jpg","https://tactileeval.s3.us-east-1.amazonaws.com/family_datasets/Vehicles_and_Flight_Systems/Scooty/Tactile/10.jpg","","Scooty","https://tactileeval.s3.us-east-1.amazonaws.com/family_datasets/Vehicles_and_Flight_Systems/Scooty/Natural/11.png","https://tactileeval.s3.us-east-1.amazonaws.com/family_datasets/Vehicles_and_Flight_Systems/Scooty/Tactile/11.jpg","","Scooty","https://tactileeval.s3.us-east-1.amazonaws.com/family_datasets/Vehicles_and_Flight_Systems/Scooty/Natural/12.jpg","https://tactileeval.s3.us-east-1.amazonaws.com/family_datasets/Vehicles_and_Flight_Systems/Scooty/Tactile/12.jpg","","Ship","https://tactileeval.s3.us-east-1.amazonaws.com/family_datasets/Vehicles_and_Flight_Systems/Ship/Natural/1.jpg","https://tactileeval.s3.us-east-1.amazonaws.com/family_datasets/Vehicles_and_Flight_Systems/Ship/Tactile/1.jpg","","[{""question1"":{""all_correct"":false,""extra_parts"":true,""missing_parts"":true,""wrong_location"":false},""question10"":{""all_correct"":false,""extra_parts"":false,""missing_parts"":true,""wrong_location"":false},""question2"":{""all_correct"":false,""extra_parts"":false,""missing_parts"":true,""wrong_location"":false},""question3"":{""all_correct"":false,""extra_parts"":true,""missing_parts"":false,""wrong_location"":false},""question4"":{""all_correct"":false,""extra_parts"":true,""missing_parts"":false,""wrong_location"":false},""question5"":{""all_correct"":false,""extra_parts"":false,""missing_parts"":true,""wrong_location"":false},""question6"":{""all_correct"":false,""extra_parts"":false,""missing_parts"":true,""wrong_location"":false},""question7"":{""all_correct"":false,""extra_parts"":false,""missing_parts"":true,""wrong_location"":false},""question8"":{""all_correct"":false,""extra_parts"":false,""missing_parts"":true,""wrong_location"":false},""question9"":{""all_correct"":false,""extra_parts"":false,""missing_parts"":true,""wrong_location"":false}}]"
"336OE47KJUYBZ5DUP41HL48TLFKVWQ","3U20ZGNLAG0U51KQK3YR7IVUILJD7F","Judge if an objects line-art has missing elements (10 pairs)","Review 10  line-arts and judge if it has/hasn't missing or extra content. (10 pairs)","tactile, image review, accessibility, vehicles","$0.08","Sat Apr 18 07:37:37 PDT 2026","9","BatchId:5385913;OriginalHitTemplateId:928390873;","1800","1296000","Sat Apr 25 07:37:37 PDT 2026","","","3BF51CHDUOOFVYFIHAWTNS49GYX0H3","A7D1G6VBRTJMJ","Approved","Sat Apr 18 11:13:08 PDT 2026","Sat Apr 18 11:14:28 PDT 2026","Sun May 03 11:14:28 PDT 2026","Sat Apr 18 20:04:24 PDT 2026","","","80","46% (11/24)","46% (11/24)","46% (11/24)","Scooty","https://tactileeval.s3.us-east-1.amazonaws.com/family_datasets/Vehicles_and_Flight_Systems/Scooty/Natural/4.jpg","https://tactileeval.s3.us-east-1.amazonaws.com/family_datasets/Vehicles_and_Flight_Systems/Scooty/Tactile/4.jpg","","Scooty","https://tactileeval.s3.us-east-1.amazonaws.com/family_datasets/Vehicles_and_Flight_Systems/Scooty/Natural/5.jpg","https://tactileeval.s3.us-east-1.amazonaws.com/family_datasets/Vehicles_and_Flight_Systems/Scooty/Tactile/5.jpg","","Scooty","https://tactileeval.s3.us-east-1.amazonaws.com/family_datasets/Vehicles_and_Flight_Systems/Scooty/Natural/6.jpg","https://tactileeval.s3.us-east-1.amazonaws.com/family_datasets/Vehicles_and_Flight_Systems/Scooty/Tactile/6.jpg","","Scooty","https://tactileeval.s3.us-east-1.amazonaws.com/family_datasets/Vehicles_and_Flight_Systems/Scooty/Natural/7.jpg","https://tactileeval.s3.us-east-1.amazonaws.com/family_datasets/Vehicles_and_Flight_Systems/Scooty/Tactile/7.jpg","","Scooty","https://tactileeval.s3.us-east-1.amazonaws.com/family_datasets/Vehicles_and_Flight_Systems/Scooty/Natural/8.jpg","https://tactileeval.s3.us-east-1.amazonaws.com/family_datasets/Vehicles_and_Flight_Systems/Scooty/Tactile/8.jpg","","Scooty","https://tactileeval.s3.us-east-1.amazonaws.com/family_datasets/Vehicles_and_Flight_Systems/Scooty/Natural/9.jpg","https://tactileeval.s3.us-east-1.amazonaws.com/family_datasets/Vehicles_and_Flight_Systems/Scooty/Tactile/9.jpg","","Scooty","https://tactileeval.s3.us-east-1.amazonaws.com/family_datasets/Vehicles_and_Flight_Systems/Scooty/Natural/10.jpg","https://tactileeval.s3.us-east-1.amazonaws.com/family_datasets/Vehicles_and_Flight_Systems/Scooty/Tactile/10.jpg","","Scooty","https://tactileeval.s3.us-east-1.amazonaws.com/family_datasets/Vehicles_and_Flight_Systems/Scooty/Natural/11.png","https://tactileeval.s3.us-east-1.amazonaws.com/family_datasets/Vehicles_and_Flight_Systems/Scooty/Tactile/11.jpg","","Scooty","https://tactileeval.s3.us-east-1.amazonaws.com/family_datasets/Vehicles_and_Flight_Systems/Scooty/Natural/12.jpg","https://tactileeval.s3.us-east-1.amazonaws.com/family_datasets/Vehicles_and_Flight_Systems/Scooty/Tactile/12.jpg","","Ship","https://tactileeval.s3.us-east-1.amazonaws.com/family_datasets/Vehicles_and_Flight_Systems/Ship/Natural/1.jpg","https://tactileeval.s3.us-east-1.amazonaws.com/family_datasets/Vehicles_and_Flight_Systems/Ship/Tactile/1.jpg","","[{""question1"":{""all_correct"":true,""extra_parts"":false,""missing_parts"":false,""wrong_location"":false},""question10"":{""all_correct"":false,""extra_parts"":true,""missing_parts"":false,""wrong_location"":false},""question2"":{""all_correct"":false,""extra_parts"":false,""missing_parts"":true,""wrong_location"":false},""question3"":{""all_correct"":true,""extra_parts"":false,""missing_parts"":false,""wrong_location"":false},""question4"":{""all_correct"":true,""extra_parts"":false,""missing_parts"":false,""wrong_location"":false},""question5"":{""all_correct"":true,""extra_parts"":false,""missing_parts"":false,""wrong_location"":false},""question6"":{""all_correct"":true,""extra_parts"":false,""missing_parts"":false,""wrong_location"":false},""question7"":{""all_correct"":false,""extra_parts"":false,""missing_parts"":true,""wrong_location"":false},""question8"":{""all_correct"":true,""extra_parts"":false,""missing_parts"":false,""wrong_location"":false},""question9"":{""all_correct"":true,""extra_parts"":false,""missing_parts"":false,""wrong_location"":false}}]"
"336OE47KJUYBZ5DUP41HL48TLFKVWQ","3U20ZGNLAG0U51KQK3YR7IVUILJD7F","Judge if an objects line-art has missing elements (10 pairs)","Review 10  line-arts and judge if it has/hasn't missing or extra content. (10 pairs)","tactile, image review, accessibility, vehicles","$0.08","Sat Apr 18 07:37:37 PDT 2026","9","BatchId:5385913;OriginalHitTemplateId:928390873;","1800","1296000","Sat Apr 25 07:37:37 PDT 2026","","","38JBBYETRHOKAC6HAABPESX95ULE4H","A10E5WEL6AI08W","Rejected","Sat Apr 18 11:16:12 PDT 2026","Sat Apr 18 11:19:11 PDT 2026","Sun May 03 11:19:11 PDT 2026","","Sat Apr 18 20:04:24 PDT 2026","Thank you for your time. Unfortunately this submission did not pass the embedded gold-standard checks; this task requires very careful attention to detail.","179","0% (0/3)","0% (0/3)","0% (0/3)","Scooty","https://tactileeval.s3.us-east-1.amazonaws.com/family_datasets/Vehicles_and_Flight_Systems/Scooty/Natural/4.jpg","https://tactileeval.s3.us-east-1.amazonaws.com/family_datasets/Vehicles_and_Flight_Systems/Scooty/Tactile/4.jpg","","Scooty","https://tactileeval.s3.us-east-1.amazonaws.com/family_datasets/Vehicles_and_Flight_Systems/Scooty/Natural/5.jpg","https://tactileeval.s3.us-east-1.amazonaws.com/family_datasets/Vehicles_and_Flight_Systems/Scooty/Tactile/5.jpg","","Scooty","https://tactileeval.s3.us-east-1.amazonaws.com/family_datasets/Vehicles_and_Flight_Systems/Scooty/Natural/6.jpg","https://tactileeval.s3.us-east-1.amazonaws.com/family_datasets/Vehicles_and_Flight_Systems/Scooty/Tactile/6.jpg","","Scooty","https://tactileeval.s3.us-east-1.amazonaws.com/family_datasets/Vehicles_and_Flight_Systems/Scooty/Natural/7.jpg","https://tactileeval.s3.us-east-1.amazonaws.com/family_datasets/Vehicles_and_Flight_Systems/Scooty/Tactile/7.jpg","","Scooty","https://tactileeval.s3.us-east-1.amazonaws.com/family_datasets/Vehicles_and_Flight_Systems/Scooty/Natural/8.jpg","https://tactileeval.s3.us-east-1.amazonaws.com/family_datasets/Vehicles_and_Flight_Systems/Scooty/Tactile/8.jpg","","Scooty","https://tactileeval.s3.us-east-1.amazonaws.com/family_datasets/Vehicles_and_Flight_Systems/Scooty/Natural/9.jpg","https://tactileeval.s3.us-east-1.amazonaws.com/family_datasets/Vehicles_and_Flight_Systems/Scooty/Tactile/9.jpg","","Scooty","https://tactileeval.s3.us-east-1.amazonaws.com/family_datasets/Vehicles_and_Flight_Systems/Scooty/Natural/10.jpg","https://tactileeval.s3.us-east-1.amazonaws.com/family_datasets/Vehicles_and_Flight_Systems/Scooty/Tactile/10.jpg","","Scooty","https://tactileeval.s3.us-east-1.amazonaws.com/family_datasets/Vehicles_and_Flight_Systems/Scooty/Natural/11.png","https://tactileeval.s3.us-east-1.amazonaws.com/family_datasets/Vehicles_and_Flight_Systems/Scooty/Tactile/11.jpg","","Scooty","https://tactileeval.s3.us-east-1.amazonaws.com/family_datasets/Vehicles_and_Flight_Systems/Scooty/Natural/12.jpg","https://tactileeval.s3.us-east-1.amazonaws.com/family_datasets/Vehicles_and_Flight_Systems/Scooty/Tactile/12.jpg","","Ship","https://tactileeval.s3.us-east-1.amazonaws.com/family_datasets/Vehicles_and_Flight_Systems/Ship/Natural/1.jpg","https://tactileeval.s3.us-east-1.amazonaws.com/family_datasets/Vehicles_and_Flight_Systems/Ship/Tactile/1.jpg","","[{""question1"":{""all_correct"":false,""extra_parts"":true,""missing_parts"":false,""wrong_location"":false},""question10"":{""all_correct"":false,""extra_parts"":false,""missing_parts"":true,""wrong_location"":false},""question2"":{""all_correct"":false,""extra_parts"":false,""missing_parts"":false,""wrong_location"":true},""question3"":{""all_correct"":false,""extra_parts"":false,""missing_parts"":true,""wrong_location"":false},""question4"":{""all_correct"":false,""extra_parts"":true,""missing_parts"":false,""wrong_location"":false},""question5"":{""all_correct"":false,""extra_parts"":false,""missing_parts"":false,""wrong_location"":true},""question6"":{""all_correct"":false,""extra_parts"":true,""missing_parts"":false,""wrong_location"":false},""question7"":{""all_correct"":false,""extra_parts"":false,""missing_parts"":false,""wrong_location"":true},""question8"":{""all_correct"":false,""extra_parts"":false,""missing_parts"":true,""wrong_location"":false},""question9"":{""all_correct"":false,""extra_parts"":false,""missing_parts"":false,""wrong_location"":true}}]"
"336OE47KJUYBZ5DUP41HL48TLFKVWQ","3U20ZGNLAG0U51KQK3YR7IVUILJD7F","Judge if an objects line-art has missing elements (10 pairs)","Review 10  line-arts and judge if it has/hasn't missing or extra content. (10 pairs)","tactile, image review, accessibility, vehicles","$0.08","Sat Apr 18 07:37:37 PDT 2026","9","BatchId:5385913;OriginalHitTemplateId:928390873;","1800","1296000","Sat Apr 25 07:37:37 PDT 2026","","","3ZDAD0O1UURDXXCOKG2PAPU810BXT5","A2NZLZLLAZYXJX","Approved","Sat Apr 18 20:35:56 PDT 2026","Sat Apr 18 20:42:22 PDT 2026","Sun May 03 20:42:22 PDT 2026","Sun Apr 19 07:44:31 PDT 2026","","","386","68% (40/59)","68% (40/59)","68% (40/59)","Scooty","https://tactileeval.s3.us-east-1.amazonaws.com/family_datasets/Vehicles_and_Flight_Systems/Scooty/Natural/4.jpg","https://tactileeval.s3.us-east-1.amazonaws.com/family_datasets/Vehicles_and_Flight_Systems/Scooty/Tactile/4.jpg","","Scooty","https://tactileeval.s3.us-east-1.amazonaws.com/family_datasets/Vehicles_and_Flight_Systems/Scooty/Natural/5.jpg","https://tactileeval.s3.us-east-1.amazonaws.com/family_datasets/Vehicles_and_Flight_Systems/Scooty/Tactile/5.jpg","","Scooty","https://tactileeval.s3.us-east-1.amazonaws.com/family_datasets/Vehicles_and_Flight_Systems/Scooty/Natural/6.jpg","https://tactileeval.s3.us-east-1.amazonaws.com/family_datasets/Vehicles_and_Flight_Systems/Scooty/Tactile/6.jpg","","Scooty","https://tactileeval.s3.us-east-1.amazonaws.com/family_datasets/Vehicles_and_Flight_Systems/Scooty/Natural/7.jpg","https://tactileeval.s3.us-east-1.amazonaws.com/family_datasets/Vehicles_and_Flight_Systems/Scooty/Tactile/7.jpg","","Scooty","https://tactileeval.s3.us-east-1.amazonaws.com/family_datasets/Vehicles_and_Flight_Systems/Scooty/Natural/8.jpg","https://tactileeval.s3.us-east-1.amazonaws.com/family_datasets/Vehicles_and_Flight_Systems/Scooty/Tactile/8.jpg","","Scooty","https://tactileeval.s3.us-east-1.amazonaws.com/family_datasets/Vehicles_and_Flight_Systems/Scooty/Natural/9.jpg","https://tactileeval.s3.us-east-1.amazonaws.com/family_datasets/Vehicles_and_Flight_Systems/Scooty/Tactile/9.jpg","","Scooty","https://tactileeval.s3.us-east-1.amazonaws.com/family_datasets/Vehicles_and_Flight_Systems/Scooty/Natural/10.jpg","https://tactileeval.s3.us-east-1.amazonaws.com/family_datasets/Vehicles_and_Flight_Systems/Scooty/Tactile/10.jpg","","Scooty","https://tactileeval.s3.us-east-1.amazonaws.com/family_datasets/Vehicles_and_Flight_Systems/Scooty/Natural/11.png","https://tactileeval.s3.us-east-1.amazonaws.com/family_datasets/Vehicles_and_Flight_Systems/Scooty/Tactile/11.jpg","","Scooty","https://tactileeval.s3.us-east-1.amazonaws.com/family_datasets/Vehicles_and_Flight_Systems/Scooty/Natural/12.jpg","https://tactileeval.s3.us-east-1.amazonaws.com/family_datasets/Vehicles_and_Flight_Systems/Scooty/Tactile/12.jpg","","Ship","https://tactileeval.s3.us-east-1.amazonaws.com/family_datasets/Vehicles_and_Flight_Systems/Ship/Natural/1.jpg","https://tactileeval.s3.us-east-1.amazonaws.com/family_datasets/Vehicles_and_Flight_Systems/Ship/Tactile/1.jpg","","[{""question1"":{""all_correct"":true,""extra_parts"":false,""missing_parts"":false,""wrong_location"":false},""question10"":{""all_correct"":false,""extra_parts"":false,""missing_parts"":true,""wrong_location"":false},""question2"":{""all_correct"":true,""extra_parts"":false,""missing_parts"":false,""wrong_location"":false},""question3"":{""all_correct"":true,""extra_parts"":false,""missing_parts"":false,""wrong_location"":false},""question4"":{""all_correct"":true,""extra_parts"":false,""missing_parts"":false,""wrong_location"":false},""question5"":{""all_correct"":true,""extra_parts"":false,""missing_parts"":false,""wrong_location"":false},""question6"":{""all_correct"":true,""extra_parts"":false,""missing_parts"":false,""wrong_location"":false},""question7"":{""all_correct"":false,""extra_parts"":false,""missing_parts"":true,""wrong_location"":false},""question8"":{""all_correct"":true,""extra_parts"":false,""missing_parts"":false,""wrong_location"":false},""question9"":{""all_correct"":true,""extra_parts"":false,""missing_parts"":false,""wrong_location"":false}}]"
"336OE47KJUYBZ5DUP41HL48TLFKVWQ","3U20ZGNLAG0U51KQK3YR7IVUILJD7F","Judge if an objects line-art has missing elements (10 pairs)","Review 10  line-arts and judge if it has/hasn't missing or extra content. (10 pairs)","tactile, image review, accessibility, vehicles","$0.08","Sat Apr 18 07:37:37 PDT 2026","9","BatchId:5385913;OriginalHitTemplateId:928390873;","1800","1296000","Sat Apr 25 07:37:37 PDT 2026","","","31HQ4X3T4LOHI3IKHXUBPQ3ZS8YLST","AM8EV600ZP69X","Approved","Sun Apr 19 00:37:51 PDT 2026","Sun Apr 19 00:53:10 PDT 2026","Mon May 04 00:53:10 PDT 2026","Sun Apr 19 07:44:31 PDT 2026","","","919","86% (32/37)","86% (32/37)","86% (32/37)","Scooty","https://tactileeval.s3.us-east-1.amazonaws.com/family_datasets/Vehicles_and_Flight_Systems/Scooty/Natural/4.jpg","https://tactileeval.s3.us-east-1.amazonaws.com/family_datasets/Vehicles_and_Flight_Systems/Scooty/Tactile/4.jpg","","Scooty","https://tactileeval.s3.us-east-1.amazonaws.com/family_datasets/Vehicles_and_Flight_Systems/Scooty/Natural/5.jpg","https://tactileeval.s3.us-east-1.amazonaws.com/family_datasets/Vehicles_and_Flight_Systems/Scooty/Tactile/5.jpg","","Scooty","https://tactileeval.s3.us-east-1.amazonaws.com/family_datasets/Vehicles_and_Flight_Systems/Scooty/Natural/6.jpg","https://tactileeval.s3.us-east-1.amazonaws.com/family_datasets/Vehicles_and_Flight_Systems/Scooty/Tactile/6.jpg","","Scooty","https://tactileeval.s3.us-east-1.amazonaws.com/family_datasets/Vehicles_and_Flight_Systems/Scooty/Natural/7.jpg","https://tactileeval.s3.us-east-1.amazonaws.com/family_datasets/Vehicles_and_Flight_Systems/Scooty/Tactile/7.jpg","","Scooty","https://tactileeval.s3.us-east-1.amazonaws.com/family_datasets/Vehicles_and_Flight_Systems/Scooty/Natural/8.jpg","https://tactileeval.s3.us-east-1.amazonaws.com/family_datasets/Vehicles_and_Flight_Systems/Scooty/Tactile/8.jpg","","Scooty","https://tactileeval.s3.us-east-1.amazonaws.com/family_datasets/Vehicles_and_Flight_Systems/Scooty/Natural/9.jpg","https://tactileeval.s3.us-east-1.amazonaws.com/family_datasets/Vehicles_and_Flight_Systems/Scooty/Tactile/9.jpg","","Scooty","https://tactileeval.s3.us-east-1.amazonaws.com/family_datasets/Vehicles_and_Flight_Systems/Scooty/Natural/10.jpg","https://tactileeval.s3.us-east-1.amazonaws.com/family_datasets/Vehicles_and_Flight_Systems/Scooty/Tactile/10.jpg","","Scooty","https://tactileeval.s3.us-east-1.amazonaws.com/family_datasets/Vehicles_and_Flight_Systems/Scooty/Natural/11.png","https://tactileeval.s3.us-east-1.amazonaws.com/family_datasets/Vehicles_and_Flight_Systems/Scooty/Tactile/11.jpg","","Scooty","https://tactileeval.s3.us-east-1.amazonaws.com/family_datasets/Vehicles_and_Flight_Systems/Scooty/Natural/12.jpg","https://tactileeval.s3.us-east-1.amazonaws.com/family_datasets/Vehicles_and_Flight_Systems/Scooty/Tactile/12.jpg","","Ship","https://tactileeval.s3.us-east-1.amazonaws.com/family_datasets/Vehicles_and_Flight_Systems/Ship/Natural/1.jpg","https://tactileeval.s3.us-east-1.amazonaws.com/family_datasets/Vehicles_and_Flight_Systems/Ship/Tactile/1.jpg","","[{""question1"":{""all_correct"":false,""extra_parts"":false,""missing_parts"":true,""wrong_location"":false},""question10"":{""all_correct"":true,""extra_parts"":false,""missing_parts"":false,""wrong_location"":false},""question2"":{""all_correct"":false,""extra_parts"":false,""missing_parts"":true,""wrong_location"":false},""question3"":{""all_correct"":true,""extra_parts"":false,""missing_parts"":false,""wrong_location"":false},""question4"":{""all_correct"":false,""extra_parts"":false,""missing_parts"":true,""wrong_location"":false},""question5"":{""all_correct"":false,""extra_parts"":false,""missing_parts"":true,""wrong_location"":false},""question6"":{""all_correct"":false,""extra_parts"":false,""missing_parts"":true,""wrong_location"":false},""question7"":{""all_correct"":false,""extra_parts"":false,""missing_parts"":true,""wrong_location"":false},""question8"":{""all_correct"":false,""extra_parts"":false,""missing_parts"":true,""wrong_location"":false},""question9"":{""all_correct"":false,""extra_parts"":false,""missing_parts"":true,""wrong_location"":false}}]"
"3N3WJQXEMK4MRK3TXGA4AOU2QANL2F","3U20ZGNLAG0U51KQK3YR7IVUILJD7F","Judge if an objects line-art has missing elements (10 pairs)","Review 10  line-arts and judge if it has/hasn't missing or extra content. (10 pairs)","tactile, image review, accessibility, vehicles","$0.08","Sat Apr 18 07:37:37 PDT 2026","9","BatchId:5385913;OriginalHitTemplateId:928390873;","1800","1296000","Sat Apr 25 07:37:37 PDT 2026","","","3EJJQNKUAKJ3VSZHBNF87O5WPOFRHB","A2JKGAWYEHJ18S","Rejected","Sat Apr 18 09:15:00 PDT 2026","Sat Apr 18 09:27:35 PDT 2026","Sun May 03 09:27:35 PDT 2026","","Sat Apr 18 20:04:24 PDT 2026","Thank you for your time. Unfortunately this submission did not pass the embedded gold-standard checks; this task requires very careful attention to detail.","755","15% (3/20)","15% (3/20)","15% (3/20)","Ship","https://tactileeval.s3.us-east-1.amazonaws.com/family_datasets/Vehicles_and_Flight_Systems/Ship/Natural/2.jpg","https://tactileeval.s3.us-east-1.amazonaws.com/family_datasets/Vehicles_and_Flight_Systems/Ship/Tactile/2.jpg","","Ship","https://tactileeval.s3.us-east-1.amazonaws.com/family_datasets/Vehicles_and_Flight_Systems/Ship/Natural/3.jpg","https://tactileeval.s3.us-east-1.amazonaws.com/family_datasets/Vehicles_and_Flight_Systems/Ship/Tactile/3.jpg","","Ship","https://tactileeval.s3.us-east-1.amazonaws.com/family_datasets/Vehicles_and_Flight_Systems/Ship/Natural/4.jpg","https://tactileeval.s3.us-east-1.amazonaws.com/family_datasets/Vehicles_and_Flight_Systems/Ship/Tactile/4.jpg","","Ship","https://tactileeval.s3.us-east-1.amazonaws.com/family_datasets/Vehicles_and_Flight_Systems/Ship/Natural/5.jpg","https://tactileeval.s3.us-east-1.amazonaws.com/family_datasets/Vehicles_and_Flight_Systems/Ship/Tactile/5.jpg","","Ship","https://tactileeval.s3.us-east-1.amazonaws.com/family_datasets/Vehicles_and_Flight_Systems/Ship/Natural/6.jpg","https://tactileeval.s3.us-east-1.amazonaws.com/family_datasets/Vehicles_and_Flight_Systems/Ship/Tactile/6.jpg","","Ship","https://tactileeval.s3.us-east-1.amazonaws.com/family_datasets/Vehicles_and_Flight_Systems/Ship/Natural/7.jpg","https://tactileeval.s3.us-east-1.amazonaws.com/family_datasets/Vehicles_and_Flight_Systems/Ship/Tactile/7.jpg","","Ship","https://tactileeval.s3.us-east-1.amazonaws.com/family_datasets/Vehicles_and_Flight_Systems/Ship/Natural/8.jpg","https://tactileeval.s3.us-east-1.amazonaws.com/family_datasets/Vehicles_and_Flight_Systems/Ship/Tactile/8.jpg","","Ship","https://tactileeval.s3.us-east-1.amazonaws.com/family_datasets/Vehicles_and_Flight_Systems/Ship/Natural/9.jpg","https://tactileeval.s3.us-east-1.amazonaws.com/family_datasets/Vehicles_and_Flight_Systems/Ship/Tactile/9.jpg","","Ship","https://tactileeval.s3.us-east-1.amazonaws.com/family_datasets/Vehicles_and_Flight_Systems/Ship/Natural/10.jpg","https://tactileeval.s3.us-east-1.amazonaws.com/family_datasets/Vehicles_and_Flight_Systems/Ship/Tactile/10.jpg","","Ship","https://tactileeval.s3.us-east-1.amazonaws.com/family_datasets/Vehicles_and_Flight_Systems/Ship/Natural/11.jpg","https://tactileeval.s3.us-east-1.amazonaws.com/family_datasets/Vehicles_and_Flight_Systems/Ship/Tactile/11.jpg","","[{""question1"":{""all_correct"":false,""extra_parts"":false,""missing_parts"":true,""wrong_location"":false},""question10"":{""all_correct"":false,""extra_parts"":false,""missing_parts"":true,""wrong_location"":false},""question2"":{""all_correct"":false,""extra_parts"":true,""missing_parts"":false,""wrong_location"":false},""question3"":{""all_correct"":false,""extra_parts"":false,""missing_parts"":false,""wrong_location"":true},""question4"":{""all_correct"":false,""extra_parts"":true,""missing_parts"":false,""wrong_location"":false},""question5"":{""all_correct"":false,""extra_parts"":false,""missing_parts"":true,""wrong_location"":false},""question6"":{""all_correct"":false,""extra_parts"":true,""missing_parts"":false,""wrong_location"":false},""question7"":{""all_correct"":false,""extra_parts"":false,""missing_parts"":false,""wrong_location"":true},""question8"":{""all_correct"":false,""extra_parts"":true,""missing_parts"":false,""wrong_location"":false},""question9"":{""all_correct"":false,""extra_parts"":true,""missing_parts"":false,""wrong_location"":false}}]"
"3N3WJQXEMK4MRK3TXGA4AOU2QANL2F","3U20ZGNLAG0U51KQK3YR7IVUILJD7F","Judge if an objects line-art has missing elements (10 pairs)","Review 10  line-arts and judge if it has/hasn't missing or extra content. (10 pairs)","tactile, image review, accessibility, vehicles","$0.08","Sat Apr 18 07:37:37 PDT 2026","9","BatchId:5385913;OriginalHitTemplateId:928390873;","1800","1296000","Sat Apr 25 07:37:37 PDT 2026","","","3PJ71Z61SXGMNHIHFHC1OGPV2DQ19C","A11RQ0K5GQ3NJG","Rejected","Sat Apr 18 10:29:58 PDT 2026","Sat Apr 18 10:37:31 PDT 2026","Sun May 03 10:37:31 PDT 2026","","Sat Apr 18 20:04:24 PDT 2026","Thank you for your time. Unfortunately this submission did not pass the embedded gold-standard checks; this task requires very careful attention to detail.","453","39% (12/31)","39% (12/31)","39% (12/31)","Ship","https://tactileeval.s3.us-east-1.amazonaws.com/family_datasets/Vehicles_and_Flight_Systems/Ship/Natural/2.jpg","https://tactileeval.s3.us-east-1.amazonaws.com/family_datasets/Vehicles_and_Flight_Systems/Ship/Tactile/2.jpg","","Ship","https://tactileeval.s3.us-east-1.amazonaws.com/family_datasets/Vehicles_and_Flight_Systems/Ship/Natural/3.jpg","https://tactileeval.s3.us-east-1.amazonaws.com/family_datasets/Vehicles_and_Flight_Systems/Ship/Tactile/3.jpg","","Ship","https://tactileeval.s3.us-east-1.amazonaws.com/family_datasets/Vehicles_and_Flight_Systems/Ship/Natural/4.jpg","https://tactileeval.s3.us-east-1.amazonaws.com/family_datasets/Vehicles_and_Flight_Systems/Ship/Tactile/4.jpg","","Ship","https://tactileeval.s3.us-east-1.amazonaws.com/family_datasets/Vehicles_and_Flight_Systems/Ship/Natural/5.jpg","https://tactileeval.s3.us-east-1.amazonaws.com/family_datasets/Vehicles_and_Flight_Systems/Ship/Tactile/5.jpg","","Ship","https://tactileeval.s3.us-east-1.amazonaws.com/family_datasets/Vehicles_and_Flight_Systems/Ship/Natural/6.jpg","https://tactileeval.s3.us-east-1.amazonaws.com/family_datasets/Vehicles_and_Flight_Systems/Ship/Tactile/6.jpg","","Ship","https://tactileeval.s3.us-east-1.amazonaws.com/family_datasets/Vehicles_and_Flight_Systems/Ship/Natural/7.jpg","https://tactileeval.s3.us-east-1.amazonaws.com/family_datasets/Vehicles_and_Flight_Systems/Ship/Tactile/7.jpg","","Ship","https://tactileeval.s3.us-east-1.amazonaws.com/family_datasets/Vehicles_and_Flight_Systems/Ship/Natural/8.jpg","https://tactileeval.s3.us-east-1.amazonaws.com/family_datasets/Vehicles_and_Flight_Systems/Ship/Tactile/8.jpg","","Ship","https://tactileeval.s3.us-east-1.amazonaws.com/family_datasets/Vehicles_and_Flight_Systems/Ship/Natural/9.jpg","https://tactileeval.s3.us-east-1.amazonaws.com/family_datasets/Vehicles_and_Flight_Systems/Ship/Tactile/9.jpg","","Ship","https://tactileeval.s3.us-east-1.amazonaws.com/family_datasets/Vehicles_and_Flight_Systems/Ship/Natural/10.jpg","https://tactileeval.s3.us-east-1.amazonaws.com/family_datasets/Vehicles_and_Flight_Systems/Ship/Tactile/10.jpg","","Ship","https://tactileeval.s3.us-east-1.amazonaws.com/family_datasets/Vehicles_and_Flight_Systems/Ship/Natural/11.jpg","https://tactileeval.s3.us-east-1.amazonaws.com/family_datasets/Vehicles_and_Flight_Systems/Ship/Tactile/11.jpg","","[{""question1"":{""all_correct"":false,""extra_parts"":true,""missing_parts"":false,""wrong_location"":false},""question10"":{""all_correct"":true,""extra_parts"":false,""missing_parts"":false,""wrong_location"":false},""question2"":{""all_correct"":false,""extra_parts"":true,""missing_parts"":false,""wrong_location"":true},""question3"":{""all_correct"":false,""extra_parts"":false,""missing_parts"":true,""wrong_location"":false},""question4"":{""all_correct"":false,""extra_parts"":false,""missing_parts"":true,""wrong_location"":false},""question5"":{""all_correct"":false,""extra_parts"":false,""missing_parts"":true,""wrong_location"":false},""question6"":{""all_correct"":false,""extra_parts"":false,""missing_parts"":true,""wrong_location"":false},""question7"":{""all_correct"":false,""extra_parts"":false,""missing_parts"":true,""wrong_location"":false},""question8"":{""all_correct"":false,""extra_parts"":false,""missing_parts"":true,""wrong_location"":true},""question9"":{""all_correct"":true,""extra_parts"":false,""missing_parts"":false,""wrong_location"":false}}]"
"3N3WJQXEMK4MRK3TXGA4AOU2QANL2F","3U20ZGNLAG0U51KQK3YR7IVUILJD7F","Judge if an objects line-art has missing elements (10 pairs)","Review 10  line-arts and judge if it has/hasn't missing or extra content. (10 pairs)","tactile, image review, accessibility, vehicles","$0.08","Sat Apr 18 07:37:37 PDT 2026","9","BatchId:5385913;OriginalHitTemplateId:928390873;","1800","1296000","Sat Apr 25 07:37:37 PDT 2026","","","39LNWE0K5NAV7F2ILZSYCBTVW0BIUC","ASBG43I93VS4A","Rejected","Sat Apr 18 10:30:05 PDT 2026","Sat Apr 18 10:43:49 PDT 2026","Sun May 03 10:43:49 PDT 2026","","Sat Apr 18 20:04:24 PDT 2026","Thank you for your time. Unfortunately this submission did not pass the embedded gold-standard checks; this task requires very careful attention to detail.","824","27% (8/30)","27% (8/30)","27% (8/30)","Ship","https://tactileeval.s3.us-east-1.amazonaws.com/family_datasets/Vehicles_and_Flight_Systems/Ship/Natural/2.jpg","https://tactileeval.s3.us-east-1.amazonaws.com/family_datasets/Vehicles_and_Flight_Systems/Ship/Tactile/2.jpg","","Ship","https://tactileeval.s3.us-east-1.amazonaws.com/family_datasets/Vehicles_and_Flight_Systems/Ship/Natural/3.jpg","https://tactileeval.s3.us-east-1.amazonaws.com/family_datasets/Vehicles_and_Flight_Systems/Ship/Tactile/3.jpg","","Ship","https://tactileeval.s3.us-east-1.amazonaws.com/family_datasets/Vehicles_and_Flight_Systems/Ship/Natural/4.jpg","https://tactileeval.s3.us-east-1.amazonaws.com/family_datasets/Vehicles_and_Flight_Systems/Ship/Tactile/4.jpg","","Ship","https://tactileeval.s3.us-east-1.amazonaws.com/family_datasets/Vehicles_and_Flight_Systems/Ship/Natural/5.jpg","https://tactileeval.s3.us-east-1.amazonaws.com/family_datasets/Vehicles_and_Flight_Systems/Ship/Tactile/5.jpg","","Ship","https://tactileeval.s3.us-east-1.amazonaws.com/family_datasets/Vehicles_and_Flight_Systems/Ship/Natural/6.jpg","https://tactileeval.s3.us-east-1.amazonaws.com/family_datasets/Vehicles_and_Flight_Systems/Ship/Tactile/6.jpg","","Ship","https://tactileeval.s3.us-east-1.amazonaws.com/family_datasets/Vehicles_and_Flight_Systems/Ship/Natural/7.jpg","https://tactileeval.s3.us-east-1.amazonaws.com/family_datasets/Vehicles_and_Flight_Systems/Ship/Tactile/7.jpg","","Ship","https://tactileeval.s3.us-east-1.amazonaws.com/family_datasets/Vehicles_and_Flight_Systems/Ship/Natural/8.jpg","https://tactileeval.s3.us-east-1.amazonaws.com/family_datasets/Vehicles_and_Flight_Systems/Ship/Tactile/8.jpg","","Ship","https://tactileeval.s3.us-east-1.amazonaws.com/family_datasets/Vehicles_and_Flight_Systems/Ship/Natural/9.jpg","https://tactileeval.s3.us-east-1.amazonaws.com/family_datasets/Vehicles_and_Flight_Systems/Ship/Tactile/9.jpg","","Ship","https://tactileeval.s3.us-east-1.amazonaws.com/family_datasets/Vehicles_and_Flight_Systems/Ship/Natural/10.jpg","https://tactileeval.s3.us-east-1.amazonaws.com/family_datasets/Vehicles_and_Flight_Systems/Ship/Tactile/10.jpg","","Ship","https://tactileeval.s3.us-east-1.amazonaws.com/family_datasets/Vehicles_and_Flight_Systems/Ship/Natural/11.jpg","https://tactileeval.s3.us-east-1.amazonaws.com/family_datasets/Vehicles_and_Flight_Systems/Ship/Tactile/11.jpg","","[{""question1"":{""all_correct"":false,""extra_parts"":true,""missing_parts"":true,""wrong_location"":false},""question10"":{""all_correct"":false,""extra_parts"":true,""missing_parts"":false,""wrong_location"":false},""question2"":{""all_correct"":false,""extra_parts"":true,""missing_parts"":true,""wrong_location"":false},""question3"":{""all_correct"":false,""extra_parts"":true,""missing_parts"":true,""wrong_location"":false},""question4"":{""all_correct"":false,""extra_parts"":true,""missing_parts"":true,""wrong_location"":false},""question5"":{""all_correct"":false,""extra_parts"":true,""missing_parts"":true,""wrong_location"":false},""question6"":{""all_correct"":false,""extra_parts"":true,""missing_parts"":true,""wrong_location"":false},""question7"":{""all_correct"":false,""extra_parts"":true,""missing_parts"":true,""wrong_location"":false},""question8"":{""all_correct"":false,""extra_parts"":true,""missing_parts"":true,""wrong_location"":false},""question9"":{""all_correct"":false,""extra_parts"":true,""missing_parts"":true,""wrong_location"":false}}]"
"3N3WJQXEMK4MRK3TXGA4AOU2QANL2F","3U20ZGNLAG0U51KQK3YR7IVUILJD7F","Judge if an objects line-art has missing elements (10 pairs)","Review 10  line-arts and judge if it has/hasn't missing or extra content. (10 pairs)","tactile, image review, accessibility, vehicles","$0.08","Sat Apr 18 07:37:37 PDT 2026","9","BatchId:5385913;OriginalHitTemplateId:928390873;","1800","1296000","Sat Apr 25 07:37:37 PDT 2026","","","32UTUBMZ89ALXMDCKFAMMAR1FH0BVL","AM6XJQNLFEV4J","Rejected","Sat Apr 18 10:30:15 PDT 2026","Sat Apr 18 10:52:18 PDT 2026","Sun May 03 10:52:18 PDT 2026","","Sat Apr 18 20:04:24 PDT 2026","Thank you for your time. Unfortunately this submission did not pass the embedded gold-standard checks; this task requires very careful attention to detail.","1323","59% (19/32)","59% (19/32)","59% (19/32)","Ship","https://tactileeval.s3.us-east-1.amazonaws.com/family_datasets/Vehicles_and_Flight_Systems/Ship/Natural/2.jpg","https://tactileeval.s3.us-east-1.amazonaws.com/family_datasets/Vehicles_and_Flight_Systems/Ship/Tactile/2.jpg","","Ship","https://tactileeval.s3.us-east-1.amazonaws.com/family_datasets/Vehicles_and_Flight_Systems/Ship/Natural/3.jpg","https://tactileeval.s3.us-east-1.amazonaws.com/family_datasets/Vehicles_and_Flight_Systems/Ship/Tactile/3.jpg","","Ship","https://tactileeval.s3.us-east-1.amazonaws.com/family_datasets/Vehicles_and_Flight_Systems/Ship/Natural/4.jpg","https://tactileeval.s3.us-east-1.amazonaws.com/family_datasets/Vehicles_and_Flight_Systems/Ship/Tactile/4.jpg","","Ship","https://tactileeval.s3.us-east-1.amazonaws.com/family_datasets/Vehicles_and_Flight_Systems/Ship/Natural/5.jpg","https://tactileeval.s3.us-east-1.amazonaws.com/family_datasets/Vehicles_and_Flight_Systems/Ship/Tactile/5.jpg","","Ship","https://tactileeval.s3.us-east-1.amazonaws.com/family_datasets/Vehicles_and_Flight_Systems/Ship/Natural/6.jpg","https://tactileeval.s3.us-east-1.amazonaws.com/family_datasets/Vehicles_and_Flight_Systems/Ship/Tactile/6.jpg","","Ship","https://tactileeval.s3.us-east-1.amazonaws.com/family_datasets/Vehicles_and_Flight_Systems/Ship/Natural/7.jpg","https://tactileeval.s3.us-east-1.amazonaws.com/family_datasets/Vehicles_and_Flight_Systems/Ship/Tactile/7.jpg","","Ship","https://tactileeval.s3.us-east-1.amazonaws.com/family_datasets/Vehicles_and_Flight_Systems/Ship/Natural/8.jpg","https://tactileeval.s3.us-east-1.amazonaws.com/family_datasets/Vehicles_and_Flight_Systems/Ship/Tactile/8.jpg","","Ship","https://tactileeval.s3.us-east-1.amazonaws.com/family_datasets/Vehicles_and_Flight_Systems/Ship/Natural/9.jpg","https://tactileeval.s3.us-east-1.amazonaws.com/family_datasets/Vehicles_and_Flight_Systems/Ship/Tactile/9.jpg","","Ship","https://tactileeval.s3.us-east-1.amazonaws.com/family_datasets/Vehicles_and_Flight_Systems/Ship/Natural/10.jpg","https://tactileeval.s3.us-east-1.amazonaws.com/family_datasets/Vehicles_and_Flight_Systems/Ship/Tactile/10.jpg","","Ship","https://tactileeval.s3.us-east-1.amazonaws.com/family_datasets/Vehicles_and_Flight_Systems/Ship/Natural/11.jpg","https://tactileeval.s3.us-east-1.amazonaws.com/family_datasets/Vehicles_and_Flight_Systems/Ship/Tactile/11.jpg","","[{""question1"":{""all_correct"":false,""extra_parts"":true,""missing_parts"":true,""wrong_location"":false},""question10"":{""all_correct"":false,""extra_parts"":true,""missing_parts"":true,""wrong_location"":false},""question2"":{""all_correct"":false,""extra_parts"":true,""missing_parts"":true,""wrong_location"":false},""question3"":{""all_correct"":false,""extra_parts"":true,""missing_parts"":true,""wrong_location"":false},""question4"":{""all_correct"":false,""extra_parts"":true,""missing_parts"":true,""wrong_location"":false},""question5"":{""all_correct"":false,""extra_parts"":true,""missing_parts"":true,""wrong_location"":false},""question6"":{""all_correct"":false,""extra_parts"":true,""missing_parts"":false,""wrong_location"":false},""question7"":{""all_correct"":false,""extra_parts"":true,""missing_parts"":false,""wrong_location"":false},""question8"":{""all_correct"":false,""extra_parts"":true,""missing_parts"":false,""wrong_location"":false},""question9"":{""all_correct"":false,""extra_parts"":true,""missing_parts"":true,""wrong_location"":false}}]"
"3N3WJQXEMK4MRK3TXGA4AOU2QANL2F","3U20ZGNLAG0U51KQK3YR7IVUILJD7F","Judge if an objects line-art has missing elements (10 pairs)","Review 10  line-arts and judge if it has/hasn't missing or extra content. (10 pairs)","tactile, image review, accessibility, vehicles","$0.08","Sat Apr 18 07:37:37 PDT 2026","9","BatchId:5385913;OriginalHitTemplateId:928390873;","1800","1296000","Sat Apr 25 07:37:37 PDT 2026","","","3FIUS151EOGY66VSB63ENKFO8F4GGI","A12VYCG9CMKAFA","Rejected","Sat Apr 18 10:30:16 PDT 2026","Sat Apr 18 10:55:43 PDT 2026","Sun May 03 10:55:43 PDT 2026","","Sat Apr 18 20:04:24 PDT 2026","Thank you for your time. Unfortunately this submission did not pass the embedded gold-standard checks; this task requires very careful attention to detail.","1527","26% (7/27)","26% (7/27)","26% (7/27)","Ship","https://tactileeval.s3.us-east-1.amazonaws.com/family_datasets/Vehicles_and_Flight_Systems/Ship/Natural/2.jpg","https://tactileeval.s3.us-east-1.amazonaws.com/family_datasets/Vehicles_and_Flight_Systems/Ship/Tactile/2.jpg","","Ship","https://tactileeval.s3.us-east-1.amazonaws.com/family_datasets/Vehicles_and_Flight_Systems/Ship/Natural/3.jpg","https://tactileeval.s3.us-east-1.amazonaws.com/family_datasets/Vehicles_and_Flight_Systems/Ship/Tactile/3.jpg","","Ship","https://tactileeval.s3.us-east-1.amazonaws.com/family_datasets/Vehicles_and_Flight_Systems/Ship/Natural/4.jpg","https://tactileeval.s3.us-east-1.amazonaws.com/family_datasets/Vehicles_and_Flight_Systems/Ship/Tactile/4.jpg","","Ship","https://tactileeval.s3.us-east-1.amazonaws.com/family_datasets/Vehicles_and_Flight_Systems/Ship/Natural/5.jpg","https://tactileeval.s3.us-east-1.amazonaws.com/family_datasets/Vehicles_and_Flight_Systems/Ship/Tactile/5.jpg","","Ship","https://tactileeval.s3.us-east-1.amazonaws.com/family_datasets/Vehicles_and_Flight_Systems/Ship/Natural/6.jpg","https://tactileeval.s3.us-east-1.amazonaws.com/family_datasets/Vehicles_and_Flight_Systems/Ship/Tactile/6.jpg","","Ship","https://tactileeval.s3.us-east-1.amazonaws.com/family_datasets/Vehicles_and_Flight_Systems/Ship/Natural/7.jpg","https://tactileeval.s3.us-east-1.amazonaws.com/family_datasets/Vehicles_and_Flight_Systems/Ship/Tactile/7.jpg","","Ship","https://tactileeval.s3.us-east-1.amazonaws.com/family_datasets/Vehicles_and_Flight_Systems/Ship/Natural/8.jpg","https://tactileeval.s3.us-east-1.amazonaws.com/family_datasets/Vehicles_and_Flight_Systems/Ship/Tactile/8.jpg","","Ship","https://tactileeval.s3.us-east-1.amazonaws.com/family_datasets/Vehicles_and_Flight_Systems/Ship/Natural/9.jpg","https://tactileeval.s3.us-east-1.amazonaws.com/family_datasets/Vehicles_and_Flight_Systems/Ship/Tactile/9.jpg","","Ship","https://tactileeval.s3.us-east-1.amazonaws.com/family_datasets/Vehicles_and_Flight_Systems/Ship/Natural/10.jpg","https://tactileeval.s3.us-east-1.amazonaws.com/family_datasets/Vehicles_and_Flight_Systems/Ship/Tactile/10.jpg","","Ship","https://tactileeval.s3.us-east-1.amazonaws.com/family_datasets/Vehicles_and_Flight_Systems/Ship/Natural/11.jpg","https://tactileeval.s3.us-east-1.amazonaws.com/family_datasets/Vehicles_and_Flight_Systems/Ship/Tactile/11.jpg","","[{""question1"":{""all_correct"":false,""extra_parts"":true,""missing_parts"":true,""wrong_location"":false},""question10"":{""all_correct"":false,""extra_parts"":true,""missing_parts"":false,""wrong_location"":false},""question2"":{""all_correct"":false,""extra_parts"":true,""missing_parts"":true,""wrong_location"":false},""question3"":{""all_correct"":false,""extra_parts"":true,""missing_parts"":true,""wrong_location"":false},""question4"":{""all_correct"":false,""extra_parts"":true,""missing_parts"":true,""wrong_location"":false},""question5"":{""all_correct"":false,""extra_parts"":true,""missing_parts"":true,""wrong_location"":false},""question6"":{""all_correct"":false,""extra_parts"":true,""missing_parts"":false,""wrong_location"":false},""question7"":{""all_correct"":false,""extra_parts"":true,""missing_parts"":false,""wrong_location"":false},""question8"":{""all_correct"":false,""extra_parts"":true,""missing_parts"":true,""wrong_location"":false},""question9"":{""all_correct"":false,""extra_parts"":true,""missing_parts"":false,""wrong_location"":false}}]"
"3N3WJQXEMK4MRK3TXGA4AOU2QANL2F","3U20ZGNLAG0U51KQK3YR7IVUILJD7F","Judge if an objects line-art has missing elements (10 pairs)","Review 10  line-arts and judge if it has/hasn't missing or extra content. (10 pairs)","tactile, image review, accessibility, vehicles","$0.08","Sat Apr 18 07:37:37 PDT 2026","9","BatchId:5385913;OriginalHitTemplateId:928390873;","1800","1296000","Sat Apr 25 07:37:37 PDT 2026","","","3NOKK93PSUM22E3AZGN2NE90IJAEEI","A2I68SNRG9QUY7","Rejected","Sat Apr 18 10:30:15 PDT 2026","Sat Apr 18 10:59:10 PDT 2026","Sun May 03 10:59:10 PDT 2026","","Sat Apr 18 20:04:25 PDT 2026","Thank you for your time. Unfortunately this submission did not pass the embedded gold-standard checks; this task requires very careful attention to detail.","1735","11% (1/9)","11% (1/9)","11% (1/9)","Ship","https://tactileeval.s3.us-east-1.amazonaws.com/family_datasets/Vehicles_and_Flight_Systems/Ship/Natural/2.jpg","https://tactileeval.s3.us-east-1.amazonaws.com/family_datasets/Vehicles_and_Flight_Systems/Ship/Tactile/2.jpg","","Ship","https://tactileeval.s3.us-east-1.amazonaws.com/family_datasets/Vehicles_and_Flight_Systems/Ship/Natural/3.jpg","https://tactileeval.s3.us-east-1.amazonaws.com/family_datasets/Vehicles_and_Flight_Systems/Ship/Tactile/3.jpg","","Ship","https://tactileeval.s3.us-east-1.amazonaws.com/family_datasets/Vehicles_and_Flight_Systems/Ship/Natural/4.jpg","https://tactileeval.s3.us-east-1.amazonaws.com/family_datasets/Vehicles_and_Flight_Systems/Ship/Tactile/4.jpg","","Ship","https://tactileeval.s3.us-east-1.amazonaws.com/family_datasets/Vehicles_and_Flight_Systems/Ship/Natural/5.jpg","https://tactileeval.s3.us-east-1.amazonaws.com/family_datasets/Vehicles_and_Flight_Systems/Ship/Tactile/5.jpg","","Ship","https://tactileeval.s3.us-east-1.amazonaws.com/family_datasets/Vehicles_and_Flight_Systems/Ship/Natural/6.jpg","https://tactileeval.s3.us-east-1.amazonaws.com/family_datasets/Vehicles_and_Flight_Systems/Ship/Tactile/6.jpg","","Ship","https://tactileeval.s3.us-east-1.amazonaws.com/family_datasets/Vehicles_and_Flight_Systems/Ship/Natural/7.jpg","https://tactileeval.s3.us-east-1.amazonaws.com/family_datasets/Vehicles_and_Flight_Systems/Ship/Tactile/7.jpg","","Ship","https://tactileeval.s3.us-east-1.amazonaws.com/family_datasets/Vehicles_and_Flight_Systems/Ship/Natural/8.jpg","https://tactileeval.s3.us-east-1.amazonaws.com/family_datasets/Vehicles_and_Flight_Systems/Ship/Tactile/8.jpg","","Ship","https://tactileeval.s3.us-east-1.amazonaws.com/family_datasets/Vehicles_and_Flight_Systems/Ship/Natural/9.jpg","https://tactileeval.s3.us-east-1.amazonaws.com/family_datasets/Vehicles_and_Flight_Systems/Ship/Tactile/9.jpg","","Ship","https://tactileeval.s3.us-east-1.amazonaws.com/family_datasets/Vehicles_and_Flight_Systems/Ship/Natural/10.jpg","https://tactileeval.s3.us-east-1.amazonaws.com/family_datasets/Vehicles_and_Flight_Systems/Ship/Tactile/10.jpg","","Ship","https://tactileeval.s3.us-east-1.amazonaws.com/family_datasets/Vehicles_and_Flight_Systems/Ship/Natural/11.jpg","https://tactileeval.s3.us-east-1.amazonaws.com/family_datasets/Vehicles_and_Flight_Systems/Ship/Tactile/11.jpg","","[{""question1"":{""all_correct"":false,""extra_parts"":true,""missing_parts"":false,""wrong_location"":false},""question10"":{""all_correct"":false,""extra_parts"":true,""missing_parts"":false,""wrong_location"":false},""question2"":{""all_correct"":false,""extra_parts"":true,""missing_parts"":false,""wrong_location"":false},""question3"":{""all_correct"":false,""extra_parts"":true,""missing_parts"":false,""wrong_location"":false},""question4"":{""all_correct"":false,""extra_parts"":true,""missing_parts"":false,""wrong_location"":false},""question5"":{""all_correct"":false,""extra_parts"":false,""missing_parts"":true,""wrong_location"":false},""question6"":{""all_correct"":false,""extra_parts"":false,""missing_parts"":true,""wrong_location"":false},""question7"":{""all_correct"":false,""extra_parts"":true,""missing_parts"":false,""wrong_location"":false},""question8"":{""all_correct"":false,""extra_parts"":true,""missing_parts"":false,""wrong_location"":false},""question9"":{""all_correct"":false,""extra_parts"":true,""missing_parts"":false,""wrong_location"":false}}]"
"3N3WJQXEMK4MRK3TXGA4AOU2QANL2F","3U20ZGNLAG0U51KQK3YR7IVUILJD7F","Judge if an objects line-art has missing elements (10 pairs)","Review 10  line-arts and judge if it has/hasn't missing or extra content. (10 pairs)","tactile, image review, accessibility, vehicles","$0.08","Sat Apr 18 07:37:37 PDT 2026","9","BatchId:5385913;OriginalHitTemplateId:928390873;","1800","1296000","Sat Apr 25 07:37:37 PDT 2026","","","3LEP4MGT49EZ35DQTUASGOLUFAZDBR","A3O5ICTUN0AMMI","Rejected","Sat Apr 18 11:01:36 PDT 2026","Sat Apr 18 11:10:34 PDT 2026","Sun May 03 11:10:34 PDT 2026","","Sat Apr 18 20:04:24 PDT 2026","Thank you for your time. Unfortunately this submission did not pass the embedded gold-standard checks; this task requires very careful attention to detail.","538","50% (8/16)","50% (8/16)","50% (8/16)","Ship","https://tactileeval.s3.us-east-1.amazonaws.com/family_datasets/Vehicles_and_Flight_Systems/Ship/Natural/2.jpg","https://tactileeval.s3.us-east-1.amazonaws.com/family_datasets/Vehicles_and_Flight_Systems/Ship/Tactile/2.jpg","","Ship","https://tactileeval.s3.us-east-1.amazonaws.com/family_datasets/Vehicles_and_Flight_Systems/Ship/Natural/3.jpg","https://tactileeval.s3.us-east-1.amazonaws.com/family_datasets/Vehicles_and_Flight_Systems/Ship/Tactile/3.jpg","","Ship","https://tactileeval.s3.us-east-1.amazonaws.com/family_datasets/Vehicles_and_Flight_Systems/Ship/Natural/4.jpg","https://tactileeval.s3.us-east-1.amazonaws.com/family_datasets/Vehicles_and_Flight_Systems/Ship/Tactile/4.jpg","","Ship","https://tactileeval.s3.us-east-1.amazonaws.com/family_datasets/Vehicles_and_Flight_Systems/Ship/Natural/5.jpg","https://tactileeval.s3.us-east-1.amazonaws.com/family_datasets/Vehicles_and_Flight_Systems/Ship/Tactile/5.jpg","","Ship","https://tactileeval.s3.us-east-1.amazonaws.com/family_datasets/Vehicles_and_Flight_Systems/Ship/Natural/6.jpg","https://tactileeval.s3.us-east-1.amazonaws.com/family_datasets/Vehicles_and_Flight_Systems/Ship/Tactile/6.jpg","","Ship","https://tactileeval.s3.us-east-1.amazonaws.com/family_datasets/Vehicles_and_Flight_Systems/Ship/Natural/7.jpg","https://tactileeval.s3.us-east-1.amazonaws.com/family_datasets/Vehicles_and_Flight_Systems/Ship/Tactile/7.jpg","","Ship","https://tactileeval.s3.us-east-1.amazonaws.com/family_datasets/Vehicles_and_Flight_Systems/Ship/Natural/8.jpg","https://tactileeval.s3.us-east-1.amazonaws.com/family_datasets/Vehicles_and_Flight_Systems/Ship/Tactile/8.jpg","","Ship","https://tactileeval.s3.us-east-1.amazonaws.com/family_datasets/Vehicles_and_Flight_Systems/Ship/Natural/9.jpg","https://tactileeval.s3.us-east-1.amazonaws.com/family_datasets/Vehicles_and_Flight_Systems/Ship/Tactile/9.jpg","","Ship","https://tactileeval.s3.us-east-1.amazonaws.com/family_datasets/Vehicles_and_Flight_Systems/Ship/Natural/10.jpg","https://tactileeval.s3.us-east-1.amazonaws.com/family_datasets/Vehicles_and_Flight_Systems/Ship/Tactile/10.jpg","","Ship","https://tactileeval.s3.us-east-1.amazonaws.com/family_datasets/Vehicles_and_Flight_Systems/Ship/Natural/11.jpg","https://tactileeval.s3.us-east-1.amazonaws.com/family_datasets/Vehicles_and_Flight_Systems/Ship/Tactile/11.jpg","","[{""question1"":{""all_correct"":false,""extra_parts"":true,""missing_parts"":true,""wrong_location"":false},""question10"":{""all_correct"":true,""extra_parts"":false,""missing_parts"":false,""wrong_location"":false},""question2"":{""all_correct"":false,""extra_parts"":true,""missing_parts"":true,""wrong_location"":false},""question3"":{""all_correct"":false,""extra_parts"":true,""missing_parts"":true,""wrong_location"":false},""question4"":{""all_correct"":true,""extra_parts"":false,""missing_parts"":false,""wrong_location"":false},""question5"":{""all_correct"":false,""extra_parts"":false,""missing_parts"":true,""wrong_location"":false},""question6"":{""all_correct"":true,""extra_parts"":false,""missing_parts"":false,""wrong_location"":false},""question7"":{""all_correct"":false,""extra_parts"":false,""missing_parts"":true,""wrong_location"":false},""question8"":{""all_correct"":false,""extra_parts"":true,""missing_parts"":true,""wrong_location"":false},""question9"":{""all_correct"":false,""extra_parts"":false,""missing_parts"":true,""wrong_location"":false}}]"
"3N3WJQXEMK4MRK3TXGA4AOU2QANL2F","3U20ZGNLAG0U51KQK3YR7IVUILJD7F","Judge if an objects line-art has missing elements (10 pairs)","Review 10  line-arts and judge if it has/hasn't missing or extra content. (10 pairs)","tactile, image review, accessibility, vehicles","$0.08","Sat Apr 18 07:37:37 PDT 2026","9","BatchId:5385913;OriginalHitTemplateId:928390873;","1800","1296000","Sat Apr 25 07:37:37 PDT 2026","","","3E337GFOM2M4GYCEYAG9D4OL9SUGNW","A7D1G6VBRTJMJ","Approved","Sat Apr 18 20:43:12 PDT 2026","Sat Apr 18 20:48:25 PDT 2026","Sun May 03 20:48:25 PDT 2026","Sun Apr 19 07:44:31 PDT 2026","","","313","46% (11/24)","46% (11/24)","46% (11/24)","Ship","https://tactileeval.s3.us-east-1.amazonaws.com/family_datasets/Vehicles_and_Flight_Systems/Ship/Natural/2.jpg","https://tactileeval.s3.us-east-1.amazonaws.com/family_datasets/Vehicles_and_Flight_Systems/Ship/Tactile/2.jpg","","Ship","https://tactileeval.s3.us-east-1.amazonaws.com/family_datasets/Vehicles_and_Flight_Systems/Ship/Natural/3.jpg","https://tactileeval.s3.us-east-1.amazonaws.com/family_datasets/Vehicles_and_Flight_Systems/Ship/Tactile/3.jpg","","Ship","https://tactileeval.s3.us-east-1.amazonaws.com/family_datasets/Vehicles_and_Flight_Systems/Ship/Natural/4.jpg","https://tactileeval.s3.us-east-1.amazonaws.com/family_datasets/Vehicles_and_Flight_Systems/Ship/Tactile/4.jpg","","Ship","https://tactileeval.s3.us-east-1.amazonaws.com/family_datasets/Vehicles_and_Flight_Systems/Ship/Natural/5.jpg","https://tactileeval.s3.us-east-1.amazonaws.com/family_datasets/Vehicles_and_Flight_Systems/Ship/Tactile/5.jpg","","Ship","https://tactileeval.s3.us-east-1.amazonaws.com/family_datasets/Vehicles_and_Flight_Systems/Ship/Natural/6.jpg","https://tactileeval.s3.us-east-1.amazonaws.com/family_datasets/Vehicles_and_Flight_Systems/Ship/Tactile/6.jpg","","Ship","https://tactileeval.s3.us-east-1.amazonaws.com/family_datasets/Vehicles_and_Flight_Systems/Ship/Natural/7.jpg","https://tactileeval.s3.us-east-1.amazonaws.com/family_datasets/Vehicles_and_Flight_Systems/Ship/Tactile/7.jpg","","Ship","https://tactileeval.s3.us-east-1.amazonaws.com/family_datasets/Vehicles_and_Flight_Systems/Ship/Natural/8.jpg","https://tactileeval.s3.us-east-1.amazonaws.com/family_datasets/Vehicles_and_Flight_Systems/Ship/Tactile/8.jpg","","Ship","https://tactileeval.s3.us-east-1.amazonaws.com/family_datasets/Vehicles_and_Flight_Systems/Ship/Natural/9.jpg","https://tactileeval.s3.us-east-1.amazonaws.com/family_datasets/Vehicles_and_Flight_Systems/Ship/Tactile/9.jpg","","Ship","https://tactileeval.s3.us-east-1.amazonaws.com/family_datasets/Vehicles_and_Flight_Systems/Ship/Natural/10.jpg","https://tactileeval.s3.us-east-1.amazonaws.com/family_datasets/Vehicles_and_Flight_Systems/Ship/Tactile/10.jpg","","Ship","https://tactileeval.s3.us-east-1.amazonaws.com/family_datasets/Vehicles_and_Flight_Systems/Ship/Natural/11.jpg","https://tactileeval.s3.us-east-1.amazonaws.com/family_datasets/Vehicles_and_Flight_Systems/Ship/Tactile/11.jpg","","[{""question1"":{""all_correct"":false,""extra_parts"":false,""missing_parts"":true,""wrong_location"":false},""question10"":{""all_correct"":true,""extra_parts"":false,""missing_parts"":false,""wrong_location"":false},""question2"":{""all_correct"":false,""extra_parts"":true,""missing_parts"":true,""wrong_location"":false},""question3"":{""all_correct"":true,""extra_parts"":false,""missing_parts"":false,""wrong_location"":false},""question4"":{""all_correct"":true,""extra_parts"":false,""missing_parts"":false,""wrong_location"":false},""question5"":{""all_correct"":false,""extra_parts"":true,""missing_parts"":true,""wrong_location"":false},""question6"":{""all_correct"":true,""extra_parts"":false,""missing_parts"":false,""wrong_location"":false},""question7"":{""all_correct"":true,""extra_parts"":false,""missing_parts"":false,""wrong_location"":false},""question8"":{""all_correct"":false,""extra_parts"":true,""missing_parts"":true,""wrong_location"":false},""question9"":{""all_correct"":true,""extra_parts"":false,""missing_parts"":false,""wrong_location"":false}}]"
"3N3WJQXEMK4MRK3TXGA4AOU2QANL2F","3U20ZGNLAG0U51KQK3YR7IVUILJD7F","Judge if an objects line-art has missing elements (10 pairs)","Review 10  line-arts and judge if it has/hasn't missing or extra content. (10 pairs)","tactile, image review, accessibility, vehicles","$0.08","Sat Apr 18 07:37:37 PDT 2026","9","BatchId:5385913;OriginalHitTemplateId:928390873;","1800","1296000","Sat Apr 25 07:37:37 PDT 2026","","","30MVJZJNIFRTIYYL56I7SGLHWV4J9E","AM8EV600ZP69X","Approved","Sun Apr 19 00:37:39 PDT 2026","Sun Apr 19 00:40:18 PDT 2026","Mon May 04 00:40:18 PDT 2026","Sun Apr 19 07:44:31 PDT 2026","","","159","86% (32/37)","86% (32/37)","86% (32/37)","Ship","https://tactileeval.s3.us-east-1.amazonaws.com/family_datasets/Vehicles_and_Flight_Systems/Ship/Natural/2.jpg","https://tactileeval.s3.us-east-1.amazonaws.com/family_datasets/Vehicles_and_Flight_Systems/Ship/Tactile/2.jpg","","Ship","https://tactileeval.s3.us-east-1.amazonaws.com/family_datasets/Vehicles_and_Flight_Systems/Ship/Natural/3.jpg","https://tactileeval.s3.us-east-1.amazonaws.com/family_datasets/Vehicles_and_Flight_Systems/Ship/Tactile/3.jpg","","Ship","https://tactileeval.s3.us-east-1.amazonaws.com/family_datasets/Vehicles_and_Flight_Systems/Ship/Natural/4.jpg","https://tactileeval.s3.us-east-1.amazonaws.com/family_datasets/Vehicles_and_Flight_Systems/Ship/Tactile/4.jpg","","Ship","https://tactileeval.s3.us-east-1.amazonaws.com/family_datasets/Vehicles_and_Flight_Systems/Ship/Natural/5.jpg","https://tactileeval.s3.us-east-1.amazonaws.com/family_datasets/Vehicles_and_Flight_Systems/Ship/Tactile/5.jpg","","Ship","https://tactileeval.s3.us-east-1.amazonaws.com/family_datasets/Vehicles_and_Flight_Systems/Ship/Natural/6.jpg","https://tactileeval.s3.us-east-1.amazonaws.com/family_datasets/Vehicles_and_Flight_Systems/Ship/Tactile/6.jpg","","Ship","https://tactileeval.s3.us-east-1.amazonaws.com/family_datasets/Vehicles_and_Flight_Systems/Ship/Natural/7.jpg","https://tactileeval.s3.us-east-1.amazonaws.com/family_datasets/Vehicles_and_Flight_Systems/Ship/Tactile/7.jpg","","Ship","https://tactileeval.s3.us-east-1.amazonaws.com/family_datasets/Vehicles_and_Flight_Systems/Ship/Natural/8.jpg","https://tactileeval.s3.us-east-1.amazonaws.com/family_datasets/Vehicles_and_Flight_Systems/Ship/Tactile/8.jpg","","Ship","https://tactileeval.s3.us-east-1.amazonaws.com/family_datasets/Vehicles_and_Flight_Systems/Ship/Natural/9.jpg","https://tactileeval.s3.us-east-1.amazonaws.com/family_datasets/Vehicles_and_Flight_Systems/Ship/Tactile/9.jpg","","Ship","https://tactileeval.s3.us-east-1.amazonaws.com/family_datasets/Vehicles_and_Flight_Systems/Ship/Natural/10.jpg","https://tactileeval.s3.us-east-1.amazonaws.com/family_datasets/Vehicles_and_Flight_Systems/Ship/Tactile/10.jpg","","Ship","https://tactileeval.s3.us-east-1.amazonaws.com/family_datasets/Vehicles_and_Flight_Systems/Ship/Natural/11.jpg","https://tactileeval.s3.us-east-1.amazonaws.com/family_datasets/Vehicles_and_Flight_Systems/Ship/Tactile/11.jpg","","[{""question1"":{""all_correct"":false,""extra_parts"":true,""missing_parts"":false,""wrong_location"":false},""question10"":{""all_correct"":false,""extra_parts"":false,""missing_parts"":true,""wrong_location"":false},""question2"":{""all_correct"":false,""extra_parts"":false,""missing_parts"":true,""wrong_location"":false},""question3"":{""all_correct"":false,""extra_parts"":false,""missing_parts"":true,""wrong_location"":false},""question4"":{""all_correct"":true,""extra_parts"":false,""missing_parts"":false,""wrong_location"":false},""question5"":{""all_correct"":false,""extra_parts"":false,""missing_parts"":true,""wrong_location"":false},""question6"":{""all_correct"":false,""extra_parts"":false,""missing_parts"":true,""wrong_location"":false},""question7"":{""all_correct"":false,""extra_parts"":false,""missing_parts"":true,""wrong_location"":false},""question8"":{""all_correct"":false,""extra_parts"":true,""missing_parts"":false,""wrong_location"":false},""question9"":{""all_correct"":false,""extra_parts"":false,""missing_parts"":true,""wrong_location"":false}}]"
"3P888QFVYV8BPO8BCJGXYNWZ1L6QOF","3U20ZGNLAG0U51KQK3YR7IVUILJD7F","Judge if an objects line-art has missing elements (10 pairs)","Review 10  line-arts and judge if it has/hasn't missing or extra content. (10 pairs)","tactile, image review, accessibility, vehicles","$0.08","Sat Apr 18 07:37:37 PDT 2026","9","BatchId:5385913;OriginalHitTemplateId:928390873;","1800","1296000","Sat Apr 25 07:37:37 PDT 2026","","","3X87C8JFWZPS90YX92276C2T2DUQSU","A2JKGAWYEHJ18S","Rejected","Sat Apr 18 09:14:20 PDT 2026","Sat Apr 18 09:22:44 PDT 2026","Sun May 03 09:22:44 PDT 2026","","Sat Apr 18 20:04:24 PDT 2026","Thank you for your time. Unfortunately this submission did not pass the embedded gold-standard checks; this task requires very careful attention to detail.","504","15% (3/20)","15% (3/20)","15% (3/20)","Ship","https://tactileeval.s3.us-east-1.amazonaws.com/family_datasets/Vehicles_and_Flight_Systems/Ship/Natural/12.jpg","https://tactileeval.s3.us-east-1.amazonaws.com/family_datasets/Vehicles_and_Flight_Systems/Ship/Tactile/12.jpg","","Ship","https://tactileeval.s3.us-east-1.amazonaws.com/family_datasets/Vehicles_and_Flight_Systems/Ship/Natural/13.jpg","https://tactileeval.s3.us-east-1.amazonaws.com/family_datasets/Vehicles_and_Flight_Systems/Ship/Tactile/13.jpg","","Ship","https://tactileeval.s3.us-east-1.amazonaws.com/family_datasets/Vehicles_and_Flight_Systems/Ship/Natural/14_refined.jpg","https://tactileeval.s3.us-east-1.amazonaws.com/family_datasets/Vehicles_and_Flight_Systems/Ship/Tactile/14_refined.png","","Train","https://tactileeval.s3.us-east-1.amazonaws.com/family_datasets/Vehicles_and_Flight_Systems/Train/Natural/1.png","https://tactileeval.s3.us-east-1.amazonaws.com/family_datasets/Vehicles_and_Flight_Systems/Train/Tactile/1.png","","Train","https://tactileeval.s3.us-east-1.amazonaws.com/family_datasets/Vehicles_and_Flight_Systems/Train/Natural/2.jpg","https://tactileeval.s3.us-east-1.amazonaws.com/family_datasets/Vehicles_and_Flight_Systems/Train/Tactile/2.png","","Train","https://tactileeval.s3.us-east-1.amazonaws.com/family_datasets/Vehicles_and_Flight_Systems/Train/Natural/3.png","https://tactileeval.s3.us-east-1.amazonaws.com/family_datasets/Vehicles_and_Flight_Systems/Train/Tactile/3.png","","Train","https://tactileeval.s3.us-east-1.amazonaws.com/family_datasets/Vehicles_and_Flight_Systems/Train/Natural/4.png","https://tactileeval.s3.us-east-1.amazonaws.com/family_datasets/Vehicles_and_Flight_Systems/Train/Tactile/4.png","","Train","https://tactileeval.s3.us-east-1.amazonaws.com/family_datasets/Vehicles_and_Flight_Systems/Train/Natural/5.jpg","https://tactileeval.s3.us-east-1.amazonaws.com/family_datasets/Vehicles_and_Flight_Systems/Train/Tactile/5.png","","Train","https://tactileeval.s3.us-east-1.amazonaws.com/family_datasets/Vehicles_and_Flight_Systems/Train/Natural/6.jpg","https://tactileeval.s3.us-east-1.amazonaws.com/family_datasets/Vehicles_and_Flight_Systems/Train/Tactile/6.png","","Train","https://tactileeval.s3.us-east-1.amazonaws.com/family_datasets/Vehicles_and_Flight_Systems/Train/Natural/7.jpg","https://tactileeval.s3.us-east-1.amazonaws.com/family_datasets/Vehicles_and_Flight_Systems/Train/Tactile/7.png","","[{""question1"":{""all_correct"":false,""extra_parts"":false,""missing_parts"":false,""wrong_location"":true},""question10"":{""all_correct"":false,""extra_parts"":false,""missing_parts"":true,""wrong_location"":false},""question2"":{""all_correct"":false,""extra_parts"":true,""missing_parts"":false,""wrong_location"":false},""question3"":{""all_correct"":false,""extra_parts"":false,""missing_parts"":false,""wrong_location"":true},""question4"":{""all_correct"":false,""extra_parts"":false,""missing_parts"":false,""wrong_location"":true},""question5"":{""all_correct"":false,""extra_parts"":true,""missing_parts"":false,""wrong_location"":false},""question6"":{""all_correct"":false,""extra_parts"":true,""missing_parts"":false,""wrong_location"":false},""question7"":{""all_correct"":false,""extra_parts"":false,""missing_parts"":false,""wrong_location"":true},""question8"":{""all_correct"":false,""extra_parts"":true,""missing_parts"":false,""wrong_location"":false},""question9"":{""all_correct"":false,""extra_parts"":true,""missing_parts"":false,""wrong_location"":false}}]"
"3P888QFVYV8BPO8BCJGXYNWZ1L6QOF","3U20ZGNLAG0U51KQK3YR7IVUILJD7F","Judge if an objects line-art has missing elements (10 pairs)","Review 10  line-arts and judge if it has/hasn't missing or extra content. (10 pairs)","tactile, image review, accessibility, vehicles","$0.08","Sat Apr 18 07:37:37 PDT 2026","9","BatchId:5385913;OriginalHitTemplateId:928390873;","1800","1296000","Sat Apr 25 07:37:37 PDT 2026","","","3WJEQKOXB1G0S0SM7NQ1KB0F8V7A1Z","A2NZLZLLAZYXJX","Rejected","Sat Apr 18 10:24:44 PDT 2026","Sat Apr 18 10:27:18 PDT 2026","Sun May 03 10:27:18 PDT 2026","","Sat Apr 18 20:04:25 PDT 2026","Thank you for your time. Unfortunately this submission did not pass the embedded gold-standard checks; this task requires very careful attention to detail.","154","68% (40/59)","68% (40/59)","68% (40/59)","Ship","https://tactileeval.s3.us-east-1.amazonaws.com/family_datasets/Vehicles_and_Flight_Systems/Ship/Natural/12.jpg","https://tactileeval.s3.us-east-1.amazonaws.com/family_datasets/Vehicles_and_Flight_Systems/Ship/Tactile/12.jpg","","Ship","https://tactileeval.s3.us-east-1.amazonaws.com/family_datasets/Vehicles_and_Flight_Systems/Ship/Natural/13.jpg","https://tactileeval.s3.us-east-1.amazonaws.com/family_datasets/Vehicles_and_Flight_Systems/Ship/Tactile/13.jpg","","Ship","https://tactileeval.s3.us-east-1.amazonaws.com/family_datasets/Vehicles_and_Flight_Systems/Ship/Natural/14_refined.jpg","https://tactileeval.s3.us-east-1.amazonaws.com/family_datasets/Vehicles_and_Flight_Systems/Ship/Tactile/14_refined.png","","Train","https://tactileeval.s3.us-east-1.amazonaws.com/family_datasets/Vehicles_and_Flight_Systems/Train/Natural/1.png","https://tactileeval.s3.us-east-1.amazonaws.com/family_datasets/Vehicles_and_Flight_Systems/Train/Tactile/1.png","","Train","https://tactileeval.s3.us-east-1.amazonaws.com/family_datasets/Vehicles_and_Flight_Systems/Train/Natural/2.jpg","https://tactileeval.s3.us-east-1.amazonaws.com/family_datasets/Vehicles_and_Flight_Systems/Train/Tactile/2.png","","Train","https://tactileeval.s3.us-east-1.amazonaws.com/family_datasets/Vehicles_and_Flight_Systems/Train/Natural/3.png","https://tactileeval.s3.us-east-1.amazonaws.com/family_datasets/Vehicles_and_Flight_Systems/Train/Tactile/3.png","","Train","https://tactileeval.s3.us-east-1.amazonaws.com/family_datasets/Vehicles_and_Flight_Systems/Train/Natural/4.png","https://tactileeval.s3.us-east-1.amazonaws.com/family_datasets/Vehicles_and_Flight_Systems/Train/Tactile/4.png","","Train","https://tactileeval.s3.us-east-1.amazonaws.com/family_datasets/Vehicles_and_Flight_Systems/Train/Natural/5.jpg","https://tactileeval.s3.us-east-1.amazonaws.com/family_datasets/Vehicles_and_Flight_Systems/Train/Tactile/5.png","","Train","https://tactileeval.s3.us-east-1.amazonaws.com/family_datasets/Vehicles_and_Flight_Systems/Train/Natural/6.jpg","https://tactileeval.s3.us-east-1.amazonaws.com/family_datasets/Vehicles_and_Flight_Systems/Train/Tactile/6.png","","Train","https://tactileeval.s3.us-east-1.amazonaws.com/family_datasets/Vehicles_and_Flight_Systems/Train/Natural/7.jpg","https://tactileeval.s3.us-east-1.amazonaws.com/family_datasets/Vehicles_and_Flight_Systems/Train/Tactile/7.png","","[{""question1"":{""all_correct"":false,""extra_parts"":false,""missing_parts"":true,""wrong_location"":false},""question10"":{""all_correct"":false,""extra_parts"":false,""missing_parts"":true,""wrong_location"":false},""question2"":{""all_correct"":false,""extra_parts"":false,""missing_parts"":false,""wrong_location"":true},""question3"":{""all_correct"":true,""extra_parts"":false,""missing_parts"":false,""wrong_location"":false},""question4"":{""all_correct"":false,""extra_parts"":false,""missing_parts"":true,""wrong_location"":false},""question5"":{""all_correct"":false,""extra_parts"":false,""missing_parts"":true,""wrong_location"":false},""question6"":{""all_correct"":false,""extra_parts"":false,""missing_parts"":false,""wrong_location"":true},""question7"":{""all_correct"":false,""extra_parts"":false,""missing_parts"":true,""wrong_location"":false},""question8"":{""all_correct"":true,""extra_parts"":false,""missing_parts"":false,""wrong_location"":false},""question9"":{""all_correct"":true,""extra_parts"":false,""missing_parts"":false,""wrong_location"":false}}]"
"3P888QFVYV8BPO8BCJGXYNWZ1L6QOF","3U20ZGNLAG0U51KQK3YR7IVUILJD7F","Judge if an objects line-art has missing elements (10 pairs)","Review 10  line-arts and judge if it has/hasn't missing or extra content. (10 pairs)","tactile, image review, accessibility, vehicles","$0.08","Sat Apr 18 07:37:37 PDT 2026","9","BatchId:5385913;OriginalHitTemplateId:928390873;","1800","1296000","Sat Apr 25 07:37:37 PDT 2026","","","3KKG4CDWLBC3FGF02ZV3MEWYEX049S","ASBG43I93VS4A","Approved","Sat Apr 18 10:30:13 PDT 2026","Sat Apr 18 10:46:46 PDT 2026","Sun May 03 10:46:46 PDT 2026","Sat Apr 18 20:04:25 PDT 2026","","","993","27% (8/30)","27% (8/30)","27% (8/30)","Ship","https://tactileeval.s3.us-east-1.amazonaws.com/family_datasets/Vehicles_and_Flight_Systems/Ship/Natural/12.jpg","https://tactileeval.s3.us-east-1.amazonaws.com/family_datasets/Vehicles_and_Flight_Systems/Ship/Tactile/12.jpg","","Ship","https://tactileeval.s3.us-east-1.amazonaws.com/family_datasets/Vehicles_and_Flight_Systems/Ship/Natural/13.jpg","https://tactileeval.s3.us-east-1.amazonaws.com/family_datasets/Vehicles_and_Flight_Systems/Ship/Tactile/13.jpg","","Ship","https://tactileeval.s3.us-east-1.amazonaws.com/family_datasets/Vehicles_and_Flight_Systems/Ship/Natural/14_refined.jpg","https://tactileeval.s3.us-east-1.amazonaws.com/family_datasets/Vehicles_and_Flight_Systems/Ship/Tactile/14_refined.png","","Train","https://tactileeval.s3.us-east-1.amazonaws.com/family_datasets/Vehicles_and_Flight_Systems/Train/Natural/1.png","https://tactileeval.s3.us-east-1.amazonaws.com/family_datasets/Vehicles_and_Flight_Systems/Train/Tactile/1.png","","Train","https://tactileeval.s3.us-east-1.amazonaws.com/family_datasets/Vehicles_and_Flight_Systems/Train/Natural/2.jpg","https://tactileeval.s3.us-east-1.amazonaws.com/family_datasets/Vehicles_and_Flight_Systems/Train/Tactile/2.png","","Train","https://tactileeval.s3.us-east-1.amazonaws.com/family_datasets/Vehicles_and_Flight_Systems/Train/Natural/3.png","https://tactileeval.s3.us-east-1.amazonaws.com/family_datasets/Vehicles_and_Flight_Systems/Train/Tactile/3.png","","Train","https://tactileeval.s3.us-east-1.amazonaws.com/family_datasets/Vehicles_and_Flight_Systems/Train/Natural/4.png","https://tactileeval.s3.us-east-1.amazonaws.com/family_datasets/Vehicles_and_Flight_Systems/Train/Tactile/4.png","","Train","https://tactileeval.s3.us-east-1.amazonaws.com/family_datasets/Vehicles_and_Flight_Systems/Train/Natural/5.jpg","https://tactileeval.s3.us-east-1.amazonaws.com/family_datasets/Vehicles_and_Flight_Systems/Train/Tactile/5.png","","Train","https://tactileeval.s3.us-east-1.amazonaws.com/family_datasets/Vehicles_and_Flight_Systems/Train/Natural/6.jpg","https://tactileeval.s3.us-east-1.amazonaws.com/family_datasets/Vehicles_and_Flight_Systems/Train/Tactile/6.png","","Train","https://tactileeval.s3.us-east-1.amazonaws.com/family_datasets/Vehicles_and_Flight_Systems/Train/Natural/7.jpg","https://tactileeval.s3.us-east-1.amazonaws.com/family_datasets/Vehicles_and_Flight_Systems/Train/Tactile/7.png","","[{""question1"":{""all_correct"":false,""extra_parts"":true,""missing_parts"":true,""wrong_location"":false},""question10"":{""all_correct"":false,""extra_parts"":true,""missing_parts"":true,""wrong_location"":false},""question2"":{""all_correct"":false,""extra_parts"":true,""missing_parts"":true,""wrong_location"":false},""question3"":{""all_correct"":true,""extra_parts"":false,""missing_parts"":false,""wrong_location"":false},""question4"":{""all_correct"":false,""extra_parts"":true,""missing_parts"":true,""wrong_location"":false},""question5"":{""all_correct"":true,""extra_parts"":false,""missing_parts"":false,""wrong_location"":false},""question6"":{""all_correct"":false,""extra_parts"":true,""missing_parts"":true,""wrong_location"":false},""question7"":{""all_correct"":true,""extra_parts"":false,""missing_parts"":false,""wrong_location"":false},""question8"":{""all_correct"":false,""extra_parts"":true,""missing_parts"":true,""wrong_location"":false},""question9"":{""all_correct"":false,""extra_parts"":false,""missing_parts"":true,""wrong_location"":false}}]"
"3P888QFVYV8BPO8BCJGXYNWZ1L6QOF","3U20ZGNLAG0U51KQK3YR7IVUILJD7F","Judge if an objects line-art has missing elements (10 pairs)","Review 10  line-arts and judge if it has/hasn't missing or extra content. (10 pairs)","tactile, image review, accessibility, vehicles","$0.08","Sat Apr 18 07:37:37 PDT 2026","9","BatchId:5385913;OriginalHitTemplateId:928390873;","1800","1296000","Sat Apr 25 07:37:37 PDT 2026","","","324G5B4FCWMI299641AHWFFF2VW703","AM6XJQNLFEV4J","Rejected","Sat Apr 18 10:30:00 PDT 2026","Sat Apr 18 10:48:02 PDT 2026","Sun May 03 10:48:02 PDT 2026","","Sat Apr 18 20:04:25 PDT 2026","Thank you for your time. Unfortunately this submission did not pass the embedded gold-standard checks; this task requires very careful attention to detail.","1082","59% (19/32)","59% (19/32)","59% (19/32)","Ship","https://tactileeval.s3.us-east-1.amazonaws.com/family_datasets/Vehicles_and_Flight_Systems/Ship/Natural/12.jpg","https://tactileeval.s3.us-east-1.amazonaws.com/family_datasets/Vehicles_and_Flight_Systems/Ship/Tactile/12.jpg","","Ship","https://tactileeval.s3.us-east-1.amazonaws.com/family_datasets/Vehicles_and_Flight_Systems/Ship/Natural/13.jpg","https://tactileeval.s3.us-east-1.amazonaws.com/family_datasets/Vehicles_and_Flight_Systems/Ship/Tactile/13.jpg","","Ship","https://tactileeval.s3.us-east-1.amazonaws.com/family_datasets/Vehicles_and_Flight_Systems/Ship/Natural/14_refined.jpg","https://tactileeval.s3.us-east-1.amazonaws.com/family_datasets/Vehicles_and_Flight_Systems/Ship/Tactile/14_refined.png","","Train","https://tactileeval.s3.us-east-1.amazonaws.com/family_datasets/Vehicles_and_Flight_Systems/Train/Natural/1.png","https://tactileeval.s3.us-east-1.amazonaws.com/family_datasets/Vehicles_and_Flight_Systems/Train/Tactile/1.png","","Train","https://tactileeval.s3.us-east-1.amazonaws.com/family_datasets/Vehicles_and_Flight_Systems/Train/Natural/2.jpg","https://tactileeval.s3.us-east-1.amazonaws.com/family_datasets/Vehicles_and_Flight_Systems/Train/Tactile/2.png","","Train","https://tactileeval.s3.us-east-1.amazonaws.com/family_datasets/Vehicles_and_Flight_Systems/Train/Natural/3.png","https://tactileeval.s3.us-east-1.amazonaws.com/family_datasets/Vehicles_and_Flight_Systems/Train/Tactile/3.png","","Train","https://tactileeval.s3.us-east-1.amazonaws.com/family_datasets/Vehicles_and_Flight_Systems/Train/Natural/4.png","https://tactileeval.s3.us-east-1.amazonaws.com/family_datasets/Vehicles_and_Flight_Systems/Train/Tactile/4.png","","Train","https://tactileeval.s3.us-east-1.amazonaws.com/family_datasets/Vehicles_and_Flight_Systems/Train/Natural/5.jpg","https://tactileeval.s3.us-east-1.amazonaws.com/family_datasets/Vehicles_and_Flight_Systems/Train/Tactile/5.png","","Train","https://tactileeval.s3.us-east-1.amazonaws.com/family_datasets/Vehicles_and_Flight_Systems/Train/Natural/6.jpg","https://tactileeval.s3.us-east-1.amazonaws.com/family_datasets/Vehicles_and_Flight_Systems/Train/Tactile/6.png","","Train","https://tactileeval.s3.us-east-1.amazonaws.com/family_datasets/Vehicles_and_Flight_Systems/Train/Natural/7.jpg","https://tactileeval.s3.us-east-1.amazonaws.com/family_datasets/Vehicles_and_Flight_Systems/Train/Tactile/7.png","","[{""question1"":{""all_correct"":true,""extra_parts"":false,""missing_parts"":false,""wrong_location"":false},""question10"":{""all_correct"":false,""extra_parts"":true,""missing_parts"":true,""wrong_location"":false},""question2"":{""all_correct"":false,""extra_parts"":true,""missing_parts"":true,""wrong_location"":false},""question3"":{""all_correct"":true,""extra_parts"":false,""missing_parts"":false,""wrong_location"":false},""question4"":{""all_correct"":false,""extra_parts"":true,""missing_parts"":true,""wrong_location"":false},""question5"":{""all_correct"":true,""extra_parts"":false,""missing_parts"":false,""wrong_location"":false},""question6"":{""all_correct"":false,""extra_parts"":true,""missing_parts"":true,""wrong_location"":false},""question7"":{""all_correct"":true,""extra_parts"":false,""missing_parts"":false,""wrong_location"":false},""question8"":{""all_correct"":false,""extra_parts"":true,""missing_parts"":true,""wrong_location"":false},""question9"":{""all_correct"":false,""extra_parts"":true,""missing_parts"":true,""wrong_location"":false}}]"
"3P888QFVYV8BPO8BCJGXYNWZ1L6QOF","3U20ZGNLAG0U51KQK3YR7IVUILJD7F","Judge if an objects line-art has missing elements (10 pairs)","Review 10  line-arts and judge if it has/hasn't missing or extra content. (10 pairs)","tactile, image review, accessibility, vehicles","$0.08","Sat Apr 18 07:37:37 PDT 2026","9","BatchId:5385913;OriginalHitTemplateId:928390873;","1800","1296000","Sat Apr 25 07:37:37 PDT 2026","","","3UXUOQ9OL7BE3M7OW37ALLRSBH87AU","A12VYCG9CMKAFA","Approved","Sat Apr 18 10:30:13 PDT 2026","Sat Apr 18 10:55:00 PDT 2026","Sun May 03 10:55:00 PDT 2026","Sat Apr 18 20:04:25 PDT 2026","","","1487","26% (7/27)","26% (7/27)","26% (7/27)","Ship","https://tactileeval.s3.us-east-1.amazonaws.com/family_datasets/Vehicles_and_Flight_Systems/Ship/Natural/12.jpg","https://tactileeval.s3.us-east-1.amazonaws.com/family_datasets/Vehicles_and_Flight_Systems/Ship/Tactile/12.jpg","","Ship","https://tactileeval.s3.us-east-1.amazonaws.com/family_datasets/Vehicles_and_Flight_Systems/Ship/Natural/13.jpg","https://tactileeval.s3.us-east-1.amazonaws.com/family_datasets/Vehicles_and_Flight_Systems/Ship/Tactile/13.jpg","","Ship","https://tactileeval.s3.us-east-1.amazonaws.com/family_datasets/Vehicles_and_Flight_Systems/Ship/Natural/14_refined.jpg","https://tactileeval.s3.us-east-1.amazonaws.com/family_datasets/Vehicles_and_Flight_Systems/Ship/Tactile/14_refined.png","","Train","https://tactileeval.s3.us-east-1.amazonaws.com/family_datasets/Vehicles_and_Flight_Systems/Train/Natural/1.png","https://tactileeval.s3.us-east-1.amazonaws.com/family_datasets/Vehicles_and_Flight_Systems/Train/Tactile/1.png","","Train","https://tactileeval.s3.us-east-1.amazonaws.com/family_datasets/Vehicles_and_Flight_Systems/Train/Natural/2.jpg","https://tactileeval.s3.us-east-1.amazonaws.com/family_datasets/Vehicles_and_Flight_Systems/Train/Tactile/2.png","","Train","https://tactileeval.s3.us-east-1.amazonaws.com/family_datasets/Vehicles_and_Flight_Systems/Train/Natural/3.png","https://tactileeval.s3.us-east-1.amazonaws.com/family_datasets/Vehicles_and_Flight_Systems/Train/Tactile/3.png","","Train","https://tactileeval.s3.us-east-1.amazonaws.com/family_datasets/Vehicles_and_Flight_Systems/Train/Natural/4.png","https://tactileeval.s3.us-east-1.amazonaws.com/family_datasets/Vehicles_and_Flight_Systems/Train/Tactile/4.png","","Train","https://tactileeval.s3.us-east-1.amazonaws.com/family_datasets/Vehicles_and_Flight_Systems/Train/Natural/5.jpg","https://tactileeval.s3.us-east-1.amazonaws.com/family_datasets/Vehicles_and_Flight_Systems/Train/Tactile/5.png","","Train","https://tactileeval.s3.us-east-1.amazonaws.com/family_datasets/Vehicles_and_Flight_Systems/Train/Natural/6.jpg","https://tactileeval.s3.us-east-1.amazonaws.com/family_datasets/Vehicles_and_Flight_Systems/Train/Tactile/6.png","","Train","https://tactileeval.s3.us-east-1.amazonaws.com/family_datasets/Vehicles_and_Flight_Systems/Train/Natural/7.jpg","https://tactileeval.s3.us-east-1.amazonaws.com/family_datasets/Vehicles_and_Flight_Systems/Train/Tactile/7.png","","[{""question1"":{""all_correct"":false,""extra_parts"":false,""missing_parts"":true,""wrong_location"":false},""question10"":{""all_correct"":false,""extra_parts"":true,""missing_parts"":false,""wrong_location"":false},""question2"":{""all_correct"":false,""extra_parts"":false,""missing_parts"":true,""wrong_location"":false},""question3"":{""all_correct"":false,""extra_parts"":true,""missing_parts"":false,""wrong_location"":false},""question4"":{""all_correct"":false,""extra_parts"":true,""missing_parts"":false,""wrong_location"":false},""question5"":{""all_correct"":false,""extra_parts"":true,""missing_parts"":true,""wrong_location"":false},""question6"":{""all_correct"":false,""extra_parts"":true,""missing_parts"":true,""wrong_location"":false},""question7"":{""all_correct"":false,""extra_parts"":true,""missing_parts"":false,""wrong_location"":false},""question8"":{""all_correct"":false,""extra_parts"":true,""missing_parts"":false,""wrong_location"":false},""question9"":{""all_correct"":false,""extra_parts"":true,""missing_parts"":false,""wrong_location"":false}}]"
"3P888QFVYV8BPO8BCJGXYNWZ1L6QOF","3U20ZGNLAG0U51KQK3YR7IVUILJD7F","Judge if an objects line-art has missing elements (10 pairs)","Review 10  line-arts and judge if it has/hasn't missing or extra content. (10 pairs)","tactile, image review, accessibility, vehicles","$0.08","Sat Apr 18 07:37:37 PDT 2026","9","BatchId:5385913;OriginalHitTemplateId:928390873;","1800","1296000","Sat Apr 25 07:37:37 PDT 2026","","","31T4R4OBPLU2W14MGH31RGHGBKT7CW","A2I68SNRG9QUY7","Rejected","Sat Apr 18 10:30:16 PDT 2026","Sat Apr 18 10:59:28 PDT 2026","Sun May 03 10:59:28 PDT 2026","","Sat Apr 18 20:04:25 PDT 2026","Thank you for your time. Unfortunately this submission did not pass the embedded gold-standard checks; this task requires very careful attention to detail.","1752","11% (1/9)","11% (1/9)","11% (1/9)","Ship","https://tactileeval.s3.us-east-1.amazonaws.com/family_datasets/Vehicles_and_Flight_Systems/Ship/Natural/12.jpg","https://tactileeval.s3.us-east-1.amazonaws.com/family_datasets/Vehicles_and_Flight_Systems/Ship/Tactile/12.jpg","","Ship","https://tactileeval.s3.us-east-1.amazonaws.com/family_datasets/Vehicles_and_Flight_Systems/Ship/Natural/13.jpg","https://tactileeval.s3.us-east-1.amazonaws.com/family_datasets/Vehicles_and_Flight_Systems/Ship/Tactile/13.jpg","","Ship","https://tactileeval.s3.us-east-1.amazonaws.com/family_datasets/Vehicles_and_Flight_Systems/Ship/Natural/14_refined.jpg","https://tactileeval.s3.us-east-1.amazonaws.com/family_datasets/Vehicles_and_Flight_Systems/Ship/Tactile/14_refined.png","","Train","https://tactileeval.s3.us-east-1.amazonaws.com/family_datasets/Vehicles_and_Flight_Systems/Train/Natural/1.png","https://tactileeval.s3.us-east-1.amazonaws.com/family_datasets/Vehicles_and_Flight_Systems/Train/Tactile/1.png","","Train","https://tactileeval.s3.us-east-1.amazonaws.com/family_datasets/Vehicles_and_Flight_Systems/Train/Natural/2.jpg","https://tactileeval.s3.us-east-1.amazonaws.com/family_datasets/Vehicles_and_Flight_Systems/Train/Tactile/2.png","","Train","https://tactileeval.s3.us-east-1.amazonaws.com/family_datasets/Vehicles_and_Flight_Systems/Train/Natural/3.png","https://tactileeval.s3.us-east-1.amazonaws.com/family_datasets/Vehicles_and_Flight_Systems/Train/Tactile/3.png","","Train","https://tactileeval.s3.us-east-1.amazonaws.com/family_datasets/Vehicles_and_Flight_Systems/Train/Natural/4.png","https://tactileeval.s3.us-east-1.amazonaws.com/family_datasets/Vehicles_and_Flight_Systems/Train/Tactile/4.png","","Train","https://tactileeval.s3.us-east-1.amazonaws.com/family_datasets/Vehicles_and_Flight_Systems/Train/Natural/5.jpg","https://tactileeval.s3.us-east-1.amazonaws.com/family_datasets/Vehicles_and_Flight_Systems/Train/Tactile/5.png","","Train","https://tactileeval.s3.us-east-1.amazonaws.com/family_datasets/Vehicles_and_Flight_Systems/Train/Natural/6.jpg","https://tactileeval.s3.us-east-1.amazonaws.com/family_datasets/Vehicles_and_Flight_Systems/Train/Tactile/6.png","","Train","https://tactileeval.s3.us-east-1.amazonaws.com/family_datasets/Vehicles_and_Flight_Systems/Train/Natural/7.jpg","https://tactileeval.s3.us-east-1.amazonaws.com/family_datasets/Vehicles_and_Flight_Systems/Train/Tactile/7.png","","[{""question1"":{""all_correct"":true,""extra_parts"":false,""missing_parts"":false,""wrong_location"":false},""question10"":{""all_correct"":false,""extra_parts"":false,""missing_parts"":true,""wrong_location"":false},""question2"":{""all_correct"":false,""extra_parts"":false,""missing_parts"":true,""wrong_location"":false},""question3"":{""all_correct"":false,""extra_parts"":false,""missing_parts"":true,""wrong_location"":false},""question4"":{""all_correct"":false,""extra_parts"":false,""missing_parts"":true,""wrong_location"":false},""question5"":{""all_correct"":true,""extra_parts"":false,""missing_parts"":false,""wrong_location"":false},""question6"":{""all_correct"":false,""extra_parts"":true,""missing_parts"":false,""wrong_location"":false},""question7"":{""all_correct"":true,""extra_parts"":false,""missing_parts"":false,""wrong_location"":false},""question8"":{""all_correct"":true,""extra_parts"":false,""missing_parts"":false,""wrong_location"":false},""question9"":{""all_correct"":false,""extra_parts"":false,""missing_parts"":true,""wrong_location"":false}}]"
"3P888QFVYV8BPO8BCJGXYNWZ1L6QOF","3U20ZGNLAG0U51KQK3YR7IVUILJD7F","Judge if an objects line-art has missing elements (10 pairs)","Review 10  line-arts and judge if it has/hasn't missing or extra content. (10 pairs)","tactile, image review, accessibility, vehicles","$0.08","Sat Apr 18 07:37:37 PDT 2026","9","BatchId:5385913;OriginalHitTemplateId:928390873;","1800","1296000","Sat Apr 25 07:37:37 PDT 2026","","","3TXMY6UCB72C2J91CGC7R7YBGAOQCG","A3O5ICTUN0AMMI","Rejected","Sat Apr 18 11:01:39 PDT 2026","Sat Apr 18 11:12:32 PDT 2026","Sun May 03 11:12:32 PDT 2026","","Sat Apr 18 20:04:25 PDT 2026","Thank you for your time. Unfortunately this submission did not pass the embedded gold-standard checks; this task requires very careful attention to detail.","653","50% (8/16)","50% (8/16)","50% (8/16)","Ship","https://tactileeval.s3.us-east-1.amazonaws.com/family_datasets/Vehicles_and_Flight_Systems/Ship/Natural/12.jpg","https://tactileeval.s3.us-east-1.amazonaws.com/family_datasets/Vehicles_and_Flight_Systems/Ship/Tactile/12.jpg","","Ship","https://tactileeval.s3.us-east-1.amazonaws.com/family_datasets/Vehicles_and_Flight_Systems/Ship/Natural/13.jpg","https://tactileeval.s3.us-east-1.amazonaws.com/family_datasets/Vehicles_and_Flight_Systems/Ship/Tactile/13.jpg","","Ship","https://tactileeval.s3.us-east-1.amazonaws.com/family_datasets/Vehicles_and_Flight_Systems/Ship/Natural/14_refined.jpg","https://tactileeval.s3.us-east-1.amazonaws.com/family_datasets/Vehicles_and_Flight_Systems/Ship/Tactile/14_refined.png","","Train","https://tactileeval.s3.us-east-1.amazonaws.com/family_datasets/Vehicles_and_Flight_Systems/Train/Natural/1.png","https://tactileeval.s3.us-east-1.amazonaws.com/family_datasets/Vehicles_and_Flight_Systems/Train/Tactile/1.png","","Train","https://tactileeval.s3.us-east-1.amazonaws.com/family_datasets/Vehicles_and_Flight_Systems/Train/Natural/2.jpg","https://tactileeval.s3.us-east-1.amazonaws.com/family_datasets/Vehicles_and_Flight_Systems/Train/Tactile/2.png","","Train","https://tactileeval.s3.us-east-1.amazonaws.com/family_datasets/Vehicles_and_Flight_Systems/Train/Natural/3.png","https://tactileeval.s3.us-east-1.amazonaws.com/family_datasets/Vehicles_and_Flight_Systems/Train/Tactile/3.png","","Train","https://tactileeval.s3.us-east-1.amazonaws.com/family_datasets/Vehicles_and_Flight_Systems/Train/Natural/4.png","https://tactileeval.s3.us-east-1.amazonaws.com/family_datasets/Vehicles_and_Flight_Systems/Train/Tactile/4.png","","Train","https://tactileeval.s3.us-east-1.amazonaws.com/family_datasets/Vehicles_and_Flight_Systems/Train/Natural/5.jpg","https://tactileeval.s3.us-east-1.amazonaws.com/family_datasets/Vehicles_and_Flight_Systems/Train/Tactile/5.png","","Train","https://tactileeval.s3.us-east-1.amazonaws.com/family_datasets/Vehicles_and_Flight_Systems/Train/Natural/6.jpg","https://tactileeval.s3.us-east-1.amazonaws.com/family_datasets/Vehicles_and_Flight_Systems/Train/Tactile/6.png","","Train","https://tactileeval.s3.us-east-1.amazonaws.com/family_datasets/Vehicles_and_Flight_Systems/Train/Natural/7.jpg","https://tactileeval.s3.us-east-1.amazonaws.com/family_datasets/Vehicles_and_Flight_Systems/Train/Tactile/7.png","","[{""question1"":{""all_correct"":false,""extra_parts"":false,""missing_parts"":true,""wrong_location"":false},""question10"":{""all_correct"":false,""extra_parts"":false,""missing_parts"":true,""wrong_location"":false},""question2"":{""all_correct"":true,""extra_parts"":false,""missing_parts"":false,""wrong_location"":false},""question3"":{""all_correct"":true,""extra_parts"":false,""missing_parts"":false,""wrong_location"":false},""question4"":{""all_correct"":false,""extra_parts"":true,""missing_parts"":false,""wrong_location"":false},""question5"":{""all_correct"":false,""extra_parts"":false,""missing_parts"":true,""wrong_location"":false},""question6"":{""all_correct"":false,""extra_parts"":false,""missing_parts"":false,""wrong_location"":true},""question7"":{""all_correct"":true,""extra_parts"":false,""missing_parts"":false,""wrong_location"":false},""question8"":{""all_correct"":true,""extra_parts"":false,""missing_parts"":false,""wrong_location"":false},""question9"":{""all_correct"":true,""extra_parts"":false,""missing_parts"":false,""wrong_location"":false}}]"
"3P888QFVYV8BPO8BCJGXYNWZ1L6QOF","3U20ZGNLAG0U51KQK3YR7IVUILJD7F","Judge if an objects line-art has missing elements (10 pairs)","Review 10  line-arts and judge if it has/hasn't missing or extra content. (10 pairs)","tactile, image review, accessibility, vehicles","$0.08","Sat Apr 18 07:37:37 PDT 2026","9","BatchId:5385913;OriginalHitTemplateId:928390873;","1800","1296000","Sat Apr 25 07:37:37 PDT 2026","","","3MB8LZR5C87JUK5CCOL9Y4CPBEBLK2","A7D1G6VBRTJMJ","Rejected","Sat Apr 18 20:43:09 PDT 2026","Sat Apr 18 20:45:37 PDT 2026","Sun May 03 20:45:37 PDT 2026","","Sun Apr 19 07:44:32 PDT 2026","Thank you for your time. Unfortunately this submission did not pass the embedded gold-standard checks; this task requires very careful attention to detail.","148","46% (11/24)","46% (11/24)","46% (11/24)","Ship","https://tactileeval.s3.us-east-1.amazonaws.com/family_datasets/Vehicles_and_Flight_Systems/Ship/Natural/12.jpg","https://tactileeval.s3.us-east-1.amazonaws.com/family_datasets/Vehicles_and_Flight_Systems/Ship/Tactile/12.jpg","","Ship","https://tactileeval.s3.us-east-1.amazonaws.com/family_datasets/Vehicles_and_Flight_Systems/Ship/Natural/13.jpg","https://tactileeval.s3.us-east-1.amazonaws.com/family_datasets/Vehicles_and_Flight_Systems/Ship/Tactile/13.jpg","","Ship","https://tactileeval.s3.us-east-1.amazonaws.com/family_datasets/Vehicles_and_Flight_Systems/Ship/Natural/14_refined.jpg","https://tactileeval.s3.us-east-1.amazonaws.com/family_datasets/Vehicles_and_Flight_Systems/Ship/Tactile/14_refined.png","","Train","https://tactileeval.s3.us-east-1.amazonaws.com/family_datasets/Vehicles_and_Flight_Systems/Train/Natural/1.png","https://tactileeval.s3.us-east-1.amazonaws.com/family_datasets/Vehicles_and_Flight_Systems/Train/Tactile/1.png","","Train","https://tactileeval.s3.us-east-1.amazonaws.com/family_datasets/Vehicles_and_Flight_Systems/Train/Natural/2.jpg","https://tactileeval.s3.us-east-1.amazonaws.com/family_datasets/Vehicles_and_Flight_Systems/Train/Tactile/2.png","","Train","https://tactileeval.s3.us-east-1.amazonaws.com/family_datasets/Vehicles_and_Flight_Systems/Train/Natural/3.png","https://tactileeval.s3.us-east-1.amazonaws.com/family_datasets/Vehicles_and_Flight_Systems/Train/Tactile/3.png","","Train","https://tactileeval.s3.us-east-1.amazonaws.com/family_datasets/Vehicles_and_Flight_Systems/Train/Natural/4.png","https://tactileeval.s3.us-east-1.amazonaws.com/family_datasets/Vehicles_and_Flight_Systems/Train/Tactile/4.png","","Train","https://tactileeval.s3.us-east-1.amazonaws.com/family_datasets/Vehicles_and_Flight_Systems/Train/Natural/5.jpg","https://tactileeval.s3.us-east-1.amazonaws.com/family_datasets/Vehicles_and_Flight_Systems/Train/Tactile/5.png","","Train","https://tactileeval.s3.us-east-1.amazonaws.com/family_datasets/Vehicles_and_Flight_Systems/Train/Natural/6.jpg","https://tactileeval.s3.us-east-1.amazonaws.com/family_datasets/Vehicles_and_Flight_Systems/Train/Tactile/6.png","","Train","https://tactileeval.s3.us-east-1.amazonaws.com/family_datasets/Vehicles_and_Flight_Systems/Train/Natural/7.jpg","https://tactileeval.s3.us-east-1.amazonaws.com/family_datasets/Vehicles_and_Flight_Systems/Train/Tactile/7.png","","[{""question1"":{""all_correct"":true,""extra_parts"":false,""missing_parts"":false,""wrong_location"":false},""question10"":{""all_correct"":false,""extra_parts"":false,""missing_parts"":true,""wrong_location"":false},""question2"":{""all_correct"":false,""extra_parts"":false,""missing_parts"":true,""wrong_location"":false},""question3"":{""all_correct"":true,""extra_parts"":false,""missing_parts"":false,""wrong_location"":false},""question4"":{""all_correct"":false,""extra_parts"":true,""missing_parts"":true,""wrong_location"":false},""question5"":{""all_correct"":true,""extra_parts"":false,""missing_parts"":false,""wrong_location"":false},""question6"":{""all_correct"":false,""extra_parts"":false,""missing_parts"":false,""wrong_location"":true},""question7"":{""all_correct"":true,""extra_parts"":false,""missing_parts"":false,""wrong_location"":false},""question8"":{""all_correct"":true,""extra_parts"":false,""missing_parts"":false,""wrong_location"":false},""question9"":{""all_correct"":true,""extra_parts"":false,""missing_parts"":false,""wrong_location"":false}}]"
"3P888QFVYV8BPO8BCJGXYNWZ1L6QOF","3U20ZGNLAG0U51KQK3YR7IVUILJD7F","Judge if an objects line-art has missing elements (10 pairs)","Review 10  line-arts and judge if it has/hasn't missing or extra content. (10 pairs)","tactile, image review, accessibility, vehicles","$0.08","Sat Apr 18 07:37:37 PDT 2026","9","BatchId:5385913;OriginalHitTemplateId:928390873;","1800","1296000","Sat Apr 25 07:37:37 PDT 2026","","","3QILPRALRY9PNJ6WFC4LLR7NL9J8NA","A11RQ0K5GQ3NJG","Approved","Sat Apr 18 21:17:03 PDT 2026","Sat Apr 18 21:19:23 PDT 2026","Sun May 03 21:19:23 PDT 2026","Sun Apr 19 07:44:32 PDT 2026","","","140","39% (12/31)","39% (12/31)","39% (12/31)","Ship","https://tactileeval.s3.us-east-1.amazonaws.com/family_datasets/Vehicles_and_Flight_Systems/Ship/Natural/12.jpg","https://tactileeval.s3.us-east-1.amazonaws.com/family_datasets/Vehicles_and_Flight_Systems/Ship/Tactile/12.jpg","","Ship","https://tactileeval.s3.us-east-1.amazonaws.com/family_datasets/Vehicles_and_Flight_Systems/Ship/Natural/13.jpg","https://tactileeval.s3.us-east-1.amazonaws.com/family_datasets/Vehicles_and_Flight_Systems/Ship/Tactile/13.jpg","","Ship","https://tactileeval.s3.us-east-1.amazonaws.com/family_datasets/Vehicles_and_Flight_Systems/Ship/Natural/14_refined.jpg","https://tactileeval.s3.us-east-1.amazonaws.com/family_datasets/Vehicles_and_Flight_Systems/Ship/Tactile/14_refined.png","","Train","https://tactileeval.s3.us-east-1.amazonaws.com/family_datasets/Vehicles_and_Flight_Systems/Train/Natural/1.png","https://tactileeval.s3.us-east-1.amazonaws.com/family_datasets/Vehicles_and_Flight_Systems/Train/Tactile/1.png","","Train","https://tactileeval.s3.us-east-1.amazonaws.com/family_datasets/Vehicles_and_Flight_Systems/Train/Natural/2.jpg","https://tactileeval.s3.us-east-1.amazonaws.com/family_datasets/Vehicles_and_Flight_Systems/Train/Tactile/2.png","","Train","https://tactileeval.s3.us-east-1.amazonaws.com/family_datasets/Vehicles_and_Flight_Systems/Train/Natural/3.png","https://tactileeval.s3.us-east-1.amazonaws.com/family_datasets/Vehicles_and_Flight_Systems/Train/Tactile/3.png","","Train","https://tactileeval.s3.us-east-1.amazonaws.com/family_datasets/Vehicles_and_Flight_Systems/Train/Natural/4.png","https://tactileeval.s3.us-east-1.amazonaws.com/family_datasets/Vehicles_and_Flight_Systems/Train/Tactile/4.png","","Train","https://tactileeval.s3.us-east-1.amazonaws.com/family_datasets/Vehicles_and_Flight_Systems/Train/Natural/5.jpg","https://tactileeval.s3.us-east-1.amazonaws.com/family_datasets/Vehicles_and_Flight_Systems/Train/Tactile/5.png","","Train","https://tactileeval.s3.us-east-1.amazonaws.com/family_datasets/Vehicles_and_Flight_Systems/Train/Natural/6.jpg","https://tactileeval.s3.us-east-1.amazonaws.com/family_datasets/Vehicles_and_Flight_Systems/Train/Tactile/6.png","","Train","https://tactileeval.s3.us-east-1.amazonaws.com/family_datasets/Vehicles_and_Flight_Systems/Train/Natural/7.jpg","https://tactileeval.s3.us-east-1.amazonaws.com/family_datasets/Vehicles_and_Flight_Systems/Train/Tactile/7.png","","[{""question1"":{""all_correct"":false,""extra_parts"":false,""missing_parts"":true,""wrong_location"":false},""question10"":{""all_correct"":false,""extra_parts"":true,""missing_parts"":true,""wrong_location"":false},""question2"":{""all_correct"":false,""extra_parts"":false,""missing_parts"":true,""wrong_location"":false},""question3"":{""all_correct"":true,""extra_parts"":false,""missing_parts"":false,""wrong_location"":false},""question4"":{""all_correct"":false,""extra_parts"":true,""missing_parts"":true,""wrong_location"":false},""question5"":{""all_correct"":true,""extra_parts"":false,""missing_parts"":false,""wrong_location"":false},""question6"":{""all_correct"":false,""extra_parts"":false,""missing_parts"":false,""wrong_location"":true},""question7"":{""all_correct"":true,""extra_parts"":false,""missing_parts"":false,""wrong_location"":false},""question8"":{""all_correct"":true,""extra_parts"":false,""missing_parts"":false,""wrong_location"":false},""question9"":{""all_correct"":true,""extra_parts"":false,""missing_parts"":false,""wrong_location"":false}}]"
"306996CF7OY3PQZLNZLWR2OSMAW1BS","3U20ZGNLAG0U51KQK3YR7IVUILJD7F","Judge if an objects line-art has missing elements (10 pairs)","Review 10  line-arts and judge if it has/hasn't missing or extra content. (10 pairs)","tactile, image review, accessibility, vehicles","$0.08","Sat Apr 18 07:37:37 PDT 2026","9","BatchId:5385913;OriginalHitTemplateId:928390873;","1800","1296000","Sat Apr 25 07:37:37 PDT 2026","","","3MTMREQS5OWTT18P4BFMD1Q9484WA8","A2JKGAWYEHJ18S","Rejected","Sat Apr 18 09:14:09 PDT 2026","Sat Apr 18 09:22:26 PDT 2026","Sun May 03 09:22:26 PDT 2026","","Sat Apr 18 20:04:25 PDT 2026","Thank you for your time. Unfortunately this submission did not pass the embedded gold-standard checks; this task requires very careful attention to detail.","497","15% (3/20)","15% (3/20)","15% (3/20)","Train","https://tactileeval.s3.us-east-1.amazonaws.com/family_datasets/Vehicles_and_Flight_Systems/Train/Natural/8.jpg","https://tactileeval.s3.us-east-1.amazonaws.com/family_datasets/Vehicles_and_Flight_Systems/Train/Tactile/8.png","","Train","https://tactileeval.s3.us-east-1.amazonaws.com/family_datasets/Vehicles_and_Flight_Systems/Train/Natural/9.jpg","https://tactileeval.s3.us-east-1.amazonaws.com/family_datasets/Vehicles_and_Flight_Systems/Train/Tactile/9.png","","Train","https://tactileeval.s3.us-east-1.amazonaws.com/family_datasets/Vehicles_and_Flight_Systems/Train/Natural/10.png","https://tactileeval.s3.us-east-1.amazonaws.com/family_datasets/Vehicles_and_Flight_Systems/Train/Tactile/10.png","","Train","https://tactileeval.s3.us-east-1.amazonaws.com/family_datasets/Vehicles_and_Flight_Systems/Train/Natural/11.png","https://tactileeval.s3.us-east-1.amazonaws.com/family_datasets/Vehicles_and_Flight_Systems/Train/Tactile/11.png","","Train","https://tactileeval.s3.us-east-1.amazonaws.com/family_datasets/Vehicles_and_Flight_Systems/Train/Natural/12.png","https://tactileeval.s3.us-east-1.amazonaws.com/family_datasets/Vehicles_and_Flight_Systems/Train/Tactile/12.png","","Train","https://tactileeval.s3.us-east-1.amazonaws.com/family_datasets/Vehicles_and_Flight_Systems/Train/Natural/13.png","https://tactileeval.s3.us-east-1.amazonaws.com/family_datasets/Vehicles_and_Flight_Systems/Train/Tactile/13.png","","Train","https://tactileeval.s3.us-east-1.amazonaws.com/family_datasets/Vehicles_and_Flight_Systems/Train/Natural/14.png","https://tactileeval.s3.us-east-1.amazonaws.com/family_datasets/Vehicles_and_Flight_Systems/Train/Tactile/14.png","","Train","https://tactileeval.s3.us-east-1.amazonaws.com/family_datasets/Vehicles_and_Flight_Systems/Train/Natural/15.png","https://tactileeval.s3.us-east-1.amazonaws.com/family_datasets/Vehicles_and_Flight_Systems/Train/Tactile/15.png","","Train","https://tactileeval.s3.us-east-1.amazonaws.com/family_datasets/Vehicles_and_Flight_Systems/Train/Natural/16.png","https://tactileeval.s3.us-east-1.amazonaws.com/family_datasets/Vehicles_and_Flight_Systems/Train/Tactile/16.png","","Train","https://tactileeval.s3.us-east-1.amazonaws.com/family_datasets/Vehicles_and_Flight_Systems/Train/Natural/17.png","https://tactileeval.s3.us-east-1.amazonaws.com/family_datasets/Vehicles_and_Flight_Systems/Train/Tactile/17.png","","[{""question1"":{""all_correct"":false,""extra_parts"":false,""missing_parts"":false,""wrong_location"":true},""question10"":{""all_correct"":false,""extra_parts"":true,""missing_parts"":false,""wrong_location"":false},""question2"":{""all_correct"":false,""extra_parts"":true,""missing_parts"":false,""wrong_location"":false},""question3"":{""all_correct"":false,""extra_parts"":false,""missing_parts"":false,""wrong_location"":true},""question4"":{""all_correct"":false,""extra_parts"":true,""missing_parts"":false,""wrong_location"":false},""question5"":{""all_correct"":false,""extra_parts"":false,""missing_parts"":false,""wrong_location"":true},""question6"":{""all_correct"":false,""extra_parts"":true,""missing_parts"":false,""wrong_location"":false},""question7"":{""all_correct"":false,""extra_parts"":true,""missing_parts"":false,""wrong_location"":false},""question8"":{""all_correct"":false,""extra_parts"":false,""missing_parts"":false,""wrong_location"":true},""question9"":{""all_correct"":false,""extra_parts"":true,""missing_parts"":false,""wrong_location"":false}}]"
"306996CF7OY3PQZLNZLWR2OSMAW1BS","3U20ZGNLAG0U51KQK3YR7IVUILJD7F","Judge if an objects line-art has missing elements (10 pairs)","Review 10  line-arts and judge if it has/hasn't missing or extra content. (10 pairs)","tactile, image review, accessibility, vehicles","$0.08","Sat Apr 18 07:37:37 PDT 2026","9","BatchId:5385913;OriginalHitTemplateId:928390873;","1800","1296000","Sat Apr 25 07:37:37 PDT 2026","","","3NAPMVF00PTPYJCKJOEVF38UZTG72N","A11RQ0K5GQ3NJG","Approved","Sat Apr 18 10:30:04 PDT 2026","Sat Apr 18 10:39:45 PDT 2026","Sun May 03 10:39:45 PDT 2026","Sat Apr 18 20:04:25 PDT 2026","","","581","39% (12/31)","39% (12/31)","39% (12/31)","Train","https://tactileeval.s3.us-east-1.amazonaws.com/family_datasets/Vehicles_and_Flight_Systems/Train/Natural/8.jpg","https://tactileeval.s3.us-east-1.amazonaws.com/family_datasets/Vehicles_and_Flight_Systems/Train/Tactile/8.png","","Train","https://tactileeval.s3.us-east-1.amazonaws.com/family_datasets/Vehicles_and_Flight_Systems/Train/Natural/9.jpg","https://tactileeval.s3.us-east-1.amazonaws.com/family_datasets/Vehicles_and_Flight_Systems/Train/Tactile/9.png","","Train","https://tactileeval.s3.us-east-1.amazonaws.com/family_datasets/Vehicles_and_Flight_Systems/Train/Natural/10.png","https://tactileeval.s3.us-east-1.amazonaws.com/family_datasets/Vehicles_and_Flight_Systems/Train/Tactile/10.png","","Train","https://tactileeval.s3.us-east-1.amazonaws.com/family_datasets/Vehicles_and_Flight_Systems/Train/Natural/11.png","https://tactileeval.s3.us-east-1.amazonaws.com/family_datasets/Vehicles_and_Flight_Systems/Train/Tactile/11.png","","Train","https://tactileeval.s3.us-east-1.amazonaws.com/family_datasets/Vehicles_and_Flight_Systems/Train/Natural/12.png","https://tactileeval.s3.us-east-1.amazonaws.com/family_datasets/Vehicles_and_Flight_Systems/Train/Tactile/12.png","","Train","https://tactileeval.s3.us-east-1.amazonaws.com/family_datasets/Vehicles_and_Flight_Systems/Train/Natural/13.png","https://tactileeval.s3.us-east-1.amazonaws.com/family_datasets/Vehicles_and_Flight_Systems/Train/Tactile/13.png","","Train","https://tactileeval.s3.us-east-1.amazonaws.com/family_datasets/Vehicles_and_Flight_Systems/Train/Natural/14.png","https://tactileeval.s3.us-east-1.amazonaws.com/family_datasets/Vehicles_and_Flight_Systems/Train/Tactile/14.png","","Train","https://tactileeval.s3.us-east-1.amazonaws.com/family_datasets/Vehicles_and_Flight_Systems/Train/Natural/15.png","https://tactileeval.s3.us-east-1.amazonaws.com/family_datasets/Vehicles_and_Flight_Systems/Train/Tactile/15.png","","Train","https://tactileeval.s3.us-east-1.amazonaws.com/family_datasets/Vehicles_and_Flight_Systems/Train/Natural/16.png","https://tactileeval.s3.us-east-1.amazonaws.com/family_datasets/Vehicles_and_Flight_Systems/Train/Tactile/16.png","","Train","https://tactileeval.s3.us-east-1.amazonaws.com/family_datasets/Vehicles_and_Flight_Systems/Train/Natural/17.png","https://tactileeval.s3.us-east-1.amazonaws.com/family_datasets/Vehicles_and_Flight_Systems/Train/Tactile/17.png","","[{""question1"":{""all_correct"":false,""extra_parts"":false,""missing_parts"":true,""wrong_location"":false},""question10"":{""all_correct"":false,""extra_parts"":false,""missing_parts"":true,""wrong_location"":false},""question2"":{""all_correct"":false,""extra_parts"":false,""missing_parts"":true,""wrong_location"":false},""question3"":{""all_correct"":false,""extra_parts"":false,""missing_parts"":true,""wrong_location"":false},""question4"":{""all_correct"":true,""extra_parts"":false,""missing_parts"":false,""wrong_location"":false},""question5"":{""all_correct"":false,""extra_parts"":false,""missing_parts"":true,""wrong_location"":false},""question6"":{""all_correct"":false,""extra_parts"":false,""missing_parts"":true,""wrong_location"":false},""question7"":{""all_correct"":false,""extra_parts"":false,""missing_parts"":true,""wrong_location"":false},""question8"":{""all_correct"":true,""extra_parts"":false,""missing_parts"":false,""wrong_location"":false},""question9"":{""all_correct"":true,""extra_parts"":false,""missing_parts"":false,""wrong_location"":false}}]"
"306996CF7OY3PQZLNZLWR2OSMAW1BS","3U20ZGNLAG0U51KQK3YR7IVUILJD7F","Judge if an objects line-art has missing elements (10 pairs)","Review 10  line-arts and judge if it has/hasn't missing or extra content. (10 pairs)","tactile, image review, accessibility, vehicles","$0.08","Sat Apr 18 07:37:37 PDT 2026","9","BatchId:5385913;OriginalHitTemplateId:928390873;","1800","1296000","Sat Apr 25 07:37:37 PDT 2026","","","3WYP994K205WV4RMTZGYIT93JXR6Y4","ASBG43I93VS4A","Approved","Sat Apr 18 10:29:55 PDT 2026","Sat Apr 18 10:40:59 PDT 2026","Sun May 03 10:40:59 PDT 2026","Sat Apr 18 20:04:25 PDT 2026","","","664","27% (8/30)","27% (8/30)","27% (8/30)","Train","https://tactileeval.s3.us-east-1.amazonaws.com/family_datasets/Vehicles_and_Flight_Systems/Train/Natural/8.jpg","https://tactileeval.s3.us-east-1.amazonaws.com/family_datasets/Vehicles_and_Flight_Systems/Train/Tactile/8.png","","Train","https://tactileeval.s3.us-east-1.amazonaws.com/family_datasets/Vehicles_and_Flight_Systems/Train/Natural/9.jpg","https://tactileeval.s3.us-east-1.amazonaws.com/family_datasets/Vehicles_and_Flight_Systems/Train/Tactile/9.png","","Train","https://tactileeval.s3.us-east-1.amazonaws.com/family_datasets/Vehicles_and_Flight_Systems/Train/Natural/10.png","https://tactileeval.s3.us-east-1.amazonaws.com/family_datasets/Vehicles_and_Flight_Systems/Train/Tactile/10.png","","Train","https://tactileeval.s3.us-east-1.amazonaws.com/family_datasets/Vehicles_and_Flight_Systems/Train/Natural/11.png","https://tactileeval.s3.us-east-1.amazonaws.com/family_datasets/Vehicles_and_Flight_Systems/Train/Tactile/11.png","","Train","https://tactileeval.s3.us-east-1.amazonaws.com/family_datasets/Vehicles_and_Flight_Systems/Train/Natural/12.png","https://tactileeval.s3.us-east-1.amazonaws.com/family_datasets/Vehicles_and_Flight_Systems/Train/Tactile/12.png","","Train","https://tactileeval.s3.us-east-1.amazonaws.com/family_datasets/Vehicles_and_Flight_Systems/Train/Natural/13.png","https://tactileeval.s3.us-east-1.amazonaws.com/family_datasets/Vehicles_and_Flight_Systems/Train/Tactile/13.png","","Train","https://tactileeval.s3.us-east-1.amazonaws.com/family_datasets/Vehicles_and_Flight_Systems/Train/Natural/14.png","https://tactileeval.s3.us-east-1.amazonaws.com/family_datasets/Vehicles_and_Flight_Systems/Train/Tactile/14.png","","Train","https://tactileeval.s3.us-east-1.amazonaws.com/family_datasets/Vehicles_and_Flight_Systems/Train/Natural/15.png","https://tactileeval.s3.us-east-1.amazonaws.com/family_datasets/Vehicles_and_Flight_Systems/Train/Tactile/15.png","","Train","https://tactileeval.s3.us-east-1.amazonaws.com/family_datasets/Vehicles_and_Flight_Systems/Train/Natural/16.png","https://tactileeval.s3.us-east-1.amazonaws.com/family_datasets/Vehicles_and_Flight_Systems/Train/Tactile/16.png","","Train","https://tactileeval.s3.us-east-1.amazonaws.com/family_datasets/Vehicles_and_Flight_Systems/Train/Natural/17.png","https://tactileeval.s3.us-east-1.amazonaws.com/family_datasets/Vehicles_and_Flight_Systems/Train/Tactile/17.png","","[{""question1"":{""all_correct"":false,""extra_parts"":false,""missing_parts"":true,""wrong_location"":false},""question10"":{""all_correct"":false,""extra_parts"":false,""missing_parts"":true,""wrong_location"":false},""question2"":{""all_correct"":false,""extra_parts"":false,""missing_parts"":true,""wrong_location"":false},""question3"":{""all_correct"":false,""extra_parts"":false,""missing_parts"":true,""wrong_location"":false},""question4"":{""all_correct"":true,""extra_parts"":false,""missing_parts"":false,""wrong_location"":false},""question5"":{""all_correct"":false,""extra_parts"":false,""missing_parts"":true,""wrong_location"":false},""question6"":{""all_correct"":false,""extra_parts"":false,""missing_parts"":true,""wrong_location"":false},""question7"":{""all_correct"":true,""extra_parts"":false,""missing_parts"":false,""wrong_location"":false},""question8"":{""all_correct"":false,""extra_parts"":false,""missing_parts"":true,""wrong_location"":false},""question9"":{""all_correct"":true,""extra_parts"":false,""missing_parts"":false,""wrong_location"":false}}]"
"306996CF7OY3PQZLNZLWR2OSMAW1BS","3U20ZGNLAG0U51KQK3YR7IVUILJD7F","Judge if an objects line-art has missing elements (10 pairs)","Review 10  line-arts and judge if it has/hasn't missing or extra content. (10 pairs)","tactile, image review, accessibility, vehicles","$0.08","Sat Apr 18 07:37:37 PDT 2026","9","BatchId:5385913;OriginalHitTemplateId:928390873;","1800","1296000","Sat Apr 25 07:37:37 PDT 2026","","","326O153BNBCXA8PA3LCIHWRFI79EDP","AM6XJQNLFEV4J","Approved","Sat Apr 18 10:30:14 PDT 2026","Sat Apr 18 10:52:05 PDT 2026","Sun May 03 10:52:05 PDT 2026","Sat Apr 18 20:04:25 PDT 2026","","","1311","59% (19/32)","59% (19/32)","59% (19/32)","Train","https://tactileeval.s3.us-east-1.amazonaws.com/family_datasets/Vehicles_and_Flight_Systems/Train/Natural/8.jpg","https://tactileeval.s3.us-east-1.amazonaws.com/family_datasets/Vehicles_and_Flight_Systems/Train/Tactile/8.png","","Train","https://tactileeval.s3.us-east-1.amazonaws.com/family_datasets/Vehicles_and_Flight_Systems/Train/Natural/9.jpg","https://tactileeval.s3.us-east-1.amazonaws.com/family_datasets/Vehicles_and_Flight_Systems/Train/Tactile/9.png","","Train","https://tactileeval.s3.us-east-1.amazonaws.com/family_datasets/Vehicles_and_Flight_Systems/Train/Natural/10.png","https://tactileeval.s3.us-east-1.amazonaws.com/family_datasets/Vehicles_and_Flight_Systems/Train/Tactile/10.png","","Train","https://tactileeval.s3.us-east-1.amazonaws.com/family_datasets/Vehicles_and_Flight_Systems/Train/Natural/11.png","https://tactileeval.s3.us-east-1.amazonaws.com/family_datasets/Vehicles_and_Flight_Systems/Train/Tactile/11.png","","Train","https://tactileeval.s3.us-east-1.amazonaws.com/family_datasets/Vehicles_and_Flight_Systems/Train/Natural/12.png","https://tactileeval.s3.us-east-1.amazonaws.com/family_datasets/Vehicles_and_Flight_Systems/Train/Tactile/12.png","","Train","https://tactileeval.s3.us-east-1.amazonaws.com/family_datasets/Vehicles_and_Flight_Systems/Train/Natural/13.png","https://tactileeval.s3.us-east-1.amazonaws.com/family_datasets/Vehicles_and_Flight_Systems/Train/Tactile/13.png","","Train","https://tactileeval.s3.us-east-1.amazonaws.com/family_datasets/Vehicles_and_Flight_Systems/Train/Natural/14.png","https://tactileeval.s3.us-east-1.amazonaws.com/family_datasets/Vehicles_and_Flight_Systems/Train/Tactile/14.png","","Train","https://tactileeval.s3.us-east-1.amazonaws.com/family_datasets/Vehicles_and_Flight_Systems/Train/Natural/15.png","https://tactileeval.s3.us-east-1.amazonaws.com/family_datasets/Vehicles_and_Flight_Systems/Train/Tactile/15.png","","Train","https://tactileeval.s3.us-east-1.amazonaws.com/family_datasets/Vehicles_and_Flight_Systems/Train/Natural/16.png","https://tactileeval.s3.us-east-1.amazonaws.com/family_datasets/Vehicles_and_Flight_Systems/Train/Tactile/16.png","","Train","https://tactileeval.s3.us-east-1.amazonaws.com/family_datasets/Vehicles_and_Flight_Systems/Train/Natural/17.png","https://tactileeval.s3.us-east-1.amazonaws.com/family_datasets/Vehicles_and_Flight_Systems/Train/Tactile/17.png","","[{""question1"":{""all_correct"":false,""extra_parts"":true,""missing_parts"":true,""wrong_location"":false},""question10"":{""all_correct"":false,""extra_parts"":true,""missing_parts"":true,""wrong_location"":false},""question2"":{""all_correct"":false,""extra_parts"":true,""missing_parts"":true,""wrong_location"":false},""question3"":{""all_correct"":true,""extra_parts"":false,""missing_parts"":false,""wrong_location"":false},""question4"":{""all_correct"":true,""extra_parts"":false,""missing_parts"":false,""wrong_location"":false},""question5"":{""all_correct"":false,""extra_parts"":true,""missing_parts"":true,""wrong_location"":false},""question6"":{""all_correct"":true,""extra_parts"":false,""missing_parts"":false,""wrong_location"":false},""question7"":{""all_correct"":true,""extra_parts"":false,""missing_parts"":false,""wrong_location"":false},""question8"":{""all_correct"":true,""extra_parts"":false,""missing_parts"":false,""wrong_location"":false},""question9"":{""all_correct"":true,""extra_parts"":false,""missing_parts"":false,""wrong_location"":false}}]"
"306996CF7OY3PQZLNZLWR2OSMAW1BS","3U20ZGNLAG0U51KQK3YR7IVUILJD7F","Judge if an objects line-art has missing elements (10 pairs)","Review 10  line-arts and judge if it has/hasn't missing or extra content. (10 pairs)","tactile, image review, accessibility, vehicles","$0.08","Sat Apr 18 07:37:37 PDT 2026","9","BatchId:5385913;OriginalHitTemplateId:928390873;","1800","1296000","Sat Apr 25 07:37:37 PDT 2026","","","3RANCT1ZW8VLK7OCFP0HQOPI1ARBUW","A12VYCG9CMKAFA","Approved","Sat Apr 18 10:30:14 PDT 2026","Sat Apr 18 10:55:14 PDT 2026","Sun May 03 10:55:14 PDT 2026","Sat Apr 18 20:04:25 PDT 2026","","","1500","26% (7/27)","26% (7/27)","26% (7/27)","Train","https://tactileeval.s3.us-east-1.amazonaws.com/family_datasets/Vehicles_and_Flight_Systems/Train/Natural/8.jpg","https://tactileeval.s3.us-east-1.amazonaws.com/family_datasets/Vehicles_and_Flight_Systems/Train/Tactile/8.png","","Train","https://tactileeval.s3.us-east-1.amazonaws.com/family_datasets/Vehicles_and_Flight_Systems/Train/Natural/9.jpg","https://tactileeval.s3.us-east-1.amazonaws.com/family_datasets/Vehicles_and_Flight_Systems/Train/Tactile/9.png","","Train","https://tactileeval.s3.us-east-1.amazonaws.com/family_datasets/Vehicles_and_Flight_Systems/Train/Natural/10.png","https://tactileeval.s3.us-east-1.amazonaws.com/family_datasets/Vehicles_and_Flight_Systems/Train/Tactile/10.png","","Train","https://tactileeval.s3.us-east-1.amazonaws.com/family_datasets/Vehicles_and_Flight_Systems/Train/Natural/11.png","https://tactileeval.s3.us-east-1.amazonaws.com/family_datasets/Vehicles_and_Flight_Systems/Train/Tactile/11.png","","Train","https://tactileeval.s3.us-east-1.amazonaws.com/family_datasets/Vehicles_and_Flight_Systems/Train/Natural/12.png","https://tactileeval.s3.us-east-1.amazonaws.com/family_datasets/Vehicles_and_Flight_Systems/Train/Tactile/12.png","","Train","https://tactileeval.s3.us-east-1.amazonaws.com/family_datasets/Vehicles_and_Flight_Systems/Train/Natural/13.png","https://tactileeval.s3.us-east-1.amazonaws.com/family_datasets/Vehicles_and_Flight_Systems/Train/Tactile/13.png","","Train","https://tactileeval.s3.us-east-1.amazonaws.com/family_datasets/Vehicles_and_Flight_Systems/Train/Natural/14.png","https://tactileeval.s3.us-east-1.amazonaws.com/family_datasets/Vehicles_and_Flight_Systems/Train/Tactile/14.png","","Train","https://tactileeval.s3.us-east-1.amazonaws.com/family_datasets/Vehicles_and_Flight_Systems/Train/Natural/15.png","https://tactileeval.s3.us-east-1.amazonaws.com/family_datasets/Vehicles_and_Flight_Systems/Train/Tactile/15.png","","Train","https://tactileeval.s3.us-east-1.amazonaws.com/family_datasets/Vehicles_and_Flight_Systems/Train/Natural/16.png","https://tactileeval.s3.us-east-1.amazonaws.com/family_datasets/Vehicles_and_Flight_Systems/Train/Tactile/16.png","","Train","https://tactileeval.s3.us-east-1.amazonaws.com/family_datasets/Vehicles_and_Flight_Systems/Train/Natural/17.png","https://tactileeval.s3.us-east-1.amazonaws.com/family_datasets/Vehicles_and_Flight_Systems/Train/Tactile/17.png","","[{""question1"":{""all_correct"":false,""extra_parts"":false,""missing_parts"":true,""wrong_location"":false},""question10"":{""all_correct"":false,""extra_parts"":false,""missing_parts"":true,""wrong_location"":false},""question2"":{""all_correct"":false,""extra_parts"":false,""missing_parts"":true,""wrong_location"":false},""question3"":{""all_correct"":false,""extra_parts"":true,""missing_parts"":false,""wrong_location"":false},""question4"":{""all_correct"":false,""extra_parts"":true,""missing_parts"":false,""wrong_location"":false},""question5"":{""all_correct"":false,""extra_parts"":true,""missing_parts"":false,""wrong_location"":false},""question6"":{""all_correct"":true,""extra_parts"":false,""missing_parts"":false,""wrong_location"":false},""question7"":{""all_correct"":true,""extra_parts"":false,""missing_parts"":false,""wrong_location"":false},""question8"":{""all_correct"":true,""extra_parts"":false,""missing_parts"":false,""wrong_location"":false},""question9"":{""all_correct"":true,""extra_parts"":false,""missing_parts"":false,""wrong_location"":false}}]"
"306996CF7OY3PQZLNZLWR2OSMAW1BS","3U20ZGNLAG0U51KQK3YR7IVUILJD7F","Judge if an objects line-art has missing elements (10 pairs)","Review 10  line-arts and judge if it has/hasn't missing or extra content. (10 pairs)","tactile, image review, accessibility, vehicles","$0.08","Sat Apr 18 07:37:37 PDT 2026","9","BatchId:5385913;OriginalHitTemplateId:928390873;","1800","1296000","Sat Apr 25 07:37:37 PDT 2026","","","308XBLVETBIT4FWVBV5CLD2YUBNBRS","A2I68SNRG9QUY7","Rejected","Sat Apr 18 10:30:10 PDT 2026","Sat Apr 18 10:58:19 PDT 2026","Sun May 03 10:58:19 PDT 2026","","Sat Apr 18 20:04:25 PDT 2026","Thank you for your time. Unfortunately this submission did not pass the embedded gold-standard checks; this task requires very careful attention to detail.","1689","11% (1/9)","11% (1/9)","11% (1/9)","Train","https://tactileeval.s3.us-east-1.amazonaws.com/family_datasets/Vehicles_and_Flight_Systems/Train/Natural/8.jpg","https://tactileeval.s3.us-east-1.amazonaws.com/family_datasets/Vehicles_and_Flight_Systems/Train/Tactile/8.png","","Train","https://tactileeval.s3.us-east-1.amazonaws.com/family_datasets/Vehicles_and_Flight_Systems/Train/Natural/9.jpg","https://tactileeval.s3.us-east-1.amazonaws.com/family_datasets/Vehicles_and_Flight_Systems/Train/Tactile/9.png","","Train","https://tactileeval.s3.us-east-1.amazonaws.com/family_datasets/Vehicles_and_Flight_Systems/Train/Natural/10.png","https://tactileeval.s3.us-east-1.amazonaws.com/family_datasets/Vehicles_and_Flight_Systems/Train/Tactile/10.png","","Train","https://tactileeval.s3.us-east-1.amazonaws.com/family_datasets/Vehicles_and_Flight_Systems/Train/Natural/11.png","https://tactileeval.s3.us-east-1.amazonaws.com/family_datasets/Vehicles_and_Flight_Systems/Train/Tactile/11.png","","Train","https://tactileeval.s3.us-east-1.amazonaws.com/family_datasets/Vehicles_and_Flight_Systems/Train/Natural/12.png","https://tactileeval.s3.us-east-1.amazonaws.com/family_datasets/Vehicles_and_Flight_Systems/Train/Tactile/12.png","","Train","https://tactileeval.s3.us-east-1.amazonaws.com/family_datasets/Vehicles_and_Flight_Systems/Train/Natural/13.png","https://tactileeval.s3.us-east-1.amazonaws.com/family_datasets/Vehicles_and_Flight_Systems/Train/Tactile/13.png","","Train","https://tactileeval.s3.us-east-1.amazonaws.com/family_datasets/Vehicles_and_Flight_Systems/Train/Natural/14.png","https://tactileeval.s3.us-east-1.amazonaws.com/family_datasets/Vehicles_and_Flight_Systems/Train/Tactile/14.png","","Train","https://tactileeval.s3.us-east-1.amazonaws.com/family_datasets/Vehicles_and_Flight_Systems/Train/Natural/15.png","https://tactileeval.s3.us-east-1.amazonaws.com/family_datasets/Vehicles_and_Flight_Systems/Train/Tactile/15.png","","Train","https://tactileeval.s3.us-east-1.amazonaws.com/family_datasets/Vehicles_and_Flight_Systems/Train/Natural/16.png","https://tactileeval.s3.us-east-1.amazonaws.com/family_datasets/Vehicles_and_Flight_Systems/Train/Tactile/16.png","","Train","https://tactileeval.s3.us-east-1.amazonaws.com/family_datasets/Vehicles_and_Flight_Systems/Train/Natural/17.png","https://tactileeval.s3.us-east-1.amazonaws.com/family_datasets/Vehicles_and_Flight_Systems/Train/Tactile/17.png","","[{""question1"":{""all_correct"":false,""extra_parts"":true,""missing_parts"":false,""wrong_location"":false},""question10"":{""all_correct"":true,""extra_parts"":false,""missing_parts"":false,""wrong_location"":false},""question2"":{""all_correct"":false,""extra_parts"":true,""missing_parts"":false,""wrong_location"":false},""question3"":{""all_correct"":false,""extra_parts"":true,""missing_parts"":false,""wrong_location"":false},""question4"":{""all_correct"":false,""extra_parts"":false,""missing_parts"":true,""wrong_location"":false},""question5"":{""all_correct"":false,""extra_parts"":true,""missing_parts"":true,""wrong_location"":false},""question6"":{""all_correct"":false,""extra_parts"":false,""missing_parts"":true,""wrong_location"":false},""question7"":{""all_correct"":false,""extra_parts"":true,""missing_parts"":false,""wrong_location"":false},""question8"":{""all_correct"":false,""extra_parts"":true,""missing_parts"":false,""wrong_location"":false},""question9"":{""all_correct"":true,""extra_parts"":false,""missing_parts"":false,""wrong_location"":false}}]"
"306996CF7OY3PQZLNZLWR2OSMAW1BS","3U20ZGNLAG0U51KQK3YR7IVUILJD7F","Judge if an objects line-art has missing elements (10 pairs)","Review 10  line-arts and judge if it has/hasn't missing or extra content. (10 pairs)","tactile, image review, accessibility, vehicles","$0.08","Sat Apr 18 07:37:37 PDT 2026","9","BatchId:5385913;OriginalHitTemplateId:928390873;","1800","1296000","Sat Apr 25 07:37:37 PDT 2026","","","3R8YZBNQAAW6Q2E5LZ4WBL6XFZXQ7N","A3O5ICTUN0AMMI","Rejected","Sat Apr 18 11:01:35 PDT 2026","Sat Apr 18 11:09:34 PDT 2026","Sun May 03 11:09:34 PDT 2026","","Sat Apr 18 20:04:25 PDT 2026","Thank you for your time. Unfortunately this submission did not pass the embedded gold-standard checks; this task requires very careful attention to detail.","479","50% (8/16)","50% (8/16)","50% (8/16)","Train","https://tactileeval.s3.us-east-1.amazonaws.com/family_datasets/Vehicles_and_Flight_Systems/Train/Natural/8.jpg","https://tactileeval.s3.us-east-1.amazonaws.com/family_datasets/Vehicles_and_Flight_Systems/Train/Tactile/8.png","","Train","https://tactileeval.s3.us-east-1.amazonaws.com/family_datasets/Vehicles_and_Flight_Systems/Train/Natural/9.jpg","https://tactileeval.s3.us-east-1.amazonaws.com/family_datasets/Vehicles_and_Flight_Systems/Train/Tactile/9.png","","Train","https://tactileeval.s3.us-east-1.amazonaws.com/family_datasets/Vehicles_and_Flight_Systems/Train/Natural/10.png","https://tactileeval.s3.us-east-1.amazonaws.com/family_datasets/Vehicles_and_Flight_Systems/Train/Tactile/10.png","","Train","https://tactileeval.s3.us-east-1.amazonaws.com/family_datasets/Vehicles_and_Flight_Systems/Train/Natural/11.png","https://tactileeval.s3.us-east-1.amazonaws.com/family_datasets/Vehicles_and_Flight_Systems/Train/Tactile/11.png","","Train","https://tactileeval.s3.us-east-1.amazonaws.com/family_datasets/Vehicles_and_Flight_Systems/Train/Natural/12.png","https://tactileeval.s3.us-east-1.amazonaws.com/family_datasets/Vehicles_and_Flight_Systems/Train/Tactile/12.png","","Train","https://tactileeval.s3.us-east-1.amazonaws.com/family_datasets/Vehicles_and_Flight_Systems/Train/Natural/13.png","https://tactileeval.s3.us-east-1.amazonaws.com/family_datasets/Vehicles_and_Flight_Systems/Train/Tactile/13.png","","Train","https://tactileeval.s3.us-east-1.amazonaws.com/family_datasets/Vehicles_and_Flight_Systems/Train/Natural/14.png","https://tactileeval.s3.us-east-1.amazonaws.com/family_datasets/Vehicles_and_Flight_Systems/Train/Tactile/14.png","","Train","https://tactileeval.s3.us-east-1.amazonaws.com/family_datasets/Vehicles_and_Flight_Systems/Train/Natural/15.png","https://tactileeval.s3.us-east-1.amazonaws.com/family_datasets/Vehicles_and_Flight_Systems/Train/Tactile/15.png","","Train","https://tactileeval.s3.us-east-1.amazonaws.com/family_datasets/Vehicles_and_Flight_Systems/Train/Natural/16.png","https://tactileeval.s3.us-east-1.amazonaws.com/family_datasets/Vehicles_and_Flight_Systems/Train/Tactile/16.png","","Train","https://tactileeval.s3.us-east-1.amazonaws.com/family_datasets/Vehicles_and_Flight_Systems/Train/Natural/17.png","https://tactileeval.s3.us-east-1.amazonaws.com/family_datasets/Vehicles_and_Flight_Systems/Train/Tactile/17.png","","[{""question1"":{""all_correct"":true,""extra_parts"":false,""missing_parts"":false,""wrong_location"":false},""question10"":{""all_correct"":true,""extra_parts"":false,""missing_parts"":false,""wrong_location"":false},""question2"":{""all_correct"":true,""extra_parts"":false,""missing_parts"":false,""wrong_location"":false},""question3"":{""all_correct"":true,""extra_parts"":false,""missing_parts"":false,""wrong_location"":false},""question4"":{""all_correct"":true,""extra_parts"":false,""missing_parts"":false,""wrong_location"":false},""question5"":{""all_correct"":false,""extra_parts"":false,""missing_parts"":false,""wrong_location"":true},""question6"":{""all_correct"":true,""extra_parts"":false,""missing_parts"":false,""wrong_location"":false},""question7"":{""all_correct"":false,""extra_parts"":true,""missing_parts"":false,""wrong_location"":false},""question8"":{""all_correct"":false,""extra_parts"":true,""missing_parts"":false,""wrong_location"":false},""question9"":{""all_correct"":true,""extra_parts"":false,""missing_parts"":false,""wrong_location"":false}}]"
"306996CF7OY3PQZLNZLWR2OSMAW1BS","3U20ZGNLAG0U51KQK3YR7IVUILJD7F","Judge if an objects line-art has missing elements (10 pairs)","Review 10  line-arts and judge if it has/hasn't missing or extra content. (10 pairs)","tactile, image review, accessibility, vehicles","$0.08","Sat Apr 18 07:37:37 PDT 2026","9","BatchId:5385913;OriginalHitTemplateId:928390873;","1800","1296000","Sat Apr 25 07:37:37 PDT 2026","","","3GFK2QRXY2VWNVW89FO55QANCVKW5L","A7D1G6VBRTJMJ","Rejected","Sat Apr 18 20:43:10 PDT 2026","Sat Apr 18 20:46:29 PDT 2026","Sun May 03 20:46:29 PDT 2026","","Sun Apr 19 07:44:32 PDT 2026","Thank you for your time. Unfortunately this submission did not pass the embedded gold-standard checks; this task requires very careful attention to detail.","199","46% (11/24)","46% (11/24)","46% (11/24)","Train","https://tactileeval.s3.us-east-1.amazonaws.com/family_datasets/Vehicles_and_Flight_Systems/Train/Natural/8.jpg","https://tactileeval.s3.us-east-1.amazonaws.com/family_datasets/Vehicles_and_Flight_Systems/Train/Tactile/8.png","","Train","https://tactileeval.s3.us-east-1.amazonaws.com/family_datasets/Vehicles_and_Flight_Systems/Train/Natural/9.jpg","https://tactileeval.s3.us-east-1.amazonaws.com/family_datasets/Vehicles_and_Flight_Systems/Train/Tactile/9.png","","Train","https://tactileeval.s3.us-east-1.amazonaws.com/family_datasets/Vehicles_and_Flight_Systems/Train/Natural/10.png","https://tactileeval.s3.us-east-1.amazonaws.com/family_datasets/Vehicles_and_Flight_Systems/Train/Tactile/10.png","","Train","https://tactileeval.s3.us-east-1.amazonaws.com/family_datasets/Vehicles_and_Flight_Systems/Train/Natural/11.png","https://tactileeval.s3.us-east-1.amazonaws.com/family_datasets/Vehicles_and_Flight_Systems/Train/Tactile/11.png","","Train","https://tactileeval.s3.us-east-1.amazonaws.com/family_datasets/Vehicles_and_Flight_Systems/Train/Natural/12.png","https://tactileeval.s3.us-east-1.amazonaws.com/family_datasets/Vehicles_and_Flight_Systems/Train/Tactile/12.png","","Train","https://tactileeval.s3.us-east-1.amazonaws.com/family_datasets/Vehicles_and_Flight_Systems/Train/Natural/13.png","https://tactileeval.s3.us-east-1.amazonaws.com/family_datasets/Vehicles_and_Flight_Systems/Train/Tactile/13.png","","Train","https://tactileeval.s3.us-east-1.amazonaws.com/family_datasets/Vehicles_and_Flight_Systems/Train/Natural/14.png","https://tactileeval.s3.us-east-1.amazonaws.com/family_datasets/Vehicles_and_Flight_Systems/Train/Tactile/14.png","","Train","https://tactileeval.s3.us-east-1.amazonaws.com/family_datasets/Vehicles_and_Flight_Systems/Train/Natural/15.png","https://tactileeval.s3.us-east-1.amazonaws.com/family_datasets/Vehicles_and_Flight_Systems/Train/Tactile/15.png","","Train","https://tactileeval.s3.us-east-1.amazonaws.com/family_datasets/Vehicles_and_Flight_Systems/Train/Natural/16.png","https://tactileeval.s3.us-east-1.amazonaws.com/family_datasets/Vehicles_and_Flight_Systems/Train/Tactile/16.png","","Train","https://tactileeval.s3.us-east-1.amazonaws.com/family_datasets/Vehicles_and_Flight_Systems/Train/Natural/17.png","https://tactileeval.s3.us-east-1.amazonaws.com/family_datasets/Vehicles_and_Flight_Systems/Train/Tactile/17.png","","[{""question1"":{""all_correct"":true,""extra_parts"":false,""missing_parts"":false,""wrong_location"":false},""question10"":{""all_correct"":true,""extra_parts"":false,""missing_parts"":false,""wrong_location"":false},""question2"":{""all_correct"":true,""extra_parts"":false,""missing_parts"":false,""wrong_location"":false},""question3"":{""all_correct"":true,""extra_parts"":false,""missing_parts"":false,""wrong_location"":false},""question4"":{""all_correct"":true,""extra_parts"":false,""missing_parts"":false,""wrong_location"":false},""question5"":{""all_correct"":false,""extra_parts"":false,""missing_parts"":false,""wrong_location"":true},""question6"":{""all_correct"":false,""extra_parts"":false,""missing_parts"":true,""wrong_location"":false},""question7"":{""all_correct"":false,""extra_parts"":true,""missing_parts"":true,""wrong_location"":false},""question8"":{""all_correct"":true,""extra_parts"":false,""missing_parts"":false,""wrong_location"":false},""question9"":{""all_correct"":true,""extra_parts"":false,""missing_parts"":false,""wrong_location"":false}}]"
"306996CF7OY3PQZLNZLWR2OSMAW1BS","3U20ZGNLAG0U51KQK3YR7IVUILJD7F","Judge if an objects line-art has missing elements (10 pairs)","Review 10  line-arts and judge if it has/hasn't missing or extra content. (10 pairs)","tactile, image review, accessibility, vehicles","$0.08","Sat Apr 18 07:37:37 PDT 2026","9","BatchId:5385913;OriginalHitTemplateId:928390873;","1800","1296000","Sat Apr 25 07:37:37 PDT 2026","","","37FMASSAZ55GBGTCL8B37L177GIBI4","AM8EV600ZP69X","Approved","Sun Apr 19 00:37:41 PDT 2026","Sun Apr 19 00:42:17 PDT 2026","Mon May 04 00:42:17 PDT 2026","Sun Apr 19 07:44:32 PDT 2026","","","276","86% (32/37)","86% (32/37)","86% (32/37)","Train","https://tactileeval.s3.us-east-1.amazonaws.com/family_datasets/Vehicles_and_Flight_Systems/Train/Natural/8.jpg","https://tactileeval.s3.us-east-1.amazonaws.com/family_datasets/Vehicles_and_Flight_Systems/Train/Tactile/8.png","","Train","https://tactileeval.s3.us-east-1.amazonaws.com/family_datasets/Vehicles_and_Flight_Systems/Train/Natural/9.jpg","https://tactileeval.s3.us-east-1.amazonaws.com/family_datasets/Vehicles_and_Flight_Systems/Train/Tactile/9.png","","Train","https://tactileeval.s3.us-east-1.amazonaws.com/family_datasets/Vehicles_and_Flight_Systems/Train/Natural/10.png","https://tactileeval.s3.us-east-1.amazonaws.com/family_datasets/Vehicles_and_Flight_Systems/Train/Tactile/10.png","","Train","https://tactileeval.s3.us-east-1.amazonaws.com/family_datasets/Vehicles_and_Flight_Systems/Train/Natural/11.png","https://tactileeval.s3.us-east-1.amazonaws.com/family_datasets/Vehicles_and_Flight_Systems/Train/Tactile/11.png","","Train","https://tactileeval.s3.us-east-1.amazonaws.com/family_datasets/Vehicles_and_Flight_Systems/Train/Natural/12.png","https://tactileeval.s3.us-east-1.amazonaws.com/family_datasets/Vehicles_and_Flight_Systems/Train/Tactile/12.png","","Train","https://tactileeval.s3.us-east-1.amazonaws.com/family_datasets/Vehicles_and_Flight_Systems/Train/Natural/13.png","https://tactileeval.s3.us-east-1.amazonaws.com/family_datasets/Vehicles_and_Flight_Systems/Train/Tactile/13.png","","Train","https://tactileeval.s3.us-east-1.amazonaws.com/family_datasets/Vehicles_and_Flight_Systems/Train/Natural/14.png","https://tactileeval.s3.us-east-1.amazonaws.com/family_datasets/Vehicles_and_Flight_Systems/Train/Tactile/14.png","","Train","https://tactileeval.s3.us-east-1.amazonaws.com/family_datasets/Vehicles_and_Flight_Systems/Train/Natural/15.png","https://tactileeval.s3.us-east-1.amazonaws.com/family_datasets/Vehicles_and_Flight_Systems/Train/Tactile/15.png","","Train","https://tactileeval.s3.us-east-1.amazonaws.com/family_datasets/Vehicles_and_Flight_Systems/Train/Natural/16.png","https://tactileeval.s3.us-east-1.amazonaws.com/family_datasets/Vehicles_and_Flight_Systems/Train/Tactile/16.png","","Train","https://tactileeval.s3.us-east-1.amazonaws.com/family_datasets/Vehicles_and_Flight_Systems/Train/Natural/17.png","https://tactileeval.s3.us-east-1.amazonaws.com/family_datasets/Vehicles_and_Flight_Systems/Train/Tactile/17.png","","[{""question1"":{""all_correct"":false,""extra_parts"":false,""missing_parts"":true,""wrong_location"":false},""question10"":{""all_correct"":true,""extra_parts"":false,""missing_parts"":false,""wrong_location"":false},""question2"":{""all_correct"":false,""extra_parts"":true,""missing_parts"":false,""wrong_location"":false},""question3"":{""all_correct"":false,""extra_parts"":false,""missing_parts"":true,""wrong_location"":false},""question4"":{""all_correct"":false,""extra_parts"":false,""missing_parts"":true,""wrong_location"":false},""question5"":{""all_correct"":false,""extra_parts"":false,""missing_parts"":true,""wrong_location"":false},""question6"":{""all_correct"":false,""extra_parts"":false,""missing_parts"":true,""wrong_location"":false},""question7"":{""all_correct"":false,""extra_parts"":false,""missing_parts"":true,""wrong_location"":false},""question8"":{""all_correct"":false,""extra_parts"":false,""missing_parts"":true,""wrong_location"":false},""question9"":{""all_correct"":true,""extra_parts"":false,""missing_parts"":false,""wrong_location"":false}}]"